iteration,swarm,particle,feasible,violation,annual_carbon_offset,NPV_over_CAPEX,clearance,sp,p_rated,Nwt,wind_MW_per_km2,solar_MW,surface_tilt,surface_azimuth,b_P,b_E_h
1,0,0,1,0.0,-409032.765785438,-2.6215974111573805,70.36948543200572,314.4302986195871,14.041450641074658,29.51974323486036,4.812893194050142,139.80199922133153,39.38284901364233,203.5063800469248,193.45929689018527,17.803894677727996
1,0,1,1,0.0,-13723.506073945468,0.9042708117774634,97.0897541890931,284.6231871604647,13.520668416408984,46.65184872316975,1.6393245237809824,44.81198094926192,1.8196557696293147,199.95719073287628,160.06821517097308,35.32043733688549
1,0,2,1,0.0,-43817.44115531554,0.6562859367161121,117.64801764560404,327.8653702746758,11.922190433793977,40.123812932890495,2.064469832820399,138.78657362567907,12.901795866814176,206.68013502297504,113.9326979150129,18.92782983965885
1,0,3,1,0.0,-46234.48452013537,0.6072692190189455,39.101117331508966,323.87739030947466,11.842254983248228,30.579527699089184,1.1691082039271963,134.9980345028991,55.088615045017924,187.01603981248542,189.87465413263234,28.545530767725403
1,0,4,1,0.0,-168541.14218745695,-2.291762888434052,49.54586906311646,269.9251126078946,15.464467938908973,7.7101462233171425,7.0009004390110094,144.00843783508708,18.934430496645682,157.7355778592912,76.7771031663531,17.093587753934415
1,0,5,1,0.0,-17163.4284716617,0.6937987765256858,72.72164474596676,270.17624215397126,19.825607570888394,9.592016483661263,2.8798908048535123,57.422618040449365,58.77974929188586,165.19749615238692,103.93593911413514,12.7993213120577
1,0,6,1,0.0,-23049.524596845837,0.5888506458329671,27.48665420100717,217.66002258628882,14.844943841979102,11.21823281068762,2.7692412551204812,92.6832790123639,73.88939068631416,155.82607654758368,170.8300833497847,7.45954268418267
1,0,7,1,0.0,-11258.609433087624,0.9437122308788679,117.41054115147354,274.9841922636323,19.651416322855056,32.218048388527066,7.653372214584715,36.66192468323452,25.45262663187686,157.21179367279012,73.30523555398608,8.274197882352786
1,0,8,1,0.0,-253232.20184928307,-2.020996431231133,44.97814973333736,266.2820791223472,5.962212445231765,36.16124537165089,6.099413087859176,75.11621345970572,47.09232481200297,155.6364306455065,123.67036920011228,37.45466311274371
1,0,9,1,0.0,-277709.7410491877,-3.651955651920411,45.0425847696456,306.7856607941891,6.976967936065883,37.23472418533545,3.60465483652481,61.14253154120986,52.78616413290749,151.20645277124962,169.20920525912535,4.169037142931694
1,0,10,1,0.0,-40694.34436599555,0.8209359461980531,84.55981904758531,243.20127571074636,16.027910331838925,48.29848453028472,3.238778291679622,127.94674685103227,53.28377381446551,184.33511434745242,60.154693875311295,38.29896441461146
1,0,11,1,0.0,-312841.58777211106,-2.023300976344006,59.18379164793901,335.42538759538047,15.492189129762565,18.384662788481016,8.324180377322296,97.40597594398739,79.29928774000454,184.8763723581515,178.7123651338735,28.931137242799572
1,0,12,1,0.0,-37684.48190486391,0.781129915410524,89.77797078016046,280.21190110827234,19.34125452084836,33.97955896533368,4.814695437023618,133.08684640174715,1.7273878478400173,168.09448900047295,138.8312367486833,14.442793859575985
1,0,13,1,0.0,-187395.60564737616,-2.0814454249564873,77.98169718987256,268.6029921513226,7.032110963336754,18.422704668021385,6.129684196311384,130.44836941218944,51.689272396462094,189.19204919142803,137.378588600304,19.531063675623063
1,0,14,1,0.0,-46760.294001318456,0.7089194516047895,108.62012554361694,258.8098992076634,11.537973878984403,45.13655097570525,8.255745901414771,149.66105920186226,9.0204198581071,205.1689568246804,148.56343391884005,39.95849223644319
1,0,15,1,0.0,-48191.00477149555,0.23813970168586268,26.43931351237931,338.90016917891427,7.437394020145622,32.70018039277299,2.1143798456449736,174.16139898477985,72.65870628525096,184.1460443168756,93.29299350067994,6.490011836384969
1,0,16,1,0.0,-47999.90706039738,0.7333646017409776,86.71716504590201,272.56682922849103,15.830833992055219,43.987204666788315,9.779693545025973,175.48656820674387,1.0542675766501775,171.59868386870184,151.39830123633044,10.178668381411859
1,0,17,1,0.0,-78517.11518723721,-1.8621418402640637,67.31402668245423,208.69407813428057,7.999947873446001,5.833480750727629,8.143279330216785,68.06719697026463,31.08165126272124,205.68487760793545,146.7945923462359,5.146201463127083
1,0,18,1,0.0,-262091.85989557815,-2.6125502911883984,28.116357214770403,299.43654423996213,13.658428829062514,15.705176961852889,9.407925981323144,134.37421251420233,48.20695227224625,185.39459858127427,151.42196531301855,15.230019837265667
1,0,19,1,0.0,-374216.2090546161,-3.3952148789579937,53.80431684377011,233.57499983601954,7.792895088205043,47.496757549277014,7.655957155443588,113.37799746498641,20.46731651759909,165.26138890622357,30.44524885829761,19.638998520092347
1,0,20,1,0.0,-13550.314588680792,0.7337688320281813,44.297547019351285,311.4149582104735,10.666277589387214,13.082165490183566,1.222108555521981,41.43243734875226,61.14534961487106,177.2218106733627,116.58425799957,36.28016654945232
1,0,21,1,0.0,-50926.2266931143,0.538664231784961,118.93728421363748,234.70351750375585,14.946173046501512,16.84950695317178,1.1858589951915581,158.92437115214403,28.801543574022105,173.00783365031387,125.89708043964903,33.917744388502854
1,0,22,1,0.0,-55030.51989967197,0.5697731103165662,79.18800279502636,339.62410487158326,9.103130522234537,40.91210752606537,2.6707234987535697,191.9745816852306,61.87394487490337,162.9304606268135,190.52670628800635,30.310809043725683
1,0,23,1,0.0,-33074.565820797485,0.23708877351606583,37.93358068545284,234.12991637879713,12.773010708959948,6.154822312453921,2.8672306789699844,102.19652968775607,33.6752982300803,177.81452546188865,69.97316713305175,25.124236472494076
1,0,24,1,0.0,-27648.37269713729,0.5059723820422909,105.02411665155546,218.8050969539253,12.760686607311712,10.943064785531899,7.451737130733343,97.33014947723994,50.88791806726581,160.99679017284473,46.0725966818079,21.570026103362366
1,0,25,1,0.0,-413513.4194947471,-2.1868030692716793,49.11740116349512,350.46911124045005,16.479878807104477,38.68986289327463,9.133477657713401,44.181814025143154,49.69732229301659,185.06856413734613,193.1485481385012,14.51731096453176
1,0,26,1,0.0,-310141.9477640665,-3.5492278858262947,36.49116579069915,216.04703076247966,5.246444443872113,46.828819255648575,7.02924891931819,163.4759950439334,25.355709517855416,185.1846099711796,31.5119479017766,21.482593453646423
1,0,27,1,0.0,-54160.012770681016,0.6236763061443139,117.52446537188915,340.2408392506545,10.072384277552684,48.27065695436743,3.0853146382408405,191.38419981066585,84.72399342358487,197.9521552411435,133.4806286360224,35.474366798498096
1,0,28,1,0.0,-101132.87531132114,-1.2074800647439634,42.23223129585764,335.83096885006694,14.268150378762858,5.595658599150477,4.1251016613899765,55.183946361188056,88.36464508364278,178.70221842239928,109.53044578975928,27.02101059035405
1,0,29,1,0.0,-22307.88377254787,0.7449331206873221,50.544306674257925,221.90404346969584,17.331765997913685,13.543156035624108,5.601870842918104,68.13389492570568,8.806003604463065,201.731491045301,195.12550802416345,38.59004769026801
1,0,30,1,0.0,-20253.37403339372,0.3095476979964578,109.72110491432969,323.84757323178223,9.997177280429629,8.649562549459855,4.665170542724266,69.47980416906026,11.923887128218468,153.20563090720952,150.60698555790418,4.4113885105011175
1,0,31,1,0.0,-97357.08509928854,-0.6046803796624003,94.76388233530538,223.51146326406,6.192831238801336,9.032136540737241,7.04843026618523,71.71242567498362,37.84855200120886,183.44212747943502,174.8992112891829,30.17359345760782
1,0,32,1,0.0,-157896.04072131417,-2.4942472115063317,39.736069576258615,221.03724788658042,5.8306148063179695,18.57193855164241,3.3590633431571044,107.54389635608155,61.49532019929124,191.73752673833144,71.03339238479,17.677370412404336
1,0,33,1,0.0,-248940.42104662018,-2.9832035977912454,29.926605791059334,326.16728196904296,5.852721146498604,36.36487587762443,8.00825856346993,162.15928551428803,23.348030791081943,172.42878827595368,125.76793433535002,13.821588487280813
1,0,34,1,0.0,-115199.05467233784,-0.8772732792561139,50.79380791396776,231.52868482970234,11.897838256340112,7.007553556435134,8.198162961135562,43.082595987727565,46.695163394837344,168.40860597271177,123.95773078964758,38.539600270003305
1,0,35,1,0.0,-43179.75333704798,0.6364004344668325,81.01272689016042,205.65798972087856,11.456036592620919,27.95075835432126,5.825597452331068,145.83672680265244,24.983648795858947,157.7316339279792,90.68162177847698,38.43060602065416
1,0,36,1,0.0,-348203.64729260525,-2.198719255492118,30.58439809259292,344.6374327885179,13.157089251159896,25.561013974059463,8.938372692069006,107.96267350065959,65.17508729503889,173.94151930218612,182.7279907221724,28.840900726884186
1,0,37,1,0.0,-19321.554299903648,0.8631444317393231,86.95842596755683,252.43526424913904,16.351679641053337,33.62274749512136,3.160182460417386,57.291599822493595,71.67523270655985,207.54999618211335,102.46498890680772,25.275429951652658
1,0,38,1,0.0,-46227.14262456444,0.7382358143405079,104.349490861291,273.1557525366171,19.278117152491042,30.90880229201926,8.386904086311834,184.50343213016552,73.3971436891712,159.56486780693734,133.20171903110605,18.343633310308377
1,0,39,1,0.0,-53583.10257860964,0.5310328445101645,16.898424722568027,267.8451603023747,8.880261003341115,43.20672387928298,1.2997416389202656,193.0270627167905,31.983196362473667,171.40241342415257,22.93913048306742,10.668363708502621
1,1,0,1,0.0,-310123.87789351307,-3.843288075653898,54.13854508839696,348.6866267684342,6.49422395331907,47.53856900655858,8.825396774919689,107.2076074742838,29.403079359143405,163.9646477567434,130.6036471658374,5.190685293118202
1,1,1,1,0.0,-20476.945518307715,0.44271284488709733,11.716667089151104,268.60731559971805,6.0211111096208025,16.337344471074182,2.9904482381147544,73.04250293288483,11.794970809373197,150.72217337385925,40.78717348497466,26.265289342458924
1,1,2,1,0.0,-23402.666157870783,0.5492797393817264,117.16818340998553,358.45520024974303,11.135811430595924,12.33294917209724,6.7488558162987635,113.35190891328531,89.04687995559883,153.91825242910681,160.98219889648635,14.382345903933782
1,1,3,1,0.0,-334360.97105385095,-2.9441850156188765,36.556048208423135,306.00073144522815,8.690947774864467,34.963660290163446,5.655776654820599,102.09512803409439,49.921902779527706,167.22309119517777,147.1834471291362,18.934847296008307
1,1,4,1,0.0,-178523.17143100858,-0.9959967894893583,49.66001165344815,332.5851063289181,18.87450367929788,7.0703289899283615,3.09364293546789,89.24829281373576,73.34698314332226,209.12948565859784,194.41490684066332,36.578140439797366
1,1,5,1,0.0,-107550.89633262798,-0.7087220652350801,42.62118915704329,358.72179894631586,8.741300615846768,9.76577696970045,9.558573499498547,69.68144342957638,62.07914385699754,153.50138153883532,151.52763784294572,35.74192764401823
1,1,6,1,0.0,-399987.3857686198,-2.9022449502161876,39.968058501255875,260.6491033723886,10.61444274981374,38.69547158930599,3.1402651828513495,59.21502683809931,40.43624838189643,168.26810444263918,171.05404200655744,12.558705736562995
1,1,7,1,0.0,-440157.33589401457,-2.089871872300169,65.26284032381875,350.81337595166883,14.509965466169911,44.028023245810914,9.461887204192905,157.63002652067985,62.961755420227625,208.07793399625362,198.9921421365823,20.265580576111347
1,1,8,1,0.0,-48037.615356685696,0.37686840554440904,17.79567560026292,246.847045030483,7.285320585315957,23.78688686582053,2.181603956259304,132.70002668354994,34.45272532420687,203.7231530572926,194.20304092373033,23.687856460099198
1,1,9,1,0.0,-379759.1515433162,-2.802808625788889,40.230592685435624,294.75686700189385,18.451417373366148,23.303000562608673,5.968704490227737,76.1809704930448,40.989973450502426,174.10281212277593,64.71442371493478,22.2111898177111
1,1,10,1,0.0,-414797.1603258446,-2.5316509013820623,44.14189085777926,259.6855782209196,12.874556633813963,38.77677603180444,4.0015671921214775,187.1069903255298,77.60866921523122,152.9214177585317,65.6556543662281,20.06087845573127
1,1,11,1,0.0,-454665.68044919526,-1.8205415546866057,21.50906776167215,255.75615824535953,16.10146288426524,35.623151651427165,6.601459857094044,150.78982846279877,18.443131826373158,170.50188689188394,141.72364680994332,35.652451469127776
1,1,12,1,0.0,-31051.54247443637,0.507762460607989,69.80458592109048,245.23194415128586,5.453528870089739,36.965157303839604,1.0709569315759633,93.35544186956923,47.74834931065036,205.32668770603158,36.10901810592202,18.613923590858214
1,1,13,1,0.0,-17920.052677436102,0.7674407259543181,12.674451968117355,254.81775749465444,14.333465882596924,17.558057670286928,2.8877495469007157,49.66954966560592,51.94262196183076,191.71620035428117,140.95228530724802,38.15899674593827
1,1,14,1,0.0,-366502.4505009386,-2.871220372546011,10.297353528285297,303.5514646230458,14.005883556464592,31.493282448662967,9.664932878562182,32.86818447290675,62.68341876313051,198.8207189821118,111.76529539188515,16.022735305485128
1,1,15,1,0.0,-15266.219717272803,0.8294091381835239,96.99241795501455,215.55886810118795,11.630534565948878,28.39785685568772,7.245607698410928,45.45057444550961,20.498355138407486,174.61809376140752,132.19304114362353,35.93058812382703
1,1,16,1,0.0,-66520.73395683186,0.7470348415086813,78.07087850655141,221.3538353495895,19.708701991809235,44.23035806399718,5.524486850307916,186.79915690542762,48.72427143814222,205.3983640733498,169.38152634860177,38.858310770594706
1,1,17,1,0.0,-26780.473275818847,0.6246057810980847,111.17610918559743,205.7654107885711,7.6215800624140995,22.51106046955336,9.569284275658788,81.00491631090803,14.442087949884094,203.1782799651936,100.35099478697653,36.68352139675574
1,1,18,1,0.0,-116839.32352365978,-2.1693908811156133,27.625351295215758,305.77880184129594,11.603956292442376,8.441904606362844,7.268168301872505,72.05778844165613,3.5653970321565955,153.59665789497438,30.99413667202172,36.67838646946142
1,1,19,1,0.0,-62601.793335774615,0.5189063418026546,91.38723096120111,343.6899771541976,15.08873466944782,28.80229680638974,3.7400172791264046,199.6535827258745,32.59701530454504,178.23893695283456,88.08413148622311,39.26296945607651
1,1,20,1,0.0,-167319.1798955927,-2.056317396852199,29.212422393450634,252.47808014529275,15.205229990225023,7.844342825238379,6.465244366103869,111.19990548899074,25.559997908589096,164.30479685544347,112.61229379377622,17.24539289933349
1,1,21,1,0.0,-30269.41612781273,0.632367051657822,60.21718803889209,253.9963810822784,19.55740540393966,11.004774428552182,1.8712355786053678,88.37659389445574,53.19242107834421,189.5505883110017,91.50621449024757,39.97400778119816
1,1,22,1,0.0,-408410.00262446783,-2.479843736181411,48.70822958123468,315.4250668735924,14.563740417961894,41.58742384613573,9.78603097108438,181.26492159574184,68.81057769219377,191.89490866909745,80.38967054166193,9.316680815441465
1,1,23,1,0.0,-389877.8191459287,-2.4714055196655402,16.889960336579072,238.70427267223758,11.484222217719479,28.48983231334921,7.957751986493845,192.9859569196208,10.558843234632992,156.42024841162748,126.14505014243913,30.834330662102545
1,1,24,1,0.0,-18834.567535850383,0.8150450556309421,103.29654183816834,349.73313283468616,19.75139363390963,22.991076150103666,4.423016651748158,55.1274750385363,61.64409948152035,189.40571750645023,175.1712672532173,7.501287812355063
1,1,25,1,0.0,-130908.47710981703,-1.276334846080912,64.7554598607876,292.9731087475301,8.623355600598776,12.606143275812258,8.736227527776594,39.95093678004499,42.35588135262656,156.95004007805312,102.27057703964613,39.278643748323134
1,1,26,1,0.0,-152611.9218144638,-1.501813241032521,56.60769888010201,337.13998680073075,6.759733462747908,17.206343454283886,4.634134666006011,97.96806380158623,60.42451308031378,170.68308764253047,148.47803631380293,27.01072837211413
1,1,27,1,0.0,-161285.71139903934,-2.6156348738523296,53.90772597802504,269.0816204246911,14.217915497154811,8.151898556509009,8.401660645201213,141.0815973893183,65.37082179760517,182.21538006494342,39.885879978514055,18.581282078690197
1,1,28,1,0.0,-42763.14285446811,0.32857169857890073,54.59109411334117,251.3668784069147,5.44925487357124,38.17644091684148,1.9880601225625063,133.07238261766446,63.28957468204942,188.08717937602168,192.6456053560355,7.71873358306499
1,1,29,1,0.0,-27592.705751481346,0.7368930824760174,105.38838750157191,204.67043757582613,13.023752823906259,23.190962807266644,5.717654743543823,92.06697910020166,17.151022344606126,151.1473738469214,113.26696648241138,34.339967056654324
1,1,30,1,0.0,-13783.029278764743,0.5130318711858858,51.05375513192736,235.65821088239684,6.207980052077661,8.838991540341652,2.9925680166349498,47.00239035666438,23.853572852803385,153.9689677270173,31.808876097786616,34.825942466420145
1,1,31,1,0.0,-21969.415978982284,0.8082329583851103,27.833228677971654,289.5491849317517,16.60183316673546,25.538430440257997,2.3803199007341114,63.931344160419435,38.96857856530627,181.69404535071214,82.89925256873627,32.13326560844781
1,1,32,1,0.0,-302941.60152219713,-2.7480419724567495,92.61238137420384,348.35388917969885,5.434288235404408,45.306108104459156,4.533119096159359,179.32332421459898,62.17062985408766,209.2409254244381,156.67084130900025,17.123606535884317
1,1,33,1,0.0,-228804.88380230835,-3.299705735047403,65.11694901182273,260.2222648310962,10.473677540318572,16.74070247214769,5.463732658361226,145.8957906617914,24.960624417471916,181.4627886646332,41.12845295070029,9.754430326750887
1,1,34,1,0.0,-80820.69426967531,-0.6759655883936113,15.148699018340762,355.31703084330127,5.057905272653916,13.036098562594534,6.515800778052931,43.8328318050619,79.3706852787149,193.1772094705373,193.95019485882082,22.274879700667537
1,1,35,1,0.0,-415504.8288611014,-2.31438169137892,43.044405147433594,287.92009164724345,18.9622807594696,28.434264675883725,3.4048632867608677,179.15779415960034,33.47268736612152,150.08300099993994,64.58330404861687,15.456406330374246
1,1,36,1,0.0,-44968.93370898845,0.5734073206101935,104.46552150550923,273.3605067306312,11.668809317169512,20.124601987994932,8.926103107423717,190.65455207986653,89.27012962391665,172.6044760176592,193.90654021289083,32.507664506712445
1,1,37,1,0.0,-149920.9034576474,-1.0657674469259386,84.32580624086935,239.1823167072159,8.246858914163147,12.472152103456054,9.304809492028289,79.99303260513824,40.77848209039906,179.63747003923342,160.07088718104575,34.392458615908865
1,1,38,1,0.0,-16996.30571873809,0.9225897084384395,25.29799712634741,268.3046976337718,17.642823317531857,41.81149875901273,1.9217238260717475,56.58516930755371,27.377882243946704,154.52154414500043,96.43934051130672,7.874237385384949
1,1,39,1,0.0,-54713.81298012709,0.1386335527337448,72.50393530368295,239.449110369785,13.946495980244341,10.288653930663695,9.7829548157668,188.53540465574787,35.26172447081992,164.53071564756513,65.0716783136431,21.402167267286114
2,0,0,1,0.0,-399518.25804195955,-2.5775369627784634,56.2012637305478,320.6890873717528,13.656322856101585,27.97506604948034,5.592492922202922,149.75208712605613,50.832061161538164,201.0189088872524,200.0,20.525163915128893
2,0,1,1,0.0,-27678.88943109768,0.8255578192600006,80.37242534920158,316.6231871604647,12.666067661717316,50.0,1.9657053081424505,78.81198094926192,19.819655769629314,198.86983048703,196.06821517097308,28.12043733688549
2,0,2,1,0.0,-55689.102600448496,0.4605922065257745,100.53394822043268,302.4045278333217,12.236769255260002,31.123812932890495,3.864469832820399,160.08488952259475,30.901795866814176,210.0,149.9326979150129,14.024981386471996
2,0,3,1,0.0,-47739.265804833645,0.623090805564726,61.101117331508966,295.73238457778183,13.72784297081752,31.711816763465944,2.9691082039271963,139.91176024385695,51.06999598383712,184.92377472910258,179.67417907271798,23.764638672577025
2,0,4,1,0.0,-257555.27498807013,-2.5529088194600695,71.54586906311647,264.8903615309739,12.464467938908973,15.51864398762006,6.397656613879483,157.81223562707828,28.174107060897526,169.7355778592912,112.7771031663531,18.027382440469758
2,0,5,1,0.0,-30462.29855656227,0.6630477291685036,83.66675085934241,302.17624215397126,17.715063150501976,18.59201648366126,4.386010644686381,91.42261804044936,43.21328441347474,177.19749615238692,113.53120174603691,17.364912493750666
2,0,6,1,0.0,-187726.29384842972,-2.295384437615613,48.00513945500881,249.66002258628882,13.418710662253734,9.871485382867805,4.212204425735656,121.38386336370785,55.88939068631416,167.82607654758368,200.0,8.62609802291839
2,0,7,1,0.0,-22821.40280417229,0.8156139144447677,95.41054115147354,283.632514883194,16.651416322855056,28.59998978149997,6.533096197060953,70.66192468323452,42.24442804600387,169.21179367279012,109.30523555398608,15.474197882352787
2,0,8,1,0.0,-323341.03315798164,-2.6011435280110997,66.97814973333736,295.057145207978,8.962212445231765,32.11307052949094,6.5004122061503695,84.3244610446259,48.92439758170717,167.6364306455065,113.3619020064964,30.25466311274371
2,0,9,1,0.0,-273395.0980188709,-3.6789231801211306,43.23528605120225,306.1768489044013,6.760118487437471,38.089583803952046,3.9100013398897877,61.05587887152597,62.029235423036695,153.3523966753304,164.24117390412357,4.0
2,0,10,1,0.0,-420472.2120776815,-2.329185393517525,62.55981904758531,275.20127571074636,13.027910331838925,39.29848453028472,4.638735600389606,93.94674685103227,43.34672785429469,180.89255569070824,96.1546938753113,31.098964414611462
2,0,11,1,0.0,-381998.0356458089,-2.5021601442694994,64.84564734889942,303.42538759538047,13.65664545251754,27.384662788481016,6.524180377322296,83.41188685476001,61.299287740004544,172.8763723581515,178.724637236527,21.731137242799573
2,0,12,1,0.0,-38532.29891946223,0.7739337860383565,87.10302513417278,293.80019314988306,16.34125452084836,41.205195827717354,3.2641649918829696,129.08369206746823,19.727387847840017,156.09448900047295,174.8312367486833,9.536947789844216
2,0,13,1,0.0,-163529.11329976685,-1.9256820267147297,55.98169718987256,282.958417091453,6.302138908900179,18.859117638840168,4.50340262891488,96.44836941218944,46.67671823795362,177.19204919142803,157.4804076859508,17.510254805190424
2,0,14,1,0.0,-376970.72749266,-2.253999487425359,86.62012554361694,290.2906673725957,8.537973878984403,39.32629270305281,7.205107364727704,115.66105920186226,27.0204198581071,193.1689568246804,160.85824249331623,32.75849223644319
2,0,15,1,0.0,-42627.494854679986,0.22305581208085218,19.650249340228378,336.00147013694357,5.821438720133186,32.00448311688495,2.1031088707589234,140.16139898477985,54.908563828868466,172.1460443168756,129.29299350067993,9.963883112542891
2,0,16,1,0.0,-404171.1182586596,-2.6363687757697134,75.44025907381221,284.1059089923576,12.830833992055219,34.987204666788315,7.979693545025973,141.48656820674387,1.7775159844699806,161.4690240750887,146.90105068451788,13.456447993284481
2,0,17,1,0.0,-163589.96984341458,-2.7531845922058276,53.022101756921444,240.69407813428057,9.086601964286697,14.83348075072763,8.542494828562461,44.54921379062384,49.08165126272124,193.68487760793545,146.93495657576955,5.731390001959653
2,0,18,1,0.0,-252114.65489419762,-2.613017504735427,50.1163572147704,313.94587244355745,10.658428829062514,20.63672575549103,10.0,100.37421251420233,58.409841019698526,173.39459858127427,155.62561201932613,15.03834964710258
2,0,19,1,0.0,-285692.7185195167,-3.5798604244624554,36.50297937829433,265.5749998360195,6.6232339140586385,38.496757549277014,5.855957155443588,79.37799746498641,38.46731651759909,162.50488401969733,66.44524885829762,12.438998520092348
2,0,20,1,0.0,-20820.679064105356,0.6769285595376524,47.63525433639044,287.6040754848542,9.83649531638078,17.133224690789085,1.0,67.52608263170703,55.86032343131757,165.2218106733627,140.17985134807546,29.08016654945232
2,0,21,1,0.0,-38289.04267766877,0.6305568681344033,96.93728421363748,266.70351750375585,14.034798765766828,20.75152171090661,2.805418818152788,124.92437115214403,46.801543574022105,161.00783365031387,161.89708043964902,26.717744388502854
2,0,22,1,0.0,-347423.04491374694,-2.3981253037875123,57.188002795026364,342.5948235682363,6.712525455283565,45.16895436378314,4.433612964377183,200.0,58.16680928806298,150.9304606268135,198.49368494457576,23.110809043725684
2,0,23,1,0.0,-187854.13216059643,-2.394548608702878,41.41240005299815,266.12991637879713,9.773010708959948,15.15482231245392,3.4501755811629127,75.50399462765449,44.55895290424355,165.81452546188865,105.97316713305175,17.924236472494076
2,0,24,1,0.0,-251173.68764785302,-2.8349697400276312,83.02411665155546,241.02640004318278,10.30836669232435,19.9430647855319,5.651737130733343,80.65094923725853,56.38186691733397,163.14193395494,82.07259668180791,14.370026103362367
2,0,25,1,0.0,-386369.5266537661,-2.7911318100815783,41.630786605942504,318.46911124045005,13.479878807104477,35.21636003085398,7.333477657713401,45.095233021601786,48.018501423463,173.06856413734613,195.7049032784774,10.043342168605605
2,0,26,1,0.0,-240418.4517896502,-3.2865691799379895,44.11218373301167,248.04703076247966,5.006757103804876,37.828819255648575,5.9414065686102,129.4759950439334,43.355709517855416,182.63876566882345,67.51194790177661,14.282593453646424
2,0,27,1,0.0,-341767.2407143664,-2.3639257284806874,95.52446537188915,310.754892583819,7.153170846944475,39.27065695436743,3.5735870548121476,166.24148549567428,66.72399342358487,185.9521552411435,153.815404992239,28.274366798498097
2,0,28,1,0.0,-191098.4321706743,-2.0664559502654187,39.42733647780628,324.5066309706384,11.268150378762858,14.595658599150477,5.024471272312444,66.2560165481406,70.36464508364278,170.16102401271309,145.53044578975928,19.82101059035405
2,0,29,1,0.0,-380345.259339075,-1.884445091567431,38.165685650006864,253.90404346969584,14.331765997913685,22.543156035624108,3.8018708429181043,75.15607989778621,26.806003604463065,189.731491045301,199.8259691376247,33.24254362808963
2,0,30,1,0.0,-146516.1752203824,-2.7986755431724966,87.72110491432969,341.3432150880439,6.997177280429629,17.649562549459855,4.612999844571441,82.34054903925868,29.923887128218468,150.0,156.66615701563043,4.0
2,0,31,1,0.0,-148791.22423170903,-1.3449388405097202,72.76388233530538,255.51146326406,5.983516008376661,18.03213654073724,5.24843026618523,58.34287660692574,43.97085010799147,171.44212747943502,194.31880277307775,22.97359345760782
2,0,32,1,0.0,-177882.7440029348,-2.664411838605474,49.27476774852944,253.03724788658042,8.83061480631797,15.85016085707324,3.8078278562606456,73.54389635608155,71.16424510125962,179.73752673833144,107.03339238479,11.093306619921286
2,0,33,1,0.0,-332651.02010675485,-3.5535270835236212,22.15213274009519,296.039862369269,8.852721146498604,34.458434521954736,6.509609736844657,128.15928551428803,41.34803079108194,162.0287203506942,161.76793433535002,6.621588487280813
2,0,34,1,0.0,-189286.7676727901,-1.4885117267893,34.11484929366149,228.47417897781224,8.897838256340112,16.007553556435134,6.398162961135562,64.7334391769042,44.92791400354011,160.08692312581965,159.9577307896476,31.339600270003306
2,0,35,1,0.0,-292968.80254865915,-2.224927300232309,59.01272689016042,237.65798972087856,8.456036592620919,26.303326473192485,4.025597452331068,136.28876918447813,42.98364879585895,158.27802743266065,126.68162177847698,31.23060602065416
2,0,36,1,0.0,-359204.27328524675,-2.5680871273861228,49.17148894561838,315.9080498429615,10.157089251159896,33.84069331232794,7.138372692069006,73.96267350065959,53.8396534514392,169.5078717046196,190.35773194535452,21.640900726884187
2,0,37,1,0.0,-24428.428023904413,0.7988396558155442,76.38287036520421,265.90060485344947,13.351679641053337,36.09619729759191,4.960182460417386,68.55764881492014,53.675232706559854,195.54999618211335,138.46498890680772,18.07542995165266
2,0,38,1,0.0,-41150.72466980548,0.7511509166972218,82.349490861291,297.2985196523909,16.278117152491042,38.364135499388055,6.586904086311834,150.50343213016552,55.3971436891712,152.94490184121588,169.20171903110605,11.143633310308378
2,0,39,1,0.0,-42426.9417454816,0.34663282096463005,38.89842472256802,299.8451603023747,5.880261003341115,38.984305775930146,2.708374203492425,159.06686734338905,42.10119954757518,159.40241342415257,58.939130483067416,4.518860730751165
2,1,0,1,0.0,-369943.9631284729,-3.101637903763042,43.81640958731314,360.0,9.49422395331907,50.0,9.399014781869793,95.58788986320246,38.178627463255566,175.3662357744319,130.56146941408173,12.390685293118203
2,1,1,1,0.0,-248957.64901711576,-3.084482309412507,33.7166670891511,287.093906422324,9.021111109620803,25.337344471074182,4.790448238114754,39.04250293288483,20.3176931261055,162.72217337385925,76.6620247168337,19.065289342458925
2,1,2,1,0.0,-22088.065209802204,0.6985390369025314,95.16818340998553,360.0,14.135811430595924,19.905985021674816,8.548855816298763,79.35190891328531,71.04687995559883,165.91825242910681,149.84687023739264,15.202330435045695
2,1,3,1,0.0,-375821.8011874032,-3.0727636703756236,29.912542074943858,319.01589575196914,11.690947774864467,36.15855861637491,4.5359097968728825,68.09512803409439,53.968304916873095,168.21738184273804,154.08708603477731,11.734847296008308
2,1,4,1,0.0,-322104.48385583394,-1.8944149832346715,42.26064550266167,318.9310943502977,17.95162102137665,16.070328989928363,4.89364293546789,61.462672888164235,55.34698314332226,197.12948565859784,200.0,29.378140439797367
2,1,5,1,0.0,-217001.29892292066,-1.6146419755798624,58.63264447895935,352.9089244386965,10.814662064162981,18.76577696970045,9.196377856149192,35.681443429576376,47.94050580336614,165.50138153883532,178.99538315004932,30.828578355898777
2,1,6,1,0.0,-422010.68004398776,-2.4049019476020828,35.18094356024313,292.6491033723886,13.61444274981374,39.61806645767422,4.940265182851349,59.62794752838906,58.43624838189643,177.62156917727802,200.0,14.309573316581039
2,1,7,1,0.0,-452133.91482912365,-1.8803788017530976,63.106741162316716,330.0146481276905,15.644503587774556,44.054553562934736,10.0,169.4359117694195,70.3596530950461,204.7288734623593,200.0,20.757951567050313
2,1,8,1,0.0,-308726.6929199532,-2.5867579692456846,39.795675600262925,278.847045030483,10.285320585315958,23.01852432657391,3.9816039562593044,158.68968403578148,47.08261127759036,201.94785847310484,174.20455715985614,18.17117378169661
2,1,9,1,0.0,-417214.4696907776,-2.1781826124951698,38.573632593726174,326.75686700189385,19.32874668893222,32.30300056260867,5.09517520804344,110.1809704930448,54.41833904675235,176.15509635512075,100.71442371493478,16.095074243260896
2,1,10,1,0.0,-435081.97657614975,-2.054903802621524,66.14189085777926,291.6855782209196,13.973671588293506,45.10375623112551,5.801567192121477,187.81201159758535,78.62507738741199,164.9214177585317,101.6556543662281,22.91161260661301
2,1,11,1,0.0,-454907.70165598264,-1.7988363826280136,28.034677649186467,235.76342116680686,15.665598411844563,31.43284297661736,7.412657706281874,160.33499090892903,28.096687278815367,178.3403486882099,155.57092656524526,40.0
2,1,12,1,0.0,-42727.564260893094,0.3236824333285988,47.80458592109048,234.94508567066504,5.0,34.95397040208984,2.8709569315759635,127.35544186956923,45.62124605545032,193.32668770603158,72.10901810592202,25.813923590858213
2,1,13,1,0.0,-424429.0121215404,-2.156465331143721,13.405463753785899,258.52403174479366,17.333465882596926,26.558057670286928,4.687749546900716,83.66954966560593,33.94262196183076,179.80800904841018,128.3946288381552,33.24598359373463
2,1,14,1,0.0,-436042.11948392814,-1.9095787588399147,10.150831777592465,271.5514646230458,16.327571979285594,40.49328244866297,10.0,66.86818447290675,44.68341876313051,186.8207189821118,142.2894720042777,20.14350990576575
2,1,15,1,0.0,-407378.8261191874,-2.044780819788762,74.99241795501455,247.55886810118795,11.891442503535869,33.100971173274516,7.292223362373763,63.94440189493763,8.042201202871123,168.674410899251,148.95448525110757,37.62840974707426
2,1,16,1,0.0,-60793.93124683086,0.7184471919947237,56.07087850655141,242.85985818853453,16.708701991809235,43.818481700565336,7.162631438352229,172.91515160779426,44.97012462214695,195.55436555578402,166.21586389135845,37.29795557255754
2,1,17,1,0.0,-32426.296902231403,0.6617145610934243,89.17610918559743,227.4338077430701,10.6215800624141,25.216131368693247,7.769284275658788,107.25240923533569,4.50059118272155,198.8918467406731,136.3509947869765,33.713425522792825
2,1,18,1,0.0,-290118.75463320425,-3.198052684094668,25.771090649944842,273.77880184129594,14.603956292442376,17.441904606362844,7.000543944080499,98.84858962994632,21.565397032156596,159.33338881059507,29.577711231746346,34.01526123304326
2,1,19,1,0.0,-439769.42689286754,-1.9798167129881836,69.38723096120111,311.6899771541976,15.640992344935688,35.63893718853982,5.540017279126404,165.6535827258745,35.0904865883809,177.8739264368714,124.08413148622311,39.47988089159601
2,1,20,1,0.0,-320821.3483172502,-2.432486749438523,21.705316125654846,250.88755585759367,15.277413111417877,16.84434282523838,7.8447002226384015,145.19990548899074,14.821596098615064,159.9783180890749,148.61229379377622,21.016632825898473
2,1,21,1,0.0,-40252.13588035622,0.5524790790631257,38.21718803889209,261.8228962392423,16.754616305279256,13.54999023761132,2.1302019205659395,122.37659389445574,35.19242107834421,177.5505883110017,98.77638639787355,40.0
2,1,22,1,0.0,-418866.40218727704,-2.5132057862172235,26.708229581234683,283.4250668735924,13.831421423223919,38.31097468748127,7.9860309710843795,149.1414013609105,50.810577692193775,179.89490866909745,116.38967054166193,16.516680815441465
2,1,23,1,0.0,-416445.33904139,-2.1153925219425584,15.997807609234426,242.19309498546684,12.790551524251072,29.469178255727577,7.243189061008425,158.9859569196208,10.015244708261791,165.28950744583176,159.05439222711354,35.74026514118386
2,1,24,1,0.0,-30448.270115011648,0.7686680712683638,81.29654183816834,317.73313283468616,16.75139363390963,31.991076150103666,5.876705387240775,89.1274750385363,43.64409948152035,182.34854249185105,139.1712672532173,14.701287812355062
2,1,25,1,0.0,-250698.92627306044,-1.9466089022931294,67.53914630491845,278.39872922458545,11.623355600598776,18.647369985693203,7.7318073498578554,49.261496658039384,24.35588135262656,168.95004007805312,134.3851080192652,33.13337202192281
2,1,26,1,0.0,-236306.34395427993,-1.8174413468502295,45.43166037624747,305.13998680073075,7.180333811483921,26.206343454283886,6.434134666006011,131.96806380158623,42.42451308031378,165.40399648999033,149.42772611935177,34.21072837211413
2,1,27,1,0.0,-317099.2029322308,-2.8182421359788816,31.90772597802504,272.76096346778934,15.348713934422536,17.15189855650901,7.859665417642805,149.52948907574478,47.370821797605174,170.2435687684697,75.88587997851405,24.909833562433896
2,1,28,1,0.0,-404654.5820010419,-2.9751704212236505,32.59109411334117,247.29216724122952,8.44925487357124,42.903684458307495,3.057466931738593,162.6284283090163,45.28957468204942,176.08717937602168,156.6456053560355,14.918733583064991
2,1,29,1,0.0,-37117.771076642784,0.7311678107516312,91.25978788630485,236.67043757582613,13.75976234695869,32.190962807266644,7.313237382859975,126.06697910020166,10.48882421835139,154.0282523668156,124.92830019488272,32.968586958382204
2,1,30,1,0.0,-198387.43595977998,-2.3040099418639923,44.33215718724431,267.6582108823968,9.207980052077662,17.838991540341652,4.79256801663495,65.88651264690819,27.301175598925,165.9689677270173,67.80887609778662,36.091625550095564
2,1,31,1,0.0,-427441.83901880344,-2.1691370041853264,10.0,257.5491849317517,16.149502436156503,30.13952192474472,4.011392422296417,97.93134416041943,38.18015599923552,185.55913883271222,100.35490702347593,39.33326560844781
2,1,32,1,0.0,-362606.71162558056,-2.7949761190017943,70.61238137420384,316.35388917969885,8.43428823540441,36.306108104459156,6.333119096159359,181.39471755263634,44.17062985408766,197.2409254244381,143.77395446745507,24.323606535884316
2,1,33,1,0.0,-307495.9114887466,-3.1235018034275295,47.148044062430756,278.15315884562574,13.473677540318572,18.53340104767578,6.963440358239123,159.06217069620834,30.57953715681894,182.00906150030414,77.1284529507003,16.954430326750888
2,1,34,1,0.0,-203849.41862840697,-1.853226182381064,23.153611315880205,323.31703084330127,8.057905272653915,22.036098562594532,6.571099765070074,77.8328318050619,61.3706852787149,181.1772094705373,157.95019485882082,27.33216210315912
2,1,35,1,0.0,-453504.8453885825,-1.6400498933137737,43.63545809375718,276.0115313270106,19.39168804193992,36.75190224620871,4.127755404939204,187.6772325497799,21.305008593667317,162.08300099993994,100.58330404861687,22.656406330374246
2,1,36,1,0.0,-42670.707831182175,0.6921370439319003,88.38707720740828,271.7976537622137,14.668809317169512,29.124601987994932,8.476362014546494,156.65455207986653,71.27012962391665,165.24099925597415,157.90654021289083,32.440998880676716
2,1,37,1,0.0,-284332.9575643805,-1.7875432357510717,62.325806240869355,263.46123856451703,11.030673656024767,21.472152103456054,7.504809492028289,77.00237141293093,22.77848209039906,174.002012393254,149.43567950224752,38.93554873059198
2,1,38,1,0.0,-450386.08444161306,-1.594908582724675,28.981715616888724,278.4048763445866,17.190953282529083,46.23111183278282,3.721723826071748,85.1692263649322,23.401958964590754,156.20920244765577,132.43934051130674,14.31535902625425
2,1,39,1,0.0,-357430.8574038817,-2.58116624592846,52.93574067902747,259.71445737845585,15.335494112887648,19.288653930663695,7.9829548157668,156.92233370871628,17.26172447081992,173.80057364157713,101.0716783136431,28.602167267286113
3,0,0,1,0.0,-399026.4042814145,-2.668820666106,63.43930162330412,349.1486910797332,12.483583158261702,36.97506604948034,7.392492922202922,121.81617961587399,38.38511929541146,189.0189088872524,164.0,19.74375091780094
3,0,1,1,0.0,-38287.53922411127,0.6832022044488808,59.742548977943876,348.6231871604647,9.666067661717316,49.899159245848516,2.5138728217197936,109.4065040309101,37.819655769629314,186.86983048703,166.86946257534748,20.92043733688549
3,0,2,1,0.0,-367468.80369019863,-3.3969763109956124,78.53394822043268,285.1932094071945,9.236769255260002,35.153435300109415,5.664469832820399,145.67644482393828,42.716688918481694,198.0,153.69569877438664,7.981354003305877
3,0,3,1,0.0,-397670.8798774651,-2.787769042129723,74.80928349359571,311.3695869613446,10.72784297081752,40.71181676346595,4.769108203927196,105.91176024385695,33.06999598383712,172.92377472910258,143.67417907271798,16.564638672577026
3,0,4,1,0.0,-290484.24140370655,-2.913644866651856,75.2474365782185,261.64790961834257,9.464467938908973,24.51864398762006,8.197656613879483,140.69625002997998,35.119163578680826,170.0486954305129,147.11275026869365,10.827382440469759
3,0,5,1,0.0,-379172.55578902696,-2.9543522529567774,61.666750859342415,334.17624215397126,14.715063150501976,27.59201648366126,6.186010644686381,119.47325024437912,25.21328441347474,182.22142176995303,120.44143605166256,16.18494758818363
3,0,6,1,0.0,-249608.20191170307,-2.7700002120131013,70.00513945500882,281.66002258628885,10.418710662253734,18.871485382867803,6.012204425735656,127.94832390555939,37.88939068631416,171.31960463712124,186.80673391498217,8.943014559545343
3,0,7,1,0.0,-376421.32858308486,-2.916257158661604,79.65768253533294,306.68655847892,13.651416322855056,26.92886752047265,6.1039468934471275,104.66192468323452,39.79193488118113,175.41152871003024,144.028107184006,15.751795027182581
3,0,8,1,0.0,-379234.75122217194,-2.785336363774428,80.76420458005637,327.057145207978,10.684871712268748,37.93651862053939,8.30041220615037,99.75300530263415,31.182134323994404,172.89881777408925,124.76642195921161,23.05466311274371
3,0,9,1,0.0,-330171.14258951927,-3.8685126885354317,58.86416559449482,323.21437050868997,6.835131218780697,46.64743077206279,4.543794473856254,95.05587887152598,54.66534593954065,161.8984603788009,128.24117390412357,4.979509273605861
3,0,10,1,0.0,-353421.7945624033,-2.8490630176357383,40.55981904758531,307.20127571074636,10.027910331838925,33.3473543202965,5.778404823165108,76.58018697429605,26.536940521120346,168.89255569070824,132.1546938753113,23.898964414611463
3,0,11,1,0.0,-371518.9218940012,-3.0259833683727906,63.20338386623076,316.2716947290375,10.65664545251754,36.384662788481016,7.772555508517069,87.28878510236632,43.299287740004544,162.1144302099524,155.93067553242582,14.531137242799574
3,0,12,1,0.0,-405327.5645124294,-2.457392303529432,65.10302513417278,321.79682530295435,13.34125452084836,46.45110428678555,5.064164991882969,120.15867018316666,32.270593876224666,151.33408280140654,138.8312367486833,4.425110973028457
3,0,13,1,0.0,-219360.8489495155,-2.4662130676756178,55.98534779381163,307.49531781614854,6.384588441264212,27.859117638840168,6.3034026289148795,115.67782385503159,28.676718237953622,168.47476681293372,140.36922227467085,17.265242314971903
3,0,14,1,0.0,-240941.85581362862,-2.209099163971189,64.62012554361694,322.2906673725957,5.537973878984403,37.59215111148128,6.56787593587777,84.73946806386117,41.14800856264496,181.1689568246804,152.67420057307692,25.55849223644319
3,0,15,1,0.0,-277573.30739368417,-3.769687155575201,41.65024934022838,347.27483009471723,7.988089910073634,31.85512316783078,3.6647157846053213,129.15554821612383,36.908563828868466,160.1460443168756,113.92362718210288,4.731964563245203
3,0,16,1,0.0,-378452.53126339096,-3.2092206657589726,62.576122549506934,300.51173537827447,9.830833992055219,43.987204666788315,6.763401870556793,107.48656820674387,19.777515984469982,154.8244799623629,138.21774565384968,6.708683262279477
3,0,17,1,0.0,-200044.44466459152,-3.160358592044288,43.66201719513171,272.6940781342806,7.131780804558547,23.83348075072763,8.957204399249907,78.54921379062384,34.601402439100426,181.68487760793545,144.45715149186432,5.697669594948446
3,0,18,1,0.0,-269391.5853364189,-3.2039891734632886,49.29913908771645,332.8158934792938,8.45257620850305,29.63672575549103,10.0,92.6556076230008,40.409841019698526,172.50988060871097,151.62556689079543,9.606724749160588
3,0,19,1,0.0,-254392.6667288614,-3.407116739778175,58.50297937829433,295.5484105824509,5.77857039354032,38.100127473410744,6.783853717354014,112.84820133941787,31.861671011018224,162.77516786372573,102.44524885829762,8.733612507554064
3,0,20,1,0.0,-29883.468562893897,0.564104485077964,56.89560866516076,279.72539436249065,7.368287955180327,26.133224690789085,2.8,97.56249909045818,37.86032343131757,156.86999475211704,142.68487166574687,21.88016654945232
3,0,21,1,0.0,-362474.88645023707,-2.81820479640748,82.89977486389049,283.3774281877514,11.034798765766828,28.94381126095857,4.605418818152788,105.79099477899243,44.723198372246394,157.56336291524954,133.29904062884822,19.517744388502855
3,0,22,1,0.0,-277992.36416909413,-2.5159122874031667,38.39158415384614,351.7606855139717,5.032558250667955,49.33600663976751,6.2336129643771825,166.0,40.16680928806298,150.88527766801974,194.2726560067413,15.910809043725685
3,0,23,1,0.0,-201262.6363741089,-2.742757395127183,58.69050107282633,298.12991637879713,6.773010708959948,24.15482231245392,3.8688266787419576,96.4731360922828,37.40099719999832,155.36213281867816,141.97316713305173,10.724236472494077
3,0,24,1,0.0,-248042.33816296916,-3.312954289421898,61.02411665155546,270.90545951503,7.30836669232435,28.9430647855319,6.1871161548127365,87.44333634354918,54.30778450931439,165.50493190592283,118.07259668180791,7.170026103362367
3,0,25,1,0.0,-372075.5677524222,-3.1103654783580135,52.93354141590258,332.6925873737808,10.479878807104477,44.21636003085398,8.842380540293723,64.3534228872353,39.56045246127829,174.89194889922155,163.2296583874206,8.26345018971809
3,0,26,1,0.0,-249491.55723989676,-3.477486833740733,51.02785262231595,268.40533152419187,5.294709245730691,40.77973384898235,7.741406568610199,95.47599504393341,35.97021722612299,170.63876566882345,103.51194790177661,7.082593453646424
3,0,27,1,0.0,-271119.5642109797,-2.65568524893616,73.52446537188915,307.76590205056317,5.0,44.71227702492536,5.373587054812147,132.24148549567428,48.72399342358487,173.9521552411435,133.23834653685466,21.074366798498097
3,0,28,1,0.0,-218237.03760587552,-2.666577022126069,52.30175624768843,343.5635339404101,8.268150378762858,23.595658599150475,6.824471272312444,86.71963025102215,52.364645083642785,161.67747843505393,158.49846834958032,12.62101059035405
3,0,29,1,0.0,-37165.959505881954,0.6544104593682527,50.22765872729504,285.9040434696958,11.331765997913685,31.543156035624108,2.8570505346509076,109.15607989778621,41.06368348632054,177.731491045301,163.8259691376247,26.777173827414977
3,0,30,1,0.0,-153115.10643597163,-2.9742958932702606,65.72110491432969,359.1910006025797,5.0,26.649562549459855,5.671636689253438,99.44551502956948,41.72003424043994,151.4723499251954,143.3652165775963,4.067883547641894
3,0,31,1,0.0,-196056.95437404755,-2.309804800616463,50.76388233530538,287.51146326406,6.157423626507484,27.03213654073724,6.560748439640882,60.44675194422757,35.49184857197108,159.44212747943502,158.31880277307775,15.77359345760782
3,0,32,1,0.0,-240533.58699308918,-3.440377186267521,57.42871262859325,285.0372478865804,9.06586476201925,24.101819707127472,5.607827856260646,52.649067017230536,77.86027168628218,167.73752673833144,143.03339238479,4.0
3,0,33,1,0.0,-345870.941955113,-3.6392810756284564,44.15213274009519,328.039862369269,10.160633339580109,37.60418116069659,8.070861568948713,94.15928551428803,49.377678749481994,155.78431588490758,157.1829698045195,4.0
3,0,34,1,0.0,-186765.12786117225,-1.9183968830359655,24.469526576905537,260.47417897781224,5.897838256340112,25.007553556435134,7.610276308385538,91.71569685876632,37.60304117479896,155.26886926444132,147.8011961952909,24.139600270003307
3,0,35,1,0.0,-206649.50753914486,-2.003103000990492,41.392128914278096,269.65798972087856,5.456036592620919,28.96857089339471,5.825597452331068,116.18325550590745,42.58590837427159,159.7644625883744,155.57458663923828,24.03060602065416
3,0,36,1,0.0,-324494.7256073903,-2.934183330692609,64.5392242742247,321.3805462760664,7.157089251159896,42.84069331232794,7.995261341259591,69.2202482272807,44.95463635306731,162.891967674956,188.02626113495208,14.440900726884188
3,0,37,1,0.0,-398235.6428889395,-2.908988001618706,55.222045638195446,297.90060485344947,10.351679641053337,45.09619729759191,6.7601824604173855,102.55764881492014,35.675232706559854,183.54999618211335,157.0381865765927,10.87542995165266
3,0,38,1,0.0,-423107.11556277314,-2.319855956981456,86.49025460091296,329.2985196523909,13.278117152491042,42.394057735448236,5.924869859069615,116.50343213016552,37.3971436891712,158.24896533637315,185.17778252600257,15.313825413156259
3,0,39,1,0.0,-296701.877710973,-3.946618656832002,48.69483201339563,322.3439114811433,6.485808042559111,41.73431100594153,4.5083742034924255,134.37013476967437,40.397293741605324,157.8383505074954,94.93913048306742,4.0
3,1,0,1,0.0,-402383.44006542774,-2.7105897537921377,34.664668757536134,333.1466251322021,12.49422395331907,41.0,7.599014781869793,129.58788986320246,36.54990375023267,167.28182553389271,145.09439212362798,15.376990361330693
3,1,1,1,0.0,-381297.25105023023,-3.0646131505972485,37.83474178465479,283.81750596398336,12.021111109620803,34.33734447107418,6.251058011418094,73.04250293288483,24.802009106223284,173.77875340759005,106.90303319786204,14.54596196794635
3,1,2,1,0.0,-394086.34446466324,-2.482726761176007,73.16818340998553,328.0,15.804602658834076,28.905985021674816,9.239887387884599,113.35190891328531,53.046879955598826,157.6528982269672,135.144133797873,22.402330435045695
3,1,3,1,0.0,-408651.4912483812,-2.4775118931420783,14.762419145056676,324.06801313561357,14.690947774864467,36.426343688387746,5.819786662821555,78.26716188709484,35.968304916873095,169.040168656021,157.12631725261778,18.934847296008307
3,1,4,1,0.0,-410961.16652975034,-2.2710112715997233,20.260645502661667,286.9310943502977,17.079775404703188,25.070328989928363,6.6936429354678895,95.46267288816424,37.34698314332226,185.12948565859784,178.54648984158734,25.36716443127887
3,1,5,1,0.0,-374415.73636315286,-2.244349651879681,36.63264447895935,323.2938457186568,13.461342109374819,27.76577696970045,7.396377856149193,69.68144342957638,29.940505803366143,177.50138153883532,170.72494915843308,31.448599622740552
3,1,6,1,0.0,-439465.3201782461,-2.0700981271906773,30.809420491128108,282.94660659871124,16.61444274981374,34.62058742668067,4.422904882980614,93.62794752838906,41.14208479610769,165.62156917727802,164.0,21.50957331658104
3,1,7,1,0.0,-465260.2578435968,-1.669352886389392,41.106741162316716,298.0146481276905,16.563829775017606,42.82853548941648,8.2,150.64541593398354,52.3596530950461,193.06897263142014,183.543749298235,27.957951567050312
3,1,8,1,0.0,-398962.91785744147,-2.653211129790147,44.023066976213116,297.0097277287757,13.285320585315958,27.779462965560263,5.781603956259304,169.30988917095962,29.08261127759036,191.70353494074013,146.5003572372691,25.37117378169661
3,1,9,1,0.0,-440060.6280402818,-1.9531141848562787,17.35806640280613,294.75686700189385,18.253644750602117,35.9030733370225,6.639752242240771,144.1809704930448,47.05989871103128,172.50129187847463,118.07765504008496,23.295074243260895
3,1,10,1,0.0,-446688.3425632235,-1.8454355921198435,44.14189085777926,259.6855782209196,15.997179252667793,38.867736791896824,6.665831062882688,153.81201159758535,60.62507738741199,169.45539183140562,108.78456369849923,30.111612606613008
3,1,11,1,0.0,-456509.71374280547,-1.7686667565115108,25.06625999487989,249.95301597869968,15.779865520568322,34.545015959743054,7.743085357422851,158.8754791118278,24.860231662777636,175.3659307454858,149.46744477410522,40.0
3,1,12,1,0.0,-320071.4056379144,-2.4935804409154945,31.72724841470033,228.4256743895066,8.0,30.206979364127044,4.670956931575963,161.35544186956923,27.62124605545032,181.32668770603158,108.10901810592202,33.01392359085821
3,1,13,1,0.0,-455635.6391236363,-1.6980362261490696,24.779173892569005,253.22381567947198,18.07363184920242,33.27732987927196,6.487749546900716,117.66954966560593,20.232448687906036,170.8393727120655,145.4195637799719,33.481355575825006
3,1,14,1,0.0,-444038.42709205643,-1.9296691804672845,27.811320563358603,243.06266064328474,15.390341588100425,36.7544664862841,8.2,100.86818447290675,26.68341876313051,177.0648072054414,144.01666270104852,26.45708269675024
3,1,15,1,0.0,-443545.96071445855,-1.7994791119385365,59.474075910684924,254.82513590157356,14.72499134499487,33.86877730520219,7.484250501569762,97.94440189493763,18.273079261031135,169.11609876002152,163.5808728107999,39.26818936087679
3,1,16,1,0.0,-449239.38882531057,-1.8924878962987186,35.768201939427826,252.41831642531946,14.210502361201813,34.818481700565336,8.542132340246948,162.10968284543605,31.800340910323392,183.55436555578402,157.5101206435987,39.23061364310826
3,1,17,1,0.0,-45031.15421583733,0.6833795173912653,73.77166694492081,219.67737425330128,13.5604756250555,30.92098169277547,7.871412624761745,141.25240923533568,13.437066582703268,186.8918467406731,149.3829513171278,37.272473077405174
3,1,18,1,0.0,-411125.6932296875,-2.3491660309752125,26.575716118990385,241.77880184129594,16.70481451421934,26.441904606362844,6.871747287553514,132.84858962994633,39.19744789660517,171.33338881059507,65.57771123174635,40.0
3,1,19,1,0.0,-455155.13853127556,-1.728497277969573,47.38723096120111,279.6899771541976,16.04909605178537,37.20527980024661,6.909453218605092,138.67682555994642,31.581695833326194,177.93430327551863,149.2434689677143,40.0
3,1,20,1,0.0,-425058.2020861589,-2.171192944321642,24.443657583214403,239.51667527965043,15.399863977109977,25.84434282523838,8.404422205091805,176.22348734739944,7.891742593201991,171.9783180890749,173.89799199100355,26.77032922628028
3,1,21,1,0.0,-400334.92337818316,-2.1915145737961805,22.38901509545741,233.8176396209324,14.561029137436442,22.54999023761132,3.9302019205659393,156.37659389445574,22.466230790409824,170.098355842329,122.02617831489786,40.0
3,1,22,1,0.0,-438165.46031034546,-2.232867310341016,13.058839284695143,252.66090940796943,15.173225357117783,32.69605958038815,6.18603097108438,143.026394627328,32.810577692193775,170.26011596626066,152.38967054166193,23.716680815441464
3,1,23,1,0.0,-457384.4096819142,-1.7647674668660993,27.80826055898139,242.5144594906478,15.526404820252463,32.18823754097345,7.373175001324808,171.16626670121698,16.460720805431244,173.85588802760114,166.44061701533798,40.0
3,1,24,1,0.0,-421832.69599101285,-2.3409238251910907,61.10695388824124,285.73313283468616,14.010419718033326,38.085645457733975,7.676705387240775,123.1274750385363,25.64409948152035,173.85105974732215,119.78760429090147,21.90128781235506
3,1,25,1,0.0,-410842.73318655335,-2.1480070449180446,45.53914630491845,246.39872922458545,14.170153732927059,27.647369985693203,7.02581764570539,83.26149665803939,12.787988500145737,180.95004007805312,170.3851080192652,29.533712302972983
3,1,26,1,0.0,-385457.5835924334,-2.111756857456193,32.420177906838,273.13998680073075,10.180333811483921,33.10268081966193,8.037628762072806,160.63302931137775,24.42451308031378,165.37940492924054,153.08622051694155,40.0
3,1,27,1,0.0,-421441.7625866708,-2.3109631949285214,15.199377778078123,246.4821414618506,16.2510800300538,26.15189855650901,7.39747195470334,166.55637662249873,29.370821797605174,165.8774259264844,111.88587997851405,32.1098335624339
3,1,28,1,0.0,-428965.6435694444,-2.592613555585755,16.46832722596929,239.68436228279626,11.44925487357124,38.11268097667368,4.8574669317385935,180.60680572116667,31.44772902519751,169.2113919748306,130.20765831961316,22.11873358306499
3,1,29,1,0.0,-47157.953483434714,0.7483580391653084,69.25978788630485,258.327451475551,16.759762346958688,37.88133904761062,8.480197644666374,160.06697910020165,5.9237218917477374,166.0282523668156,160.92830019488272,36.77970026636694
3,1,30,1,0.0,-357706.1860543866,-2.423178093184845,23.594278897772842,259.64729153210874,11.60511474039631,26.838991540341652,6.592568016634949,99.88651264690819,29.718869488415653,177.9689677270173,103.80887609778662,40.0
3,1,31,1,0.0,-458352.008541387,-1.7629450050558348,21.760988215102444,225.5491849317517,15.45232689542828,34.573750619473,5.713552485082706,131.93134416041943,29.500186419033728,178.70051998602156,136.35490702347593,40.0
3,1,32,1,0.0,-375556.5128546718,-2.4562102604940677,48.612381374203835,284.35388917969885,11.43428823540441,28.17033551448074,7.5838935375355065,160.6791124984028,27.04132899330471,185.2409254244381,139.86079719715875,31.523606535884316
3,1,33,1,0.0,-382102.1678583575,-2.960696709242726,25.148044062430756,253.08100898158352,11.839609767683497,27.53340104767578,5.987650028487842,157.90862283443508,31.525412721142555,180.22167710811772,113.1284529507003,21.410251296058604
3,1,34,1,0.0,-359742.2730962137,-2.4944437726583386,29.274894878202726,291.31703084330127,11.057905272653915,29.65637574286596,7.5126777866290935,111.8328318050619,43.3706852787149,169.1772094705373,130.59975910553345,32.05647483484202
3,1,35,1,0.0,-446035.5775882585,-1.8995997158237237,32.23300706308954,244.01153132701057,16.39168804193992,36.153382100188445,5.927755404939203,155.249631300598,33.11032808084869,172.85390965589457,96.13022328770539,29.856406330374245
3,1,36,1,0.0,-46698.27409502741,0.6534529053846508,71.99245653272716,239.7976537622137,12.872061661367729,30.780388966063807,7.302863595698515,142.80138867352713,53.270129623916645,177.24099925597415,154.4476033171915,35.10454046665732
3,1,37,1,0.0,-426570.11591966875,-2.033329836850286,40.325806240869355,251.41356398912407,14.030673656024767,30.472152103456054,6.187879610597662,111.00237141293093,12.869845331552106,174.56352786441312,143.3008205971058,40.0
3,1,38,1,0.0,-436862.9092267829,-2.2004894974361298,31.5177505864268,279.39032756115796,14.92866939743295,37.23111183278282,5.521723826071748,119.1692263649322,21.17149187523201,167.29319668221055,157.61541601775403,21.11074735863194
3,1,39,1,0.0,-437887.3992764764,-2.012918353152841,30.935740679027468,245.84794624244861,16.447002408272848,28.288653930663695,6.1829548157668,137.8972546808453,13.005988356499337,181.43163364237856,137.0716783136431,35.802167267286116
4,0,0,1,0.0,-414647.997468089,-2.4658497297443707,68.41520480980073,317.9438814439172,12.408826084130805,45.97506604948034,6.356321456839048,98.28074709602743,29.320447342016195,178.64919566746823,152.78254131856605,12.543750917800942
4,0,1,1,0.0,-336418.68256239,-3.3660126920166,41.62027129039642,360.0,6.666067661717316,49.724286897679484,4.3138728217197935,127.88254348154985,45.8853960435734,174.86983048703,130.86946257534748,13.720437336885492
4,0,2,1,0.0,-328707.6569031227,-3.893836844553719,56.53394822043268,309.72239696294287,6.943319675445078,44.153435300109415,7.464469832820399,112.92937996851819,31.41626086562424,186.0,148.96020090428127,4.0
4,0,3,1,0.0,-349292.26379395765,-3.561615934572253,66.72444480457776,343.3695869613446,7.72784297081752,49.71181676346595,6.569108203927196,84.11405008377716,15.700217953026424,160.92377472910258,107.67417907271798,9.364638672577026
4,0,4,1,0.0,-246048.19159271236,-3.412195839196455,54.66925273430138,293.64790961834257,6.464467938908973,33.51864398762006,9.776527896389606,106.69625002997998,35.775759166432195,164.07461678586003,145.97128554992597,5.228213308031676
4,0,5,1,0.0,-39750.54278725807,0.5851003252749202,39.666750859342415,360.0,11.715063150501976,36.59201648366126,7.986010644686381,134.4530511995363,13.709927100948027,170.22142176995303,126.52343461369904,8.98494758818363
4,0,6,1,0.0,-245851.11071330376,-3.0425731743578006,75.9577663502163,313.66002258628885,7.4187106622537335,27.871485382867803,7.812204425735656,124.67542205286547,22.734783659313553,168.24606614886946,173.76852181396757,7.532413785509737
4,0,7,1,0.0,-364677.1832450235,-3.389383974292482,59.23948126669973,338.68655847892,10.651416322855056,35.92886752047265,7.228695609091994,128.6331899271298,35.57829322673397,179.40349641360956,152.18649418505464,8.551795027182582
4,0,8,1,0.0,-346594.39518739854,-3.1356495520403067,62.35077009972991,359.057145207978,7.684871712268748,46.93651862053939,9.753042400437833,114.56164965045255,16.55948280494229,168.7464049588287,135.8279460223444,15.854663112743712
4,0,9,1,0.0,-342576.8118262001,-3.853454533702618,69.58667098276155,334.90330295574427,6.886595203373344,50.0,4.9786209292766275,118.38225887152598,49.61320228159852,167.7616583038409,103.54265390412357,5.6515212009486335
4,0,10,1,0.0,-295061.8251960653,-2.925391620060548,60.806614561270614,333.8759053910754,7.027910331838925,38.168745520145386,5.572821882843989,100.95210976242456,44.53694052112034,159.21634683606382,138.8223858644051,16.698964414611464
4,0,11,1,0.0,-347452.0256359811,-3.473747475928386,59.165127454107676,323.0202783223062,7.656645452517539,45.384662788481016,5.972555508517069,88.75392390750439,43.56229747417653,154.9928086212765,147.47356080239905,9.257996681519057
4,0,12,1,0.0,-371153.2803272392,-3.195483448411778,48.65437703983005,342.6596067459054,10.34125452084836,50.0,5.990204309045488,87.59008848156844,50.270593876224666,156.96463012068415,102.8312367486833,4.0
4,0,13,1,0.0,-271830.6063539259,-3.10272722509782,58.99122581705686,331.1011752497602,6.5329071750505685,36.85911763884017,5.282555409394578,115.93343705150339,34.87448573964299,159.64121519258515,113.91538224256456,14.873460636145031
4,0,14,1,0.0,-297524.0601981151,-2.852223178319339,49.06262165348563,297.6302308473094,6.767408245553858,37.85687836533933,4.76787593587777,118.56448406644074,59.14800856264496,169.1689568246804,133.17299006270957,18.35849223644319
4,0,15,1,0.0,-327358.1154430835,-3.984565702440989,63.65024934022838,345.416910839208,8.150013114076119,40.85512316783078,5.464715784605321,95.15554821612383,36.597043982266584,152.64155049657703,104.57325941006661,4.0
4,0,16,1,0.0,-317818.8485640037,-3.5548794175908878,54.046549444751584,320.2437616998765,6.830833992055219,43.84971597795976,4.963401870556793,83.12451586023792,9.556125122417667,155.9878893519348,128.66138049739882,9.13826379878386
4,0,17,1,0.0,-210646.45025821152,-3.3263232467469184,50.050059506715066,304.6940781342806,5.513901483277777,32.83348075072763,8.364711016682032,112.54921379062384,32.18915378665818,171.61257910159284,135.97479118223458,5.403393545769403
4,0,18,1,0.0,-212735.8328594448,-3.5154988711910597,59.94645565450098,341.8425265594433,5.45257620850305,36.483411945651014,8.2,87.71638497218437,38.34228206760916,169.14239879761584,135.95143670869692,4.0
4,0,19,1,0.0,-346991.69113380864,-3.8051390294286063,72.85482440070125,320.62411805342765,7.583970778132398,47.100127473410744,6.539328559541927,129.2771116863218,49.861671011018224,162.29046244754423,66.44524885829762,6.185762009250626
4,0,20,1,0.0,-221304.43909271798,-2.5870064842147626,63.32176812367888,286.28911069791667,5.020048990726009,35.133224690789085,4.6,116.55695526078972,36.49227504844935,152.0859490622787,140.69884180835055,14.68016654945232
4,0,21,1,0.0,-311473.3770603289,-3.416860770467498,60.899774863890485,315.3774281877514,8.034798765766828,35.914897823308024,5.750062107114402,81.29231937245962,51.948844287196685,155.4939821937714,106.71348500103795,12.317744388502856
4,0,22,1,0.0,-307221.0567601416,-3.1669155816352177,51.534656406872685,331.10879510293563,6.057415861919521,45.945507554299276,4.536912826157293,132.0,51.13393211645963,154.0815792158641,158.2726560067413,11.502762684200945
4,0,23,1,0.0,-194354.0184621827,-3.2553670001541897,70.7929818657209,329.3834087483912,5.0,33.154822312453916,4.89350724994585,109.19839343521431,36.752945230117376,157.74793483656654,146.56556538543296,4.0
4,0,24,1,0.0,-348031.96578188264,-3.6459334888967136,72.685630113396,302.90545951503,8.786029817266881,37.9430647855319,4.387116154812737,98.43857451553262,55.571083482547714,160.17460784984107,140.72588578195968,4.877265994005329
4,0,25,1,0.0,-323962.0888294346,-3.859499003616139,61.98318671426813,346.32220828715367,7.479878807104477,45.18478635274716,7.042380540293723,65.42012528103409,57.180069373847175,179.18830112943968,127.22965838742061,5.560023629974564
4,0,26,1,0.0,-333130.6441734185,-4.088578564059238,53.02098613855702,300.40533152419187,6.370028680306355,49.77973384898235,5.9414065686102,113.27684419200145,37.87138954970055,182.04657252023515,67.51194790177661,5.0919249152997095
4,0,27,1,0.0,-278726.6516040567,-3.182413546453376,51.52446537188915,318.6071014190769,5.0,48.128359949297476,4.909447449108951,144.12604594596138,46.79997815524968,169.24867215223355,114.80405312987219,13.874366798498098
4,0,28,1,0.0,-197697.29829291633,-3.1083857589689536,67.67653854313178,338.16323702052654,5.268150378762858,32.595658599150475,5.996656171960551,106.34495155163576,42.13700405735586,156.06370182409543,155.1604063614517,5.640824169852083
4,0,29,1,0.0,-358268.52954584936,-2.966266374408122,61.85329005973752,316.7309848688689,8.331765997913685,39.09641947840749,4.46192211195282,115.10411797409725,42.77515095699654,170.16708611157432,147.20240107795524,19.577173827414978
4,0,30,1,0.0,-196804.40267704477,-3.308112223673832,44.10937247548345,335.5120992069895,5.0,35.64956254945986,5.961385035392466,105.57131773219417,53.19604556209947,156.57924541261383,129.5914936443813,5.325076456042649
4,0,31,1,0.0,-267697.18853884435,-3.43917387737957,40.62445552611524,319.51146326406,7.0814645035288395,36.03213654073724,5.323711841032188,62.14768083090033,53.49184857197108,152.45302009796495,132.32008303144914,8.57359345760782
4,0,32,1,0.0,-266166.82192035875,-3.6296749430009276,64.96439208743797,317.0372478865804,7.631958227178367,33.101819707127476,6.722046040056258,54.485161596800594,59.860271686282175,159.14218747415802,158.89975935678015,4.0
4,0,33,1,0.0,-358969.0731918155,-3.3310697042010364,66.1521327400952,348.8575971811012,9.852948751613722,46.60418116069659,6.270861568948713,71.63707712445499,60.50173065124623,151.5252168485586,147.71988863643367,4.0
4,0,34,1,0.0,-273539.4437315537,-2.854472264549028,46.46952657690554,292.47417897781224,7.092095658854397,34.007553556435134,5.810276308385538,81.57601127255383,46.522472783507794,163.66992456417,131.3540662870019,16.939600270003307
4,0,35,1,0.0,-298726.31191639655,-2.814999219406295,37.54882654507134,299.02606916482296,7.963233854655371,32.43416320606211,4.025597452331068,116.5447563904272,52.75715669006785,159.96617532497035,146.4214372653563,16.830606020654162
4,0,36,1,0.0,-222491.28696682723,-3.22147572681402,53.14924414314001,324.1792520551874,5.0,40.96141686885025,6.195261341259592,77.80583710374465,52.55861477677761,165.02166817017257,152.02626113495208,7.240900726884187
4,0,37,1,0.0,-343841.73150708614,-3.8242813195713534,43.86179969674239,329.90060485344947,7.351679641053337,50.0,7.031011778118073,121.46773738982856,48.96169426266512,171.54999618211335,152.53980308682912,4.0
4,0,38,1,0.0,-385965.18796987634,-2.932038395159798,74.72728032666068,346.79791421112634,10.278117152491042,49.56278015446567,5.417524490448399,85.7138783893267,31.763334470104127,167.1372132797323,149.17778252600257,8.11382541315626
4,0,39,1,0.0,-314811.5927234311,-3.9578440568322093,55.41585316341373,337.7796297023611,6.901255699755402,43.62100709409544,5.743300203492425,117.42644745282594,39.228295085303586,156.7652938622644,119.63765048306742,4.0
4,1,0,1,0.0,-356335.4619215556,-3.320628301608047,27.603871560686343,301.1466251322021,10.179252304792922,32.0,7.765180389202826,163.58788986320246,26.91315844575434,172.1572857587938,157.34608772882885,10.012776410800152
4,1,1,1,0.0,-394907.4304962799,-2.7452518641520998,25.10740244867097,267.1384938651305,15.021111109620803,26.779957418932554,6.6611993915102445,107.04250293288483,28.175895928216683,168.78257908848678,109.78774141213653,21.574601948808052
4,1,2,1,0.0,-442452.6101115523,-1.88955463508642,51.64367741407279,298.52158356937866,16.87493516936921,36.66322223361437,9.035142711697615,147.3519089132853,35.046879955598826,169.6528982269672,139.88370453718753,29.602330435045694
4,1,3,1,0.0,-420459.1740299034,-2.2647275040837913,30.845385261469744,312.1456272628369,16.177096694298687,31.937836833088742,7.212159847247684,103.40449981193643,39.30985387750149,181.040168656021,153.641288177262,26.134847296008306
4,1,4,1,0.0,-424774.27343129565,-2.330141386239936,16.191695469789664,262.8481077615786,14.903238224698166,31.830716223266514,8.2423967059356,129.46267288816424,19.346983143322262,173.12948565859784,150.05300276524844,23.709031613532822
4,1,5,1,0.0,-450828.89650897373,-1.7557827910652235,19.351915915507554,291.2938457186568,16.429964321803283,36.765776969700454,6.161597547966798,103.68144342957638,17.522561687325407,185.9979448032008,160.6247243766219,38.648599622740555
4,1,6,1,0.0,-434343.4756999026,-2.1793650251290315,28.695102732413012,250.94660659871124,14.537550908057641,34.59472987201347,6.222904882980614,123.82471702766202,23.14208479610769,159.70768753693238,128.0,28.70957331658104
4,1,7,1,0.0,-453560.9300024746,-1.936897334169595,59.177277040863494,288.1763470124368,14.143620135893908,42.09410278328258,7.076603986921654,146.37880667892654,52.3606587094381,190.65137499975788,177.97366850508283,27.44389822758068
4,1,8,1,0.0,-440507.08012998395,-2.045785713520363,43.22418703135976,310.18534665972766,16.285320585315958,31.223064577808934,7.581603956259304,176.1636540368661,39.32680572623726,185.71136618909972,180.50574911804497,30.943632135642446
4,1,9,1,0.0,-421705.51099031314,-2.1571792596208557,39.35806640280613,275.5676578959073,16.824694653744544,32.93367057249546,8.439752242240772,110.18097049304481,35.596403444081446,181.20161310708892,92.0953900101654,29.06121149694821
4,1,10,1,0.0,-422725.3170478691,-2.4328438544953648,26.62311870672025,251.42184293355663,13.365808657287616,36.82598146124076,5.9075762925598205,145.2445344552793,59.77465059232658,166.07648264192082,92.78676960313095,26.183857999052744
4,1,11,1,0.0,-461402.5774587237,-1.5926551132856857,37.163866337359586,280.1742784613668,16.568542541477704,42.394819372318416,7.823653502360607,142.34639808408932,33.815094146336364,174.56365183054882,138.7854823581288,37.094260562940164
4,1,12,1,0.0,-384841.25001048995,-2.2984402620156525,26.419314725392823,260.42567438950664,11.0,28.75929572908925,6.470956931575963,180.93122473490251,34.3353791456839,185.87945931626024,144.10901810592202,35.9279915687651
4,1,13,1,0.0,-434891.2278605211,-2.114442515487031,46.73438677149946,285.22381567947195,16.704687239253353,28.88503686040714,7.866286021632046,151.66954966560593,38.232448687906036,182.8393727120655,181.4195637799719,26.281355575825007
4,1,14,1,0.0,-416461.64642464474,-2.168692494409423,48.85846499407963,275.06266064328474,15.96425745671292,28.900612348594137,7.05785182979506,66.86818447290675,31.342252090585536,189.0648072054414,145.40891989411014,30.6480970118954
4,1,15,1,0.0,-445804.5664213914,-1.964130082229077,46.12098331764226,286.82513590157356,13.302292301714804,42.86877730520219,7.604336008156515,117.39275861118348,36.273079261031135,180.2139648186032,168.56404605839063,32.06818936087679
4,1,16,1,0.0,-449693.66319991765,-1.884364380402401,25.513887055180618,275.5852306092634,14.647835281161559,39.149208048434765,9.47250063215242,142.09709272583189,49.80034091032339,184.12569281408912,161.629202049262,34.613463005693234
4,1,17,1,0.0,-46393.11860891522,0.746509903989508,65.32108966661528,251.67737425330128,16.42939167009396,39.92098169277547,8.745230600435299,130.3170115208085,31.437066582703267,198.8918467406731,168.3488834282406,31.137597663261495
4,1,18,1,0.0,-412036.27130925865,-2.381231298745401,29.619924650568542,273.77880184129594,17.203895405977136,24.983876885590803,7.309580553799638,157.8444446989326,57.19744789660517,183.33338881059507,101.57771123174635,34.167535285630194
4,1,19,1,0.0,-469008.4765294779,-1.5850359668143068,61.69624472057039,300.99845949008215,16.53847825842602,41.83935268426861,7.1863584784785655,151.51814193743073,36.07560638008814,189.93430327551863,183.61010559625632,33.6023345450074
4,1,20,1,0.0,-451135.7964137221,-1.929046231053749,35.18509151394929,271.5166752796504,16.866209813916612,34.84434282523838,8.616663389008602,153.5640054384247,25.89174259320199,183.9783180890749,174.67321129360758,23.380854698815995
4,1,21,1,0.0,-448006.665200701,-2.0789184060183845,21.70410678257671,241.53645209414282,14.492444047240873,31.54999023761132,5.730201920565939,175.9171611767146,40.466230790409824,182.098355842329,158.02617831489786,32.8
4,1,22,1,0.0,-461063.614816248,-1.742016859284442,31.039892839473996,284.6609094079694,16.57672906965598,40.13810288146587,7.732571051713224,147.96335687145586,48.54571029767905,182.26011596626066,171.41250111357118,28.553559351944145
4,1,23,1,0.0,-457431.61284786393,-1.7803447395254768,24.81261183118139,274.5144594906478,18.339652446048404,32.49967445843737,8.170410934969283,185.29665311372148,34.460720805431244,185.85588802760114,146.1533186629376,34.58816294889735
4,1,24,1,0.0,-457770.6574576043,-1.749238816364069,47.20494779907682,278.75632514777595,15.64446639201733,42.404950378164855,9.381257420262996,157.12747503853632,21.158933270433543,185.85105974732215,155.78760429090147,28.885616170522695
4,1,25,1,0.0,-458265.89164306776,-1.7943366219570058,28.120367031930115,258.6758842234285,16.050638201072168,36.6473699856932,7.903862693588761,117.26149665803939,18.71024084449198,192.95004007805312,195.6549767449319,26.95838161290868
4,1,26,1,0.0,-454640.14170837705,-1.9133805973264775,29.69398140921212,253.3670960974072,13.180333811483921,39.080125544162556,9.266037011462899,170.1621966537366,38.00389623095922,177.37940492924054,185.68987490767591,32.8
4,1,27,1,0.0,-443201.7981875177,-2.045517383701926,10.0,246.40517417364632,15.800023207990407,35.15189855650901,7.597151077007767,153.56226681357924,47.370821797605174,176.89894670053116,121.63981909301694,27.13054174048048
4,1,28,1,0.0,-454098.35665022413,-1.9469348192389344,14.986548719374518,271.68436228279626,14.44925487357124,43.20831591131431,6.657466931738593,146.60680572116667,46.62301504952564,172.83429273205243,166.20765831961316,25.023114352590166
4,1,29,1,0.0,-472053.1855006338,-1.625643235539182,47.25978788630485,255.59613379722495,14.830529586573379,44.54689531495637,7.318560341315555,168.94061542278797,19.735719848620633,178.0282523668156,173.74818138667203,30.750568011350676
4,1,30,1,0.0,-439712.6009591267,-2.0551107482988344,23.35038924233148,257.6527851691911,14.60511474039631,35.83899154034165,8.39256801663495,125.03905979005134,47.71886948841565,189.9689677270173,139.80887609778662,32.8
4,1,31,1,0.0,-474365.21372620447,-1.487681831318978,39.31220552497537,240.60721849607748,15.688024196147445,43.573750619473,7.513552485082706,129.73186140852368,42.108980849347084,190.70051998602156,168.26616706660295,32.8
4,1,32,1,0.0,-439074.57574549224,-2.178674368644309,49.132762873836604,299.4363719948138,14.177951061936138,37.17033551448074,7.432329749139464,154.17950565265832,33.443711018992424,197.2409254244381,175.1664215623674,26.17752378729088
4,1,33,1,0.0,-395231.3953903626,-3.0568483138897644,47.148044062430756,285.0810089815835,10.521450764215388,36.53340104767578,6.426875389119768,149.55362402389804,49.52541272114256,192.22167710811772,149.1284529507003,15.525334293420396
4,1,34,1,0.0,-440614.72435583407,-2.034137179238217,45.77025566781682,271.2872100387741,14.057905272653915,36.4207681943792,9.03113521530953,145.83283180506191,33.72958281506063,174.95165153384377,161.82671248571157,31.693485186672575
4,1,35,1,0.0,-422914.982045294,-2.2403354668090816,44.14931114361847,276.0115313270106,16.66490737020229,33.825720194629575,4.73242324402569,155.36574308345567,47.92714076977027,160.85390965589457,70.57156987862042,22.656406330374246
4,1,36,1,0.0,-430819.66275150434,-1.9655968917332918,56.62468305862947,271.7976537622137,15.685254027694674,28.34512261765522,9.102863595698516,150.03107337021243,71.27012962391665,189.24099925597415,181.13538464910886,32.849087173466934
4,1,37,1,0.0,-466289.46381637035,-1.5540138007829825,25.817032780576163,283.4135639891241,17.030673656024767,39.472152103456054,7.58453917754657,143.02867964766847,11.641734403810482,184.35599389433852,168.177124325176,38.98858234251735
4,1,38,1,0.0,-428332.57666881103,-2.1864245262880755,40.893212554135985,296.1571972732376,14.674248177912334,31.14620730469411,7.321723826071747,153.1692263649322,35.86979123335727,179.29319668221055,188.36935427237432,27.8191933897734
4,1,39,1,0.0,-401863.3763350809,-2.349719404435422,36.59464267767267,277.84794624244864,16.177582861850237,23.36320919706094,7.9829548157668,150.64747911324986,31.005988356499337,188.7758725539046,126.72584988457605,34.358119674406986
5,0,0,1,0.0,-379999.91581701057,-3.211903295596855,65.06016171593274,300.8933394850883,9.408826084130805,48.518700608133315,5.342168354074012,97.76246025123926,23.690395255412966,166.64919566746823,116.78254131856605,5.343750917800942
5,0,1,1,0.0,-233387.86855802592,-3.5875848654931612,33.05871428522008,345.55452263165273,5.0,42.452996829606086,5.761799497859556,147.2309251497685,47.80327161736083,162.86983048703,94.86946257534748,6.520437336885492
5,0,2,1,0.0,-328376.9634771505,-4.053839240008375,46.46581138696414,314.34179341024185,6.492931619158167,47.957018463994146,5.664469832820399,120.37392998191717,34.43676781165625,181.59338244285283,112.96020090428127,4.0
5,0,3,1,0.0,-232961.30096415672,-3.5189616344446146,46.16701814311371,333.4952133049359,5.199817408539932,40.71181676346595,4.97105556088046,109.64141204849588,33.700217953026424,160.60365123918774,89.9319202397108,8.327057796036136
5,0,4,1,0.0,-272198.0842868302,-3.6675690554661853,48.49991163517677,311.9855266787753,6.883684622796065,36.437766667766134,7.976527896389606,99.7006262235712,42.69144893197079,166.07875785714913,109.97128554992597,6.277576697710453
5,0,5,1,0.0,-348033.7410981072,-3.6638899146387955,31.311220214475167,329.16327716625494,9.190287071234899,38.21340926198811,6.186010644686381,134.45840238151794,25.005466834301146,170.59423215250172,126.09600282866192,7.980728753993022
5,0,6,1,0.0,-322393.5303463915,-3.641224337333544,55.405100255129824,322.51800025087465,7.935087069540515,36.8714853828678,6.012204425735656,130.71445186141008,40.73478365931355,163.2189004507219,137.76852181396757,6.925927068261367
5,0,7,1,0.0,-325112.7412355075,-3.9696301386567847,42.31930980373851,354.8960982645426,7.651416322855056,42.74201647226217,5.428695609091994,129.6441213462358,40.43653441090164,167.40349641360956,138.23934028891372,4.0
5,0,8,1,0.0,-250764.24405870997,-3.446865831445113,50.89573982523805,327.057145207978,5.5360908560396105,41.41898578322805,7.953042400437833,110.9448198690722,34.55948280494229,166.46883412602725,102.02030062930254,9.337732334523798
5,0,9,1,0.0,-331446.5246603705,-3.9879549049769945,56.14625796877077,341.1695359120991,6.70187245597407,48.05292685296162,4.737512821338393,142.03224872159274,35.23114112151637,160.09372354549083,86.516011143856,5.6362509850461935
5,0,10,1,0.0,-250307.10637269265,-2.8629569710626863,64.20432017555717,302.09456528198115,5.0532512231982745,42.08088539139898,4.2634936360911,112.100952370159,54.88999696699659,156.9429697611382,114.84805624747506,15.977635160789236
5,0,11,1,0.0,-340946.87227121973,-3.3882134649894042,50.48617868737006,309.68052166749226,8.510201507476902,36.384662788481016,5.3873655745344395,122.64956444099438,52.40099117313858,166.9928086212765,111.47356080239905,13.711392063311752
5,0,12,1,0.0,-353583.89175396884,-3.6522590175125678,54.96677666639316,352.5854460465651,8.84717131453558,48.097802169400104,4.190204309045488,121.59008848156844,57.17591756359569,153.96644466130235,72.1330087538254,4.0
5,0,13,1,0.0,-312824.8671088891,-3.799093826208013,59.54371917863982,340.50175562285625,6.59803286544099,43.87043619698586,4.180874438411935,140.76051206153502,44.801953842295134,151.66272961072002,77.91538224256456,8.188122907502159
5,0,14,1,0.0,-388955.54381570587,-3.1204637613918904,71.06262165348562,308.9289853081404,9.11763770700128,43.58040629238591,4.841979270978412,141.79473584256732,41.14800856264496,181.1689568246804,136.5579968005949,13.331445295537634
5,0,15,1,0.0,-339457.393722639,-3.6963349593969435,78.59285394022838,344.15499480221706,8.259992860120404,46.96800686783078,6.687292524605321,72.06243201612384,36.38545680532001,150.0,98.22240266087931,4.0
5,0,16,1,0.0,-339507.3820131203,-3.3301184376306514,75.71537707402862,329.987565080298,9.278150157758262,34.84971597795976,4.151764030490966,76.70293734581456,27.55612512241767,157.4754614446855,121.11010431510576,12.304045314346938
5,0,17,1,0.0,-282484.70218709274,-3.8052380288873633,68.7775399058309,336.6940781342806,6.348991594204421,40.98396168737412,6.564711016682032,120.15296237197215,34.12935595065824,159.61257910159284,102.31113788983767,4.663287459028563
5,0,18,1,0.0,-317750.07569459925,-3.9867010286372726,56.059069430105986,350.6448127784676,8.45257620850305,38.3173534399508,8.418740003981704,99.36946048735282,38.546802912015885,167.0640912601924,103.72052769073078,4.389865659172535
5,0,19,1,0.0,-379724.48067061586,-3.17327805998046,50.85482440070125,288.62411805342765,9.626300562513222,50.0,6.912409715779684,95.2771116863218,31.861671011018224,160.52992004118062,61.980195064689404,6.412854205435678
5,0,20,1,0.0,-297540.7130658671,-3.629323503349016,67.94797333354555,318.28911069791667,6.30164401750501,42.99061974216089,6.3999999999999995,115.39995194625612,35.630938204793125,150.0,104.69884180835055,7.48016654945232
5,0,21,1,0.0,-288783.4558328482,-3.82587371861303,73.6035798892105,340.3147595138424,7.184448143074812,37.98218257844164,4.785981867607187,89.66425301422541,50.14461322396704,153.4134057392643,89.4849210741007,5.117744388502856
5,0,22,1,0.0,-317607.502741421,-3.6336599421273204,73.53465640687268,336.1667415343648,7.349334926619263,39.4452143023884,4.238673472599093,129.3541545357859,50.29148771594308,154.25512483092163,123.48881668023154,6.493742196661093
5,0,23,1,0.0,-230379.28053365825,-3.5245904544488726,67.83303398813007,352.27529327598967,7.224399747059455,29.577613866982237,4.768232470263233,86.94035122455261,36.88121903531023,150.34244196458073,133.95050200671645,4.38738110310918
5,0,24,1,0.0,-359366.84404486144,-3.518620703284521,70.76036686760658,334.90545951503,8.99151662792994,45.766130307635315,4.679858323096586,101.5968556258997,37.571083482547714,150.0,131.0439739227535,4.0
5,0,25,1,0.0,-358766.7047695117,-3.044479864275521,70.42667324116925,358.5085065363391,10.479878807104477,38.03000213847546,7.976271593210983,83.90200900732415,63.87687472126905,167.18830112943968,163.2296583874206,12.452436434051563
5,0,26,1,0.0,-343071.1365697693,-4.122682428279729,54.37474095892966,322.14002912419187,7.100395640740887,50.0,4.7188298286101995,125.36734648126634,39.16268347277704,189.79486102631768,43.06041310177661,4.0
5,0,27,1,0.0,-351064.10006229754,-3.791572289492377,73.52446537188915,320.51622909528726,8.0,40.187494921538715,4.493477004658033,163.78330084544695,49.82833498079277,181.24867215223355,87.84116034393747,7.471435455750671
5,0,28,1,0.0,-300107.26715220325,-3.8685764832711698,56.35326727592563,324.31282841292415,6.66788836653615,41.595658599150475,5.99620059877388,112.05540599028524,34.44719109867036,168.06370182409543,119.16040636145169,4.655001041182811
5,0,29,1,0.0,-337429.50396079343,-3.1341269832894167,39.85329005973752,306.55597668896297,6.7547390064457264,46.01569525933703,6.1974761175991135,111.91341796266612,29.22828456400704,182.16708611157432,111.20240107795524,22.347802943522574
5,0,30,1,0.0,-253480.56394918167,-3.688543164017098,39.27949983595873,310.0076944519513,5.525421773730677,41.82024002554856,6.1341173475336355,112.46301808994897,59.082355845624086,168.57924541261383,99.83421937452083,5.9869705903279975
5,0,31,1,0.0,-327806.7731191554,-4.029651052264081,40.06717835608717,319.5370431742648,7.56789080802176,45.03213654073724,4.9832437431176535,77.2245929510095,61.08372800285371,158.5967157323366,96.32008303144914,4.0
5,0,32,1,0.0,-276595.0542028356,-3.7809160060342446,68.35741144999187,324.5227733497677,6.2466367039785595,42.101819707127476,7.458306081491511,77.69465662189073,41.860271686282175,157.53474697655318,122.89975935678015,4.0
5,0,33,1,0.0,-335502.3577488898,-3.938221481667892,67.8946317887441,332.13861894899435,6.852948751613722,50.0,4.830052110452381,90.63150589892817,47.752819914411866,163.5252168485586,111.71988863643367,4.0
5,0,34,1,0.0,-330630.3125704371,-3.610127397580796,68.37436328544665,315.50358665329594,7.083356133576157,43.007553556435134,4.731969819366581,92.11948153509267,47.04738710788995,172.84452081875423,109.95150193615099,9.739600270003308
5,0,35,1,0.0,-35314.732964305666,0.5866064711342324,38.25612406581763,321.0054763261147,8.461039529094005,41.43416320606211,2.962526682495618,115.24952785070879,45.99024187474468,168.2433257630654,110.4214372653563,9.630606020654163
5,0,36,1,0.0,-359862.71192643954,-3.6883843862962067,45.01985927836924,292.1792520551874,7.572469631837471,48.02938659856245,5.460461538550069,111.80583710374465,50.57752958604445,177.02166817017257,116.02626113495208,6.820732396612858
5,0,37,1,0.0,-354818.7522240889,-3.753799058622122,47.417704116804984,322.10762959333596,7.853544041693068,49.258646178127606,5.570599335099713,105.2349077890971,30.96169426266512,183.54999618211335,149.57438188594801,4.055505788936657
5,0,38,1,0.0,-362470.30946621613,-3.526973216406673,62.92956104842756,314.79791421112634,7.278117152491042,50.0,5.612490103376395,119.7138783893267,32.67370476904507,170.75891043245014,113.17778252600257,10.760360146520863
5,0,39,1,0.0,-330692.608726143,-4.049892180781813,59.70044512321323,321.8085972051417,6.693762938319704,50.0,6.855838257474645,102.13707629999458,37.41110022625891,168.7652938622644,83.63765048306742,4.047545777967185
5,1,0,1,0.0,-262304.3276848959,-3.339050743723235,33.92395946656539,333.1466251322021,7.1792523047929215,33.00230596622318,9.338180991009352,129.75536764500663,44.91315844575434,184.1572857587938,175.7473902292258,6.950484521100212
5,1,1,1,0.0,-400429.1042096355,-2.4471163313676283,35.4672631870045,285.7876700175428,12.021111109620803,35.779957418932554,8.291151428532647,73.04250293288483,46.17589592821668,180.78257908848678,145.78774141213654,28.77460194880805
5,1,2,1,0.0,-459303.23296438117,-1.6837837424763433,30.72156353895503,304.66020068323337,16.816111295902584,44.61630090927063,8.16584842282585,132.4236295326882,53.046879955598826,175.5364610456591,175.88370453718753,24.000555643574373
5,1,3,1,0.0,-420004.2061101093,-2.493983994888444,52.845385261469744,299.82417685886713,14.614719299010709,31.36985308546192,5.4376038354112755,137.40449981193643,53.75229173420737,190.53966656088227,180.93671452988175,18.934847296008307
5,1,4,1,0.0,-439234.28969537996,-2.160395983426204,19.823766487671723,279.942349627878,14.341525798987911,40.83071622326651,9.243876391196245,162.75009558562002,37.34698314332226,184.9134402177073,131.57601696251317,25.534249736454964
5,1,5,1,0.0,-454483.71846732975,-1.8669530961480005,41.351915915507554,286.8505243626665,14.49264442235926,39.96957047120767,7.590532130212582,130.82030360530865,32.8533830086389,192.75331575370544,190.2806224354585,31.448599622740556
5,1,6,1,0.0,-433207.86662110256,-2.249819285770744,47.817162108233376,255.74691539399382,11.537550908057641,43.59472987201347,6.920037544171053,91.39445114826103,41.14208479610769,171.70768753693238,164.0,24.189229399743777
5,1,7,1,0.0,-442031.19516478135,-2.0908310487963084,65.88890077023873,320.1763470124368,13.092544704436683,44.65632126071222,8.780235465921727,159.56604425668976,62.41001229758551,202.65137499975788,179.89384567190754,25.8760441949709
5,1,8,1,0.0,-465127.8177170219,-1.628832402822916,41.27433614722631,296.54291154657955,18.122355574757066,37.26962508203137,7.402186489738894,142.1636540368661,31.376510389801595,191.88744220300683,184.85015424338783,30.975873590840894
5,1,9,1,0.0,-430248.83723126433,-2.058205688696776,56.099642602755864,279.98876374224386,17.551855843915398,30.14086726831264,6.639752242240772,108.76920139056679,48.69078348776169,180.22960376192918,128.0953900101654,29.78240921193984
5,1,10,1,0.0,-408531.9441745273,-2.5557719813220072,45.51260037557325,283.4218429335566,11.981424273492284,44.09515414167794,7.70757629255982,179.2445344552793,74.43096009107138,156.5092614240396,66.55152986062652,24.11994293516086
5,1,11,1,0.0,-468827.7544089249,-1.5634290879544188,27.247241736433857,310.90901526343,16.763495341064434,47.11117714952107,7.303152963506676,138.9672767229287,47.31396362415917,186.56365183054882,174.7854823581288,29.993960966788876
5,1,12,1,0.0,-420682.63990228926,-2.299826774443711,44.68876515983243,263.850097862638,14.0,29.84408838620107,8.270956931575963,146.93122473490251,39.46299360250195,187.75951675234745,155.70651461439942,28.727991568765102
5,1,13,1,0.0,-434805.1182853052,-2.234667789752316,24.73438677149946,307.1597036253908,15.820359654733302,32.31976008903631,6.066286021632046,165.92650873499306,47.48267873277234,194.8393727120655,151.75770946141617,29.790750910600227
5,1,14,1,0.0,-423101.87402052584,-2.1211377572658536,42.95295691992424,307.06266064328474,15.907219908097288,37.90061234859414,7.066289097403311,67.69361275746483,49.34225209058553,201.0648072054414,114.9432668895069,28.372982529817083
5,1,15,1,0.0,-413588.0010596689,-2.162699633309955,51.85797181827388,317.85138325215314,12.278587588805223,39.067304153027365,7.8856012390496755,85.72859294905477,53.01549105963013,182.7299895047227,157.9881320814985,35.23060263799649
5,1,16,1,0.0,-462685.0850961546,-1.7421051799252496,37.19785078062276,307.5852306092634,15.655769020573342,45.43691525203681,7.906729668573447,141.71490879002678,43.40525972902107,195.92372141207605,184.7509647933673,27.413463005693234
5,1,17,1,0.0,-432903.02789396513,-2.013557834418422,60.69878013122374,260.1563318703143,15.707097141261704,30.92098169277547,9.045165312159995,96.3170115208085,49.43706658270327,205.6257355020181,161.4931177101369,29.973194698280345
5,1,18,1,0.0,-417340.4248748513,-2.317545524285124,45.39579989077696,302.8179357091891,16.55646259185517,33.9838768855908,7.882234028900346,159.10516760902954,56.317314473487066,183.85959607299662,78.91120775523117,26.967535285630195
5,1,19,1,0.0,-475167.221011783,-1.5584646953332333,72.34034552593575,317.68314558298795,15.991630707739956,42.90038034109577,5.386358478478566,169.06073584859976,38.41507981217689,195.7576778893991,200.0,35.95064988420288
5,1,20,1,0.0,-460469.4279375317,-1.7293582100213605,36.1799497360875,303.5166752796504,16.077171819289834,43.17004446619717,7.375994438736308,130.9604113402463,31.631162592703376,192.14573399351343,176.04424343561035,29.564478859619868
5,1,21,1,0.0,-488734.86958468653,-1.293388399796648,43.70410678257671,241.1244174695001,17.335578823089136,40.54999023761132,4.874217265897257,145.3971440224762,38.57996557904768,182.02110124348965,192.91254850803335,36.82847210237836
5,1,22,1,0.0,-460774.3830378805,-1.7529499094982894,53.03989283947399,314.9727384700998,14.008055988443704,46.23778773046595,8.076192531198547,155.0262311907495,59.48209277436332,192.83392853169718,191.84055683523164,33.923072917812874
5,1,23,1,0.0,-441881.4049691441,-2.0605128006957005,31.012606550172386,296.16262552612665,15.339652446048404,39.94836968946864,7.468157875157018,158.40776209195832,42.94813324639294,188.6296497424419,123.05313519865435,29.869463388894104
5,1,24,1,0.0,-474014.45493887505,-1.4609692009083026,59.19039711187688,285.92755676452816,16.795100844835346,44.18356606534741,7.581257420262996,133.3283704472593,37.755216143761814,190.4935635414834,185.07263267336418,32.275579588276614
5,1,25,1,0.0,-479199.6381243813,-1.3995626711838904,42.96506932107732,255.2239947504449,16.790119647989076,42.455436811665386,8.298162642970128,122.46890134380149,36.71024084449198,190.15316215678078,200.0,32.114936176433524
5,1,26,1,0.0,-468784.7688709372,-1.5464875731187526,50.56788017946013,285.36709609740717,16.030174500141467,39.86427935883591,9.800729826263016,159.42438883585768,31.34255481829169,168.55717245240055,198.9566928596946,37.152153445204654
5,1,27,1,0.0,-461733.95370461966,-1.6605261650342114,32.0,278.4051741736463,16.04972817229727,44.10995702498679,7.2023265229620765,137.49076995311827,46.717341620196194,188.89894670053116,141.9050186798706,32.47489400127313
5,1,28,1,0.0,-452491.2064604355,-2.005316555150703,36.98654871937452,269.59502425267453,11.44925487357124,46.639844333334125,6.703732160911529,142.311358823423,40.96452552459658,184.83429273205243,185.0045496568972,32.223114352590166
5,1,29,1,0.0,-473829.21180963574,-1.7399347251781387,32.317183286304854,253.74099742885147,13.520176753855006,49.07420312141089,6.5295654816527575,174.96767173790641,29.116957312509705,186.17876396681558,182.45556391703042,26.65552531281366
5,1,30,1,0.0,-473782.9252138726,-1.5614477457553264,26.534441093761195,255.83858530247718,16.056876114898735,42.779467068491215,7.495174601975685,159.03905979005134,29.71886948841565,182.72337925465038,169.23054085521272,32.174621600868974
5,1,31,1,0.0,-437728.9479400444,-2.0044959223848005,36.52381517778595,272.6072184960775,15.903043769138476,34.573750619473,6.1635616300625085,97.83188280366686,47.20880353897638,194.76163919712792,132.26616706660295,33.2575597232521
5,1,32,1,0.0,-468852.42174972774,-1.5935567106301585,62.43816874360979,271.3518203900406,15.57787504449958,46.17033551448074,6.678151424987992,146.14389543989932,51.443711018992424,195.6995711302084,166.4696961977439,26.737353500074608
5,1,33,1,0.0,-380882.52080404223,-3.107699219742101,65.51870730227697,284.46951113185673,13.521450764215388,27.53340104767578,6.519377734991521,127.98207030650242,38.78041757656788,189.76498159708294,113.12845295070031,12.48082800822619
5,1,34,1,0.0,-461230.5864929036,-1.681370220590845,33.818307516113535,239.2872100387741,16.058257709057912,36.990503952867684,8.574178829705161,134.91848628615935,44.925256638866095,186.4339971030009,156.83061857018208,33.187785099285435
5,1,35,1,0.0,-437560.25078287174,-1.9204195916679685,50.01611442138299,268.76662563620573,15.67104461025354,42.104021747370126,6.53242324402569,147.51090683395037,36.474749552205296,156.12584266518544,106.57156987862042,15.456406330374246
5,1,36,1,0.0,-437355.33097555616,-1.9488206578069909,34.62468305862947,290.9905324740269,17.597092792356463,27.259549526240775,8.038370142461218,153.36779169440373,68.22990259617856,198.8448438714389,193.04583689872885,31.316611066616392
5,1,37,1,0.0,-465685.3590144579,-1.6161535896263297,33.38702393234936,251.4135639891241,16.42450663753481,38.45998324919029,6.973504058204607,119.1973299470748,29.64173440381048,183.93918801439773,165.65990789252757,33.875721829732456
5,1,38,1,0.0,-459955.2082489605,-1.7507888546587351,37.26812242454468,264.1571972732376,15.816916389145618,34.8407773732009,6.8959427035103,129.7880983745262,30.147254117779738,189.04334306924994,192.6988887303568,34.352218444948
5,1,39,1,0.0,-377084.39895664103,-2.5954728906921614,49.56707413999342,273.90273367322334,15.09670375108399,22.229984981408812,8.719729569763485,137.51446407999893,48.942137054520174,181.69664556005154,117.65753420366742,27.661843367164014
6,0,0,1,0.0,-390940.3680418142,-3.0167691711646523,64.6421217705124,298.67283506988366,9.851017457875546,50.0,5.4664766053434475,107.31092401723437,35.477549827431794,173.37021221549543,96.03341063533205,7.537739648902846
6,0,1,1,0.0,-335982.3627534683,-4.09050157487632,46.50685681448773,331.54846615107334,7.3118181662933175,46.25608813126938,4.7456667179716305,130.52365375022754,45.17506278675175,174.86983048703,58.869462575347484,6.1079616684625755
6,0,2,1,0.0,-387645.5335558059,-3.264094366131175,45.34230049196602,293.3626921233322,9.492931619158167,50.0,4.751276845136876,139.52745162379284,47.35379259195972,184.29038594406833,89.46165621974474,4.0
6,0,3,1,0.0,-349785.4676103871,-3.5898026720284326,44.13315724853493,301.4952133049359,7.7260323197099705,42.21318004636191,4.729671253141113,126.45745009027115,48.78589505272414,172.60365123918774,78.03886064208213,15.527057796036136
6,0,4,1,0.0,-263544.1441844868,-3.58564610435036,49.848276815155614,279.9855266787753,7.071608810471396,31.09421938168793,6.176527896389606,128.2496969589814,32.235316815492446,178.07875785714913,73.97128554992597,8.743595903028085
6,0,5,1,0.0,-375834.13010196463,-3.2082899106257208,53.31122021447517,297.16327716625494,12.061377646373426,32.13949222875869,4.878163695142255,100.45840238151794,43.005466834301146,175.01951759514577,90.09600282866192,15.037116122902251
6,0,6,1,0.0,-350339.5989154736,-3.8587283922758724,38.710102503120886,311.2979425883887,7.971380034899218,45.8714853828678,4.749846967206958,124.10658691989266,50.48564354775748,165.86945473435011,101.76852181396757,4.494736839579785
6,0,7,1,0.0,-350004.560199595,-3.716451764849652,62.70844410856691,322.8960982645426,10.651416322855056,33.74201647226217,5.082521850805106,102.31341267596775,41.2380109421334,168.14791667611527,131.3653528304265,4.0
6,0,8,1,0.0,-351550.9152485334,-3.720526802814529,59.72583665015053,295.057145207978,8.53609085603961,40.68392763070633,6.153042400437833,93.75748758301631,44.133747951112454,176.36594837094313,66.02030062930254,10.90816184466583
6,0,9,1,0.0,-330327.15087189217,-3.9927429938773247,56.65402982948002,309.1695359120991,6.494693213500811,48.2874834806319,5.935733585141078,108.03224872159274,35.94511356884287,172.09372354549083,94.56431122844194,4.9930888015214485
6,0,10,1,0.0,-387564.8658333414,-3.068613986258686,65.80655470960436,270.09456528198115,8.053251223198274,50.0,5.201329453734475,98.3507218845746,42.40746058184897,164.9243643178823,78.84805624747506,23.177635160789237
6,0,11,1,0.0,-303328.9287326741,-3.520688028324197,62.07885104388923,286.20146339194235,9.828462887409323,27.384662788481016,6.688289279935351,91.87376674693168,61.385556316740235,178.9928086212765,89.99300893516337,8.628974509075315
6,0,12,1,0.0,-378006.452311624,-3.2587265744844283,67.82369416377573,322.37442187468866,9.939760792312182,47.56019002901477,5.059408965777303,141.10704311311292,39.17591756359569,164.60115060498163,71.01254575369683,4.313608446189248
6,0,13,1,0.0,-328242.84531071066,-4.146585017001023,55.015527050880216,340.1346081843842,6.479309295701461,50.0,3.5301474802511623,143.0377026050325,41.32746500266427,158.1315769137526,42.41018985752258,4.0
6,0,14,1,0.0,-388291.47047702194,-3.241625968567447,62.9848223318117,315.48572938798293,9.4063763664878,50.0,5.499086609026774,154.99759715032016,25.39150273332413,189.97090327883885,100.5579968005949,6.131445295537634
6,0,15,1,0.0,-341143.85423257353,-3.739589477891947,87.6510988034847,312.15499480221706,7.1936777105354235,50.0,6.5933616601165275,81.44748520467465,37.07389868366903,162.0,73.52293567593071,4.0
6,0,16,1,0.0,-364889.98238006135,-3.340466090497941,76.36780815909334,297.987565080298,12.278150157758262,29.739155833011353,5.951764030490966,110.70293734581456,30.568498475703166,169.4754614446855,92.91308440557202,9.429085685163244
6,0,17,1,0.0,-336676.22043462296,-3.97324132139737,70.69947028275553,338.07249529651375,6.912457688089513,49.98396168737412,5.22931948781381,116.99301427867535,38.11823254910343,157.74038289642033,71.24859167841646,4.691972259375699
6,0,18,1,0.0,-365396.03594689677,-3.4889275455365505,50.993434701090585,318.6448127784676,10.229741923456194,42.82174919274726,6.618740003981704,107.49372628420224,37.74592198672513,168.07940124618173,78.76598423929946,4.854453051990549
6,0,19,1,0.0,-365038.5405518438,-3.5132695125526907,38.85439711822345,278.7842494450111,8.589164927253474,50.0,6.312210269917843,74.46696184689,26.993334512797066,172.52992004118062,59.37673368563403,5.03905756946417
6,0,20,1,0.0,-339402.0700060396,-3.9494499452528977,61.63135713238606,326.99964244650744,7.232943586879394,50.0,7.166214165054813,113.87726971122039,37.6223715035521,162.0,73.92378164266793,4.0
6,0,21,1,0.0,-363118.5865640943,-3.370809167688971,73.81972117143987,308.3147595138424,7.381500485311259,46.77639114812217,4.702727054025712,123.66425301422541,40.18966558479357,165.4134057392643,118.37273350624929,12.317744388502856
6,0,22,1,0.0,-374619.64662108617,-3.342044029917257,56.1117248707117,304.1667415343648,7.306153708181081,48.4452143023884,4.235891917151357,163.3541545357859,48.47412288449986,166.25512483092163,144.9385995262905,11.17980288308765
6,0,23,1,0.0,-309302.07422850054,-3.8451691774916332,46.83401051929399,320.34446239500716,7.515916805574906,38.57761386698223,5.328524704733313,97.0512359398901,37.516600814146614,162.34244196458073,123.5061760127661,5.234173760444289
6,0,24,1,0.0,-317189.5860197773,-4.043719877371446,55.23700878540177,324.5807819366666,6.004064598686042,50.0,5.206667268861392,116.75524755227809,25.519426421003068,162.0,95.04397392275351,4.0
6,0,25,1,0.0,-411219.6795968133,-2.4864616027352557,48.426673241169254,345.6605424062819,13.479878807104477,42.94396569029519,8.764041868046247,98.50102794116304,45.87687472126905,179.18830112943968,179.65488064025604,14.165776498543114
6,0,26,1,0.0,-348196.25848552,-4.0413119918319556,55.285028994207416,336.7548137793735,7.591506952361354,50.0,3.8967481917562345,133.49720826184094,40.030971725948206,195.0049435426079,26.61878036469731,4.0
6,0,27,1,0.0,-379284.70881233906,-3.295389988154207,80.3814574897799,322.30837473087286,9.877740090161355,46.6461175491971,4.450623313141753,154.9189269192174,40.26600667909192,193.24867215223355,51.841160343937474,4.0
6,0,28,1,0.0,-360022.9124702347,-3.8099426650419534,46.83282130232852,314.9884344557315,7.863862587151067,50.0,4.471562785094889,133.4688501094,34.3564123799416,180.06370182409543,83.16040636145169,4.0
6,0,29,1,0.0,-401387.67167085863,-2.8184618586126815,39.20990382353772,274.55597668896297,9.754739006445726,44.831140019130395,6.24147965326916,77.91341796266612,28.50618458320276,194.16708611157432,147.20240107795524,18.368089246679542
6,0,30,1,0.0,-335400.5628913073,-4.146064881605775,47.27074418587116,310.21150460847844,6.511409528837918,50.0,5.061092967293034,130.45343972200436,48.977812153305116,180.57924541261383,67.55664811773947,4.0
6,0,31,1,0.0,-338716.90858788707,-4.011368710359901,51.378281160870316,320.910379136591,7.212944844221231,50.0,4.566183933988393,100.0303683679425,58.47535962728574,163.38376029190948,60.320083031449144,4.0
6,0,32,1,0.0,-323219.9554656332,-4.081742394452139,58.08254340558828,329.44985720304305,6.385038670924561,50.0,6.584472382080037,109.95853635145107,26.245420931176128,169.53474697655318,86.89975935678015,4.0
6,0,33,1,0.0,-347406.31071678054,-3.9921240090921613,48.04202648310083,313.8529959807542,7.231355584061145,50.0,5.019918367865773,124.63150589892817,39.7255900403331,175.5252168485586,75.71988863643367,4.0
6,0,34,1,0.0,-346442.97777960036,-3.9648644961835777,70.46126928783697,332.39575705496145,7.0899456179895,50.0,4.003889381586039,122.05170674880328,36.91544983527325,184.84452081875423,76.90211655730306,4.0
6,0,35,1,0.0,-331090.05703989026,-3.9021791700753754,54.60588958765342,306.82083615689425,6.373280367592776,47.58899085917826,4.762526682495618,116.61881064274571,33.59961481712553,180.2433257630654,74.4214372653563,8.902642425866494
6,0,36,1,0.0,-388553.0520309013,-3.36717940349489,44.98701666541946,271.4664479836885,8.781095116646668,50.0,4.066462421006031,145.80583710374464,45.551674569106744,189.02166817017257,80.02626113495208,4.0
6,0,37,1,0.0,-373470.626849539,-3.479987162311055,60.42794799016055,299.87797144930784,8.452725251963702,45.48829132689408,4.1557557075510765,107.60790483968196,27.203382814350853,194.36178822884963,113.57438188594801,8.998511605272222
6,0,38,1,0.0,-383462.1640660366,-3.3312003034607836,53.01196705667712,299.69310644631804,10.278117152491042,42.770772754330764,5.479660736743746,148.64321667517322,43.27723522107641,178.2324711419132,77.17778252600257,7.24189125088698
6,0,39,1,0.0,-333335.1845389683,-4.155457442636947,61.92327312659914,311.5037685160891,6.605144127360537,50.0,5.067558393040654,97.69426187450489,37.88730352085654,180.7652938622644,47.63765048306742,4.075828508555884
6,1,0,1,0.0,-387785.32499160594,-2.9926840906591243,55.92395946656539,301.1466251322021,10.179252304792922,42.00230596622318,7.846787293319194,95.75536764500663,40.77737260642645,196.1572857587938,139.7473902292258,14.150484521100212
6,1,1,1,0.0,-392380.8994811841,-2.2243029210928618,43.310328543868025,254.9728789195763,9.092515526172733,41.27032608532903,6.948913471409625,39.04250293288483,32.52623310871617,181.43532577655452,172.23294845259366,32.394908565223155
6,1,2,1,0.0,-421089.05644869205,-2.237096762458384,40.71731847978192,311.66608012509414,15.243021212635078,35.61630090927063,8.318869621127789,114.317097093912,57.86555905940898,172.92175257691048,142.5158852737585,26.132584479042897
6,1,3,1,0.0,-447090.0128734951,-2.1578167659602427,39.324196983504514,267.82417685886713,13.290958392215218,40.36985308546192,3.6376038354112756,145.72232092635394,60.9500796040687,184.8508532182186,153.15800127496706,25.900406380442597
6,1,4,1,0.0,-473166.8913990696,-1.576957181169582,38.25230657091427,247.942349627878,16.246603476927763,41.517728894829155,8.35990793315788,176.5764691622039,51.87591948815131,191.05125550756225,167.57601696251317,28.9030940896289
6,1,5,1,0.0,-430043.8089465455,-2.2038362991576212,52.83982829647751,286.4721015334911,12.270603021504243,39.340486371750835,8.409528948297078,124.41159095626189,49.26123805056655,193.07493761135888,179.57123110312335,27.897586429112067
6,1,6,1,0.0,-466185.0459633993,-1.6524146284091639,37.963931837686125,252.48630233794822,14.517049765454146,48.060779706490045,7.2004627536654136,88.71306239276043,52.994705808622456,183.70768753693238,200.0,21.83662895712218
6,1,7,1,0.0,-456625.8340339262,-1.8606030029050935,43.888900770238735,288.1763470124368,14.23464304350035,46.296195629123034,9.601576991437462,156.47694512721085,44.41001229758551,194.79702112697515,164.33131778578104,27.549612491389404
6,1,8,1,0.0,-452324.72698427795,-1.8977290536011895,38.70932556464679,264.54291154657955,15.122355574757066,40.95914314957588,6.208093116454759,108.16365403686609,40.95960097347293,194.33538533213715,157.91136062579434,24.86690683263915
6,1,9,1,0.0,-452620.6863822792,-1.6108136958283614,41.508617498314514,275.1547718389035,18.410458609088455,39.14086726831264,5.339285278602783,116.16340555239832,55.487705437209144,176.3338020165242,116.1197474712925,27.35722811124645
6,1,10,1,0.0,-446232.7553000099,-1.6339437242089185,53.67995187098752,258.78100621238144,14.981424273492284,48.20186128719762,8.85723826291993,169.67615584866275,66.0561113726553,151.80930261685617,85.04366541739869,29.84694070852996
6,1,11,1,0.0,-453732.14920742525,-1.8455251208736536,18.015455137824908,287.1051202737912,14.936782668754146,38.11117714952107,6.79838170535873,131.66908199521413,29.31396362415917,196.05886131269054,182.883941413707,35.52103709744526
6,1,12,1,0.0,-444202.47846014786,-2.0126233290316917,46.24871993320209,231.850097862638,13.82034020375935,38.844088386201065,6.470956931575963,116.30765092029928,26.736121036904535,190.3186309913214,119.70651461439942,29.469098549049747
6,1,13,1,0.0,-448023.129913408,-2.054086888566269,26.590778243093116,275.1597036253908,15.04155520507985,36.52007626308672,6.029403778348451,164.02899452867237,52.274616461853505,197.53450676532282,140.95182216109018,32.62928646233261
6,1,14,1,0.0,-424359.4533723901,-2.2537223994101265,27.766645509807887,279.44625052207124,13.828643234410432,43.911485612283215,8.86628909740331,99.80237786649454,65.18667138858599,206.67359151244045,103.540537949019,21.172982529817084
6,1,15,1,0.0,-425084.6915126572,-1.9626390381052765,53.76306523101132,330.98185530187027,14.404384585013231,38.585506321682026,7.981934004802903,74.03920170448862,50.54081096789517,184.69141991774816,158.5121141069045,37.091855656975106
6,1,16,1,0.0,-460643.854044854,-1.760403059157008,46.86056973518513,275.5852306092634,15.89655325362898,39.505166836617235,7.0525456629252306,149.92328868020059,26.506565757836434,185.67621923034315,166.22624292631835,30.606595436569712
6,1,17,1,0.0,-434933.90327109565,-1.9971739703348572,39.35035977705258,258.5683808907507,15.197954647733669,33.61644412678728,9.221851866817298,81.13840847298896,56.90457725555067,208.4161687833323,163.4193396765388,30.02693491438749
6,1,18,1,0.0,-445604.69385437673,-1.8531150435682373,30.20625916423863,270.8179357091891,14.944390607232293,42.9838768855908,8.051336063794858,125.10516760902954,38.317314473487066,171.85959607299662,114.91120775523117,34.167535285630194
6,1,19,1,0.0,-62107.71461205565,0.6422845108589664,78.58353515793341,321.6079694685492,15.157153750604706,37.73841299896057,4.404315332099186,178.11782008409426,36.132662737309694,190.98114378856437,186.80825411255688,40.0
6,1,20,1,0.0,-447263.5712913487,-1.9845681748159796,58.1799497360875,309.873228795199,14.9375872889416,34.17004446619717,5.575994438736308,163.58360493277786,29.045535626138946,195.60227829913003,200.0,31.032886709248807
6,1,21,1,0.0,-40777.99991791637,0.7489883810121605,54.23801040726352,232.42484479224416,16.209083581510306,31.54999023761132,3.074217265897257,125.60356870927399,24.331191849448146,170.02110124348965,163.0747531040954,40.0
6,1,22,1,0.0,-460514.0952753379,-1.8487026857365203,55.57737130996411,282.9727384700998,13.318378737157715,45.27656604529755,7.272532195773167,145.49787644800801,41.48209277436332,180.83392853169718,198.8878795707063,28.784900870164464
6,1,23,1,0.0,-438008.6418565973,-2.247861690516363,43.789236384419496,264.16262552612665,12.339652446048404,38.93027306722516,5.668157875157018,153.74665122405662,24.948133246392942,176.6296497424419,151.38507921560932,29.255675482731416
6,1,24,1,0.0,-460440.8768398543,-1.7583159599610398,46.26061864995355,253.92755676452816,14.073190977604433,42.60443579948596,5.781257420262996,127.23156422311229,33.39952668195164,178.4935635414834,149.07263267336418,36.38997360581824
6,1,25,1,0.0,-49229.584837459195,0.7279371425475452,54.95615072856404,239.8147391873415,17.27376183314743,33.455436811665386,6.4981626429701285,151.69839085773592,19.12455782001932,178.15316215678078,171.26501513227396,39.300442729817384
6,1,26,1,0.0,-442444.8989018342,-1.818596695200143,36.8088907929572,300.3070129697659,13.030174500141467,38.72295804273297,8.000729826263015,135.08867415871134,29.47665389132854,173.60133449009072,195.9843092162441,40.0
6,1,27,1,0.0,-449426.15969429136,-1.896746091681612,47.79564643971598,246.4051741736463,15.96208901947598,35.10995702498679,5.402326522962077,149.57886314538268,36.59463339989496,177.44624665018304,113.29342112022032,33.88824768175466
6,1,28,1,0.0,-439040.94130022696,-2.3119013555416226,55.19856256378607,237.59502425267453,11.608157212399902,37.639844333334125,4.903732160911529,154.61389598952823,40.0475069191317,178.1424637796844,162.65000304056224,25.023114352590166
6,1,29,1,0.0,-476797.89325113874,-1.729731166047075,24.048454314032682,242.8777137090152,12.869826835520065,50.0,5.670263847913456,156.88860659643447,40.08421853502999,187.13987186831062,190.00736947190893,28.566172144817042
6,1,30,1,0.0,-440726.6285874835,-1.9516621919835957,32.7902441772225,245.21338933682802,13.056876114898735,33.96692573668574,5.843582036529984,125.03905979005134,17.96345769943268,171.7163984490785,172.33224059322802,37.546370032346246
6,1,31,1,0.0,-429180.1626123535,-2.0181676374816253,14.523815177785949,287.1836877182677,17.265997905905955,28.64756760635591,4.363561630062509,89.49357469779102,37.46310817919288,188.59581356537262,135.32390354891038,40.0
6,1,32,1,0.0,-454874.4644111923,-2.001239949452205,67.34334814198779,260.02893222420687,12.57787504449958,39.509823905928315,4.878151424987992,177.8886643824704,61.048164818881254,183.6995711302084,177.6599699536617,30.991561028705263
6,1,33,1,0.0,-37286.7589854722,0.5978446484787298,75.17180931713762,252.46951113185673,13.178546923453492,24.003405269134035,4.948484866925501,115.85355083463214,20.898817308958694,180.18266623706722,117.54140349185555,16.302639676664
6,1,34,1,0.0,-445358.62790738535,-2.014761916447374,29.18378728728909,236.55979888184044,13.058257709057912,37.67531696386917,6.7741788297051615,108.68088769907898,46.82797701500367,181.81794674059634,158.48523182995353,32.82521817495934
6,1,35,1,0.0,-442135.4084241322,-2.109717037863444,49.02032023077772,284.1745638675369,15.62098541628454,36.59180267833847,4.73242324402569,160.92463220370993,29.376411609815044,155.9092935084026,142.57156987862044,22.656406330374246
6,1,36,1,0.0,-472357.723893913,-1.5639598252956142,31.94134590466357,258.9905324740269,16.864224174398455,36.259549526240775,6.238370142461219,141.68867812910662,50.22990259617856,186.8448438714389,186.20832569976002,37.7169593146143
6,1,37,1,0.0,-35636.25876880779,0.7541093957175059,55.38702393234936,223.65220106257198,15.569822251594584,29.558979283096065,5.173504058204607,105.24234081433401,45.137962155634,178.3843170381154,140.45522871286545,40.0
6,1,38,1,0.0,-484530.11588371056,-1.2095743986612733,33.55815275681242,234.7119949427409,17.55974096489374,43.8407773732009,5.473889007276457,127.55087191029371,24.666232995583655,177.04334306924994,163.22862809190573,36.06591683148887
6,1,39,1,0.0,-420655.49386035936,-2.275630015312899,57.857822452431314,241.90273367322334,14.866852104594674,27.45087439281263,6.9197295697634855,130.14889215810535,56.42194751958708,177.11647927343765,153.6575342036674,25.12387635581184
7,0,0,1,0.0,-369767.79690383177,-3.604554625469837,62.71261803567778,306.51099371774006,8.180307733554242,48.56872210191266,5.90755434883738,136.3272115710579,38.86069255919482,185.37021221549543,105.13795975621852,5.4654235773693385
7,0,1,1,0.0,-368320.09365015547,-3.5033795137462116,60.10693216040235,332.8277809090097,7.832378097784479,50.0,3.8876634933862912,117.77711568634544,40.43057042692207,186.86983048703,94.86946257534748,12.37516017451101
7,0,2,1,0.0,-397693.4071639841,-2.9108201672244154,57.157860903058705,288.83122873377846,10.52002467772435,50.0,4.119674806152823,140.4739645232661,51.46266113956456,189.43150839058427,62.07012234253458,4.0
7,0,3,1,0.0,-395928.4225642063,-3.0026125894827205,63.61814492555146,304.5548520922172,9.758593907807937,49.83120816832362,4.625253058790997,133.84257664071308,33.83412263728471,184.60365123918774,54.50192371810771,21.09219055241137
7,0,4,1,0.0,-255044.81296762888,-3.44390917147234,71.84827681515561,294.7941751579723,9.154853351561595,22.09421938168793,5.727394111303276,159.40042594205738,38.25905095403038,179.1401177122313,109.97128554992597,5.384674116431353
7,0,5,1,0.0,-29783.56257516891,0.7885757801053483,75.31122021447517,299.3151330291059,15.061377646373426,36.68976159990986,5.732602388661598,92.90403452550332,26.445938659331347,185.67183263508153,78.76800230929071,9.560793432376112
7,0,6,1,0.0,-343149.3904591472,-4.076689127733491,39.006893849067666,306.368820915043,6.94583978483369,50.0,3.885483371934937,120.22418741899557,42.382276443508026,177.86945473435011,65.76852181396757,4.0
7,0,7,1,0.0,-385931.92338545725,-3.0819077238164523,84.70844410856691,290.8960982645426,9.907356502998095,41.54052460293988,5.449638806768512,115.52837596913571,38.317697280698454,172.41427683940563,109.88739515668158,11.2
7,0,8,1,0.0,-383199.9412342632,-3.0461682563019674,74.26950129349174,327.057145207978,10.52645435172223,41.33769077946265,5.905742698640009,117.92048020778496,28.998144182999415,181.11144470712327,89.73750994432332,18.10816184466583
7,0,9,1,0.0,-357936.56702647207,-3.7581924373022897,75.26604004053986,307.326917167809,7.522371657728502,50.0,4.610655811579327,116.65746565855164,41.747641568270176,184.09372354549083,58.56431122844194,5.104315794537978
7,0,10,1,0.0,-400748.65494903567,-2.6692886132873466,64.57563721244414,300.34772136017256,11.053251223198274,50.0,5.146478649702018,89.71995104525153,30.552202975755005,176.9243643178823,63.976965966152775,15.977635160789237
7,0,11,1,0.0,-386020.46099504974,-2.8496482751293,61.84266555271387,318.20146339194235,12.828462887409323,36.384662788481016,6.395316778548383,66.40571643011138,49.522832588124174,183.4538972809282,109.67041630085902,15.828974509075316
7,0,12,1,0.0,-407379.15011898393,-2.403105244699448,56.84064026432708,301.6830976174328,12.909391901593532,49.53047482910512,5.408348556465361,137.2332598378876,21.509354175458817,176.60115060498163,64.56146822726107,4.294480503526325
7,0,13,1,0.0,-325471.3148360311,-4.210990911964088,52.00114109060579,339.89020069180094,6.400275842243831,50.0,3.0969630765623504,144.55361248904725,39.014521982179986,162.4378435074071,20.0,4.0
7,0,14,1,0.0,-323128.4398029723,-4.021752037007713,53.28357310318307,329.90077180211983,6.4063763664878,46.477067771990164,3.699086609026774,135.2045650114881,33.41877948598503,177.97090327883885,64.5579968005949,7.141536716868373
7,0,15,1,0.0,-313834.421696379,-3.984855724841354,79.9043722745921,298.6914799597847,5.7823508366746195,50.0,5.782892297895377,99.81057927478818,42.24627625145487,165.85735374252423,37.52293567593071,4.0
7,0,16,1,0.0,-374497.0936214676,-3.2952445585354693,68.07286383300675,290.2423780242645,9.480305269570879,38.73915583301135,7.751764030490966,144.70293734581458,24.48929444310338,170.16406436912624,128.91308440557202,9.921167015785858
7,0,17,1,0.0,-340389.2750413435,-3.9863178040048064,68.06027306060604,339.80554912602094,7.162608743919593,50.0,3.4293194878138102,120.76694673750241,40.82219656160429,156.65750245045368,35.24859167841646,4.678173731476208
7,0,18,1,0.0,-390067.63801789534,-2.8943546537585028,50.0907405921584,323.6532724018788,11.347816788438298,50.0,4.818740003981704,141.49372628420224,38.41639785365246,163.13362782138904,42.765984239299456,4.0763225534489225
7,0,19,1,0.0,-366325.16049701534,-3.589079645827141,56.32337497351013,302.63482881592813,8.390871598947909,50.0,4.512210269917843,108.46696184689,39.269161831498664,160.52992004118062,59.09043098641753,4.898741426504345
7,0,20,1,0.0,-333296.57031586854,-4.161842703854442,50.42271961499003,332.82884367181157,6.981068923033939,50.0,5.366214165054813,127.41772312424699,41.455121720504195,169.95941404341184,37.92378164266793,4.0
7,0,21,1,0.0,-349601.384002274,-3.9325455132755343,51.819721171439866,309.65009384645094,6.614507309272749,50.0,4.111449538927563,157.6642530142254,33.609715868633025,170.3441658438136,82.37273350624929,6.465431467659158
7,0,22,1,0.0,-343744.37799968175,-3.7569727520985676,44.00485608964149,305.3544085432565,6.153727961818781,50.0,3.267793923643907,161.44338594676037,44.17290385453941,170.36742416779845,108.93859952629049,7.776639664509183
7,0,23,1,0.0,-350352.28685866564,-3.863028891559496,33.55411562955847,307.1828941594498,7.597831215932736,47.57761386698223,4.7524543252267595,129.6700520410399,42.450685404807594,164.62069831889607,96.39742057096039,5.28141870567558
7,0,24,1,0.0,-315069.0396287901,-4.002208457473401,55.75832232385627,338.5149676158811,5.9062523053821225,50.0,3.4066672688613924,129.55675107571022,43.46773684816432,164.40145289330312,95.09000501580388,4.0
7,0,25,1,0.0,-422220.5055767349,-2.2060910505650537,37.13671035591325,334.5513169617316,14.909336645357168,45.82081180913295,9.069843859336117,110.7547959800396,35.11638561241827,181.41409550909555,146.03419352781725,12.65609349781275
7,0,26,1,0.0,-41532.02504120022,0.5336009216691057,55.60879637956093,347.86826927252446,7.268174153424059,50.0,2.9053323272548592,142.42257314002256,42.23532038341125,183.0049435426079,36.46552541096975,4.0
7,0,27,1,0.0,-381407.1847407549,-3.172383642934173,58.381457489779905,330.4680940499459,10.215692755733366,50.0,3.1586075683682537,141.06557572695746,34.289717623482574,187.94345245858244,21.98874072897992,4.0
7,0,28,1,0.0,-356272.0239627882,-3.8830840433399594,47.935872870168815,320.2027376934581,7.62675151834206,50.0,3.4136496734687585,154.41035372426478,39.25140349415993,168.06370182409543,47.16040636145169,4.0
7,0,29,1,0.0,-393204.57473922695,-3.0202084975781958,49.01869784613267,286.3246624416644,9.932502684651592,46.950278427253664,4.44147965326916,69.28125827087926,44.98577103627215,182.16708611157432,112.31034992256201,11.168089246679543
7,0,30,1,0.0,-344026.3836400593,-4.095556990391826,58.93515058293123,342.21150460847844,7.13686681699775,50.0,3.8459859404550456,154.41699029432286,39.1094702368608,180.79784276425207,35.85002427558114,4.0
7,0,31,1,0.0,-33585.20669039996,0.588972971270788,59.09576820019019,349.5462067142144,6.0477920477086204,50.0,2.928414309494761,134.03036836794251,53.15239589913046,158.9167779161295,24.320083031449144,4.0
7,0,32,1,0.0,-323514.4507445565,-4.202239800513573,48.195430722036306,346.98492411779915,6.589329711017031,50.0,4.784472382080037,133.32152436539195,19.66583950396904,164.3402400387259,51.31681736699288,4.0
7,0,33,1,0.0,-379239.6467089111,-3.1465568020482246,59.201274728342504,343.5081778151785,10.231355584061145,50.0,5.989308078707548,139.78142748924992,57.7255900403331,163.5252168485586,111.71988863643367,4.0
7,0,34,1,0.0,-331981.83805056533,-4.173912628047788,63.82934331884296,345.5718196112215,6.340518632327612,50.0,3.2817507679976186,156.05170674880327,30.485827876316343,185.04077378864014,43.05026365134081,4.0
7,0,35,1,0.0,-278384.54213714995,-4.00345870481554,65.83957876604781,337.0393539894269,5.047503931267217,50.0,4.369080881495959,139.94136741627355,30.8329972726232,168.2433257630654,38.4214372653563,5.410990212132127
7,0,36,1,0.0,-48756.06473943195,0.5144695700227429,46.830416953456286,303.4664479836885,7.827765402601068,50.0,2.396219851195882,165.60477566159938,41.71069779794934,185.2915489985484,44.02626113495208,4.0
7,0,37,1,0.0,-385533.89475072216,-3.1759632538075016,59.95657644680137,331.87797144930784,10.06606118085842,43.964296844978115,3.9624522175634485,116.66763259931642,38.05817120125592,183.4881815505863,117.30105203050232,11.656327657320507
7,0,38,1,0.0,-380940.5976005342,-3.040457694217063,75.01196705667712,331.69310644631804,12.410838985315635,40.31788522962197,4.759425253527423,154.15477888311574,46.1841524415908,166.2324711419132,41.177782526002574,4.6336927770749945
7,0,39,1,0.0,-334867.54155547364,-4.194202369581837,63.4029942463005,304.64391583163996,6.546151202141242,50.0,3.877112942781382,94.73671125596988,38.204308737280904,188.7536102814244,23.672701225587424,4.094656125317583
7,1,0,1,0.0,-446623.9815057806,-2.0112387631545596,65.12349231213804,269.1466251322021,12.699144264163836,47.418005343975295,7.649488671535572,114.32812792691558,26.117770956261044,184.1572857587938,170.38898091270178,21.350484521100213
7,1,1,1,0.0,-392622.1636374242,-2.644169426953033,40.461449077152544,267.8882335154509,11.850257281816322,32.27032608532903,5.148913471409625,73.04250293288483,24.984616527216332,172.53201718739584,136.23294845259366,25.194908565223155
7,1,2,1,0.0,-406912.52062576765,-2.3533755081075656,62.71731847978192,279.66608012509414,15.61747287791157,26.616300909270628,6.518869621127789,119.78317235423859,55.825576777975996,166.3420648580791,134.5398601395575,28.299502680426976
7,1,3,1,0.0,-448075.6276129046,-1.9768563238729375,34.90654710867423,283.69113836399055,13.540104886624881,44.139580152790245,4.536942452232517,111.72232092635394,42.9500796040687,179.04520301943595,142.87808451737916,33.1004063804426
7,1,4,1,0.0,-473215.71840819245,-1.5955922390678956,38.95762490455687,239.97613057103155,17.868253337764614,32.517728894829155,6.55990793315788,148.6456653172899,42.08052879184989,191.16487199400137,196.099764891216,31.30412544508429
7,1,5,1,0.0,-438850.7585029352,-1.9057333343744238,41.18204028372663,312.08955933256465,14.775924794968798,39.95758561642864,7.707058227819303,90.41159095626189,41.467636373238975,181.07493761135888,163.60918978325546,35.09758642911207
7,1,6,1,0.0,-454344.46305761236,-1.8771228635381592,35.280153895752115,250.1687515672743,16.10010535434833,39.060779706490045,5.400462753665414,122.71306239276043,39.38939342544266,171.83952011766462,188.8262071347784,14.63662895712218
7,1,7,1,0.0,-473035.38110455964,-1.501809623880081,42.148039762867604,273.4440377937229,17.23464304350035,41.18664806715282,7.801576991437462,143.31632923940404,49.44549082781007,191.1813518936078,178.37187980018066,32.56386586823597
7,1,8,1,0.0,-445546.08689029847,-1.9942156575234673,44.503014756723985,285.03859305591584,14.258854403035487,37.6825073460163,4.408093116454759,103.39859750752558,40.24618109600285,190.3463059989756,170.88917231634233,32.06690683263915
7,1,9,1,0.0,-452718.50480754545,-1.8486673373824696,32.168182377172236,281.4381253617754,17.631433788651602,34.63331845604848,4.985049305739644,129.3910595633027,37.487705437209144,179.71319891870647,152.1197474712925,29.016301837679585
7,1,10,1,0.0,-458655.02674407227,-1.6474015372303747,47.475068278985674,246.83154960533173,14.493655725812475,46.73178215095397,7.05723826291993,137.96489278806223,48.056111372655295,163.80930261685617,121.04366541739869,32.296076393931685
7,1,11,1,0.0,-458059.6563603399,-1.7571505439262962,20.30112665191941,255.10512027379121,14.567341584634937,33.25033350733525,5.187122718037499,137.53364414487893,23.662725591434665,202.3753984904467,200.0,39.246928238049584
7,1,12,1,0.0,-454057.899365572,-2.0323283627645625,27.02158626795284,209.2928506279039,10.82034020375935,42.075591329420966,4.670956931575963,127.60526895823976,34.36953576794823,189.45345228099853,154.063715804408,35.44793469651631
7,1,13,1,0.0,-485648.54409583006,-1.2386513572257163,42.37698093111341,243.15970362539082,18.041555205079852,41.76054518859897,5.29251874916574,147.53965215922958,52.39436261420669,192.53797146741718,165.4895195061079,37.489438032129776
7,1,14,1,0.0,-417038.91608200944,-2.41279510182012,12.240578422278032,248.44832268594968,13.358782288654153,34.911485612283215,9.097396747052926,116.1338414670015,58.90042397866461,194.67359151244045,116.30987341992464,26.90813367241436
7,1,15,1,0.0,-455592.30052831455,-1.6615121201392993,44.568851598983535,298.98185530187027,16.66355558502707,39.27430056236426,6.181934004802903,97.0061891776599,35.06918859617448,183.96954627114945,161.31967331536174,37.521642938420804
7,1,16,1,0.0,-447230.46248678816,-1.877002948929308,46.62067800379356,243.58523060926342,15.52036126914066,30.505166836617235,7.975552766152438,162.42734374409028,26.10984408663633,176.30386937508635,154.49580727882773,37.806595436569715
7,1,17,1,0.0,-41440.49293903089,0.7594843943845135,60.00226315824446,256.0033840656261,16.583936235032702,36.81615024766184,9.142747354110796,115.13840847298896,48.19061393466331,196.4161687833323,172.22512364072506,34.973375679923464
7,1,18,1,0.0,-446142.42531902343,-1.8280251950126907,38.42994722876666,241.49256281076313,14.53524856702172,34.76821273352148,6.2513360637948585,91.10516760902954,20.317314473487066,165.1823757080736,150.91120775523117,40.0
7,1,19,1,0.0,-468273.72455352976,-1.6402657044221631,56.58353515793341,289.6079694685492,16.86769945507445,34.694105750549404,5.208669790512864,180.9104660350721,34.45868715140558,178.98114378856437,182.64057156757423,39.851094503955004
7,1,20,1,0.0,-414002.12684788374,-2.311699629005585,48.59278468945929,277.873228795199,15.254445726494357,25.17004446619717,6.920344598744153,167.29724744740267,22.20215155500184,183.60227829913003,194.07788870218678,24.05818376027997
7,1,21,1,0.0,-442937.40040662873,-2.0258167872332447,51.315509090178615,237.98143636602268,14.228058714224925,31.8305881719294,4.874217265897257,159.603568709274,32.354310017700215,168.97914866136983,127.07475310409541,40.0
7,1,22,1,0.0,-463700.89530085097,-1.6833647659552913,33.57737130996411,259.5576487646269,16.318378737157715,41.24300369204407,6.8767910062072595,139.6894762806346,34.7372498574498,172.65126568829066,162.8878795707063,25.89620876459287
7,1,23,1,0.0,-435809.4888580357,-2.12293662000359,21.789236384419496,232.16262552612665,12.95934298871698,31.092106152710564,4.087360483859029,158.6368526713132,15.434719142389433,167.092871732219,153.10588903565005,35.65665913554405
7,1,24,1,0.0,-459081.71071656555,-1.7495568152990355,36.68659542599806,225.4789685958094,14.98101935481393,37.37274896267959,5.810299588296079,126.6436139784288,35.56650989754454,168.47053068601542,137.75288256371147,35.45802265974092
7,1,25,1,0.0,-461941.9171943529,-1.7183074578295618,46.49753841166333,235.3941294120362,14.530422166097205,35.414505444359406,5.479065922126209,138.00796099639638,14.837311896179024,172.33225484250914,167.90973150398864,40.0
7,1,26,1,0.0,-427842.1605248307,-2.0392861081436884,27.59922227966892,268.3070129697659,12.840988131858605,33.54010758697431,6.7003093679268195,135.4053220290619,39.55818791400793,173.95444888349397,159.9843092162441,40.0
7,1,27,1,0.0,-452418.54587454186,-1.8660038053894317,37.0048097121503,257.4956092705791,17.07407284805226,31.233210974297425,5.5921908966392655,153.68846920444278,33.30557305640838,168.02978368855221,149.29342112022033,34.153100454782034
7,1,28,1,0.0,-460680.99808021076,-1.9920886415826136,37.60321836907579,227.14463922856385,14.21007971900405,38.07210785636201,3.1037321609115294,158.13331001960378,44.560190527967535,177.3140003081056,171.6772895986685,19.1912906076166
7,1,29,1,0.0,-480989.11280096846,-1.5005769248722811,40.36908687007377,251.01563795620504,15.869826835520065,41.0,5.701572466973024,150.93195428165282,32.01416681928288,185.56060736915418,194.3778299524297,35.137441022876445
7,1,30,1,0.0,-340907.26097850717,-1.7777031969730561,49.09017844117042,239.21726097055745,10.345535855190615,26.151126133161597,4.639499076063885,106.5202987452949,35.96345769943268,173.910316791476,174.11690927955237,40.0
7,1,31,1,0.0,-444395.097292586,-1.8438628438148388,32.59825247760847,262.04078981338006,18.03359753397496,28.432648611711937,3.299072926744662,102.89440169174371,32.42674434282539,176.59581356537262,135.14577207717937,40.0
7,1,32,1,0.0,-419499.0785927579,-2.414197515174112,52.862882147204516,262.20564993051516,11.292948907110013,32.036729104292775,4.052683263996858,191.13576719935037,43.048164818881254,192.33412341537436,167.22100519234743,28.566089380045597
7,1,33,1,0.0,-46434.125272563055,0.5886936177712262,67.91767621307126,221.55997130858128,12.89377573643974,26.09702982886395,4.26329712236179,143.79344670195076,24.08738676163231,176.68638297732056,132.67829410660391,23.502639676664
7,1,34,1,0.0,-448026.9500251189,-1.944086072740674,47.05738836537688,268.55979888184044,14.50127543952958,40.369511415800176,4.974178829705162,127.41147502464659,38.38972825064842,169.81794674059634,132.9578864823834,31.652791630175606
7,1,35,1,0.0,-52825.074673320385,0.6856404930513151,41.55197430017521,281.58417845012855,18.62098541628454,30.150840627741637,2.9324232440256903,164.9450405407925,32.188198623462874,167.9092935084026,167.65880011015554,29.856406330374245
7,1,36,1,0.0,-470007.0099184535,-1.6159049007802646,49.25613951987475,226.9905324740269,15.021316998096456,34.20072859996542,5.854428967296294,144.13611634019176,50.60156924823601,180.58053574016924,187.75440305002525,39.48327426098146
7,1,37,1,0.0,-416109.5615220718,-1.802736840624704,43.30235706234851,218.11068674777974,13.82523672303238,24.91977565163661,4.844496001926009,125.63980139319976,27.137962155634,172.44090106212062,176.45522871286545,40.0
7,1,38,1,0.0,-478881.92012132716,-1.4752983905366557,38.704734571136484,218.2405228912716,15.910494229994494,40.68554945595991,3.7848984471569294,130.25603986890928,38.353489912647234,165.04334306924994,171.2128958233217,28.86591683148887
7,1,39,1,0.0,-463409.09918670077,-1.731715716689188,48.97911448716713,242.21081241943315,16.43707147670723,36.45087439281263,6.776042539531978,137.97164401793043,49.637109125941265,183.6430556458348,176.6674229114806,25.180350046064166
8,0,0,1,0.0,-382301.5429949393,-3.0301523698464603,65.35057935911163,318.1180254828315,11.180307733554242,46.328558997779346,5.612677203107112,102.32721157105789,38.430103320266554,184.28726846993612,75.45011062207436,4.069345618108612
8,0,1,1,0.0,-359111.8015922893,-3.4319403264212327,71.43780412821367,304.75123484964337,7.006661670317372,50.0,4.298337510600523,83.77711568634544,36.147016297144575,186.06036744072279,92.93751374864476,15.266177507772491
8,0,2,1,0.0,-375122.45310683607,-3.3517251530101295,67.32539743134619,295.5356038935153,9.03749925492341,50.0,4.024786105586669,108.03010899249108,33.97830043348769,187.41505652018324,35.07520342660786,4.0
8,0,3,1,0.0,-380193.97115391545,-3.1040721237167004,83.3367649004002,317.6590333717832,10.361932642222845,41.33059145112608,4.983391437698188,99.84257664071308,27.23101220449677,179.25843223184572,90.50192371810772,13.892190552411371
8,0,4,1,0.0,-287557.1691819434,-3.6468723462468144,75.07397700277984,302.74496295407897,10.10084483308274,23.81602896468481,6.619437956483894,158.57482679325656,37.90402542579053,180.2145478081632,83.49847261368194,5.023742149436095
8,0,5,1,0.0,-384458.1361622757,-2.8975368499640557,64.00757659507062,331.3151330291059,12.061377646373426,45.68976159990986,6.279174125290311,107.30389102593516,19.149811313485923,188.96935935313033,85.6168988790432,4.0
8,0,6,1,0.0,-327786.6031949495,-4.141575419035131,57.830469882573844,306.5032481073675,6.270278716855498,50.0,4.791273212828586,91.88668471114529,41.021203798035934,182.8729860616509,68.1732861753207,4.0
8,0,7,1,0.0,-389182.7228220127,-2.9994300044845734,95.95051268998483,281.0980696430586,9.351819774984136,47.91670657414453,5.274138037192335,116.94502302468182,36.290055711839656,184.41427683940563,73.88739515668158,8.655465863035392
8,0,8,1,0.0,-396530.675905038,-2.7256623390571955,66.8929575027528,347.39978541893515,11.708357925178476,49.97682737897789,5.582080599439666,115.41728223117141,19.148620182272513,183.85378725248066,80.91944118234369,10.90816184466583
8,0,9,1,0.0,-362933.52774444583,-3.6204324142257933,76.48956704087793,308.7118473984582,8.162549144633005,50.0,3.9362219932565266,111.96544475728554,42.93396210085746,189.28153006326167,30.889990139092706,4.408241162700721
8,0,10,1,0.0,-373773.52195453556,-3.2539238747959662,57.31945299101548,319.6295434072393,11.571657477071147,41.0,4.657393950546489,94.53334731357211,29.090378674028948,188.31673373658586,36.83297961613921,8.777635160789238
8,0,11,1,0.0,-371013.20640887774,-3.324264070582248,61.76893910662224,337.0867013108799,9.828462887409323,45.384662788481016,5.633609075804655,95.47522861330759,39.43130526643682,184.48261270259127,73.67041630085902,12.813594380259227
8,0,12,1,0.0,-386697.79155648616,-3.0150310367990554,52.75318774101492,290.019219381441,10.302868468909022,50.0,5.423878094935878,103.2332598378876,16.644162821372664,187.21861923940935,59.51081681869474,4.0
8,0,13,1,0.0,-38207.784526694675,0.5567702445643111,50.3741665785599,339.96172872804607,6.463352649568484,50.0,2.831594927564228,144.93823739023904,37.863885941103646,162.65647546317518,20.0,4.0
8,0,14,1,0.0,-38936.78110964568,0.37497074239807143,49.076115721353084,337.0834143646089,5.0,44.28093799431415,1.9818955970760317,139.16696047162003,50.23824345412102,165.97090327883885,48.15369896780666,11.368032908032191
8,0,15,1,0.0,-327467.0527289132,-4.178220804210461,57.904372274592106,330.6914799597847,6.365523375654161,50.0,3.9828922978953774,133.81057927478818,39.92969229985704,162.82029232810592,39.41618922394995,4.0
8,0,16,1,0.0,-335104.1202503028,-3.519783139003448,56.4216483403644,321.79816616452786,6.480305269570879,47.73915583301135,8.33548573305387,164.48873956002166,10.769819360600572,159.14994254035238,100.81925768674043,12.011310062420891
8,0,17,1,0.0,-40560.31466725434,0.5360738043802286,57.78244353527423,341.0036144328074,6.349576600219968,50.0,2.0757136532885196,154.7669467375024,41.747923343088466,162.44888636303992,20.0,4.302109220151803
8,0,18,1,0.0,-357830.19591343554,-3.7327916828617917,51.33701945839258,344.7137579650795,8.347816788438298,50.0,3.145269583208319,164.99601191505786,39.078095912333936,158.89406039455918,20.0,4.0
8,0,19,1,0.0,-358882.7971996737,-3.6613216516603795,61.671479599063545,334.63482881592813,8.36395001190933,50.0,3.165822698415251,132.03181426010664,40.91349321933959,154.86968990741897,29.11595442716007,4.328916353229673
8,0,20,1,0.0,-318380.1520758995,-4.122928223213556,56.47863814747477,343.4402977280877,6.120484885604773,50.0,3.566214165054813,131.1118966143797,38.18145668379991,157.95941404341184,57.422175846344715,4.0
8,0,21,1,0.0,-339942.92997287563,-4.087064170108885,59.9848195284803,316.2404443177655,6.511019531209571,50.0,3.5533885364279683,148.51329105153985,41.33482646568301,164.00232815091633,46.37273350624929,4.0
8,0,22,1,0.0,-298930.97418090363,-4.020028236540904,54.11682507562573,337.3544085432565,5.443448040553935,50.0,3.857726826700712,156.6848823029694,39.85712675664793,166.20079481275016,74.8808370859162,4.0
8,0,23,1,0.0,-354876.81760484533,-3.89080925220084,42.24944799045794,312.10346011400156,7.332262202734773,50.0,3.2395232312255633,154.67367742665286,42.74153601546232,163.9374467976012,60.39742057096039,4.827902067400565
8,0,24,1,0.0,-366211.32544917025,-3.439433616461981,65.05920674140383,346.80478317217313,8.906252305382122,49.62793581380657,3.1156870791171563,127.55515225421848,43.358443587862446,152.40145289330312,92.68424411133088,4.0
8,0,25,1,0.0,-399797.0623844571,-2.760800473393297,34.20123738779662,330.6346674025578,11.909336645357168,49.32648547526167,7.834229476025314,143.27936425368034,31.532172328051274,169.41409550909555,110.03419352781725,7.877379785715741
8,0,26,1,0.0,-331528.3067284903,-4.171813144303687,51.60158278185801,337.15005487271264,6.503522311510175,50.0,3.114405677751892,147.04906979427162,38.82903100665267,171.0049435426079,38.530270089486464,4.0
8,0,27,1,0.0,-38255.42712336652,0.5872424126288525,41.371371428012395,343.74475910450684,7.215692755733366,50.0,2.281215674148398,136.82501500206413,34.247291186825095,175.94345245858244,20.0,4.0
8,0,28,1,0.0,-351630.1148412468,-3.8930155164761273,50.40937206026266,326.8878999011347,7.650094024009786,50.0,3.459324140958931,130.15143100038446,37.99649201111817,167.60866132114032,53.69976172234833,4.0
8,0,29,1,0.0,-31434.92964146327,0.7058438905187515,44.722134023609875,282.87021964390453,8.60612819005804,48.157186693901046,2.64147965326916,99.84798785043903,46.82482754469186,174.85560796615812,76.31034992256201,13.084965028435725
8,0,30,1,0.0,-44684.76511128983,0.5224325902494151,65.38267852359716,360.0,7.093863163438636,50.0,2.291781731759693,164.06266169495552,32.50829446935502,170.39907165833418,20.0,4.0
8,0,31,1,0.0,-330711.7361061649,-4.21166478269085,46.578885435974314,327.3124250778841,6.398402311974151,50.0,4.03203417548977,159.6196660542138,35.15239589913046,165.4576883433041,35.979397926451725,4.0
8,0,32,1,0.0,-40724.159235253515,0.5315294252609076,41.775112962112956,351.35191631760597,6.655571457138029,50.0,2.984472382080037,158.38099245790664,21.85224067330075,158.98389681445352,20.0,4.0
8,0,33,1,0.0,-391295.71158024325,-2.776837198961787,57.17857720674967,358.26531484332946,11.867209461396598,50.0,5.174190527279387,155.9225898836813,62.76996620491514,154.67027531805303,117.5257752281174,4.0
8,0,34,1,0.0,-36849.33828051172,0.5261854625952274,50.0876810352613,339.50386234828636,6.151802963511343,50.0,2.922351100822878,131.17967090155955,34.04854695482765,173.04077378864014,36.81829877097353,4.0
8,0,35,1,0.0,-322905.1328328305,-4.181393467172459,51.939785505063824,340.62370924915575,6.195621273811072,50.0,3.314855193346435,150.61650260508793,35.175267994112396,161.64201343511212,34.2066999890839,4.397211794789736
8,0,36,1,0.0,-339057.5977382767,-4.179726099857379,50.54980422481341,325.7467689543828,6.9128733674085785,50.0,3.9372632497964286,145.16792651556582,39.1201324603737,173.2915489985484,20.0,4.0
8,0,37,1,0.0,-357502.165455134,-3.750773554445984,55.48561367238938,325.47478874845484,8.360079129458526,44.47705493128979,4.723205243494928,130.04294282223387,43.86102430331205,171.4881815505863,137.8839289308978,4.456327657320506
8,0,38,1,0.0,-397270.1719410393,-2.5684732773005057,83.6828680688239,355.15920649653515,12.571145147331194,47.604068790765204,4.327166909738824,120.15477888311574,39.01219348792067,154.2324711419132,77.17778252600257,10.249342278908468
8,0,39,1,0.0,-36229.47471024244,0.5791222628291852,56.71035136897977,331.0887873464684,6.468628146922671,50.0,2.0771129427813824,128.73671125596988,38.56120605296032,176.7536102814244,20.0,4.0
8,1,0,1,0.0,-446520.4782751245,-1.8907084565809564,48.164881200066375,301.1466251322021,15.699144264163836,45.2056894028345,7.453876802156921,148.32812792691558,38.00570767862412,172.1572857587938,171.07217401590688,14.150484521100214
8,1,1,1,0.0,-361183.15595288936,-3.176658753101307,41.42804336571145,271.2371216645085,11.150030461184194,28.260063367080484,3.513723350980394,107.04250293288483,25.70383741080161,164.70602792732112,100.23294845259366,17.994908565223156
8,1,2,1,0.0,-47534.0948650298,0.7135852973349202,75.44874519094878,308.3783125242213,17.416211713713736,35.61630090927063,8.187693881086256,145.80216879360734,39.628105497220645,174.23984613534245,132.9900936255895,24.884025525770888
8,1,3,1,0.0,-453304.78118859883,-1.8649196808752797,31.434998004248463,287.137414735632,15.003659343274139,42.99498898740583,5.229109924845662,92.14160278449299,30.291485837673566,167.04520301943595,178.87808451737916,25.9004063804426
8,1,4,1,0.0,-438640.5003761136,-2.0240364782504914,34.85270226234939,268.1298171978264,17.10014235827857,26.912710038456545,4.75990793315788,122.2497464327675,24.080528791849893,189.0543825328141,193.35526459525525,28.05155566984346
8,1,5,1,0.0,-438020.4181632587,-1.8117980556067625,33.02144234454852,280.08955933256465,16.68460353931187,30.957585616428638,5.907058227819303,73.11220343039902,25.237346094225565,171.38829927177738,164.20351895158475,40.0
8,1,6,1,0.0,-438641.2355312791,-2.1951614783429836,38.623982499272074,253.80140028414255,15.323788800908625,34.98779285596804,3.600462753665414,118.35289323694656,30.57612845743691,179.0729678278172,163.8852558398084,13.92005534984047
8,1,7,1,0.0,-471623.3626665291,-1.5180748710290968,64.1480397628676,270.09815541619264,15.120652164864167,40.11917950961147,6.001576991437462,139.79192157235175,67.06045975199407,180.31281464847729,200.0,39.763865868235975
8,1,8,1,0.0,-460470.5188546567,-1.7481309567119192,46.560526770273526,294.4319648317379,16.017014032753156,36.43344276239486,4.860391294029465,137.39859750752558,33.3084515597573,184.97416710340457,186.73836313377788,35.874911006757046
8,1,9,1,0.0,-424954.7318269443,-2.197089032098676,29.247282382925,265.41087773591676,17.593871855562213,30.298542084004218,6.056670251186523,97.80541619925671,27.989560614167274,175.6498509419028,116.1197474712925,21.816301837679585
8,1,10,1,0.0,-451889.6570043607,-1.8954114370695438,38.42731969494538,257.93343276448815,15.304084102988758,37.73178215095397,6.06137798015005,142.13017537059346,66.0561113726553,167.0491667864452,157.0436654173987,27.56986819757484
8,1,11,1,0.0,-478704.2741942905,-1.4712060728054854,42.30112665191941,277.36627182678694,17.394004943172614,38.28963280068561,4.2592265705686305,138.32633805441736,41.662725591434665,190.3753984904467,194.6129868857676,37.597818332309025
8,1,12,1,0.0,-478273.4883739168,-1.6333093761475022,36.08095613331666,215.99809350796014,13.82034020375935,39.4319398641777,3.7361958723038664,161.60526895823978,43.60724927291872,177.45345228099853,173.488769858789,38.141798212759404
8,1,13,1,0.0,-482848.57391939027,-1.377723013720915,46.15442473644586,263.0281998985093,17.703309873845757,42.52665787616899,4.6187003305744145,155.39104726833216,42.91002676231446,184.58593243019408,180.84524534677044,30.289438032129777
8,1,14,1,0.0,-387047.4093134743,-2.4994223067495462,10.0,280.4483226859497,13.993619643866353,27.093195149738847,7.297396747052926,104.19867133016042,49.02461291363364,182.67359151244045,127.28635139747715,31.041416908504964
8,1,15,1,0.0,-461725.0149622177,-1.8070799506579536,44.69376833819632,266.98185530187027,13.66355558502707,40.25744248500895,4.381934004802903,131.0061891776599,49.05059452854813,181.01712594123057,186.76459021078335,35.41555769127461
8,1,16,1,0.0,-458156.6100825207,-1.6783752865883312,30.931097147219262,231.64137857048507,16.7154386593712,30.302903204211812,8.408795113796845,146.47572503923115,44.10984408663633,177.81299079757778,164.90964743366166,40.0
8,1,17,1,0.0,-51329.33964691048,0.7374357149407498,54.15166733594689,244.4326728304441,17.76783526444531,36.806626396132614,7.342747354110796,149.13840847298894,40.41441981476704,184.4161687833323,167.29150460958348,37.33421232333059
8,1,18,1,0.0,-435775.90806935803,-2.0191235367482645,31.537507073524544,228.10024972267695,14.736790660259897,32.0873360553191,4.451336063794859,86.00393253010756,14.31983586649497,158.4201855605478,114.91120775523117,38.938551762529684
8,1,19,1,0.0,-475661.21309944533,-1.4706674050240316,42.119572221653996,257.6079694685492,17.400944915423683,37.44403350008956,6.038353394380632,153.98220477541946,37.515857277714446,174.6679603573957,173.29277561556512,38.61627982959218
8,1,20,1,0.0,-348478.8332380917,-2.02115388403572,26.592784689459293,245.873228795199,17.350853503309807,16.17004446619717,7.5268347544946215,133.29724744740267,30.05712902666686,171.60227829913003,158.07788870218678,31.25818376027997
8,1,21,1,0.0,-470755.6277725702,-1.5910240655749937,29.315509090178615,242.56116437402434,16.80072547168319,35.54039859049004,5.514737047401344,161.2001172616665,36.9696860444441,170.58523921261857,157.7753862327112,39.02920859789977
8,1,22,1,0.0,-449967.5711263578,-1.836902919119268,12.686503507671837,248.50672217585725,17.804933800795837,34.43727276677185,7.036351882485779,146.02535782955576,52.7372498574498,173.8332586889857,126.8878795707063,24.438398267035282
8,1,23,1,0.0,-461183.3313042016,-1.798239692863136,10.398434195699144,219.46495748831666,13.177741249867017,35.253815652204224,5.8873604838590285,172.1069006198585,17.674830479870366,166.31524062987376,179.8288622081156,38.83646326995509
8,1,24,1,0.0,-461323.55196417513,-1.695556730989269,50.594054672066925,257.4789685958094,16.234953319120855,36.561074954346196,7.610299588296079,137.32467595253553,27.916992195934508,169.0583072863748,173.75288256371147,32.04434332752369
8,1,25,1,0.0,-435515.1322858519,-1.9923010846120524,39.93107658511964,251.62154574366863,12.518593989362078,35.30081846284993,6.42471524903394,104.00796099639638,17.89930795310626,180.79846983694082,193.699014407915,32.8
8,1,26,1,0.0,-444891.73037189135,-1.9278459602729807,40.76883642208779,237.47075858468352,12.61261815338949,35.22171319105649,6.247314121288557,149.70624028667237,42.92540643128155,164.23237305845097,162.90494672390943,39.51439080148786
8,1,27,1,0.0,-404135.11360768235,-2.4948575466364127,37.426105304947114,260.89943180913366,17.319043644442893,22.233210974297425,6.377795019731382,147.1695036247017,33.862441020455144,170.57414547997135,113.29342112022033,27.29659462836445
8,1,28,1,0.0,-471101.9914774796,-1.6862783069941853,23.030935533550043,243.83916541800122,15.62103519718948,43.68407209213084,3.6098339805589315,148.90683156145775,46.56921407973026,180.53260004695326,186.88749684572514,17.63500636426571
8,1,29,1,0.0,-476312.0889801483,-1.576941819810882,52.17380731210925,253.85472324211304,15.411927988226777,40.2940662738037,5.837999289913242,167.81396879976052,22.840723933865334,184.8885412011371,182.0890312923303,36.05295815942301
8,1,30,1,0.0,-437920.64123822784,-2.0501461081731094,37.543966440368344,252.6438681541652,13.345535855190615,35.1511261331616,6.439499076063885,128.5136106786719,43.85233847618453,185.910316791476,138.11690927955237,40.0
8,1,31,1,0.0,-455332.2979793106,-1.8232643538175275,26.92376121197936,230.04078981338006,15.603013042311073,35.82065712800935,3.8562815836054005,136.89440169174372,43.10201999978051,179.04621316424382,111.78348781220438,37.325823690200984
8,1,32,1,0.0,-384481.59202766063,-2.2720077913353554,68.60988260973845,267.310090866015,10.853026621724284,28.25519229800213,5.6414420743019615,190.77211385706335,29.198703404737387,195.76309639594345,158.58401491356182,32.549523367690746
8,1,33,1,0.0,-441095.3977308736,-2.0612375079598118,45.91767621307126,242.11260745594222,15.89377573643974,35.09702982886395,6.0632971223617895,164.57047471243837,34.557811612104935,181.7127710896727,98.56772384864476,23.01720637071237
8,1,34,1,0.0,-457424.8526840025,-1.719577321088551,48.75427304986864,289.1643629757643,17.040229368876716,36.18704778198284,6.7741788297051615,137.44626598548302,36.368089774330855,170.04585809041308,168.9578864823834,34.08967075142864
8,1,35,1,0.0,-48731.746820474786,0.7255065671350187,41.06492557094838,249.58417845012855,20.0,29.053075180635616,2.286323937036032,160.81422460757486,36.69072431577384,155.9092935084026,199.12533035891522,22.656406330374246
8,1,36,1,0.0,-48826.02978896776,0.7244629415961713,69.61857209029657,224.9100249205032,15.9776182814298,34.70023474929733,5.797031968260826,154.47147168889748,68.24863513382556,184.81108307352653,181.2035978357634,34.414693881980796
8,1,37,1,0.0,-473176.514840056,-1.5410125470912552,35.65683006765606,237.6837308065023,15.996461023618114,33.91977565163661,5.670110408892064,145.41778443201315,9.137962155634,176.34173908283074,200.0,40.0
8,1,38,1,0.0,-443176.7682017406,-2.1684811191404942,47.89988863767111,250.2405228912716,14.026823636052,36.15096896874463,5.584898447156929,140.7839981425504,43.974403645442685,165.0298634488377,167.10202478065312,21.66591683148887
8,1,39,1,0.0,-435370.92040939134,-2.0760257753413076,37.602437105943324,274.2108124194332,17.78349735529912,27.47404854761939,6.900302861879846,151.300568459546,41.89412493745216,185.26209841041842,140.6674229114806,32.380350046064166
9,0,0,1,0.0,-364038.6399236766,-3.4393193193857416,50.49271828846023,328.1896920892242,8.180307733554242,50.0,4.433469718048229,76.14052249156097,33.50636881886334,172.28726846993612,107.96436506679112,11.269345618108613
9,0,1,1,0.0,-30528.39369613697,0.6610918786761276,68.4162294471652,314.65713267308513,7.0713899492655985,50.0,2.498337510600523,101.3082006794438,40.17693385699864,174.06036744072279,56.93751374864476,8.06617750777249
9,0,2,1,0.0,-375996.6682794439,-3.3733305983132107,56.80553339203466,317.8918999092786,9.436076622461378,50.0,3.604895789786673,142.03010899249108,34.72036631087187,175.41505652018324,20.0,4.0
9,0,3,1,0.0,-335714.1878796917,-3.939933484466732,61.3367649004002,349.6590333717832,8.411242769012862,38.66459563213582,3.183391437698188,129.95939791009306,39.96005225129201,170.0637682345706,72.08671250087373,6.692190552411371
9,0,4,1,0.0,-337119.94520518574,-3.935970405931658,68.38220203790112,296.9864041474873,9.39498794603971,32.81602896468481,5.183425032522012,125.38412558318029,35.274698103093705,168.2145478081632,47.49847261368194,4.606175840019427
9,0,5,1,0.0,-357214.29146921966,-3.6555606462496115,49.25977114237786,360.0,9.061377646373426,50.0,6.013252203369689,141.30389102593517,37.14981131348593,176.96935935313033,49.616898879043205,4.0
9,0,6,1,0.0,-348334.1117006582,-3.930481978475904,62.045048433294305,338.5032481073675,7.92810743395439,48.01019018080332,3.954781947115741,125.88668471114529,41.541819498907664,170.8729860616509,42.58365722187909,4.050752138077228
9,0,7,1,0.0,-357642.4245400701,-3.8373391138486816,73.95051268998483,302.45297379501756,7.166213098221293,50.0,3.4741380371923354,145.47141489123817,35.44212040254349,172.41427683940563,37.88739515668158,4.7151426861148416
9,0,8,1,0.0,-361158.5883113501,-3.6413657040688805,58.528310367425775,356.3997022649445,8.708357925178476,50.0,3.7820805994396665,141.71637405242748,24.79186421812192,171.85378725248066,62.871147974911345,4.0
9,0,9,1,0.0,-354796.19093158154,-3.9116478262527608,61.99690086628574,325.79392773635743,7.650714566813734,50.0,3.423424338169368,145.96544475728552,42.87491518542476,177.28153006326167,20.0,4.0
9,0,10,1,0.0,-370382.78994507605,-3.260569243351915,50.5868346868217,345.4521253667943,11.180416855934459,44.45646346676478,3.7305391413416427,97.62871914084856,45.69322670482365,176.31673373658586,20.0,15.977635160789237
9,0,11,1,0.0,-289496.71430571086,-4.029990415730344,53.959192832819284,342.1568067726365,6.828462887409323,38.97273073367924,4.249765927573274,129.4752286133076,32.72400354887898,173.09110471607042,59.56152257207416,5.613594380259227
9,0,12,1,0.0,-357456.5108485118,-3.7696673941060097,51.61402896844613,322.019219381441,8.257147429673457,50.0,3.623878094935878,114.48966931190854,34.64416282137266,175.21861923940935,31.527056478961597,4.0
9,0,13,1,0.0,-331054.20322340366,-4.097588457297331,57.20985140991974,340.17819031102493,6.486912143060183,50.0,3.077416839380374,143.37816796979968,41.45941949552437,161.5282457311917,50.105121289360454,4.0
9,0,14,1,0.0,-342846.67093173263,-3.8866081298822808,71.07611572135309,332.8919161352146,8.0,42.85809919096287,3.7818955970760317,144.44307971846266,51.17662797835728,155.5563236652197,21.832969068784877,15.350051008608247
9,0,15,1,0.0,-330042.85711888684,-4.076519610177597,41.209420216965846,349.25311797673646,7.2860285764996,50.0,3.886936048946083,101.303284229398,35.973461888315505,160.35740628581098,58.47950127068216,4.0
9,0,16,1,0.0,-373470.45121293963,-3.3580218797190238,49.74341520359335,326.3549654964921,9.480305269570879,45.44973094059965,6.5354857330538705,148.02973462108022,18.069296730439394,154.00918372759912,64.81925768674043,14.855655691225746
9,0,17,1,0.0,-324097.18245317007,-4.242936239894293,48.221673008732964,341.4672049443751,6.491640133552364,50.0,3.304368525263883,136.50178024505115,40.763457474546406,163.93459938063873,20.0,4.139781013639178
9,0,18,1,0.0,-38564.77204320147,0.645038200677979,52.91960507505929,330.57167575011243,7.897139915070503,50.0,2.7183222205325044,148.87553086245302,39.402012743914604,159.5580591222765,20.0,4.0
9,0,19,1,0.0,-33359.58811017885,0.7188290238760822,59.44044740574446,324.53796594491274,8.813361631987787,50.0,2.259423625882884,122.52871767817194,37.393139375258635,160.03193143761328,51.602104364651304,5.15540096704626
9,0,20,1,0.0,-35184.23305632102,0.5544669653097545,61.34969824148668,344.52579378533846,6.020847203330268,50.0,2.7542895800334284,134.28238966918832,36.92209488907573,153.86283162799873,57.419480627592215,4.0
9,0,21,1,0.0,-341391.95194925735,-4.008005356339188,69.88571343868445,319.2780111667452,7.07990589794366,49.58469409621172,3.59220017255942,114.51329105153985,44.34405253805104,159.36880804018136,20.0,4.623204890213012
9,0,22,1,0.0,-335614.6043550749,-3.979657633200422,62.295996157698696,351.2975048489281,6.8274936637540575,50.0,4.423693063737735,143.0431681349924,45.28720400540583,158.33630108315245,46.22807893237817,8.871978923832781
9,0,23,1,0.0,-42204.43933875008,0.5631781378044207,48.194697499376716,319.5642771604699,6.979350976726879,50.0,2.0722370042923046,160.95459120153876,40.73770712910812,161.82267652282172,24.397420570960392,4.069994971286343
9,0,24,1,0.0,-32442.596099945782,0.7026015861614203,53.2473544320334,349.99693680819456,8.382946794699015,49.492082195107976,2.904514003720006,126.98803670947794,40.54956981864657,150.0,56.684244111330884,4.0
9,0,25,1,0.0,-362812.09248572943,-3.592580265905162,48.71898879280482,339.9252304076004,8.909336645357168,49.04954620973351,6.034229476025314,132.54874291285674,36.467805212580416,170.48182260353423,74.03419352781725,6.101584204003921
9,0,26,1,0.0,-325694.0661312176,-4.237867014414135,54.47315019032481,333.7464211408463,6.408928234062636,50.0,3.393333174328534,130.4371762093329,38.11562211883644,166.48545478109705,20.0,4.0
9,0,27,1,0.0,-40255.45810397075,0.6451085681446181,57.600852135630845,333.1949783438124,8.704794514638944,50.0,2.897790119161379,141.75893097865193,34.70210452553622,180.20659952717097,20.0,4.0
9,0,28,1,0.0,-348742.2542321674,-3.963618422157757,49.45874479981096,337.87209978711803,7.726228593812478,50.0,3.947916080338162,131.61800675825498,37.56134475334307,179.60866132114032,45.76349757748699,4.0
9,0,29,1,0.0,-348963.4814116462,-3.5485874463965095,38.09964614959116,281.24792359224597,6.619909749947829,47.155982569278564,3.966078932791431,133.84798785043904,28.824827544691857,162.85560796615812,76.5235759746673,16.298521682090904
9,0,30,1,0.0,-317157.4640364612,-4.259650006259301,53.86610730409278,354.18365448389227,6.278316785478511,50.0,3.902513473193948,145.85458139126766,41.644452607210035,161.50460883340622,20.0,4.0
9,0,31,1,0.0,-333729.1752037157,-4.115835453510718,39.907722091697394,311.0859786907715,6.680240925200582,50.0,5.534538093004836,125.61966605421381,46.53553454217154,168.97440542667948,71.2338105723426,4.0
9,0,32,1,0.0,-39662.070840634966,0.5367140384087989,46.72027579354281,352.6524118391439,6.476099209742973,50.0,2.400794853045303,152.10683997050117,22.8836566939841,162.23127202075386,20.0,4.0
9,0,33,1,0.0,-364808.01881150925,-3.580834639283617,52.53628200918757,360.0,8.867209461396598,50.0,4.336502486175498,171.07959461620442,44.76996620491514,162.8119447438737,81.5257752281174,4.0
9,0,34,1,0.0,-336071.2660612309,-4.141282908821671,49.71909814125852,318.8369926579428,6.878246397957481,50.0,4.64217260053684,122.4201235368476,38.50775929501072,163.31084648540426,39.68003288840539,4.0
9,0,35,1,0.0,-357634.69363273267,-3.849801779153028,41.47126191252521,308.62370924915575,7.043078638744992,49.95645835292987,3.995218456327981,161.03727176038157,36.72440059753246,173.64201343511212,70.2066999890839,9.108263654554545
9,0,36,1,0.0,-352246.16603556764,-3.905226573321404,46.20046506978716,337.77890682136973,8.186907148660719,50.0,5.116924519128409,144.6122114078836,44.631421464622896,182.3659296278035,23.322010806984345,4.0
9,0,37,1,0.0,-351180.7110123419,-3.8876171508458945,44.34408849559317,293.6646351001227,7.122947169782094,49.44170050628165,6.447347575697212,136.37690202231911,25.86102430331205,166.06174476244456,101.88392893089781,4.25078637812956
9,0,38,1,0.0,-397879.65320636786,-2.901413185056689,61.68286806882389,323.15920649653515,9.571145147331194,50.0,3.9780378058243087,121.57673236155628,30.134831037575303,153.1495708307855,113.17778252600257,15.640201401152588
9,0,39,1,0.0,-32911.2219090319,0.6271182949051318,58.84687803864857,327.6532188572579,6.373371932449631,50.0,2.1119860127707524,123.02369548860993,35.310671084662374,164.7536102814244,20.0,4.061684358510007
9,1,0,1,0.0,-434903.6400748599,-2.2226482651602417,36.88428100702278,314.71074928643304,14.012296573546045,41.50713590751813,5.653876802156921,114.32812792691558,38.583549822552364,166.94983338220646,177.43017500743082,21.350484521100213
9,1,1,1,0.0,-428939.8188316533,-2.410328348514607,43.82010728948835,249.4602424933602,13.665749721766609,31.8106180573901,4.071877161587859,140.74826907262093,35.75580827750852,176.70602792732112,136.23294845259366,25.194908565223155
9,1,2,1,0.0,-473444.40135613055,-1.3812141578460606,53.448745190948785,276.3783125242213,18.010674232112944,43.53222849102433,6.640199944796538,140.28799503652363,30.575718243655366,165.6295251139726,168.9900936255895,28.833777484012415
9,1,3,1,0.0,-456141.7106836373,-1.6742285143937052,37.82345736911513,289.96290587360784,18.003659343274137,40.14177269626462,5.052871784450675,78.92253860051667,48.29148583767356,165.46153856158776,194.8702391274628,18.7004063804426
9,1,4,1,0.0,-427188.90346081334,-2.1230790578560086,23.03513410339314,247.06968892706632,14.322382614477448,27.33007750510583,3.866027670705471,135.8774782972185,20.519081084556696,177.0543825328141,175.87792107656549,31.648273106488297
9,1,5,1,0.0,-461586.8483619213,-1.7827810992698232,32.83058555215869,255.01409755941486,14.733319718957809,38.155787647762864,4.278701773237405,107.11220343039902,15.055375621216799,180.40545390968765,184.93196522772888,32.8
9,1,6,1,0.0,-441378.15245825733,-2.238161284627103,45.936847808643975,254.29111304596313,12.323788800908625,43.95849343730991,3.514735497707793,84.35289323694656,41.84495988769871,173.18465851122127,195.06082019954388,15.184453593456148
9,1,7,1,0.0,-454501.309196859,-1.8670903409736326,67.89139607286435,302.09815541619264,13.201649911378485,42.2030963023106,5.784879767071706,154.38775450633648,68.90294684199458,192.31281464847729,200.0,32.56386586823597
9,1,8,1,0.0,-438971.92698616674,-1.9843232854573427,43.12568856710273,288.86678944101453,16.45745180165874,27.43344276239486,5.347810677836648,171.39859750752558,30.682231111243958,177.90484253889377,182.40149569555328,34.41150414432811
9,1,9,1,0.0,-406570.3203626682,-2.2003141553640067,43.049631523114044,262.4323681895746,18.326288535812257,21.298542084004218,5.002771761053968,82.76766292286901,39.21550812684722,181.36500685540202,152.1197474712925,29.016301837679585
9,1,10,1,0.0,-429369.772973507,-2.2410328644094464,40.68565945873214,286.822130653182,13.96136336669976,39.11600130059917,4.904545856972188,158.44698199235268,84.0561113726553,168.2196090525824,121.0436654173987,25.901105898673617
9,1,11,1,0.0,-472280.3058866034,-1.5881198062660211,29.799870110128325,290.8415598393817,15.883944705171315,44.09571486799515,4.6412266014599854,134.7181580755169,47.33451146894976,182.66773402126574,179.66214115484337,35.12517888638685
9,1,12,1,0.0,-466744.02556039626,-1.7861999917055635,39.078847941034184,223.69344440273363,14.66336177438077,32.665104934734636,4.851651353323707,171.1516231664651,26.685686302527998,175.6490438364045,190.69460948290774,33.74664801178821
9,1,13,1,0.0,-440876.9213705659,-2.0764800454653907,33.01173351117891,295.0281998985093,15.016123185691178,33.52665787616899,4.90169428678143,149.15663194116365,35.63600475097303,186.28295056971376,160.0216485607965,34.61437845187245
9,1,14,1,0.0,-436064.1260474279,-2.092851897666288,32.0,306.04693160904327,16.993619643866353,36.09319514973885,6.009991716844274,122.07123176504996,36.39972080646204,183.3132115437789,134.66820768786485,23.841416908504964
9,1,15,1,0.0,-459317.66416922543,-1.8793284608682366,49.70624897703193,234.98185530187027,12.263341856927596,40.541427333665794,5.472934557965015,136.68191239970565,49.17654877183026,180.27105800705456,179.39543270768513,34.55607658625507
9,1,16,1,0.0,-471895.8772016468,-1.633157731087128,23.846625490435308,245.75525261954118,15.014000923361417,36.938682986416346,6.6087951137968455,151.02787517771762,39.22841345273581,184.20918155125426,195.70980540396263,39.08399044657562
9,1,17,1,0.0,-475512.2412122912,-1.4903210824627076,37.3760714507592,246.1062236135354,17.70834185246516,35.73396702016216,5.542747354110796,117.30028405688259,45.62828565493592,189.26826672687847,188.83430487953564,34.318074742834234
9,1,18,1,0.0,-441058.3190654207,-1.9925916329484736,26.46696432488068,260.10024972267695,17.06195165832615,30.32895924062013,5.771616531903253,120.00393253010756,32.31983586649497,170.4201855605478,142.94370732702242,31.738551762529685
9,1,19,1,0.0,-479087.3578596308,-1.3847419406801067,50.58598307662746,277.40556983769955,17.41087233199838,41.84238126685329,5.490339372926996,135.6907202186779,40.02046136707281,186.4390353108298,181.35668149856562,37.549148595326095
9,1,20,1,0.0,-400956.9812327663,-2.1448197890849277,12.214928564535432,224.77297442573453,18.603879163621727,18.304155425622486,6.260413484542955,131.55050327732644,19.436412092942142,162.44848296657264,143.93042999337416,29.450170909564207
9,1,21,1,0.0,-467530.1135940043,-1.7116180530755964,18.80606118816698,232.91620052915576,15.807445793359813,34.13232890407339,5.055252101956784,155.39220072594316,32.40031279507218,175.40823253504107,162.84548217110216,38.50856130166822
9,1,22,1,0.0,-450632.1986896883,-1.9842456891185538,19.753266740265953,269.868434386887,14.804933800795837,37.59217617634816,5.973413676811855,150.0856388136273,61.27137857739213,181.8386446209018,162.8878795707063,30.34299248869013
9,1,23,1,0.0,-477837.6471176279,-1.4649288412237398,32.398434195699146,246.21897701085788,16.17774124986702,40.898268047172024,7.217935736531692,175.46358335953923,18.788239098028484,164.40868914455228,171.2333912942861,37.945728735576886
9,1,24,1,0.0,-470688.6007917097,-1.5987167610920598,55.68170476345534,267.59474554511405,16.180255235602495,42.900356897577836,5.810299588296079,140.54347580742984,34.477984439262656,181.0583072863748,185.62309605935025,25.692309315357832
9,1,25,1,0.0,-446318.1978055632,-1.893930843889576,45.51589240144196,252.88350819867676,15.518593989362078,30.17628587671313,6.235546264081322,119.33997654432471,26.93959161877994,186.71381110913143,200.0,31.0312492934044
9,1,26,1,0.0,-439996.64474296116,-2.0238228349116993,43.24579624853161,224.7073711738858,9.95354812176447,40.49680143222226,6.164760851842221,170.2670528281243,32.967184924129,161.2103857817052,169.55147698524587,37.60189310287918
9,1,27,1,0.0,-415984.4696474266,-2.516476999371984,32.68709810874486,252.31532723191413,15.338078863935472,29.062966794363916,5.8228327822446415,143.5328417239419,51.862441020455144,182.57414547997135,88.99380621692717,27.08597221331037
9,1,28,1,0.0,-449828.36591898574,-2.208320251620063,25.117702731454592,253.8168754767738,12.62103519718948,42.50279734053155,4.899390514445986,148.2156303605332,36.18066361479728,182.6885493394711,163.4602772630134,23.065352488139233
9,1,29,1,0.0,-473789.73441944766,-1.640826028980807,39.6025355302658,249.97488584477216,15.592340395274485,40.88814278828607,5.934393861076316,162.5050804682865,40.840723933865334,183.68820324296354,176.2027373589479,30.849056811303903
9,1,30,1,0.0,-468389.15788971575,-1.622235199219864,15.543966440368344,248.60580164430525,16.345535855190615,35.479495550465884,5.466897444124276,123.7414805795781,35.98812555031532,186.83834409601513,174.11690927955237,40.0
9,1,31,1,0.0,-469709.5736810118,-1.7053767785234257,14.839452193308983,247.11525222838833,15.265558186719955,40.35714491629648,4.815885448460192,161.89975124599334,42.557473482993345,185.74747899412765,147.78348781220438,37.04545584815765
9,1,32,1,0.0,-405543.34699719754,-2.2061295313379476,62.596995054187744,298.40166432944534,10.132208810458609,35.54104717936016,6.014297432715802,183.9840670676619,28.14396426995226,186.09863651737254,178.61936489359846,33.99480520674053
9,1,33,1,0.0,-414057.5933554519,-2.377951034148009,41.35848082643291,255.7867393122926,18.89377573643974,26.097029828863953,5.947560702394123,152.7705120235239,36.318288484081435,184.95663225680775,68.59528875839584,15.81720637071237
9,1,34,1,0.0,-438663.24933803914,-1.9735887004061738,39.58221577993598,257.1643629757643,16.28557418218744,27.18704778198284,5.556535062500876,136.39830900428836,41.360522512834976,181.60850406669724,170.0207698633053,34.58582209786229
9,1,35,1,0.0,-464956.6124147322,-1.661385954191706,46.195637699296604,250.72027629490873,17.316177612589804,38.05307518063562,4.086323937036032,142.2472775374568,38.03011306267977,167.68665338377173,163.12533035891522,21.430885835885363
9,1,36,1,0.0,-53705.16563036251,0.6860350370541481,64.64715106861232,249.8160881550038,17.103493744862007,32.468701536072956,6.090906259733456,155.18516214966115,50.24863513382556,188.2638686994125,185.40688218822274,31.983548195535718
9,1,37,1,0.0,-472288.70131125994,-1.5088061272867541,39.752469672400295,254.92106869374277,15.796143290172214,37.70356941756564,5.966053287982628,119.53899764682893,9.210932618657095,182.07155144559425,200.0,40.0
9,1,38,1,0.0,-449402.4036831517,-1.9488157970840077,35.952416068599895,282.2405228912716,15.23897684926698,36.82464087865048,6.598397100927631,137.5898692668771,25.974403645442685,165.60844355772477,180.1170626519908,28.86591683148887
9,1,39,1,0.0,-448235.8896073628,-1.8493365207652603,45.622111476030966,249.54857388841583,15.623862861551203,31.614701583175705,7.190163081706795,138.09209222075265,41.37582418163907,183.3161018233413,152.07425269548708,39.58035004606417
10,0,0,1,0.0,-298708.43638394115,-3.578308708404837,37.24635941182737,320.24094048004025,5.548216818266997,50.0,4.4574833419106294,110.14052249156097,29.114318751723914,166.16486775554125,100.07332775145565,11.507143786020002
10,0,1,1,0.0,-33713.60358393049,0.5965284212828895,46.41622944716519,340.0692894930866,6.692267668580284,50.0,2.6377321535494067,118.79233879449949,37.709974920733416,170.20459059921433,45.90785742158862,5.2010336273858
10,0,2,1,0.0,-372182.7064182713,-3.5133724662978567,50.20172147461579,332.40554302146063,9.041626095638744,50.0,3.9524335236732666,163.29814298895934,44.68276861136368,168.69765868116409,56.0,4.0
10,0,3,1,0.0,-300462.1991481872,-3.7885530367444304,40.835666534887736,328.303457015691,5.639846419660135,47.66459563213582,3.173985639103798,161.77629039737113,34.47138841171409,160.8065096834592,108.08671250087373,5.734212745739878
10,0,4,1,0.0,-343930.31548647536,-4.016347017093334,46.38220203790112,304.05694946325644,8.557997891925163,41.81602896468481,3.824519138282775,105.6106122784669,33.52976050344216,159.18089925251468,20.0,4.0
10,0,5,1,0.0,-359593.4641683424,-3.7760401545255284,48.78822977025726,342.83866807921174,8.455833919069953,50.0,4.213252203369689,173.0779368033376,32.06030034871424,168.48970666997283,20.0,4.0
10,0,6,1,0.0,-351477.84549585136,-3.824588502327306,40.045048433294305,346.5866647345975,8.690683771621972,44.89316376171455,4.162907415294742,159.88668471114528,48.28640993885106,162.0277233343453,78.5836572218791,4.21616175056593
10,0,7,1,0.0,-344001.6780290023,-4.07191920965719,59.12245647599785,310.54723838631577,7.022613355340688,50.0,5.007890737974352,134.34428363896507,34.82291222307616,165.27440074300034,26.71588607761298,4.0
10,0,8,1,0.0,-324981.4826407388,-4.0282774567964825,54.88867653731225,355.10739712244055,6.381850708323546,50.0,3.071157439923672,136.9399262534987,32.972341687151065,159.85378725248066,41.037792000157005,9.294809240893773
10,0,9,1,0.0,-356989.91126134474,-3.8709454388375946,48.10193693596173,329.83118787707565,7.996934940345373,50.0,4.015042570995101,162.1190890519464,38.99895909528776,172.21463357173852,26.77402883463453,4.0
10,0,10,1,0.0,-389125.8660141924,-3.0399596275410374,49.81483717850213,313.4521253667943,11.49089473145494,42.347100999286624,4.698976014042225,131.62871914084855,55.280781887800366,167.8992503882956,56.0,15.098832227218976
10,0,11,1,0.0,-349306.6509986545,-3.6960623972092876,47.83993996439141,310.1568067726365,7.2651384041321885,47.76272253311421,3.4857584668144383,95.47522861330759,43.65924310165148,161.09110471607042,95.56152257207415,9.526279254867902
10,0,12,1,0.0,-329407.3280459289,-4.157867101343218,48.01253869787598,327.93933541254665,6.388327177282032,50.0,4.6082585486898795,148.4758165487838,34.197744445168,163.21861923940935,59.73320791791699,4.0
10,0,13,1,0.0,-333146.64794600493,-4.114934526144465,55.55363709514914,337.7733759294658,6.437498355291284,50.0,3.922211386392867,166.4397445940894,43.56096648384057,162.8605668750802,55.67215403532323,4.0
10,0,14,1,0.0,-381066.79207921814,-3.322417122999188,51.23621594641702,322.9555582365933,9.515173949839525,50.0,5.478424897026136,151.3849859859531,33.17662797835728,167.5563236652197,57.83296906878488,8.150051008608248
10,0,15,1,0.0,-343381.2610485755,-4.003916388105204,53.49079203066091,317.25311797673646,7.126049611248488,50.0,5.686936048946083,129.23853687021642,33.22985727258768,162.04551980859767,64.90587301485343,4.0
10,0,16,1,0.0,-399610.0916055401,-2.7890898388928833,55.56406006050421,307.13339447674775,12.480305269570879,41.63849219872505,5.592259759428011,132.19280679360114,9.295833875505991,159.98742610136617,100.81925768674043,9.567051138468354
10,0,17,1,0.0,-326005.57240197033,-4.231632278673822,50.9271745966033,341.3399285011963,6.831884317658899,50.0,4.216712769500585,114.71861513606166,40.18909335095021,163.0896739911312,20.8817815284874,4.573698351337775
10,0,18,1,0.0,-367131.7763992067,-3.4911804871614445,50.267854411381784,329.3103893679153,9.373666465471416,50.0,4.518322220532505,125.52440550451031,39.57195998876532,168.40570203622838,24.67536914847621,4.081939812033337
10,0,19,1,0.0,-332333.37376297434,-4.123290829721716,39.23537836028657,292.53796594491274,6.408583782861571,50.0,3.361374759027358,94.42068099283074,34.53748254384225,164.97811171280182,55.057483196779515,4.302554280516223
10,0,20,1,0.0,-346972.39262150833,-3.9703427427976834,47.60519205253131,321.4761180553546,7.435974727679056,50.0,4.554289580033428,136.00751538123953,36.82162918841549,157.98739975182838,49.07683351676883,4.0
10,0,21,1,0.0,-350917.35127897334,-3.697719827721983,81.11778047043654,319.9017522924567,7.688774741465772,46.97122703661212,4.154300691299943,107.05826094926121,40.576868414061494,158.350215309867,53.09998704114088,9.338454029352544
10,0,22,1,0.0,-366645.88331850036,-3.678226419828637,57.86214134374622,319.2975048489281,8.277939986676907,49.969987310785136,4.577412448178546,162.20529617369382,48.87330098847828,168.991880138594,26.53440836795998,8.762715813085022
10,0,23,1,0.0,-340745.00217041885,-4.133369211341374,48.33000945962187,323.3442954230261,6.929886405613308,50.0,3.8722370042923044,154.88821484270676,41.090510699663064,164.93116398404976,22.685601611482106,4.301521915987179
10,0,24,1,0.0,-348360.59828271385,-3.8958696806314683,57.27090588071992,339.67891151023724,7.844814055124627,49.663591385418336,3.428673204882091,132.7496641136815,42.75793390748926,161.4646513902892,24.59040177210541,4.0
10,0,25,1,0.0,-320794.10813869553,-4.173256305036761,55.962174676984844,344.167056636924,6.753716042594744,46.86569738100065,4.234229476025314,107.78210199236091,38.59125064462491,175.18785522169492,42.259026986589184,6.98303870075018
10,0,26,1,0.0,-330776.59287701437,-4.229704631775093,56.75876873128961,334.2403271637456,6.7347573673822465,50.0,4.1381781058622025,125.83974877175338,40.1640619018012,171.6702502700283,20.0,4.0
10,0,27,1,0.0,-359269.7867675282,-3.7474295293470177,57.28380829794729,331.47665255939006,8.374798676063572,50.0,3.9752522612357506,141.42601866682742,36.356720692736026,168.20659952717097,20.0,4.0
10,0,28,1,0.0,-346145.866830446,-3.997239853904346,44.83465858320794,321.9083211582997,7.114949700320617,50.0,3.528409373473166,134.38477197587096,39.336376570158336,170.45929684655948,76.21336661683411,4.0
10,0,29,1,0.0,-351656.538344712,-3.2905279870640243,40.63880128247658,303.73047960097483,7.361992886186439,45.0949765393356,5.1117885040294055,108.86097502435064,20.687962008154628,174.85560796615812,112.5235759746673,17.132659353498838
10,0,30,1,0.0,-324843.40666058415,-4.300034089931819,49.363333086895345,337.63193828941024,6.4997454932142125,50.0,4.862906424353811,143.62864722076722,43.95438215985664,173.50460883340622,20.0,4.0
10,0,31,1,0.0,-326477.3041556568,-4.134790092400242,50.22848357095836,343.0859786907715,6.767752141335884,50.0,3.780595668752761,109.43186987349729,58.51882758790671,168.731651883667,58.54592815122069,4.0
10,0,32,1,0.0,-320560.4354802138,-4.195403140416919,59.96075755937,353.7429328256758,6.309596996147421,50.0,4.200794853045303,137.54919005865852,26.336885510762283,165.81140396074105,44.403511445525766,4.0
10,0,33,1,0.0,-36316.71944103221,0.5067041862005588,54.863697981324265,360.0,5.867209461396598,50.0,4.2674572165496,137.07959461620442,46.70695553868342,161.21553908968554,48.065384617547565,4.0
10,0,34,1,0.0,-350667.7942915936,-3.932118638641015,71.71909814125851,325.411308358002,7.461555750068943,50.0,4.814187185977394,147.33088922736374,43.5352351139322,175.31084648540426,20.0,4.0
10,0,35,1,0.0,-355934.08434069366,-3.9587296424033314,42.017212778615544,304.6549088634824,7.189607896589611,49.99028436377694,4.304188901280068,160.72976004502874,39.8407218438195,178.07233075077767,34.2066999890839,10.374582025538398
10,0,36,1,0.0,-378632.68208751484,-3.3721414801703262,53.559959245642375,305.77890682136973,9.294902273424498,50.0,5.085555176792871,145.75375438773426,44.50260471296668,172.1697150624626,51.66326533308944,4.0
10,0,37,1,0.0,-290718.72303803015,-3.850465289575553,57.14210240456275,325.6646351001227,5.433804591435246,50.0,7.978304143369611,117.67159001133298,38.43695171126063,176.6426290848169,65.88392893089781,8.975370107671136
10,0,38,1,0.0,-352133.00607699074,-3.522961208782429,53.6227303151906,319.97220749543214,8.169591089032284,41.15180484942222,5.198598748748804,132.6157583188795,35.708532501076164,165.1495708307855,77.78824077099718,17.26298734903512
10,0,39,1,0.0,-331527.28750764654,-4.238923542968584,59.52960899213081,333.745370395562,6.460665585654837,50.0,3.911986012770752,149.95100815271624,45.963849566287806,176.7536102814244,20.0,4.089154583125594
10,1,0,1,0.0,-425953.7805040611,-2.2874825720751586,43.76507764169064,297.3269663358493,11.012296573546045,43.568600934093425,7.453876802156921,122.71966935426404,29.386869360461628,173.99891909568836,191.71604654581762,26.120133343545188
10,1,1,1,0.0,-433857.2286579453,-2.283982039100419,42.05019761372609,258.3773463839021,14.817223504486684,33.57897430440893,5.014084821570732,145.3476378485714,29.13255261032041,177.67549806440528,121.69711968696917,25.583382300285507
10,1,2,1,0.0,-443235.7057725041,-1.7861660371268675,37.972967202675406,299.183661908148,16.154138407567924,36.842652282139866,8.440199944796538,106.28799503652363,45.65648260508459,154.95536425031884,165.19623272312094,36.03377748401242
10,1,3,1,0.0,-451881.8785203775,-1.9907239345073031,39.88874795078565,257.96290587360784,15.003659343274137,36.53751576048881,4.528597942923997,112.92253860051667,56.77075406385096,167.1598929119844,200.0,21.62263600319602
10,1,4,1,0.0,-455894.87218258146,-1.9257969749451187,32.535956357107764,235.40690713253838,14.336330476281404,36.330077505105834,5.666027670705471,146.40798308821175,27.511205811765258,165.52378649152243,158.34992227490451,31.116243039719116
10,1,5,1,0.0,-441219.9839318199,-1.907966477244337,39.14193984032453,273.22648689427785,15.717095599031008,31.204833322368472,6.0787017732374045,97.77858011879053,33.0553756212168,184.91582778020594,194.5621217970361,32.09980686758719
10,1,6,1,0.0,-448997.8839672865,-2.1440339183094173,42.840533085248396,241.37750603245797,11.19697755220739,45.36957616533757,5.06287583093575,101.98043558235578,44.892675974869384,176.22099584244555,200.0,22.384453593456147
10,1,7,1,0.0,-473250.6929248146,-1.6248154799635168,49.4615626970227,270.09815541619264,16.201649911378485,42.444906276628274,7.584879767071706,163.10670648459512,50.90294684199458,196.35963645437923,199.11021091717234,25.363865868235973
10,1,8,1,0.0,-453346.78387086844,-1.9275583117140942,41.67782299721975,262.0683197488302,16.84995147877264,32.115283256516655,5.816637434892288,174.79176136215753,36.032031168577255,182.1108646239857,146.40149569555328,31.668861253934583
10,1,9,1,0.0,-448262.05875390273,-1.755939640110601,49.6907843131855,278.5693543262896,17.41443172830631,30.298542084004218,4.933525960867838,87.90745558110726,48.370186503826375,179.5243268801064,182.94111958181884,36.21630183767959
10,1,10,1,0.0,-437442.462267209,-2.2203279585623465,50.42532026925306,270.7482776437029,12.284625916601577,42.296061358197974,6.380357352866949,184.50327734821303,66.0561113726553,156.25745897800988,146.29906631769353,25.525105673812977
10,1,11,1,0.0,-470419.4286995264,-1.641432002117974,28.562348493040638,258.8415598393817,15.540904779995628,40.540749277171756,6.380764987087536,145.68782842315431,33.73897242678372,178.8675212371511,176.51979819804058,34.94913685720727
10,1,12,1,0.0,-440090.8998021532,-2.127526939707453,36.218872336526594,229.93839655803902,11.66336177438077,36.902206994762,5.398921380261376,137.1516231664651,17.978311989562805,185.5667080756064,154.69460948290774,34.49903008555689
10,1,13,1,0.0,-467698.34824331343,-1.7118392103382098,17.365442797748692,269.9885695107325,16.697075834042597,37.623518476532496,6.483370468596438,144.6520432515757,46.2410329668077,196.42504673426384,189.98317808677655,30.428340456228323
10,1,14,1,0.0,-441105.62002344755,-1.8665152628247716,24.007687791235927,274.04693160904327,16.74583610751049,39.57954487658442,7.809991716844274,94.71372995046022,32.661846578313536,184.30977853190322,120.60228059762886,25.016469922173357
10,1,15,1,0.0,-470281.9406975744,-1.5200975302791162,53.08328804223861,227.67675956089562,15.263341856927596,39.5359050249776,7.272934557965015,104.69179305377439,38.67616889939985,183.23313514648189,172.83548917898563,36.570900664445055
10,1,16,1,0.0,-472707.2109617122,-1.7041731165898104,45.84662549043531,258.1223390319433,13.2394774755637,43.43274991779028,5.97819552118894,161.72708120793737,30.57389492983404,186.33841975213653,200.0,35.971313766416465
10,1,17,1,0.0,-39322.976516134004,0.7839200407381469,59.3760714507592,248.19970259915854,17.455387449625015,37.07273351428185,7.21895630096402,111.185108232223,47.5854121221487,188.2446543988156,197.40230324418783,33.50294552577167
10,1,18,1,0.0,-448687.3071806944,-1.838423809366166,43.26597913476253,262.4111263625371,17.040367912933775,35.44721842528567,7.571616531903253,154.00393253010756,42.94682515452804,182.4201855605478,117.37690870317653,32.11830301206411
10,1,19,1,0.0,-460312.08916712843,-1.7616776611905356,57.64130227363857,290.8467273857932,15.774047209732265,38.94102616389107,4.778710129575783,169.41814080767912,40.78044989848703,185.50307359348014,145.35668149856562,38.48880916504747
10,1,20,1,0.0,-439790.40716443025,-2.070656158070894,21.823140402112617,241.51667735216768,16.62390747830307,26.806253624488555,4.460413484542955,137.48930598398647,17.128376752667698,167.37157255989487,161.2981235076811,29.404791469393995
10,1,21,1,0.0,-456732.419343508,-1.8684302913663469,31.416703328842424,238.0750205727619,14.978961330548882,32.668479350231195,3.592425228887958,151.05389357080182,21.845080964746224,185.71261662814985,146.94464730136735,40.0
10,1,22,1,0.0,-459851.4404870235,-1.8314441605671896,41.75326674026596,281.09612061118315,15.525569582916228,42.3636882444774,7.773413676811855,149.20333681533077,43.27137857739213,186.91384084472966,183.61705491227679,23.14299248869013
10,1,23,1,0.0,-455630.1169683737,-1.8511746758038967,50.52103539253722,258.3606329284764,16.749456630203692,31.898268047172024,6.75813514634444,165.28328167002712,28.020688319318616,176.40868914455228,166.30229567168692,31.57027639889115
10,1,24,1,0.0,-453378.5275526317,-1.9620492773434306,53.652311233674865,256.33306769680394,13.613890997557215,41.221191496575074,7.015172280520711,139.2618282825592,39.70186853259139,178.81196377161703,169.81344437413057,26.54522520843406
10,1,25,1,0.0,-44654.744160291906,0.7489647583974085,47.038727732621574,240.98217398045492,18.518593989362078,33.0780871823492,5.6974491248551455,132.57007779712177,22.104226123553374,186.60154501233413,169.7352105325676,30.888211461495963
10,1,26,1,0.0,-444222.1241876447,-2.026743310368449,42.30999250421103,231.6050331045946,10.3443358156608,42.51015788013448,7.54411133778633,159.91344016007764,24.295024986386064,173.2103857817052,163.69950523087397,37.49566140230221
10,1,27,1,0.0,-452340.3199813168,-1.8217540850845932,43.28063092663743,251.94081466865944,15.517748740922018,38.062966794363916,7.0395551303165504,150.36362300935858,50.0213810761582,173.67905098011835,124.99380621692717,34.28597221331037
10,1,28,1,0.0,-442197.18324348616,-2.229295037875596,45.077560145533155,248.24427949449407,10.652490559153104,41.77633593953327,5.200614940637077,162.6710066993736,31.515212826203715,177.92733210905465,168.58962354308093,30.265352488139232
10,1,29,1,0.0,-473852.58622085454,-1.6587739885393966,29.899801748313706,248.55940082677787,15.550466417691464,43.20018655476468,5.904327764733659,162.3707181312924,46.17893303467533,182.2881875548026,185.0242081560873,24.151968850003847
10,1,30,1,0.0,-455625.2546332619,-1.7802191660412252,37.543966440368344,250.8050790950194,15.855206030553425,32.069562424940386,5.026498397920034,126.5332291087266,23.982849496182038,182.93692202636782,165.931910585703,39.42463400061566
10,1,31,1,0.0,-471706.3602926981,-1.5876384942598418,15.721629790526393,259.233874233996,17.217355666197566,35.57664946735147,5.164579473254074,127.89975124599334,34.510281716635305,189.89274842463624,183.78348781220438,37.24220214137095
10,1,32,1,0.0,-460020.06483849906,-1.8106520191692392,63.08765514521467,304.30459341583634,13.132208810458609,44.410128137152114,5.282286431536136,149.9840670676619,33.492026793026504,178.49149838777512,200.0,34.0936814373442
10,1,33,1,0.0,-45040.68801566011,0.5293449616427118,63.35848082643291,265.0550928507045,17.673522210834555,17.097029828863953,5.235158894822377,137.28930818297437,36.29867820595887,180.7666454889148,98.2059718947003,23.01720637071237
10,1,34,1,0.0,-398317.156966418,-1.985173749478744,29.574817741976247,229.37903084347207,14.180941009052834,23.47787935231477,5.184731673850123,107.9949535090524,44.68744635460128,181.73249784530353,160.37073979780186,37.317407336648046
10,1,35,1,0.0,-454322.07961032056,-1.7734916820575357,45.52614473561579,282.72027629490873,15.676385415224422,43.787535726232136,5.774029445289796,157.3719186420989,35.31874499442094,158.47144427197577,127.12533035891522,28.630885835885362
10,1,36,1,0.0,-475116.7240108707,-1.4618700722622122,42.64715106861232,267.19033123069255,17.508593775092653,36.994848450856026,7.890906259733455,150.05337380844477,59.94270429127572,189.07137848767675,192.03947309862136,38.539550993241264
10,1,37,1,0.0,-472389.94517710357,-1.4717736673996769,45.206876780812976,242.86684114031402,16.027492999552283,40.28223535687192,6.265145376323388,117.17488369661874,27.210932618657097,182.9617911404597,164.0,39.61981492723099
10,1,38,1,0.0,-465552.3232727841,-1.6267000085650458,30.869228479682118,295.0679344890781,16.574132772450255,42.28066092634637,5.940382859101852,129.38245165063145,20.22869621105456,175.49437947344137,175.37528409551697,32.53761872111196
10,1,39,1,0.0,-458849.54729636566,-1.8819278790325027,50.66030223666324,249.4233353651514,13.677946031504234,38.722994882609896,5.390163081706795,138.55817494824345,48.30506240027415,180.61772636692734,175.7029037673658,32.380350046064166
11,0,0,1,0.0,-309018.3719901185,-3.695321525367116,58.96196907630339,348.4000349182489,5.8669759318029655,48.81517110224374,4.651180341844058,136.7409105991491,29.315567453435307,168.2962937659867,71.47643561144821,12.87137157534083
11,0,1,1,0.0,-343621.17019885185,-3.9274564200629114,54.330826177476624,360.0,7.6592964993986765,50.0,4.4377321535494065,142.47864518151997,39.88518220718398,164.2317738895701,36.86310385737637,8.282157558916794
11,0,2,1,0.0,-331550.5739975343,-4.075041702148336,52.19786196757749,310.2974707281886,6.041626095638744,50.0,4.234126098095777,151.56390785002645,53.03427402389815,178.51046090972798,82.83197024205691,4.0
11,0,3,1,0.0,-352528.24109961145,-3.662245628622136,62.835666534887736,335.8727126724986,7.132570242108352,50.0,3.7376344463981446,127.77629039737113,39.627458980199194,159.30401308930274,72.08671250087373,12.934212745739877
11,0,4,1,0.0,-284788.41741414816,-4.22690761332233,36.34025242795131,331.68923410069567,5.557997891925163,50.0,3.0023324870303054,98.24015742468337,44.38736129862213,156.6028534686836,20.0,4.0
11,0,5,1,0.0,-361774.23286978836,-3.7807042595338083,58.644167463168635,331.1730005488847,8.336440291312218,46.81714241866358,4.058073907653369,182.13958433527483,28.799158022229815,158.7997434066874,56.0,4.0
11,0,6,1,0.0,-277598.90101634525,-4.065009439827039,40.103434944616936,360.0,5.71654558577422,46.08763617679983,4.1290109620534245,166.4886224094052,51.05184837751033,155.68939993220613,42.58365722187909,4.106374149549833
11,0,7,1,0.0,-340663.4933309784,-4.1132204965527075,52.96012695517197,321.3542780830224,7.241774497233697,49.19129064715349,4.9834096159159476,121.81725701450895,43.15783298984425,177.27440074300034,21.201387400167174,7.352421665899071
11,0,8,1,0.0,-364263.2715772574,-3.4909902035504756,51.43137827779383,348.5644408718061,9.381850708323546,50.0,4.5481691248914355,112.01743376049502,23.425669073751063,171.85378725248066,36.12906802933966,8.835279442095072
11,0,9,1,0.0,-305100.9026728281,-4.240189483807755,63.79912164276431,352.0825959329335,5.826195185528158,50.0,4.34887531097711,128.1190890519464,38.77744406100915,176.4126562406849,27.02323671682384,4.184664986647488
11,0,10,1,0.0,-406187.55578383274,-2.7455337091998446,53.59688510065781,309.71324362222583,10.955598443257518,46.34940389938358,4.459334060358137,113.87655613922642,47.89759781646506,173.91036445182115,92.0,22.298832227218977
11,0,11,1,0.0,-318498.38447394257,-3.930585052983164,51.84404359169635,342.1568067726365,8.172309196216661,38.76272253311421,5.285758466814438,79.85538957833609,55.34743292594337,169.33044321183547,64.36057690693764,9.989252196974189
11,0,12,1,0.0,-374842.57394292223,-3.4518456704287193,54.77397099839647,312.588214428643,9.053359602765191,50.0,4.359451540773304,169.618070692099,24.920456113318316,153.9880946773496,23.733207917916992,4.227586386798152
11,0,13,1,0.0,-317949.4749916607,-4.2641722910905635,52.44763140445137,357.35931999270906,6.255943211498706,50.0,4.458027948465194,166.24847380697875,42.251047364172145,163.32479473429308,20.0,4.0
11,0,14,1,0.0,-379880.21831133706,-3.358818716165741,41.96795947135892,319.6229474657724,9.582138692419552,50.0,4.3840935552539255,141.45481740979872,36.4241408165781,179.5563236652197,80.74717450879066,4.0
11,0,15,1,0.0,-330430.372781118,-4.118457320123514,61.8816945453769,325.20640425838866,6.386540526102317,50.0,6.370045576749802,151.45468965027644,32.228200886577774,162.76549080310835,50.3017035297893,4.0
11,0,16,1,0.0,-339969.63204388326,-3.913019306734034,62.372419524956086,339.13339447674775,10.200243769446725,34.277998109565026,5.212482983179235,135.34852742329568,2.6796192773000964,168.04346568324615,64.81925768674043,4.0
11,0,17,1,0.0,-337860.24763523974,-3.9733549363996166,70.853257423625,344.1436049925975,7.276713616616459,50.0,3.576261937678212,111.3829296306352,41.19190463450423,152.8219070590191,28.800534091596667,4.214082187287235
11,0,18,1,0.0,-367453.98244907864,-3.4085318789150265,52.08141308979385,354.8076876624936,9.898630618049266,50.0,5.3388493557282395,141.5794777526673,41.435490504811376,167.1222731934652,34.65848064323704,4.014124792644513
11,0,19,1,0.0,-363715.9598728615,-3.6035216462151682,41.29296403586213,315.46203790038027,8.828804838629443,50.0,5.161374759027358,128.42068099283074,32.890189636501,161.462360796652,40.04248219205196,4.15577877484824
11,0,20,1,0.0,-341699.674476691,-4.063985999754025,46.38200981574224,321.26799550913404,7.377500336134206,50.0,5.6921409120788855,139.75795853402192,42.82458140419787,164.2862025815606,20.0,4.0
11,0,21,1,0.0,-351402.448952264,-3.6378830166981806,77.45689683330096,333.2194307416556,7.279860829347367,46.81076281422707,5.162855542176093,141.0582609492612,37.7910335945807,170.350215309867,89.09998704114088,10.42677654285828
11,0,22,1,0.0,-353904.6816463444,-3.9290525071109035,52.76744997808422,313.50661348942776,7.514414657327214,48.03843512735807,4.45763027143389,151.66832555940007,46.01501232940451,169.65437379640895,62.53440836795998,4.932031135433931
11,0,23,1,0.0,-323536.86427088437,-4.123057192293253,48.60820950612984,324.0594319033918,6.125703271929328,50.0,4.7769729238085175,141.3787754753576,43.549910101469195,164.271800848474,58.685601611482106,5.069692200199043
11,0,24,1,0.0,-354097.76448084094,-3.7374580268880657,65.18990211433857,351.3571657170736,8.16602865318879,49.865258066384975,3.8742931070068782,134.96162040326143,42.758263423736175,158.78198732774135,60.59040177210541,4.0
11,0,25,1,0.0,-347420.910409315,-3.8163075792253873,50.33483519784165,337.752319460961,7.886500736300349,45.30146430685274,6.034229476025314,141.7821019923609,38.522027377804235,171.42059516733218,69.99274678892539,10.47950326627227
11,0,26,1,0.0,-337450.0530104414,-4.110857102963532,55.66435743425373,360.0,7.490572435553771,50.0,4.263844024599625,135.5483756792363,41.59706391929779,181.12930888430304,20.0,4.0
11,0,27,1,0.0,-378954.05095770286,-3.168627571304851,54.46424504453218,333.7590690385275,10.409633113653836,50.0,3.9718928627488617,141.35349961997088,36.0307923654833,165.16271075635146,20.0,4.0
11,0,28,1,0.0,-342224.4170392998,-4.0923794032777225,52.82228154412982,309.8892745688657,6.635835130389849,50.0,4.55545117834553,150.79927049218796,38.797365049194966,165.99197883943373,56.43958795510095,4.0
11,0,29,1,0.0,-336692.47270475596,-3.8258362931603345,57.92643634262684,335.73047960097483,6.818125331473272,50.0,5.115519103039598,89.94415581532513,38.68796200815463,178.20806998197983,85.84110662055507,9.932659353498838
11,0,30,1,0.0,-339195.49737508234,-4.213869889613043,47.374468645142535,330.3703440916302,6.9337911487086,50.0,5.09658257722974,158.23393638555282,40.132570163067285,185.50460883340622,29.329862108559063,4.0
11,0,31,1,0.0,-334072.3858073715,-4.176340462650774,56.22459605092471,330.1562997692531,6.840764418459629,50.0,3.897112057424553,125.9677124213995,48.53362768586612,170.3252514578882,22.545928151220693,4.0
11,0,32,1,0.0,-324828.9974735518,-4.217964440116175,41.91051283935659,341.5881024581094,6.772406823951064,50.0,6.000794853045303,131.36331653496345,44.336885510762286,174.21817181881522,49.09522005645081,4.0
11,0,33,1,0.0,-364116.7492669665,-3.555565146628586,56.640796343409555,346.583764341784,8.867209461396598,50.0,4.915775991629696,142.33382183256666,47.41340305219643,159.95544780047143,84.06538461754756,4.0
11,0,34,1,0.0,-344024.59244979324,-4.00887424135612,80.9040139026051,333.339673220257,6.984782979912754,50.0,4.950552058725333,158.2805687521963,47.34057343674724,180.8843116142379,20.0,4.0
11,0,35,1,0.0,-322292.0870682804,-4.326118898541933,46.58448642463758,336.6549088634824,6.314131097865653,49.986293080360404,4.649587364387025,149.43541060712354,43.55308883515049,176.00443655292617,20.0,4.0
11,0,36,1,0.0,-358654.803269748,-3.900197418079582,54.31125336654905,290.08895903308235,7.1943969640414265,50.0,4.613686067392421,144.43208599513844,44.90065194445122,172.20351692187083,62.50413127502592,4.0
11,0,37,1,0.0,-355988.4013866452,-3.5427579946938845,57.57145286315509,349.09884705472774,8.433804591435246,45.42528081956644,6.178304143369611,113.02661013400471,50.363222468150475,185.86539748135357,101.88392893089781,11.809164007820653
11,0,38,1,0.0,-394570.55549880705,-2.870389686943051,66.50815707939722,339.50036948301226,11.061707124141321,46.26642796945654,5.844483384389698,130.9036192399417,45.41458493284843,172.2417483192508,87.1602433664,16.287666801108045
11,0,39,1,0.0,-343152.0220875616,-4.1798275714151085,60.981424303293345,302.400910537707,6.56196269936226,50.0,5.711986012770752,159.93730761651491,48.01301625598575,188.7536102814244,21.040956310588193,4.018722398725121
11,1,0,1,0.0,-461954.9128685782,-1.7966416253443125,49.738518216256466,265.3269663358493,14.012296573546045,49.1248743318105,6.906572304409327,148.83236752188805,32.7648981285735,178.40988360779417,181.013424777342,18.92013334354519
11,1,1,1,0.0,-426793.4168770456,-2.3164706505079904,42.52313451765422,265.72367631269503,15.409634270439726,32.42084448100595,3.90055657737069,130.2953266908609,29.47155554225936,176.4960800171767,99.27301882478571,27.769331922841992
11,1,2,1,0.0,-424001.2707616996,-2.0907037517820224,39.86065537421533,322.60099821653296,16.149505645832324,35.945698652425634,9.186246858964754,109.10339848204308,53.23937021459749,166.95536425031884,141.60461101134993,28.83377748401242
11,1,3,1,0.0,-428775.5494580214,-2.178221871836571,38.14143650528212,257.1026264960351,12.003659343274137,34.98569115882189,4.28863510815663,107.79854786816891,54.54352944725616,179.1598929119844,192.82127086252902,28.82263600319602
11,1,4,1,0.0,-464876.13241685706,-1.5657701245020776,30.80795824537529,264.1976405176103,16.681449081653977,45.330077505105834,6.443933908015081,144.25599111836016,38.76548259970759,177.52378649152243,142.09407761193148,23.916243039719117
11,1,5,1,0.0,-451583.92392661754,-1.6505269462976617,45.31428004923291,299.0947019446369,17.684581612778064,36.731270546960204,7.635271734483061,79.18850198456798,45.71444427904389,178.12203439835193,173.34284753235352,34.186032185919444
11,1,6,1,0.0,-427895.30045123294,-2.151715951435872,41.29033807465784,258.33200645600084,11.307149154400806,36.36957616533757,3.4611153164118953,104.25902855236308,34.55728669528787,171.47418930754205,197.5657360444423,29.584453593456146
11,1,7,1,0.0,-473114.7864537814,-1.6742728300666736,51.66361975253922,238.09815541619264,14.404429896854236,42.801405443593346,5.784879767071706,154.22948228276147,35.3042489281982,184.35963645437923,177.78170196706586,29.23358487419878
11,1,8,1,0.0,-446911.7979549426,-2.0978404039765417,44.388188746173036,248.73393429028786,15.421906835270857,31.991368825127665,5.610410468679196,148.9882473141023,39.757328453675825,188.34669645151737,160.8210137407366,26.113723602580883
11,1,9,1,0.0,-450429.5157217522,-1.8547363758522195,32.2509577063083,277.60848357340365,17.410630760208182,31.77018706787194,5.72516166901921,110.74322288112543,46.46739862854773,175.64014637795708,190.5952674361023,29.01630183767959
11,1,10,1,0.0,-455787.0669224254,-1.886252792939878,44.28716045809453,238.74827764370292,13.225337334634515,42.781393309018156,6.199652437664996,170.73018284664627,56.41860157760341,160.5690859436245,133.44383330131205,32.725105673812976
11,1,11,1,0.0,-469302.5159616972,-1.675605070567828,24.40595219536786,250.3881549029283,15.782308835508694,35.24165922142332,5.970290179668553,151.6362522009528,19.272402867939352,189.87416205305468,192.17625321091933,36.61599548569005
11,1,12,1,0.0,-424480.07279900357,-2.430135860789579,34.73047179354126,241.62062944796054,10.234861917296946,40.90559649802027,4.643164419902057,131.21010526575165,16.658142584489955,185.21786345494698,118.69460948290774,35.11183759144121
11,1,13,1,0.0,-479699.51196457207,-1.484469977102806,27.276626620066878,279.3391378282948,17.949503807236212,39.55264398832317,7.208887460516382,162.77807635098253,49.826525218236185,196.96822370381943,200.0,32.46576924633764
11,1,14,1,0.0,-434319.2468568529,-2.104926893050026,20.043032121538964,242.04693160904327,14.325496859796301,36.007960686423715,6.865564046510205,74.84394364426264,50.661846578313536,196.30977853190322,130.14304710176512,30.310587467701772
11,1,15,1,0.0,-461107.024312236,-1.497881021306684,45.9617445352084,259.6767595608956,17.011869042343516,40.02210393211123,8.189634847128062,77.82788585350232,42.62696926424912,184.34756304960158,155.51350568888296,36.120680950889955
11,1,16,1,0.0,-479769.6505446559,-1.3802674482080084,51.367452876387496,239.52704511847188,16.2394774755637,42.856431451381205,7.482292637191085,156.1708814378138,32.10393536583016,181.09364931482338,168.2571869197854,35.86798160659641
11,1,17,1,0.0,-464647.17324353236,-1.690951632607242,52.85580642867913,255.72052423687222,15.09327559129805,37.2289951803088,6.219975732230063,113.56855038475044,46.375103801618295,200.2446543988156,193.29468639364637,35.09986261795489
11,1,18,1,0.0,-454326.2559711808,-1.7732363642513416,42.260154897387224,254.97653722816816,16.327222130989547,34.07626217814643,5.899471684211647,120.00393253010756,24.946825154528042,170.4201855605478,153.37690870317653,36.10300486987408
11,1,19,1,0.0,-466796.9710089853,-1.6563086716805464,63.64956163485469,299.04397252700926,16.347515465936667,36.16698732250591,4.563951314969492,179.9149541541046,33.17370893691133,176.07833910434712,181.35668149856562,39.620479901528086
11,1,20,1,0.0,-457736.7807252986,-1.803412874089398,37.99577009294424,260.5120349385982,15.6549209858731,35.806253624488555,6.260413484542955,149.65184355378318,25.916771443868353,166.93378899119674,163.87920363372305,34.60102691896834
11,1,21,1,0.0,-46533.76031347509,0.6484731647021348,53.27813181814619,241.69264142473583,16.59396951159935,23.668479350231195,4.440756233395862,147.99598049302298,20.066033723532183,173.71261662814985,117.26798938097676,37.9467852563799
11,1,22,1,0.0,-468692.2436467718,-1.477039130947229,53.45874337552698,249.09612061118315,16.545136973884816,43.067879401324554,8.242659595830467,145.24807501841207,33.08779065582439,180.9388451233978,147.61705491227679,30.34299248869013
11,1,23,1,0.0,-443528.2762297412,-2.171888705127929,30.2938439377781,245.8938297339492,13.749456630203692,36.115565781292446,5.173492080165263,166.36896951449904,39.554826542419804,164.40868914455228,130.30229567168692,30.137301376000234
11,1,24,1,0.0,-429442.41661899205,-2.3268079516727314,53.798515244622706,241.3185537180873,13.06898726438186,35.48556219500462,6.0583274180921265,116.05419223785799,29.632998852097735,176.0669495927156,133.81344437413057,24.160707186056957
11,1,25,1,0.0,-34069.903501890854,0.8329946912255999,43.35197618250568,237.8521551859427,18.440750164090957,41.1658954192294,6.440628282381248,98.57007779712177,32.54193736830946,180.1267627076236,174.69163914708804,30.78907490504168
11,1,26,1,0.0,-444642.34319936525,-1.9308813353986853,39.190235846047756,248.63095981466464,13.3443358156608,34.29849635500872,5.74411133778633,134.95072448864755,24.93292379603058,179.54329641149462,161.57949137487506,40.0
11,1,27,1,0.0,-461672.41532526276,-1.6471914615106638,44.0804491536258,271.033633110124,16.898073836322926,36.05216285873528,7.1319299121376325,148.23511015556335,32.0213810761582,170.31334334755906,160.99380621692717,37.966986954452786
11,1,28,1,0.0,-466901.9219023944,-1.8946243162956828,45.98470378777414,235.05750818274748,13.652490559153104,40.21064493025797,3.6271688488600606,155.39187889035213,49.515212826203715,175.8259143649776,190.27560715216362,24.215519740049153
11,1,29,1,0.0,-480836.07243086415,-1.6676077790436075,29.855974020936223,241.62842029304178,13.63360073091727,45.72833024190674,5.154850274461478,175.30391405259317,42.28327937235588,183.39250831673758,194.1721263895819,31.351968850003846
11,1,30,1,0.0,-433440.4832338006,-1.9799276580573661,44.38164237477812,249.41571674976205,14.874060108070026,27.99074131394493,5.78296321341219,135.92792836735228,35.08655395761684,177.73898128588783,167.48835909522077,36.53104356736997
11,1,31,1,0.0,-453784.886405679,-1.7498967341657152,37.72162979052639,240.5174241752233,18.198720917446874,28.102852714228753,4.086365883623313,107.02736181967958,34.033319827488526,185.76235616925058,147.78348781220438,38.42813708436435
11,1,32,1,0.0,-455417.2051535159,-1.892864263781463,60.955067958304724,272.30459341583634,15.365068588192848,38.484943554233396,5.665494825870418,145.48696390363142,51.492026793026504,190.49149838777512,164.0,26.893681437344203
11,1,33,1,0.0,-46652.05225652363,0.6198768428868331,69.41788321182293,259.672474454672,14.673522210834555,26.097029828863953,4.428124317066319,139.5328942519299,35.141083572844,179.43127197006805,134.2059718947003,30.21720637071237
11,1,34,1,0.0,-426742.2952861687,-2.229950841041701,24.74330090269727,237.15388551227173,13.608787943667929,32.47787935231477,6.984731673850122,111.4572725948417,40.3225478625755,169.73249784530353,131.33866929343273,32.0208523946878
11,1,35,1,0.0,-441063.92023429734,-1.9533106097759259,42.065049477630396,306.24287200711,18.093577543736938,34.787535726232136,3.974029445289796,189.8119899575782,36.24584323889702,169.27783391369948,91.12533035891522,33.245750015724624
11,1,36,1,0.0,-452552.28853993624,-1.83743739739925,35.55891287517728,276.3771914073422,14.926353227987171,34.687378840151595,6.652711368993948,142.74771945953668,57.58835949634595,188.98940273431253,191.44699514464548,35.86463494873044
11,1,37,1,0.0,-461677.2729681674,-1.6200086351771705,44.89553537198958,241.47679598036234,16.789142226045804,33.931867046209646,6.058369675669002,107.52020935432573,45.2109326186571,178.66399207174499,158.64349283577045,38.93589774461361
11,1,38,1,0.0,-462050.82412534626,-1.7688488137523317,46.851131893261304,284.45625819547604,15.824795144934715,40.884243547801674,4.984894635328806,135.82324350319803,36.21323719251453,170.50604403772164,179.78676255444833,27.393365605375422
11,1,39,1,0.0,-474119.0065716747,-1.5200431359750524,46.402361369277926,275.122402313283,16.333826205865797,45.55637910160582,4.786162161097093,147.60901498032902,41.01539966069122,181.56427419442446,167.39176525263525,29.125876288720477
12,0,0,1,0.0,-350033.5050483638,-3.714209008845328,80.96196907630339,350.70800138219136,8.866975931802966,44.46909516802827,5.343871289621107,117.8041147754389,40.224986085391855,180.2962937659867,54.15901248916319,5.671371575340831
12,0,1,1,0.0,-348027.89988115366,-3.6972450120194242,64.83335258564586,360.0,7.19104846989235,50.0,5.011390647688249,139.07734184933142,44.13132163134152,176.2317738895701,72.86310385737637,13.356107332368055
12,0,2,1,0.0,-377233.8735068323,-3.4660273074003136,54.58576789156271,307.7981069740394,9.041626095638744,50.0,4.669015625098069,135.72588561333814,46.480644859838705,190.51046090972798,61.55756191405511,4.0
12,0,3,1,0.0,-360051.8360180466,-3.602970839684521,68.04304760364269,316.391885041573,7.575821733622994,48.04036924741469,5.362757807826318,126.99254594861881,39.75928830569707,171.30401308930274,63.714338201774,15.072281459039587
12,0,4,1,0.0,-277484.0864272802,-4.147687408133058,46.81594344681184,332.96506265228595,5.879670642958424,44.02513287022083,3.7625052109021366,132.2401574246834,43.30986737876434,156.07969802348404,20.0,4.0
12,0,5,1,0.0,-332620.27570348524,-4.125441813767202,58.0387343254814,326.8589848152825,6.808642673577095,47.102214772708436,5.8580739076533686,148.13958433527483,36.27096277014603,170.7997434066874,63.82063145799467,4.0
12,0,6,1,0.0,-329104.1625127983,-4.219932418247726,51.79821499793043,353.9830706428864,6.804369740837952,49.7067437273428,4.998315892279361,169.3870191766257,42.45741062458053,166.29271589866823,21.653197941276762,4.027893535206534
12,0,7,1,0.0,-382931.5072938711,-3.2186115727692997,74.96012695517197,301.1599588027106,9.436922125416828,48.68398419040046,5.128902949989615,129.57360636979473,40.742587842093165,189.27440074300034,50.351217531241474,8.48184511255979
12,0,8,1,0.0,-388839.33228871395,-2.770935512185883,70.53914289251762,331.59608850417635,11.735861126973472,50.0,6.348169124891435,138.93279890855882,32.938101421766945,182.90565547714218,31.044874832453164,4.0
12,0,9,1,0.0,-277626.5198604454,-3.9701302850196507,85.7991216427643,320.0825959329335,5.053700779353937,50.0,4.494448165396235,97.45300246744544,48.54147868897864,188.4126562406849,23.906486700827337,4.510946092647401
12,0,10,1,0.0,-361701.7930167586,-3.097199383638185,65.5811999170188,307.12930673659866,7.955598443257518,40.497822561025046,4.6384097972469815,135.0547418292474,38.9898025073238,179.72786096090252,114.11271814920758,22.04377793613612
12,0,11,1,0.0,-371541.97877803823,-3.1544260756519558,68.47481272913714,346.65406835788394,11.172309196216661,40.144305318233165,7.085758466814438,113.85538957833609,56.55490156331464,177.75070231030017,69.67577043134135,17.189252196974188
12,0,12,1,0.0,-381152.47389739635,-3.123668239369272,56.0826563930433,334.2804452679163,10.605088365786745,49.45589608695835,4.632676003546859,135.618070692099,19.736378317172296,165.9880946773496,51.18336286710557,4.1715439315566645
12,0,13,1,0.0,-327825.8027497675,-4.194683635760527,47.901854734961695,325.35931999270906,6.4348439107873645,50.0,4.8494644380774234,137.28738456056848,44.27824564362303,166.5555228879814,49.08502500862822,4.0
12,0,14,1,0.0,-335836.021334426,-3.6014707277085027,44.23871925171355,327.46822960812784,6.5821386924195515,47.07124322144506,4.543712318914161,136.95561151960837,47.35603944795372,182.58364947908873,116.74717450879066,11.2
12,0,15,1,0.0,-337128.0694958127,-4.191558372394244,50.1887920482627,335.8719273964267,6.963703198718189,50.0,4.570045576749802,156.15222485590115,39.75216541157701,171.87458692225414,20.0,4.0
12,0,16,1,0.0,-377487.62836610165,-3.2665195028379324,63.666546674036795,333.612539735577,10.511957902764038,43.277998109565026,7.012482983179235,152.97704213867624,20.679619277300098,164.9912902259486,100.81925768674043,6.908799976872047
12,0,17,1,0.0,-342137.7332993528,-4.035139465075248,63.61191192418864,335.19718658788855,7.155006150666907,50.0,3.825327086885224,136.1626936312302,45.64561825482369,164.8219070590191,31.713685577586755,4.0
12,0,18,1,0.0,-346025.0170719141,-4.010489347417423,48.979993131778016,333.0647957802095,7.475210423832533,50.0,5.118663938661447,151.82939389368363,45.565203050131274,169.9745913468277,42.39209593080528,4.033756893839343
12,0,19,1,0.0,-362830.85051177413,-3.6291119368740623,52.437301472306636,314.15941484316886,8.53646383509362,50.0,6.961374759027358,136.7656146272738,45.7996717743937,168.15718232396134,47.90501975914174,4.664202033502976
12,0,20,1,0.0,-334907.6248444016,-4.186231196189298,49.862524359841395,331.3216338523484,6.972679242776227,50.0,4.700795272648362,139.5763299100068,46.16332151197288,169.48210313590548,20.0,4.0
12,0,21,1,0.0,-329661.08782041713,-4.080194754688968,55.45689683330096,344.5941307784618,6.363308877970309,50.0,5.0221865215284565,145.3830578403801,37.40967141923629,182.2675029657862,106.0124361670224,4.0
12,0,22,1,0.0,-291735.7225967633,-4.0308800306255534,45.6303395153547,318.9502505952336,5.551596977871176,47.247649805998094,4.404204151462428,146.3510326622125,44.24215090144614,172.8447378077476,80.45353299377078,4.0
12,0,23,1,0.0,-348342.08073636814,-4.009656648501377,44.10338404369859,317.82437399942904,7.370951550553675,50.0,3.640994774405402,135.2670173985881,44.2475360602664,173.80926164099722,33.319451523283746,5.06518502063436
12,0,24,1,0.0,-354193.92351035547,-3.7412219445031587,53.393937763299384,339.8767233480892,7.854542517953716,49.9097328134317,3.6683247940427877,140.8537227051293,44.57096174507577,150.0,96.59040177210541,4.0
12,0,25,1,0.0,-375598.4185770694,-3.2646063226602893,38.98199213313674,332.2819344511876,10.886500736300349,44.52832794225692,7.834229476025314,133.80139370854462,38.9469506225041,183.0871197494532,50.643274224113824,12.602496049333084
12,0,26,1,0.0,-337524.0551682852,-4.116919818675559,54.19192123945825,360.0,7.435807995762542,50.0,4.7512857628426355,146.73606338001244,42.43641333839774,179.5040067945214,24.442003202156453,4.0
12,0,27,1,0.0,-371048.84529289266,-3.439494499051043,52.80728734426559,335.10759317036656,9.650314405014132,50.0,4.870009063967098,143.15497693423058,44.50363419275885,177.16271075635146,20.0,4.0
12,0,28,1,0.0,-353475.57217868924,-3.925196159898111,54.89216438143482,327.8961676529508,7.643840307940121,50.0,5.274354136842767,152.41951423415208,38.339743473586765,175.6253379502693,54.5063946679858,4.0
12,0,29,1,0.0,-374547.3283906925,-3.3505015129190405,61.60493799850608,303.73047960097483,9.263340545599519,50.0,6.220082495329647,123.94415581532513,40.1797146057599,179.95773506110365,49.84110662055507,4.0
12,0,30,1,0.0,-348486.5087975925,-4.016791077778457,61.03907047596148,338.32886403038714,7.2979829556313875,50.0,3.4331885379511817,156.94179542461342,40.87983290706218,176.8194555213302,30.545280485055628,4.0
12,0,31,1,0.0,-329169.9934975543,-4.227380798136081,51.976333263171334,321.531713442572,6.474277028888834,50.0,5.697112057424553,147.24947275453832,47.684188791109406,169.39779533070117,26.23580055055775,4.0
12,0,32,1,0.0,-331877.34761367517,-4.188860947659472,40.726404343078386,333.83843200684674,6.971422284222371,50.0,5.841417824934688,142.53024097291396,55.41432746278788,179.3730498270126,38.91507267348362,4.0
12,0,33,1,0.0,-394043.1421152264,-2.816730865248643,55.68552184024267,336.8236134808817,11.482656701736776,50.0,5.668750030912511,153.8707334585075,62.43824664981868,163.2448675350067,120.06538461754756,4.0
12,0,34,1,0.0,-330045.1686714625,-4.2701569960898365,58.9040139026051,340.5689238406254,6.620381626849836,50.0,4.898055706453386,145.35275933403463,46.423635713590336,181.8526048952901,20.0,4.0
12,0,35,1,0.0,-322323.88779878395,-4.282239293212174,42.729771665933235,337.67042595815917,6.275701531286436,49.971289160453196,4.5641240319184675,159.57538640385394,43.05753630399504,171.3734783424417,25.52714526223426,4.991115850082982
12,0,36,1,0.0,-310425.436222221,-4.250859779802023,36.27409751012079,322.08895903308235,5.743391615172883,50.0,4.127830094429006,151.18933100859127,45.40133743261001,183.78589108230943,48.7696216530998,4.0
12,0,37,1,0.0,-385563.3531451243,-3.1647428754486944,42.599355921484644,317.09884705472774,10.386549985415007,47.183324458221925,4.805707807185472,110.61185240709777,32.363222468150475,180.7632483599985,65.88392893089781,11.927636545184448
12,0,38,1,0.0,-407834.4377494068,-2.538584390852863,76.98912197147607,336.46654496981296,11.773704212244311,50.0,6.051974105687816,114.06324203271508,37.619670903329826,169.83710045904292,123.1602433664,11.385641853811006
12,0,39,1,0.0,-332449.790480041,-4.260457482190227,59.942750844207765,329.72832696056423,6.530704907910452,50.0,6.833749538822748,162.79166072677455,44.343323880287414,188.8046587804049,20.221323015883193,4.0
12,1,0,1,0.0,-456397.964183618,-1.5929568688171118,57.92432908574388,297.3269663358493,17.012296573546045,44.99443966879684,7.481368683334638,114.83236752188805,41.30289350785614,175.81474548988794,145.013424777342,26.120133343545188
12,1,1,1,0.0,-429297.2959876883,-2.2993102280216084,42.988413526753334,263.62364031832635,14.314813164063978,33.80152098268245,3.111146036492873,124.77407172899726,38.16383899591089,165.2027313769149,113.13146264298622,28.923146595743493
12,1,2,1,0.0,-46833.912776813326,0.6786660900624132,61.86065537421533,290.60099821653296,17.574858585458124,30.515390668797437,7.386246858964754,143.10339848204308,51.8777681860343,178.95536425031884,140.50084730904254,21.63377748401242
12,1,3,1,0.0,-442926.4439274693,-2.1207201291023865,30.860207719364677,272.1703981048868,12.406815636130993,42.0035415932279,4.769013660521772,97.53249207174412,39.27116223292448,181.9560693316527,180.4540657226582,28.406426054908593
12,1,4,1,0.0,-456288.28047616273,-1.6882637499750228,38.024386572019445,266.89977246614785,17.150259838547758,39.18066635216205,8.243933908015082,123.8753151243453,26.01186928131544,189.52378649152243,146.04794032633345,27.840985619223392
12,1,5,1,0.0,-427373.5073554415,-2.049014024394389,48.58754139960799,300.39639561791034,14.684581612778064,32.23255953487285,7.253271569609316,113.18850198456798,36.69118810933131,178.1353410161688,182.90790588469923,32.25996003969591
12,1,6,1,0.0,-26982.9188204836,0.7636699996580811,41.39386510335033,271.5461198119592,12.501324548217367,34.101798561663344,2.503767481957561,80.61068864496067,33.4919076448131,170.38697629848664,180.83276391562595,22.384453593456147
12,1,7,1,0.0,-476200.70964135206,-1.5187266181582155,55.60349543434977,270.09815541619264,15.63530977574505,42.96028650650206,4.695365083408461,146.73099215206602,37.970936809761014,177.31871566337892,179.33457103791167,36.43358487419878
12,1,8,1,0.0,-444549.84885435976,-2.155140752609637,45.92374497200506,280.73393429028783,13.397415532683418,40.991368825127665,5.369088548482821,134.8363026828908,27.85603652843145,189.15282968941713,165.37812444604134,25.169525000949847
12,1,9,1,0.0,-452823.3906933725,-1.7640391479777582,24.85478111000675,263.00348314767956,18.907698080828343,33.96636721959793,6.0080588109039565,115.1731747895259,28.467398628547727,181.77374792301177,154.5952674361023,21.81630183767959
12,1,10,1,0.0,-452679.20037539856,-1.9289542396933625,41.72090449473624,224.5770251193629,12.586451526014212,40.10514033025206,7.572342159264958,154.26261342385138,45.358909343581864,172.5690859436245,138.6710648440694,36.566451488866846
12,1,11,1,0.0,-477340.01878757076,-1.5208861023617517,28.748825004022603,272.9895228182447,16.629003576534576,39.55071275518448,5.565848593355949,142.84042937514107,19.969413226373415,201.56989529624497,200.0,36.36821165273821
12,1,12,1,0.0,-439906.30657958967,-2.1434955941784333,37.366492050960396,230.30437470939327,13.234861917296946,31.905596498020273,4.229993617563897,157.54948069221462,34.65814258448995,175.99960090776239,133.20769225025197,36.96410683563443
12,1,13,1,0.0,-471512.1030344075,-1.5760715176241493,42.35032179336647,303.5314375586091,17.88928833218737,36.865148474908466,7.181746082017635,172.9923851166804,43.69741841762289,184.96822370381943,197.1628292809432,35.58704951248303
12,1,14,1,0.0,-424823.6097445328,-2.254823474832831,27.8378310890609,274.04693160904327,16.069912445674547,31.85628950041292,6.952177876025333,102.45185908599014,68.66184657831354,185.0908728898829,143.25983632850094,23.110587467701773
12,1,15,1,0.0,-459211.1468016286,-1.6564417110614507,45.95050669611058,291.6767595608956,16.594995833077377,39.79761484754577,6.389634847128062,111.82788585350232,45.67692258890933,184.74192181943198,162.66460114600383,35.66972884148277
12,1,16,1,0.0,-462507.78070306365,-1.6129247307023566,31.512287638008072,235.84132429588473,16.668579725878757,33.856431451381205,9.282292637191086,152.39983862476552,33.60394666323081,179.19312511410462,155.08234944705347,40.0
12,1,17,1,0.0,-465739.7017488537,-1.6951154905783634,47.50670377587484,256.5369863916418,15.886078340957777,35.4002320605134,5.80928092659911,130.32680028283866,39.05626197680624,188.2446543988156,189.39057564040863,34.784863298872295
12,1,18,1,0.0,-462929.95215190144,-1.7178296067827206,20.260154897387224,257.8809339755192,15.652013633433862,36.78424911954301,4.34830959537751,109.99984203310166,24.089670125023666,162.3847858881535,179.36730186494447,35.672433608997174
12,1,19,1,0.0,-54572.17156532532,0.7120414550796604,71.86761808528018,270.4405258741017,16.703296693134497,37.15667133936004,4.863729753079291,165.5991966064548,34.49617805184807,172.21814948570292,193.60781869570124,36.56087544659164
12,1,20,1,0.0,-472853.2079995134,-1.5947623555367472,30.98636111562515,253.71924330921337,16.02719029148174,38.86975446680629,6.963044099500348,154.44343560380395,21.89566179357629,165.63449045505237,190.88562126388152,33.51205532539818
12,1,21,1,0.0,-48806.9144578066,0.6924965540850629,62.58357663823962,238.57224327003055,15.3244916350256,32.59823048612406,4.751426560524242,155.28407569641473,20.31132928655505,172.75522563404706,125.74194392642067,37.14655848367057
12,1,22,1,0.0,-428306.8239094084,-2.3620223197723726,41.32987539587084,262.87161940504603,13.589929898577306,34.067879401324554,7.226052991925336,147.67963309795988,50.5501890048135,176.4503135792615,156.34372832404284,23.14299248869013
12,1,23,1,0.0,-420445.6121696072,-2.300090860271411,10.0,229.27117853698826,10.749456630203692,35.910876576330736,6.9331167192462555,167.20129295815525,21.554826542419804,174.83950099689102,141.48339720760026,34.13848691702665
12,1,24,1,0.0,-453016.86577892327,-1.7383842844713573,50.42777770833504,260.3178102279309,16.06898726438186,40.39074846448184,7.319072758316704,125.33964956290488,26.155999089152257,176.0352528825505,130.84958941355256,29.089639731388537
12,1,25,1,0.0,-468733.3848443546,-1.5784482562442432,43.124912961397285,250.81838896499127,15.440750164090957,38.15324371871651,7.300695538541566,118.73195326292824,20.52025100648356,179.15544677504934,194.31777994432719,37.14424139475394
12,1,26,1,0.0,-443046.2238687335,-1.7506606087848655,38.949715096409555,271.2729066889403,16.3443358156608,27.696074188801312,6.460803267018121,141.44517397707418,28.986910266916418,177.4648277021416,194.70813369583817,40.0
12,1,27,1,0.0,-429249.5729589583,-2.17364777817451,30.75934312233003,272.15148793978517,17.38562937190763,27.05216285873528,5.331929912137633,144.77232365816846,33.15967609837476,177.42716643561565,124.99380621692717,33.517457078882614
12,1,28,1,0.0,-52319.30482809701,0.6457720567096414,46.00959507389612,241.06965311836888,11.77117393173403,41.08359888083886,2.9144492204353116,153.8655273736807,42.40364562910424,180.95656730716826,186.33536312591775,24.894619815523754
12,1,29,1,0.0,-490492.24716670805,-1.2964761401700553,42.083120643682534,244.54106307679893,15.700814359830918,47.80681677578881,6.27371918131617,163.79510424727314,28.126196254109875,186.93316867599032,190.64512094461864,35.7469083378719
12,1,30,1,0.0,-452400.342819051,-1.839849060209043,33.94915865906965,250.79849013237646,14.59600702020875,36.99074131394493,6.2507580604938155,118.70641705006729,43.812905046401866,176.93675836807606,150.86550716733097,38.08095722069146
12,1,31,1,0.0,-454276.44430598774,-1.789088532792029,50.90416090922061,253.5177399933467,16.51887377498394,28.951404899058645,3.6073190858264907,139.67811989302646,42.96665832599694,180.18601376167769,166.02162008213236,39.80495782705154
12,1,32,1,0.0,-62221.068201752794,0.6544374906657583,64.02775668568093,289.06687134413295,18.365068588192848,35.31075972481739,6.216201209024576,179.48696390363142,46.51491858521811,195.98813206613707,140.5352561367286,30.974401785716264
12,1,33,1,0.0,-385295.09623122355,-2.844769213116689,65.51351685810758,236.28859636763866,11.673522210834555,27.452433342677192,5.806692478420334,151.87626270994838,24.53079470080734,181.9939459264097,98.2059718947003,23.01720637071237
12,1,34,1,0.0,-459540.6059093306,-1.7893984358495574,46.74330090269727,269.1538855122717,14.51655663122244,41.47787935231477,6.087710222110468,145.4572725948417,39.67073181222437,163.86834122943537,167.33866929343273,32.47827956636085
12,1,35,1,0.0,-61883.0301519183,0.5729443217950205,42.09558512076159,274.24287200711,18.885386060312857,25.787535726232136,2.774855165575792,194.76682474472258,39.90710782590284,181.27783391369948,87.96822386328611,26.367526320407627
12,1,36,1,0.0,-453552.12356696685,-1.8596798172472446,57.55891287517728,267.27353366070236,15.521155310069435,33.769470048583095,6.321993062839885,147.4116701616902,55.281663964547775,183.31685555182136,180.95208138506496,32.47623422914465
12,1,37,1,0.0,-458997.5942238802,-1.738544814990295,36.844180272255535,242.333160574282,16.418508908992322,31.19746267723778,5.500373863367825,137.07464864991562,37.78904397450038,176.18908604383546,164.4544850325633,39.17297618085932
12,1,38,1,0.0,-455249.61980546033,-1.9328689700505381,36.1629317291154,252.45625819547604,15.963684225327409,37.250590086147895,4.72050924935729,146.61422665065086,26.78670297348559,172.19013569343048,161.45955728945347,20.193365605375423
12,1,39,1,0.0,-469812.94129115675,-1.3861720763404373,44.66329299508815,261.17594269976433,18.45260521797995,41.26278180151006,5.404111212859061,138.3948347451709,42.94333800484207,182.84550266253257,131.39176525263525,32.6801165838976
13,0,0,1,0.0,-351549.21794295794,-3.6559827952299413,90.12785930575842,327.0349598035092,8.567331750157587,43.82318552303792,5.406114450185588,105.41674285298906,42.48532295913204,182.34952587311636,90.15901248916319,4.0
13,0,1,1,0.0,-325906.3991802022,-3.7114452872376256,54.98871897448727,328.0,6.012271597613655,50.0,4.607320475639954,119.70264392095623,44.829830983645515,186.92750944189723,89.7070781904431,11.92118096326053
13,0,2,1,0.0,-369858.67704307206,-3.6517888523872886,50.171520468348106,314.9963178849398,8.73329000363542,50.0,4.437997635806731,149.08829397275846,43.97347082244097,192.26442983861645,25.557561914055107,4.0
13,0,3,1,0.0,-357587.17507767945,-3.757071468657673,47.459228034979496,310.59385299751983,8.175684105478965,43.88879988352569,5.3458000015565705,127.28719454765694,37.811591169762224,182.81017720653622,99.714338201774,7.872281459039587
13,0,4,1,0.0,-345774.6782987036,-4.074524042306353,52.408364830678835,304.0927559294204,8.879670642958423,38.17651825668575,4.5680887718342,144.43618030367227,40.83631944670914,168.07969802348404,20.0,4.0
13,0,5,1,0.0,-365825.82250538934,-3.4236586005597953,55.829574640309836,333.0206449045834,9.808642673577095,48.90059409963081,6.82462832939388,114.13958433527483,24.066919533845066,182.7997434066874,38.398340022212096,4.0
13,0,6,1,0.0,-350330.52387033816,-3.9769432488905316,38.201515769661526,328.1104139049022,8.061757392825593,46.15623849237505,4.272563618958594,160.94213400424056,46.05553326533423,174.35198257248936,54.6340642571994,4.166294179420401
13,0,7,1,0.0,-390132.0032282405,-3.315532032017061,56.50256513140708,276.16464131877586,9.020255156399081,48.121636678913035,4.995690003623249,152.03432971692084,34.11143623421754,190.31357159171523,64.09156609192341,8.128936674027408
13,0,8,1,0.0,-391330.8057363094,-2.7592403163166255,61.973912512453765,336.2246018413398,11.94047470850823,50.0,5.5314938097056885,123.5501680448932,27.317161604599924,187.72347490815068,30.3455297633577,9.541441011928278
13,0,9,1,0.0,-362072.7578265774,-3.657471097590433,75.79244017152632,298.63574658571304,7.976287351617646,50.0,4.121271704973793,116.0811433895186,45.97675548048709,185.7868744758719,20.0,4.022196935156812
13,0,10,1,0.0,-317212.22975824436,-3.1832848172662125,55.95940991054757,302.28822877912353,6.485193958160233,43.500294476159944,4.751194656195569,103.8317235135111,36.825148399945135,180.4028405322786,78.11271814920758,26.915979672473696
13,0,11,1,0.0,-377849.7120241487,-3.2739500745242296,60.338090264203025,330.28676430579964,10.110556304890633,46.43854307793259,7.38389390812713,138.01831077151286,46.34759712446919,186.95932447708273,53.861934074535114,12.706002063470041
13,0,12,1,0.0,-370922.4255754053,-3.4875254266851314,48.04239787914817,325.1556924375973,9.339949447013382,49.380899203202226,4.948506591132875,130.31905859791323,28.465944355529587,177.9880946773496,62.68902758090214,4.0
13,0,13,1,0.0,-333281.2209954593,-4.209219895923833,43.987894472712775,322.9263956052129,6.511859616861768,50.0,4.507099085555715,158.69051012011653,44.0302849700419,170.1934497636787,40.30905957774981,4.0
13,0,14,1,0.0,-361591.57087499846,-3.3117194032029125,66.23871925171355,331.62805644798476,8.14957915920298,42.405742354614006,5.13921233484647,140.79999420984862,50.85171768801697,178.04594111418024,108.006800556502,16.791554272296864
13,0,15,1,0.0,-325854.2959430509,-4.208499932728194,41.823049949291764,332.68711706365224,6.5595141817150235,50.0,4.17249869036036,122.15222485590115,45.54690573938171,172.1941629279777,56.0,4.0
13,0,16,1,0.0,-385134.46550788655,-3.2380628318336906,55.563781775649325,301.6372413171935,8.259579590359328,50.0,7.291928775463934,148.75394421297446,38.6796192773001,171.41038744473323,105.7767837459827,14.108799976872048
13,0,17,1,0.0,-334501.8694342899,-4.2117645320468196,48.32812711944945,331.30408671297295,6.667060256087588,50.0,4.126538132439237,157.12661649636198,45.771053072282875,172.72713546582239,30.14618981682346,4.0
13,0,18,1,0.0,-385989.4271658981,-3.102237645372426,45.06372458887449,312.86100216370085,10.475210423832532,50.0,4.663532650710811,143.4591656048921,44.17606121979038,167.15847772231294,41.48543184281526,4.053312046083299
13,0,19,1,0.0,-336835.9644694639,-4.027517729950461,55.30101535551859,300.05642746068384,6.858737920923413,50.0,7.398788828980669,110.08751590991014,53.01474413353916,165.50022626386703,43.134905110453246,5.143166786144657
13,0,20,1,0.0,-345063.61967638123,-4.053183644428641,46.28509260420431,324.14668739811816,7.250109793791248,50.0,3.977109455661316,141.33847293420152,45.11544846171934,171.50269053042678,41.05234133112225,4.0
13,0,21,1,0.0,-332166.8215837028,-4.095250386668988,36.51268225060415,318.55704855252355,6.472990967137525,50.0,4.526523025377958,134.94248689073035,43.58778294802352,172.75129297699897,97.03641123010186,4.0
13,0,22,1,0.0,-353417.00643293606,-3.896636532850944,54.45902003599909,315.7129723624514,7.006430602104056,49.367573307385925,4.5666322742831165,159.81256586654533,48.53515753790429,172.86077529329165,116.45353299377078,4.26894488180577
13,0,23,1,0.0,-348673.20539923856,-4.039402068657838,42.94606937066084,317.9803931404689,7.076724653189239,50.0,3.573031133660146,165.22163460073415,42.83759978524642,169.87074834600148,47.26515576896545,4.0
13,0,24,1,0.0,-328242.7698799983,-4.101324161084839,48.558007488913056,339.2963055384835,6.611551119738468,49.59451660210993,3.9201149340068095,144.49779102703627,43.272954883782766,150.0,60.59040177210541,4.0
13,0,25,1,0.0,-377863.3354505075,-3.276163851433025,35.46412932669326,335.12263302102957,11.326667825429393,44.87376522098686,6.034229476025314,148.67437350435475,38.64519119681222,188.89675248595643,44.050595490502786,5.402496049333084
13,0,26,1,0.0,-344022.4353264598,-4.124138640453435,50.85534165665622,334.31235166384096,7.380075567915411,50.0,4.864397580423721,144.61698297446142,42.258976113723044,189.1502532305952,23.808949839655625,4.0
13,0,27,1,0.0,-347531.2850532323,-4.072945352424065,59.4747568873867,337.829655321074,7.425708990669775,50.0,4.152542733201738,148.44945334780127,41.997575976616524,189.16271075635146,21.26343577227987,4.0
13,0,28,1,0.0,-348864.32837261114,-3.9103453416572393,36.46435350665175,344.3181850876264,8.291542050511431,50.0,4.3475644409270995,131.34660764185494,34.70585825045619,184.11740047875048,26.832939017181726,4.0
13,0,29,1,0.0,-364877.47157121776,-3.7476584344760178,39.60493799850608,286.2471767975316,7.219603798187153,50.0,6.011025617440108,153.25076204949409,23.97998047555432,191.95773506110365,85.84110662055507,8.478928404748828
13,0,30,1,0.0,-345164.8447298625,-4.032260485160599,52.65072619064957,340.9378519358432,7.523178391798328,50.0,4.070655538885987,151.62637642494923,45.121525907131925,170.53947423390136,20.72582895398233,4.0
13,0,31,1,0.0,-333347.56288829946,-4.124513061857206,47.9116624930165,326.93185434511736,7.085091953274782,50.0,4.760253631609725,113.24947275453832,56.59256586140937,165.45376820840846,34.967656390660174,4.0
13,0,32,1,0.0,-321939.324339926,-4.2806095505286095,48.65391786929588,332.74164483553824,6.292010171701632,50.0,5.62518716901148,159.12855635404023,61.488915551929466,177.95852271383023,20.0,4.0
13,0,33,1,0.0,-366686.0333176393,-3.62876335800395,53.94843722900977,330.59067776784,8.550138400215022,50.0,5.603375857422897,155.63362109262,49.28196555170775,175.2448675350067,84.06538461754756,4.0
13,0,34,1,0.0,-326289.6168213785,-4.243643864877641,62.955069876541785,322.11633014666324,6.127141521411097,50.0,4.517451681445217,141.4129025688321,40.32756296952734,175.84128653397207,20.0,4.0
13,0,35,1,0.0,-333787.5999652808,-4.096935267713583,41.08134542504318,329.6048599002827,6.349480980153679,49.958127269155185,4.073266306474698,163.51748440344204,38.038683234573334,177.19996980816654,47.73562584085484,8.833526851158032
13,0,36,1,0.0,-357052.72644551634,-3.973142420077056,43.19634846987604,298.23587226248674,7.359824350917059,50.0,4.529100272415027,147.69169349512634,43.53233893402316,188.16524831684706,52.279582315776835,4.0
13,0,37,1,0.0,-346211.5759513091,-3.9213189451712123,47.67570353181475,310.2746215107134,7.386549985415007,47.44244480407896,5.767470009191331,115.5928963259257,24.75594545952011,180.49776751956864,68.48902026010038,7.99215125817439
13,0,38,1,0.0,-362543.63050305686,-3.5373213215637094,79.10939149489062,329.7517251464641,8.773704212244311,46.82514268982307,5.274804681904048,129.9378005810637,37.13246515473472,167.3317686199616,87.1602433664,4.185641853811005
13,0,39,1,0.0,-319766.65133141674,-4.348339298083393,48.72835718209681,345.3721390470461,6.3390455932835765,50.0,5.0337495388227484,145.7699996048727,42.21293643526076,180.2143024956755,20.0,4.0
13,1,0,1,0.0,-450833.7782145947,-1.8015172786693203,42.93543450821268,265.3269663358493,14.012296573546045,43.00786498030986,9.281368683334637,109.04659181130495,28.792109210653425,168.4942759368354,159.03355317289913,33.32013334354519
13,1,1,1,0.0,-463700.9960704724,-1.6961072055523896,42.97902385540023,244.13925376658935,15.746384018499995,38.08170569317717,3.1493309188349516,122.83224679401022,36.585307305454855,162.72164784045134,149.1314626429862,32.36421089900478
13,1,2,1,0.0,-458216.22402642615,-1.7500416876838574,57.01164851669222,273.7749226794634,15.786245374570584,39.51539066879744,7.483621900648601,137.28759862473368,36.61431555797326,166.95536425031884,172.9941972932246,28.83377748401242
13,1,3,1,0.0,-456908.726752854,-1.927995627772408,41.98473966122096,247.76312408889626,13.45786219671292,44.63738891077124,5.064967670298388,105.90403778184157,41.816073000096026,169.9560693316527,181.34489901624673,21.206426054908594
13,1,4,1,0.0,-445347.0483550635,-2.005368155009498,38.00284740519358,234.89977246614785,15.811392103822747,30.18066635216205,8.390395873283666,146.25256743931058,20.665132355341505,184.07530950843096,182.04794032633345,24.79476365260853
13,1,5,1,0.0,-453324.60943503416,-1.7507630485023924,32.47960666668621,268.39639561791034,15.051097168787757,36.841380959522425,5.453271569609316,79.18850198456798,25.81979364940306,182.0752841788419,185.18264608355895,36.86621142270366
13,1,6,1,0.0,-453941.699136649,-1.8975196893867343,43.725528842217656,254.32427202521828,15.501324548217367,40.54261082604702,3.2521948467139126,114.61068864496067,38.74721243432872,182.38697629848664,171.08704118565961,15.184453593456148
13,1,7,1,0.0,-475435.57232972916,-1.5020361647910763,54.5714938931205,302.09815541619264,16.731549613575307,43.73054685293454,5.925705596691454,154.77144325443052,48.51950861826962,189.31871566337892,186.08821682549754,34.667339070128044
13,1,8,1,0.0,-463368.16312837676,-1.7432605061426552,45.67121041192611,291.18312616402517,16.397415532683418,39.0864884390714,5.068971164465498,156.62543376756327,23.801799244439568,189.97418332446065,166.74081086526397,32.36952500094985
13,1,9,1,0.0,-428259.16938826157,-2.096483924882246,40.883319544090654,265.473582100668,17.957944751117193,28.697694445938538,6.077476433462829,98.9222428491264,33.384506147154035,182.91805914620025,118.59526743610229,29.01630183767959
13,1,10,1,0.0,-472585.6400055571,-1.5919724634827799,43.400952340910194,256.57702511936293,15.586451526014212,43.39655942432967,5.9672631620712515,148.48226524422498,40.720067639841,173.34903693251812,174.6710648440694,29.837960400312422
13,1,11,1,0.0,-460662.45072127774,-1.774948744462718,33.21063504787704,296.1688454390756,14.762003773119202,41.769813922306646,5.971579357250111,135.85829863891036,37.96941322637342,189.56989529624497,180.4971566997634,35.893945191803674
13,1,12,1,0.0,-459177.2883376495,-1.8311574166477338,44.22499233393279,235.00329489791446,16.234861917296946,30.103583621249,5.525137592611395,164.94529020630688,44.85737892451738,176.84385748316893,169.20769225025197,33.944346612964466
13,1,13,1,0.0,-454528.4941790739,-1.855274009288355,37.29460383182334,313.50500538267215,15.77880917669059,37.30757678472365,5.4243396775366755,174.31707156894151,40.45472851574835,180.80068565352778,161.1628292809432,38.18246134666645
13,1,14,1,0.0,-437596.58052132523,-2.0775053371870893,35.6299551025689,305.67972105241006,17.005978756665854,36.50536183821656,5.4135261694783665,136.45185908599012,63.898108831260416,187.27006856328245,130.86492177026508,23.111074423018643
13,1,15,1,0.0,-459532.5876841338,-1.8215929010238827,50.98761933124101,266.5092036779524,13.594995833077377,39.48592643773268,5.094359989332968,142.64340508629647,54.41184860266111,183.17473487903982,183.2573132711918,36.09905295452742
13,1,16,1,0.0,-469427.382962114,-1.5623322467734149,26.119672544399663,249.21048409925228,17.012425822740184,34.55023441093931,8.538018681768277,154.57431180692592,35.34158481224805,186.35133551372763,176.52790460864284,40.0
13,1,17,1,0.0,-35420.73971045888,0.7812409745864469,58.11494703916631,237.85279600423934,17.7261807049993,32.002264736030114,6.721078215486049,102.96641010178841,45.157534802256166,181.10339326540077,153.39057564040863,30.670704971061326
13,1,18,1,0.0,-450208.87442098884,-1.7492977095794056,30.221687687260214,266.31759359255125,17.28949764004671,27.784249119543013,6.14830959537751,143.99984203310166,22.043947520383433,167.38587217428176,198.7919186896513,36.601302399023936
13,1,19,1,0.0,-482896.960545298,-1.3729637396318317,49.867618085280185,238.4405258741017,16.497332905513456,40.506325553878376,6.032988989332715,131.5991966064548,41.707396394822936,182.12384496530117,191.53869170051772,36.16543007623413
13,1,20,1,0.0,-474861.8248957722,-1.4715323249245083,32.612324080623,236.31297194628064,16.216713424609537,42.127082967377206,7.580290041564262,134.35944133011702,16.615055292776344,177.50155144024953,177.35786409629853,30.019625032192327
13,1,21,1,0.0,-463071.1938282684,-1.7763042434078842,40.58357663823962,238.8071494142183,14.195386936108632,39.155954887600515,3.819889298646138,158.63138355760802,29.16959384478612,169.68683272606094,137.26663749069073,39.66878705559594
13,1,22,1,0.0,-432261.40801140014,-2.4020659329222736,35.137388011518546,251.86124060335837,12.191196956196418,36.482495055919095,5.588382467001882,148.4038841405786,51.91535247257052,183.3927812490381,160.89614260181375,24.2012268518829
13,1,23,1,0.0,-467073.9686438318,-1.7325529255196996,30.122792147658185,232.28432112960786,13.735444634854574,38.279884353009194,8.225168076307032,190.76786647746368,19.677058977886723,169.95512913226273,177.39684773878741,37.696049990256824
13,1,24,1,0.0,-453003.4618669967,-1.7247392850389982,57.06088064398154,251.46150164768324,15.967911523004565,40.73799345063061,8.253662567256674,135.2641830436898,34.899423299944786,178.79312341408738,128.22799105065346,25.930420057571382
13,1,25,1,0.0,-437031.88667534635,-1.7629326894928143,46.32622725523504,251.69469061456982,13.471127601479244,31.374845860551574,6.74333397845993,123.76214797529364,16.537278814795926,179.3593091896639,197.92088825786934,40.0
13,1,26,1,0.0,-427116.7784689443,-1.9522719348181283,37.094270949570614,251.35977749848124,13.344335815660799,29.752872868354086,7.317496129918155,160.17286524343524,36.48459370122147,165.4648277021416,166.31485028718959,39.999811687035525
13,1,27,1,0.0,-346281.3965034404,-2.6581300883871832,35.76994046816568,259.3953203626135,15.75458250315774,18.05216285873528,7.1319299121376325,145.98026494126657,51.15967609837476,180.44953573525552,102.03950213855819,26.317457078882615
13,1,28,1,0.0,-49630.779360491986,0.7245460513613344,43.138445396153514,247.54907984960633,14.113217417958234,42.880790266713575,2.5753691545884103,144.9943104251286,39.87783834165152,180.76099952404707,185.04330670142687,32.09461981552376
13,1,29,1,0.0,-482882.60408957885,-1.4093541813933155,41.21573793252308,251.2962773742672,14.951959515507651,49.275579673079214,6.97633189040918,160.0831430974796,20.523350453211464,188.6623581478314,178.2191930073006,34.50111877784219
13,1,30,1,0.0,-424513.0714526523,-2.16011362179309,26.514888655126114,255.83344244516454,11.59600702020875,39.00896080420475,6.839510288619881,92.59475131722459,25.812905046401866,185.15844226904898,135.46443261857556,40.0
13,1,31,1,0.0,-450537.59532750794,-1.9223642275079411,52.16849991980379,261.0550850916525,14.606973959095608,31.890631634357312,4.284061700336377,161.33959104702336,26.601114944493617,192.18601376167769,164.9781450509986,38.61969138405297
13,1,32,1,0.0,-476960.2180280167,-1.6105090397817847,49.65709116911914,270.05550714496184,15.365068588192848,44.31075972481739,6.665432154795864,195.22620371064426,28.514918585218112,198.6135475550149,176.5352561367286,31.74670784673907
13,1,33,1,0.0,-422526.70182529674,-2.2748428377856977,57.146790436583345,241.93914521627232,14.673522210834555,36.452433342677196,6.5261393840120325,163.68449919828814,20.656775698056272,184.50426448949585,62.2059718947003,15.81720637071237
13,1,34,1,0.0,-481500.09907335846,-1.383260770220827,34.3115569127226,276.9023201648495,15.998404299988215,50.0,5.708616714975204,179.4572725948417,27.63034310132879,170.53890193783897,161.6484951025144,35.70060787818437
13,1,35,1,0.0,-461995.05874943046,-1.5932563048733728,42.69359393641791,247.34017558732725,19.18532661644541,34.787535726232136,4.574855165575792,163.78848067145267,30.6769544532345,178.6956798873166,123.96822386328611,24.571854921285173
13,1,36,1,0.0,-57348.573505908455,0.658223095531887,63.43508199784345,242.44375328538223,16.084011417700772,32.75520977530798,6.362860967327727,165.3703275570345,53.43906897112281,191.76730837673514,187.42948961655614,32.60009010339057
13,1,37,1,0.0,-453513.9995898009,-1.8874121936318915,37.44310255737077,256.7453916551867,13.826410129315901,40.19746267723778,7.198509144712052,145.75288349035964,28.158375291222615,177.7631518322929,148.62176505580084,36.24861132647176
13,1,38,1,0.0,-465794.7600959604,-1.6183060156749027,27.157319630546404,233.23118034734975,15.571774397852273,44.64214719000803,6.52050924935729,145.40092782901513,18.049483564199065,180.93053061986888,152.42331535463808,20.029516758062837
13,1,39,1,0.0,-473416.9635034237,-1.4867113034217798,47.02373358141349,262.1027085117311,18.039854120431293,39.001437240086,7.204111212859061,162.86330516111866,27.492867703310278,186.09217325011383,167.39176525263525,30.3568856560187
14,0,0,1,0.0,-379766.43498386187,-3.2614364915343,68.12785930575842,319.52870665251265,9.518063644691686,50.0,4.886799761259716,139.41674285298905,32.79962995136053,172.42944980112838,54.15901248916319,5.783546161323213
14,0,1,1,0.0,-340975.0356569092,-4.050670061009149,39.98183898656491,315.2984008749743,6.61437068043515,50.0,4.149070876120717,142.89776990233733,43.7595741449461,180.56044981829,53.7070781904431,8.674884196749964
14,0,2,1,0.0,-361437.95107501757,-3.874338486581722,51.62471105307873,307.93025616165767,7.667287368611521,50.0,4.269510944544974,155.73654174903658,42.54654136420262,180.26442983861645,48.079651841662084,4.0
14,0,3,1,0.0,-268114.6860179763,-3.891553034472915,61.35543735906991,337.96158824564,6.469893646343875,37.38675864448848,4.6540503068713575,112.78184093166726,38.53300228193053,186.3138631716399,106.39308409534942,4.0
14,0,4,1,0.0,-359981.5901770722,-3.8967448927260904,47.868974231196844,298.5417447967495,8.118571855513457,47.17651825668575,5.122433683613609,157.70905971929974,39.77768584313096,180.07969802348404,20.0,4.0
14,0,5,1,0.0,-382859.179665263,-2.747928084376091,54.25896996361485,335.811425912599,12.561734662889567,48.59150004536826,6.625016126193444,95.41856764530971,24.58815979565526,187.02161180115374,20.0,4.0
14,0,6,1,0.0,-325322.8446366341,-4.1312563934897994,42.49003916687318,328.58780133339906,7.1844450767752726,43.04485902909154,3.9380911794310602,148.3388608065087,48.38734783477553,162.35198257248936,57.02477402548321,4.099194173388464
14,0,7,1,0.0,-347882.4823293396,-4.104101150861104,37.91700818387409,308.16464131877586,7.015458270488498,50.0,4.635335599317266,163.2022059317067,35.307614061708364,178.85862025747747,28.09156609192341,6.931202170665255
14,0,8,1,0.0,-390678.11818214535,-2.9725528366938696,56.243822415565795,348.64714011722754,10.73452697001689,50.0,4.400886997538311,122.89473714560725,39.12592751688812,175.72347490815068,66.3455297633577,13.792291732468442
14,0,9,1,0.0,-368222.0491036972,-3.6242527038688546,57.28496419620793,330.63574658571304,8.760725550986352,50.0,3.7851149229482233,150.08114338951862,37.111571424935384,181.93862000917477,31.70631647607609,4.0
14,0,10,1,0.0,-386085.26088386704,-3.1965242547954498,55.457254286599245,304.98538972418544,9.485193958160233,48.6980251949718,4.608038684357134,134.70482259117176,44.66461175164491,175.94487076735558,42.11271814920758,19.715979672473697
14,0,11,1,0.0,-349776.6446626006,-4.02677849890653,38.72696879603912,316.8380622673058,8.461034853180573,44.102390425273136,6.043130857291238,151.29805955760162,40.387651518369935,189.91274297829239,20.0,7.948771752808982
14,0,12,1,0.0,-367772.6226242972,-3.7319085495745656,47.31417155932084,296.3965768550945,8.208454366824984,49.780899801237126,5.50427738715822,158.5010174017672,42.68642323180842,183.5308847560875,32.69746920608859,4.1317941415411505
14,0,13,1,0.0,-333352.5395970648,-4.255655294135071,42.2177268865049,324.3635593955372,6.498216103922229,50.0,4.503581163955732,166.26953794223155,43.80662762098569,176.7545550153175,31.41674105566721,4.0
14,0,14,1,0.0,-373771.24617459916,-3.438916904211057,75.17773409952096,326.20768422287307,8.619581469545118,46.27787991645641,4.5177003850975295,154.12293182095212,46.85159184270999,175.7484389675309,72.006800556502,12.2975418446923
14,0,15,1,0.0,-336502.67115260486,-4.074173164330264,52.86120251375007,312.95016159038437,6.633200425681843,50.0,5.650964661068369,129.1740823082532,33.98079966815187,164.02078765107274,73.58742723127818,4.0
14,0,16,1,0.0,-400922.0954693793,-2.797438619983338,54.927359202901215,281.6907424822665,10.935776968761923,48.46104954545396,5.4919287754639345,139.723732578321,20.679619277300098,165.6521591910035,69.7767837459827,6.908799976872047
14,0,17,1,0.0,-319592.73129928915,-4.2975944205919445,52.887096401598,332.72316738727136,6.149404613999687,50.0,4.7438010351602795,141.72663721446358,42.58609401122938,171.962748299061,20.0,4.0
14,0,18,1,0.0,-364408.25403494335,-3.6396927352729804,44.66496601427755,318.71479223089807,8.777397298239393,50.0,4.571727198184821,138.7330420094929,34.97761579515177,167.64398792526327,25.633349141773756,4.024113305558553
14,0,19,1,0.0,-339884.1268950176,-4.077360911392052,44.7477030725954,293.29427474259535,7.031985248893836,50.0,5.598788828980669,95.44162387524455,36.72922127450303,168.5873853093577,26.838556789174376,6.412213473184896
14,0,20,1,0.0,-340242.6476936254,-4.1015088052156985,44.73200022162334,332.97035276702417,7.186045540523561,50.0,4.157393493743396,145.6258113493592,36.83635863504038,166.22466660199316,35.01778985681625,4.0
14,0,21,1,0.0,-338697.40552462,-3.8618453867254843,58.51268225060415,307.85702555098715,6.722043149987127,46.46222789713453,4.501344857272673,134.30132265702474,46.709045415779144,160.75129297699897,94.94147449094896,6.239640566296969
14,0,22,1,0.0,-360353.5324794504,-3.681415517145019,60.165747199958375,335.0020658321876,7.270811081046911,50.0,4.7847659214853,168.24320522755102,49.732927578810006,172.28923729067301,80.45353299377078,11.080902658490585
14,0,23,1,0.0,-322365.0606535843,-4.107537853215169,42.408860423636526,331.2699425564374,6.052689152527267,50.0,3.181277246565778,153.78490607309087,42.07692875634021,165.3124052710539,65.80543449101032,4.0
14,0,24,1,0.0,-314259.4631464666,-4.1990795206558635,54.798985512169196,345.3164952382194,6.161391155869908,49.668452663332964,4.643685994508799,129.2956239250316,42.76742688944295,162.0,46.91747186364029,4.0
14,0,25,1,0.0,-376012.54774425796,-3.3582072619676766,45.7100974559541,337.8865545051234,9.631750413281956,50.0,6.591642362215109,137.47931591377287,37.35409770135946,183.00063504620852,80.05059549050279,7.066304546368116
14,0,26,1,0.0,-329875.3658138443,-4.330548460750078,49.895896263218646,324.7136370306058,6.4769836651547115,50.0,4.349252551610212,134.06225456452617,40.55407214755892,192.3937754999191,20.0,4.0
14,0,27,1,0.0,-346429.08554474905,-4.0905880560324945,49.06620826357962,333.62055330106625,7.325698680415826,50.0,3.2662724489499695,147.46146853068228,36.28434478380013,190.51269451064852,22.513169904362677,4.0
14,0,28,1,0.0,-341218.22210399236,-4.182784105877721,43.46602675184123,316.5045870110259,6.987438320254947,50.0,4.090915932829046,136.82311931609098,32.11959637203162,184.37470015688913,25.918575374595108,4.0
14,0,29,1,0.0,-374908.1562762512,-3.2525750172222616,26.06165789014058,318.2471767975316,8.736487942495156,45.83059382764843,4.211025617440108,119.25076204949409,34.69257181536392,187.78059689771536,121.84110662055507,14.937330573239832
14,0,30,1,0.0,-318212.6966168901,-4.278933158000861,56.10171017189304,339.562118440345,6.014912948446855,50.0,3.988742500809747,148.76371686349398,44.33502652543886,176.56499491367606,21.361573653833663,4.0
14,0,31,1,0.0,-338036.63383031223,-4.080182903740391,48.56255752545348,332.7095939461582,7.314986914335055,50.0,3.98893131756003,116.23256007077313,49.118613526895714,168.09931229427409,30.84109628546218,4.0
14,0,32,1,0.0,-330007.8413692087,-4.272486480174535,44.78501780823409,333.12247739827575,6.62023621406694,50.0,5.651640812679436,167.6072668668131,50.640825034709565,176.73529478413968,20.0,4.0
14,0,33,1,0.0,-357605.94370255666,-3.7760440288597414,46.814315596145505,336.11151447677435,8.337398954384112,50.0,4.63575685661511,148.1727089601507,44.52997591017877,169.31603076102311,48.065384617547565,4.0
14,0,34,1,0.0,-332365.2251655449,-4.2027464240272,66.40610967742663,327.59374842690875,6.452317365842433,50.0,4.597990763896945,144.94590161652533,41.50563152834179,171.66847208242837,20.0,4.0
14,0,35,1,0.0,-354146.5504856842,-3.8472080210332806,43.54668797157004,322.8228082742251,7.244278243426696,49.97466929509288,4.428877825095066,142.58659481305122,41.66217260055048,179.77869406357297,77.45643926811402,8.73666048278653
14,0,36,1,0.0,-373634.60057806486,-3.6109508220046744,48.83512475374147,297.59724353551104,8.51513257847563,50.0,4.819508952978556,143.37994217462585,43.014750496792324,191.3242296588548,55.51238566648487,4.0
14,0,37,1,0.0,-358317.55661817413,-3.6905024315650232,54.05483427015789,329.0753783863674,9.037813126565478,47.9145066075825,6.696094833084864,125.08327341182215,42.755945459520106,180.81359504288852,33.46800085744236,4.0
14,0,38,1,0.0,-341073.02848003386,-4.032340155912723,57.109391494890616,333.80985152876747,7.838298187672763,45.26635941997527,4.643462089356912,133.0083200317636,46.4327111295908,164.06651622956406,52.886117833717705,4.020142497003977
14,0,39,1,0.0,-334379.71673056396,-4.283734825980804,48.68615988250067,313.3721390470461,6.479393248943069,50.0,4.07846841057046,139.47960267015924,43.16650185542692,186.87009425068334,20.089234669817774,4.014601195646641
14,1,0,1,0.0,-441582.5392184828,-2.1574957194094444,48.610662946640566,297.3269663358493,11.012296573546045,50.0,7.481368683334638,143.04659181130495,21.604334134620775,168.29043829585748,189.33193677731964,26.120133343545188
14,1,1,1,0.0,-455010.56149543426,-1.8802329551498498,41.53867289779871,266.7080353870006,13.836327589004433,47.08170569317717,4.710454926216344,123.67432908658867,18.585307305454855,174.72164784045134,144.2731287972955,25.164210899004782
14,1,2,1,0.0,-473070.9821614529,-1.5202164253757244,64.48559550643603,280.9396119266974,14.680350398140837,47.95168365078781,7.96731081424448,149.00434948642427,27.548556273285826,175.11442508942326,183.29471473409563,35.00446147410002
14,1,3,1,0.0,-462147.0242719925,-1.8443695083805098,33.873233613590344,279.76312408889623,14.223458187035758,46.26642433736494,5.436364606751419,134.6234950427215,47.31560949528157,176.60974271711754,185.1113463349125,24.875610392854906
14,1,4,1,0.0,-446687.34607020806,-2.0262173186270145,16.002847405193577,254.74087247385262,14.80410434868174,30.65301517582993,6.590395873283666,180.25256743931058,25.547059280964895,172.93006158642552,200.0,29.428749295358134
14,1,5,1,0.0,-476163.87139023945,-1.4641052540044983,35.362069866237555,248.33437012799078,15.598670735525959,42.89868914236842,7.024806300805033,109.50222345932914,24.24624465926442,188.34544896307028,189.6354293609472,36.04725794544643
14,1,6,1,0.0,-458837.8359260128,-2.056281154543601,39.11920433365694,241.31962456807744,12.501324548217367,44.576376053867534,5.052194846713912,148.61068864496067,40.69054740504719,187.5190673976435,174.86998860506714,22.384453593456147
14,1,7,1,0.0,-463379.87539032253,-1.7865202691863054,61.7690354934605,321.34746182200143,13.731549613575307,47.4463080947505,7.725705596691454,172.22787987634865,43.528458483014255,201.31871566337892,193.195253740828,32.637475265140154
14,1,8,1,0.0,-465379.2133230098,-1.859809351811837,41.333799016544276,270.1758084460763,14.667146464779158,39.06785050672872,6.067072092584128,186.26718698664723,32.2551915815432,190.4008685570145,186.27244741296488,30.603230977543287
14,1,9,1,0.0,-39304.831332719914,0.7157233064006633,51.15860930222704,246.82990128275276,17.193019940851027,26.021223674875863,6.0668930758068615,118.14998391184679,37.20259368409293,174.57844310313058,136.26078432566507,34.34120832843451
14,1,10,1,0.0,-466677.8113309367,-1.7257844557578468,43.33399400220983,282.16854531290426,14.797721945706902,48.97682099554121,7.068213025303068,175.4676669282506,58.720067639841,185.34903693251812,170.45097800443665,23.336809238496304
14,1,11,1,0.0,-468583.5982307075,-1.6944790154222908,33.65997572282581,299.3923292757217,14.528120565597552,47.303501725139746,7.20477815063629,166.8937054949395,42.144629335683845,187.7360603277541,175.8898261846522,35.116535706584415
14,1,12,1,0.0,-432234.1966847093,-2.1544968810072236,44.23301810497918,238.10100975164585,13.234861917296946,29.935295830523774,6.1690302754460244,164.6928118775944,27.77466472652722,186.76696093317497,165.55079033161036,31.974193698433858
14,1,13,1,0.0,-441495.07211124146,-2.1966583364631127,25.133978321640733,289.04141516332663,14.396209131812762,35.196605011954034,4.572090558635446,159.07336537734818,34.83801851637773,192.80068565352778,154.58923325591556,30.98246134666645
14,1,14,1,0.0,-463189.6839600568,-1.8005975672098176,44.48916341155561,273.67972105241006,14.069182956263095,45.50536183821656,7.213526169478366,159.02969788664836,49.282708273726726,188.9369052951087,166.86492177026508,30.311074423018642
14,1,15,1,0.0,-471648.2725267235,-1.6923425360388353,53.30541104514223,234.50920367795243,11.690865959898858,48.48592643773268,6.894359989332968,133.1359322141404,42.87452800447596,186.45710961229088,192.35141251940195,36.01562900474023
14,1,16,1,0.0,-476339.18941491714,-1.56073926119894,47.76154109319242,259.7920539551011,16.00069945503263,40.17435620852715,6.738018681768277,164.21918941799237,32.85644620400572,188.62266921023888,185.5537828490395,34.824065550983455
14,1,17,1,0.0,-38002.22986511411,0.735884645285488,66.55533367518096,257.8361239308489,14.755055060789392,34.0246359125579,8.52107821548605,107.09768432955056,41.90484964067774,189.3892190050225,160.32626409081885,31.529606716496573
14,1,18,1,0.0,-365880.09657998953,-2.0461229721016085,35.766766589320994,269.9982172011952,14.289497640046712,20.759275918848658,7.94830959537751,173.41971434442254,28.798255729870913,178.00136424314096,162.7919186896513,35.15735066490184
14,1,19,1,0.0,-481170.4465027531,-1.4138365340699068,42.14718933200226,250.8333128608382,14.982792858639382,49.506325553878376,6.288818552777079,165.5991966064548,33.17801519627841,193.60246333488718,155.53869170051772,37.33852757894339
14,1,20,1,0.0,-451051.427821408,-1.8982170262728473,30.649903234069107,232.03750260496366,15.237927071373377,33.127082967377206,7.1069456778449425,132.54598682111543,15.724029574089576,188.8082182858884,155.98601305161202,32.48064191681506
14,1,21,1,0.0,-486284.4296014903,-1.4113483225049142,18.58357663823962,237.23770529260128,15.763266391345498,44.70556806124517,4.793578552025993,164.8933296748074,32.36935036982849,181.68683272606094,173.26663749069073,35.63323339590729
14,1,22,1,0.0,-454166.50623789005,-1.9151190177376456,31.424110686734885,259.5460757275121,13.721044975921275,45.482495055919095,7.043063500655078,158.16263756341482,38.7664119329387,185.46605901984722,124.89614260181375,31.4012268518829
14,1,23,1,0.0,-477029.4485380167,-1.581565304049876,32.61029970574616,246.91551196185696,14.832729386330223,44.95576316274412,6.982397816552018,196.9846237702991,7.252647411673415,161.95998172843758,179.29358826925494,30.496049990256825
14,1,24,1,0.0,-464861.79433809884,-1.7087489098884319,47.07765366813719,255.50469961818385,14.907579804237246,45.097463298212624,8.112848473758008,154.6312853635866,31.045064597818968,185.9243370269747,164.22799105065346,24.709110258082376
14,1,25,1,0.0,-455135.7644139262,-1.8876562473089482,43.13579463370405,237.5374598563123,13.917018405780572,34.56911643746443,6.335970978229442,157.76214797529366,17.32528556499625,185.19764216471046,172.14900255487157,35.08612004719427
14,1,26,1,0.0,-425096.2768032622,-2.197237087186503,31.117027477502287,251.93417839571842,10.344335815660799,38.75287286835409,7.468303018418213,173.8440320047516,35.72128388031116,165.09994418724816,166.34358460321408,34.4121079278123
14,1,27,1,0.0,-410725.20112850907,-2.342208414351231,39.775675223870934,246.3710023779418,14.283489063758415,27.05216285873528,8.516995941521367,153.8241674720076,53.61645165556994,180.9216894976963,119.72765555596841,33.517457078882614
14,1,28,1,0.0,-457066.27889629256,-2.1621469511844933,27.143051455725846,247.26240457559967,11.113217417958234,48.821619962653706,4.375369154588411,168.16938643806486,26.77623593589619,178.84517372500693,167.347473894323,24.894619815523757
14,1,29,1,0.0,-472757.8088183943,-1.7100707856257045,37.30072563781125,255.6113131483421,13.484453692650558,49.6331010939113,7.1408937699256905,163.28314052151666,24.780121117356188,185.7485252439695,184.85694673210546,27.301118777842188
14,1,30,1,0.0,-454155.50148624874,-1.8009043630691095,27.416790183403002,248.1942891677394,13.39853530923138,46.10534998665003,6.59555577621076,122.554928069759,19.278244203059582,185.772627343761,120.77170924547318,39.190131743024246
14,1,31,1,0.0,-450392.711860014,-1.90678043727303,30.168499919803793,254.04301043497819,14.846780251385953,31.974644959040024,4.8966871344528125,127.33959104702336,31.30831715983624,194.9617958502141,182.2742277047269,35.40105039589598
14,1,32,1,0.0,-459691.9793340117,-1.913126722255212,58.2652767292948,278.19206080139435,12.365068588192848,48.869668720212886,6.603489444647449,161.22620371064426,22.15067273292804,188.12482773783248,177.314980294055,28.91172807947317
14,1,33,1,0.0,-428150.4018845414,-2.147207308062051,50.39137186170681,254.77847492994155,16.04475089859768,36.68515534649895,6.044554197881781,162.96188837423352,26.177637348422746,185.19811940293502,98.2059718947003,8.61720637071237
14,1,34,1,0.0,-463503.4891544586,-1.7663633342054805,24.726856440444575,295.02875210905836,12.998404299988215,50.0,6.342827101531084,159.956652775865,24.423306049719034,182.53890193783897,171.15067091671938,37.71828759437816
14,1,35,1,0.0,-477290.1976017479,-1.370390111768504,42.66036194878491,240.24666615357634,17.820377652951375,40.507094782405936,5.424178875349691,164.4335065598853,26.809020972994784,166.6956798873166,148.9745210546476,31.771854921285172
14,1,36,1,0.0,-473950.25123079756,-1.5604810362466497,47.310306959100615,259.8334676112918,15.725909577833994,41.75520977530798,7.155698797351854,157.08174483284594,71.43906897112281,194.6769710591682,186.0672711461007,33.092811690633674
14,1,37,1,0.0,-473007.74741605873,-1.4625499240619646,43.9000108502135,251.651202550591,14.650971116592414,49.19746267723778,6.676154892306297,158.6439262009218,10.158375291222615,181.3202814108901,142.83676600983486,38.573952232572516
14,1,38,1,0.0,-471981.1058875797,-1.498095271498579,30.134599163634675,252.01640661554788,15.242797148321955,49.798328353474574,6.657330183417055,141.7039307780004,17.83403829207502,170.9512430468697,154.94830478033106,27.229516758062836
14,1,39,1,0.0,-440699.89477364405,-1.97725975019685,45.81130156952666,261.619359067172,16.963655187435485,31.85732208284497,9.004111212859062,152.1249235614962,20.738176760363867,187.1981767009644,131.39176525263525,29.847205915003823
15,0,0,1,0.0,-394226.4974587511,-2.9398321064681068,46.12785930575842,316.4734629083363,10.51307180460983,50.0,6.686799761259715,105.50703897415656,30.143007173365746,176.90135413035068,90.15901248916319,12.266781215217641
15,0,1,1,0.0,-333569.43081041833,-4.196212961453383,49.54515087647932,347.2984008749743,7.072857974390213,50.0,4.616956212941287,131.8183713715127,37.18473633634726,183.5732769734629,32.39971980692505,4.700253947138098
15,0,2,1,0.0,-379402.2648401588,-3.318932719601416,53.00198327071292,298.96884580691983,9.497861262333176,50.0,4.825037674081137,132.9417505691905,41.32936007492582,180.73594506758815,29.838136527352518,4.0
15,0,3,1,0.0,-344789.9013638726,-3.6381815870657968,83.35543735906991,337.0734279002079,9.469893646343875,35.6064331309702,4.601160581892831,110.83108673366483,37.55466209257281,175.5888134991757,72.28396448112014,11.2
15,0,4,1,0.0,-296319.7398056074,-4.3318417766781865,45.15077954383001,330.5417447967495,5.5076162866919525,50.0,5.364200913151578,151.363390671372,42.51321194985222,187.54055603496204,20.0,4.0
15,0,5,1,0.0,-368384.0692503215,-3.490266721627437,62.98073806098931,343.43695701699863,9.561734662889567,48.347185996679386,4.825016126193444,129.4185676453097,35.98992298497427,188.41254329641274,56.0,4.0
15,0,6,1,0.0,-43292.262682827924,0.42544253866122567,43.53408264925165,360.0,6.356424171218359,50.0,4.175836112515013,153.17236666257747,48.0354517454562,174.20038860462736,54.63929652860777,4.160792356774959
15,0,7,1,0.0,-344976.4036360628,-4.165763286778183,53.60152282468533,318.2231641387679,6.9428706872873684,49.71950906060705,4.851446322953956,155.97914431897215,38.20614678606977,187.42343962092383,20.0,7.160731916799768
15,0,8,1,0.0,-373754.6108899444,-3.3452824228011084,53.08884105811767,353.04976973705914,9.730315531130824,50.0,4.48710527812594,129.9724914303056,33.548527560358416,175.8188590567982,42.46939556447711,12.18410618155874
15,0,9,1,0.0,-346898.2554425282,-4.007987261736843,45.65894352080873,357.52485443245314,7.734897376977161,50.0,3.792403090967621,169.9774346918425,31.67802659022907,178.6410425241164,29.196651873057448,4.0
15,0,10,1,0.0,-393938.43245505134,-2.856799597208106,57.75913152402684,302.5804695371967,12.485193958160233,42.2976317681343,4.593865788958383,149.19616301030004,47.934473982281276,180.08941131252973,23.610165876446505,12.515979672473698
15,0,11,1,0.0,-314245.2583962546,-4.106435636465565,47.46019848239278,316.81832889357537,6.785428110660318,42.95174270636112,4.750116587152461,117.29805955760162,39.38576136469192,177.91274297829239,34.2774732699954,10.508380009914156
15,0,12,1,0.0,-340582.79643159016,-4.150146491112411,60.18291265865395,328.3965768550945,6.995496178489466,49.99527342951064,5.135813443732276,148.47036143795188,50.425303871717276,180.35400105876286,20.0,4.231283067336518
15,0,13,1,0.0,-319853.92608945986,-4.3529467947457485,44.12438259259248,354.07038694325774,6.348747289962576,50.0,4.9457396978625825,162.63665365769063,41.919211647904724,183.68363531707374,23.89896773617753,4.0
15,0,14,1,0.0,-366165.50312605395,-3.6572233994933447,70.07017329187128,336.027757434905,8.384427995837411,50.0,4.424455880425496,160.16831553395969,36.276243928243744,182.92225573828833,42.10568320428587,5.097541844692301
15,0,15,1,0.0,-341181.86506451026,-4.074102688552084,56.508614072595876,304.6563381720772,6.531419476976746,50.0,5.875566621015112,153.23450247829788,36.981306351882715,168.59538374825124,59.31344884011014,4.0
15,0,16,1,0.0,-373251.87695971737,-3.326159036977115,70.5419820890264,276.5319538253574,10.399996130643181,39.46104954545396,7.039301100479385,137.0084901848304,17.45408729753586,173.68927483601274,42.11137189876712,6.22856239615537
15,0,17,1,0.0,-325512.83817009575,-4.254066143231453,60.62187110320729,349.33089644980214,6.652212724729308,50.0,4.60163164385793,130.371130472132,43.125971229198846,172.98556293565798,21.36619970058196,4.0
15,0,18,1,0.0,-362159.31620002503,-3.592262482785029,53.705591193109775,344.7688360512274,9.138394402688764,50.0,4.796179879818037,143.72911859079028,37.49723999114415,163.80478818047223,20.0,4.004307503904036
15,0,19,1,0.0,-362351.37548428297,-3.692519391971118,40.56675332515937,320.6589422857001,8.48692320829124,50.0,4.618598482685629,129.44162387524455,21.668455790715274,179.97651177991727,59.553381337610666,4.747971158484608
15,0,20,1,0.0,-322841.2196671714,-4.258190220496533,48.138208596993934,328.1426127997533,6.422925235903193,50.0,5.855474504847329,145.18633688696892,38.227578446791554,158.9994148374806,20.0,4.0
15,0,21,1,0.0,-335261.1841002602,-3.575554451256907,74.91787570271545,320.67694361828296,6.506795608270703,46.914637664799976,5.3522751216868265,124.57855155095871,38.654605015554324,168.87423290662463,105.07997584837,10.27837029852587
15,0,22,1,0.0,-338902.19213886384,-3.9235830668152487,59.53037624590455,343.2310109363836,6.687568137220381,49.63028430548723,4.520261223410412,152.3789910800548,43.75966115225712,168.72440522288764,44.45353299377078,13.51588996545292
15,0,23,1,0.0,-350859.8736751019,-3.9457920250280134,45.88805344833223,323.7887839218752,7.47559623190665,50.0,4.468007637138366,144.37782385799107,42.430337221469664,170.77407679514138,68.48396374158682,4.0200992731093965
15,0,24,1,0.0,-359806.8231328338,-3.644515786407519,52.99157003852294,349.2860414182366,8.693622570528492,49.711227418162125,4.995066241064205,139.85999813936738,42.64321436655654,164.18154858274,82.91747186364029,4.0
15,0,25,1,0.0,-399784.09942131204,-2.632488182794494,42.936374716990855,337.6491916366939,12.631750413281956,50.0,8.391642362215109,133.97703197517035,41.67176436094002,173.5760231520046,92.28197481499156,6.768344891336763
15,0,26,1,0.0,-325709.73032663664,-4.295171977339052,53.93157393965644,356.7136370306058,6.663715745029824,50.0,3.774761336188262,133.37912340188234,40.302808093020985,189.2132747398506,25.181433409475705,4.0
15,0,27,1,0.0,-336574.15254367143,-4.228250735369325,50.987670155156515,338.3460722114009,6.997664801103163,50.0,4.588569603494711,143.11919566684978,35.854267185108085,187.51960207611555,22.672728559499056,4.0
15,0,28,1,0.0,-341061.8075329881,-4.123545221806589,56.43893610468639,324.6322905180214,6.861698668278412,50.0,4.540341689267872,140.1074461550158,36.81080823175936,176.06946814234075,48.02654173697246,4.0
15,0,29,1,0.0,-346559.4076496605,-3.150236200191059,34.893374977499235,330.8143022602169,7.680500214287729,44.63868486839235,5.568337802980284,91.4501067692274,42.51479414564618,184.8943542735914,137.48739173941195,18.72629751780168
15,0,30,1,0.0,-323473.33000794356,-4.311677780609102,51.90150858500145,339.57105716947666,6.324957697245054,50.0,5.453517908017207,149.45007938755634,41.25420535754388,184.72464910192943,29.44622267756548,4.0
15,0,31,1,0.0,-332461.58891313797,-4.107182219798619,50.82439381594281,341.9978367149428,7.095475312791526,50.0,4.595532475850771,111.04033851842509,53.7322405715403,172.9419548890369,57.674184111978576,4.0
15,0,32,1,0.0,-327734.39314668236,-4.270065976769025,40.46276690487199,334.1183080040707,6.694815656138448,50.0,4.974644937436033,133.6072668668131,40.146567113394866,180.55104838628398,39.124400580623174,4.0
15,0,33,1,0.0,-386263.62186080747,-2.95976392784137,51.35799858445239,341.1039761562325,11.16543520488945,50.0,5.555652063783947,148.11619297501935,62.52997591017877,162.48557566253777,84.06538461754756,4.0
15,0,34,1,0.0,-351654.3199654224,-3.926709916254174,68.46284144253825,331.6765051665171,7.690942327804887,50.0,5.239735167035677,148.2375511801364,44.18049752733438,181.3132730193577,20.0,4.0
15,0,35,1,0.0,-338093.404204553,-4.117584964264721,47.26036108391511,322.91013724324984,6.767802062180927,49.99591911412013,5.310176553236439,138.94467991894427,41.33362848224104,179.04416597964448,41.456439268114025,7.861173953594035
15,0,36,1,0.0,-366835.24842070445,-3.8157336534051773,51.095615670864696,285.84043786906125,7.641824870776366,50.0,4.711050426542584,141.12087738783262,44.67019086342357,192.71556460216996,59.01518611653574,4.0
15,0,37,1,0.0,-368045.0740254071,-3.601258211753878,54.82060165433735,325.1553784152131,9.010041049044634,46.09017357041003,6.3192426751153645,144.71220355766698,53.11134282238254,184.88455759330355,69.46800085744236,8.156834111060435
15,0,38,1,0.0,-337446.7547996813,-3.8607324455974483,44.81050800419383,341.7511478915883,7.6430371728733375,46.75565256251704,6.024091571958493,123.50637545466356,49.806028453557566,157.63960457646533,88.8861178337177,6.890483207128719
15,0,39,1,0.0,-333282.57400715887,-4.236020116797949,63.45994034304717,323.25820935641167,6.460387378714646,50.0,5.788866235150818,151.85988252785398,47.25515780037698,184.62818702833738,20.7800468897218,4.010284955670064
15,1,0,1,0.0,-430265.3854788971,-2.568352441947043,49.55396369703907,271.7313617854541,8.919554254133821,50.0,5.681368683334638,177.04659181130495,30.082792147359164,170.38303711958883,200.0,18.92013334354519
15,1,1,1,0.0,-433428.315062715,-2.334137331482683,40.70360005398695,264.31398883685483,12.621696826998306,43.27269720908264,5.676901441794229,128.73109067120643,18.938265537597395,186.72164784045134,128.37804036360384,20.302349679231316
15,1,2,1,0.0,-460151.16316557693,-1.6634532254354337,49.81046222822788,262.3283344663032,15.020538205507762,38.95168365078781,9.018962274534319,123.85539987909121,30.680955908626082,165.7262109497969,186.5280806279892,35.53969620795254
15,1,3,1,0.0,-422741.31605987274,-2.3740884414086585,29.594009801622516,311.76312408889623,11.945002840601214,38.59816848087253,6.474630487865215,167.18519320558983,34.37750848654356,178.24054739191732,178.55238451026028,27.09286268788763
15,1,4,1,0.0,-462089.96293117787,-1.7866721749593866,33.22130439059785,261.04045262650726,15.143142557278363,39.65301517582993,6.387121518338292,146.25256743931058,30.193533798108113,184.44009657625875,164.0,32.73927265395352
15,1,5,1,0.0,-425606.44316766574,-2.1787430057540287,45.132379531940785,280.3343701279908,12.92015064524247,33.89868914236842,7.757427920567846,143.50222345932914,26.780617158138867,189.79980971243398,166.8461021384995,32.95386946591437
15,1,6,1,0.0,-438372.5503194719,-2.222702176255789,38.93006844223557,258.91899129208076,9.676454509433512,49.6675315236721,5.742295882186838,114.61068864496067,41.171786549546844,175.5190673976435,175.69423264941503,29.584453593456146
15,1,7,1,0.0,-457406.1029680371,-1.8817967548653418,46.795811354531565,297.7718887890375,12.981875365964864,46.917117345652024,8.721577772390242,168.79729076877737,26.779393226562842,202.93650638311138,176.0712227480575,33.6408826497952
15,1,8,1,0.0,-422459.3709895687,-2.3606315248176455,39.598045430873064,279.678310869722,14.125034771610194,30.067850506728718,6.476141630893546,165.20627748503378,29.864390914361266,186.85604780147787,153.55639199669207,28.772334787299158
15,1,9,1,0.0,-450574.89069542044,-1.880506680315099,41.786300519371736,278.82990128275276,16.801476804482128,35.02122367487586,6.085109791048803,116.164513760728,32.79945356051605,180.722441149893,172.26078432566507,27.174804633168506
15,1,10,1,0.0,-442313.16578863905,-2.166786910692077,43.931863648917165,291.19112778951126,11.797721945706902,48.68613516158077,7.651600579469018,188.994579961694,63.55604465681168,178.77423990440204,134.45097800443665,30.536809238496303
15,1,11,1,0.0,-483209.5699288766,-1.42383607176526,25.21790364720837,267.3923292757217,15.284112785230102,50.0,7.681693100340113,168.04206690730064,24.144629335683845,189.69850102796394,183.1769851337739,34.95123786312796
15,1,12,1,0.0,-428843.9076891346,-2.3495684877329004,31.389327627465637,234.33733063198275,10.234861917296946,38.93529583052377,5.54744410271968,159.51857986681713,17.25558886086641,186.74275010898353,148.71548837551552,31.9395033881579
15,1,13,1,0.0,-467510.52231406455,-1.814329326297792,33.71460809259402,257.04141516332663,14.169791166337872,41.76062867037495,5.4753999888629465,155.75211928168804,31.42503331289235,199.56868936939276,174.98483505829367,32.02985403467509
15,1,14,1,0.0,-470472.6444213358,-1.6781142432302678,37.73687155290102,258.3107427580974,13.694861129206885,49.31665238242056,7.61084717464935,148.89721184093995,33.531118922545154,193.94961636040244,168.5482718734867,31.309888204917673
15,1,15,1,0.0,-460090.00358331844,-1.6856050616744136,50.077993706412784,262.54685880560265,14.690865959898858,42.43401526619559,8.622029812022591,121.21925229123656,42.8388448476945,186.79379203048248,161.4909183919167,35.556200437033006
15,1,16,1,0.0,-474993.6522173456,-1.577779527909132,41.88102020383483,250.02065605880827,14.553377597005412,46.26844538793045,7.570789274659908,169.36113924142427,30.093508479541594,186.18071407137995,165.5220413830562,33.68318221250694
15,1,17,1,0.0,-476676.71809553745,-1.4907333029519294,58.472324445174735,264.11500635023566,15.361552054979889,43.0246359125579,8.072234763567105,141.09768432955056,28.009157431254355,201.3892190050225,196.32626409081885,36.318075285976676
15,1,18,1,0.0,-349734.02524567686,-2.2862320462699115,46.459249179629886,256.8155268270154,14.242690048486159,19.857088124638857,7.398438581120063,146.65776914962152,30.721594309320018,183.7922225471816,126.79191868965131,33.23466372565308
15,1,19,1,0.0,-464924.49908108107,-1.6053957610111622,64.14718933200226,272.98847120309057,14.253609701861668,49.94454095819202,6.217432833059414,185.4345639321997,25.00013952018866,181.60246333488718,120.42229770465087,37.87264325083014
15,1,20,1,0.0,-427347.3101387005,-2.1710183389186453,35.85367936267183,257.1192788285847,14.831500461209806,27.72511735752022,7.171179239887936,166.54598682111543,15.892114238935974,176.8082182858884,173.77932897140934,29.21215779177503
15,1,21,1,0.0,-474079.54980500013,-1.674118081938886,17.18075456580333,242.58569664152492,14.969476724505892,39.215021341473985,5.9605585225585624,158.84790437436686,17.394938437574595,180.71161917616757,194.73805177217062,33.319941910290396
15,1,22,1,0.0,-469660.7417628948,-1.460265131561329,29.123644448481194,266.5681068784251,16.135177241146835,50.0,8.250769955756397,157.388096297173,34.00763129938763,181.29856527819575,138.08559913550056,28.137637840477133
15,1,23,1,0.0,-453039.0828008955,-1.8664098642141398,37.760335627878405,250.95592616161895,16.32088256717757,35.95576316274412,7.30057342538123,162.9846237702991,12.980997284507357,173.95998172843758,143.58845285579685,26.36485180545055
15,1,24,1,0.0,-470143.9194747462,-1.6748890074482277,49.38444005799097,261.5089831063886,14.72519431706253,43.52771752977577,7.713916818611793,159.1117831011319,25.332629648716686,189.02682486189158,184.39381484463507,30.46317583581119
15,1,25,1,0.0,-473704.19806205144,-1.4943711204039,41.83721741136312,244.79543166562343,15.971554809280038,43.56911643746443,6.185359386435911,123.76214797529366,32.28022923942465,189.36426833102914,164.24737080467148,31.48131959775886
15,1,26,1,0.0,-464493.91324717406,-1.9073983635304408,36.58202580560433,250.3726454048394,11.775768638810678,47.70475897448235,6.706415199488032,174.98854681280568,28.3453390899638,177.09994418724816,175.74674391800104,32.37574737914334
15,1,27,1,0.0,-463644.8532224794,-1.7065231273799786,37.267228586549145,248.81024657503744,16.297498860845582,36.05216285873528,7.708238995341116,168.25864085619804,35.61645165556994,187.6218541844642,149.81568492247519,36.45074652374909
15,1,28,1,0.0,-449419.123765773,-2.141641469641056,33.07245106981245,247.09091684232817,10.272534181793382,44.80156991153618,6.17536915458841,179.56892291632903,24.837434498902834,188.7876698601654,179.85213761400055,32.09461981552376
15,1,29,1,0.0,-474214.67717787466,-1.7074793375835562,28.01530303181066,252.14680363108175,13.970098497776833,47.97114146921833,7.2020593750743025,167.02299257939663,31.929552205340105,185.66395233233317,189.8973786168904,25.93010324764628
15,1,30,1,0.0,-444027.23898596433,-1.9420805078722025,41.20886254072793,254.81705353749192,12.881988583752662,47.250003228961916,6.101038366276801,123.41176083259137,28.21225541468869,185.46201235221793,95.36155535108057,38.703756482135056
15,1,31,1,0.0,-471029.7870444892,-1.5447142882659144,11.012326981288396,241.78920913085932,16.53092329090091,40.97464495904002,5.89614152295401,136.31209987982618,32.18809440487379,184.02962623697627,146.2742277047269,34.50960252755766
15,1,32,1,0.0,-452072.5633756521,-2.046709564288527,50.850784210009806,282.57386374913017,10.749303633965209,50.0,6.250525407973684,166.7753039351536,32.52711276860998,183.57944657107538,173.82427640643593,33.50833959126201
15,1,33,1,0.0,-444099.75702131185,-2.1638707333675242,46.36506575437715,254.77655566653166,13.04475089859768,45.68515534649895,5.390635349052618,150.7029464501053,30.512817526182353,185.91600580245347,134.2059718947003,15.81720637071237
15,1,34,1,0.0,-431741.10627842636,-2.190976285911341,37.545071063427585,287.4057398840172,12.654745425952614,41.0,7.256317527206504,125.956652775865,42.42330604971903,189.5108679408783,135.15067091671938,35.10848817010558
15,1,35,1,0.0,-425043.39509139984,-2.418354287577605,42.18358525259894,272.24666615357637,14.820377652951375,31.507094782405936,4.858310815258392,177.79360982603828,26.10319213880325,154.6956798873166,112.9745210546476,26.68885174317151
15,1,36,1,0.0,-472866.2699385593,-1.530925825083436,50.49029319515021,258.5339158787828,15.442288739384937,42.26020948097235,8.904041657489854,150.55517398642743,53.43906897112281,187.73119992453107,181.48657108657972,36.139390156536436
15,1,37,1,0.0,-477459.87009426235,-1.363986559504037,44.434052010078595,241.94678093269178,15.020469518899922,49.60389060091304,5.719771157503118,124.64392620092181,14.913683191655775,181.53704085231263,152.97535391769028,36.59700410382712
15,1,38,1,0.0,-466444.33747183176,-1.6275771248845476,44.43198932939473,265.48341624844903,15.228805784000107,43.72744121113725,5.582493601272783,109.01701523296205,24.00297956783826,170.0004800503417,175.29590501876544,31.53087671413651
15,1,39,1,0.0,-381805.4041009168,-2.349872567947326,46.80827518314747,247.14476515895015,13.963655187435485,22.85732208284497,7.204111212859062,133.59212974527338,35.24837494196903,180.61159134769474,147.74522569922732,28.155497334665448
16,0,0,1,0.0,-340605.49230365554,-4.050439240964456,38.43634623267641,324.41873899445096,7.5130718046098295,48.97345326982827,5.799908032585618,117.81749654908069,44.88560850391235,183.66552159927124,54.15901248916319,5.066781215217641
16,0,1,1,0.0,-328501.1742642491,-4.167931635466197,59.70535101600331,359.9984991178326,6.653124063574748,50.0,4.520095381371664,135.21393496871337,36.49443981700022,185.8054551651607,68.39971980692505,4.0
16,0,2,1,0.0,-364283.2378077215,-3.751145310038212,54.373767853083585,300.6454508968891,8.188506081516444,50.0,4.305042635423089,129.2423238417522,55.05811967714054,192.73594506758815,20.0,4.0
16,0,3,1,0.0,-354555.5213582353,-3.688461653923672,86.1154335826056,305.0734279002079,7.732847717402344,44.6064331309702,5.364933318010747,138.52168576453067,34.882283970320756,173.0235006660202,36.28396448112014,14.43976904285177
16,0,4,1,0.0,-327026.2138777195,-4.299801800052286,49.45962563424048,322.39245386123065,6.311827281802771,50.0,4.942251178915031,147.99860100779037,42.87125797825692,176.9503941587787,20.0,4.0
16,0,5,1,0.0,-358143.54188267904,-3.802013375762977,61.18719066541865,341.9561300398576,8.198925908601385,48.43843888675392,4.356640297393672,145.1324327352794,39.68422190491143,178.60850663952863,77.5599348804898,4.0
16,0,6,1,0.0,-45460.50287684852,0.5369804835663267,46.38994738967947,360.0,8.459638799942228,50.0,5.0701767747759074,154.80773749705125,43.713681316267504,186.20038860462736,32.20759572371914,4.258519078152027
16,0,7,1,0.0,-378751.48856479867,-3.4464646605246125,62.124706351683635,286.2231641387679,8.746865857086727,49.017978113687064,5.0734749236462156,136.1738555975639,42.393381739226534,188.38547708051078,56.0,4.934645806782028
16,0,8,1,0.0,-378292.67428499105,-3.117990051805985,70.46925324909232,346.6596488435249,10.266280168273536,50.0,5.788057412102932,119.23117006491682,16.973419399080225,187.8188590567982,55.42701356249726,8.999505539659761
16,0,9,1,0.0,-336410.2379252202,-4.208535405266866,40.78632788052673,327.95297154096454,7.013060267409188,50.0,4.140706244602352,136.0914800576884,39.762143711070294,179.68136688310284,24.883754743901196,4.0
16,0,10,1,0.0,-423512.8072463516,-2.133131185716161,53.5864399095395,293.90576907335856,14.270485789139176,47.12129081377159,4.997994402641861,120.34225684450325,35.86105442652562,182.89243836965846,59.6101658764465,18.42201920981702
16,0,11,1,0.0,-356128.11014207726,-3.5656431240778663,61.94544828415306,333.3361941419351,9.411879880807888,43.000328416853876,6.148000869587202,95.12626007634671,47.85753133263971,176.16544717003694,44.23228735062373,16.873236546805458
16,0,12,1,0.0,-371706.2918356727,-3.3065322062341376,64.23813722274382,346.173707289093,9.995496178489466,49.481082368631725,5.261501909102123,125.03521768963103,32.425303871717276,174.23921338399063,56.0,4.151978518233685
16,0,13,1,0.0,-321816.88626107207,-4.361158926258894,44.05320082687549,350.274525166262,6.3691147886264154,50.0,4.885573423365566,164.82335050917493,40.94498876234827,184.35096224247306,20.389179317495838,4.0
16,0,14,1,0.0,-367736.6192597995,-3.6685206792750713,48.070173291871285,316.9707962832608,7.446237429721251,50.0,4.7162813494147935,161.1614275117256,36.05462835432068,186.8848197440629,78.10568320428587,12.2975418446923
16,0,15,1,0.0,-340925.8914859007,-4.143346188821666,53.96559257437345,336.6563381720772,7.098072013759097,50.0,4.524326698726368,147.01983798641334,36.33944962663197,180.59538374825124,33.26796288529557,4.0
16,0,16,1,0.0,-277227.58019606664,-3.595522448617116,80.25243185373033,279.0109471917831,7.399996130643181,31.174623067278702,7.334418214975463,143.90834730118624,35.454087297535864,174.48370679283315,30.24093921942362,13.425800441316163
16,0,17,1,0.0,-340593.0703425758,-4.133453862452519,53.60276963304097,349.13837448064226,7.226888419048221,50.0,4.589432259178962,164.371130472132,44.10957239788212,177.19015390026917,24.411555821040437,4.0
16,0,18,1,0.0,-387419.1256533149,-3.0412669353745256,50.760865142215394,338.3330433001333,11.088940397787063,50.0,5.141754434758182,170.67089753546423,42.636769531299734,175.72102612941018,31.40622555601818,4.025997266730022
16,0,19,1,0.0,-342547.03105159075,-4.027613155399109,48.069253510062175,301.05691045190457,7.206544266863439,50.0,6.418598482685629,113.21109364347056,32.87374835585969,167.97651177991727,38.160417587390725,4.15287447856156
16,0,20,1,0.0,-316789.1596381331,-4.318614739774654,47.977311812905434,358.54869683177725,6.429639401194863,50.0,5.485939307983593,154.03546303543473,38.85516330186287,170.9994148374806,20.0,4.0
16,0,21,1,0.0,-347751.65600683534,-3.8486936568155885,52.91787570271545,352.67694361828296,7.100513242786256,50.0,5.187652262906195,158.5785515509587,35.453959075141825,180.45312441618938,91.11261458212893,8.32482307539361
16,0,22,1,0.0,-345390.00918741344,-3.8021698462223106,54.26830208267029,337.8270747709309,6.9177436785919095,48.16769366564794,4.718021643938964,164.7294028061259,45.03988013609724,166.73526381524218,80.45353299377078,10.140756627537364
16,0,23,1,0.0,-345628.02295387833,-4.130269015749649,44.85820803024872,319.463257722583,6.960710570322662,50.0,3.9095051821966478,156.3457475317946,42.038425561997705,182.77407679514138,39.9214873819255,4.4640337523389855
16,0,24,1,0.0,-346996.3003133852,-3.890099558439318,44.39367517230431,350.93775263471036,7.339274632919745,49.77061042505945,3.195066241064205,152.81951144085218,42.32467455710294,171.4131193334494,113.30227439273892,4.0
16,0,25,1,0.0,-382428.161664977,-3.167569012857399,36.88933558261914,344.95587440024656,9.631750413281956,50.0,6.591642362215109,144.82039635821917,36.12297995169323,169.513384417538,106.15313202121393,12.077068319605733
16,0,26,1,0.0,-343183.53462990077,-4.109152172402133,58.10025626713614,345.3068824062239,7.087627929196228,50.0,3.432912660152893,161.3258860615004,42.44635586157404,180.76708566160931,27.779791213920017,4.0
16,0,27,1,0.0,-372944.79781382205,-3.403632109661572,51.150118901737656,352.9202811737832,9.997664801103163,50.0,4.73191360361443,160.09504156229835,35.948824942355195,183.09363870825644,23.551168682943832,4.0
16,0,28,1,0.0,-352458.7637346575,-4.01072593627418,44.911927746229225,326.5651045357045,7.462412911589263,50.0,5.197971312140922,173.91379722587928,45.51738862121855,182.03621276815335,49.934954926726114,4.0
16,0,29,1,0.0,-336726.43130691943,-3.687097994793806,45.09504568335733,323.95031300601045,6.4506343490736135,50.0,6.521035201947697,125.4501067692274,28.861593428202013,186.7626467949102,101.48739173941195,11.52629751780168
16,0,30,1,0.0,-359552.14158600965,-3.9046234941663314,57.984195743438676,339.29020106668236,7.943416455346758,50.0,4.274918443555736,176.41333123223356,39.90800253849263,188.4485563156969,30.338974170171802,4.0
16,0,31,1,0.0,-324689.1259578332,-4.249717298165573,42.79381779272551,332.8933526235703,6.399954491797624,50.0,5.223743407536331,137.72214038141763,43.405936582986925,182.0149073024779,56.13164635952754,4.0
16,0,32,1,0.0,-320411.3634918616,-4.290568767324613,38.072335304299585,344.13231851623715,6.647710712094126,50.0,5.330218241966912,118.81391377004954,42.42016670997107,184.93549912857142,49.25389864200554,4.0
16,0,33,1,0.0,-352404.5297281411,-3.801812737026995,47.121567241184245,342.32623690337067,8.16543520488945,50.0,6.125463158631497,152.90156080313685,59.00518749105696,174.48557566253777,65.69667669844287,4.0
16,0,34,1,0.0,-349150.495475415,-3.9893729564135447,68.22884535394911,360.0,7.734126421857162,50.0,5.262199980339018,169.33061797509734,43.66305480393226,190.24233145893254,24.319437536759704,4.0
16,0,35,1,0.0,-330448.8974685042,-4.235568664641958,44.7412241712018,331.9904236577631,6.260011003727454,49.97478416805517,3.952407128739155,171.949135968257,34.72797937415602,179.74646172704894,45.2861612082797,4.0
16,0,36,1,0.0,-342521.0703198632,-4.218492168927178,38.90153631907894,317.84043786906125,6.7258906574363095,50.0,4.6902359138554015,175.12087738783262,44.27325692057129,189.21807364810005,42.34764967455867,4.0
16,0,37,1,0.0,-351109.143128956,-3.726073755845179,45.8113943026762,324.8181137488267,7.398221632675943,46.11423065186437,5.809087061365453,145.91327585181523,44.19289809073247,185.7278624625358,105.46800085744236,9.985145022262905
16,0,38,1,0.0,-355928.1241902983,-3.343108073705055,49.94734306291434,339.25838728374265,8.145312531499256,43.73935839609869,6.3841503001953885,134.1357523997916,32.51102694108791,166.00893262741025,124.8861178337177,14.09048320712872
16,0,39,1,0.0,-327396.37431122694,-4.303906771585509,43.40359475277043,325.22235507561953,6.347294998640583,50.0,6.351816172355347,168.72145612070403,44.0152354971893,183.0616825582565,25.43612516249881,4.006425482027809
16,1,0,1,0.0,-449139.972858427,-2.2198729952041143,45.01741321033933,267.91108086484024,11.919554254133821,49.20884392295109,6.470199924876841,186.8351390586259,32.117638965841664,169.82917070069158,182.93316432855636,15.461821989771813
16,1,1,1,0.0,-402859.78451578814,-2.919637961670939,42.27164045747214,243.8855446410021,11.231241081410047,34.27269720908264,4.901905601983202,140.41858861641057,26.556708499352624,174.72164784045134,97.3906781205896,18.87995587971264
16,1,2,1,0.0,-434543.55803923553,-2.00199062176542,57.287417057804916,294.3283344663032,16.7711122782032,29.951683650787807,7.218962274534319,141.01773539783875,33.89419619353784,177.7262109497969,150.5280806279892,35.08446887372308
16,1,3,1,0.0,-421953.17095192545,-2.566092819727868,34.91040095980798,311.31253723038117,11.416088608326824,46.352987202664515,4.678478834431847,133.18519320558983,50.91903518498279,177.24359612029758,148.01339261796932,19.892862687887632
16,1,4,1,0.0,-463821.61409617175,-1.5761169299264886,34.51255501941529,256.9839005592048,15.31336990400855,46.614236304013474,7.005582495669797,115.35072243156318,17.482147833494537,183.80278211103942,142.1248302139612,32.09862258907121
16,1,5,1,0.0,-437017.8670439997,-2.1203439401358635,43.77005100517866,260.0701998759955,13.644096234278889,36.286918119186424,6.392609311374922,109.50222345932914,30.95022263626141,178.2657641185537,155.40849020320405,30.032717775713092
16,1,6,1,0.0,-458618.4413071554,-1.842812206478574,42.36813527104905,267.6865571841684,12.676454509433512,50.0,5.773543469347059,87.03331837827321,38.96608866273443,177.73548893837267,189.59441330370584,26.710967205313437
16,1,7,1,0.0,-480609.78475006844,-1.4110287377652146,51.76622440012782,265.7718887890375,15.981875365964864,45.78975470985348,7.569650280827648,157.19495740871827,44.779393226562846,190.93650638311138,180.86028227013395,35.47926352014511
16,1,8,1,0.0,-447427.7204893599,-2.0379236782550407,44.28377604291424,259.0736053387809,14.248121191479646,35.79497943886717,6.0666457992699,156.49898469656952,26.016124581002295,185.28222855296016,148.7446769471859,32.961022977494174
16,1,9,1,0.0,-445556.1288413004,-1.8680152137658046,35.045076026414826,288.2782107069908,16.38100080031957,41.571706275796814,6.013400304379567,83.22381908441987,35.923761117916804,185.99652642028073,150.3150896341246,21.49776651577659
16,1,10,1,0.0,-453343.7106319558,-1.9211266679287702,44.88321023384242,280.4960019472471,14.114118970031525,42.670541616303545,7.892255034854712,183.56888531289474,45.55604465681168,166.77423990440204,149.60299477842386,31.134425086969514
16,1,11,1,0.0,-487223.2039350464,-1.334916286913011,18.40214974916843,235.3923292757217,15.564215175193462,46.48240870117722,6.448840847244617,134.04206690730064,20.43957443397564,188.82078410869113,190.80101110301538,36.05514109570456
16,1,12,1,0.0,-450091.86373728316,-2.18620125565492,31.27571399116882,232.65036612067757,10.49722692172115,47.93529583052377,3.98958268612194,161.60569161849597,23.15795926702002,184.56715269891092,119.13823039329661,35.451442679782176
16,1,13,1,0.0,-467578.25413676404,-1.7503472819006587,37.926502430095105,243.48406937191817,14.087895149220765,40.52255674382264,7.038705737997065,174.87273545012283,39.69777799931973,187.56868936939276,160.20206597845694,37.314671377210374
16,1,14,1,0.0,-431620.23214268737,-2.179902072346873,15.736871552901022,290.3107427580974,14.826243060543842,40.31665238242056,8.380771599118326,114.89721184093995,29.528278595737305,200.95801068942794,132.5482718734867,24.109888204917674
16,1,15,1,0.0,-449490.7962655304,-1.7507553692568596,40.52036627393944,294.54685880560265,16.192977140588695,38.5669580324136,7.349631567552884,87.21925229123656,33.081633101179314,185.7886736878307,165.51083239264645,35.0680750731253
16,1,16,1,0.0,-484724.7520326145,-1.3352967359052306,33.16201867925188,243.40053186994362,15.133085324010427,50.0,7.061687219781885,169.1207467012276,26.354201396012673,182.79816517785534,163.09329211331772,38.134611773271324
16,1,17,1,0.0,-486635.8803031508,-1.2246734606815768,36.472324445174735,244.9738681517206,16.13970910796137,50.0,8.357236915341549,151.33262297369978,30.198492578710734,207.19887896115827,168.82896565491947,36.79763474805719
16,1,18,1,0.0,-422582.05893221695,-2.260044556047313,24.459249179629886,254.83327117659493,15.221430395468772,28.857088124638857,5.598438581120063,112.65776914962152,27.62135009249031,184.38146522246336,121.944251773234,34.44875210351629
16,1,19,1,0.0,-463002.78446082136,-1.7175597965567477,46.213591576692714,297.4603699646521,15.630284069983114,40.94454095819202,5.639248158420278,173.138804895809,34.21511641357162,176.99488054018445,156.42229770465087,38.39068676761082
16,1,20,1,0.0,-401699.9926260756,-2.1398046983897854,36.20273614260556,254.78447154130802,15.426600239674462,22.386758489063798,6.703655783023284,156.73481139550384,16.32118429397938,174.2032104956375,167.47971597737228,31.486005289444734
16,1,21,1,0.0,-461906.7679515161,-1.8633011892385654,25.319760007713924,239.49844522302672,14.365614217942696,37.43350857353964,4.801738449008596,153.33149209815124,21.503065212703373,180.7095857334233,158.73805177217062,34.301312769865305
16,1,22,1,0.0,-482952.7983749126,-1.3069444251126439,42.5432622574859,247.5261938641615,16.17365637107113,50.0,7.6379157181117945,155.02934338312332,44.58164564542685,183.5340101996919,174.08559913550056,27.51865075455211
16,1,23,1,0.0,-417480.7514367491,-2.2079978762883754,21.301224641630412,237.04401065099614,13.32088256717757,27.047939881850265,7.723911387108894,180.08192426009978,30.980997284507357,185.95998172843758,159.80123806114315,32.66529856931098
16,1,24,1,0.0,-41738.788820180795,0.7531034410991909,61.27044333882455,247.20496822133993,14.95903049335381,37.97266075724039,5.913916818611793,125.11178310113189,22.720446210869905,177.02682486189158,195.6669392453173,35.90216837219131
16,1,25,1,0.0,-464070.4750597844,-1.6912214645770238,45.721392833293955,249.04942591555272,14.447182383495008,43.266248867488315,6.156397362369989,104.23994396916785,18.511916601069835,187.68410456882745,171.55887398385386,31.05674680629381
16,1,26,1,0.0,-489534.7131420427,-1.3318833071747618,38.93423491194269,242.92924800493523,14.775768638810678,50.0,6.596674473303299,173.4944181233007,28.90196770924043,166.91864043081642,190.8621222012152,36.0497376388907
16,1,27,1,0.0,-452672.1228197267,-1.9070096204486475,35.27311799352496,280.81024657503747,17.089207664275953,34.43197259525428,5.967455740885917,167.92187368751803,26.975713632443927,175.6218541844642,151.9137052362668,29.25074652374909
16,1,28,1,0.0,-439364.651802106,-2.3068385261218287,47.32153226279385,245.24253375381278,9.914489500868,43.26490958044094,5.2150540036206285,155.97074186775254,31.32833185712972,183.26498870082978,197.75518167957688,24.894619815523757
16,1,29,1,0.0,-487446.32516854454,-1.4361819051049836,40.73577880981874,249.37140227473466,15.107857848416845,47.35490340149558,5.402059375074303,175.83436476263986,31.545237026822054,186.90055596420444,189.49407915897834,33.13010324764628
16,1,30,1,0.0,-433359.4766700143,-2.174126365184201,41.06149459784675,258.6142342887498,13.3194209610039,38.250003228961916,5.813122561608447,121.0325902945876,34.92957406736333,182.32989271195348,110.35643972609462,36.241298808452655
16,1,31,1,0.0,-474849.2415370306,-1.3232960799721887,25.101531972088356,247.97219972750935,16.287728636907552,49.16322426689702,5.601202795423161,168.50565942351534,36.30506021859942,181.2772248939456,112.25825144569242,40.0
16,1,32,1,0.0,-433272.7908098428,-2.3894794699627537,55.256341027301886,278.7278062241206,11.538252701174361,41.0,6.075683349846174,173.79251400876774,41.02257353928099,188.52150893451648,146.75628671030765,27.4129889115954
16,1,33,1,0.0,-423887.8408265291,-2.497721299239876,49.03161970342199,259.643009135958,11.768331383606654,36.68515534649895,6.2058458247523465,145.83626861934343,25.596443763370885,185.1679571965885,156.00363615565237,23.01720637071237
16,1,34,1,0.0,-438328.331014668,-2.0575370005531277,43.03668818218016,264.86244415916593,14.563240351613747,34.621521541645635,6.854553577446981,114.36945860854242,47.37647036514396,182.2265905700727,155.7435918026022,31.37611758281193
16,1,35,1,0.0,-417749.0195065726,-2.381114805419693,41.84975319963542,272.95295158377087,14.139033191346995,29.317673920149993,6.455663422936613,181.18979254015514,27.26236845383216,163.8297140846437,124.01401236186918,32.90049513619387
16,1,36,1,0.0,-470434.1746669632,-1.5765683792019711,54.3022839858538,245.23060300985884,15.593623748504825,37.84376772342861,9.012455277865739,160.10770316004576,41.19612418431427,182.6241346979092,182.59127485747663,36.537629136579085
16,1,37,1,0.0,-470083.208922806,-1.6339382966276537,38.60522822937362,250.54590784522713,15.509701003684976,40.60389060091304,5.785684896173246,148.82942215237378,32.91368319165578,186.83912754837237,158.49722611916508,35.80558848683835
16,1,38,1,0.0,-454903.4707964715,-1.9567959976537264,38.18894605742551,268.34188106303606,15.552451520023588,34.93258883274258,5.544930559095764,143.01701523296205,31.634636684329866,182.0004800503417,198.42045476897295,25.46050109331631
16,1,39,1,0.0,-426085.01503486885,-2.253207108695764,44.04330793893498,266.93506010199326,14.09186211048825,31.85732208284497,7.069116992899881,127.72903541059785,53.24837494196903,186.65430430008433,156.85882744208902,28.44611121205086
17,0,0,1,0.0,-374192.4512736828,-3.343417169961373,59.910369853330636,323.80516274921257,10.340592814557066,44.585257476568145,5.201351114366783,115.13959660124515,32.98125007948094,181.65503210368541,44.25345854280236,10.234407244082105
17,0,1,1,0.0,-348789.79512254696,-3.9719359840015556,47.47957010958105,332.1837576962991,7.5682084280800765,50.0,4.75604371322231,128.36753253708306,38.31602490991604,187.04272985796482,72.11843768561391,4.211979209543335
17,0,2,1,0.0,-360538.8358590198,-3.843938939654629,44.364366116177635,326.6747814944328,8.333744388012347,50.0,4.793403351720552,161.08510709621876,54.02327940775297,194.12691576222605,20.0,4.0
17,0,3,1,0.0,-354493.18048380496,-3.7804644852772715,64.1154335826056,337.0734279002079,7.280516752746314,47.39801186197967,4.9791560107776425,163.93756734267683,35.40613327288636,181.36018220851614,72.28396448112014,11.607251374030414
17,0,4,1,0.0,-363098.46879511565,-3.875087529846018,43.87764459228689,306.24904353042905,8.01964609396182,49.11818721136809,4.918226854638065,179.43950864154885,39.67885861645066,181.4291089810818,20.0,4.0
17,0,5,1,0.0,-345786.531374334,-3.984663041363485,47.23217388105192,332.31435930492535,7.978963645536475,47.85933632451027,6.156640297393672,130.19607437832076,28.005215717535656,186.32125046685354,54.16100669502934,4.0
17,0,6,1,0.0,-364661.2726590979,-3.563141828388182,40.75972833640126,360.0,9.813216702136137,48.47234602589939,5.083918529254686,168.57603849353742,40.16008882440306,179.235969917646,26.311780257163765,4.108572618820762
17,0,7,1,0.0,-381756.1841565677,-3.5766271219054686,55.17200174943471,259.2668668729797,7.951015932290964,48.090280282638425,5.059232077323862,155.52307304640146,35.52378349310409,187.64685648505235,65.26814474399333,6.298563454017163
17,0,8,1,0.0,-382903.19138272695,-3.1844553574667733,69.45956397152126,346.8999587083933,10.111787725435176,50.0,5.6955294283425735,153.23117006491682,26.04272689585773,193.53556182021225,79.02727423634664,5.5875669720359635
17,0,9,1,0.0,-321125.9177698248,-4.348490479105007,39.82185964949204,343.81129699763636,6.206527793881986,50.0,4.3524108908857935,168.29986042956295,43.48737318771645,184.3413421452425,25.532080202275335,4.0
17,0,10,1,0.0,-399222.2179545498,-2.8200529326987347,41.61935451460245,300.83108535400913,11.270485789139176,50.0,5.176689185468921,137.84938170531487,30.51062180304539,184.70133224619744,31.710695034072177,13.951628350475614
17,0,11,1,0.0,-392846.5816669834,-2.9131834120303317,51.213767211709225,342.5734358720325,12.411879880807888,43.475985009137744,6.220925983790606,129.1262600763467,52.26690362800255,187.88130654399825,80.23228735062372,11.692881578029441
17,0,12,1,0.0,-366897.79757450137,-3.6444367078619333,51.71104831825967,326.78938099501937,8.653804163633954,49.30828083959911,5.29613579336425,159.03521768963103,26.394099852341704,171.06974391540257,66.41244913178471,4.105560456105857
17,0,13,1,0.0,-332464.28297816153,-4.278439896036114,42.83995150138904,327.52256917233376,6.472233613651721,50.0,4.480155083949963,167.05793461551508,43.994842433795384,180.75125077185342,29.76339187768637,4.0
17,0,14,1,0.0,-304166.04720989644,-3.7067164177073266,55.51725775773769,306.68304329802936,6.063759386188185,42.98900144452159,5.103759260663997,149.53382157467527,42.84386862863776,185.6776311197441,106.95674841304248,7.767462504380557
17,0,15,1,0.0,-329396.72378120286,-4.225299872177244,45.407390014547566,360.0,6.8798771103037115,50.0,4.3276832358287995,157.33021422042034,35.211589128246274,176.68265587129497,35.609560862959256,4.0
17,0,16,1,0.0,-361805.7866193175,-3.7223136485120625,58.25243185373033,311.0109471917831,9.287572131915582,40.1746230672787,5.925414604544888,163.90990683960874,39.415963148074745,162.48370679283315,66.24093921942362,6.225800441316163
17,0,17,1,0.0,-349182.2651400717,-4.028848084101354,61.412505413132635,339.30405306176925,7.281359561089108,50.0,3.945066164980097,174.87020948234718,43.52319231648796,173.59767904918507,26.67917220349021,4.0
17,0,18,1,0.0,-385529.546434767,-3.006023656145525,39.62163704250959,344.9719625573979,11.48932692009992,50.0,4.7189609521876825,152.71246049369233,41.938678070252394,179.66650417091208,28.41950432460348,4.073332624449482
17,0,19,1,0.0,-352971.89600439067,-3.8928359782925193,51.22605232759301,284.33692550025273,7.310883754458692,50.0,6.817811295226784,147.21109364347058,44.01695866770054,158.22538785189246,20.0,5.286183253327404
17,0,20,1,0.0,-323340.310149888,-4.25501817596867,42.42732404203822,351.38302069708357,6.449059414954391,50.0,3.6859393079835936,162.4111164933918,39.03494474556409,167.38022700924603,28.49742378955304,4.0
17,0,21,1,0.0,-348522.9977788626,-4.030896267427271,41.62200522602837,320.67694361828296,7.301775703839596,49.69116736208895,4.8381440962278575,151.20215134273116,44.23488788186755,179.5812508712136,55.11261458212893,5.008766036423094
17,0,22,1,0.0,-346286.7980771634,-3.9354764460718465,38.57113974208955,313.66207118641603,6.678838570583327,48.98748675277639,4.493823655267029,171.24843575670818,48.94599706927239,176.74846833280876,76.44078555946476,8.18937568092724
17,0,23,1,0.0,-335750.48683817923,-4.275752140587703,40.458342943487516,318.1518487416999,6.572853903524385,50.0,4.247764978064135,162.3572016471099,40.75250661647186,180.74566493302765,20.0,4.378633945596405
17,0,24,1,0.0,-333369.1810961788,-3.9564127792987462,59.52984884437265,349.2990521280188,6.549398469280311,49.680366238775136,3.8811515442803266,141.33808677225687,42.217015637518465,166.3731352804175,123.3071701066313,4.0
17,0,25,1,0.0,-389316.90132259735,-3.0271882175037295,42.23158785211147,343.1335885987339,11.122246762890855,49.911898831813,5.439909279011416,139.49940126958896,34.815128256108764,181.513384417538,70.15313202121393,7.2955519280836665
17,0,26,1,0.0,-334373.0263323682,-4.280426472582707,55.55464526750318,338.9437534642214,6.620379757627298,50.0,4.384123442483471,160.6213073897233,41.05034579085728,187.97176121719653,21.224605960182878,4.0
17,0,27,1,0.0,-380535.84629929124,-3.119592275669469,47.31822416188678,356.1536700856648,11.09613104766049,50.0,4.216502744044318,149.56819966419923,37.156151466285195,181.49187917245882,23.10936331071882,4.0
17,0,28,1,0.0,-334302.2571307535,-4.2260899505049,37.568922167822585,325.24282161444415,6.866449679143391,50.0,5.191127417112279,139.91379722587928,34.9726921325904,184.1920772260351,41.50553076883389,4.0
17,0,29,1,0.0,-386970.9323046624,-3.3597189693411407,46.624998259138586,291.95031300601045,8.740256136176434,50.0,6.7405843413767235,156.7942490389937,36.676897378696054,194.33660614083539,72.80833256794584,10.95659401496533
17,0,30,1,0.0,-359265.75975611113,-3.877221168077779,43.78614410256907,342.73195761435034,8.226332929052036,50.0,3.763537791248984,178.039900421759,40.14023543516931,188.27277682572966,22.31218964787416,4.0
17,0,31,1,0.0,-341476.27560421557,-4.136978389201317,48.60108470463582,324.3441201546746,6.914723542986394,50.0,4.403400048058109,163.22640893660338,51.21143114063153,172.27536989247042,31.047285709626586,4.0
17,0,32,1,0.0,-324607.57744820334,-4.27171088160598,44.492784176450826,356.00138727312475,6.781277351872308,50.0,5.323525668527227,152.81391377004954,56.05374897107813,182.294666895788,29.286978674053618,4.0
17,0,33,1,0.0,-348618.6722257318,-3.99428630782785,52.89726116516731,345.6299897185458,7.543158042994979,50.0,4.325463158631497,158.44846152867933,58.38925322453883,186.48557566253777,53.01650544055043,4.0
17,0,34,1,0.0,-321987.0919191958,-4.369735671727996,46.22884535394911,341.2312946124578,6.1341100956622245,50.0,4.855796237164744,167.61733388449744,43.078991963762924,192.8569396102319,24.18526886298828,4.0
17,0,35,1,0.0,-344187.5234768666,-4.11247558501267,40.90521767630186,343.47238164122166,6.971350645779603,49.96469538925801,3.934655606350055,189.41775790227106,33.34052157711492,180.4220760692261,61.45126384518406,4.0
17,0,36,1,0.0,-357756.2269162505,-3.8780463412584303,39.05576117436291,318.87671429231676,7.953204223809568,50.0,4.700871131056383,150.20959095238132,40.56634680561832,182.16174422887565,51.65919579755844,4.0
17,0,37,1,0.0,-341616.7916038833,-4.034373807380468,50.593301666532184,327.3496018532461,7.659678233579557,47.191645608663784,5.840440377051408,118.88453453111512,27.6513403770059,182.73794365597956,69.46800085744236,4.0
17,0,38,1,0.0,-395445.6057479194,-2.8555374459860317,71.94734306291434,342.24077508181165,11.145312531499256,40.97909441473979,5.1974505708967556,123.9520580868357,32.06083712094191,178.00893262741025,160.88611783371772,13.627236712781535
17,0,39,1,0.0,-334169.0779084625,-4.2790195902517905,55.28373044943355,322.86306101670107,6.435561898069931,50.0,5.986616211165651,169.85064363435654,43.83973293665608,187.91712576487313,20.0,4.007440909894207
17,1,0,1,0.0,-439871.07857597485,-2.133189822191547,46.814014525886016,299.91108086484024,14.001512504290972,45.07680521670178,8.270199924876842,152.8351390586259,27.28346537599321,181.82917070069158,146.93316432855636,20.095187124755373
17,1,1,1,0.0,-347760.9568893117,-2.6056788442301313,41.74625253058223,263.1763600199432,10.393103818620895,27.17033035125668,4.758047158355068,148.73499427343816,31.898645223926653,164.19087836651119,133.3906781205896,26.07995587971264
17,1,2,1,0.0,-451800.3619243733,-1.8552887238912974,64.20279928801254,318.4381537414936,16.674776273722287,38.260336614068876,6.840121136784175,158.48800937744792,51.89419619353784,179.19932231674588,168.7758169794312,28.08438169518316
17,1,3,1,0.0,-431099.1570844721,-2.2663926626200364,46.50334869933067,279.31253723038117,11.836921519574785,40.367962459105314,4.607788648695676,99.18519320558983,37.980106321495974,177.16719074500742,179.13184201695418,26.362294714648506
17,1,4,1,0.0,-468314.02362356376,-1.6173648888899077,42.91673479012062,253.71938609441028,15.422272067425487,43.17333666917427,8.17951281971586,149.35072243156318,10.183141782539064,181.1485819227711,178.1248302139612,28.192028570565686
17,1,5,1,0.0,-459221.79794302076,-1.8181826981185678,32.951492832036706,288.90682195067563,14.735752693653557,41.131297306923955,7.004831726033694,143.50222345932914,30.867300639263267,173.9353745427029,191.40849020320405,31.495884553327347
17,1,6,1,0.0,-461312.65370059985,-1.699786734188205,42.463105039236616,235.6865571841684,15.676454509433512,41.0,4.144172921149935,74.44216653129858,31.736949620673805,182.34287971499737,178.76013206375077,19.510967205313438
17,1,7,1,0.0,-49032.19211301568,0.7619553828830511,59.02439495401437,233.77188878903752,15.980470669397288,43.93600758019733,6.291106989706119,151.41443238576548,62.779393226562846,182.32043227295878,188.69406116754197,31.593538520408508
17,1,8,1,0.0,-474087.5944723305,-1.5829721599645403,43.99889135312255,274.1306865398297,15.97192728821757,44.79497943886717,5.93720018302983,160.46464864492765,28.36368696714039,192.60685335789827,177.15146107465713,28.92923648633325
17,1,9,1,0.0,-471416.4100501282,-1.5157599786975222,39.903029339690995,256.2782107069908,16.01594815018544,46.951117084177554,6.110975341571138,117.22381908441987,39.64270495069672,183.6828573994238,179.34547265964028,22.445320608368768
17,1,10,1,0.0,-453987.39885642077,-1.933144178740645,45.53947522826814,258.10339664616885,13.97492609287729,41.3512452419636,6.420617955428757,149.56888531289474,37.405923537716674,173.11029419132677,150.4223967696443,29.38259475415326
17,1,11,1,0.0,-466262.4077990065,-1.6901673729498718,17.05288298150798,267.3923292757217,15.139770159031233,40.30803130632294,5.709576122697161,120.06582727765905,22.226611778648167,195.01292873109554,186.86402106222516,35.878536828798076
17,1,12,1,0.0,-459847.1606663385,-1.8837839836393175,40.52343910545869,244.13797497313377,13.49722692172115,38.93529583052377,5.715132313100077,163.1614737824615,35.305305660545656,181.6885998691388,155.13823039329662,37.03480231638103
17,1,13,1,0.0,-479339.54233904666,-1.5251965393819749,42.026974721263194,242.89904394659212,14.833117393602045,43.70744827236693,6.820314619476866,175.15895909159724,53.90332518033801,181.36973440105734,176.98248046169033,36.06162905812505
17,1,14,1,0.0,-432283.1515353945,-2.1499704029600806,36.573701111284024,266.37106491708107,15.533101747866208,35.38996336316619,6.910317625496276,80.89721184093995,47.528278595737305,201.0872619543268,144.42195995279826,22.432492159777862
17,1,15,1,0.0,-450192.09422259853,-1.7796489310710284,40.676772405871276,323.76533269454256,15.632323793935031,39.98808593045534,6.5542610346415415,106.03923022640086,32.5496863031695,183.04999007883575,183.57555141258518,35.33267571883432
17,1,16,1,0.0,-473395.3163191807,-1.5907690523888436,36.855391942910785,245.44929584623972,14.62693775343678,41.0,8.273244029483466,168.925453425683,33.58650183344781,182.99210316844147,178.180675982286,39.25701524557576
17,1,17,1,0.0,-59139.82854967043,0.6833097455130897,58.472324445174735,245.16777938146694,16.032190051425797,41.0,8.832062332347853,167.48256589234862,33.45673789441806,206.2077676583825,148.37266662923287,29.597634748057192
17,1,18,1,0.0,-437659.2376280842,-2.0735657318169625,19.931822151363793,266.3739273269087,15.815596301682097,34.13213939831102,5.351341875723673,146.65776914962152,18.16227328439296,172.38146522246336,107.93087163520244,35.9593093652578
17,1,19,1,0.0,-461626.6361457651,-1.7118233122198256,35.17529765374823,265.4603699646521,16.486385220651183,32.301141290861985,5.919974983320906,152.35363420230127,33.70874905975146,180.66910421269998,187.8036660052059,38.11823168107307
17,1,20,1,0.0,-442027.20255487825,-2.0931429009759226,39.813314266549426,242.96814846502235,15.680385231593226,31.386758489063798,6.910353805095327,145.3139853221807,31.416580347636945,165.716851727546,158.57795575160296,24.286005289444734
17,1,21,1,0.0,-447583.0005677589,-1.9750868568698507,30.052727091013672,231.93091375818494,14.964256378979107,28.43350857353964,3.5809164378255844,167.05387239176972,28.561465041814056,182.38160558282638,148.47548066169526,39.197103912930956
17,1,22,1,0.0,-447116.74991169,-2.114710553829209,42.8881655179052,254.29271959169841,13.697512703014272,41.0,5.837915718111795,154.24649822890788,57.87457084744725,187.03144479069343,138.08559913550056,23.452351338615703
17,1,23,1,0.0,-447000.4112624501,-1.8274393718686934,13.080640008094255,232.10488870702983,12.30022927638298,33.450865624023315,6.681870125012097,194.49166214218135,15.18110529033147,180.4914730969314,195.80123806114315,39.52066133199357
17,1,24,1,0.0,-466713.91819239536,-1.5753806052271093,52.352028095519266,276.4069373870971,15.869628497708737,46.087338784416175,7.662880165053032,149.45599425893698,29.50388390833816,170.60606750004925,159.6669392453173,28.702168372191313
17,1,25,1,0.0,-466031.8413374445,-1.592072652583778,47.4713847999422,243.27071738200405,15.229181522544094,38.527984731249774,6.6874587803775976,93.41133328628231,13.69318394885118,184.94836804950242,188.74524156314558,35.761619443163084
17,1,26,1,0.0,-469345.9669782807,-1.660086814104241,38.32332766763309,251.41495252856987,14.517775156176286,41.0,7.136818139625154,160.51822711977252,36.51185706111419,164.2954079161104,178.88176695102558,36.324749764326675
17,1,27,1,0.0,-433827.6291868166,-2.2111757399685743,32.49581720438765,292.4969341813378,15.623570106394173,37.74420044959395,5.76137250593267,150.1582369199596,30.835038415349672,169.710506041883,118.43610795463172,22.316369923570807
17,1,28,1,0.0,-468864.80239159777,-1.7706598321965792,42.70402390035583,244.37971679016954,12.914489500868,48.20423902012433,4.985305304025748,151.19263158079514,36.794796215858646,172.52874389038664,161.75518167957688,30.42993094218474
17,1,29,1,0.0,-495053.50951576506,-1.2268540012934528,38.26985568065695,241.5219827993414,15.867497907449675,49.149204182413676,5.206551318520732,178.29121691240192,28.150657883816237,187.64552959195896,188.43829334379038,36.387301637028784
17,1,30,1,0.0,-441867.6920846126,-1.9815760372060003,19.628079795666427,252.07974099010758,15.056519669835772,32.25427623170921,7.056547822064584,134.34738499919854,29.39041915097853,179.27573175335868,146.3564397260946,37.9189348594903
17,1,31,1,0.0,-468200.5861513077,-1.5893219199236905,47.10153197208835,261.8707485610749,15.899619626725976,40.16322426689702,3.9213603720995316,134.50565942351534,34.580991211520626,182.06148778392412,148.25825144569242,40.0
17,1,32,1,0.0,-435115.2328557857,-2.266827865782585,62.601959866797436,276.5496316599706,12.552731827910584,36.32794637511886,6.001536543041541,177.07203630232655,37.24472483329746,200.52150893451648,144.03340541792085,32.566792215994596
17,1,33,1,0.0,-383635.91793172,-2.606411044940247,67.99463377851384,255.18465486288048,11.430038399923818,27.685155346498952,6.049780419076841,169.0943042402394,24.260720000607996,182.35183370940973,121.19556499182292,28.104581074775183
17,1,34,1,0.0,-453194.7152929022,-1.9237297041167132,34.883441897253405,245.43912026853914,13.801079668212997,38.550764665137294,7.027767051825443,118.92266469398099,29.37647036514396,182.68159735310164,176.05276691660754,30.08470671668809
17,1,35,1,0.0,-461356.5922273036,-1.8956130815526835,42.050826903338525,240.95295158377087,14.367169624130993,38.31767392014999,5.2463205689728465,165.50851625086077,26.39759211734168,175.8297140846437,160.01401236186916,29.262564864632793
17,1,36,1,0.0,-481747.81940654566,-1.434875510188639,55.97972406989544,250.6211483860265,15.900259694266175,44.27775767447879,7.212455277865739,159.12986870206515,28.165868471574985,188.18234434381975,191.67960553258285,31.146305726886798
17,1,37,1,0.0,-441901.84526494873,-1.942382881933729,40.90384053078792,253.500427582821,13.972987777866424,31.60389060091304,6.667801015735609,150.79240490109856,25.376489278650784,174.83912754837237,184.24992926458629,35.306016139957585
17,1,38,1,0.0,-478298.9766657255,-1.6343706382407217,29.955155035129305,258.79731947255846,15.763482710814149,43.46052085206562,5.573194527917631,177.01701523296205,31.865297773406958,183.79065706049437,200.0,24.661982741167293
17,1,39,1,0.0,-456715.9135230061,-1.781014074175174,47.48510311873903,285.8083308307896,17.09186211048825,34.04169088015241,7.272790178123209,161.72903541059785,44.04717763419592,187.1199734139127,163.50576238276815,35.64611121205086
18,0,0,1,0.0,-378864.6495314481,-3.223903269847195,62.349456213885944,341.6766278609798,10.567604947525647,47.2371547960698,5.53097548495153,137.88880958330526,35.12622153849497,180.3856232474676,47.93289361188736,8.24794648640462
18,0,1,1,0.0,-339191.67266530445,-3.9437909576530115,42.986642549130934,341.8679456538015,6.892782497359479,50.0,4.3584537150573155,129.4051741695977,42.90219917065175,184.5968001200277,61.72894612361205,11.225074001183089
18,0,2,1,0.0,-320016.6938115148,-4.28398535113528,48.099244735339155,350.58873131889385,6.172233779558923,50.0,4.39357471115449,156.4350305357313,38.76248582136221,183.80222429246777,43.97529877818253,4.0
18,0,3,1,0.0,-317646.0031382978,-4.0955283522679915,42.115433582605604,349.95674211609094,6.975095984144166,43.89475155869309,4.563189233258822,129.93756734267683,38.52913562252177,183.71058511813806,101.7355398800891,4.407251374030413
18,0,4,1,0.0,-356371.65064321173,-3.9490986057127366,40.60990684004551,338.24904353042905,8.239764198160376,48.747499249761255,4.860912180223659,185.3421301475253,37.843093758557615,186.61079470998885,20.10889135316096,4.0
18,0,5,1,0.0,-345948.1539544312,-3.8492691335084945,40.23443537442205,352.2476540760307,8.384081564103623,48.368684485298026,6.5376315863320835,144.5199904746882,10.005215717535656,193.64719404732475,70.47436216007766,4.0
18,0,6,1,0.0,-343836.3350922387,-4.065441509187529,39.065007482900924,354.1448255788281,7.773087993286698,49.62758872472951,4.797702894834796,174.2501637213575,38.11456921204713,178.0293665335682,20.642895710707073,4.006956671222921
18,0,7,1,0.0,-382065.63423670334,-3.523921000030098,42.68066460527546,291.2668668729797,8.754485429117384,48.23571340803321,4.967446421201012,164.9295982498607,34.27306871384728,189.03243606675218,60.46858460013556,7.927965156591087
18,0,8,1,0.0,-371788.5294917934,-3.4351069135885535,47.45956397152126,349.3203798628145,9.609422815982724,50.0,4.738076357164434,131.5932715835914,37.95194811714923,188.25558349367788,43.02727423634664,9.780775731451946
18,0,9,1,0.0,-352840.6709624084,-3.965636583895363,59.728276515874114,358.6782581855636,7.870416801268774,50.0,4.517385461721008,184.15714462114448,34.00627940050028,184.90232815673716,22.33034491961018,4.0
18,0,10,1,0.0,-397469.9442731998,-2.758324902941689,46.85849405689426,332.83108535400913,12.226517043423817,49.70631502297289,5.020497715892986,156.59072417018368,36.04158788292821,184.52222761140223,30.67176128324271,7.299610987541745
18,0,11,1,0.0,-372272.89864397666,-3.515013090509691,41.63784997008332,353.99062687231856,9.411879880807888,50.0,5.40523923991792,163.1262600763467,41.476824769873105,194.82138955648924,91.79950575566063,4.492881578029441
18,0,12,1,0.0,-378800.12421928084,-3.41353360640711,42.05402597995289,317.9701134299043,9.561220814576101,49.82486951595835,5.0677350906700935,180.04455363949262,20.899842617387108,183.06974391540257,30.41244913178471,4.1387489041286445
18,0,13,1,0.0,-328952.5621283463,-4.293450608216077,41.677391694796384,335.6270695260212,6.502952922685826,50.0,4.774759220204908,164.83487366208135,42.21238943683047,179.0429825932063,29.289564743721968,4.0
18,0,14,1,0.0,-322973.6723564908,-3.809663791770738,67.31711848399753,311.422597384499,6.025595130870858,47.35948066294921,5.0037896965542705,140.5592274734861,44.95027276702976,178.72377889261864,131.11993734252192,4.8315244541653675
18,0,15,1,0.0,-340153.46370638034,-4.145973812352808,45.831661355002645,329.56433886580356,7.088481050617603,50.0,4.724897998259097,151.68843832242771,34.92881078305002,172.28774635464498,30.76300614231316,4.0
18,0,16,1,0.0,-395427.7651595059,-2.781457549184721,36.25243185373033,343.0109471917831,12.287572131915582,49.1746230672787,6.336293366295018,157.3135192064806,21.415963148074745,159.30211025832153,102.24093921942362,4.530481735510252
18,0,17,1,0.0,-332795.83779371256,-4.215088775597522,59.178836812270006,347.0632542051919,6.5341422334234265,50.0,3.7891132313875753,170.0983598916115,41.918502425526974,174.15772560708822,23.645089008341305,4.0
18,0,18,1,0.0,-376941.46852709126,-3.1637162330006934,52.225699475031476,344.5044806473394,10.688785487094396,50.0,4.611529475884651,128.02613783111167,37.137112027365916,167.66650417091208,30.258256905067654,4.024218530303626
18,0,19,1,0.0,-381216.32240312826,-3.229738783111848,49.88885566204883,313.53158181398993,9.949891614216071,50.0,5.469393175789745,149.49980406238578,38.85116617639544,160.43822962956162,41.15886450917411,4.686297594978031
18,0,20,1,0.0,-337109.79932807246,-4.21757095174599,41.251410376172835,319.38302069708357,6.565841689343554,50.0,3.681872333740647,157.4785756607444,37.40961654888382,179.29582934079792,37.26142549455125,4.0
18,0,21,1,0.0,-324903.9895641978,-4.001829004853784,63.62200522602837,305.0907930508388,6.366201978039117,45.64882086772346,4.694977037274149,148.2639903883339,46.77641067378759,167.5812508712136,26.50725803849377,12.208766036423095
18,0,22,1,0.0,-353618.3969782669,-4.015370931419878,38.37578519882695,299.61819953302836,6.834840379204614,49.91202085565195,4.452746430840138,174.3988965212977,47.363299289425434,181.9465638434523,88.90081532207739,4.0
18,0,23,1,0.0,-341430.7756086598,-4.154111024843647,43.84013886956359,321.4771501984872,7.001923317878284,50.0,4.592748816029066,163.04720412103802,42.4639313788288,168.74566493302765,20.0,4.229972154915146
18,0,24,1,0.0,-362913.59265897487,-3.677686264783333,60.964634764023295,347.4956583027145,8.275061330847043,49.942984124341436,3.8113385575294902,155.24461203498583,40.72378333021678,168.44257088908728,87.3071701066313,4.0
18,0,25,1,0.0,-366214.2396044047,-3.5343170751085857,45.62041122169641,340.1661820869423,9.874043694820589,44.777363822414884,5.130799147017523,112.28559683790832,39.000859786478124,189.6885695147068,106.15313202121393,5.155227652409745
18,0,26,1,0.0,-347571.8373525101,-4.07213379046287,47.99262927674124,338.2342666233315,7.64141860458307,50.0,4.724964654823455,153.4731670932915,38.82045433775204,189.52032959701646,20.24741471937051,4.0
18,0,27,1,0.0,-361978.8365051133,-3.8038158727932707,51.35889372694971,324.1536700856648,8.09613104766049,50.0,3.06137039284528,155.24442342846513,36.72504891574202,185.67057989643482,20.163852496567323,4.0
18,0,28,1,0.0,-346289.5568879114,-4.027480363547204,53.59562079452004,323.5028559548348,7.235658288161831,50.0,4.077823556611763,122.29214467083628,33.64999164781262,181.28537114187117,60.03990246462338,4.0
18,0,29,1,0.0,-370483.587510578,-3.5689175157497286,44.91083414132153,317.7528656366637,9.252510334523336,45.73498120035168,4.940584341376724,122.79424903899371,39.67202749533306,189.1132984756281,83.07370380928981,7.082990043696899
18,0,30,1,0.0,-306466.5480817812,-4.319404945388347,50.52883971104814,348.89333463698824,5.736930656730526,50.0,5.563537791248984,174.95130563743152,40.55165725682766,186.28123738711366,23.252956019597086,4.0
18,0,31,1,0.0,-334704.4523900268,-4.254068945621104,46.799153876912776,337.1580734307714,6.660492873605756,50.0,4.615590804966396,180.80581322295686,46.62346356356078,176.08824819256202,20.0,4.0
18,0,32,1,0.0,-336327.7900502365,-4.193470735952809,48.219268358285724,342.2268145672468,6.998091509985788,50.0,4.921748466830978,163.1287490747334,52.03464641337531,178.81846787742208,25.676379335482324,4.0
18,0,33,1,0.0,-379193.45048819494,-3.172570603642541,57.87301856509162,343.0840356162979,10.502712411921072,50.0,6.007082043318403,162.37985682460973,53.497938010227465,174.48557566253777,38.70286218291717,4.0
18,0,34,1,0.0,-306922.5748272758,-4.327804768986105,42.3986030106974,318.0983299003086,5.70047943720696,50.0,5.1178435083955085,147.22003186548127,43.16632548066087,183.90596318915556,21.14297752542041,4.0
18,0,35,1,0.0,-343385.64624803554,-4.1171650954724015,40.245187483985184,323.20178860834807,6.951444558626696,49.99767046335493,4.265137822582326,155.41775790227106,35.73407323528004,179.45656847257854,43.343469893757714,5.915926500858511
18,0,36,1,0.0,-361561.195402272,-3.883543341943244,49.29599776492964,296.40658451418494,7.666041012078458,50.0,4.061794627739991,142.30320869220472,43.894152858935385,186.79368658321397,31.65774901066024,4.0
18,0,37,1,0.0,-376989.86503244186,-3.3337019568200166,49.8311268953163,295.3496018532461,9.27957451072063,50.0,5.282287158865025,88.85451909436159,21.334129214910575,192.28814748068012,85.19010854475829,4.460076887375346
18,0,38,1,0.0,-395012.6386032665,-3.0112636594237783,91.9955063558091,336.72028501319295,9.435970471236619,49.97909441473979,4.8315200241405485,157.9520580868357,37.50829145747026,190.00893262741025,169.26048593103758,6.427236712781535
18,0,39,1,0.0,-334374.4667543652,-4.317018863629402,55.61705367486409,321.7898687762983,6.372796075230618,50.0,4.793786206746946,157.97019572394657,42.91078261911891,197.17706245073396,20.0,4.01203075801764
18,1,0,1,0.0,-445332.527741156,-1.7735899023567379,58.67718283789319,331.91108086484024,15.39882748309104,49.3300549044655,9.317866096251505,118.83513905862591,27.409111985696683,169.82917070069158,147.37900550352228,25.076633573993014
18,1,1,1,0.0,-441131.852520041,-2.118039428964342,41.50501549169685,266.7756255216456,13.393103818620895,36.17033035125668,5.838434375863837,145.4748764490781,24.8368896892788,172.19934712755457,169.3906781205896,30.021172620661588
18,1,2,1,0.0,-433386.79131751054,-2.0850205311309233,70.81468720440485,313.8984103591885,14.596397574191968,36.34655272370879,8.238146505072073,160.88908077171854,34.78196310146122,167.19932231674588,156.34715913738262,30.55463840247521
18,1,3,1,0.0,-460065.96052052476,-1.8082961545589644,31.469416854100736,261.6344672269917,14.836921519574785,45.12815750407498,6.407788648695676,116.31636079434477,22.526284820647625,177.44875594854952,192.69129196064483,19.162294714648507
18,1,4,1,0.0,-474512.98912298604,-1.5845311210154174,46.22383682498627,256.3565332362398,15.63390716661427,42.370940811221644,8.877582597140437,183.35072243156318,18.99109369935877,177.4534547540813,192.56090816628677,28.892910354604748
18,1,5,1,0.0,-455904.8265876506,-1.7215644353813615,38.08990481596725,320.90682195067563,15.67899543600716,42.152995364205516,7.572843629520214,119.34385593019829,27.905950533222892,177.82628599165432,187.96714919425656,34.143031448000315
18,1,6,1,0.0,-464981.5378370969,-1.7213275339745273,39.16254943759286,243.99249340045355,16.12917676748269,37.42012728011265,3.19070811056799,108.44216653129858,30.754560397714524,177.28548321966042,171.18158611468002,26.710967205313437
18,1,7,1,0.0,-463646.3855048746,-1.866136642955606,54.87496962680686,265.7718887890375,12.980470669397288,45.77104280824696,7.431564919448229,169.1273242161099,44.779393226562846,184.15568292995147,187.56684579057924,28.23963623672938
18,1,8,1,0.0,-456431.15234555985,-1.9441763536605496,43.245191858264164,277.0038682750184,14.932824952024966,36.75843306048881,5.79526869561409,170.51007625637573,30.369017395357265,190.15571889836548,173.62156664420928,31.31051901838574
18,1,9,1,0.0,-481804.8248702681,-1.1826090679608336,42.96082367543295,253.29445466227978,18.914478673315894,44.27516452126682,6.323888934805013,137.15698939784926,33.18195761155886,172.19340171357806,164.30116244442766,29.064012481617368
18,1,10,1,0.0,-459508.1825207445,-1.7508810541179776,43.33572871414295,237.7121401538066,13.379737860074634,48.443517886918734,6.9009922301226085,168.07487599365442,53.535264050213954,161.96418312490243,123.35180117021577,28.83016069251944
18,1,11,1,0.0,-475724.07747493224,-1.5707457058242291,33.67770431095381,267.1623853268817,15.523483574251488,42.74354335017879,6.562531648498506,154.06582727765905,32.82357946917463,188.72864071790596,185.6469295173776,35.55405280544872
18,1,12,1,0.0,-426180.07679703005,-2.327819467947471,45.37431076924335,228.83644343371532,10.49722692172115,36.141063639142146,5.58355818065285,162.55300224507565,32.04953150526063,182.0336685244522,144.904257528873,32.498410250442795
18,1,13,1,0.0,-464698.14730297716,-1.7022599524763082,28.205011084350456,274.8990439465921,17.57255355707879,34.70744827236693,5.65840041401159,151.0831824622833,55.24375636008149,186.6714353383339,176.9026879494323,33.10670738553957
18,1,14,1,0.0,-430106.2359886453,-2.2623836403263655,32.421794636350754,248.50561329731087,13.948055005816556,38.1171709131527,6.624309764260161,88.47727876005325,61.37108683824663,189.0872619543268,133.9838272366982,19.47151022884518
18,1,15,1,0.0,-443954.12515300367,-2.0299056834313767,45.247538080650266,291.76533269454256,12.632323793935031,42.1348109468292,6.649898788067378,140.03923022640086,40.881432323878336,185.7075278203251,164.28701987846296,35.40108413050795
18,1,16,1,0.0,-459404.097033544,-1.7789408066187036,44.50350082368606,255.4729503093179,14.985009958667591,35.681699845420276,8.900596400994191,157.91365423868487,35.07688562315302,188.34270637797462,184.90101484615056,34.77214268578817
18,1,17,1,0.0,-440120.09206990385,-2.0563397097257634,54.09668939064608,259.39386179771026,15.45366923172711,32.0,7.237001419468147,133.48256589234862,44.90795901162517,194.2077676583825,148.82579129349145,30.995949646344844
18,1,18,1,0.0,-401702.19538666855,-2.2569380140284427,41.47912204106596,265.8636808969446,14.845357102624304,25.13213939831102,6.437609907803733,126.91475707404513,30.571002260740357,165.6356951707162,134.07563209869073,35.26619105559709
18,1,19,1,0.0,-451700.5276715662,-1.8296697451534312,43.130990072045904,285.9970151505935,16.304790652573022,33.6756771677331,6.143993445467801,152.72768672011378,26.06470583168904,186.41782612764015,158.2941864779283,39.012755463480026
18,1,20,1,0.0,-462361.2725510613,-1.750117401541953,39.03990472008467,244.2867248796937,15.768536427760399,37.01905914656971,7.834448695043118,162.16273012679287,37.35701426670643,177.716851727546,159.5705806055743,31.486005289444734
18,1,21,1,0.0,-428233.7375653371,-1.857466317743079,46.25393516809148,237.61107796168685,15.796770075852002,23.130660510782214,5.380916437825585,169.29483581017098,30.688309889034798,187.9488930736169,172.8769960094295,40.0
18,1,22,1,0.0,-433116.92715220473,-2.333662651980383,27.925578202154405,252.4502349913562,12.872013826351738,37.612335489643485,5.78601827366201,153.58413623675352,59.21807866896282,184.20112479576778,115.54096371269361,30.652351338615702
18,1,23,1,0.0,-471684.8073934317,-1.6984800310637964,35.08064000809426,246.1120390934155,13.463370213536699,42.450865624023315,6.999447744873934,173.87797887848973,18.707079838968426,169.56960245838488,190.9623213891424,35.810088445194715
18,1,24,1,0.0,-460575.7069139954,-1.7638242976041225,46.19348912497985,258.6709139041845,14.382069695615293,46.574934576555705,7.861208580264606,170.0476775951487,27.812761181738097,182.60606750004925,136.18564518157788,27.576002514955153
18,1,25,1,0.0,-465452.21299327334,-1.70855078757529,43.10350535744191,245.4922791722029,15.104440425515655,39.55749026232941,7.026314599193579,127.41133328628231,27.660598848881158,184.65610209866836,180.47372921809122,30.440799128706594
18,1,26,1,0.0,-447633.78824889817,-2.060873766308368,36.53484549719425,255.90305567360937,11.517775156176286,43.111481406461145,7.226254870938761,166.0061638385376,31.445986692211953,174.05497629090138,156.9102858598785,35.85913349844858
18,1,27,1,0.0,-409373.7785564232,-2.648418991822728,35.03622106520782,260.4969341813378,14.494703587287187,29.1845541661526,6.743596996948631,153.63301336050543,41.36192339195655,180.34643081970964,92.55541838004648,26.58416014902499
18,1,28,1,0.0,-473634.50452957535,-1.6637316056998943,25.914671105042686,246.72094061963247,14.158344423348217,44.986578585613465,4.597628571566781,163.97784236467146,40.98407603444018,181.69982173803024,152.73644845639217,37.002486458068745
18,1,29,1,0.0,-492488.5572467244,-1.2511232535494945,34.6425964404986,245.2170583294993,15.984889410696871,50.0,5.844573648984016,179.2456692129195,26.20431938943448,186.7787225788692,183.30676987600015,33.72996793149758
18,1,30,1,0.0,-441096.50234150345,-1.8973551692580752,10.0,252.01712814877084,12.598927183405003,37.41563943603157,6.180562624245914,104.25097167008197,24.799903265369057,182.06511083388284,182.3564397260946,38.22605752558989
18,1,31,1,0.0,-465940.59556666133,-1.5958613369237171,38.899353158403855,263.4998291629582,15.864360014532894,39.84992829790187,3.2099595900317754,104.22718271491729,27.847876518171468,189.23868904858983,153.01569465101147,40.0
18,1,32,1,0.0,-461713.0165439921,-1.9913506310666447,40.601959866797436,259.3547032729632,11.856443639514069,45.32794637511886,5.383513486500793,184.16458236010354,26.62968465844337,195.53138017319546,168.17008560786198,33.66741940040248
18,1,33,1,0.0,-425978.2980094039,-2.4172281256074357,60.070058765213346,254.72703414075127,14.430038399923818,29.60068804490995,4.678108759353777,165.90237490991507,29.430222998215235,180.16894393619162,118.321048378349,27.603104175343212
18,1,34,1,0.0,-451653.876628692,-2.0424610839569977,29.351067577594293,261.1004760025411,12.06431750572219,41.04590936934417,5.2277670518254435,152.922664693981,28.330531687402885,178.1107924800349,184.38835710524907,32.27618942115047
18,1,35,1,0.0,-475613.28641021164,-1.470421089135707,39.39144761222464,241.69754559725033,16.497865665927133,43.43171372142494,3.941630334117443,172.13555334070762,28.202307640610698,168.64534901375214,143.02751339923344,28.310498263216758
18,1,36,1,0.0,-481031.4527769966,-1.4483991369464575,51.54177440357862,243.53621909616237,15.765796144112496,41.8414853390708,7.0682407125011,152.86097584940313,26.328347114036458,192.65865431540558,189.38565867117745,35.25279952008698
18,1,37,1,0.0,-479706.09516964183,-1.5370329894974804,41.18826589829534,240.45873076191447,14.556162014856644,40.60389060091304,5.341586766488265,169.3837944475852,15.278603902241521,168.83776102639092,192.67799293456525,39.27091921571905
18,1,38,1,0.0,-472806.823685152,-1.55797985976227,28.0842775441808,255.43203443774328,15.629811313665163,47.43211588066683,5.43599958190703,150.83483496958328,21.475518679858027,176.7787038039919,164.0,24.579372456367953
18,1,39,1,0.0,-458257.0974953954,-1.8990403621902552,39.21974771600796,256.4722952810479,16.2853699350443,34.65027315759597,5.472790178123209,184.59044337658267,34.98805020102307,181.51345965264125,143.84990081762405,30.510209314409035
19,0,0,1,0.0,-387403.27462247194,-3.1749166281281838,46.32610509047045,334.5755372865141,10.481850872684424,49.33678780593095,5.620358360642032,155.81683037398284,34.2647338772097,181.97294786625176,83.93289361188735,5.611960456283326
19,0,1,1,0.0,-338382.5895434901,-4.085102396143936,50.021841820899,336.46518710802445,6.355590618595556,50.0,3.666361045647991,163.4051741695977,42.71352058925856,195.93171975560176,65.31130025249159,7.302595836697318
19,0,2,1,0.0,-346697.9049136957,-4.104587367511987,52.74086685496094,326.9176790870781,7.0702491609506914,50.0,4.413855261076991,149.31840428101398,38.29781439816859,190.13586294743888,54.368741062099204,4.0
19,0,3,1,0.0,-268092.9259919382,-3.448571742576549,46.752427136834186,352.11527188576895,6.209382089470179,39.801182163729365,4.485689550652694,107.91173737118122,39.14408112486284,184.92865587765976,104.83176135892573,11.607251374030414
19,0,4,1,0.0,-324679.6032990091,-4.331605431324433,47.813142660120704,342.0958018388494,6.366400987568621,49.16421461772914,4.877327762066244,169.53408618484139,39.70276229534041,183.57888684616478,23.786216890712588,4.0
19,0,5,1,0.0,-380371.1037377279,-3.2275609089614314,62.23443537442205,333.3107723856563,10.389396033418123,47.81979367018814,4.737631586332084,127.65952910332801,28.005215717535656,194.86667916449554,82.39460512203458,4.0
19,0,6,1,0.0,-317197.78497424815,-4.300881109323731,46.63908958025186,337.40010279974064,5.97455505401847,50.0,4.82485102474386,164.08730147196206,39.415391265729085,179.04569258741202,29.18124292807071,4.0956973486292
19,0,7,1,0.0,-313190.11252168583,-4.2904580757793305,37.907605649314625,323.2668668729797,5.77707571568283,49.88597671724737,4.840667765697949,160.22146647042118,36.42530441821226,195.23859793262775,24.468584600135557,8.797501391715773
19,0,8,1,0.0,-328089.6039279983,-4.20575804005609,43.21436704579395,346.7009411129028,6.6094228159827235,49.99970996888888,4.939904595690866,146.4765182340075,26.134006764300146,186.5711085803114,42.08653290894003,6.980193237500435
19,0,9,1,0.0,-361905.54557273345,-3.749298703843533,69.49744622410188,326.6782581855636,8.15886691056498,50.0,4.9997559696451805,150.15714462114448,42.855690850149784,188.48881594231503,33.46730851237071,4.0
19,0,10,1,0.0,-393754.8244206821,-2.650548093227766,53.665837783621164,346.9984819991504,13.100005558439861,48.59089129014365,4.707992541419584,122.59072417018368,41.43065172224118,194.56145197552812,41.25196989884374,4.0
19,0,11,1,0.0,-329302.06073962094,-4.199420104525786,53.61788918900175,354.71458509199147,6.411879880807888,48.87041021210614,4.558825574917456,181.37531429097183,43.89556058483421,186.77553595209451,55.79950575566063,4.785599541502578
19,0,12,1,0.0,-378432.5755326332,-3.3906759615623394,60.749329818621746,311.70760913676185,9.402592114367554,50.0,4.988500515115634,152.24899390551712,38.89984261738711,195.06974391540257,22.4467705247041,4.127905026051757
19,0,13,1,0.0,-324497.6987536021,-4.306608833182227,47.83690667709149,340.1454974395843,6.223552722526897,50.0,4.641885498091532,167.5344269821135,42.55959416650558,181.5340382359994,28.930787994678024,4.0
19,0,14,1,0.0,-355906.81656337355,-3.8926966517465704,67.3891075967488,322.7486479435343,6.980689235750477,50.0,4.788569579093869,151.96304848631797,42.11245112430997,189.8200134571016,95.11993734252192,5.668955326363578
19,0,15,1,0.0,-333477.8985491421,-4.118589302612297,51.91735123626022,307.09094506958587,6.478484275657687,50.0,5.634749784215261,129.54292660729408,37.237981309959146,162.3937912880232,57.07058018469526,4.0
19,0,16,1,0.0,-396769.0811097431,-2.9609692983295806,58.25243185373033,311.0109471917831,10.289440951868121,50.0,6.906221730839637,156.8326963788093,34.484193571886095,171.30211025832153,70.82067838928774,11.730481735510253
19,0,17,1,0.0,-344823.6456244651,-4.145910784592335,57.98081608232004,340.65020915657686,7.0672797385445865,50.0,4.064649758659646,169.59622286446702,42.78839220105411,186.15772560708822,25.996578831217814,4.0
19,0,18,1,0.0,-351681.6690341244,-3.9544110034007787,55.67022785636925,326.0134386880327,7.688785487094396,50.0,4.779150280665627,137.77717344945887,43.240662925199715,179.66650417091208,35.093959238496396,4.0297325725415
19,0,19,1,0.0,-337410.10221837123,-4.09019156331428,46.29737537373576,345.53158181398993,7.037925672820603,50.0,4.459471270349487,161.92409349453104,41.71275628074455,162.72507030724873,52.40241350241264,4.0
19,0,20,1,0.0,-338291.2543201679,-4.148703698084971,46.15575255738956,303.7873164298684,6.540306151138928,50.0,5.287887875754803,151.0818344655738,41.31547067850957,168.82517556645803,45.82715541760854,4.0
19,0,21,1,0.0,-320562.1909226876,-3.939264458717719,69.54408838844404,315.42821790609486,5.980096276321838,48.22759473337525,4.743111994218379,139.92681672081125,35.06849470556041,164.9231929988308,62.507258038493774,6.323167805765054
19,0,22,1,0.0,-341595.75999326806,-4.032794371949738,41.137787518453855,322.96162668254345,6.67800134924023,49.26653119807495,4.374647966671049,151.53643184831003,44.78604603076741,187.1532200391878,124.90081532207739,4.0
19,0,23,1,0.0,-355287.6200809699,-3.8567198809485213,46.23082885610817,320.6736894075894,7.477879104881648,50.0,3.0077016695427057,159.23617320214086,43.65586472009173,161.7105514230057,56.0,4.341997569383439
19,0,24,1,0.0,-369055.36715100775,-3.538301910593642,61.7196850138972,340.5341450144573,8.886455232220985,49.95174975506213,4.712136382817001,174.6977774878779,44.27898867426669,161.17871332194593,51.307170106631304,4.0
19,0,25,1,0.0,-406528.29610395903,-2.721812279841811,46.28899409496795,336.3946297674431,12.089732766783207,48.342420095716015,6.930799147017523,146.28559683790832,36.993274386568835,185.21637455172387,98.73730019959024,11.85375020078095
19,0,26,1,0.0,-339247.0570475343,-4.220533736960179,45.51109282056708,338.211705124508,7.095517810258355,50.0,3.7781962477539435,142.9110494084268,42.396314111280624,197.61782878624487,23.77583891740204,4.0
19,0,27,1,0.0,-318372.9547891856,-4.3265754930752145,56.43658158438406,337.88024927071467,5.837329578106117,50.0,4.046166795082847,168.24499240118067,40.70603713196352,197.67057989643482,21.60433024945349,4.0
19,0,28,1,0.0,-338976.9870982822,-4.102610297286303,52.86956914433893,333.4997681332717,6.436697612619994,50.0,3.7414597280965665,156.29214467083628,46.540218029060824,193.28537114187117,96.03990246462338,4.0
19,0,29,1,0.0,-289169.69476020767,-4.0057181021187285,43.9544005614129,324.51960410411095,6.252510334523336,42.48449511436926,5.56905462940777,116.34991904049434,39.686416758199734,193.50809291471472,115.75510285357328,4.0
19,0,30,1,0.0,-346989.42567426484,-4.150842068998274,60.04669826864933,329.33693018260965,6.989298634527658,50.0,4.689881143945004,167.5293421948628,42.710211422670525,192.76635450895282,30.99149999307492,4.0
19,0,31,1,0.0,-320692.2890011836,-4.335606445151226,45.691472730437326,340.3898067178423,6.083239976715068,50.0,4.529449043770566,172.6074243982418,43.40430667426948,181.49469747739158,20.0,4.0
19,0,32,1,0.0,-318462.733963579,-4.327910952874814,49.2591074150582,333.5847215396608,5.89125101815016,50.0,4.646646781840325,172.59230368716462,42.84604508172965,187.73627971300897,22.3627938341031,4.0
19,0,33,1,0.0,-370301.87457223266,-3.4535688179937427,50.774317592505014,334.58811839466904,9.245120947801759,50.0,6.434565558492298,162.19084610479416,58.29533979546753,169.82052537188147,74.70286218291717,4.0
19,0,34,1,0.0,-337398.29043528886,-4.21949628580817,45.666298536776374,324.3682681599814,6.935153088998245,50.0,5.181212946501014,146.71254078033377,43.47529778044463,181.70157013521086,23.16365924081435,4.0
19,0,35,1,0.0,-336302.9224805136,-4.125534179167666,42.96265275802305,332.8666777298186,6.722090287043208,50.0,5.193631599573447,151.37360839359945,44.64745335011415,181.6740313239946,52.8083391862141,6.938436051130799
19,0,36,1,0.0,-379198.3361155104,-3.654426354740952,48.81840420947623,283.5153736106061,8.054281195279483,50.0,4.421884805975759,173.34234502603778,46.51259563177526,191.961339131717,67.65774901066024,4.0
19,0,37,1,0.0,-401530.2668485739,-2.9731935976716084,47.04493060014079,286.5057040393034,9.92728117603959,50.0,6.486936541550579,122.85451909436159,39.334129214910575,189.67469372273507,121.19010854475829,8.516753011411742
19,0,38,1,0.0,-417915.7209342801,-2.440598453355054,69.9955063558091,324.01191864144835,12.435970471236619,50.0,4.898901286746204,146.0727505347262,45.11137157466018,178.00893262741025,163.4805604002293,6.335285751962292
19,0,39,1,0.0,-338384.18790255435,-4.273579400996771,56.14922921874078,319.4408185667521,6.369967460310205,50.0,4.148883467095638,166.70741827326876,48.61695788215519,196.31134535429513,25.647074346892865,4.010285614084042
19,1,0,1,0.0,-437437.66901591484,-2.0719741663453988,36.67718283789319,348.8101388089326,12.39882748309104,49.26520118943827,7.517866096251505,152.8351390586259,30.378028799942452,176.7473149285325,165.5271680509197,32.27663357399302
19,1,1,1,0.0,-472763.61640615383,-1.475153749868079,41.0847924763341,246.24661702139753,16.393103818620894,45.17033035125668,5.2379918151524025,179.4748764490781,24.071930681828523,174.75287474891266,133.3906781205896,27.56724554436662
19,1,2,1,0.0,-39461.83970114743,0.8073682083045622,65.16656415071482,281.8984103591885,16.574249928709303,45.34655272370879,7.267246596549867,126.88908077171854,26.327486023948616,161.43672063574883,135.5636562102068,27.206639839220692
19,1,3,1,0.0,-452740.35663036915,-1.8064061977346824,26.983870529911393,293.6344672269917,17.55349479774262,41.7375965808562,5.0417363288289145,150.01165657059633,35.756430073920875,175.84720770548313,156.69129196064483,14.970287506390708
19,1,4,1,0.0,-462778.6046578291,-1.7111084266028629,35.700437353598375,262.9951679662188,15.759403375337488,38.02509628140852,7.077582597140437,149.35072243156318,30.857209028538286,175.1492949766073,165.16546420504528,35.91773056054144
19,1,5,1,0.0,-469880.94356530457,-1.4881000731816107,40.22653448278689,295.4905267282329,16.19705095747382,48.683161306354144,5.772843629520215,113.29425827283092,27.57703897694824,187.48218997338924,163.71816824343094,32.90468601566539
19,1,6,1,0.0,-465996.8885547905,-1.7796482597572807,37.38263663840387,254.282588991695,13.325528069315531,42.562900477636106,3.2553539419326207,113.28689822364383,35.49454755073195,174.1589398510286,184.97267712256914,33.91096720531344
19,1,7,1,0.0,-469341.2236735069,-1.8106313861590726,45.04207012691383,263.7802721278655,13.284191718976635,45.785437878320366,6.991572414294271,184.0101903065848,34.000388292638334,195.22733521001842,178.01004251909222,31.688855673602525
19,1,8,1,0.0,-415609.6737713094,-2.4563813102429606,41.93494714392199,284.16508421270635,12.9537411719189,29.90302398381901,4.8548104389257025,184.62939347693938,28.02595789592072,185.7315340675875,148.84554171545852,30.026846391109324
19,1,9,1,0.0,-474537.23729042325,-1.3441937651899734,37.95468293948465,278.0205965941172,18.62138592038966,43.23380225852851,4.565340360118104,171.15698939784926,34.68572292784033,184.19340171357806,128.30116244442766,36.26401248161737
19,1,10,1,0.0,-460798.8224386647,-1.8809223140802238,40.013478103765735,268.4331069034745,13.29268155769869,50.0,7.696996923082579,198.86163879275477,44.81863034417052,173.96418312490243,146.13088423817925,25.103289467285023
19,1,11,1,0.0,-482541.4742668416,-1.4710074397385533,25.54252160494358,289.7259720807981,15.984583083604962,47.399477512656276,6.346511926386939,178.04239139881665,36.118760716766964,189.00221969237208,185.54914075046477,36.22662155715737
19,1,12,1,0.0,-454738.4408877537,-2.0118507886197547,35.750940346149406,238.15998812562373,13.49722692172115,37.60128248233719,4.403387929239132,163.09318002319236,29.041659920178457,182.03630701520285,138.1641845602503,34.5820268543442
19,1,13,1,0.0,-453349.66276688327,-1.9931163678721142,21.440457546225872,267.29391424931435,15.059599994034047,32.86476438469677,5.2146111597894205,166.55302288682475,37.24375636008149,198.6714353383339,182.48184342817072,32.568553541699465
19,1,14,1,0.0,-425869.2058780124,-2.232802819767439,10.421794636350754,280.5056132973109,14.874339374853047,33.7889203070702,6.963888631104856,101.48586598437352,43.37108683824663,185.67188228408872,159.14127928642455,26.67151022884518
19,1,15,1,0.0,-460322.2302518728,-1.8331696874754757,41.70354563796149,282.6428093443827,13.767382210932631,41.41149383127314,5.136711870340136,147.5799683637021,39.220501635605096,185.89747361205542,177.7451141894121,36.63708639747341
19,1,16,1,0.0,-455088.4639383439,-1.900856254393027,34.813566662756344,254.26393153008243,14.586017661068354,33.88196814699045,7.100596400994191,181.160718498648,24.98161242087701,184.6695438912478,170.49720285296877,36.34681982376739
19,1,17,1,0.0,-464237.05860986916,-1.7478037247830303,38.88318657681516,265.02898903162657,15.395216085954141,41.0,5.437001419468147,150.3248922368752,42.04587162901584,182.2077676583825,156.79986149327718,32.03673255224019
19,1,18,1,0.0,-430343.1355773376,-2.147947182813371,33.7911292537592,244.22249331204176,14.936410221504719,34.13213939831102,6.263539888635149,108.97295408335575,32.77736002458252,177.6356951707162,98.07563209869073,33.58978523401118
19,1,19,1,0.0,-472191.7893406903,-1.6493851559705859,47.17817644984117,268.9575141637871,15.262338208185623,42.6756771677331,4.6977616893411,186.72768672011378,34.49390178804772,189.10952922979922,150.31078650031458,37.43158408966908
19,1,20,1,0.0,-442403.79868699174,-2.060306072948032,18.441995032946508,248.93265487480133,15.757564881273112,28.01905914656971,6.034448695043118,169.17108546212376,19.35701426670643,173.51950810754352,191.1021349582852,28.097332682776454
19,1,21,1,0.0,-460294.6797228265,-1.7910457825016108,48.63411769073274,241.55596564604474,14.818433780520849,32.130660510782214,4.846572166504075,177.65278549496858,19.780720248258447,175.9488930736169,170.1931476138772,39.79740944076224
19,1,22,1,0.0,-472580.66707434907,-1.5390067656498732,28.635795695586552,266.9049759793452,15.80680466028084,46.612335489643485,7.58601827366201,169.35395794094953,41.21807866896282,182.3497240755867,151.5409637126936,32.985257233018174
19,1,23,1,0.0,-479290.7674717625,-1.4198669494534426,46.66362816261259,247.34965406090296,15.985107978757586,47.05864186137107,6.163283824515661,193.1461473355561,22.823459683877537,168.95141842351217,154.9623213891424,28.610088445194716
19,1,24,1,0.0,-457104.1353119406,-1.8970858881433823,54.837082323365635,248.74488455046475,14.367936487780003,37.574934576555705,6.061208580264606,138.67058727389994,24.834052699397446,189.79857045070685,172.18564518157788,29.388105985716486
19,1,25,1,0.0,-464040.9156287048,-1.7544534622440238,42.45952951184817,243.68271029477225,14.920919818807214,39.11581413410471,7.050203057590046,149.4329329391815,34.926195189823005,184.16978711227543,163.3773067513801,32.293481175830834
19,1,26,1,0.0,-455026.2564705036,-2.057932700861381,32.06944779587448,249.45733012421059,10.180959767117738,48.1583417245731,5.426254870938761,177.3084295518623,28.17290123564586,178.82238482665772,170.04780440899316,35.63476320998967
19,1,27,1,0.0,-397234.97190863785,-2.39950064702968,38.95779632776623,242.79680169154065,15.69207302184405,21.191433058332258,7.608900309999919,181.69929167813447,43.447288006135416,184.85587149844665,112.46176082719447,33.78416014902499
19,1,28,1,0.0,-58514.53515098139,0.6579407656334612,28.841105708200008,246.02843383846812,13.212784811008458,43.68266129015474,2.797628571566781,170.21788115369756,40.17766604683423,188.7907399433783,153.50716569431208,29.802486458068746
19,1,29,1,0.0,-477966.7724644416,-1.6554698843044962,32.38887586323277,251.24651208374078,13.740448187696021,48.85422258374534,6.36325684104604,174.49897742513505,27.479435125558805,186.76276554024807,184.4862017549514,29.451142993437127
19,1,30,1,0.0,-430499.0646541699,-1.945362582229061,27.48913103227977,259.680715877845,11.257101153822603,36.0576904518065,5.287373503920486,138.25097167008198,31.900149327224376,182.94654797761623,189.47830174820277,39.22447516221209
19,1,31,1,0.0,-472675.74683191726,-1.4490547449663764,23.846609557193958,245.5907769398615,16.002095518930528,45.295898780473266,5.009959590031776,138.2271827149173,25.980831834549868,189.10301645040212,129.79692569084347,38.79724897969762
19,1,32,1,0.0,-477750.1867253846,-1.638790455699522,40.51446214547936,249.36369379547295,12.882331284930586,50.0,5.696870248447989,178.6317396527528,23.473463191970346,185.4101085668263,169.47185909351742,36.74755805536456
19,1,33,1,0.0,-433440.8261490338,-2.5094465404321395,50.693197756752504,258.93757230349695,11.881799193654427,38.60068804490995,4.567278035427425,166.7373282331704,28.642373302622023,184.13424845654168,151.40033931110762,20.403104175343213
19,1,34,1,0.0,-450489.30911244446,-1.8871216880665296,26.787465898738525,293.1004760025411,15.06431750572219,36.0627930820499,4.353729491335627,129.7403988275401,46.33053168740288,177.08071375641768,175.783894804173,36.58616704803897
19,1,35,1,0.0,-479632.5934273001,-1.4091757420478457,38.21708907108265,242.39974703870791,15.043017502408127,50.0,4.927386116276517,189.8915361870173,29.113241519823372,173.07526139950625,133.59665467156398,35.51049826321676
19,1,36,1,0.0,-55605.061535430126,0.7135847799071512,55.96649186616661,237.4659792014041,15.781911899619574,39.7284149860242,7.666704575373135,161.58793228528305,44.32834711403646,185.59344094395303,174.91714772060683,38.62743558335006
19,1,37,1,0.0,-484355.9166799115,-1.463548875524257,38.07660165891564,237.54020275512346,14.913959702566487,41.22603352763811,4.780452302051373,178.8678462148909,7.778875966252418,180.77703160115993,192.0573519278979,40.0
19,1,38,1,0.0,-466135.7782027863,-1.6428668706443368,43.1634511687057,257.8775963313257,15.062450686104022,47.44258003269965,5.421404680195856,132.77982408188817,17.32423939546064,177.83841658887036,161.2414486940752,23.083237081646608
19,1,39,1,0.0,-476181.6359049536,-1.6825667867258711,35.40545929450624,226.13227651583495,15.028516416041802,38.94178336629923,6.068295546188364,182.34002304990705,36.89516391983019,185.10298950521243,179.84990081762405,29.7054992866014
20,0,0,1,0.0,-376048.8709376748,-3.47673295330556,40.09481592726762,327.6947617000932,9.730303093590962,47.09383140722134,5.683953837972317,153.02271429437425,37.41394526332847,192.06253841715153,77.59675991244299,5.85039883447019
20,0,1,1,0.0,-340186.9233270846,-4.239900582369145,55.63115400286587,333.87406573337506,6.695212667850213,50.0,3.6115111266427546,158.32241684833917,39.61728665510742,199.25523212434774,29.31130025249159,4.0
20,0,2,1,0.0,-391532.3697578998,-3.070688772364727,60.65741636413961,294.9176790870781,10.070249160950691,50.0,4.5450399336234515,150.12493383430055,56.29781439816859,193.7190929667853,48.52151887503368,4.0
20,0,3,1,0.0,-365114.5699309041,-3.469572549200528,57.28840556385618,350.3905357431473,8.193107904506958,47.39294566173294,4.677172852246628,141.91173737118123,32.00441401403743,172.92865587765976,92.94187364976102,14.234945396849154
20,0,4,1,0.0,-291802.0715356589,-4.23377031227307,51.438188615031,310.0958018388494,5.153342114505793,50.0,4.935619733346193,159.93361579229187,45.56616044618133,189.3516856061436,22.451432374957637,4.0
20,0,5,1,0.0,-370355.30846634647,-3.5204372026279804,63.18538069782781,330.73431459238225,9.429889282208265,47.916802756481204,4.939633435975363,139.30169044444685,46.005215717535656,193.20256721184094,46.39460512203458,4.0
20,0,6,1,0.0,-345377.5136841136,-4.035848998385632,46.405592074540515,356.7582812849429,7.902780947377165,49.40904069604646,5.109959947294491,167.33048394432691,41.58326074960698,182.4551546413386,23.519700973032364,4.054127188409344
20,0,7,1,0.0,-347638.69886853604,-4.1168667929760145,52.08427293964205,328.7668222296159,7.204564478280594,49.80148492923393,4.8028278967973685,161.91299174139132,46.407064286770044,191.08488305062824,20.0,8.787816168557105
20,0,8,1,0.0,-372700.5437342997,-3.4636880590579464,65.21436704579395,341.8344308414347,9.149173371249939,49.9757412853609,5.67089841334254,166.70446077231523,20.222762021464753,183.89888266145752,62.507728256925354,4.817242996871006
20,0,9,1,0.0,-326953.21061257005,-4.292755768209571,48.22428558782724,315.7658154475851,6.147658128768306,50.0,4.236962064901455,136.2956209503554,47.3870624390062,191.26252572317182,34.96252773440884,4.0
20,0,10,1,0.0,-378479.0610376445,-3.3830374779910906,55.370863633058164,334.3379879181877,10.100005558439861,47.353720244023265,4.571688750422601,146.49548434451413,39.94368644385584,198.1240363193356,28.79816145623191,11.2
20,0,11,1,0.0,-366552.7889901223,-3.6948077324528117,55.28960048680057,332.3512654925006,9.411879880807888,44.5549121845608,6.358825574917456,172.7388903151913,53.9295189529309,189.51446896147655,51.60194589411927,5.013687399386098
20,0,12,1,0.0,-357519.8844468191,-3.904927989773238,51.15756957964777,312.11846695356047,7.9125535017824715,49.51583725345572,5.358735213224192,153.69607703589537,28.729676397976174,183.06974391540257,20.0,4.2706048780303805
20,0,13,1,0.0,-330050.31523450883,-4.273257768253826,47.235653824383355,320.5983052976501,6.19621983120595,50.0,4.48760500108916,168.0049726298689,44.3436627718347,179.53456556624607,28.36075723253149,4.0
20,0,14,1,0.0,-361849.29243424744,-3.745059569270708,49.38307175590118,342.2224692254809,8.937431862709513,45.156014975622014,4.770550943862111,147.85195347556646,40.865631545774484,187.96765893818684,59.11993734252192,8.752281575231816
20,0,15,1,0.0,-325789.09148050164,-4.1551279047266,47.92715855850991,339.09094506958587,6.223435346223303,50.0,5.2753981407932145,163.54292660729408,40.56646908538413,174.3937912880232,74.802315608756,4.0
20,0,16,1,0.0,-398343.17284995125,-3.0679080677077626,61.322255351191544,289.0570158161112,9.763893825832806,49.07677227009134,5.767665123214743,164.92336713651963,31.457759550277714,183.30211025832153,88.64477240147525,7.312914688253391
20,0,17,1,0.0,-338359.8787459795,-4.261162137800881,44.07588430686006,335.9491084237171,6.86645498334856,50.0,4.661786173874428,170.17215386151338,44.07845141463365,190.1160323530843,25.338458070876626,4.0
20,0,18,1,0.0,-339203.5216949563,-4.123948065353648,47.19852825709337,337.23569664353613,6.934432817251952,50.0,4.909067368841335,171.37549911650223,45.52579241128935,169.28474760673066,45.89197357085084,4.0195374874572805
20,0,19,1,0.0,-354301.1320377728,-3.902168347400428,45.79395877934888,320.78675456949594,7.878512718027483,50.0,4.797236908823091,154.06190061211498,40.668294015787986,167.76835331862065,25.525432690707856,4.036769903961789
20,0,20,1,0.0,-337600.833311773,-4.072787885522525,50.88506205992794,335.7873164298684,7.310795829901884,50.0,6.122016650043192,132.10575461205596,41.018575126296575,168.55537763183398,40.49903078035888,4.0
20,0,21,1,0.0,-327389.32910934486,-3.801324473848979,48.439212816205824,333.9964360967898,6.172837622905783,50.0,4.819082184180372,127.82087359419785,33.427130773819016,176.9231929988308,98.50725803849377,9.252697840962496
20,0,22,1,0.0,-358395.2814764826,-3.799085390419026,54.51597388104757,323.6446967481693,7.228495596432349,49.22201649095682,4.5655427298793745,149.9625874971461,47.03681812266765,187.43970831989557,122.54906820134366,6.195582630748624
20,0,23,1,0.0,-43580.46126584984,0.537156137303656,47.626946396876704,321.36929089124095,7.179704616914147,50.0,2.385325158356869,161.04029850161334,43.938840935979975,164.06466622785484,56.68613237395658,4.072546742181948
20,0,24,1,0.0,-313508.50381369545,-4.294160710274279,42.6448944617018,337.2089780766546,5.886455232220985,49.97667273556381,5.443478868495926,185.26879961964562,44.871262550587645,173.17871332194593,20.0,4.0
20,0,25,1,0.0,-407505.42775910324,-2.5514701724726554,40.70840343294089,337.5859289358644,12.742197202782204,50.0,8.730799147017523,130.56198343396767,41.71682135458457,189.11673563236258,89.40876867554786,12.456955584781557
20,0,26,1,0.0,-333315.0990602863,-4.270337158383997,55.45227121831772,337.4211325357589,6.606706965114126,50.0,3.4164593119454256,136.03935501400474,42.46511512998262,199.2081974362418,27.269385771625107,4.0
20,0,27,1,0.0,-336781.27916881524,-4.23314868928282,56.6088812665144,345.58263191084296,6.983910729131777,50.0,4.978754336306866,149.34538141790324,43.070904020747726,194.12904584784738,25.32543176558073,4.0
20,0,28,1,0.0,-332158.0948221599,-4.249876632936996,48.96820876701782,344.1706872416662,6.3303536597402905,50.0,4.90636198143488,180.77687908605014,34.11926295394799,195.89738629611568,60.03990246462338,4.0
20,0,29,1,0.0,-359687.0710336185,-3.5878955617395833,37.91955973399091,318.4149132162986,8.723789119473551,47.917865242930326,6.126466522491393,82.34991904049434,41.91807775397256,195.8822822555287,79.75510285357328,9.47018075883628
20,0,30,1,0.0,-351745.776567039,-4.097571409419869,53.72965966159477,333.59227963178625,7.289645859434275,50.0,3.7737521589710448,172.6431308407133,40.54024669254645,196.38179000270284,28.960889688379034,4.0
20,0,31,1,0.0,-343982.6096544067,-4.161189096493572,49.957293286893574,324.05071563391834,6.980205858066009,50.0,4.536958554369233,161.64466866332728,50.036947374324825,184.6600797897189,29.753094587508215,4.0
20,0,32,1,0.0,-314494.5164342449,-4.349825055195302,47.70148423584276,341.13560123512946,5.881882327432512,50.0,5.043921125208674,171.4256728178696,47.603825794135155,191.090770352387,23.765970868183977,4.0
20,0,33,1,0.0,-355693.39275476895,-3.866438420422624,41.061536851007915,336.1345968082932,8.048632235246611,50.0,4.812295950346819,152.58192679612577,42.89689509607737,181.82052537188147,66.35759785388265,4.0
20,0,34,1,0.0,-353893.9931747717,-3.943813289250091,67.66629853677637,335.37235229003426,7.7555976216204545,50.0,5.259291451825459,154.85582593316096,43.98058991577502,193.70157013521086,22.76818437733326,4.0
20,0,35,1,0.0,-338978.68698361,-4.13631264038708,44.66172412792045,328.3699186794014,6.59540813790733,49.94218539684833,4.681055742601423,168.1181716558534,40.68503228567747,179.2742106092551,48.4118891472694,6.809818630183231
20,0,36,1,0.0,-364316.4930121037,-3.9152087838103036,44.407747611121714,292.8174998484593,7.335286613578654,50.0,4.4301721356447334,162.09810906700412,41.989954635286175,193.4371794774722,76.9966329917147,4.0
20,0,37,1,0.0,-345635.098039114,-4.028496425921789,45.136995063686754,318.5057040393034,6.927281176039591,50.0,5.686236469208445,149.46893155525714,52.14155801701449,188.2529397865968,85.19010854475829,4.842606871975001
20,0,38,1,0.0,-425641.72285093495,-2.188616653442145,47.9955063558091,339.473612191234,14.74518183352903,46.61302885970528,5.400044364608761,127.51470325337482,48.8913537902554,166.00893262741025,127.48056040022931,13.535285751962292
20,0,39,1,0.0,-324136.6776199623,-4.323372625844159,46.35171228442302,327.12992712647235,6.153891842397644,50.0,5.948883467095638,165.33296731995623,47.22355579650844,188.7283176404918,27.79706062428843,4.01297654698149
20,1,0,1,0.0,-420167.88551062864,-2.4355719690980258,34.328624623132164,316.8101388089326,9.39882748309104,48.985597736577866,8.146531197516316,181.95921424789893,27.59097995108428,188.7473149285325,194.9220652046121,25.076633573993018
20,1,1,1,0.0,-470881.19034525007,-1.8070470752607197,40.29017903923896,257.13955957155446,13.393103818620894,45.27110450341764,3.4379918151524027,185.09597907665582,26.634138205576075,176.02558251152632,161.13086110691629,32.01602327855908
20,1,2,1,0.0,-466746.4475844628,-1.5896610610337512,43.16656415071482,270.43119206901457,16.41139789662008,40.20375794641053,5.729070585807612,120.9172339974416,44.327486023948616,173.43672063574883,171.5636562102068,34.2751079116771
20,1,3,1,0.0,-456422.9079263339,-1.8599176891826215,29.55019015796341,270.79556562460897,16.859502271018343,37.08562197811607,4.30067919658386,116.01165657059633,50.55279279844869,184.67104118551129,175.08600327567532,22.170287506390707
20,1,4,1,0.0,-461841.28532524983,-1.8106678184350387,13.700437353598375,251.23199730727978,15.333333258746197,40.12535176024187,5.277582597140437,134.09767658948797,19.125138237830214,180.63526731169992,159.56604701811898,28.717730560541444
20,1,5,1,0.0,-474307.23972272157,-1.63614055038076,37.589808052435906,265.15566346097427,15.585737511048217,39.683161306354144,4.460537782496195,147.29425827283092,28.79629432033993,181.76390207542715,194.6066447743388,33.92069453606638
20,1,6,1,0.0,-452518.38282838656,-1.8763752330716883,39.927622745039514,251.1794754230906,11.128490801245325,46.39797871981389,5.055353941932621,79.28689822364383,42.703672756756745,183.5603256628133,183.99786561436753,37.20441240124962
20,1,7,1,0.0,-483021.1808952151,-1.335145193907618,51.12305891701888,275.9573440533464,16.284191718976636,48.00345396764356,8.156042182171532,165.04514813254863,52.000388292638334,193.25152589500237,179.61134514475376,37.08067133787749
20,1,8,1,0.0,-427193.7253385426,-2.3512780616489795,39.83067588391126,291.5213908680581,13.018722814800258,32.076211139472974,4.99031710623262,183.43799841768802,27.6746758082417,192.8737724124246,184.84554171545852,27.097316942904225
20,1,9,1,0.0,-462111.4359778298,-1.741618111037282,35.670272726418034,272.8636997176955,16.778234045610535,34.23380225852851,4.561173004491422,145.91701323313657,33.55292230371504,191.12045540981595,164.30116244442766,37.77837559641655
20,1,10,1,0.0,-453535.2718969899,-1.998058942229622,38.47609071453267,258.431230151898,12.962761553599,47.808619157275906,5.896996923082579,200.0,37.32232908677986,173.2150578720163,110.13088423817925,28.91376876589911
20,1,11,1,0.0,-475722.36751432886,-1.6975952809343668,19.525926604374497,263.3761563044761,14.879412741469048,40.10900524472803,5.105139555411445,190.37286672841304,19.440931510057776,193.8739560339304,189.13440685682556,36.32989461053428
20,1,12,1,0.0,-471043.1973878864,-1.7799970310452378,26.18465537450042,242.09190591723865,14.366050559650178,37.76351341392834,4.096845430022677,175.39393798976081,26.158464311133272,183.5940291996028,174.1641845602503,36.218354839921
20,1,13,1,0.0,-469748.7307196036,-1.8002072479907403,42.576307521508085,256.6767452817235,14.54186413179893,40.841070513343894,5.60195470178782,181.4102865588484,27.83640822257923,186.6714353383339,180.51329193072547,29.670433167028445
20,1,14,1,0.0,-453547.27439865714,-1.7545475689364929,32.421794636350754,273.94364635133775,15.240692009977977,37.720648548734076,5.892982199334918,67.48586598437352,40.35454097723076,197.67188228408872,195.14127928642455,33.87151022884518
20,1,15,1,0.0,-471627.53118237,-1.4448325023003425,51.8458353909612,301.2036018918449,16.76738221093263,44.643220089614196,6.936711870340136,113.57996836370211,45.8522320675917,188.1595588644787,183.0028607792747,36.95105221937487
20,1,16,1,0.0,-485094.82825189433,-1.4844049641641934,30.946226754604773,243.33792519400276,15.363117772236041,42.88196814699045,5.300596400994191,193.90333162778384,22.66056144743836,183.23786011951884,179.43911314769068,37.27892367040154
20,1,17,1,0.0,-491651.81691486365,-1.3137389353696818,47.71143936075025,251.23330714652874,16.045760114039595,47.292903982185635,5.441914644146323,174.92253578245203,33.51956267798798,192.247193422463,192.79986149327718,33.73262398217324
20,1,18,1,0.0,-455792.43591357936,-1.6336883338290684,24.630272824543027,238.28102817071607,15.488752387351433,43.13213939831102,7.0492419145976,142.97295408335575,24.06127868265941,167.88666354233575,98.88786366529851,37.351478929309096
20,1,19,1,0.0,-482937.5402685639,-1.409133852672546,52.4098254390702,258.088801692571,15.261144383540925,47.4307497755213,5.5840352098418125,178.30658628923152,35.18806536729485,185.23048655288432,163.9846987222126,38.89117243407852
20,1,20,1,0.0,-461638.0776013634,-1.7838347641526455,18.918608992819497,253.41574815064945,15.808979019650394,37.01905914656971,6.385755022121182,144.76052364464533,9.674473119663048,167.52011036246765,179.7174352843369,29.71587889594163
20,1,21,1,0.0,-471358.16150089266,-1.6069537072168802,26.634117690732737,237.73473111777002,15.434521720505995,41.130660510782214,4.489934853909993,168.57224139654565,21.542449063331944,167.71313073666198,139.8328441905874,36.83323489581738
20,1,22,1,0.0,-480569.2879107732,-1.3320520742973454,38.62129265685445,265.5494613005361,16.489628442979324,50.0,7.482386260730843,173.18126865466616,25.230905577924972,180.5604147777852,159.09380303923314,31.281326171569756
20,1,23,1,0.0,-447462.7596608232,-2.148755575627142,24.66362816261259,235.1457474796612,12.985107978757586,38.05864186137107,6.878436709371324,183.660048499622,29.859407712433008,180.95141842351217,129.2701856407121,31.995044021098977
20,1,24,1,0.0,-479459.8575228697,-1.4773165210400907,39.140668340697275,253.47570688488238,15.395700154526503,46.574934576555705,7.065652273747934,136.07724726080158,26.566007322732453,191.10423840615613,193.52187405616667,30.101677675773367
20,1,25,1,0.0,-458716.70287929015,-1.8138436022147697,42.83925279469804,241.34251083942874,15.499325184015271,34.11602104316893,5.8992489458515704,115.43293293918151,35.11743781566595,182.46330400010774,187.27258835181277,30.097647851801167
20,1,26,1,0.0,-470687.1388139026,-1.8015436724357043,34.39022366895843,240.7892403674469,13.180959767117738,41.65772055517886,5.460693942422659,179.88217717769692,28.49996135369066,178.41702324886978,179.19568987278828,34.70030266329825
20,1,27,1,0.0,-443342.15914109285,-1.9523588055558603,31.496362451038785,242.63765146375772,16.478021332718917,25.816880054933236,5.8089003099999195,186.53303318668873,25.447288006135416,185.95141472870688,148.46176082719447,40.0
20,1,28,1,0.0,-454317.5526635426,-2.251582262396748,40.0911272813122,244.32922431426908,10.212784811008458,47.73783190517875,4.555314844800103,177.23007873339418,31.707736016076762,189.82693820448839,177.92268267237003,25.56324073296239
20,1,29,1,0.0,-473749.21871376067,-1.7752791090806042,35.8842476264608,256.72885804364176,12.284737990583366,48.701682152775675,5.651000031917209,174.1452903799426,31.16320498338365,187.1378953500077,186.8172030793618,34.51134790707802
20,1,30,1,0.0,-459483.09650756285,-1.804154034164465,48.13545895608888,254.07686690578228,14.257101153822603,39.66110754352462,5.634911622489046,138.87829214403888,32.578615318244815,182.3623107222919,153.47830174820277,36.82233465614765
20,1,31,1,0.0,-479252.42617859953,-1.500664237686269,10.0,236.59599766745927,16.2139364373732,41.38164300257914,6.09950875525837,169.89527690801646,41.17159910911508,184.49363428386556,159.22192026571057,35.97003155815999
20,1,32,1,0.0,-468949.82860211015,-1.6389782323551654,62.51446214547936,267.3629252652958,15.204060113556707,43.81138653107432,6.04467714601821,175.30497416302964,41.473463191970346,184.9355637627311,150.90433910576593,33.48692516274596
20,1,33,1,0.0,-371645.41297475045,-3.1830866441618935,45.27013610139065,242.68407338709068,10.427569191230194,29.60068804490995,5.7678132254919445,143.52141666727573,25.048863772821313,187.7767284889026,115.40033931110762,13.203104175343213
20,1,34,1,0.0,-462228.95691986056,-1.648971439040471,37.2952708396645,308.05304837719206,16.335924972197564,42.59770978697921,5.759844965432286,139.84934536214124,33.406768146622625,184.65555223858743,153.7420712978561,38.333305503223855
20,1,35,1,0.0,-470073.0418811836,-1.571164735654687,40.83733865907667,274.3997470387079,15.098960734326841,47.29314164223597,5.78863412308753,194.6047880003729,26.023684027918296,169.64718103091593,133.45512696476112,39.28216256604902
20,1,36,1,0.0,-447045.0679032456,-1.905365780240344,52.15212912183316,250.9509599042829,15.87841075109484,30.728414986024198,8.972818064622833,162.7670298269671,62.32834711403646,186.8541939386884,173.18885478909985,31.427435583350064
20,1,37,1,0.0,-478339.2497889426,-1.4164510210353323,37.43955097378143,243.2227482903457,15.435495566796249,45.607331419116626,6.5804523020513725,144.8678462148909,24.39981132312416,182.29160170261136,161.39996501916866,38.02862438252001
20,1,38,1,0.0,-469285.6977101413,-1.6168962956435349,47.32783367513518,244.51350955965876,15.319810522741658,42.314744981238746,5.212519162281786,124.84224308928327,19.639336563222663,184.605069611458,164.4740877214783,30.283237081646607
20,1,39,1,0.0,-469217.9555128155,-1.713306549470912,44.422789247007906,243.7263117252432,14.781096467568545,40.644871886694126,7.868295546188364,148.34002304990705,40.26176488057675,186.9064780061872,197.07447751677378,27.61315483951093
21,0,0,1,0.0,-384477.697022989,-3.2659793717516656,58.33672759086553,329.5029861942999,9.904234232499153,45.446044649093935,6.158526937913414,138.39653194567126,37.10150163076626,193.94280891951695,109.40873643274509,9.942807403808764
21,0,1,1,0.0,-342109.0763717831,-4.058310584256467,51.20679679277161,339.38028750816346,7.518618506301695,50.0,5.411511126642755,124.32241684833917,42.13108298396145,187.25523212434774,47.06595803478835,4.0
21,0,2,1,0.0,-397508.7140847607,-2.761147248933046,51.76769174922609,306.45896615467245,11.587737959473646,50.0,4.715413023134645,152.08063188387055,62.998432951565626,190.76932724910702,33.48930043175817,4.0
21,0,3,1,0.0,-391738.09019412997,-2.944941666111942,53.219320983954944,338.29186207462016,11.193107904506958,50.0,5.0149639993804564,140.91697320900798,32.004503761390446,172.06686785028393,64.45460129941534,7.034945396849154
21,0,4,1,0.0,-348071.62387940096,-4.108581515723846,49.89768981289828,335.24967147073454,7.469128210431939,49.752241848361926,4.859163001658208,166.54332616375683,45.59877354366105,190.67026599109585,21.69643000197877,4.0
21,0,5,1,0.0,-381630.1590800694,-3.2271471371737865,47.86232736386431,336.4245032161129,10.655411097649571,48.99618297329735,5.578327887469066,154.863915307468,41.12662504007289,187.16641507320247,42.817087835938764,4.0
21,0,6,1,0.0,-351586.429879245,-3.8935851199066334,38.0594583683967,360.0,8.578460200775565,49.19213491956158,4.992752520665085,170.5868679601175,42.28839477590475,184.8253274511469,21.735618714580916,4.059452231910026
21,0,7,1,0.0,-377024.3304479601,-3.573419628963743,65.95415443272549,296.7668222296159,8.256145314775328,49.67539292428512,5.001870050260856,169.30493505080472,32.68062968023526,189.01142595752756,52.24024412075236,5.495165687397247
21,0,8,1,0.0,-395025.345093843,-2.8743184423347543,74.9534945405756,339.20059505693297,10.752022512760224,49.97878944871619,5.986125483497399,132.70446077231523,27.200155345027152,193.90615756468196,83.23969118483771,11.23414185786546
21,0,9,1,0.0,-316498.61952321196,-4.33286754561449,35.72782000158451,320.82783054756464,5.809391614414965,50.0,3.8210752574119646,170.2956209503554,43.711029561625445,188.95371708764762,23.4242134580716,4.0
21,0,10,1,0.0,-373429.5234643271,-3.5800549502383165,47.986083016925754,321.131539763549,8.851786730105067,47.301825979679165,5.151786154988803,160.86177124549133,39.88819985129558,186.1240363193356,45.11778353304878,14.260093236934596
21,0,11,1,0.0,-392102.2442211623,-3.044344839142384,48.64326299149947,329.6629053094014,11.525405030032827,45.48622573805087,5.508709512925137,138.7388903151913,50.90785270166847,193.93191331658792,65.14591524541399,10.376316295104953
21,0,12,1,0.0,-366852.5408265036,-3.520159381015423,48.5381634399137,344.11846695356047,9.374931688523112,49.84057856359652,5.340324901632351,138.62759023901975,40.40799723488778,175.32267345793758,56.0,4.3368702543710675
21,0,13,1,0.0,-326314.27809837565,-4.317518937221796,41.99750815587204,335.2305112325828,6.339770712710335,50.0,4.8476530216254785,167.06423141863885,43.480049119162,182.21992581125747,28.35149266724517,4.0
21,0,14,1,0.0,-371454.8089594479,-3.455983793878608,60.49160517376448,353.1470821533064,9.497112966988672,48.35738030694388,4.8681492441345195,139.20674286422226,43.29750187253564,187.12613680427614,47.0507719149565,11.485167964433678
21,0,15,1,0.0,-328058.8588835428,-4.243574149636813,49.70767765457758,348.98036809048034,6.327994316015271,50.0,5.2002378263065285,176.08451943531944,39.97739392948012,186.3937912880232,55.50781723609185,4.0
21,0,16,1,0.0,-379453.87914735446,-3.2475618084448996,54.193289211599165,276.99120121879014,10.994816895092534,40.07677227009134,6.709691653847519,137.88588828682978,37.8393367877793,173.53943275007128,52.64477240147525,4.0
21,0,17,1,0.0,-335260.2987901787,-4.304556507708943,46.81419273983746,341.8899406607145,6.666959605209951,50.0,4.279117227682238,171.99863144075792,43.6603327618447,194.03031142217438,26.117710727942214,4.0
21,0,18,1,0.0,-369795.60355357925,-3.5138353297117138,43.504767713111974,334.31928037220706,9.308407745559524,50.0,4.79425999041414,180.1385480690087,38.19344860370017,161.38629462552217,20.0,4.049721122975825
21,0,19,1,0.0,-348293.84249654575,-4.048550723201822,49.704080988591215,331.13050062538167,7.441135841655283,50.0,5.488737957881667,164.52781662898647,40.43961915411219,179.76835331862065,29.135151521324765,5.011794603449581
21,0,20,1,0.0,-337463.47365379235,-4.175374674465357,48.03417375147761,352.1248325379747,7.022003940014433,50.0,4.322016650043192,165.70521248693018,38.672805227341755,180.55537763183398,39.49696731351127,4.0
21,0,21,1,0.0,-362923.3058292534,-3.6799590479496227,53.34602599086589,346.3228936013803,7.817662471238352,50.0,4.748228057769198,161.82087359419785,43.35822330419792,178.85684503912287,77.9393442660494,10.348337117216435
21,0,22,1,0.0,-346200.6600257424,-3.900933768837524,59.635590634121364,332.34375642380905,6.720038537957848,48.58552471965239,4.865152213976732,174.34216929370896,46.445736373071334,175.43970831989557,86.54906820134366,7.39883725207193
21,0,23,1,0.0,-343955.4642948296,-4.130220207112949,47.80353599907502,331.8778415163811,7.0554428860726315,50.0,4.185325158356869,170.11950097727149,43.092110658512134,176.06466622785484,31.859266562888923,4.0
21,0,24,1,0.0,-320527.60310770804,-4.309242705869777,56.59576228630584,344.77225229193624,6.034371229800218,49.97939644345877,4.233256381510946,163.57950588181382,44.19987069655633,185.17871332194593,20.737959066805512,4.0
21,0,25,1,0.0,-381844.7235551553,-3.1155848692465495,38.144651732999876,339.72092065257243,9.9752986879519,49.485479353218416,9.014179648659727,122.49099007359604,41.001807137075794,191.7833092653501,119.60225330854139,10.726552341039326
21,0,26,1,0.0,-334826.1569881694,-4.280421252106879,51.599913045474885,337.6969190793464,6.552117368232526,50.0,4.328299868662639,169.00380843306675,41.3705393334583,188.77346913928204,28.575742552805927,4.0
21,0,27,1,0.0,-377901.1615900242,-3.307215656195253,56.43688121928512,330.8500766253556,9.983910729131777,50.0,4.74915528225297,151.84129233938452,32.323940399478914,184.0140212138922,22.26349315656972,4.0
21,0,28,1,0.0,-320245.85492177046,-4.339704100677642,40.095126441470086,341.08036390422234,6.2126427483573865,50.0,5.459639248195603,159.26902777794675,32.18110859104213,192.1611529019569,39.178342579801296,4.0
21,0,29,1,0.0,-401254.32363764796,-2.969285683706999,44.365255174399614,286.4238210152512,9.08275475512481,50.0,5.562613593425168,116.34991904049434,30.80307317704637,192.57610720669288,113.59142148341468,16.67018075883628
21,0,30,1,0.0,-356242.4673850131,-3.9537666344455795,50.4114477102912,341.1195664291562,8.017680681908304,50.0,5.068580123611701,173.27165011215976,41.16335785477726,193.18385469479148,25.720136036107036,4.0
21,0,31,1,0.0,-333146.117121539,-4.272931106831347,51.718866799657874,327.35021485210774,6.380155558850743,50.0,4.759842954951888,163.27467887723523,43.51751113524449,187.52997539353407,34.2327372850567,4.0
21,0,32,1,0.0,-325295.8137564718,-4.304537421212929,46.2059810395751,346.10775973919567,6.574785557860778,50.0,5.035943991489811,153.60678945571266,45.79725263933977,179.090770352387,25.55685136218936,4.0
21,0,33,1,0.0,-337461.2883147295,-4.022488392062142,45.354836855855005,343.960781865011,6.845364032452975,50.0,4.9231205105903175,160.83704090395088,55.35203618973791,173.1172393913034,102.35759785388265,4.0
21,0,34,1,0.0,-322744.63212740264,-4.225532208601988,78.15067184279556,347.1335342871976,5.916243308481985,50.0,5.1824770441213035,171.23565762005146,43.56039637773794,200.3211206164364,23.375591123731578,4.0
21,0,35,1,0.0,-340271.9089593412,-4.215570912447192,45.094409402910365,327.65615573850664,6.58214439310976,49.985516773876704,3.8306602836720773,176.7045155266377,36.257979294937634,185.99894246573206,38.14562238970265,4.676369977463143
21,0,36,1,0.0,-340768.5758467107,-4.1308661659825825,42.617444912189946,278.5091624083469,6.111576863075407,50.0,4.906966817850059,149.25311495840583,44.86044498075374,189.41245838918388,62.88446103240037,4.0
21,0,37,1,0.0,-374563.4233028618,-3.605196206283967,46.54093469343259,326.38271125626244,8.752865684203751,50.0,4.6273360843286335,163.87026547047756,45.21174298279627,193.81827309693696,82.80841682558295,4.467895974760155
21,0,38,1,0.0,-398124.2557299124,-2.8385396243696768,32.98834879162188,349.64310370217316,11.74518183352903,46.32565747747012,5.3556204496551425,161.51470325337482,44.65739899033599,161.0109874808906,91.48056040022931,15.431261109578564
21,0,39,1,0.0,-321745.68544096395,-4.318136950698316,51.77786135774943,329.6945683432664,6.045863135249526,50.0,5.687923443313168,163.28267554478978,42.857346188635205,186.36342692448187,22.769367437016058,4.021594898805618
21,1,0,1,0.0,-435309.4278461601,-2.439250053462885,56.328624623132164,284.8101388089326,10.549445822155157,48.4491775802109,6.346531197516316,174.22448596430854,26.596121864686918,179.97041698504685,158.9220652046121,21.606301155483237
21,1,1,1,0.0,-431829.5432122694,-2.416745420897476,38.10640274654832,266.59856195795885,10.83585815921213,42.8567918250069,3.450606618140786,151.09597907665582,27.83621761255469,174.2035171365725,125.13086110691629,31.661234450328678
21,1,2,1,0.0,-454727.01553907443,-1.9076258473636944,65.16656415071482,277.3989352493261,15.538598025670785,37.122448936170635,5.841365968177978,153.95940005856625,51.39329826466568,185.3030225389728,171.23612610393218,27.075107911677097
21,1,3,1,0.0,-472604.21276678296,-1.6710327317045424,35.972274685667365,240.02484675013244,13.859502271018343,46.08562197811607,5.465798036366348,140.68449818447715,59.94958260873955,178.40123462756867,178.37930073564107,29.370287506390707
21,1,4,1,0.0,-458284.9681871028,-1.886230222874374,17.126157042350414,252.67303798410327,14.914165121821087,39.16153415976198,5.783070449331056,141.64513508370698,15.957933891491496,183.1196142201408,162.070016772293,29.075060060889875
21,1,5,1,0.0,-430997.68812951504,-1.994477708753292,36.1714109831825,282.5527603092919,13.502752520301517,33.2816321503959,6.260537782496195,113.29425827283092,30.708701229585454,179.13224494472752,200.0,33.31792776117187
21,1,6,1,0.0,-464166.36036059813,-1.6650972484031863,41.043866218663496,256.36454152725514,12.808641099636239,50.0,4.531430691858988,55.160500062690105,32.73709507778776,176.29716860255047,177.19087659575058,35.31873461616793
21,1,7,1,0.0,-466305.58874923736,-1.7429776175641247,41.475457337731996,297.0849533644759,13.592996520529882,49.11279974085388,8.071145810076565,153.87065493503692,52.75075756000903,192.72235134636168,192.5137769973708,32.1292746860341
21,1,8,1,0.0,-462052.10970307235,-1.941339994058012,37.6958913491594,274.47897924106206,14.350242535424055,41.076211139472974,5.545826068708652,167.61014763736554,28.28947176612377,191.50665652049318,192.37719204091167,25.616636833503076
21,1,9,1,0.0,-403826.66710494156,-2.299087635127146,41.9802731441869,289.0200644801371,15.735412862572307,25.233802258528513,5.27805194019199,111.91701323313657,39.24506805084359,190.74363495956163,128.30116244442766,36.60633277643466
21,1,10,1,0.0,-438831.2293655843,-2.237081115012569,46.604359663808076,258.5853100793826,12.080220429089207,45.27733711526183,6.675495023888671,183.85828525259842,31.431498109301245,165.06903618655903,105.08458273699847,28.23664202098965
21,1,11,1,0.0,-480101.36395279155,-1.5954252971208487,27.97849304207133,247.63365234211705,14.489951734955135,43.30078906310708,5.202352019242446,156.37286672841304,31.1479052770352,190.52648580976094,190.56718406401012,35.72834398985468
21,1,12,1,0.0,-427770.2142540169,-2.290511633084326,41.25464899950224,227.16019778805202,11.366050559650178,33.173754819768014,4.866743190488601,167.35339433106017,28.545521530067855,182.22356737478987,138.59365381442856,34.43641680730894
21,1,13,1,0.0,-479492.94485737797,-1.4905904974734578,46.762982766261786,260.2927027147157,16.12117784067915,44.12280533717239,5.71054681382378,167.01996743077973,45.83640822257923,189.24274242094202,173.75615203301865,32.13912997999607
21,1,14,1,0.0,-418617.78892040724,-2.1865433163565933,16.724110991863007,279.0441444235389,14.85855244106298,34.68634933024621,7.692982199334918,35.40043225694008,38.50467735767487,199.30267023406788,159.14127928642455,26.671510228845182
21,1,15,1,0.0,-460628.6360735611,-1.5869009928212818,38.20966764547394,269.2036018918449,15.001263126828725,47.284527782111255,7.08499579751661,79.57996836370211,37.62925948911744,185.12350210745683,151.58301717857765,34.69920788856506
21,1,16,1,0.0,-492940.04652300646,-1.316702165595569,31.53370872412334,243.19880245754877,15.640079519381302,46.88271030765503,5.491812316304636,180.03690612427224,27.806057337836897,185.54022802695172,194.10713786126544,36.82939008844564
21,1,17,1,0.0,-471966.7781646447,-1.6313787954376795,51.67423044916164,247.51860163489306,15.592473212719568,38.292903982185635,7.2419146441463225,157.67260499458757,38.04164664910677,198.25303251675285,178.63473839837738,34.871514813275674
21,1,18,1,0.0,-455844.50189243315,-1.7923840965907363,35.98789640900523,240.58532141097945,16.056141919238925,34.13213939831102,6.200473837515467,155.0769081387161,19.790585821929973,171.83404159551637,134.8878636652985,37.413647857962566
21,1,19,1,0.0,-460344.15069026675,-1.6961425411238749,54.11136034659767,290.088801692571,16.413128645670312,38.4307497755213,5.8738498172909255,172.68155865149393,31.24611611410571,175.3717075127765,143.1409133263405,39.85667730289579
21,1,20,1,0.0,-475863.91295830504,-1.5290624949131457,21.75006236778202,237.65360411450877,15.606857153270315,46.01905914656971,6.478921373443236,151.468838251886,27.67447311966305,178.5783780533772,174.25734655146658,23.92072914888663
21,1,21,1,0.0,-467726.75035575056,-1.5643833961350868,13.399008980144846,238.43439915719907,15.58618703446028,43.78190085211979,4.676503521080903,155.78323158202033,25.79408764824545,179.71313073666198,113.85689905713397,39.09280926499207
21,1,22,1,0.0,-471744.3573311745,-1.737357082840507,29.40375890372966,246.4614192482868,13.489628442979324,50.0,5.682386260730843,146.55939308357634,35.55497358131506,186.87793747713565,178.21169082421062,24.081326171569756
21,1,23,1,0.0,-405167.4740014942,-2.0463554039068326,24.66130899756041,235.4102714364402,11.321157295878532,29.058641861371072,5.982698077007825,186.8032289128699,11.859407712433008,181.42480572901508,165.2701856407121,38.0218732153827
21,1,24,1,0.0,-458497.33530098555,-1.8398365311291325,58.6540486324506,277.1385207085344,14.362812243345186,46.573965814003515,5.561397729402979,149.40442405316207,28.972926859258173,181.09356215666693,157.52187405616667,22.901677675773367
21,1,25,1,0.0,-468539.113272856,-1.6594732170852002,37.61061222839266,245.5125276135376,14.10621229534505,43.11602104316893,5.5588313051046345,97.27266261932894,17.11743781566595,181.3523769602727,191.35001396225968,32.642396981762815
21,1,26,1,0.0,-480989.61324866465,-1.6017624527543561,33.505286456864724,242.49139034468922,13.947472387502483,45.3173660151367,5.438797924844118,179.56990385534036,35.314325160768576,171.78802204844885,185.92176153453602,34.34039594427202
21,1,27,1,0.0,-457498.5840275193,-1.883209428078139,35.00534980490688,261.2777758529649,16.038846006022702,34.816880054933236,4.00890030999992,152.53303318668873,40.654267052593546,180.36640431994525,149.72593874293602,32.8
21,1,28,1,0.0,-412965.59795329033,-2.5177104360683646,37.01363748931616,242.16039855879507,7.262601548205989,48.006558258426395,4.312634399740965,182.25733367144437,32.1887603969455,179.82176335615065,188.29438662785913,24.91129973564374
21,1,29,1,0.0,-492368.6205499895,-1.3207868808056578,38.18163215455726,252.72110755709198,15.1545763932275,49.20776036263631,4.729965125270649,174.37039652967192,33.03826429360405,187.71967666747324,189.3631881808082,38.7673876426169
21,1,30,1,0.0,-463316.87095504935,-1.7162376898042868,38.841208874036695,237.64701134822548,14.08125263826283,44.649593266060606,5.518106649063543,154.38455327899405,31.029334398920593,187.12033154356425,120.59813097430805,36.60324793772976
21,1,31,1,0.0,-464644.66530631843,-1.7112965887257034,20.72003950190344,237.1727346067135,16.22833961898165,35.321122707683564,4.455354582434414,143.114034274167,39.70025311770941,183.90758848316074,141.04641691829758,38.47125670762976
21,1,32,1,0.0,-473680.60577567364,-1.6088014371066084,57.504234629641395,281.9883313796171,17.056043151406904,40.085359011336735,5.231484513934989,178.72763440420002,51.073408762832614,196.9355637627311,173.4653332450748,30.41446696137664
21,1,33,1,0.0,-297177.22889091464,-2.739775903406588,47.21594485585787,246.94548456878437,10.702785438816056,21.512568034938226,5.722552943692126,141.14338362518515,27.457695947535175,184.9447988894406,106.47966827794113,20.403104175343213
21,1,34,1,0.0,-419351.06521221006,-2.3208230159947085,37.426729149571315,276.05304837719206,13.335924972197564,33.753981359055544,6.364459120914921,114.0809924535301,29.97794947222516,184.30783426523203,134.09508674184033,32.770756842837464
21,1,35,1,0.0,-453739.82727981644,-1.901060983942248,40.73767564850254,267.52616376126707,14.991880583212525,38.29314164223597,5.935280214794194,160.6047880003729,26.50587169783032,166.6970116493232,149.97888933928976,32.082162566049014
21,1,36,1,0.0,-431282.00635071396,-1.9423220512356014,35.80682770025178,267.2820568757441,15.724774172381663,25.504942937054047,7.172818064622834,177.36784736211027,54.496729019788226,191.7427489301862,194.98189498732654,34.91228663066583
21,1,37,1,0.0,-471262.2061850235,-1.5616722564294458,40.559611668304285,251.08305293598542,14.677607499356045,46.28349156235601,7.172472968298533,164.82734211384386,25.83077644168481,187.37843640454983,143.53088226028973,38.178951028727866
21,1,38,1,0.0,-463897.6464976074,-1.7441543673001554,47.11373659221577,276.51350955965876,15.599084719314114,38.734992035133295,5.1870805324921,152.32931359747394,22.739527696941778,172.605069611458,177.126947255959,32.99889413211761
21,1,39,1,0.0,-472025.082240058,-1.5287665220961797,45.37736519227982,275.7263117252432,16.247422037632294,42.550105462791095,9.462941173876347,160.08120886988482,38.55247336988885,182.94799332828973,179.14701034284295,34.81315483951093
22,0,0,1,0.0,-424443.12359842454,-2.363787057412709,62.81937939980731,323.13749534361136,12.904234232499153,48.38332813467427,4.687962163659549,134.09704334171138,38.37602188322432,183.84453079082883,128.86369098892158,12.546986723909754
22,0,1,1,0.0,-343102.9719314753,-3.8165123285267564,48.89532579310127,340.1377261728264,6.791694340290713,50.0,5.752567963978586,143.698135663033,44.16957666567487,187.75979880984295,83.06595803478835,11.2
22,0,2,1,0.0,-385086.44764866255,-3.0749774147365443,52.75103445880378,331.9188829171927,10.904306385248992,50.0,4.685972812777799,141.5236229045979,44.998432951565626,189.28802806606726,29.434236018509104,4.0
22,0,3,1,0.0,-364458.726442898,-3.5811752526773857,44.68196917182756,323.7072687531646,8.193107904506958,46.75783481195496,4.99598351628936,127.56695253685083,40.515928454161774,184.06686785028393,94.98862956908853,11.61643790414102
22,0,4,1,0.0,-348291.3348000412,-4.059721755641174,43.48037421476298,341.8460672805653,7.750743162220947,49.03948289992538,4.8634811602271615,179.54816927653812,39.657902220506635,179.65431250117587,20.79656226487186,4.0
22,0,5,1,0.0,-352263.2330490412,-3.8175305237806167,60.17744049701507,339.0695747560722,8.57135748194419,48.12752495524059,6.094827231821482,120.863915307468,23.126625040072888,191.15264135134115,39.10810036142423,4.0
22,0,6,1,0.0,-359331.1753768418,-3.745323477494337,35.33240240984429,360.0,9.262430049761592,48.76741324140111,5.008144730971249,167.82920852598664,43.010185044722554,196.04199137756322,27.080629306685516,4.0
22,0,7,1,0.0,-352297.4975281967,-4.077745897393312,49.22731110581002,298.0738717544168,7.07575203518757,47.68515796253164,5.058870668342071,162.48227217231263,38.561558070574634,191.14429140280762,65.59601621149764,4.0
22,0,8,1,0.0,-357324.86405072693,-3.789116890970137,76.0091473308155,343.3818771321582,7.8880651304258125,50.0,4.797147197503998,142.79109474633046,45.200155345027156,196.86604844576476,47.23969118483771,6.020722818415804
22,0,9,1,0.0,-328736.5048741667,-4.26526689891933,57.72782000158451,343.62123166334663,6.280076752221621,50.0,3.6576317110006085,165.14538079579845,39.83917312109744,182.71149134297434,23.739869316637325,4.0
22,0,10,1,0.0,-400964.5743548382,-2.724235213520815,42.72103459224968,289.49467415432883,11.851786730105067,47.936884121827994,4.971850350078191,128.47249343509407,38.109124563485075,177.61506961194414,44.431199625719685,7.060093236934596
22,0,11,1,0.0,-350353.88933503325,-3.9379410650987885,45.47626945982616,352.95846261825506,8.57177352891805,45.19657601644054,4.278679577315197,152.42778987699126,42.98195659071384,188.2579468426058,29.14591524541399,10.93430836130074
22,0,12,1,0.0,-390393.50150002236,-2.8702018208399527,47.335004571318734,348.7232221106842,12.032743165698427,49.72530876732374,5.0499575402177035,131.69066795955024,39.72962111395649,187.32267345793758,62.81898425228968,4.0
22,0,13,1,0.0,-328857.98250642704,-4.324318278581932,44.65067158531123,335.15418485467706,6.406811654875408,50.0,4.975439539373008,166.61374209291733,43.296709052223726,187.8444085943822,28.25903787316122,4.0
22,0,14,1,0.0,-342505.6369141483,-3.959368744036086,60.57650472885318,330.5710982390793,6.497112966988672,49.053812234512016,4.9165339772984895,159.76823301504945,43.91345212957185,192.25392649817258,66.89679908177497,9.667033086197804
22,0,15,1,0.0,-338723.86474819767,-4.23422119645989,51.613999602247866,339.15778708613067,6.9398614502700955,50.0,5.427460761544443,171.4683394100264,36.67321476075979,187.38484634199767,20.0,4.0
22,0,16,1,0.0,-353815.3092819931,-3.6629915198017593,66.48370123466621,308.99120121879014,7.994816895092534,41.560012772464155,5.501190407329908,139.16720153874124,22.959550412046383,172.16417251566804,88.64477240147525,10.179194442993062
22,0,17,1,0.0,-335663.22609596915,-4.246790474381683,54.0355364625638,344.4278001704568,6.724087371197622,50.0,4.655858323340411,172.67685283938314,43.31670708827372,183.07352110453465,25.269887164153708,4.0
22,0,18,1,0.0,-389893.73774895596,-3.067913142096285,50.012467425067484,322.18094138650235,10.709426312768905,50.0,4.820370034122774,179.69501207102712,39.161046256216636,173.38629462552217,30.174486163213924,4.035768667267868
22,0,19,1,0.0,-350435.3559742857,-3.997410733562854,49.061918090618974,347.23607690594605,7.868731921798692,50.0,5.294247142559305,160.4352969844188,40.45423240230859,191.2946412177499,34.588265144568574,4.37948375828041
22,0,20,1,0.0,-334724.80012110184,-4.214774516479114,45.29298536275622,338.1668539924885,6.686497949941003,50.0,3.9540511776725635,159.46564197790119,39.874357056147076,178.5095450799949,42.232590894742685,4.0
22,0,21,1,0.0,-318064.691256038,-3.9210072901242,62.294822616900134,326.1200252768879,6.07210293448434,46.27324528008561,4.713659725108289,172.51193166657646,48.706051601972035,174.05014827988902,112.876176454534,4.0
22,0,22,1,0.0,-356781.5615924586,-3.9622324836946516,55.627811271665806,308.7131941792882,6.808101565660017,50.0,4.649503926545061,184.22756449323418,46.32217344851096,180.2010953949388,50.54906820134366,8.5071459321039
22,0,23,1,0.0,-338942.2672567656,-4.176723896976197,43.756472231378986,339.8543711460536,7.160078659301505,50.0,4.698355359334674,163.48618010544172,42.941113750189025,176.23156209746278,20.0,4.221699849128809
22,0,24,1,0.0,-346443.12510374445,-4.07722775156011,65.30625348396188,345.2303919632645,7.025322001445769,49.99796924988992,4.481320586084517,166.84246070875142,43.048267084825184,188.33184959954457,56.737959066805516,4.0
22,0,25,1,0.0,-364501.6705514769,-3.5344089454751066,38.5037053786368,336.317531648766,9.45463440579216,48.629750293419654,7.523753536215204,137.2896300117161,34.463160711192714,183.96742708067595,83.60225330854139,4.0
22,0,26,1,0.0,-330553.866146416,-4.326081062109851,46.87466102157033,341.2423031082835,6.566882047736238,50.0,5.287554369193181,169.46778198064945,39.57272637354627,189.68860608751507,23.98286131885884,4.0
22,0,27,1,0.0,-341516.2144304455,-4.164476159065869,46.95189316750249,327.1520325672476,6.983910729131777,50.0,3.660635497702571,152.81945881211914,28.711980914482922,180.1404607574068,23.109306578891125,4.0
22,0,28,1,0.0,-357754.5061577429,-3.816688266656448,46.74578276406057,324.3113565994542,8.355884884550495,50.0,4.892569185919812,138.40761002588812,37.951166290242206,180.66729636448082,20.0,4.0
22,0,29,1,0.0,-389501.25037262373,-3.229150461451577,43.91558825282393,311.62462273485863,9.419861193421136,50.0,5.339293671236172,136.06866593987857,28.659454729455717,191.97233344610956,97.93618495629917,9.470180758836282
22,0,30,1,0.0,-351409.9376728928,-3.9972849492260685,51.48077422637831,343.3531004823955,7.797200691160086,50.0,5.520993599343598,174.47417384681154,42.14861579484899,184.7857074688702,26.16971617505118,4.0
22,0,31,1,0.0,-329436.3574915881,-4.322945113206871,44.3317299310046,347.29540906384386,6.6392770717403,50.0,4.853739918054644,163.3554484583154,40.68434220454528,190.43396939926248,28.192398996633443,4.0
22,0,32,1,0.0,-335757.3818791481,-4.228131999016203,46.56962669083866,337.42543962183225,6.839817360012308,50.0,4.945757274426912,168.22061075468693,43.68946201518558,176.6610238203798,24.983295744219106,4.0
22,0,33,1,0.0,-365244.5287448524,-3.6292311366875945,56.38351073005088,343.49986586270455,8.407828086130165,50.0,5.771971542663576,170.95484173150808,66.65988394865028,184.9334122815696,113.67946914620177,4.0
22,0,34,1,0.0,-311576.5771046336,-4.2465383023699825,64.40689897038853,331.56416145151013,5.569462694168182,50.0,4.688522646006885,176.6533230401689,43.3691267406522,193.15176606453818,24.031013555259282,4.0
22,0,35,1,0.0,-342908.20652204717,-4.128666651363666,44.12642466731205,322.1966123825331,6.7876168263062295,49.97747017215085,4.730229246315228,157.217119484219,38.10850261154672,184.80672370627798,73.55092268632005,4.0
22,0,36,1,0.0,-351456.03186196164,-4.0663428163399775,45.092436832610524,310.5091624083469,6.97295034523499,50.0,4.485637856428722,158.49027003655243,46.63067236640158,191.02201592296225,73.75534704054473,4.0
22,0,37,1,0.0,-370585.1546091001,-3.591308722755461,47.20923667800507,321.25998818919686,8.939876113736112,50.0,4.288839674614802,134.85962921279787,35.22992619213041,195.31549976810265,46.80841682558295,4.511548045219025
22,0,38,1,0.0,-375856.10498682235,-3.5019976968872206,45.74112596434064,333.8964187816573,8.74518183352903,48.96871696228709,4.931910593494921,173.37205851589692,43.50066206893688,173.0109874808906,92.32939967629223,8.231261109578565
22,0,39,1,0.0,-336925.9246086602,-4.260558865393343,60.9736326646794,323.4818673552885,6.431408593797603,50.0,4.821652349794679,165.47845901346784,46.29998323858114,189.47047766326673,20.0,4.013391552039882
22,1,0,1,0.0,-422949.0902275042,-2.5011173233830375,45.10441903909673,316.8101388089326,11.5013104782852,47.97819304827646,7.40261175383806,140.22448596430854,27.2283748139492,167.97041698504685,154.68458148787016,19.039609864466804
22,1,1,1,0.0,-415713.664146861,-2.524791422619406,39.992799300351905,273.02717129100904,13.83585815921213,33.8567918250069,5.250606618140786,131.44774464724563,27.531286898604733,177.6272842764107,96.63134563793572,28.37191781383
22,1,2,1,0.0,-53983.35164647156,0.6904738151954167,73.97119733826952,296.2452809048509,15.684847384440125,37.9733189334393,7.641365968177978,170.19551550637064,56.10144507910259,173.3030225389728,186.63231641716658,31.52051342065771
22,1,3,1,0.0,-464964.46396736614,-1.6843137358547295,41.08643159462137,272.02484675013244,13.367755917224455,49.65839730158394,5.074842135996733,106.68449818447715,41.94958260873955,181.92113858501943,162.6460947232257,36.35705262297023
22,1,4,1,0.0,-449437.3015734012,-1.9083234102402509,34.92014158087733,259.94405859201686,15.239412067160355,30.161534159761977,6.184324075403727,175.64513508370698,22.913065236329295,187.82473393781976,181.56386672029453,36.27506006088988
22,1,5,1,0.0,-441029.3838126393,-1.9951855506292817,35.77755936957865,263.24925714854425,12.572670546966947,42.2816321503959,6.976368615150882,80.15515187025983,29.489175860242952,179.1353853440031,164.0,33.52971934468347
22,1,6,1,0.0,-472806.848045217,-1.490502738545231,37.296815104072834,255.78498939235698,15.018473860335426,49.28284130602846,3.151812149258899,82.60200687739082,27.159719403111225,179.6270847341088,168.9986501830299,28.11873461616793
22,1,7,1,0.0,-456462.35064168693,-1.9125492629839231,38.51891257813697,302.4205347591076,13.064837121814962,43.47346903802018,6.271145810076566,162.87496661305215,47.414117121654954,194.23090997898748,190.34563802305235,34.714050913515116
22,1,8,1,0.0,-474218.5437307198,-1.5506888003139943,41.36564069751028,242.47897924106206,17.115529850319252,38.59524037637485,5.686608690471391,171.65554852541294,28.963314219432004,188.1565123297721,156.37719204091167,30.44607951310077
22,1,9,1,0.0,-424628.2760470436,-2.086002968844448,42.1733585323524,264.45316151898055,16.433975905231076,34.23380225852851,6.298675373924363,77.91701323313657,36.771751409161766,178.74363495956163,92.30116244442766,29.406332776434663
22,1,10,1,0.0,-436179.7792652635,-2.252787290862551,49.801039845263894,244.56241473489104,11.92309445700633,45.57798216502019,6.28394720446446,168.3230825541566,49.431498109301245,174.42852862656187,90.57464362512897,26.272096487251098
22,1,11,1,0.0,-477010.9285661002,-1.5043347195200838,27.35174406439689,279.63365234211705,15.446193848768361,47.136590761008904,6.118620855528012,129.40812832956544,32.677406291269605,187.3387380227081,188.46369863777014,35.25577885933048
22,1,12,1,0.0,-455637.1274431872,-2.053384019592458,35.78652540867479,224.06522263444214,11.233046801862807,42.173754819768014,5.530964873635396,161.00729994974054,28.6324711816808,188.63069813933245,156.19985610845063,34.10624678373503
22,1,13,1,0.0,-473365.28867422714,-1.5169382746943614,24.762982766261786,292.2927027147157,16.948768342218955,45.406179901937776,6.121939943991691,159.09992177891527,38.982273266360565,196.96006988858852,154.8579317953207,34.9514490471295
22,1,14,1,0.0,-429499.3884790409,-2.104749436048525,10.0,290.8339633512131,15.079487474739915,43.68634933024621,5.892982199334918,69.40043225694008,47.70729942629451,189.93646705446852,123.14127928642455,19.471510228845183
22,1,15,1,0.0,-461275.51818412996,-1.758030731801368,43.854919014893326,237.20360189184493,13.15134480471224,44.27164442300715,6.649995227640096,113.57996836370211,51.06727939941326,184.444868808848,156.17056993600977,35.29462881980191
22,1,16,1,0.0,-482006.1481040752,-1.4943268766310989,34.593210722635774,244.94357003088047,14.767573459381598,45.286425446602536,7.291812316304636,170.87724084965018,27.479938207660506,187.88364193822727,184.08270884992305,36.12696506723745
22,1,17,1,0.0,-444992.72822645813,-2.044286127916952,42.48374391237982,252.12302476140067,15.436220592496799,30.110978284970024,6.108030434687542,172.5479963522617,37.09647378634356,193.54867925333673,142.63473839837738,36.38761209516999
22,1,18,1,0.0,-416870.56059720495,-2.369192924632179,44.662967737481296,270.7444861624348,16.1236545166105,28.059886467002205,4.684958495244958,125.29375918551061,28.583145574356678,180.89634785828798,98.88786366529851,32.97917824245498
22,1,19,1,0.0,-463119.0199328062,-1.704782611082891,53.2727663686604,307.4876136990619,15.64309842487708,39.66935469623151,5.887730161350483,165.56338143065398,30.637911401300833,187.1160379476933,174.28351724752315,38.925348436513744
22,1,20,1,0.0,-472051.8965413358,-1.6308177934272248,36.80901327404774,235.4279007851743,15.710951279092763,39.12777450843517,6.4496884445777525,167.1224815934743,37.89756739048373,168.79079103870887,167.92796261792574,31.120729148886628
22,1,21,1,0.0,-463261.43674394715,-1.7589157302304606,30.527147166301326,237.58721853204779,15.413345605859645,34.78190085211979,5.103829806789569,155.03067854828063,25.862368344317044,187.71664228571132,149.85689905713397,40.0
22,1,22,1,0.0,-450298.24085738783,-2.115996173521003,29.603301642156936,277.1832167966349,14.163187321915562,43.27762470042961,4.666417915443938,163.6983341798916,43.26040495005545,189.09753074721849,142.21169082421062,21.339096220890532
22,1,23,1,0.0,-426919.2762136416,-2.063830123407716,24.846535211266257,240.03168009809397,11.333842222979344,32.41807991075617,5.545247600354324,189.63922874155085,21.60275577111957,171.84706243555956,182.40529946426628,35.5049849884158
22,1,24,1,0.0,-450300.0086512024,-1.9729428207509467,59.27681827025152,279.7881885745757,14.213938614932369,41.198812569557184,4.473399021575526,142.3798502056818,27.67314204860784,173.85800469582773,146.39240290694292,28.92171574339432
22,1,25,1,0.0,-469731.28675464523,-1.6232081401707832,35.95284226760529,247.66974750368604,13.774396042096619,47.04764237058656,6.754408530621234,123.76783305657807,6.8577736430778575,189.09012138094184,176.2360862021449,33.46682354818562
22,1,26,1,0.0,-475718.6108029325,-1.6809741066324455,36.70747462714671,251.7707367946141,12.78386457269825,49.90963938592003,6.902885643790794,176.96753918908698,31.04758944713683,180.31772309768812,177.8873163298981,34.59404462988581
22,1,27,1,0.0,-434720.2753973877,-2.1922954011182516,36.984389520628845,256.93742872560136,14.844410769502518,34.92943054799623,5.8089003099999195,136.77269018049785,47.49422176348619,177.61714242338198,113.72593874293602,28.98847923676778
22,1,28,1,0.0,-439836.0188574469,-2.309592639078761,33.01277423823939,247.62337280036166,10.26260154820599,41.96281857640992,4.336583667655547,176.79334027444108,29.39747818238183,179.89202554272052,154.98106115260742,32.11129973564374
22,1,29,1,0.0,-488419.98225340026,-1.4373414201007408,39.00703552222165,248.4067771226068,14.790396832540937,49.32058294883541,5.335342748387333,179.92415874978218,31.41157267176895,187.95980397933826,189.25748909492663,31.920535225097517
22,1,30,1,0.0,-459786.77029501396,-1.4584553587692228,16.841208874036695,242.556838864466,15.409703073499761,49.7165704951883,6.432585787846846,120.38455327899405,26.551566957373197,182.88958080355383,89.00401943756427,40.0
22,1,31,1,0.0,-455624.84488363133,-1.6766135909275963,37.268390251125915,265.75524129117963,15.751815522226387,42.82558295253085,3.390310711590243,120.71019476472037,22.024163574834283,186.80134358741336,106.01923388429348,37.93926177203401
22,1,32,1,0.0,-469564.5128546574,-1.8458342223605195,35.504234629641395,262.6379920480308,14.056043151406904,43.0090915785764,5.442565200005616,183.30262612065886,33.073408762832614,191.72714080730998,180.158227470285,29.093694726879473
22,1,33,1,0.0,-406824.30318324955,-2.7371484014524343,48.33865955615647,253.9135467704465,13.702785438816056,30.512568034938226,5.044088805079969,148.91208235233324,28.594922655366254,179.165104380965,70.47966827794113,27.603104175343212
22,1,34,1,0.0,-424042.80747239117,-2.4593577205245065,30.142969036863704,244.05304837719206,10.523298271277703,40.559792652100676,6.477013004463842,148.0809924535301,42.40431036785317,172.30783426523203,128.4234354165008,30.4599786727912
22,1,35,1,0.0,-462384.9452904622,-1.8637324409165288,40.959149258964246,235.52616376126707,15.381948581336069,33.437979953540506,5.080541092260967,165.68071352184376,26.752035887661105,169.1489760440696,179.2292863920248,29.30525254904013
22,1,36,1,0.0,-463454.9374319283,-1.7329470666043432,31.040811764662728,263.77651874830553,15.606200641172228,34.50494293705405,6.606089474538155,153.86199265730414,53.390951206097704,187.2276050192837,200.0,35.792801208939515
22,1,37,1,0.0,-446264.41814601823,-1.9763877983426779,39.115841232710316,246.40550020423214,13.51704594726972,37.28349156235601,5.7981421822911114,130.82734211384386,25.152341078598134,175.48214214656514,137.3150290869294,38.42415582217802
22,1,38,1,0.0,-482115.93764726917,-1.5175275831186268,25.113736592215773,263.47897966094865,15.768347547705396,47.734992035133295,5.468241927399341,176.0156513668897,28.727615969389365,183.89055271894864,191.88940036662336,25.798894132117614
22,1,39,1,0.0,-442729.99632841855,-1.9276093703690624,46.03824546624266,281.36115859609225,15.601414646099911,34.06689780128267,7.662941173876347,144.88061893461364,34.09498745734483,183.22087253664057,143.14701034284295,38.81330686778675
23,0,0,1,0.0,-387401.7162666798,-3.2584168620395695,54.189045981266794,342.35193178679907,9.904234232499153,50.0,4.095041474444124,167.22907164628342,40.60584461558018,182.50462823822653,92.86369098892158,5.346986723909754
23,0,1,1,0.0,-352679.68398218125,-3.8730831031905426,43.94099926395631,330.66290655281705,7.202633172442912,50.0,4.6865890144023705,152.44848079675987,41.57241656989647,191.8575558241424,47.06595803478835,15.511819596102502
23,0,2,1,0.0,-364401.61220795667,-3.7214241612017718,55.98268977207973,346.67427921140495,8.715464101908251,50.0,4.000921294565892,160.048751464406,34.60149211614386,193.09014924971888,26.95262714313732,4.0
23,0,3,1,0.0,-262470.9821972832,-3.1805485159556692,50.69636753993235,333.475194659684,5.193107904506958,44.029575332340556,4.736619683609554,128.66281069712272,41.73064355559122,180.33008101029097,130.98862956908852,11.934840483589419
23,0,4,1,0.0,-359308.0699050555,-3.9309469682623432,43.81121375455729,309.8460672805653,7.746622838981281,49.65705060112166,4.908059000284262,182.77612880241745,37.000268964142556,175.1109094252679,20.600919328656246,4.0
23,0,5,1,0.0,-335592.5694393503,-4.143187957833775,59.557468246074365,333.8145412697237,7.587887420100669,44.33586848063086,5.373395216784177,141.00915562625633,13.20859584424979,192.33330612482968,44.9751271833339,4.0
23,0,6,1,0.0,-323592.02284773765,-4.365632720438829,40.81733426241398,339.2398148745559,6.40487984359422,48.57713636083458,4.9758402866918425,166.4076622533052,39.93798205139052,193.65481358710778,29.196388409934215,4.103412128840965
23,0,7,1,0.0,-323500.09705844504,-4.294361414878768,38.748552117720905,299.2741029009629,6.237317552844224,46.916205782283456,4.765256612756909,154.90339349352791,40.968711491429886,194.10672426129202,29.59601621149764,4.0
23,0,8,1,0.0,-376348.3627207834,-3.384599189496382,64.4168881883122,347.0454698354526,9.52212923643186,49.994440926504154,4.52781731647434,149.1974362101342,36.48558703919657,188.38340875309385,44.94716981542415,8.102107102572534
23,0,9,1,0.0,-367980.9008991406,-3.572255651378455,54.31903958852985,343.8735602597724,9.280076752221621,50.0,4.251080674241509,144.6026780406039,38.34370851916971,191.06184169010618,25.072771326000492,4.0
23,0,10,1,0.0,-386024.9134376079,-2.903777865433196,58.478003800963805,321.49467415432883,11.625198434248716,48.12035080577237,4.820901818112379,112.98602351767101,37.35059466808065,185.46105270195096,29.681436476035906,4.124908646081085
23,0,11,1,0.0,-376210.1301639198,-3.3989028939227492,52.147444065522684,343.2859492095461,10.351523461472667,44.82774207528097,5.257402535097323,142.91234257106595,38.81230764681696,184.6038227367104,60.5524832094726,9.577554432275475
23,0,12,1,0.0,-370173.8004231207,-3.61591088819432,55.03573176867548,327.2721384787156,9.032743165698427,49.67353255851303,5.012501532462089,153.72953446801716,35.00740412122088,196.41477014638946,26.81898425228968,4.0
23,0,13,1,0.0,-329822.0861503321,-4.336737530087251,45.4314851254073,330.83327475940433,6.26547728671034,50.0,4.426509956100524,166.87756314481098,43.066814326627906,196.2937286503486,31.931125895056205,4.0
23,0,14,1,0.0,-362897.11212537263,-3.8730085925903692,55.10866074114104,304.0811378267504,8.0325481672714,46.517428671621154,4.90175190130829,159.69672125849024,39.23854725089963,186.73617913980203,30.896799081774972,9.361471783318756
23,0,15,1,0.0,-333018.72279247193,-4.243805237694643,50.436625036097084,314.962761666964,6.536382745767895,50.0,5.422582591434874,137.4683394100264,34.988611828584624,180.6128034345751,31.217395797106903,4.0
23,0,16,1,0.0,-394764.6028985159,-3.0047325907118863,52.811268889465495,324.1136051827983,10.660138016663591,45.60839821480211,6.992660413863845,171.3653144566507,4.959550412046383,168.0729442738037,114.34163197421596,10.553208391115163
23,0,17,1,0.0,-336705.4226302215,-4.206878721425305,54.45405306782021,338.9935834978531,6.801306410404941,50.0,5.003852896384706,169.43979298608707,43.09464368133902,175.53818435068516,24.702801533051268,4.0
23,0,18,1,0.0,-370285.81252267724,-3.558126937336727,52.041591945882814,334.9562973800194,9.180435231540967,50.0,4.863488979615389,151.09860126626245,40.46647920197608,185.38629462552217,42.151351841006615,4.0
23,0,19,1,0.0,-375321.1030603938,-3.4975587680391986,45.608102092728735,315.23607690594605,9.175551997278568,50.0,5.2190352159119415,162.95546742433396,41.15605470708018,179.2946412177499,41.36769304947072,4.07798928373383
23,0,20,1,0.0,-329618.02018157556,-4.297856397001227,47.04352840339049,318.6964190123568,6.265159005506705,50.0,4.7965535357155575,157.1586065660047,40.17184940220179,181.65798180923565,24.875244190616815,4.0
23,0,21,1,0.0,-296253.8115116865,-3.961830778839568,66.9972022710053,318.6562007686765,5.841098744586191,45.10121985471126,4.767607096410037,138.51193166657646,46.46809292358967,172.51913327500878,76.876176454534,4.0
23,0,22,1,0.0,-343128.9532229182,-3.9230124186042863,41.43145250351678,338.6511925383334,6.6772207396851,49.401197364595404,4.18050132949683,178.20964396701353,47.479217451534055,178.17933154339678,82.97096190973602,8.283064528319015
23,0,23,1,0.0,-328861.64261273603,-4.262619364540117,46.184538348966726,341.5662573648953,6.622236655641781,50.0,4.156225510348433,158.15521158725895,43.701004188782825,170.43808975328167,20.0,4.207112567677484
23,0,24,1,0.0,-368361.894390839,-3.623445661028308,44.69059846461915,339.5933453881617,8.901723974038429,49.99259279532732,5.136349016739326,175.8312810195061,43.46929426623484,176.33184959954457,59.358581755342044,4.0
23,0,25,1,0.0,-382471.7787960741,-3.3306187515244585,38.05505535359654,338.16664098951117,10.207041229854394,44.776268012808536,6.0804786748683455,171.2896300117161,31.40178070362484,186.4718639005984,86.67485320077303,10.975593183264294
23,0,26,1,0.0,-329928.47519250965,-4.353452428943919,49.97190678460885,337.6624429798199,6.471946246053811,50.0,4.878888958257123,156.79487200243508,38.777857030619906,199.46843502300564,24.10168623447924,4.0
23,0,27,1,0.0,-345421.4922778407,-4.1328926430617425,44.06185555180417,343.5879690639201,7.274274208561606,50.0,3.2861242927456003,170.42692629662727,45.40842364267992,192.1404607574068,22.731885856850685,4.0
23,0,28,1,0.0,-325115.92554247956,-4.23702558028313,50.10879580232559,308.3742989003701,5.8687428913189486,50.0,4.46626846075882,159.37524061706867,43.55005761401378,187.65771118316363,39.07166895793532,4.0
23,0,29,1,0.0,-381136.8767583585,-3.488525148372653,38.681292654571685,298.93925151364624,8.899782940405812,48.54331147016998,6.106551624753874,170.06866593987857,32.87191115091967,192.10508567356476,61.93618495629917,9.106329220122044
23,0,30,1,0.0,-355424.3948382602,-3.9861841143579495,53.41905841246307,338.80880145281606,7.730082391531131,50.0,4.1445944343664705,175.17432275463563,40.91812292134915,188.28038944308827,26.903997991688566,4.0
23,0,31,1,0.0,-340686.54399981885,-4.210252033781104,43.932042476928046,331.20711714211484,7.0330614201485755,50.0,4.592368855453419,163.3703290094426,54.423700944014385,190.2008692457008,23.02766941687637,4.0
23,0,32,1,0.0,-319821.8810462857,-4.339398997106158,48.323051466867554,338.13441915233653,5.981230789953421,50.0,4.877647677567658,173.0676405231363,45.46480617678982,188.6610238203798,24.080904953082058,4.0
23,0,33,1,0.0,-380772.1237906459,-3.2605854811062667,59.02819366172471,338.4751306068695,9.98111541579582,50.0,5.852685923237112,161.72714803487668,48.659883948650275,178.25090550039914,77.67946914620177,4.0
23,0,34,1,0.0,-312633.7306120348,-4.37503763164186,42.406898970388525,338.1431327122325,5.952036784469776,50.0,4.908859321195821,150.94194153989977,43.44741666143017,189.08976989590977,24.246354449505883,4.0
23,0,35,1,0.0,-334076.8284357152,-4.051280741196434,43.43750349642621,343.0379259578924,6.57646204001276,49.97793565452238,4.570338547047977,162.03384809836638,43.287398537947254,172.80672370627798,54.14860840095676,8.82900721963829
23,0,36,1,0.0,-374767.630738237,-3.5239765402954673,46.95982914864342,331.3311684672421,9.224811447756851,50.0,4.507473115164003,155.59097414917164,44.844148894005414,193.03188349157148,63.44447589420099,4.0
23,0,37,1,0.0,-377418.23284801666,-3.4340408156397118,47.242959306219156,296.5837450786607,8.980483508114459,50.0,6.0888396746148015,127.76855531133592,42.07781578455402,188.1653418803262,82.80841682558295,4.396355803941903
23,0,38,1,0.0,-371390.63036915363,-3.5539899055853597,53.56361014906323,329.9295180016035,8.213249547746349,50.0,4.661622789935814,139.37205851589692,47.98242516917647,185.0109874808906,107.94783902499468,7.86438345696345
23,0,39,1,0.0,-333327.59525515634,-4.337269845265397,45.8787285370327,327.3223137794431,6.512011067654415,50.0,5.4645053163853925,168.3999936013711,43.87499759022553,195.596932942024,21.525771264872283,4.0
23,1,0,1,0.0,-415807.1478672625,-2.699100703260486,39.103507255900944,302.1957199731221,11.097661803286162,48.041263481557124,7.326709266976664,151.28062529083064,28.71505799990605,178.01361489273944,152.3337355958049,11.839609864466805
23,1,1,1,0.0,-437191.2515132406,-2.1011276713671014,40.41079645195974,257.05489564627845,16.127663001351095,28.49091710135577,6.052826728426561,165.44774464724563,26.02488815611275,183.41624191134716,132.63134563793574,35.57191781383
23,1,2,1,0.0,-449691.37221096264,-1.918639595342646,51.97119733826952,283.0933045828342,15.95625540614096,37.24835058138988,6.592240747725283,155.97875109753667,38.71054271698823,167.93390041164577,150.63231641716658,28.606000438467753
23,1,3,1,0.0,-449879.8605084085,-1.9384553326451253,28.87491023204344,304.02484675013244,12.291623762106376,49.674217336290255,4.569719176440996,113.53188005434669,39.43795597173082,172.52184580767678,170.1349422436542,33.95971918594094
23,1,4,1,0.0,-445190.1219448116,-2.0042452522119065,45.45920026177004,240.1405975496856,16.03052322172867,29.316563785655166,6.241776434855682,141.64513508370698,28.31689547206719,179.698980533212,162.6519991840173,29.322550714175843
23,1,5,1,0.0,-474618.12124081526,-1.3708541566481591,36.17596523890347,257.3775261905193,15.572670546966947,50.0,6.953812466676907,114.15515187025983,29.089566945574393,178.53372230634415,153.464636392961,36.21860553431757
23,1,6,1,0.0,-454605.76584609406,-2.085894916040367,38.39731746996034,240.09343149533248,12.018473860335426,46.10679349345607,3.8942243650169903,116.60200687739082,24.612808177673124,183.53487782638246,171.26968004473358,21.716556482977126
23,1,7,1,0.0,-478528.8913945839,-1.556600513105143,37.62607077469045,281.69050388474506,15.16083707688681,46.98286651806197,6.335889233280877,178.72045510522616,30.115324145254732,205.99930871051046,174.47617835807927,36.59701125024669
23,1,8,1,0.0,-446960.54988387757,-2.1038346720374195,46.04194614152527,232.6877938525855,15.730250088243631,29.595240376374853,5.283728682667333,176.3150260763552,29.002320131781136,190.65866837855307,134.87628079697885,29.499465764795925
23,1,9,1,0.0,-453343.41172434133,-1.3687142339298894,40.898909253338736,235.0477747519119,17.72527966448201,43.23380225852851,6.46293908933203,76.10065191189489,24.85410240943206,173.59936712605875,92.82144067094322,25.7301674911208
23,1,10,1,0.0,-466102.4276182872,-1.69193710461717,36.13293959731099,254.85924585779435,14.92309445700633,46.29960828455539,5.210457798791621,174.6138952286725,51.15661603357796,186.42852862656187,126.57464362512897,29.53368385058491
23,1,11,1,0.0,-461784.7087765239,-1.7255181569401115,25.863976503500595,300.40777375417895,15.977235248108519,39.63615993864095,5.97445448857064,136.44513999010124,23.90157780248692,197.2920300441276,180.61622093048751,36.06028601274986
23,1,12,1,0.0,-467100.0535834774,-1.9211521929652982,31.134453587755424,234.28947326789475,10.938119429110014,48.499787548174396,5.378433242151576,177.17849287380977,26.981754481430315,189.2072977910315,164.65046466566616,36.526566474335404
23,1,13,1,0.0,-458915.2526836772,-1.8698817626855624,18.22942941494455,302.7745407172446,15.571791091310475,41.38210825476769,5.431736789182585,166.46181974015118,29.907558391709703,188.95863032935338,163.37327696246734,31.41344549765132
23,1,14,1,0.0,-445595.85416385136,-1.864375152992092,32.0,290.2116900152853,15.049419301736227,47.12425908591675,5.517771938446601,99.94573995196944,57.10804046707894,190.94608226752155,116.39039179115014,26.671510228845182
23,1,15,1,0.0,-455890.0726942265,-1.8141084525545952,41.441463735271604,269.2036018918449,12.908940843231335,45.41927584953189,7.636885592157931,120.25413692896555,33.06727939941326,184.40373875974913,167.97134891412028,36.6949843414133
23,1,16,1,0.0,-462136.391689449,-1.778935346026628,41.84092241904168,250.6573289811298,14.797916953217761,36.286425446602536,8.095353131078268,174.40827721883971,25.168701085128593,185.8513257672723,174.72406767373488,36.07380798774101
23,1,17,1,0.0,-435610.98628061754,-2.2198201651821017,36.04429197990852,259.4748255961926,15.415300532343,30.851493048689516,6.207233594402975,156.5387879012766,33.28922825248016,188.5291273607916,133.61552391427674,29.814217544138607
23,1,18,1,0.0,-432420.8152756445,-2.114645273141206,43.69203099562568,281.7077049180852,14.657064438575812,37.0598864670022,6.2258888179809535,127.45993466857104,32.0126690605408,168.89634785828798,114.38843558564118,34.855130037514016
23,1,19,1,0.0,-463279.8173629706,-1.8178331896521422,35.985127441133045,275.4876136990619,15.40312113831128,34.67866809391015,5.011616169951948,179.83528768160784,30.725420805487875,188.04105899476673,187.23821820838313,36.141333247976945
23,1,20,1,0.0,-435159.85363145964,-2.2113948744045575,35.75967808540179,256.8512555882747,15.577201741528622,30.127774508435166,7.7954930841014205,168.3462099269674,27.39286163844535,180.79079103870887,145.65894953371182,27.174215104248947
23,1,21,1,0.0,-470539.7657980777,-1.7069664687103743,50.660083681531226,238.06223864889353,14.688143643911964,35.29543924645796,4.778053279228398,187.17066325697698,24.910186928246638,175.71664228571132,171.8258852750818,40.0
23,1,22,1,0.0,-434926.1352385641,-2.34651454960969,38.98771277329247,255.17239494326682,14.236056463361509,36.15265843335623,6.466417915443937,174.6247069833929,40.11778580692253,180.88222580818928,136.41673027406804,16.103960051016568
23,1,23,1,0.0,-468999.7538828125,-1.801658630922881,21.09309507928484,243.1385094750547,14.306448395245447,41.41807991075617,5.684925945115563,179.34811043447266,16.79867420517623,182.020277346973,168.10779127487928,30.571218971911673
23,1,24,1,0.0,-462157.789568755,-1.6292221845216077,58.673541890471554,276.24991134046365,16.327255756937,42.04741387919755,6.273399021575526,149.292419768766,26.356508442495677,180.78883756496663,140.81384964656718,32.804169703547466
23,1,25,1,0.0,-463857.71595535014,-1.6856833074470683,39.6779685466953,245.93733284253307,14.902511138790059,38.04764237058656,7.096864906884063,148.07980830091887,5.16407140942975,190.0150778396678,172.6893002233567,36.756889555252265
23,1,26,1,0.0,-465171.11311012413,-1.8436236322828397,32.7891945148179,253.3826526297763,13.298216342200796,40.90963938592003,6.227190062978034,173.1519043284818,30.1842792684391,187.08227595309305,176.69193247898644,35.888763249692424
23,1,27,1,0.0,-453672.7307303543,-1.9262673193963642,33.73631372349129,266.02799143547685,15.561789829968522,37.05751821365904,7.035124181649014,170.77269018049785,39.39262894916992,174.64126504454174,149.72593874293602,30.021349775638818
23,1,28,1,0.0,-479054.0653867594,-1.6764123952347676,31.38207398508404,242.39842346098283,13.26260154820599,46.44831628239283,4.000286677302333,172.08426298762848,46.66531215189508,186.68816172611244,173.7206201227946,35.383678489952835
23,1,29,1,0.0,-487518.8287144225,-1.453280497189528,36.80790838457218,241.20379234610493,14.130318344644289,49.20197127210724,5.624789272823686,177.0195788361447,25.39725319787624,187.6653454142563,186.69984288170332,35.25144125609424
23,1,30,1,0.0,-429690.8488370244,-2.152152724324859,31.256551908338416,269.8755486810458,12.631721533479212,40.7165704951883,6.885520397308097,99.61162773473683,27.70803516273649,179.02803706955808,125.00401943756427,37.34988591955991
23,1,31,1,0.0,-479553.03302458464,-1.287456306867975,31.87679159867473,242.40009296659665,15.62626089859915,50.0,3.5950661625870755,108.97323592404635,28.595742907526294,187.7955254146345,142.0192338842935,38.31309172613494
23,1,32,1,0.0,-455422.5239404762,-2.1700094488096706,34.11361828744216,253.47587380449662,11.056043151406904,47.418454492147575,6.218873822545035,183.68409414195486,24.21512594465379,189.0859601895649,177.97526260040758,25.979032051774247
23,1,33,1,0.0,-340377.8306780682,-2.970995940828888,52.07011146048404,264.2893393058861,12.67283423510719,21.512568034938226,4.971674205228187,170.3408129895567,26.356244756967584,182.8691582962839,78.58389554531463,23.419057753122175
23,1,34,1,0.0,-453761.84280289215,-1.9373831321279016,31.151038385202675,276.05304837719206,13.523298271277703,39.15973938047192,6.102626378814202,178.23524042774716,43.05823013269495,175.7069164831303,164.4234354165008,37.6599786727912
23,1,35,1,0.0,-477353.87653150386,-1.6361979846541517,40.491976481822824,233.2556701920414,15.253136643334134,42.437979953540506,4.508087381585,193.33449552568698,26.764931102525082,179.8990186472682,166.81049379273878,25.4849931235084
23,1,36,1,0.0,-483987.2779181632,-1.3899371261975562,53.04081176466273,255.08456827446017,15.963278827394532,43.50494293705405,6.05532237485629,140.47638005973562,48.18726937089092,186.35406024411927,200.0,35.7313532874672
23,1,37,1,0.0,-466448.007966244,-1.5720984907399855,39.094963867144365,245.60663100780002,16.106733755577864,38.08674951565707,4.743218477348455,102.4958362774143,16.671727860561255,171.40604564534883,160.21503222011415,38.490326031208234
23,1,38,1,0.0,-458722.1820535896,-1.8335410362046163,22.0880185503076,240.91351576448997,15.763957564520085,40.30972238836356,5.390269085459102,142.0156513668897,26.71163559677935,182.4736691865584,155.88940036662336,18.598894132117614
23,1,39,1,0.0,-459691.3136439748,-1.720832494760608,44.61119327749758,249.36115859609225,15.218016265648766,43.06689780128267,5.862941173876347,149.38593035740536,41.67899568520046,188.50770365756324,118.71570027706866,31.61330686778675
24,0,0,1,0.0,-380203.747136548,-3.4595442804091796,49.00755971243309,331.712219676774,9.25072777006712,50.0,5.466142225453997,169.4228517317976,41.339926587004385,194.50462823822653,56.863690988921576,8.454889090238591
24,0,1,1,0.0,-337803.54309690587,-4.141053102506339,59.667551669908455,335.7617525867239,6.689973119172627,50.0,3.4802185497109104,130.86911012521693,40.87916444040381,191.5409449989719,31.40274319186362,8.311819596102502
24,0,2,1,0.0,-385664.3587876614,-3.356167516032853,53.18893748391451,314.67427921140495,9.500360199421822,50.0,4.081172047218828,170.84533261669023,52.60149211614386,194.7912294558861,54.79783622208921,4.0
24,0,3,1,0.0,-253874.61137652272,-3.3234138600528724,72.69636753993235,322.47656857043796,5.190689945630716,40.886073155325356,4.731624117448827,136.49633765715353,39.765999852630685,177.50501179560914,94.98862956908852,11.145499115351129
24,0,4,1,0.0,-334731.9764480153,-4.300717248989202,46.13792161268759,326.72495003265834,6.5695843235850475,50.0,4.903097788927489,166.5292828569137,36.25671871499448,187.1109094252679,21.915624547366775,4.0
24,0,5,1,0.0,-384103.18573961366,-3.207734611556676,39.73009585964083,332.42316119004437,10.56895293154214,50.0,5.188634723776482,170.02256065432726,31.208595844249793,189.1699588851248,35.531457844618295,4.0
24,0,6,1,0.0,-275144.72361721453,-4.172378041920793,51.67005444914713,332.0530788271819,5.0,48.89987745928833,4.9541631882567705,167.88075436633576,40.06238099339597,181.65481358710778,26.01513487664821,4.145552426866888
24,0,7,1,0.0,-376987.6656285814,-3.628880154065592,60.748552117720905,286.14016701453954,8.44456916117373,47.161980610358626,4.665882523722491,167.79258145864048,37.19894089511031,190.58940739165888,53.84445243638449,4.400909453226983
24,0,8,1,0.0,-383710.6735757555,-3.163393577539173,48.067246147674226,343.5456279850021,10.565362723563537,49.96988761981833,5.540955936687482,144.60308087307814,25.67928917258319,181.22848265878986,79.5286260802093,5.015402673083171
24,0,9,1,0.0,-339747.47278977605,-4.184543673178597,50.59885478648375,331.3921696557481,7.074769437635221,50.0,4.820729989400842,140.790091483593,37.058097713573176,187.5782401572776,29.24780721752347,4.0
24,0,10,1,0.0,-401401.81140843476,-2.598743252604516,58.288767991483994,335.92073430795665,12.945094746178086,48.379985335626145,4.868658169647394,146.98602351767101,35.11104664630391,188.67448081474578,32.68271061266797,11.324908646081084
24,0,11,1,0.0,-386490.792504677,-3.085344664337583,50.70008043433084,335.34851047007845,11.706121632042587,44.87868816689054,5.857814875334321,129.38874784437172,46.56132727689495,193.71304735970503,75.20256141868403,6.59732520645853
24,0,12,1,0.0,-350704.2736935551,-4.107365186186209,53.313507981727604,325.1390181946743,7.311072193825223,49.85852759777535,5.4018315207734755,177.71863361669065,29.029097515231157,194.76536756035432,20.0,4.118324209094391
24,0,13,1,0.0,-327607.1440484014,-4.303880371777106,44.82628864396069,336.34352024288114,6.319458713508708,50.0,4.484734777431298,166.21255855584957,43.716093394307016,184.2937286503486,32.770958954538294,4.0
24,0,14,1,0.0,-351400.78858738363,-3.947775546331687,67.38335043832703,330.76829872918586,8.247125981630115,45.52000297144517,4.847852995694327,147.8313237500314,41.09617809583764,182.3629199316046,20.0,5.524160425106382
24,0,15,1,0.0,-335080.38148779876,-4.224654463619177,45.790793443395565,306.22461053187277,6.431207301325301,50.0,4.789828493922701,143.52872680152248,38.01830461955011,178.10693447581312,36.53401501126946,4.0
24,0,16,1,0.0,-421809.43911994796,-2.6701918203975716,56.50519156458962,292.1136051827983,10.590452546409779,50.0,5.815589833999605,179.37460625151914,22.959550412046383,180.0729442738037,133.5288033337572,11.954549239663057
24,0,17,1,0.0,-327168.76605208893,-4.326683070393337,48.00271303874236,336.6954399796311,6.221131559824234,50.0,4.178902214426074,169.59161502651332,43.05069406503996,187.53818435068516,24.394616351774257,4.0
24,0,18,1,0.0,-321308.5247854783,-4.248407238767197,51.07922343978206,340.6400248144746,6.180435231540967,50.0,4.849676471499331,149.4673840615596,43.01864685337128,176.8655417325026,44.8981767221205,4.066719899223454
24,0,19,1,0.0,-325025.043485333,-4.221870907645475,44.293279781949344,324.63305850671946,6.175551997278568,50.0,5.329678271609459,167.12528249350774,41.08681204209165,167.2946412177499,40.005266192353226,4.0
24,0,20,1,0.0,-343803.4105050839,-4.1572555373981235,48.71394859606544,336.79482167921816,7.327768172566636,50.0,5.1969497622640235,160.19049315520104,37.72570403921416,191.00398830312102,20.0,4.0
24,0,21,1,0.0,-353170.0290494778,-3.6009420175270086,59.1901728061688,321.53294861559834,7.020587948613343,46.67135622193249,4.818541582639128,144.36816830340953,40.31079030469984,183.13595807353892,112.876176454534,11.2
24,0,22,1,0.0,-350157.6688906707,-3.8723369345517096,50.889466145603116,307.20419149172676,6.644072226904323,49.15103116080111,4.699551774398497,144.20964396701353,42.98203762543201,190.17933154339678,118.97096190973602,6.240350758331082
24,0,23,1,0.0,-45861.66155609908,0.44207070573385454,47.582592743762824,328.2881239472666,6.348601271585133,50.0,2.6769544825072744,167.1952845656321,43.89199181449186,167.2284785050237,56.0,4.053991884295599
24,0,24,1,0.0,-346987.20399719395,-3.9985238115298922,59.649167785196155,339.4279650119067,7.456628831956634,49.98356575753716,5.012573446386476,169.9319147206181,44.31591705685642,164.33184959954457,23.358581755342044,4.0
24,0,25,1,0.0,-399174.75455989427,-2.820417438650487,40.173220576203235,334.9652837513594,12.396822707663443,45.3499777631003,7.880478674868345,137.2896300117161,43.225790880113976,184.38479970506785,102.99383294516113,10.12644522258697
24,0,26,1,0.0,-344507.88724155305,-4.154410699293892,53.99235670623023,337.5030315447647,7.271276481315869,50.0,4.387066277084825,145.9699229179925,42.240200306622214,199.82738889479705,27.683498407108726,4.0
24,0,27,1,0.0,-377324.07557062985,-3.2959661082744,55.306525731010055,346.9935307249925,10.274274208561607,50.0,3.948953586065596,143.01676830492394,41.42493497312233,198.08822980228018,21.859515660537443,4.0
24,0,28,1,0.0,-293338.4434603273,-4.225619535295616,46.45301187170192,340.3742989003701,5.3682372637005695,50.0,4.648653426312229,158.60075959748318,44.958536885122676,190.88353535829182,51.073878416480724,4.0
24,0,29,1,0.0,-358070.1381746611,-3.7980491541287313,46.04828056601653,325.30730026397214,8.175524081870776,46.66988153489495,5.745275921878697,136.06866593987857,34.235851232546,192.45072397546565,97.93618495629917,6.237569492591362
24,0,30,1,0.0,-347584.3234963861,-4.156576592627326,50.06982652158753,336.30482906179867,7.163045753771842,50.0,4.1973631662606135,175.42679850991027,40.99819023701078,193.9200990494802,29.63606714833261,4.0
24,0,31,1,0.0,-348914.1647480705,-4.117189486791158,51.65641521951068,322.2783938716766,7.204524852520717,50.0,4.637091119201224,163.38302637705073,51.017541327966796,190.5341325837613,25.54741968104948,4.0
24,0,32,1,0.0,-313951.9164152633,-4.345956407499391,48.90045836595351,342.51201346308954,5.911866719706908,50.0,4.849250245522326,162.57281028688078,50.63340513897597,190.6302953093299,24.133062756868064,4.0
24,0,33,1,0.0,-355247.95741138567,-3.8619587388524224,58.31936253832698,338.22748934028516,7.736609027212575,50.0,5.616216991897431,151.222825783817,41.20215179668963,182.74249483545748,88.10330248365051,4.0
24,0,34,1,0.0,-343407.4533113806,-4.085784829181763,62.04765612930978,340.74005070114356,7.406469255779986,50.0,5.150228376075529,138.53685275017847,44.07307971188277,187.73417813247818,23.906478468940794,4.0
24,0,35,1,0.0,-351231.6265730517,-3.981122083271964,40.87921257631727,311.0379259578924,6.892305391797622,49.97478243943987,4.303928472352584,156.375581804134,43.6610407911808,184.80672370627798,48.9279095017024,10.584445138066169
24,0,36,1,0.0,-384924.06829694484,-3.3017718889729633,43.91886553348638,299.4372848266917,9.613161304651591,50.0,4.462094877455948,147.86736520955446,43.307849931584116,188.25527844536586,51.26793025059898,4.0
24,0,37,1,0.0,-315254.64504201803,-4.203987596293619,43.80080939044677,328.5837450786607,5.9804835081144585,50.0,7.005238659328969,148.00384088805353,43.64520694694634,185.35197133579527,46.80841682558295,5.989893354856773
24,0,38,1,0.0,-374266.121954802,-3.292197197464098,49.36558378098972,341.10951558196996,10.593883212946572,45.8465286124249,5.7026942577251605,111.46755062678321,46.89764169041746,173.0109874808906,107.44463199421695,5.026416484590996
24,0,39,1,0.0,-329799.31348191435,-4.306875926416043,38.84171913528475,309.344510101879,6.47339366236448,50.0,5.646063175530518,140.46787526873212,42.91560914485984,184.87184655328215,22.7133044372429,4.014813828078948
24,1,0,1,0.0,-439234.2556833008,-2.3747029602907355,44.030824124816164,306.8630297286907,12.196933854308448,47.82404139894648,6.428687633818556,177.304909815313,30.013268681109896,190.01361489273944,160.67729221146436,18.61018755335573
24,1,1,1,0.0,-460317.7896888107,-1.6325906287940979,39.63364920781325,257.52059134513314,16.96947821848029,37.49091710135577,4.2528267284265615,131.44774464724563,27.939630592426823,171.41624191134716,125.48254988371747,38.871663508754594
24,1,2,1,0.0,-444715.2804099824,-1.8959673411909903,33.72776046741295,263.9193030982891,15.92219229559081,40.590313909900885,6.423373361087834,121.97875109753667,35.13752659525236,159.33349487299935,126.72121606684159,21.406000438467753
24,1,3,1,0.0,-443314.1418293733,-2.1113624556106907,32.857073151719874,272.02484675013244,13.13300455961588,40.674217336290255,4.540609569224598,102.91637660413983,29.787925391205665,164.48727400638154,174.95688564055143,26.75971918594094
24,1,4,1,0.0,-468927.4390537724,-1.6457818251367549,37.61644509005106,231.45742325153228,16.114141926313568,38.31656378565516,6.960708166699276,153.6070556618219,31.066723211037463,177.02766119640575,164.65540181648223,27.992487396383787
24,1,5,1,0.0,-472060.72240698134,-1.6190209795266333,37.48238801961703,254.72068023323936,15.520064304013095,41.0,5.153812466676907,118.71016623348038,28.899141749551088,181.514165241257,189.464636392961,31.724755523251766
24,1,6,1,0.0,-468033.6501783983,-1.7782883136763723,40.27035797439449,255.95093500754632,14.874264343652047,39.21421231782608,4.924575393021139,150.6020068773908,42.612808177673124,171.53487782638246,195.6601222698487,28.916556482977125
24,1,7,1,0.0,-483319.99716189667,-1.386713401816315,37.93060822529562,273.3764762287221,16.508188420926096,48.277430945335574,7.6332348839082655,171.42376969997528,24.955226301970278,196.98540337722403,187.08471392434117,30.238624006777115
24,1,8,1,0.0,-455856.2419753532,-2.073040404148081,38.360286289621506,238.1408216686723,12.730250088243631,37.726138639124905,5.145719975238677,173.45011483186468,28.194190940516542,189.41236567404667,170.87628079697885,29.865873354665297
24,1,9,1,0.0,-467143.25710638147,-1.1980562204148446,37.83129705245866,267.0477747519119,18.632735515466944,47.6146228526757,4.66293908933203,110.10065191189489,38.23912847849063,178.7262918829268,104.07761510891397,32.9301674911208
24,1,10,1,0.0,-467330.68979036243,-1.7387380770503527,39.88352847248209,271.8315491572504,13.799502529234822,47.66659370972675,6.431475270504899,182.64841563048859,61.566152490870564,187.13540801562945,154.72053516130836,34.29357011918957
24,1,11,1,0.0,-470949.12594970793,-1.7006832839900057,33.09003007173364,268.40777375417895,15.217454592427137,39.2122583899393,5.58653321775104,168.84046299953445,27.398747815217533,190.63641766714392,185.41545093653625,36.08535312317642
24,1,12,1,0.0,-448007.16543123283,-2.1552869900535443,29.044038419663483,242.29796718602077,12.518834476700903,39.499787548174396,4.888750981720687,172.96574892201653,26.40475443428379,177.65878815214322,129.34020200147503,33.99884182432637
24,1,13,1,0.0,-464816.75335221237,-1.855264064810387,40.22942941494455,270.7745407172446,15.227283715823555,37.09125782962282,5.420106413053173,173.46553814008973,41.94251127951901,190.09738829502624,192.92070841307103,30.047104944805834
24,1,14,1,0.0,-435081.1713807609,-2.1012599247303245,20.26652129362266,286.3846538042826,14.786464218182221,40.80854642670861,6.220998575703515,65.94573995196944,39.10804046707894,192.84171753966288,152.39039179115014,23.783342691973754
24,1,15,1,0.0,-456620.9359776759,-1.8736332273030276,47.810029375316304,294.2208251229789,13.453479120353158,43.66762105237418,5.836885592157931,154.25413692896555,38.77642135608655,186.50803655979485,166.45598745570996,36.53036715530503
24,1,16,1,0.0,-456804.2962118348,-1.86157848198559,39.21547602184447,251.30450830166868,15.183659717066375,32.42102877742014,6.918410813946789,180.04950951248446,26.73745141656462,185.87156631740146,172.67625787183994,36.426765324271244
24,1,17,1,0.0,-470980.45116405224,-1.6436966127952455,35.03696508909972,249.00073743650879,16.045783447465528,39.85149304868952,4.810849654776122,175.00489065059992,26.261044427688915,185.4009976274696,144.77459803789577,34.41412865300971
24,1,18,1,0.0,-412010.65119661664,-2.1879475578764103,31.31523985949697,249.7077049180852,14.43596104450407,28.0598864670022,7.284276556099567,99.31473888373316,20.672241131564075,157.12375003816902,135.01523027947815,35.451918676933516
24,1,19,1,0.0,-474853.2876494388,-1.5416604372987828,57.985127441133045,253.0848515262958,15.457563379228935,43.67866809391015,5.4221960398354385,172.82505999959284,33.12001831215339,186.36402967619586,151.23821820838313,35.238639218088274
24,1,20,1,0.0,-440151.2905211256,-2.0309991066535944,15.814937866864245,252.38473271945097,15.47375475686021,29.955262555556363,6.535310111649087,139.4327917756192,10.944285834256878,168.79079103870887,181.65894953371182,29.59132107452097
24,1,21,1,0.0,-443062.2631637565,-1.900963316940418,50.120108609654835,239.23935252720878,15.652189227378813,26.29543924645796,4.077344200339031,164.06093204558732,24.49268383298411,178.49577143347184,161.76124672818418,39.21983835766963
24,1,22,1,0.0,-450688.59078405035,-2.0224691265896215,43.18789177759694,245.99183965962524,14.023366497575788,40.746647162905965,7.533688004172161,168.926581811974,29.25850913863234,179.8728190551415,140.5896428166559,23.303960051016567
24,1,23,1,0.0,-462853.43327140337,-1.755855038452993,20.06099394904022,243.72181196742042,16.08418568723046,38.846136560193564,6.60510234949122,187.63418126949404,20.046339016773345,177.89767253396104,132.10779127487928,30.264075128116307
24,1,24,1,0.0,-470787.2626304929,-1.5855473203861172,39.2924333284823,250.71321734931314,15.183281124883631,46.550826584312496,7.885279799152238,183.292419768766,27.686572479468637,186.06739812369838,143.4947021349233,29.933272041085647
24,1,25,1,0.0,-452239.0816449989,-1.8224438574758746,40.62280336782756,242.45665920659445,14.659886995836892,32.6997036566074,7.079971352923046,148.33655766405607,10.862153454000342,181.0214495874873,179.82031269546678,36.13489601917504
24,1,26,1,0.0,-451859.9136932278,-1.9529452456762322,32.43411900806982,248.35409693973278,12.818498056473748,36.056753392441315,6.32829778168734,177.84258799966767,34.02371514705374,175.08227595309305,176.96796500396604,36.729931782386195
24,1,27,1,0.0,-438645.2414858447,-2.0745118687304234,31.213413847387002,270.46674808631394,16.31212281446936,31.81885565413323,6.715193595236041,172.2984857348717,36.921147379361344,182.48772882355217,113.72593874293602,37.22134977563882
24,1,28,1,0.0,-470864.58629420714,-1.9141940972880958,34.12260038874628,246.0174435052443,11.648907246524304,48.960496458256145,3.9948330578648052,167.24085804451383,30.434801177067463,179.12391077896035,192.62967671278506,28.183678489952836
24,1,29,1,0.0,-477115.7530734157,-1.7199314201590128,35.36273954808261,245.3376490695671,12.026239126063377,48.39661107571715,5.429151131473426,175.02093040368047,30.568268827434284,187.03370294858638,187.141865738039,37.59892176026292
24,1,30,1,0.0,-410240.6986541947,-2.172125063917329,40.571827208854444,263.53803717639585,11.72112123746349,31.7165704951883,5.56122052165736,133.61162773473683,30.187822635929944,180.9326415374976,161.00401943756427,36.23577247360213
24,1,31,1,0.0,-477664.9770320794,-1.4974507387878828,19.297593882099306,248.86267610208031,16.239848886752522,42.13150774064265,5.395066162587075,142.80611498130054,45.95356261287448,186.52167027811572,165.83277839407586,36.205542100689925
24,1,32,1,0.0,-378980.29318280873,-2.5824319405024134,50.16440201637447,269.7498482044257,8.056043151406904,38.418454492147575,5.99561161894474,180.89122640587996,42.21512594465379,196.03881260364224,151.40541641201236,28.564563549291094
24,1,33,1,0.0,-56412.34915011202,0.5510067815093375,69.6040515173079,259.7468078565301,14.194266837095022,30.512568034938226,5.826005949503326,173.9972133549172,24.73856001292959,188.3092337250291,114.58389554531463,20.138007374475485
24,1,34,1,0.0,-447878.6669245028,-1.9148236660346836,34.85720869024784,268.3908552467241,15.908224135909244,30.15973938047192,5.888258906934203,150.04325638710802,41.25604787453344,181.9056445145885,189.9304970634261,33.184457874446835
24,1,35,1,0.0,-458419.8250413536,-1.8817154984455393,39.015770246672346,265.2556701920414,15.354412771859154,40.068704484678555,4.844303918898637,184.11070577233272,27.000831589683585,180.30527914559755,130.81049379273878,29.832391785385155
24,1,36,1,0.0,-57355.72510728615,0.6669710811765525,57.60777017655224,241.68464485302917,15.956650754438217,34.50494293705405,7.85532237485629,174.47638005973562,60.34843847865825,186.72067062182396,164.0,32.481749030097035
24,1,37,1,0.0,-475846.31306844065,-1.5423250725133935,40.60784853664161,245.77214318687254,15.220367876977654,40.16654239627409,4.94262693701584,136.4958362774143,23.59022902293795,178.83611784179857,181.01883034971544,38.989266156504314
24,1,38,1,0.0,-460399.30094116327,-1.799844658572751,44.088018550307595,272.91351576448994,14.888559235135677,44.38097171239792,5.261138847676517,143.1021224794175,21.552626991316117,173.65505975054904,160.27956378103767,25.798894132117614
24,1,39,1,0.0,-462066.11701314984,-1.8457048865053298,42.18369097291634,222.6777488979059,15.696300548972978,34.06689780128267,5.734769452458909,164.22137111274964,39.760193357526774,183.83600739490586,154.71570027706866,27.526705061223545
25,0,0,1,0.0,-377092.6154412477,-3.373635075372354,48.457679902084664,328.8204843918125,9.740222996409711,50.0,5.370467962535667,135.4228517317976,44.24894233898732,189.71334313918078,50.184441957920846,6.005042843621391
25,0,1,1,0.0,-327901.5129758707,-4.154559155244668,52.676496805172,339.06168319575335,6.459549986766765,50.0,4.071847977485676,119.85480615123937,42.882944838487596,184.18098267367085,67.40274319186362,4.938608756544272
25,0,2,1,0.0,-353796.79629586224,-3.9478986492642685,39.70691155246815,305.47640776508587,7.505050747488557,50.0,4.975689845824372,153.67832577200636,61.04642641013779,182.7912294558861,47.30395125623565,4.0
25,0,3,1,0.0,-374163.1578266655,-3.423321151235476,83.91156519065905,322.18851197325307,8.190689945630716,46.08472192601488,5.038476303743708,162.02873691766598,37.36480322333207,181.2323763200268,102.90836946413071,10.263816944301734
25,0,4,1,0.0,-332523.82828172,-4.330295728469841,42.30294998536,324.21032257759657,6.630997711141093,49.55448872727842,4.914766628740572,152.0574002777589,39.84967519754083,192.96489581314754,22.79430435532255,4.0
25,0,5,1,0.0,-356417.3460574071,-3.7780353472691846,58.42646610760098,339.89891966449596,8.824637635327955,47.7681070183362,6.329036318016158,136.02256065432726,39.27717584555228,187.21387014562896,36.15271470649332,4.0
25,0,6,1,0.0,-42290.951693816416,0.48358798277271114,39.680716384915634,360.0,7.039497642550458,49.21051534660095,4.919345733108095,148.41853480213695,45.21765883811682,180.74641599515337,21.851678983381397,4.0608706824488525
25,0,7,1,0.0,-341214.10614385025,-4.120472324329195,57.02127656422288,318.14016701453954,6.694567690441594,50.0,4.951728632049931,133.79258145864048,42.05829876976138,188.00889802080727,63.039776411198915,4.515692041841811
25,0,8,1,0.0,-345307.31119409634,-3.912063499180599,63.97645488188333,341.0479680937136,7.565362723563537,49.997206663968164,5.844822233623031,120.51620596685669,15.895767869838402,189.22732799854515,75.50508649330786,4.0
25,0,9,1,0.0,-357082.77613014437,-3.9035448441074263,45.60860077202742,328.22698213092224,7.967968739517482,50.0,4.119416935606797,161.761516651149,44.10668061045787,181.21516790339143,27.611798072529922,4.0
25,0,10,1,0.0,-400536.7946553783,-2.975640438040919,56.08164325281073,307.9889839831277,9.945094746178086,49.44715485402421,4.99444180433861,148.75626440246262,44.159790641048545,187.01109719179237,68.68271061266796,18.524908646081084
25,0,11,1,0.0,-359994.27805183246,-3.6983470146352,40.99310004969235,340.3000216406882,9.23507605225607,45.3398474190068,6.113133194106813,147.60239787467964,55.86650059544121,187.82255072912423,53.450654321338824,8.660139281518298
25,0,12,1,0.0,-344430.9108530068,-4.164775107841074,42.37211985546234,310.59926733037764,6.51643817379389,50.0,5.090514190704839,189.38118402157613,35.68161429576409,182.76536756035432,56.0,4.0862129488111325
25,0,13,1,0.0,-313463.699984452,-4.330701751036815,41.959614137398276,339.24219005531637,6.006872939673863,50.0,4.731135287974914,155.17816849289486,43.87077104637613,175.25039391869558,22.85524925114085,4.0
25,0,14,1,0.0,-364476.17400353163,-3.659389820139017,45.38335043832703,336.5202747878755,8.549836096615063,47.84006707613508,4.8176551877797085,141.56090188721566,44.42848498739279,187.56038070455872,56.0,12.724160425106383
25,0,15,1,0.0,-315825.0586335637,-4.279569746218202,41.168828401142946,338.22461053187277,6.151872293891043,50.0,4.712409620958623,142.0283840287907,39.04910923218959,169.36593931155247,39.002889321650485,4.0
25,0,16,1,0.0,-370993.8155247482,-3.6513397852573277,57.31408360026375,324.1136051827983,7.590452546409779,50.0,4.558352832162846,161.96225866938644,40.95955041204638,192.0729442738037,97.5288033337572,9.444917142179674
25,0,17,1,0.0,-337274.5506734081,-4.230188368128288,44.33305814648901,338.608760985599,6.930240206030262,50.0,4.3758895694909725,163.3263682595729,43.5820495018723,182.73850219138578,25.069835914505965,4.0
25,0,18,1,0.0,-315379.83483701205,-4.338083924420465,47.00301648562936,335.9952870467721,6.028032299857122,50.0,4.813867275364218,142.40971755503801,38.68232066584664,182.8349320182618,25.63187497375697,4.065908283915681
25,0,19,1,0.0,-340069.38935606787,-4.0986701535607555,45.55340446298534,340.2391241118138,7.578130089428245,50.0,5.149832886907775,133.12528249350774,40.40601608311449,179.2946412177499,20.422690317702433,4.0
25,0,20,1,0.0,-348112.1706313716,-3.9854115222024924,41.222506536752164,325.74769626431294,7.5991431917435985,50.0,4.393067497946362,129.2319689643907,39.055050019528124,179.00398830312102,56.0,4.0
25,0,21,1,0.0,-365581.75038414495,-3.4601419048515174,61.16292899502511,315.6797854455758,7.272352542249532,50.0,4.804509754341134,124.79625260253223,38.54524760511915,171.13595807353892,103.84938328339636,13.472211685843009
25,0,22,1,0.0,-350043.4790123114,-3.810138469808951,53.5365841758061,303.83141605928654,6.690576369253561,49.22149155679103,4.817042870609995,135.74878870799654,45.287958101134954,178.17933154339678,82.97096190973602,9.6262359505631
25,0,23,1,0.0,-327688.49379753275,-4.125291565398024,41.2918302445021,332.2930775721131,6.12279910535456,50.0,3.1261571344787487,164.93075015917677,43.4714811861973,175.57765239018812,65.82937324770553,4.3692408411136645
25,0,24,1,0.0,-302650.8922699484,-4.139336270072515,66.46311241993841,339.18248421299836,5.5370104662343955,49.940015966554654,4.5994033176579165,162.43617574002892,44.59144697658331,170.48252768773384,28.14207923952189,4.0
25,0,25,1,0.0,-413676.15037031984,-2.062323716407921,38.829725382920394,333.2969911703915,15.396822707663443,50.0,9.652729808065347,103.2896300117161,47.23290985967607,181.13160650387806,109.76611583084991,6.241532378690136
25,0,26,1,0.0,-331134.0971849501,-4.299231692067209,50.07980978349394,337.03796614598815,6.598879309060848,50.0,3.797669780223332,138.13021739614888,41.61871213970594,194.88178959184512,27.33040741491136,4.0
25,0,27,1,0.0,-341638.2841212123,-4.154091465379395,49.72158422185278,339.4028195579374,7.274274208561607,50.0,3.586586402782553,136.00886786086542,36.83629839962951,195.660047003995,21.886364010745943,4.0
25,0,28,1,0.0,-332710.292410868,-4.151336911524292,42.93324527322038,350.9439209115167,7.108923073146136,50.0,5.0983667617548365,137.9801504647467,37.771361637451875,178.88353535829182,57.51577945097857,4.0
25,0,29,1,0.0,-351089.4446526177,-3.8832096148757427,43.675709707563165,293.30730026397214,7.59810867318231,46.072601172100406,5.256713000176148,102.06866593987857,37.5388194828571,191.1556650466522,61.93618495629917,9.530579407135676
25,0,30,1,0.0,-334429.54238247406,-4.257186198269289,52.07672010554432,337.95444233086226,6.854337263020409,50.0,5.032632791214926,144.49025583639664,43.145466180071,189.957723017829,26.68084590934271,4.0
25,0,31,1,0.0,-298968.6790414343,-4.34437221241201,43.24312846589015,336.2385887122316,5.580401090566851,50.0,4.76176596155873,150.95721927540242,40.37925951681324,190.5766034675838,25.21663715368317,4.0
25,0,32,1,0.0,-328326.6931240669,-4.283723508136176,47.26976487994612,339.1534508955013,6.6046854108727935,50.0,4.924632064884121,152.9887802933648,54.17838458066395,182.0997863701334,26.368894768377363,4.0
25,0,33,1,0.0,-356803.8074438353,-3.733304804017507,48.824144327678255,337.4771464769362,8.424210149246884,50.0,5.266808335636341,147.45125931009463,59.20215179668963,170.74249483545748,52.10330248365051,4.0
25,0,34,1,0.0,-348070.5125383961,-4.031055392834337,66.19869446452697,335.4006364194647,7.50919779289996,50.0,5.160891772010215,140.1146613567686,44.32808393754116,192.34373477833546,23.651023542743214,4.0
25,0,35,1,0.0,-333872.6414543583,-4.230178542886836,40.48478572822683,326.07742597651344,6.571685626371362,49.96677096537284,4.097793340066679,147.9115265913107,41.82573045904585,185.22849574330994,51.14721388221364,4.0
25,0,36,1,0.0,-345214.9931995395,-4.195327159392975,41.68505426501048,283.7114802508543,6.613161304651591,50.0,4.484404065667664,144.45225784682142,45.573667417400706,186.39185314678429,20.0,4.0
25,0,37,1,0.0,-288009.1475715643,-4.253107356983246,41.79478210334241,308.8171444195697,5.162141689078562,50.0,5.205238659328969,153.3284305828716,43.11081964253199,187.38314100922437,20.0,5.475024448032883
25,0,38,1,0.0,-403670.92771136534,-2.572439492859185,41.72474214323885,343.2301325504471,13.162843054062126,49.14708450404013,5.491195343137731,145.4675506267832,48.33393247612503,168.90095104482373,71.44463199421695,7.703476493528899
25,0,39,1,0.0,-332526.08002765133,-4.264006428638179,47.78129061558069,297.5528916076631,6.108112360034647,50.0,5.197414193432817,158.82556268686983,46.67193381601057,185.84117697812704,21.82771896196199,4.004475376771061
25,1,0,1,0.0,-431200.61472825776,-2.584360967302965,47.1736388414282,274.8630297286907,9.243501015880284,48.3879863180959,4.628687633818556,191.11487377493503,28.92687242828187,184.97307105649546,145.7789174153411,25.81018755335573
25,1,1,1,0.0,-452899.41573478427,-1.876016573325115,39.22019394595971,275.1825527246957,13.96947821848029,46.49091710135577,3.136229564986981,153.25543716661286,27.703940920644484,162.28035026104007,111.77602773237864,31.671663508754595
25,1,2,1,0.0,-461231.93378674856,-1.6335176810772085,55.72776046741295,295.9193030982891,15.870151704067569,45.80941294282084,8.223373361087834,153.96952733862483,51.709186134255916,161.5258800488887,162.72121606684158,28.606000438467753
25,1,3,1,0.0,-421877.0394616399,-2.408030544529166,41.517723275519664,285.4713591511024,14.518518556644679,31.674217336290255,4.613110758287478,104.06480207054884,43.41344865265983,176.48727400638154,189.50853152628565,19.559719185940942
25,1,4,1,0.0,-476996.5619388105,-1.5990391593528468,22.643782518388292,263.4574232515323,14.55879661430817,47.31656378565516,6.168287907614624,156.33238961687528,16.57080315712905,183.5096253054856,190.4136481230266,31.818192909438906
25,1,5,1,0.0,-440580.39726400084,-1.997156678437376,38.1521778831898,262.6504887379424,14.471857826616171,32.37892274475084,5.020160035904951,107.48404530733649,29.129325041444794,183.35318410358008,180.59275332516359,32.77854876150468
25,1,6,1,0.0,-454645.6877111512,-1.9198593373348767,40.70894720333689,258.40402522413217,14.684052905753182,36.857098204264496,5.47854659920404,116.6020068773908,31.185231823092508,173.04254196947895,195.87164856643835,26.904192769722883
25,1,7,1,0.0,-464173.8444570585,-1.8459396332575928,41.06373279029506,274.02432355246555,13.508188420926096,49.04787326638829,8.721045583736,165.94831125710508,30.833179636942653,187.25084854312092,192.9482902109887,23.038624006777116
25,1,8,1,0.0,-469138.09302090044,-1.839417693249467,38.73316081957451,259.16377708467957,13.413817887022423,45.276782572620064,5.644224364083825,172.6506790438304,28.995965275496633,189.9784015258606,181.1672621800629,29.01427588912866
25,1,9,1,0.0,-462149.22183520196,-1.6932435797244796,39.887562277431854,265.17868700461264,16.875599986870018,38.6146228526757,4.5535368061611585,135.37180388421012,37.11973817100202,190.7262918829268,140.07761510891396,31.991409858543644
25,1,10,1,0.0,-472906.22364163236,-1.6111548668803963,49.2499078029116,258.9191184012671,14.860636206751709,44.63373623171338,6.894388502441072,177.0187273133902,54.82925057736732,175.13540801562945,170.6304985471268,32.27487595485279
25,1,11,1,0.0,-481772.47276213695,-1.5947652925198559,20.383234418617242,251.8633586316507,14.517515861441492,44.226433729556454,5.956521606731345,183.68749057212474,31.484688724690898,190.08792618101583,187.0395599892454,36.405224288095674
25,1,12,1,0.0,-445556.4434665914,-2.171610863467852,38.844835998438846,244.79214675733087,12.917597981198151,39.81424784704862,4.8044607020370655,165.8350496974098,28.803229191708095,185.84073908308383,115.31146542091746,32.155436689328674
25,1,13,1,0.0,-458488.7772814705,-1.9149300127531377,43.253080497620175,249.83704227924105,15.98699722141354,31.59753852176664,5.476366279331653,179.7329522404884,55.753909280103244,192.74368713756496,167.24083697163186,32.27668219108611
25,1,14,1,0.0,-422275.6371032887,-2.261668846188475,10.0,266.43329331732133,15.242134008260566,31.80854642670861,6.735165195581665,99.94573995196944,21.108040467078943,194.9599198880506,127.4837822382772,30.51802315405974
25,1,15,1,0.0,-476503.9284925151,-1.4902920964263833,47.478917859426275,285.0718269299019,16.396824452925348,44.58277485041998,6.710389192046406,164.91410766946146,55.579999789574316,186.79507080533332,177.89715310302176,34.58480277111963
25,1,16,1,0.0,-483637.53139030805,-1.518841623656886,34.87712090780876,239.55021172343444,15.198276998751592,41.42102877742014,5.73357707216509,182.17932447238724,25.620198254482556,187.0697622770582,187.48205161580142,36.583459426746956
25,1,17,1,0.0,-489123.61456761707,-1.3835640488074739,34.731013006712196,242.26287612137062,15.674884084053183,43.716053892749116,4.44748591716352,180.22885044544273,33.89428172218852,185.49251675294042,180.77459803789577,39.479756199974595
25,1,18,1,0.0,-442127.0349815237,-1.9723223582831637,22.62990219933737,234.0905955190446,14.867148129470982,37.0598864670022,5.484276556099567,119.8703750043008,25.651748044549066,162.51514629835444,99.01523027947815,34.886996606196064
25,1,19,1,0.0,-475714.3930804614,-1.3540436147176724,57.91219236488129,268.96852789912737,15.718972575304942,50.0,5.484983577355576,163.2281172889471,30.946924028092326,178.28789142950035,135.59701124469512,40.0
25,1,20,1,0.0,-406560.3289923333,-2.018676087357515,25.01196193966182,237.06290999127052,15.877483961271661,20.955262555556363,4.806398493132591,173.4327917756192,16.54229391595674,161.5440255565931,163.29075331799967,34.98224380328949
25,1,21,1,0.0,-463888.75168398605,-1.775689350931038,28.120108609654835,233.6079095906872,15.233723088184842,33.44912097153765,5.138564820156981,166.5879153217396,28.22555656043494,172.66545469753873,162.01544734742563,38.783341918788516
25,1,22,1,0.0,-460731.9550981378,-1.892828672599877,30.22292700206289,277.99183965962527,14.871187407112387,42.103422107453376,7.6054039752735,168.8369663593475,33.705298007637055,190.63159982397377,176.5896428166559,26.44677665661489
25,1,23,1,0.0,-445599.38389284775,-2.076832518683256,23.065451639717203,238.6065358669227,13.084185687230459,39.39226394910895,6.4844090850826985,186.42187464285809,14.975811948820798,165.89767253396104,110.66924666771352,37.464075128116306
25,1,24,1,0.0,-457810.58153375605,-1.9151716560858791,48.766028590790434,260.1131702296795,14.516894781657575,38.51092659380892,6.0852797991522385,149.292419768766,26.353461351894644,184.76998378303455,179.4947021349233,27.71247866115994
25,1,25,1,0.0,-473375.85855936573,-1.463476967963405,44.94489717639817,245.99461405991107,16.036103316927036,41.6497695039374,6.863667029811593,114.33655766405607,19.03908335320346,177.46797282296959,176.1362554014323,35.499680849394956
25,1,26,1,0.0,-483916.12258520944,-1.4431649991631328,37.84255500646578,245.97176594782277,15.412854962129657,45.056753392441315,7.077147313066623,179.33252875076846,30.47407907019814,176.78701685628195,185.5190191532735,34.287178236245204
25,1,27,1,0.0,-437094.03635677154,-2.013887484976979,34.61217245328425,238.46674808631394,15.391989838955146,28.10091524486053,6.67439856207284,143.50096784306444,42.9950513518647,183.72318492040148,145.6704638383237,37.294535921014194
25,1,28,1,0.0,-478473.8029822616,-1.6551121266368898,37.50629542277842,247.28788263086903,14.648907246524304,46.992661975640836,4.096577106900743,180.34272465185506,36.334089671693036,179.12496003552033,193.07882445768436,20.983678489952837
25,1,29,1,0.0,-471246.2203970907,-1.8442981302517576,37.7537319636656,248.63081544676822,11.431417017857251,48.48783618402611,5.438686772386214,174.48724831674542,32.092329427587146,186.97229111472035,188.9920221885336,34.8129831988016
25,1,30,1,0.0,-427508.20830419083,-2.0470498077201174,22.259779974953382,236.48542183531265,11.655505833558735,32.01791914363351,4.725454638603604,157.78708057874294,29.186748739777826,187.98390238815398,163.83075902636287,39.894457342479825
25,1,31,1,0.0,-465079.0489923665,-1.7555336566908302,34.81783059081016,262.5096234472771,16.197203309275494,33.13150774064265,5.3089408849374875,176.80611498130054,50.932013385454106,186.50729395968776,178.3637754673426,37.691476433049225
25,1,32,1,0.0,-356653.59360067005,-2.5456694330382748,52.913291569235156,301.7498482044257,8.406117464204318,34.89642551955561,5.524499789640422,176.41842431886866,47.07328599014576,200.1416305301453,141.52354206731886,31.09390211209411
25,1,33,1,0.0,-438441.9454778862,-2.062786797959985,47.604051517307894,233.56687474738567,14.68490489366257,39.512568034938226,5.337509285142145,162.02650764464602,24.592384399450975,187.9479967902633,78.58389554531463,17.981497008596307
25,1,34,1,0.0,-413949.7092128296,-2.1328450803773977,30.542166962275832,252.46368619398692,12.908224135909244,28.330293331460297,5.268985879454025,132.76462156326545,33.188232884727235,191.03227758012034,174.04988576521876,34.015370537319825
25,1,35,1,0.0,-461829.87687154993,-1.7768108644628635,40.186984305213535,257.6460790294904,15.758837610532893,38.60069830451731,5.065567774520572,175.81343282684392,28.301950106465554,168.30527914559755,137.62011002160995,33.49483057279076
25,1,36,1,0.0,-466804.301898571,-1.727778667209846,42.537474067980405,267.8211094204048,15.613027405788431,37.50112075594915,8.469712568102825,180.04981005704158,46.64221123595386,189.23449772620285,186.43346423607565,33.90820334494632
25,1,37,1,0.0,-469964.88474019984,-1.783799889807417,37.9205817534347,246.12359163520114,13.328806977046973,40.39321511863644,5.597623600594839,170.4958362774143,30.745762442480093,190.83611784179857,185.71573846006177,36.42866989369253
25,1,38,1,0.0,-485264.93711992214,-1.4904738843416012,33.29550903582012,262.71469964599305,14.68976715571543,48.82688789222806,5.41652509552013,177.1021224794175,20.9957063970544,181.19773546067236,196.27956378103767,32.99889413211761
25,1,39,1,0.0,-423477.0722337941,-2.086555799870353,44.45185880523187,254.6777488979059,15.87920982654874,25.06689780128267,7.534769452458908,158.9134962439058,24.364415472575573,181.83646456514884,155.09532541332848,34.72670506122355
26,0,0,1,0.0,-390335.8147795517,-2.9816447612252035,50.790795707591265,325.8386626206725,11.016115941090254,49.97431866001432,4.895811865105418,119.81232668613805,42.37012781639393,184.60278226745044,86.18444195792085,4.385010442437092
26,0,1,1,0.0,-302189.78147374914,-4.135301311779072,51.68700961600749,339.9144304837194,5.630398629005641,50.0,4.538304857794073,135.04964212664024,42.0361344114911,184.31229894577118,76.42855493384826,4.0
26,0,2,1,0.0,-369403.2177167903,-3.575200537765912,47.16910821594708,311.46253690627816,8.93557707693838,50.0,4.736823122908083,138.39733532461133,46.26569423737487,180.45597071402588,25.7104658847584,4.0
26,0,3,1,0.0,-372345.4234535475,-3.4889033946552988,61.91156519065905,333.91662231718766,8.909094330138588,49.39451899321811,4.787795444931972,128.02873691766598,43.51801553789093,185.7490132996713,118.63548595340104,4.491553895056291
26,0,4,1,0.0,-352701.24590797396,-4.000898392417932,41.227413864837835,316.8558905721942,7.8442507759691775,49.31366185425345,4.92123458447701,148.68114576082417,42.03343517986413,187.83766105515895,20.285843059809583,4.0
26,0,5,1,0.0,-356003.67277978605,-3.8095413230074224,48.63326545033211,329.8846526833441,8.576262021669152,47.5368616907629,4.855212645497367,119.7572226300884,26.96351369622042,188.99092035714762,64.82455274209337,4.0
26,0,6,1,0.0,-347068.27896570996,-3.9746947404645847,35.63001220548067,356.66388016939845,8.367480739345476,48.753150532153626,4.96436399996488,157.991488265729,46.48067464707359,189.544089413781,26.977588758232145,4.0
26,0,7,1,0.0,-344256.59446938307,-4.118452850492717,48.77368817858139,300.9506338413695,7.062983150719402,50.0,5.148925559184862,118.15426365826518,45.475266697023955,189.13865513373958,27.039776411198915,4.7135179317051605
26,0,8,1,0.0,-347808.2825695511,-3.973903938871879,58.834791969811974,340.80794472810845,7.240410181464629,49.99678945228516,4.608196853186708,139.4613736952912,33.8957678698384,188.9300516942993,39.50508649330786,11.2
26,0,9,1,0.0,-327506.0261637594,-4.332584844624907,49.04710068054026,333.158809722826,6.367254858023091,50.0,4.520235694065731,150.67540307698368,42.19786164079746,188.202050962918,23.648116514104636,4.0
26,0,10,1,0.0,-341375.2368354997,-4.0928026386897605,45.136867023490716,306.6620707442382,6.945094746178086,47.717978276987715,5.0165863141390705,133.3614689615814,40.465026750391075,185.94172203250608,32.68271061266796,11.324908646081084
26,0,11,1,0.0,-382601.0354414213,-3.1148227971002407,43.90334807878915,342.5914143830977,11.023619974251803,50.0,5.854003767509016,153.73898756599408,46.65985361233362,185.10290951245148,20.0,8.795261177242391
26,0,12,1,0.0,-374201.5560667842,-3.4386537565357815,52.39055561215952,334.2520896124505,9.51643817379389,49.91352630707963,5.15860937336252,155.38118402157613,40.36075708043815,175.41945293358316,49.209109135041885,4.13454098183506
26,0,13,1,0.0,-323728.20254078944,-4.325357242707888,40.66094412556416,324.84938239827346,6.185916446121663,50.0,4.8454390729774595,158.54039412453494,43.54282384161817,180.609313602297,24.858242557633616,4.0
26,0,14,1,0.0,-330946.5826087792,-3.9868214134721494,61.85717994646051,311.3984707228361,6.663815553652274,44.48153008675327,4.951423024000498,138.7247250742494,41.66462298216717,188.4846633678775,87.88444640248578,5.524160425106383
26,0,15,1,0.0,-314136.65879325155,-4.235045142183735,47.026933273189606,337.8877124084749,6.144730071765742,50.0,5.360744691673008,124.56709187606188,35.17005771691688,169.62019825177677,53.39213203533493,4.0
26,0,16,1,0.0,-349366.67442293814,-3.9220671223527455,48.181110708625894,356.1136051827983,7.928212031652055,50.0,4.550070758118777,137.82564853789705,27.4485095417986,196.10645023787905,61.528803333757196,5.227629230875524
26,0,17,1,0.0,-341507.139903105,-4.115554316661814,53.87087987586478,339.7247557041072,7.202487825556052,50.0,4.617707732246688,155.89914417556326,43.70579017733865,173.72054108524455,26.39224344523585,4.0
26,0,18,1,0.0,-355772.2495567543,-3.866477668276739,42.14509337859346,321.50622328202024,8.064712453260839,50.0,4.818521321567228,150.14937216611898,38.286183488501344,170.8349320182618,28.846075506363455,4.0
26,0,19,1,0.0,-342682.9389231464,-4.14440951017582,42.897484247691466,323.61169143778966,7.176202398623922,50.0,5.040317561460746,148.20791844250166,41.69230483881252,182.36418844357604,29.972636365549416,4.455186322797047
26,0,20,1,0.0,-345082.2666594206,-4.028573324568558,38.862376222553294,325.0157258992171,7.6534272170911954,50.0,4.321765060009691,115.72295075430907,45.186719146253935,186.54867535750813,38.8910774245826,4.0
26,0,21,1,0.0,-293831.0240879479,-3.9986535416840843,47.782570526953904,340.30651518699085,5.52411141798923,50.0,4.854923434085344,133.62462254512374,40.75665290007387,166.2590255281408,67.84938328339636,6.272211685843009
26,0,22,1,0.0,-354585.3732602579,-3.6157541974957708,46.82868941808115,335.83141605928654,7.13552953407152,48.36367883199917,4.084513395644637,168.74666610391643,49.1738639769538,166.17933154339678,118.97096190973602,9.570590083658388
26,0,23,1,0.0,-331143.9783528118,-4.301230585790861,45.73565922157898,327.19725968766244,6.526387540839953,50.0,4.926157134478749,149.32230167051463,43.298290092668445,187.57765239018812,29.829373247705533,4.019481664432431
26,0,24,1,0.0,-327280.65362367494,-4.231652604516581,49.57295247914442,339.9899963520028,6.357074085347174,49.93991682153587,4.661141572183184,152.43192275359652,43.84983847822274,182.05133372518296,55.10990044635514,4.0
26,0,25,1,0.0,-388443.2297581917,-2.8332903268879237,38.21720046195199,339.7573670548641,12.396822707663443,47.44321179672321,8.42434613579448,104.22188680945501,43.12496570720858,187.60017242692064,86.5940099322811,7.094616263936967
26,0,26,1,0.0,-312029.41503684566,-4.354582472589329,45.135557514213346,338.0598221765453,5.973105497180978,50.0,4.0869813245547775,134.544856575606,42.24068976879486,184.89098217503968,22.544287358713888,4.0
26,0,27,1,0.0,-357224.9006426222,-3.8589338643312794,54.43443962584374,328.0692201840217,8.145943184719966,50.0,5.0280369694716605,147.20482695963736,32.92164491113444,183.660047003995,22.49512881917389,4.0
26,0,28,1,0.0,-354084.35997231136,-3.955085639552933,43.90368069558731,318.9439209115167,7.760006003627867,50.0,4.517654493537649,140.49510794263873,36.778146793488105,186.1779730243911,39.4001736375626,4.0
26,0,29,1,0.0,-356652.7503199588,-3.429813675208993,37.07639973249224,275.6741094110436,6.594013055144745,49.972223728015074,4.981863890899106,101.48585025516466,36.55859176558255,193.4402321363522,97.93618495629917,16.730579407135675
26,0,30,1,0.0,-336266.9811248351,-4.222573835402841,53.64588837522763,339.0949126419166,6.926462746653675,50.0,5.016468056572608,148.3904040865384,41.58579808042521,185.90696287028047,27.294433442223017,4.0
26,0,31,1,0.0,-328465.69108171243,-4.317241171477098,50.79331122966491,329.0867986986601,6.424729565096349,50.0,4.863581790463131,145.34985099700825,50.931873523849895,189.47698460477883,23.725755278236996,4.0
26,0,32,1,0.0,-314681.8942644007,-4.327014977153458,42.1562650007517,339.40402926355694,6.106995510656559,50.0,4.954670871030468,148.23175239382718,41.937959929220426,174.1319843219518,25.948166839196737,4.0
26,0,33,1,0.0,-391124.7533833184,-2.9244355538759867,40.964542956431735,337.4634421169545,11.424210149246884,50.0,5.218118704139306,155.09365526288528,55.044417545392626,166.76349643571567,88.10330248365051,4.0
26,0,34,1,0.0,-301849.659867964,-4.348427715281563,47.31372327777406,334.4365294449362,5.591464148517164,50.0,4.965289374115216,155.31452409667006,42.820837729516484,193.85240837997208,22.670323556371066,4.0
26,0,35,1,0.0,-328242.7521440253,-4.2327670995392825,43.23959905700152,321.22990954554007,6.198410688384544,49.96878040921574,4.739173438229339,163.76890929597073,35.18518413352844,173.6740173702702,44.154513923466794,4.0
26,0,36,1,0.0,-327717.22554139217,-4.247310341078258,41.117756905118945,312.4479019167866,6.075938214655439,50.0,4.323406076644675,146.58491586115548,46.48874310400389,192.61697356171555,56.0,4.0
26,0,37,1,0.0,-369279.37238480925,-3.7175453112641272,47.053141919404645,306.85954303987904,8.162141689078563,50.0,4.229974097110471,146.3534078154641,38.85194419475998,189.49743702943488,45.158232317563325,7.203020035500875
26,0,38,1,0.0,-382215.1643799455,-3.2558092288263416,47.16062971733919,338.6385890015577,10.162843054062126,50.0,4.46639091833097,155.18654092457922,49.21626847633782,180.90095104482373,39.06988371621468,8.41858955137134
26,0,39,1,0.0,-336726.55441695504,-4.256154042733591,52.45425528798467,299.46031927487616,6.2136562645404405,50.0,4.987024237105748,160.9871157721054,49.193106964928134,190.49435498172593,21.73496185916285,4.0
26,1,0,1,0.0,-446364.7272819167,-2.066218230234278,43.48188847674576,306.8630297286907,12.243501015880284,48.45131884215936,5.729436571661211,157.11487377493503,28.17200150786463,172.97307105649546,148.98722899168442,33.01018755335573
26,1,1,1,0.0,-429860.8056846847,-2.429044315618093,39.02573496786972,279.41022026230877,12.754211803946298,37.49091710135577,4.936229564986981,152.6179381517126,27.592949447528383,174.28035026104007,147.77602773237862,24.471663508754595
26,1,2,1,0.0,-51123.80357772133,0.7092171143835383,71.67511925230497,268.6533226091211,15.744407207665656,36.80941294282084,6.423373361087834,156.30950160675454,33.709186134255916,171.0130475289485,176.42054090370812,35.806000438467755
26,1,3,1,0.0,-434092.48648268555,-2.195533661517897,40.47817593287225,317.4713591511024,13.95766035730034,36.14291743244145,4.698476616011981,138.06480207054884,60.65719480316284,188.48727400638154,191.97880697724176,26.75971918594094
26,1,4,1,0.0,-468709.6663130836,-1.6664651584927046,18.421196827666016,262.4856675867294,15.760642860260608,39.5852651586918,5.494035536215506,146.39937203947815,21.325411989224158,181.55745030332096,170.51165934793187,36.27070597362272
26,1,5,1,0.0,-410314.4048950752,-2.0434290353533724,38.5209876277585,252.8530515580193,15.157378737991108,24.28740691555952,6.820160035904951,126.56726392632918,29.753470117777084,181.8484691877714,167.89523508004405,34.903932626459664
26,1,6,1,0.0,-458611.45903804916,-1.9426706542696286,37.01265916751132,238.86090696980605,11.684052905753182,45.857098204264496,3.9421212928033746,86.66068224909313,30.00290257476822,185.04254196947895,189.5807678928197,28.821737378927445
26,1,7,1,0.0,-471041.11622062244,-1.6817900717722951,44.90422948130075,306.02432355246555,14.992954692063787,47.515559159032016,7.4095655889135195,171.6378562492905,48.83317963694265,195.27481869054458,191.36337057271922,30.238624006777115
26,1,8,1,0.0,-484774.9465571597,-1.3618122326909523,39.72172236495106,265.7622518160936,16.413817887022425,48.7596459656262,6.069936049482488,171.41156358871748,29.176836094252458,189.27170120281195,179.5230477198896,30.15445027087417
26,1,9,1,0.0,-440094.2529016067,-2.139734349243658,40.94846736523155,277.08586514193047,15.146171172788616,33.96255169451358,4.8764089907263575,116.71660207252452,36.27736434039645,178.7262918829268,176.07761510891396,24.791409858543645
26,1,10,1,0.0,-469594.8960811887,-1.6634135242879786,38.002736638095776,248.11366656894702,13.70138848678566,46.877639753160466,6.874351598360624,174.43983362756742,71.12043927356989,163.13540801562945,172.32409107610303,31.192032051222704
26,1,11,1,0.0,-477542.88326509565,-1.5436583224825962,22.057986442078494,272.83983003126326,15.905730335061973,43.13540838369496,5.969638506788186,149.68749057212474,28.86489231796924,194.10884956268876,189.11080680006134,35.632896371777086
26,1,12,1,0.0,-421379.4249175121,-2.3200470162408506,39.68967353725588,226.44321447569038,9.917597981198151,36.07286504690256,4.7967116498143385,162.085991896071,28.993072209844936,187.32000692457402,151.31146542091744,33.073467653374514
26,1,13,1,0.0,-470982.8949266638,-1.69561102886189,27.3876620959593,276.5755178376566,16.082627028432377,40.59753852176664,5.443116699992429,173.61537721449506,41.810977282371,189.44607314517467,170.07481225667757,33.17346361037728
26,1,14,1,0.0,-445221.38603233994,-1.9500724841373642,32.0,274.35097234296427,15.061129793522575,39.561181727040065,8.535165195581666,99.21430318425674,39.10804046707894,195.69272191894476,163.4837822382772,27.070059390087806
26,1,15,1,0.0,-458774.6595103665,-1.9105367414702747,41.10440319566164,291.2870709542168,13.396824452925348,43.64125864377039,6.683750994936548,182.81418331231254,44.47743273004623,184.22386284337261,170.22619256288937,34.591983936679185
26,1,16,1,0.0,-491513.9410439508,-1.3256294620484292,32.57383673190641,234.1880788309383,15.402710896492032,47.205736021662446,5.224926804748831,181.4858979502353,25.602501362376223,185.54577876293078,181.23532341679882,36.30243203176747
26,1,17,1,0.0,-484537.07969339157,-1.4264829973308804,37.92429676474621,243.9016454017989,15.528487292421248,43.648748816051864,6.2474859171635195,153.11917431971128,30.95298693075729,186.19528036014555,193.0995427754536,35.894989671422884
26,1,18,1,0.0,-440997.17571180797,-1.854670236773084,35.93846457976448,245.99857790994042,15.664406311950557,40.44546654961511,6.260787958609889,153.8703750043008,30.941822303015183,174.51514629835444,66.09841645797825,34.03570312691604
26,1,19,1,0.0,-463882.08012137393,-1.6655581208004913,54.50759088784279,290.8041022353016,15.979405803486841,41.0,5.397293982627954,165.51954228952957,32.199564257452025,176.9269342233891,149.01039873933064,38.391193619753864
26,1,20,1,0.0,-440088.7099994567,-2.123004094543401,39.48562653052642,249.80570144582438,15.403331674330024,29.955262555556363,6.606398493132591,162.6621372940584,19.183289875438366,173.5440255565931,161.7175000083276,27.782243803289493
26,1,21,1,0.0,-470852.361750706,-1.6894097586911958,24.573401710729897,238.0650644643701,14.486063453997367,42.44912097153765,4.702860474718444,160.82292135838932,27.80945307290251,181.39781561311193,146.79860646409634,36.24437431865358
26,1,22,1,0.0,-480317.6710483978,-1.4401307063008764,26.266382086093596,272.23063244501714,16.70859320523699,48.39826730885961,5.8054039752735,163.28116000813105,28.285567699391436,181.06099442339178,190.34192939358252,23.626356619022246
26,1,23,1,0.0,-455586.99387529405,-2.0061247085946547,38.922774096172354,236.24751109349393,11.432387546150174,44.329079658234015,6.810794020902755,191.89444488155652,17.780855201975328,167.90561793846817,146.66924666771354,35.66643171424512
26,1,24,1,0.0,-461293.8550381071,-1.6571811585789156,58.86165621755896,276.2995975903827,15.517194244829891,42.961771621881866,4.53828779736437,120.86847458171839,25.378833567245803,182.8968264400451,143.4947021349233,34.91247866115994
26,1,25,1,0.0,-467312.30526899523,-1.7558770462795836,44.4893733829425,242.57284285279573,15.511098858292499,35.18073022506091,5.063667029811593,148.33655766405607,22.84116467229876,186.15481365660688,186.48078997750835,31.710843962237156
26,1,26,1,0.0,-472328.5803482453,-1.7544669129173711,38.46743066520754,246.5561816607662,12.412854962129657,50.0,6.468357967876321,175.26011622071002,28.762032338643877,188.78701685628195,165.16555894230558,33.952033915163206
26,1,27,1,0.0,-362776.0934577663,-2.4343519099830484,36.63819681659252,236.28309996156486,15.384993320403836,19.10091524486053,7.177626954988749,139.27279373953863,31.22229604309072,177.30006905807645,109.67046383832371,30.094535921014195
26,1,28,1,0.0,-478606.6003337466,-1.3349815923130317,35.234231769420695,245.66257524002273,17.2846189449917,47.61720750411024,5.63549985276485,182.95787483633535,38.84397021094076,183.9378275315439,157.07882445768436,18.71957338204275
26,1,29,1,0.0,-486873.45104960527,-1.4926592180155882,39.709909463910805,245.4261587409584,14.152836817848076,48.635419884552775,5.256065109639592,179.49638938212075,31.21023061120996,187.14021332988932,189.26524580446164,33.89638562739523
26,1,30,1,0.0,-453964.31253127306,-1.8632400445391901,23.613010234311837,240.90740718782462,13.309483389628449,41.01791914363351,6.357339804471067,123.78708057874294,28.103186362595633,181.81876003696658,139.68870608832276,40.0
26,1,31,1,0.0,-471453.97599431954,-1.5639287778994952,34.062045978190724,252.55500701913607,15.834088050403672,42.13150774064265,4.379855575213622,142.80611498130054,32.932013385454106,186.59368656759656,144.0836801821639,37.79819360262749
26,1,32,1,0.0,-418063.238505255,-2.510510192765829,51.76102064840655,294.5393131540876,11.406117464204318,35.778171989764935,5.572309886669475,181.24064139867633,29.073285990145763,188.1416305301453,163.81652164589602,26.661976275783434
26,1,33,1,0.0,-399435.1442074177,-2.9084389186772976,46.265853925194875,242.4881557245547,13.096939964821141,30.512568034938226,4.964927762653706,136.1381795258348,29.99068225291633,181.88931358004587,62.99983888064597,19.816027711494076
26,1,34,1,0.0,-408293.9398839271,-2.270319289724902,31.6373604169496,284.4636861939869,10.594012792586422,37.3302933314603,7.068985879454025,141.69620162295155,40.14232797339969,180.63011450527742,162.5803699310184,34.64581906787756
26,1,35,1,0.0,-469484.54341160937,-1.6634956114083093,41.944744534875,255.73696297569248,15.74107600226601,40.335410457655215,4.99331747931085,173.6030914656416,26.54393990167004,162.09471169840256,156.70586562637067,32.778501799024276
26,1,36,1,0.0,-470387.7572321991,-1.6295681093371586,48.98115437665033,247.7929930793587,15.487519782065982,37.06131727629404,6.833592341375867,146.04981005704158,64.64221123595385,189.54588762443396,195.63088585297152,34.74896184973232
26,1,37,1,0.0,-453372.9166276567,-1.9166932546980184,39.97404736154797,246.1008741179111,12.631106253024269,39.659103705601474,6.672325389439496,160.91870611506377,12.745762442480093,178.83611784179857,160.9069866036237,37.641384605765964
26,1,38,1,0.0,-473050.7641719696,-1.674303994618843,32.39882795955657,248.06105981377635,14.806941874499186,39.82688789222806,5.406371414231786,162.22622840427374,21.165468679013138,170.3184231940098,186.00160201600056,34.526282456402235
26,1,39,1,0.0,-415556.7184743524,-2.1621742804312665,47.788269138636394,265.2481201110034,15.440709431888003,24.708041168255214,6.63521035421801,155.15670206909152,42.36441547257557,188.66812091859467,152.25262611726689,34.899978468406
27,0,0,1,0.0,-367598.64313716674,-3.486964455072253,53.3295625485527,335.40361401180985,8.016115941090254,49.121359561513096,4.534540419483518,119.46270133108501,38.43672520619954,184.9608736654609,122.18444195792085,10.29319570119394
27,0,1,1,0.0,-356949.0779385704,-3.8463229784105395,49.40004165361814,335.26961383578964,8.257292408874795,50.0,5.240266555991617,139.71086185452967,39.71588537008657,191.80257349681932,40.42855493384826,4.850703920264282
27,0,2,1,0.0,-372438.25975540467,-3.5767695122439744,57.09326610976474,311.973341813165,8.716482002029917,50.0,4.035896450984913,132.97069029488887,38.31413866297334,192.45597071402588,48.99869909521875,4.0
27,0,3,1,0.0,-372337.0261050589,-3.4724920456070927,63.95913039568106,328.9425581510654,8.781946751537921,50.0,4.74256021373809,117.61307378717487,36.7879292132257,190.47004261431061,132.88171646624087,4.0
27,0,4,1,0.0,-333961.1245364437,-4.284244979453286,41.450698287898554,321.71725850533846,6.604241525012277,49.793271912253665,4.91545460380796,161.51445715150442,42.733386040217,182.1189134196638,24.828924101673152,4.0
27,0,5,1,0.0,-335639.52074593515,-4.154791871741083,42.1155289824298,334.1056078992387,7.437440636803766,46.74330956919162,5.944935495241557,143.68011371114517,22.603182038512145,189.95880221719403,55.5463422326687,4.0
27,0,6,1,0.0,-353960.29417565436,-3.947734865578403,45.30852868189318,336.9088192372402,8.04384021535127,49.327398331397916,4.985431721424147,170.20198636964844,42.53069454813022,180.9909235624148,27.0342205651483,4.095278430089028
27,0,7,1,0.0,-365360.1922621511,-3.7863888690042176,42.329610947530846,306.5213854607328,8.383764812842045,48.08785334882645,4.865740551829687,152.15426365826517,31.83168227670792,190.42653603975347,46.35265496029599,4.898430956003077
27,0,8,1,0.0,-337732.5914841393,-4.061915876655236,40.48431587855365,346.6372784935586,7.029832057094841,49.98947019494636,4.736871574865076,144.05765787009122,31.842064586372373,182.165542404227,75.50508649330786,5.5726542402183
27,0,9,1,0.0,-323891.2660183466,-4.3213049985108345,50.95043266658489,339.4758355962931,6.322396688935757,50.0,4.536612182748592,144.95424279627727,36.54624532079351,184.499641640173,26.593704221010046,4.0
27,0,10,1,0.0,-267728.46548091783,-4.2143731907639355,36.35853081121556,322.17266985881315,5.0,48.83383920127584,4.966363151289421,139.43969150752008,38.14483677987291,186.0943269343432,30.322329167439307,4.785302671988955
27,0,11,1,0.0,-353221.54287235206,-3.836165193482345,44.648872200950315,341.02987209448014,8.023619974251803,50.0,4.925949660428462,122.05681639020838,42.65600022566783,191.65341544723609,56.0,8.140412473138912
27,0,12,1,0.0,-358284.4661407522,-3.7578866268976547,58.72914328693698,327.9840765425233,8.40234731525318,49.79435363425101,5.162225334599672,132.64265820589685,25.120085195093672,175.85541300067064,26.890517465097272,4.200365215160072
27,0,13,1,0.0,-325305.225062285,-4.342718959768139,42.970870884060815,331.5238889881996,6.25230192779685,50.0,4.5865204673190725,154.5810295884548,43.50200206644002,191.58887692605475,31.010783302109946,4.0
27,0,14,1,0.0,-350208.38957247784,-3.9547663430536284,71.52574193033561,329.33222962669254,7.791458389636169,46.43090662207364,4.84031147505831,143.4335137374702,40.7773214668462,185.67512261559958,51.88444640248578,4.0
27,0,15,1,0.0,-345144.8297809744,-4.01674024837484,49.75302076245465,330.4473095890896,7.361281064062967,50.0,5.427088143013577,132.3155299930961,40.23536681016199,181.62019825177677,69.87126257241243,4.0
27,0,16,1,0.0,-360667.51537585206,-3.7238643836379532,44.337133408489656,324.1136051827983,8.53502154427406,50.0,6.054830613016291,143.44287088314135,24.643403589117177,184.10645023787905,25.528803333757196,8.068676283121489
27,0,17,1,0.0,-342110.53017879673,-4.120150526629871,59.36832971680904,338.9718062963804,7.144107674795744,50.0,4.68508480214808,153.9264568242378,43.38984137019228,178.10908558581673,26.133363245595667,4.0
27,0,18,1,0.0,-389581.8508221561,-2.9561761419563606,49.54804088049388,316.0917744906513,11.064712453260839,50.0,4.865511099819997,144.65809918318848,45.311323018607276,173.6887879210313,31.912369173040908,4.022608310940011
27,0,19,1,0.0,-374429.63042142516,-3.517908677486118,48.63000294865877,325.4180729565992,9.294274377569486,50.0,5.005206171084318,160.59688544019164,42.51241613060244,189.68605825234005,30.760943440956765,4.748349849752467
27,0,20,1,0.0,-314205.7554449314,-4.3628295485060855,38.272901487585706,334.40174432865984,6.003276732209823,50.0,5.0942737409985375,149.72295075430907,46.503278342930805,190.20957855232672,31.3485380409617,4.0
27,0,21,1,0.0,-277087.53585967224,-4.054680721286068,40.10133503550947,325.58539896406165,5.0,50.0,4.843519319460376,153.42532251168177,43.723612178930466,178.2590255281408,31.849383283396364,10.162530364968411
27,0,22,1,0.0,-352631.18829454127,-3.831654115582227,48.22676968340571,328.95423857927665,6.974687406047388,49.5166929269981,4.259118055291075,164.15917561663073,50.10199273658869,178.17933154339678,108.10662020211116,6.926335765382109
27,0,23,1,0.0,-342254.88416072377,-4.126925933805302,46.584860192568875,316.62905318925897,6.8938866814216935,50.0,4.3781380871363185,143.2926621700947,43.53070974963451,175.57765239018812,46.15080917363324,4.1913995814476745
27,0,24,1,0.0,-371701.8329317796,-3.489142711368522,54.920252986824345,339.03065734435967,9.357074085347174,49.96252287413932,4.896245084368919,146.26210446419145,43.13796553248458,180.332109485177,55.54233388260988,4.0
27,0,25,1,0.0,-396101.64147018385,-2.984645118056076,40.85409958052726,333.84830629211206,10.480989482789001,48.08557396728065,6.62434613579448,138.22188680945501,32.402749860223885,185.93270978908808,122.5940099322811,12.500096484916481
27,0,26,1,0.0,-319418.18524360337,-4.358571979120471,52.88111116610374,338.4690334913204,6.023467747192204,50.0,4.607528252429865,153.7951450928082,41.67150972933514,192.93295657679465,20.46791091492202,4.0
27,0,27,1,0.0,-367770.75411314453,-3.63194499243952,57.19923137982943,329.5692397673558,8.901457986159713,50.0,5.260336810752809,154.96707588325683,39.81691414216646,186.49552134091482,23.13664555388027,4.0
27,0,28,1,0.0,-351355.7587131371,-4.04576861331084,47.00142572985457,310.8220170254344,7.464241362966171,50.0,4.29847956310087,138.7122805997272,41.95181509606478,188.7355683742708,20.0,4.0
27,0,29,1,0.0,-327286.8466390191,-3.88824072672563,35.43325023725821,304.2401053379359,6.504185549699123,46.392005115724814,6.542265722021219,135.48585025516468,29.381730906223137,190.32406265062227,61.93618495629917,12.331438748329115
27,0,30,1,0.0,-343214.43251395255,-4.193474842692243,58.666610921484576,339.39350053167146,6.791742133018437,50.0,3.9154051613600016,182.3904040865384,40.799122079703736,186.48620427846237,24.962469559488497,4.0
27,0,31,1,0.0,-348672.17792716756,-4.093427660531547,47.70974226753042,324.47148746439177,7.387068809273677,50.0,4.645084268177751,154.41512290118226,47.374733463624324,189.8985388428477,25.879131371955673,4.0
27,0,32,1,0.0,-314606.24976012873,-4.371231314003606,40.159258022319584,343.499440377804,6.0547376757377345,50.0,4.887945316734444,157.15617348070248,37.71390582640228,186.1319843219518,25.465270551393928,4.0
27,0,33,1,0.0,-359652.5330580022,-3.6262857879130452,37.35041352981308,337.76135763744384,8.424210149246884,50.0,5.790665608873736,152.63525717925043,52.00885270229129,162.1881407846869,124.10330248365051,4.0
27,0,34,1,0.0,-337379.405117343,-4.253245439573745,42.91427040611683,337.5254172159744,7.02991850950395,50.0,4.9915654779092105,157.15190781287595,44.36709433698515,192.63819607024186,23.349890978659264,4.0
27,0,35,1,0.0,-337627.61565911816,-4.168533264918484,43.998848744828095,318.2867475387754,6.600159847014095,50.0,4.864237837360782,155.70605100278453,42.14565462919494,177.3585299201253,24.22500459585656,10.61561839302915
27,0,36,1,0.0,-353080.3079098704,-3.9305718670196024,45.921994138196,344.3920579754458,7.996367162756725,50.0,4.8253564311328505,150.23464017012208,44.115738977895184,191.44156717777548,55.35898566253367,4.0
27,0,37,1,0.0,-358254.4908341408,-3.788670153505871,47.00479761386492,324.19769670448466,7.92385411758387,50.0,6.029974097110471,130.4164568788715,41.82529187110294,190.26192795320682,69.81331829056482,7.337926847284388
27,0,38,1,0.0,-383719.13526246446,-3.2613837984893492,47.36980465871898,335.44441815872085,10.63984778904513,45.78954417253287,5.201728096717162,146.11569733247703,48.43465105391095,183.25813976293028,75.06988371621469,8.156540472957637
27,0,39,1,0.0,-329898.89355177904,-4.306616690102879,53.68541497956841,324.08301000078364,6.382293934397374,50.0,5.761251622255019,150.6690521151861,42.153997484945805,190.9523876138824,24.17791941100955,4.012905176700963
27,1,0,1,0.0,-449793.711107494,-2.0341300786401133,44.305799767168985,290.6595306646499,12.521822658818191,48.39424876804705,6.18859033295955,123.11487377493503,27.789888443928564,179.08628201573922,178.60438876738257,25.81018755335573
27,1,1,1,0.0,-449099.0206915956,-2.135286332947667,40.94309806376828,247.41022026230877,12.5466503691895,43.11414321268289,5.266388477607787,118.6179381517126,25.177857080775798,186.28035026104007,172.03759524465977,21.90271993549579
27,1,2,1,0.0,-418628.0134750397,-2.2813572332522516,49.67511925230497,278.0659034900498,15.839733132047197,27.809412942820842,6.782242063135367,122.89734656451586,30.92158174953452,183.0130475289485,145.48272774691972,28.606000438467756
27,1,3,1,0.0,-429183.520218835,-2.271215296653062,28.3322169312851,314.46775781859503,10.95766035730034,45.14291743244145,4.781182747871839,155.55063767656546,62.075384141289135,178.29781214680048,189.7479886264819,27.49607283299367
27,1,4,1,0.0,-475771.50353160285,-1.4390553464585374,29.62319088252014,236.31902650546206,16.4487785173653,39.866670157272274,7.294035536215506,139.36986899480672,23.463514430786926,173.99035379722014,167.8712515106968,38.11813932518233
27,1,5,1,0.0,-439240.7230827121,-2.052141849600913,36.38028314457663,284.8530515580193,14.440230823137043,33.287406915559515,6.820326480162305,160.5672639263292,28.10677909479563,184.7041265157516,163.16923107801622,35.87071392877726
27,1,6,1,0.0,-25688.72345303454,0.8393628615386008,40.537898360135856,253.82213549630987,12.583499217399302,50.0,2.4281796154232516,70.95629077807365,42.49542441364086,189.7269179758963,184.41152451570227,33.583492096819
27,1,7,1,0.0,-469550.77606209274,-1.7047262221232278,66.90422948130075,281.9903131988832,14.187348975079113,44.20221096823408,5.60956558891352,170.52041085385216,65.40313653537501,201.84977195383902,179.96141452694587,34.41756282941369
27,1,8,1,0.0,-470027.74270770064,-1.714746576249374,41.37422857354878,274.500896898386,16.142955674261447,39.7596459656262,5.111944723340299,177.2875664703614,28.342159408967486,189.47969516048272,171.49802433759484,30.946189067292163
27,1,9,1,0.0,-462078.25351824384,-1.7345882252935292,37.218218990029094,256.53464622835827,15.936722403509831,42.96255169451358,5.461880972380855,150.71660207252452,39.56473607188558,174.18783509301895,157.31369054344472,19.798470145163275
27,1,10,1,0.0,-459243.9401408966,-1.981837290194351,39.08190487309906,255.91263430877768,12.385747817804111,48.6678970955426,5.474397133491753,179.20137717497914,53.25591793876049,159.91795506069266,163.099468833241,23.992032051222704
27,1,11,1,0.0,-476121.37970180734,-1.547574564737164,34.02537023983028,270.71755113226834,15.875693256549146,42.510575309101014,6.327704664580247,159.61289365141204,27.912896587483385,187.2676747564192,182.2417149324492,36.18921768223218
27,1,12,1,0.0,-470743.74663362594,-1.8016435866573288,33.27382838184443,222.00995932935334,12.917597981198151,40.56896012353647,4.7447208350779295,163.63584584639395,27.473798687549884,186.6939043418445,169.80815626291056,35.742215832161286
27,1,13,1,0.0,-478130.5824980093,-1.5820980491017989,30.53668251213062,280.6304578136537,15.62249471224998,45.73320277224146,5.42613458090992,169.11279886614636,35.3266917279944,189.6576142947443,182.94215792600238,32.32831867586373
27,1,14,1,0.0,-449855.5972824012,-1.9561016798617155,28.733541760765544,256.42481424845073,15.314103814548126,40.35877671637593,8.05380214470027,133.21430318425672,42.9101820349716,190.75481825678284,155.45781974382322,19.870059390087807
27,1,15,1,0.0,-461600.672293327,-1.6828822574352413,48.294600924585275,319.45666582201596,14.758556930979319,45.86871125297009,7.797461927819292,148.81418331231254,26.47743273004623,186.1613408189826,177.3502217803408,37.18999999396795
27,1,16,1,0.0,-482710.1944300965,-1.4664782933147522,35.82998737142584,259.198658938882,14.921624181027846,48.20042814362122,6.510401567716426,177.38145915263306,28.401378551320295,185.58209149821386,176.17462455503187,36.19197346728997
27,1,17,1,0.0,-476708.2653080997,-1.5149347696502793,39.17997282574798,251.60264960540664,15.379807310254188,46.454496051938804,6.011587672114138,165.30094065363315,27.816954910713704,188.69698029856437,157.0995427754536,32.24754926893686
27,1,18,1,0.0,-422015.93114026525,-2.3865805756473844,28.604175839871296,249.67978474448404,15.412291111743713,31.445466549615112,6.212448127677962,174.90947922792884,24.405284690287036,186.51514629835444,64.13893493661159,34.388547178183956
27,1,19,1,0.0,-460276.000525817,-1.7972915825819455,57.64669434199372,301.763582185632,15.541627854110189,39.786558024231724,5.29875177486831,183.63805602986642,34.04102080437618,178.75216732760944,155.63752890151636,35.93403214194131
27,1,20,1,0.0,-459741.34441845963,-1.900226889144449,37.086403296135586,252.42806256999341,15.104979083054658,38.95526255555636,7.040029309164485,155.96083512681645,25.134428904900943,185.5440255565931,181.87122563861243,23.031966712472194
27,1,21,1,0.0,-476631.0009124797,-1.4426849774576644,38.4864618536765,237.50302390621636,16.19378061697687,43.76640572432839,4.988402501321083,179.90695027949653,27.18766674240447,184.27945687254845,131.3577556942865,35.651362364074025
27,1,22,1,0.0,-477311.2090542264,-1.3838774767803936,34.67217760231307,250.1652710685272,16.32295647188598,49.72485119436828,5.847449415208391,161.16547207592794,46.285567699391436,182.58860903924855,154.34192939358252,23.002671360071055
27,1,23,1,0.0,-479585.9680209366,-1.7185981865260456,26.418842109829182,240.18434215218247,12.275519829259204,50.0,5.21207809490115,193.44028468495617,18.700871734596006,179.90561793846817,182.66924666771354,33.64696982083088
27,1,24,1,0.0,-468494.0081469347,-1.550349422954164,56.248209728391245,287.57589409349225,16.205558667144814,44.79986214016106,6.338287797364369,148.58422019438993,29.054183068878714,179.92851228189045,157.19560789993892,33.86784975647608
27,1,25,1,0.0,-462485.1014492484,-1.9505808139210212,39.613965132299676,242.03421149324882,14.697838396279165,34.644437746098646,5.524441632092249,182.33655766405607,26.914525981880878,186.86497698747112,191.4883784681125,26.997742346882788
27,1,26,1,0.0,-456178.9486571896,-2.037157820882059,37.4117511161335,246.85060670288163,11.026206347334064,45.09176435072428,5.983844980878693,175.37990732695917,28.12787786740328,184.34124215713842,166.2877179896035,34.90452861034783
27,1,27,1,0.0,-417155.7215612674,-2.5234243620197807,36.957424648645244,263.5442391447338,15.770772487209419,28.10091524486053,6.980883107379187,173.27279373953863,38.44047277488406,170.6455340815411,107.30806211788064,23.530277804929945
27,1,28,1,0.0,-474168.5434737726,-1.6838491522484538,37.188376214082815,242.95424871659463,14.2846189449917,45.754736672559595,5.440077892913302,154.63952139195496,45.56734232643469,182.47855927749978,182.5088623672225,25.91957338204275
27,1,29,1,0.0,-491262.59718955075,-1.348522334314798,37.50883665893522,244.15628164904314,15.188876865533905,49.356751184629104,5.2051356057881835,175.0306919441694,30.65634866578986,187.2667912289902,188.64946938763225,33.64970291104373
27,1,30,1,0.0,-441829.6784324153,-1.9072067839527274,27.571378436605457,269.50592013343714,13.705689844757853,38.453725873379206,6.230213730015136,90.8520429539881,29.28984376440309,177.21992446114717,155.8072994214375,39.80683626881033
27,1,31,1,0.0,-467421.59952953644,-1.5940896395804471,12.062045978190724,242.24832900361017,15.824528649534505,40.481258688687696,4.126387886945362,108.80611498130054,25.209062697148518,186.75449928929143,143.05885190624622,38.699666467412314
27,1,32,1,0.0,-467448.111835691,-1.7890751053287768,62.66719742618641,262.5393131540876,14.406117464204318,44.778171989764935,5.084073801815775,179.68454395945852,28.377702683246348,187.99576352803314,166.25983304406643,24.44350162422715
27,1,33,1,0.0,-382663.20669823163,-2.839887245769152,56.39915457157593,257.3970403566572,15.096690964126516,21.512568034938226,5.44102067920677,160.24858200745913,26.853667588604743,181.1765729952145,98.99983888064597,22.450040494786084
27,1,34,1,0.0,-462832.38646546495,-1.7903219869636655,36.53642866506331,270.29060684519277,13.594012792586422,46.3302933314603,5.817109022128475,175.69620162295155,35.550640565442805,169.0226882673783,145.25065507294877,36.59802274766829
27,1,35,1,0.0,-464533.0992015057,-1.8551504738326035,41.97849224706324,239.80995848763084,15.269018154875445,34.60561034647186,5.143204089494009,179.33959425916643,26.58722577750599,156.52303718383453,192.70586562637067,26.85344650331983
27,1,36,1,0.0,-441187.4153266754,-2.0107549037690746,47.940877618374,263.5964372896895,15.807614441918691,28.06131727629404,6.1661146666414535,168.19940069529693,46.64221123595385,189.25282205487073,174.06848805906267,33.484469149109245
27,1,37,1,0.0,-463384.9556393539,-1.6528473219375879,39.64469713942893,246.7285398702557,15.631106253024269,36.64733637755015,4.872325389439496,126.91870611506377,4.567570871584017,175.652826694838,160.08659437284555,39.49219741449521
27,1,38,1,0.0,-461706.8233293116,-1.7350021549571757,37.4832107818225,273.2085726847953,16.25057218038884,41.3295586386397,5.266518448856705,161.80498074754163,25.269910749553777,161.88128876337328,150.00160201600056,27.326282456402236
27,1,39,1,0.0,-443582.5907350094,-2.071572226477672,37.459596677995876,275.2909239277548,15.309387610717353,32.88952798628784,5.736300580568498,144.46885642664876,53.42359247570448,188.3216493383958,173.22347269202712,29.085764737339243
28,0,0,1,0.0,-391962.86454491236,-3.003575969946262,54.60485471317509,326.1503302184514,11.016115941090254,48.65227635215512,4.913930534469315,127.59087577823044,37.188844933685715,187.28614725498116,86.18444195792085,5.855518473181146
28,0,1,1,0.0,-323741.6268834022,-4.327934198784301,52.35181620285613,331.42233745216123,6.260751653937243,50.0,5.151653777163964,141.60346387901188,43.694287936785194,187.57701979642397,23.765850557854826,4.32044928147439
28,0,2,1,0.0,-351319.88700155757,-4.053238499009197,59.236955144346624,316.8710485313619,7.131428576200075,50.0,3.7893952820594903,142.9945018633485,41.76498292306159,191.4810374751167,41.214662093062195,4.0
28,0,3,1,0.0,-393620.73779582186,-3.056630490072406,58.921163097288385,313.8110272863554,9.78483575292393,49.70842320274932,4.962212803808888,118.79810230125005,34.4100099379508,178.47004261431061,96.88171646624087,11.2
28,0,4,1,0.0,-332459.92004251614,-4.284049905975501,45.27308597641142,325.60250684310745,6.3330119339639115,49.764476823018136,4.912958308000143,184.33248098945595,40.43604039063867,180.53760805552807,26.36408388831382,4.0
28,0,5,1,0.0,-289569.6537172453,-4.2180332187480465,45.35415303305376,336.1545305840563,5.723297833520124,46.73470341907242,6.231357186778205,152.12491275755372,40.603182038512145,187.87938233894045,48.24274288346667,4.0
28,0,6,1,0.0,-323565.99995130533,-4.331438610154283,45.334364512083596,355.3460272203308,6.5790961358402225,50.0,5.006137091302276,158.61546262281286,38.096398061843075,182.88032922825988,23.306095491413434,4.032218926571698
28,0,7,1,0.0,-338007.2076642658,-4.08284890219349,59.41554992781806,337.0051714245568,6.646932292185445,47.443279070835615,4.889235140995332,168.86170730681644,40.89934308369112,190.2040744981174,69.85315859062588,6.1219705424650135
28,0,8,1,0.0,-361923.90358836914,-3.6686013716693937,62.48431587855365,348.5973889485345,8.670985839954678,49.98714933282549,5.191393319040054,136.9240093846534,33.76162805941594,185.96302076044304,39.50508649330786,7.4255082141495095
28,0,9,1,0.0,-345894.6042807623,-4.1110284301815945,56.043132851468414,331.1071549172618,7.193696117387785,50.0,4.557091693968625,156.6019824967987,34.48749533739672,182.70356638683802,27.10818101676876,4.0
28,0,10,1,0.0,-363111.0822105456,-3.788789521700492,46.644020718345445,299.4737282941265,8.0,50.0,4.914694025846332,134.30859618798635,43.938925246021945,187.2374257669641,21.880947096872113,10.2982646898347
28,0,11,1,0.0,-340088.5586275745,-4.091006106876832,50.72145182691347,340.6612085465588,8.297684866681376,43.28789698726853,4.5906331638572935,116.97359680358328,42.424075619385995,193.20072722002195,61.12064483936021,4.0
28,0,12,1,0.0,-353936.82442686456,-3.9331786637840103,53.1956108002956,323.7534360206485,7.745220428933697,49.91565499183782,5.033379634632608,135.27577465374495,35.34648395457842,187.85541300067064,50.64228655336039,4.109602464207181
28,0,13,1,0.0,-320174.58812713274,-4.309659139848527,43.32708476397958,328.2250331957449,6.0601701459518935,50.0,4.79483718308796,156.40475714667866,43.9029411607474,179.58887692605475,28.466726252548035,4.0
28,0,14,1,0.0,-375694.48045782093,-3.5279121247089105,55.71780089025994,323.7025444901479,8.583355722333444,49.19732100754401,4.8822046707729125,149.49464930763017,41.4317867812902,181.6594515401645,87.88444640248578,7.8627598483969745
28,0,15,1,0.0,-345053.98033152067,-4.097505514843651,41.758660821064986,333.29127470405047,7.315680699916012,50.0,4.751750749995916,145.2668202244092,43.3669550175009,193.62019825177677,59.28383984683012,4.0
28,0,16,1,0.0,-375764.4790525671,-3.537871981641389,55.098466451817444,292.1136051827983,8.628838110631698,50.0,6.262309525435125,175.51850249152952,25.226634320894675,184.22493784318235,20.0,4.97458459388368
28,0,17,1,0.0,-331041.5828430965,-4.316237835871144,45.14550047424961,337.75619001035756,6.438666209850895,50.0,4.809807910099349,180.44896095804785,43.27034965677181,185.34867539306427,24.20956409121994,4.0
28,0,18,1,0.0,-358534.1625445878,-3.830214318314446,52.589675078075764,321.52257086757174,8.064712453260839,50.0,4.909410749648171,144.11091315556612,43.43279064408248,177.1274702571694,38.07812851430631,4.050598593812367
28,0,19,1,0.0,-344302.32767173473,-4.123685138067507,43.7247512685351,317.1286603515668,7.104926971699369,50.0,5.029246775039235,152.87377771558565,42.753715372822526,177.68605825234005,29.453373505529257,4.817824085902116
28,0,20,1,0.0,-324011.92148993444,-4.277743921277635,40.222800863778154,334.07313540883246,6.138976184820429,50.0,4.806317698668579,164.37268329049957,36.00405918418573,188.00386130331077,53.060430212059245,4.0
28,0,21,1,0.0,-355948.5703373897,-3.814097635494569,62.10133503550947,324.0766216474417,7.495567634237384,50.0,4.879934880671264,120.41793323405022,44.857313217131484,190.2590255281408,46.83920943211523,12.347945661133101
28,0,22,1,0.0,-324841.51026014716,-3.944034372749146,55.90301657911073,313.02001194820707,5.77747162110354,49.989786639349916,4.605809894886412,157.19159451896962,49.041450536810096,181.0303052379357,72.10662020211116,7.616274088123639
28,0,23,1,0.0,-349604.07262230024,-4.004676853343558,46.132207491411926,333.7761005327524,7.61352108902457,50.0,4.464381657960352,158.75507592574655,43.643471109816964,176.18773826936882,32.12678733335203,4.414450306214318
28,0,24,1,0.0,-380953.4757224532,-3.1594730287176986,42.22312854831711,338.10528826852686,10.856889317857902,50.0,5.041262902188929,147.56265197561024,42.982770711406715,185.69709357527665,22.629976584783563,4.0
28,0,25,1,0.0,-397520.8872056364,-2.8090261384391106,38.114854710850246,333.7389386468594,11.508182651542086,49.94243950537409,7.271912432402086,125.31973904548829,27.790317108328615,178.40582454252296,86.5940099322811,11.998842033718198
28,0,26,1,0.0,-354370.0825625252,-3.897145243489416,43.585554561281256,337.22516837559846,8.240466159260516,50.0,4.287345117447302,135.76814018035097,41.19199363475666,195.4286297722726,31.41185917162347,4.0
28,0,27,1,0.0,-369678.5741431648,-3.5839651565528126,43.42602149031525,330.858171234179,9.089848968790543,50.0,3.4603368107528087,153.17580675410062,42.15356375469858,190.39688188326048,23.15083943436397,4.0
28,0,28,1,0.0,-317681.2365075225,-4.244297983019023,45.360912755737495,326.14652307593855,5.860909361431639,50.0,4.6541280508467535,154.10086590057085,39.82239355191878,189.25707660840095,56.0,4.0
28,0,29,1,0.0,-320045.8407516684,-4.328097162727273,38.772905385095,311.1582603058642,6.3663576218396605,47.07632957399454,5.366769524254681,136.78347238351617,43.25158671457218,192.5910618350835,25.936184956299172,5.131438748329114
28,0,30,1,0.0,-340713.63392024324,-4.1925629636871,58.2479222137852,338.78077632073547,6.945058418752479,50.0,4.691531984270323,156.13422120497822,41.32090388549186,190.21061402123976,30.712289859391966,4.0
28,0,31,1,0.0,-322339.2955976282,-4.359629797705345,43.535938585419174,339.83689828911776,6.162435574702614,50.0,4.695215349671883,166.93977591382708,41.471653072055645,189.9490652711633,26.026003828232046,4.0
28,0,32,1,0.0,-321377.9413943804,-4.31962021835424,47.59534958078322,344.0560173600938,6.263847751797407,50.0,4.8642863905234215,161.32465239467282,55.71390582640228,184.030096419635,24.98972969518878,4.0
28,0,33,1,0.0,-355897.4214441316,-3.805073152114812,51.90912657739599,337.38571734180823,7.567432834284216,50.0,4.7509346840863,151.96879103979623,47.935921730658094,174.1881407846869,134.96538013436458,4.0
28,0,34,1,0.0,-331696.3005672824,-4.29859834962243,54.93259065991124,338.05421578920965,6.600308324359202,50.0,5.309808147013886,154.8350831077397,43.62827572023785,190.89493215011663,23.847365719688867,4.0
28,0,35,1,0.0,-325712.46507876896,-4.065968935747872,39.59415320792214,315.03839900617425,6.035784379185437,49.97650954878101,4.893382855729985,147.1267215636128,44.6124765997459,178.64908278136855,54.20116823394808,8.796899683945654
28,0,36,1,0.0,-344009.18643372913,-4.119532578760152,45.396593913787314,339.61507020491064,7.405434735481499,50.0,4.201650844386338,151.86068179917808,43.06865430736119,187.34094236087213,26.63861168188046,4.0
28,0,37,1,0.0,-364737.26068368263,-3.6584734926826172,46.85504296951207,316.7645384720402,8.330749718637726,50.0,6.037080695663052,122.96204643138553,43.057314508209075,189.95399515116142,105.81331829056482,4.539536289932385
28,0,38,1,0.0,-397865.9966206031,-2.633478647997846,40.74139321153237,340.9475901408533,13.63984778904513,46.39580998970803,5.437090620187805,142.34312681154523,42.52148873609729,171.25813976293028,66.19734898082197,4.475673466932487
28,0,39,1,0.0,-322513.89392363164,-4.317938038500702,58.19527768487824,339.9358306651552,6.192041986587915,50.0,5.296706986723243,152.63158037332096,46.689730461696364,187.50044462007773,21.53860963462013,4.021759399466943
28,1,0,1,0.0,-438294.2325475944,-2.3118333907723887,51.725742986130726,322.6595306646499,12.439703907010422,48.65961358643133,5.505976854431804,157.11487377493503,29.674654458118525,182.95420376213906,166.9974641206252,18.61018755335573
28,1,1,1,0.0,-440025.24379836227,-2.190500773679788,40.82460729933942,224.94992598699605,12.920321254818214,34.11414321268289,3.6113903717250464,116.55947452039862,26.17179374665991,174.28035026104007,143.98166956453727,29.102719935495788
28,1,2,1,0.0,-460117.60733612895,-1.9180279389284347,27.675119252304967,260.4105400149445,15.860039395204728,36.80941294282084,5.510247574810298,156.89734656451586,42.25978650222525,191.19378825400275,171.88540016741922,25.71231029000877
28,1,3,1,0.0,-445841.3691152801,-2.1060433873327784,32.83813106627098,282.46775781859503,13.007972223453503,46.16487890149805,5.139880370265709,121.55063767656546,44.075384141289135,173.85795258556905,153.7479886264819,25.134237588128965
28,1,4,1,0.0,-452884.0894415374,-1.851082521072629,40.28935007569009,264.28474285998743,14.18181507205665,44.01330967502211,8.21244290652848,135.57426222560386,21.97698478241978,185.99035379722014,141.77104807226215,30.918139325182327
28,1,5,1,0.0,-459976.6678792362,-1.9322812216240515,36.42338744468255,256.6588681339897,13.366756738611294,42.287406915559515,5.631584322033637,161.17223107191592,29.08385067985933,178.65808100026769,164.6584509330368,30.908385239615185
28,1,6,1,0.0,-465788.8182914025,-1.7225592745977516,40.72927488601208,252.8262935825269,15.469028377386302,41.0,3.7441365979868726,104.95629077807365,29.723250810213788,190.59797484024025,174.4551166438141,26.383492096819
28,1,7,1,0.0,-483684.9348736123,-1.45866507933207,61.776064182249726,249.9903131988832,14.545572273190976,49.82528808902409,5.245415330652337,175.76904284820708,61.554330921282855,189.84977195383902,181.31187061504556,29.760242401290515
28,1,8,1,0.0,-450516.76656181004,-2.0628748848723815,41.951525306589794,289.2124853588275,14.451398752894718,36.036512345109685,5.4912837242253225,174.91974858299673,28.169932787681528,192.38071970950668,183.5673962817713,29.381742175272233
28,1,9,1,0.0,-465521.95694050763,-1.4856928053911913,38.695365488994575,282.7469749326054,18.21404157492707,44.418552242311534,6.185795850058617,184.71660207252452,36.44838317409878,182.01049069608507,121.31369054344472,24.94110933752438
28,1,10,1,0.0,-475359.9725005261,-1.5770768911865087,47.00689658156143,279.5373055894867,15.385747817804111,46.93891052109661,5.411224891191776,180.5279288200609,51.2867168814336,171.91795506069266,175.9693592233379,30.03298561261106
28,1,11,1,0.0,-471455.72263299924,-1.669216516370155,31.736722435476956,261.3297026804148,14.494832848134456,42.081998329242246,5.886408705337373,146.06366110614312,29.42280703752039,187.0615048152978,186.24052254932366,36.293342484156824
28,1,12,1,0.0,-477964.24640162155,-1.5832064859671808,34.12654378323711,244.0318291423198,15.917597981198151,39.45874980993322,4.8605412980392035,174.44957357172476,27.382360782018853,185.69045418305487,169.90480773036631,35.01994289275923
28,1,13,1,0.0,-453784.39240665006,-2.000623593735117,29.6852478597446,278.9541983299342,15.703416175689101,36.73320277224146,5.489302203110404,169.5009421081392,46.850519405876135,195.41261797374625,152.007083426414,29.2173862754977
28,1,14,1,0.0,-452039.1052133972,-1.8423457372451928,28.06917850643204,287.6434311359441,15.640758008370263,45.32678823991847,6.535924591812212,99.21430318425672,32.81710866366924,191.22403025301062,167.32704086954897,19.82547367969121
28,1,15,1,0.0,-455323.9701378651,-1.8308249513881567,53.66202875584192,300.4181393902434,12.315962593590836,50.0,5.997461927819292,114.81418331231254,26.814609586300175,188.05346318604208,179.2080756648668,35.32355425827351
28,1,16,1,0.0,-473555.90114087245,-1.595856876721504,38.18280628114945,260.6064011934076,15.932675318045094,39.20042814362122,7.901496184621019,177.53188754345115,26.098144264981862,184.75327661623592,181.17093847175295,36.48583075360553
28,1,17,1,0.0,-468197.3491167233,-1.751398316675078,36.185845614056,246.47978621299015,15.630943149672099,37.454496051938804,5.819633887774749,172.0677860090353,32.61396162699545,188.90339351587522,161.77276003638337,32.87915764955382
28,1,18,1,0.0,-404975.69877618115,-2.520248650540201,30.00806409450679,270.61837493120487,14.903925238549448,26.94856583925337,5.667755818832945,140.90947922792884,20.7495093071962,177.95360483899927,100.13893493661159,34.195256387657764
28,1,19,1,0.0,-478831.3760964691,-1.5305129568246105,44.833894949375996,269.7940408230671,15.784006482501805,42.985375715781935,5.354667040912507,173.00600811812717,30.128571896117887,182.98270046064087,181.449851345868,35.64149205034677
28,1,20,1,0.0,-476242.8853663366,-1.6099378766137795,35.60527135067845,251.45760136097795,15.354982504309541,42.44435963424879,6.714204839666696,166.6638366267691,21.93526293117547,186.54291482268823,189.12265276000642,30.231966712472193
28,1,21,1,0.0,-470090.74226333736,-1.6151918736635755,35.88155229456158,238.18982702601735,16.862087196431712,34.76640572432839,3.7369913862478583,183.23924383592887,23.504722057294323,172.65270192206938,138.13939705566094,40.0
28,1,22,1,0.0,-445292.506942298,-2.1209596378135753,34.82970308512068,282.1652710685272,13.32295647188598,41.73171492797966,6.644914836455138,154.2329389365911,37.074724013883966,186.57939611790033,149.2314205017901,30.202671360071054
28,1,23,1,0.0,-460513.6131271104,-1.9282859381854982,17.48681679746563,241.88419389828488,13.60551303236582,42.822980296629055,6.635274960687758,183.27959532994134,24.136792482926097,171.63613031348444,146.66924666771354,29.20144796857383
28,1,24,1,0.0,-462901.2278617873,-1.7817787734814112,39.11815750508543,271.4499276137497,14.546263678822186,44.916555851060046,7.420862313626271,149.18187576699407,25.74084095123114,175.22657513703706,178.80258995557386,26.667849756476084
28,1,25,1,0.0,-475187.73802266957,-1.5975799229765795,35.60842635147281,247.39967513591105,15.22646502327727,43.644437746098646,6.749449406652722,174.7059752909169,18.869116290032895,183.5298063201182,172.23637696534098,30.571889920072223
28,1,26,1,0.0,-440202.139927415,-2.0625152657349997,36.92165831350352,242.25690439075004,10.358189333104589,40.64582608168958,6.780502744760636,175.472083238821,28.98225737193086,172.34124215713842,171.3292072791145,37.31166826654769
28,1,27,1,0.0,-455873.10217946704,-1.9498552100086404,34.739026298397064,276.21981570841217,15.774194885929498,37.10091524486053,5.202818017233136,184.95185893141723,36.870125712898776,182.6455340815411,143.30806211788064,30.730277804929944
28,1,28,1,0.0,-457801.9621741676,-2.12290588161377,33.01688334399002,241.96213733228322,11.2846189449917,43.05941132119242,3.640077892913302,170.13963889088086,27.56734232643469,183.67887315603866,180.1018117723867,28.539462738033674
28,1,29,1,0.0,-477722.35292182164,-1.7303731699982232,37.14366658679042,241.50795363967742,12.188876865533905,48.57501584931373,5.419654952392831,174.2411273997226,30.334661266119348,187.4312522997529,188.3629947352188,34.406903305885464
28,1,30,1,0.0,-407201.7289586141,-2.1736835959331606,40.232351866546615,250.68901442182923,12.592664116256834,29.453725873379206,5.34521964663794,101.73164396404208,28.60575281160362,185.0452955071508,142.12086681726245,38.42977202097935
28,1,31,1,0.0,-445480.5300810251,-1.9088986555219853,10.0,253.29095211696747,16.296206332098702,31.481258688687696,5.402562942146724,95.13132332680561,32.661345822025424,186.991149808693,154.95842301624458,35.91472770017945
28,1,32,1,0.0,-460251.13101205276,-1.7907497805176327,55.338520320135984,294.5393131540876,16.489000640985434,39.781110744510755,5.513809656379611,179.29331728935935,46.37770268324635,195.13615963489877,141.4660136155732,31.64350162422715
28,1,33,1,0.0,-419174.99550109135,-2.6456855742036023,42.808401884988726,249.04074569236238,14.064983741923623,30.512568034938226,5.663549563903081,175.31101741202355,23.548748527876285,183.05521552210544,119.6258661901048,15.986240500350767
28,1,34,1,0.0,-464401.00401126116,-1.6964137815655504,38.45501241623348,238.29060684519277,15.80317797615423,38.361184572150485,4.94353094310805,141.69620162295155,31.968967628498483,181.0226882673783,139.2473806302859,33.66485424287157
28,1,35,1,0.0,-455397.86029700557,-1.9136659197081318,42.06350854409465,271.602314394953,15.310100302270724,35.65412845184095,5.25441765612057,180.6937929193463,27.484045975886907,168.52303718383453,156.70586562637067,33.94076525038194
28,1,36,1,0.0,-472247.8989628587,-1.7491160634299343,39.46884299874774,250.5534064101117,16.031021490815238,34.858062014603476,4.804319501541075,190.17687604754866,28.64221123595385,188.25105046005612,180.96408737709456,33.05452829045836
28,1,37,1,0.0,-448731.300431418,-1.826003961151964,38.255922646921995,243.63657623326844,14.992090034539423,30.244055933316723,4.8061621702281645,127.90811481174998,22.567570871584017,178.0517232600004,174.81319576770608,39.3594229913044
28,1,38,1,0.0,-472486.60409028875,-1.4880595251868278,32.43792378387423,270.34664432420203,16.486608416638294,45.70490187412648,5.218622216714854,172.57267781847705,24.870057674903826,173.88128876337328,138.22649325752352,34.526282456402235
28,1,39,1,0.0,-470014.78155131167,-1.6065239711430497,36.16001873507386,254.2278913599913,15.998610018937185,41.88952798628784,6.640357588608466,151.17894745637182,35.42359247570448,187.56374831258248,156.94712902995883,32.17610356611114
29,0,0,1,0.0,-404988.8961815617,-2.6489872277307014,50.378675049173665,327.5770109618247,12.388981646369249,49.6093813295104,4.796674848173944,150.93532326870005,37.629873375568856,186.56286988067723,50.18444195792085,9.632725202220543
29,0,1,1,0.0,-332138.69728147576,-4.047736477875098,43.69947847058306,339.0242771804814,6.439991918765667,50.0,3.351653777163964,136.51797967258446,43.91169767799854,185.55152969193213,59.765850557854826,8.625903881409972
29,0,2,1,0.0,-369039.1109259158,-3.546014149250359,42.44288954866402,332.9350254092318,9.319007228483805,50.0,5.4110313585113365,150.6527169855749,53.234967315619926,188.3255641477418,42.66957121580168,4.0
29,0,3,1,0.0,-356214.3738298637,-3.834015669830272,45.56057159800193,311.3211226090111,8.570435486777317,43.725968510036424,4.90082365035692,119.23694690345395,35.31679133718248,181.82971684337832,60.881716466240874,7.738196764404963
29,0,4,1,0.0,-342595.40201581625,-4.1633624811222605,42.808454668886604,325.36082526511615,7.2698079662917525,49.19954578812652,4.91275675316631,157.9230648276596,42.76374091505392,180.98463544300049,21.62978735271547,4.0
29,0,5,1,0.0,-353191.2037016819,-3.7652291723407454,65.95448294860935,338.33344451979804,8.723297833520125,47.47618437117099,5.950498938798397,118.12491275755372,27.20488301649043,188.87565230224172,37.96859430859493,4.0
29,0,6,1,0.0,-331606.3936423826,-4.206442440255394,36.36609416621377,360.0,7.613077942026212,48.367460222043995,4.960965980427581,144.86514201850665,41.470682929044344,188.34472149922476,23.2010465625873,4.010551093816031
29,0,7,1,0.0,-290832.5026397548,-4.1568737717408855,44.25321265813523,305.0051714245568,5.339187879428662,48.3475012261903,4.931987014998288,144.2539407501913,40.97960849939096,189.84144697662555,33.85315859062588,6.735890096907777
29,0,8,1,0.0,-387644.19810933486,-3.0176518935785337,57.57624818457033,340.2910441438832,10.906248011419443,49.987132987100026,5.474059976829692,124.74323447729967,30.79628087522048,188.95697962973043,60.64024900624926,8.28886506490722
29,0,9,1,0.0,-346078.9465509001,-4.0963343234951894,42.76435470547292,328.6873952919943,7.331428286173329,50.0,3.985162395643716,152.4118853976547,38.43303155175292,182.59741898990373,30.251580285525,4.0
29,0,10,1,0.0,-391710.4348420891,-3.0126569344393945,52.60001491583097,314.7623852533094,11.0,47.90349751113873,4.889811373872568,129.12771963510664,42.28444170014348,185.28107892401647,53.25561142007177,8.543949442598269
29,0,11,1,0.0,-348552.72959755635,-3.9575087865756675,44.32221702520047,341.53017573148543,8.021193242971801,48.22726324118281,5.771447775829437,150.9735968035833,57.361433310346165,190.15776598108127,39.17945290444876,7.2001490552650615
29,0,12,1,0.0,-388479.377521951,-3.0679131014586827,53.71902026858983,323.73732161417985,10.745220428933697,49.97078351023222,4.9808110339635645,154.70073778135927,35.583539320699686,185.6305658683427,40.55957515230203,4.083604340895528
29,0,13,1,0.0,-325960.010430604,-4.282598269007313,42.466654071513034,332.35288705009543,6.432131305526947,50.0,4.701449936612966,157.89996068581408,43.51525357334732,169.8497564059437,24.147935639086576,4.0
29,0,14,1,0.0,-362789.8921462225,-3.6584627418486857,45.553149863663336,328.50970458357847,7.840732078722665,47.671520118481084,4.855253698182305,145.12380960853892,42.748086999966205,185.2438621542157,123.88444640248578,8.084303531835552
29,0,15,1,0.0,-292085.7294068996,-4.207255044109071,41.86168530361721,334.538733353492,5.404755877277228,50.0,5.216331722000316,144.4652793597478,40.52418887238872,193.18246012056846,63.28705015744102,4.0
29,0,16,1,0.0,-374050.81983732467,-3.556079922968878,54.10864493802941,324.1136051827983,8.907682546888926,50.0,4.684587889065497,161.35035476722686,39.92625499148045,181.69568029928195,56.0,4.147091537556658
29,0,17,1,0.0,-300569.6918131561,-4.351132031427615,41.951553394857044,338.87869477736507,5.63900407611007,50.0,4.425800191942122,150.22215849722414,43.65962465112411,190.27157024296136,25.42218648814972,4.0
29,0,18,1,0.0,-354318.739854711,-3.852354114366782,46.16993584337407,333.29601844843256,8.16129731065904,50.0,4.890030897224349,142.6849346925111,39.346731358429686,173.1005688726609,38.98013688132821,4.071994508413728
29,0,19,1,0.0,-352434.764009959,-3.890613713564929,42.51088887381759,323.41334794376894,7.928948363798517,50.0,5.207435673832177,146.71196981609197,37.778832129449555,165.68605825234005,37.4140931175629,4.0
29,0,20,1,0.0,-350198.711108056,-3.974858535282187,44.256084425399685,321.7726806995267,7.485292116518232,50.0,4.14349411259885,130.37268329049957,40.55923426250609,181.5521151354126,65.45108512507925,4.0
29,0,21,1,0.0,-351687.7225286455,-3.969359892248287,68.2219136679344,328.3635665292835,7.3442872382617725,50.0,4.862489385029355,138.51861479205,42.0181151435728,193.175763385539,44.944339568235634,5.48186455557295
29,0,22,1,0.0,-329945.9322945593,-3.6262704187073793,48.95441539744677,324.2251177775096,6.124815230672754,48.117147574765454,4.616970299204454,152.56010072483517,40.54005563001706,183.8057815383307,108.10662020211116,11.240919135641843
29,0,23,1,0.0,-352390.93722802016,-3.9621256391547424,44.51349028819464,334.028258600805,7.5603781627070905,50.0,3.4314079234382886,162.76786196089196,43.47125530959868,178.09625754501226,45.32017448691704,4.260109830657673
29,0,24,1,0.0,-346815.7476445332,-4.052811978784919,35.4676896152568,337.6454440537342,7.8568893178579025,50.0,4.973345313349255,151.73470481524052,43.42922367009633,191.5118683205467,20.0,4.0
29,0,25,1,0.0,-383014.0770744726,-3.0690254895319957,38.57165031616926,335.01637432003446,11.291567328301609,47.909460158300334,5.471912432402086,103.34446033791987,45.790317108328615,190.40582454252296,50.5940099322811,10.367054090844242
29,0,26,1,0.0,-350639.499509146,-3.948123184656132,37.47149395837481,336.75931691952917,8.12632570757806,50.0,4.883877753272318,135.4657956511794,42.408227224122925,194.27524545908747,36.38103592089588,4.0
29,0,27,1,0.0,-350418.9473411195,-3.976462107182355,42.90380067029386,339.66616817666187,7.99980152712723,50.0,4.406219163715756,145.00204630646553,42.09017182670836,189.00525964809373,24.66395297693659,4.0
29,0,28,1,0.0,-321267.5686081688,-4.186912926085097,41.407725418694795,337.23778065168614,6.164081732009411,50.0,4.7788816702752355,137.50575142738614,36.50216982778178,188.9828890826366,88.6868545498732,4.0
29,0,29,1,0.0,-367728.7431241019,-3.5777075100328584,43.036175047233414,301.3656685767561,8.412326598943327,48.05313546788305,4.806241011122976,102.78347238351617,31.87880049446069,189.5202214661704,61.93618495629917,12.331438748329115
29,0,30,1,0.0,-360279.785052451,-3.8645805202355614,52.651037024107254,337.997787587226,8.234832850033868,50.0,4.974994364117482,171.33458153710365,40.40199798029333,190.09998117513072,26.98276270844568,4.0
29,0,31,1,0.0,-326861.4317701159,-4.347863575629541,42.42385732519319,323.321339565751,6.216481034029625,50.0,4.862430705333005,160.45058257466218,43.036821976954194,190.0390603943671,24.375115294134165,4.0
29,0,32,1,0.0,-317103.4659535409,-4.333227827979289,47.40685426606211,341.58067792949197,6.104716022235886,50.0,4.88150852134436,153.22316097791222,48.931063844647966,182.06401921279428,24.295860446660495,4.0
29,0,33,1,0.0,-344900.22170994343,-4.037130387549489,56.76846669307185,337.9876308558835,6.8800242847983615,50.0,4.493948874494836,152.80456422584123,42.41309545198453,186.1881407846869,98.96538013436458,4.0
29,0,34,1,0.0,-327621.64946171944,-4.309454529189634,57.70077149723832,335.78153282699344,6.368873732502082,50.0,5.217139429330512,149.2592726154974,43.37469555576251,189.75812660844127,23.88263654385365,4.0
29,0,35,1,0.0,-333656.3338017026,-4.233454486471311,41.899089811479264,311.959511803699,6.30881598277949,49.969091626135246,4.4112612580709225,153.20975029014085,35.06840066433146,184.5747711013854,48.80169040287399,4.0
29,0,36,1,0.0,-338735.11343843455,-4.175401609565028,40.90364932130984,323.19711592032155,6.673012672626443,50.0,3.9458300728627944,149.98137021043007,44.81069458849252,186.17471938200674,62.63861168188046,4.0
29,0,37,1,0.0,-356865.26032085286,-3.8865917578085605,44.91836942408898,315.20092803298854,7.735146534567136,50.0,6.684716557230803,152.53560249460656,42.14481555506833,189.32450389908468,69.81331829056482,4.276172409924729
29,0,38,1,0.0,-383655.12496329745,-3.128844672547936,45.449613935420096,340.3649281420382,10.63984778904513,49.7380884568338,5.394848415970243,136.96476697356007,47.48152855826306,177.32898877294517,42.63042885869879,11.675673466932487
29,0,39,1,0.0,-324107.62096731784,-4.331631413253757,48.814474643984454,323.9542307307478,6.119260873196654,50.0,5.447963345885267,157.54290909208314,45.57162439481412,187.98371558092873,22.419475591400804,4.012974703953609
29,1,0,1,0.0,-424391.78442178434,-2.3655517959194725,53.25712234892718,336.9157385644098,11.775964263094313,48.92097369164547,7.305976854431804,136.300270146429,28.857413238260097,187.4647246358757,138.2562689090153,25.81018755335573
29,1,1,1,0.0,-441174.1461679094,-2.1298038277752425,39.3270154139805,256.94992598699605,13.844949201295258,38.135470524672435,3.9697919959548917,150.55947452039862,27.59979254571786,167.00200777457616,107.98166956453727,33.92487454764492
29,1,2,1,0.0,-445904.8646302498,-2.110094450453943,43.26227906808067,292.4105400149445,15.864933477685707,34.35237900016678,7.3102475748102975,169.5460434368466,41.02163182439672,179.19378825400275,196.72410106395236,21.716920453912014
29,1,3,1,0.0,-450106.79985538236,-1.834291815626576,32.810777972746045,263.849982715344,15.517674920308048,44.20939628005849,4.780964119206162,110.15601941091424,26.075384141289135,169.18153827116404,137.45113503582252,17.934237588128966
29,1,4,1,0.0,-447177.6873859705,-2.029743008665861,18.289350075690088,259.14185462522437,15.345026501219376,35.01330967502211,6.956108936902325,155.326619833907,21.205316737497988,184.76965550004837,145.67705308903308,30.600334679270123
29,1,5,1,0.0,-472920.29170318897,-1.6449841553990636,37.988579960699376,252.970082110718,13.894797873211768,48.95589871951258,5.336714870697525,136.63446998661104,28.698184139314684,179.5498756373872,172.74368892265005,29.753073244367734
29,1,6,1,0.0,-458780.19523052237,-1.829067510889948,39.75277873160602,241.98490620139174,12.469028377386302,45.557317647370624,5.2796366615405095,71.57521010472378,30.123472389240618,186.4528973066396,181.63689968573104,31.470899856124227
29,1,7,1,0.0,-469218.7402898748,-1.7525616378162647,51.732177330955096,281.9903131988832,13.179897281167808,48.77234054164111,7.045415330652337,165.862450114083,43.554330921282855,194.07444755364048,185.2317652461967,32.739198160101274
29,1,8,1,0.0,-394206.6766626366,-2.4895217306565045,42.380393943658184,258.59587585431615,12.050147457971264,27.036512345109685,5.412273833155283,170.92600019998312,28.172153690292916,191.1050400791359,161.60269009220823,26.188981775080446
29,1,9,1,0.0,-443652.5696952029,-1.8904882036179815,39.6311910565703,250.74697493260538,16.863041659025335,35.418552242311534,6.496033483376283,150.71660207252452,34.66872829941389,186.85915451891773,90.39317545805973,32.141109337524384
29,1,10,1,0.0,-479904.3383392589,-1.4295027042886026,43.90026861316853,271.9910391637618,16.87815292864208,44.85879163088721,7.211224891191776,177.64392259216748,49.02562328768305,180.54027418736916,178.96295162917423,31.086030043490894
29,1,11,1,0.0,-483539.50353306247,-1.4924640114408927,22.56346174477931,271.51176941771917,14.890153459045735,49.090557542733066,5.547338573000416,164.27438713602442,29.11032429590832,193.99907986275727,188.33669770826899,35.72036874862598
29,1,12,1,0.0,-467522.52489284234,-1.8273395707730185,33.89527213258009,241.4181375626658,12.917597981198151,45.2939373808199,4.8304725999445575,173.64108841724342,27.481534697604108,186.10639001453396,146.0449040788061,35.655079586105785
29,1,13,1,0.0,-455430.5143279359,-1.928467950857566,25.77658634294805,294.3666656827077,15.944430234252525,38.74333018675446,5.774383482511031,171.58930959373092,28.850519405876135,192.7545969745612,151.1590320849818,30.903009648898255
29,1,14,1,0.0,-451515.599978971,-1.8558916582803935,38.64496703186211,260.4043620561071,13.773223783460999,47.87265908077899,8.335924591812212,122.74436947764448,27.197137699426413,195.9806015064181,131.32704086954897,27.02547367969121
29,1,15,1,0.0,-446847.48190654215,-2.0023201403415762,33.39066843728419,305.9567247435948,11.963704897001227,50.0,6.836879292306293,145.20863973250437,44.81460958630018,183.90135289799437,155.84021866856668,35.810776305344945
29,1,16,1,0.0,-472057.8060273964,-1.7070367445379668,39.202472477285305,252.1488658609377,14.686591997906788,38.34924382573327,6.101496184621019,178.69735895454752,27.260261985640064,186.51874701307472,186.79176763034184,36.471426682686946
29,1,17,1,0.0,-483581.5535869906,-1.5005194413331575,37.078892318088556,247.841549987433,15.654516113292932,42.633435844300905,5.7186400923762,163.28075071812637,29.46070730225195,187.13758569118747,197.77276003638337,32.50447358040871
29,1,18,1,0.0,-447684.2935422578,-1.963391211010054,27.992162206113694,257.41005613335335,15.137056242585265,35.94856583925337,5.34289910603507,128.94843746003534,29.61766591282993,175.00887188134297,136.13893493661158,34.40168899576128
29,1,19,1,0.0,-468992.57926294213,-1.6004443730057016,43.2778368845379,285.0101871403806,15.885355348693992,44.46396987594586,5.443441180450141,164.82001835276003,30.29529316680765,190.64297957063678,145.449851345868,37.319727439474114
29,1,20,1,0.0,-461552.43533400836,-1.7588395864167465,37.351894966404465,247.2716940761937,15.453820975020983,36.28287895430508,5.86051727086945,155.27716240533826,22.4519634081958,174.54291482268823,153.12265276000642,37.068115231665196
29,1,21,1,0.0,-473346.2776448242,-1.6012854929706866,33.01123537449149,242.5612399689111,16.00040960426252,35.07008407347728,3.1526432327381313,149.5549344342383,25.78259715355291,172.35344293020657,174.13939705566094,40.0
29,1,22,1,0.0,-455246.4255523854,-1.9092998137421635,26.662951447471535,267.1757768122832,14.0903889514483,47.427191085267125,6.8120956482183175,149.81083114275376,51.072902839631745,187.99262531073532,140.14573051536254,23.58633456597996
29,1,23,1,0.0,-471317.6571712066,-1.6470298311350344,29.609200372934012,239.84153915634624,14.45992180149561,44.64256651493993,8.140012336330384,178.99516119330528,26.601579655167942,166.35634202476805,165.86855086491482,30.379864090381123
29,1,24,1,0.0,-464113.0131858382,-1.8459028528624544,44.950595941242554,239.4499276137497,14.212736191778307,42.872136850149616,5.722725436004486,142.97337514195652,25.90453722528083,182.30291570355786,191.38098179857042,19.51521712654013
29,1,25,1,0.0,-455948.55966456677,-1.832559743475212,37.57836851354916,241.27323600523914,14.717332483563736,34.644437746098646,6.336785196645344,140.7059752909169,19.896787790193088,182.939215097318,163.40217317545415,36.83683912160568
29,1,26,1,0.0,-448493.7430705776,-1.9804745893278488,35.42469813030547,243.8039409273777,12.007910401386923,37.197648455237285,6.81461966045215,175.60553021186243,37.40179222256213,172.929037828872,180.80188313250537,35.859076506262134
29,1,27,1,0.0,-451821.1671870976,-1.9797869398181114,36.1641697759276,244.21981570841217,15.534004313215933,33.63050540573912,4.6839915657255045,151.01786547379965,45.146563701253484,192.85397845166986,131.1369271098892,33.45671835403313
29,1,28,1,0.0,-451735.0004485115,-2.230383376182249,32.249440237333054,242.77803609436964,11.107466943889243,43.1295476688801,4.0077846504737185,178.7292151418524,23.830120212777402,178.7487492870679,161.64413483883408,28.073749037303045
29,1,29,1,0.0,-491362.2979605305,-1.357003103386082,38.51336014870942,241.15895750095672,14.750816633817733,48.41787607022699,5.304990116711968,177.1813974257658,30.760598706876525,187.2303149813694,188.77056207351526,37.89092957754067
29,1,30,1,0.0,-457282.14147883194,-1.8513030257386505,38.65301733063279,232.85764500146325,13.830191569662741,38.453725873379206,6.579114971296157,135.73164396404206,28.31173722908196,189.08321499979198,148.6729109085347,36.10579464807947
29,1,31,1,0.0,-429685.58134518017,-2.141340587207829,32.0,250.05022182193528,16.083934549581787,27.42521639914655,4.563241343834986,122.68606048251928,34.86080496678462,187.42315100474164,118.95842301624458,38.59548586323838
29,1,32,1,0.0,-462066.8907402975,-1.846761749740657,57.829011989853775,262.5393131540876,13.489000640985434,37.91743220737237,5.489641829441285,179.2399224668107,42.64782639242378,195.03593829689098,177.4660136155732,37.9924319727659
29,1,33,1,0.0,-421555.265254554,-2.5020758190278283,44.83278694882253,249.22141548222183,12.64397228644752,31.800958061120404,5.1650922148690395,145.4849675708293,24.479146044549633,183.65405966894988,155.6258661901048,23.186240500350767
29,1,34,1,0.0,-417162.74881719286,-2.056304695151965,29.935873252366985,249.41701007813566,12.80317797615423,29.698978857509445,6.74353094310805,125.5049171638586,34.071827330119994,182.4437962121923,175.2473806302859,35.46065749918429
29,1,35,1,0.0,-454986.93602859793,-1.9156333244246382,39.22095503305629,249.33221084925623,15.361408012174511,36.95852052518243,4.906911968919113,176.45043727336548,28.24190705761505,177.50570699554098,121.17919132391224,32.99249663563373
29,1,36,1,0.0,-481989.8650222347,-1.4835513309217985,41.55315676453759,241.62814839861466,15.824192256483034,40.42132637729955,4.883793487188156,160.84123819270707,24.370395926623207,187.68672922513684,181.85414667130715,36.94493173140265
29,1,37,1,0.0,-454873.0675363385,-1.8064381536137484,40.60915621746258,249.3654814198196,14.617241613167243,35.818789295681626,6.606162170228164,129.99354231742922,28.336275482643817,186.93369312377075,159.90841792408298,39.242456794147515
29,1,38,1,0.0,-479426.3942826189,-1.4738533576474584,34.147100596214344,264.1359221906818,15.238693754025128,47.97734734903046,5.610492868780226,156.95316665757719,21.88061883503824,178.54853501704014,172.89712868280563,34.85704346660192
29,1,39,1,0.0,-53493.24124514976,0.6903507522170121,55.719437347953225,239.79094525394623,16.21524430014609,35.4512559929366,8.440357588608466,161.74452207853952,33.021564737012284,180.52218297426452,129.79275263628497,31.100645390541906
30,0,0,1,0.0,-388793.023326313,-3.198599655071076,48.02795955017817,337.4729937643107,9.388981646369249,50.0,4.619909956660041,151.98065235781132,47.18289960626355,183.75033829925246,86.18444195792085,14.528473751761661
30,0,1,1,0.0,-42134.154669349795,0.5629499510521833,42.61633649111897,339.005650563527,8.253810239760261,50.0,2.8809863969548366,127.82167237041666,43.13943168681533,190.7661630538941,80.28751236354506,12.973838316119645
30,0,2,1,0.0,-390253.58956854034,-2.9509688657870834,36.25111184514339,330.5067199412482,11.505920137471787,50.0,4.326792185344737,151.07768662286477,47.94509033109113,188.6241491577645,32.5511136673509,4.0
30,0,3,1,0.0,-252379.12790388046,-3.62061156174726,67.56057159800193,340.2464696688934,5.570435486777317,38.92704972379898,4.734239565636601,133.7426566142367,36.88953245462256,191.76037222935182,96.88171646624087,7.267642230860002
30,0,4,1,0.0,-348072.5333802139,-4.07433324551591,41.52081161217279,327.97310130427775,7.739187584184269,49.36059515141921,4.916237046618326,148.3354617278321,42.75929462052071,192.46259239228058,20.0,4.0
30,0,5,1,0.0,-384951.02801012265,-2.9135206145606602,73.06583031708819,336.9305582612875,11.723297833520125,46.929117218649374,4.980218426570936,117.33745692718227,34.89381443620905,189.72404217214023,60.153958366311635,4.0
30,0,6,1,0.0,-340231.0599071604,-4.169851185031316,39.93798095843636,336.11132843077166,7.529000278653294,48.399599031553116,4.9666743346746545,148.59062179227124,44.39906052737598,188.5814432562612,26.498643728461573,4.048727630937099
30,0,7,1,0.0,-370312.54040719557,-3.6609530070200367,51.114468902209325,291.8613852766774,8.339187879428662,50.0,4.9538298712814965,136.39446735552056,43.67469034264004,189.0640670073627,20.0,8.121227971134932
30,0,8,1,0.0,-368965.0415114245,-3.427325485454434,44.92944602583063,335.46214328188177,9.788693539205763,49.992301469437656,5.433652679236817,134.92198402539142,19.59834005120412,183.61326631641708,26.581267854327905,4.0
30,0,9,1,0.0,-349276.8719249556,-3.983805780554865,35.83035828322398,333.47976861360996,7.903574399256405,50.0,4.634327653932347,148.62285053588408,44.952244005986444,183.16255424544713,30.472418440414515,4.0
30,0,10,1,0.0,-354148.5485973024,-3.837102919492986,54.44252992751146,344.4765697756151,8.0,46.48280396614987,4.9076490967639606,154.020824919219,34.16942584762215,187.19451470027684,41.61754239470443,15.743949442598268
30,0,11,1,0.0,-378820.7217307408,-3.2871882093692055,40.44493467296011,341.6271808560233,10.738820889630535,46.924207076469465,5.3850171457900355,138.1870976930103,39.361433310346165,187.5519249384688,66.30583523015275,6.202325601718618
30,0,12,1,0.0,-363928.87531439867,-3.7394351864970345,44.07772267239536,306.5746163089627,8.435915974449642,49.676446685046834,4.938447232129482,145.45686939632301,35.44737337525816,179.35982086799623,20.0,4.092059969969821
30,0,13,1,0.0,-317161.47655422747,-4.293386723104235,41.74128905897406,329.26770065246143,5.986297464038489,50.0,4.722759543559452,159.69137815085944,43.66185759822657,174.09408804940642,28.362542113005357,4.0
30,0,14,1,0.0,-316899.8015069927,-4.119840465848012,45.89422927031788,322.08892922108754,6.4245058239243,45.27501964191691,4.827223966803768,140.0458438664796,44.03925105872697,184.32101160411688,87.88444640248578,4.0
30,0,15,1,0.0,-327799.1839410187,-4.284566570331291,53.26876770553119,337.28846328156976,6.53128547877653,50.0,5.315283825898481,145.46710208422104,41.42366985611614,181.18246012056846,27.287050157441023,4.0
30,0,16,1,0.0,-363612.8861002093,-3.6811318526902057,44.62458308022375,304.54773246095436,7.05187494476861,50.0,4.668471615099361,157.81803634822407,47.972494948023815,181.10135817938388,92.0,11.040994729142813
30,0,17,1,0.0,-329128.330739701,-4.310352857159412,47.34112116146596,339.494880247063,6.523388107777501,50.0,3.9964683718453524,148.48653017834025,43.53919912821589,188.5654403629022,27.223146412718744,4.0
30,0,18,1,0.0,-361422.30054481234,-3.6454710401298436,39.65755393006336,332.6539306038621,8.895321029663544,50.0,4.804450351285686,141.03952443928517,38.67444349962047,166.2831133976258,38.888117968118586,4.0
30,0,19,1,0.0,-337829.4504374988,-4.122015192332131,49.078665822945105,332.42929365038714,7.0641642517368535,50.0,5.371776357209908,151.05218636986396,43.72212078845295,166.3787162685998,34.69854880153898,4.0
30,0,20,1,0.0,-320492.2397907833,-4.233262529735865,45.396616597611924,330.5504002032732,6.12102658009249,50.0,4.778804351027086,131.40878357944456,45.345785024235425,188.028819500249,65.97050403685033,4.0
30,0,21,1,0.0,-333872.9642946058,-4.189668811965126,46.62761019757724,334.03834690810805,6.54892471791724,50.0,4.896248526071326,158.2027389739025,40.06311161348915,181.175763385539,63.86819667174602,4.0
30,0,22,1,0.0,-360518.31863816775,-3.7550766878707447,48.0410855530153,324.5714292465954,7.68957343465433,47.89256938093441,4.59783765008314,159.10520396169696,37.18999231292257,174.25777310982346,72.10662020211116,10.470052451177807
30,0,23,1,0.0,-307054.28382792126,-4.194967882349849,42.45715077022208,331.7548027438057,5.71438894872806,50.0,4.531301021326454,151.76407243351818,43.37052051909537,176.67452384954052,55.41361859765366,4.1476051022978
30,0,24,1,0.0,-313251.0329181717,-4.364942012439158,42.98123311434437,337.84381608989906,5.9838462323591965,50.0,4.9244975936791455,152.3574422061661,43.267846311117104,183.28728472156033,20.0,4.0
30,0,25,1,0.0,-351000.5032707,-3.9159631265555155,43.96869500176474,339.2107078601087,8.291567328301609,47.53295338595882,5.330267874189447,137.34446033791988,45.52900475900526,189.33820213041693,33.9604462503702,9.19339721541863
30,0,26,1,0.0,-317314.7180365521,-4.34813253472684,44.03621503384822,338.8721008083017,6.113389763667345,50.0,4.8555648824557425,142.70215540030011,43.041185098807716,191.24304833681603,35.12876840509925,4.0
30,0,27,1,0.0,-329579.5585986237,-4.273324485885042,62.07905943545667,335.9269378014897,6.410854831237245,50.0,3.8675823411654697,137.0124760419547,36.187752333300786,187.9553743987675,21.26875421767275,4.0
30,0,28,1,0.0,-352531.5078394371,-3.9854622862726905,43.50168069933566,314.28241482866133,7.527878657085737,50.0,4.647028263563381,137.7074340910252,43.53836915728956,186.36187528675842,52.6868545498732,4.0
30,0,29,1,0.0,-373014.0973252101,-3.4439164605124484,44.439086765576945,297.2397253271593,7.923890942407994,50.0,6.589122387871375,118.21101739527643,38.60847375963173,188.79928358178702,97.93618495629917,12.410361265856647
30,0,30,1,0.0,-352028.2064099339,-3.9798302926240634,40.89901837180821,337.71975040723044,8.002817913524467,50.0,5.120022063646477,161.0088395024246,41.10168990822001,189.58547276533645,24.782572853912782,4.0
30,0,31,1,0.0,-328255.76608875056,-4.328116600284114,43.29741836264305,317.09362803736644,6.2386270223739135,50.0,4.65925786756042,154.34646088124424,53.21915331522739,190.21423014373258,23.48043231145466,4.0
30,0,32,1,0.0,-333793.9201183901,-4.252021321134474,45.041553971696004,336.15327567463095,6.877673898003894,50.0,4.9158750929471475,150.03630270255715,42.776129836708854,181.58567539747827,25.265269998110682,4.0
30,0,33,1,0.0,-364680.77764495334,-3.661984519594745,56.29714549447359,338.41982891650594,8.6253916896846,50.0,5.0776061361416955,152.96053738503443,54.76330788388168,181.26504733276965,62.96538013436458,4.0
30,0,34,1,0.0,-326221.88102608087,-4.284650869965898,66.43283988823732,336.9726158524714,6.175271951954579,50.0,5.140776591674301,152.25619232261656,43.50054544828567,192.58910413487538,22.797933761289347,4.0
30,0,35,1,0.0,-346845.34646391525,-4.088577838690388,42.78364919381971,318.0244602618127,7.037823642529847,49.96518846043957,4.612931925592424,161.9763564392166,34.546083077703315,176.44638532376095,32.887300710990225,7.137883418378173
30,0,36,1,0.0,-346544.3229100605,-4.098806194046678,45.29235405466031,326.1400990095592,7.184441018037932,50.0,4.399895347338501,145.57526685805954,44.384014222310896,192.56670686142013,56.80586703418819,4.0
30,0,37,1,0.0,-344087.45154413406,-4.0666178045405665,42.93091650199058,316.99853529485216,7.028244333248186,50.0,6.44792825623625,145.60293772493864,39.39996550019916,189.30295456073003,37.60235940817067,9.496328228831205
30,0,38,1,0.0,-413520.963375613,-2.4406222369428905,49.90040451934678,337.2090339320393,13.188481341474752,50.0,4.74118331397853,143.67915806924938,50.80959465698272,180.9702057512784,78.63042885869879,10.619499556647064
30,0,39,1,0.0,-335083.58812571096,-4.295078424666003,46.71547891418892,317.37428159811566,6.508527929757323,50.0,5.278632922841137,160.63530884056405,45.49235354582473,189.45138235380836,23.143940950537164,4.002284423735147
30,1,0,1,0.0,-401522.72064999584,-2.515902175827977,39.793490375614375,313.6342281648026,8.775964263094313,47.67098381284294,8.437743499860568,170.300270146429,28.06062005472134,175.4647246358757,138.82493522556027,33.01018755335573
30,1,1,1,0.0,-456179.95789028786,-1.8446903765553537,40.60652526610211,288.94992598699605,16.323219625473556,40.336323822208335,4.5463163375639635,154.8546225736886,25.696714477328666,179.00200777457616,143.98166956453727,26.72487454764492
30,1,2,1,0.0,-463737.11329153774,-1.6324458991483515,52.04195511634606,278.7990880391891,15.829169434073531,43.35237900016678,9.110247574810298,135.5460434368466,26.935309502006206,175.61874387194248,179.27539793884853,28.916920453912013
30,1,3,1,0.0,-445980.98257343646,-2.1789666606935763,39.128789006478925,293.95622044047013,12.517674920308048,45.917752619655765,4.635709385723062,144.15601941091424,25.123139094923214,181.18153827116404,164.99205197023275,25.134237588128965
30,1,4,1,0.0,-457811.66754508956,-1.8925863227752546,10.0,252.1081129536817,15.97085705935009,31.210865639092823,5.156108936902325,169.4315293855664,22.330892281369795,179.15394129270717,181.67705308903308,33.375837412779504
30,1,5,1,0.0,-458738.7733459009,-1.8627408819578044,38.77665772365852,273.4961042641694,14.021056124220722,39.95589871951258,5.5226089089169585,146.18645369597888,28.59573996074925,185.6647607529772,177.5850473678975,34.515701304097284
30,1,6,1,0.0,-463872.6247758394,-1.8422524784835181,38.22424463489101,241.9644426397003,12.735047331652998,48.26969375984569,5.359876120657792,105.57521010472378,34.636838468260535,176.67199548022563,186.36619236379002,24.270899856124228
30,1,7,1,0.0,-474413.31999269547,-1.5275908875415387,62.62703128898458,282.80231094129044,15.674827544639214,47.53368352384697,8.246148250038953,159.78577227968114,48.957148370427035,195.26770698100515,184.90390470912274,28.547690786613
30,1,8,1,0.0,-416581.68944791914,-2.5324153942602505,43.541632673187635,281.7185971113978,14.128668473641426,28.791908261295625,5.6130461761470345,173.71760271170479,28.494465019634198,186.51256630682695,150.26415893183307,24.70151711782997
30,1,9,1,0.0,-409724.3798661028,-2.5034277997715804,40.34410958121197,282.7469749326054,15.624694127570127,27.93798897258922,4.696033483376283,116.71660207252452,39.694117971405056,186.9429800672661,105.61998482443424,30.364141657740117
30,1,10,1,0.0,-466342.5548968863,-1.5801787151980067,37.72124744912083,239.9910391637618,15.529834606164552,45.30410809563893,7.675667335240439,176.93332767099614,67.02562328768305,177.531341548108,142.96295162917423,23.886030043490894
30,1,11,1,0.0,-472115.8605606869,-1.656858630529329,17.69738303808352,278.3970611717705,15.191573963605757,43.12556395697377,6.4065402635062325,159.5276446885426,28.933584089822958,194.45935934339113,181.70018326654713,36.287261592415796
30,1,12,1,0.0,-435513.37315006263,-2.4502249884749934,36.336616059922235,232.1399989385695,9.917597981198151,44.25740766928853,5.09250976690235,178.14502804435233,27.738626258899014,181.49920370489468,110.0449040788061,33.5904306110772
30,1,13,1,0.0,-478833.5668350539,-1.4266101520603762,40.44821975156138,262.3666656827077,15.964864946028428,46.37097931112492,5.6673268978796925,170.28880605735228,20.45603940373123,187.93230805751696,155.72651472884098,37.18581362268327
30,1,14,1,0.0,-450299.90282763,-1.6424730351262926,24.420365956656234,286.84382483294604,15.299285818173281,50.0,9.393802307957747,88.74436947764448,45.19713769942641,192.92723005419467,118.32115542749149,34.22547367969121
30,1,15,1,0.0,-461386.7087894299,-1.838195178514546,43.268249816607614,294.3260809969036,13.611784014714948,43.8029364143377,7.076799074971539,179.20863973250437,42.08038441011571,184.66400372199595,178.02745816398013,35.672989301109375
30,1,16,1,0.0,-484176.7959826993,-1.4658030984527146,37.05974355041442,243.04418738225309,15.626961187016786,43.2722197001525,4.301496184621019,179.063821115371,26.43931922691136,187.45295789612624,169.4094525442942,36.43030474633984
30,1,17,1,0.0,-465213.49168478744,-1.769357697522049,36.56554504880332,254.78867928044298,15.683727920294627,38.90527529277614,6.187720153837426,162.97010682666814,28.085696658157648,188.08343717556468,161.77276003638337,30.105950879196175
30,1,18,1,0.0,-462037.9311968617,-1.6643397885377582,24.787255282494527,271.80282438883035,15.382674095123319,44.94856583925337,7.1428991060350695,162.94843746003534,32.59711829799988,163.00887188134297,134.0195228211462,36.005619540211505
30,1,19,1,0.0,-464835.9854673291,-1.6650211806273414,53.43414579496179,317.0101871403806,15.605509712612918,44.39277867911467,5.557910522489154,173.85996171801173,30.92090794377266,181.59129238259138,155.36865660586074,38.51995746996176
30,1,20,1,0.0,-428916.70457043673,-2.1645797330314953,29.985565620572633,243.57860887444494,15.924769691267231,27.282878954305083,7.352891847744429,148.6683897028194,22.742215177913927,172.34970577285804,135.26593616723088,31.747143021359236
30,1,21,1,0.0,-455382.6622701745,-1.8885401148314134,24.44041151570298,236.30695245814061,14.851212533788132,34.25310689478353,4.952643232738131,141.6780259777042,25.662950567879104,178.0936479180977,146.45801817230875,37.424979590931756
30,1,22,1,0.0,-472697.2900901189,-1.4125398330281673,31.17610858580541,247.7419020835315,16.835824485619227,46.62012798550447,6.346861532373697,147.4939267525821,41.31547811286456,183.9991681150181,143.50416253167893,24.601464815429246
30,1,23,1,0.0,-478483.0608344252,-1.5898279718861394,46.86320146126243,237.948120742054,13.528761141722681,48.304788348197356,6.340012336330385,194.17788892212943,17.668408089058914,164.6002540708769,171.65940447261073,31.988450361527374
30,1,24,1,0.0,-469239.26439749775,-1.6545584559962416,52.92637555289049,258.0646850890178,14.811966382927888,46.58783035347464,5.11574590381045,160.52266414719563,25.991583129630776,178.25056794352344,155.38098179857042,26.71521712654013
30,1,25,1,0.0,-468311.80254726385,-1.676986249321851,39.552765523882925,243.57863031253288,15.295174909050754,36.47225615057921,5.46627180840798,129.32328394711266,21.77276896531004,181.4552324324647,189.40369318579963,35.09721254715513
30,1,26,1,0.0,-469715.67353112745,-1.7479266188955744,35.62410607125414,250.002889092429,14.279568011183276,40.37563549966154,7.452017970213298,177.98949050524118,28.06523881437561,184.929037828872,184.23873528682591,33.48161468558495
30,1,27,1,0.0,-408990.7979561386,-2.4230486053883915,34.684958297040325,253.21231251693928,15.633405775233513,24.63050540573912,6.483991565725504,140.8149826480039,29.29398789275454,180.85397845166986,121.85538864760196,30.07635809880115
30,1,28,1,0.0,-474601.59441841865,-1.7038361873412962,38.491642601306445,247.20723934846765,13.590510384603169,48.63542472846895,4.380397885085355,159.05579346314417,41.8301202127774,180.59968190938753,172.75949557429536,27.201070805848104
30,1,29,1,0.0,-491848.62370996445,-1.3430337346641938,38.22613527410261,245.14710674261738,14.805290968324075,48.88962846393287,5.2237372039528305,178.95314535686967,28.392823026349802,186.9723361749869,189.1874141948421,38.66220231541052
30,1,30,1,0.0,-450499.8742582933,-1.8701710872606145,36.3169420553497,256.2049719052373,13.890968194798557,43.404272361657284,6.518511623526627,144.27978449064813,28.11950318809067,178.07733294378673,112.6729109085347,38.63229771568794
30,1,31,1,0.0,-464626.7394285606,-1.7562801382352287,24.581448105864375,252.90673585358826,15.956950239437631,36.42521639914655,4.006247364113076,156.68606048251928,30.23670635299708,187.73195501863322,144.4184976907722,38.102045187215715
30,1,32,1,0.0,-61037.29527169646,0.6535376357813696,72.3189383279296,241.55958374227157,14.150763702826756,39.833415278580866,6.455307498477206,179.99393548201846,27.78347048000829,187.53786318728908,181.1216339179005,31.406450607899327
30,1,33,1,0.0,-406553.469515167,-2.8969318087900953,58.32453009043056,257.2017788471878,9.64397228644752,40.800958061120404,5.339641567792821,145.72265072613695,26.600713655019987,184.26453870093897,119.6258661901048,20.026012808326016
30,1,34,1,0.0,-460963.9067299549,-1.7730119823506219,25.219099292638553,260.75135565900143,14.499832889815304,38.698978857509445,6.149009508604469,133.21284490049553,36.19345327746837,170.4437962121923,182.75981578262167,35.93807442843976
30,1,35,1,0.0,-475101.46118694573,-1.5564025542331477,38.253048747623005,244.59334060859874,16.0907097950104,41.46836582046992,5.033465270099916,176.8504237884584,26.32305362680165,165.50570699554098,157.17919132391222,31.54979689943084
30,1,36,1,0.0,-480620.01035139925,-1.467458551732305,44.74351719601484,241.9380304889635,15.739951927674653,41.18457227281624,6.683793487188156,153.81659357442106,40.671261834688636,189.3730432556343,183.7688166289968,36.862590938917755
30,1,37,1,0.0,-459597.96842928044,-1.7473061114496897,40.90968032901222,246.57914191116348,14.262023145180382,34.9082978183732,6.854588012990147,146.91914164078628,22.913701969802286,185.55051328266092,190.62226627464673,38.178272529680896
30,1,38,1,0.0,-467676.4290841851,-1.6972766977394993,34.10145921176639,241.9873289319374,15.051736868501582,38.97734734903046,5.4141713135868175,122.95316665757719,20.73274355122718,178.80549985463455,180.26351255463518,32.55534900125398
30,1,39,1,0.0,-437714.0206600673,-2.0202772342420303,45.773901087846305,233.63401332034263,15.88393802082886,26.451255992936602,6.640357588608466,154.0216774761764,28.923773009922993,184.47277769236348,154.86272967037183,33.68689806025593
