iteration,swarm,particle,feasible,violation,annual_carbon_offset,NPV_over_CAPEX,clearance,sp,p_rated,Nwt,wind_MW_per_km2,solar_MW,surface_tilt,surface_azimuth,b_P,b_E_h
1,0,0,1,0.0,-402363.901578582,-2.6096638063438675,70.36948543200572,314.4302986195871,14.041450641074658,29.51974323486036,4.812893194050142,139.80199922133153,39.38284901364233,203.5063800469248,193.45929689018527,17.803894677727996
1,0,1,1,0.0,-12253.391059402491,0.9049562091674475,97.0897541890931,284.6231871604647,13.520668416408984,46.65184872316975,1.6393245237809824,44.81198094926192,1.8196557696293147,199.95719073287628,160.06821517097308,35.32043733688549
1,0,2,1,0.0,-40697.76052343415,0.6679633144909628,117.64801764560404,327.8653702746758,11.922190433793977,40.123812932890495,2.064469832820399,138.78657362567907,12.901795866814176,206.68013502297504,113.9326979150129,18.92782983965885
1,0,3,1,0.0,-42040.63433194304,0.6168361328248076,39.101117331508966,323.87739030947466,11.842254983248228,30.579527699089184,1.1691082039271963,134.9980345028991,55.088615045017924,187.01603981248542,189.87465413263234,28.545530767725403
1,0,4,1,0.0,-164589.75825448864,-2.306886423832351,49.54586906311646,269.9251126078946,15.464467938908973,7.7101462233171425,7.0009004390110094,144.00843783508708,18.934430496645682,157.7355778592912,76.7771031663531,17.093587753934415
1,0,5,1,0.0,-15724.996926393362,0.6984627253888361,72.72164474596676,270.17624215397126,19.825607570888394,9.592016483661263,2.8798908048535123,57.422618040449365,58.77974929188586,165.19749615238692,103.93593911413514,12.7993213120577
1,0,6,1,0.0,-21090.154689433886,0.5962409468640261,27.48665420100717,217.66002258628882,14.844943841979102,11.21823281068762,2.7692412551204812,92.6832790123639,73.88939068631416,155.82607654758368,170.8300833497847,7.45954268418267
1,0,7,1,0.0,-10283.535065385155,0.9449631240701977,117.41054115147354,274.9841922636323,19.651416322855056,32.218048388527066,7.653372214584715,36.66192468323452,25.45262663187686,157.21179367279012,73.30523555398608,8.274197882352786
1,0,8,1,0.0,-247464.5098906528,-2.0301662431453478,44.97814973333736,266.2820791223472,5.962212445231765,36.16124537165089,6.099413087859176,75.11621345970572,47.09232481200297,155.6364306455065,123.67036920011228,37.45466311274371
1,0,9,1,0.0,-274040.7410089419,-3.6504777267263173,45.0425847696456,306.7856607941891,6.976967936065883,37.23472418533545,3.60465483652481,61.14253154120986,52.78616413290749,151.20645277124962,169.20920525912535,4.169037142931694
1,0,10,1,0.0,-38227.01470926912,0.824428691995266,84.55981904758531,243.20127571074636,16.027910331838925,48.29848453028472,3.238778291679622,127.94674685103227,53.28377381446551,184.33511434745242,60.154693875311295,38.29896441461146
1,0,11,1,0.0,-306834.59692708147,-2.0293926249007614,59.18379164793901,335.42538759538047,15.492189129762565,18.384662788481016,8.324180377322296,97.40597594398739,79.29928774000454,184.8763723581515,178.7123651338735,28.931137242799572
1,0,12,1,0.0,-34696.85028711967,0.7889367410689349,89.77797078016046,280.21190110827234,19.34125452084836,33.97955896533368,4.814695437023618,133.08684640174715,1.7273878478400173,168.09448900047295,138.8312367486833,14.442793859575985
1,0,13,1,0.0,-181272.11343801062,-2.178790518608814,77.98169718987256,268.6029921513226,7.032110963336754,18.422704668021385,6.129684196311384,130.44836941218944,51.689272396462094,189.19204919142803,137.378588600304,19.531063675623063
1,0,14,1,0.0,-43035.94407019172,0.715612589388334,108.62012554361694,258.8098992076634,11.537973878984403,45.13655097570525,8.255745901414771,149.66105920186226,9.0204198581071,205.1689568246804,148.56343391884005,39.95849223644319
1,0,15,1,0.0,-46017.94991969671,0.24771438089382702,26.43931351237931,338.90016917891427,7.437394020145622,32.70018039277299,2.1143798456449736,174.16139898477985,72.65870628525096,184.1460443168756,93.29299350067994,6.490011836384969
1,0,16,1,0.0,-44772.31259962146,0.7401479464152051,86.71716504590201,272.56682922849103,15.830833992055219,43.987204666788315,9.779693545025973,175.48656820674387,1.0542675766501775,171.59868386870184,151.39830123633044,10.178668381411859
1,0,17,1,0.0,-75641.77094169875,-1.8659139799672277,67.31402668245423,208.69407813428057,7.999947873446001,5.833480750727629,8.143279330216785,68.06719697026463,31.08165126272124,205.68487760793545,146.7945923462359,5.146201463127083
1,0,18,1,0.0,-256154.04915658827,-2.6237646429241113,28.116357214770403,299.43654423996213,13.658428829062514,15.705176961852889,9.407925981323144,134.37421251420233,48.20695227224625,185.39459858127427,151.42196531301855,15.230019837265667
1,0,19,1,0.0,-371612.9519340827,-3.39165994003889,53.80431684377011,233.57499983601954,7.792895088205043,47.496757549277014,7.655957155443588,113.37799746498641,20.46731651759909,165.26138890622357,30.44524885829761,19.638998520092347
1,0,20,1,0.0,-12147.871213208335,0.736936973263411,44.297547019351285,311.4149582104735,10.666277589387214,13.082165490183566,1.222108555521981,41.43243734875226,61.14534961487106,177.2218106733627,116.58425799957,36.28016654945232
1,0,21,1,0.0,-47076.11142817139,0.5495849356639066,118.93728421363748,234.70351750375585,14.946173046501512,16.84950695317178,1.1858589951915581,158.92437115214403,28.801543574022105,173.00783365031387,125.89708043964903,33.917744388502854
1,0,22,1,0.0,-50330.67185542171,0.5834409097482063,79.18800279502636,339.62410487158326,9.103130522234537,40.91210752606537,2.6707234987535697,191.9745816852306,61.87394487490337,162.9304606268135,190.52670628800635,30.310809043725683
1,0,23,1,0.0,-30717.608568465337,0.25848619482353496,37.93358068545284,234.12991637879713,12.773010708959948,6.154822312453921,2.8672306789699844,102.19652968775607,33.6752982300803,177.81452546188865,69.97316713305175,25.124236472494076
1,0,24,1,0.0,-25861.511233170564,0.5132080718127405,105.02411665155546,218.8050969539253,12.760686607311712,10.943064785531899,7.451737130733343,97.33014947723994,50.88791806726581,160.99679017284473,46.0725966818079,21.570026103362366
1,0,25,1,0.0,-407072.0822544841,-2.1773736058555433,49.11740116349512,350.46911124045005,16.479878807104477,38.68986289327463,9.133477657713401,44.181814025143154,49.69732229301659,185.06856413734613,193.1485481385012,14.51731096453176
1,0,26,1,0.0,-307233.6468236556,-3.549158078803227,36.49116579069915,216.04703076247966,5.246444443872113,46.828819255648575,7.02924891931819,163.4759950439334,25.355709517855416,185.1846099711796,31.5119479017766,21.482593453646423
1,0,27,1,0.0,-50223.78716880663,0.6315612709669873,117.52446537188915,340.2408392506545,10.072384277552684,48.27065695436743,3.0853146382408405,191.38419981066585,84.72399342358487,197.9521552411435,133.4806286360224,35.474366798498096
1,0,28,1,0.0,-96516.1655233099,-1.2166294568249008,42.23223129585764,335.83096885006694,14.268150378762858,5.595658599150477,4.1251016613899765,55.183946361188056,88.36464508364278,178.70221842239928,109.53044578975928,27.02101059035405
1,0,29,1,0.0,-19954.23421574592,0.7482392823667224,50.544306674257925,221.90404346969584,17.331765997913685,13.543156035624108,5.601870842918104,68.13389492570568,8.806003604463065,201.731491045301,195.12550802416345,38.59004769026801
1,0,30,1,0.0,-18670.33021166595,0.31616541600168896,109.72110491432969,323.84757323178223,9.997177280429629,8.649562549459855,4.665170542724266,69.47980416906026,11.923887128218468,153.20563090720952,150.60698555790418,4.4113885105011175
1,0,31,1,0.0,-91214.79444471742,-0.6159019392038304,94.76388233530538,223.51146326406,6.192831238801336,9.032136540737241,7.04843026618523,71.71242567498362,37.84855200120886,183.44212747943502,174.8992112891829,30.17359345760782
1,0,32,1,0.0,-154360.7149064786,-2.511992638614756,39.736069576258615,221.03724788658042,5.8306148063179695,18.57193855164241,3.3590633431571044,107.54389635608155,61.49532019929124,191.73752673833144,71.03339238479,17.677370412404336
1,0,33,1,0.0,-243445.52762130846,-2.990284826526365,29.926605791059334,326.16728196904296,5.852721146498604,36.36487587762443,8.00825856346993,162.15928551428803,23.348030791081943,172.42878827595368,125.76793433535002,13.821588487280813
1,0,34,1,0.0,-109775.16416866542,-0.8902808743750019,50.79380791396776,231.52868482970234,11.897838256340112,7.007553556435134,8.198162961135562,43.082595987727565,46.695163394837344,168.40860597271177,123.95773078964758,38.539600270003305
1,0,35,1,0.0,-40172.70204823721,0.6422995255578179,81.01272689016042,205.65798972087856,11.456036592620919,27.95075835432126,5.825597452331068,145.83672680265244,24.983648795858947,157.7316339279792,90.68162177847698,38.43060602065416
1,0,36,1,0.0,-341971.1602298049,-2.2025861046202904,30.58439809259292,344.6374327885179,13.157089251159896,25.561013974059463,8.938372692069006,107.96267350065959,65.17508729503889,173.94151930218612,182.7279907221724,28.840900726884186
1,0,37,1,0.0,-17635.63769563287,0.8648713113284653,86.95842596755683,252.43526424913904,16.351679641053337,33.62274749512136,3.160182460417386,57.291599822493595,71.67523270655985,207.54999618211335,102.46498890680772,25.275429951652658
1,0,38,1,0.0,-42495.408789821464,0.7467894638168054,104.349490861291,273.1557525366171,19.278117152491042,30.90880229201926,8.386904086311834,184.50343213016552,73.3971436891712,159.56486780693734,133.20171903110605,18.343633310308377
1,0,39,1,0.0,-52238.57217318064,0.5295739460245679,16.898424722568027,267.8451603023747,8.880261003341115,43.20672387928298,1.2997416389202656,193.0270627167905,31.983196362473667,171.40241342415257,22.93913048306742,10.668363708502621
1,1,0,1,0.0,-306643.033949596,-3.844738985485288,54.13854508839696,348.6866267684342,6.49422395331907,47.53856900655858,8.825396774919689,107.2076074742838,29.403079359143405,163.9646477567434,130.6036471658374,5.190685293118202
1,1,1,1,0.0,-19123.682683215586,0.456887233156483,11.716667089151104,268.60731559971805,6.0211111096208025,16.337344471074182,2.9904482381147544,73.04250293288483,11.794970809373197,150.72217337385925,40.78717348497466,26.265289342458924
1,1,2,1,0.0,-21296.912589903775,0.5568045118567143,117.16818340998553,358.45520024974303,11.135811430595924,12.33294917209724,6.7488558162987635,113.35190891328531,89.04687995559883,153.91825242910681,160.98219889648635,14.382345903933782
1,1,3,1,0.0,-328943.0626891892,-2.9409961753283143,36.556048208423135,306.00073144522815,8.690947774864467,34.963660290163446,5.655776654820599,102.09512803409439,49.921902779527706,167.22309119517777,147.1834471291362,18.934847296008307
1,1,4,1,0.0,-170494.43305919826,-1.0066201180566943,49.66001165344815,332.5851063289181,18.87450367929788,7.0703289899283615,3.09364293546789,89.24829281373576,73.34698314332226,209.12948565859784,194.41490684066332,36.578140439797366
1,1,5,1,0.0,-101589.65781098012,-0.7248900086243968,42.62118915704329,358.72179894631586,8.741300615846768,9.76577696970045,9.558573499498547,69.68144342957638,62.07914385699754,153.50138153883532,151.52763784294572,35.74192764401823
1,1,6,1,0.0,-394021.6126355427,-2.8913506781537235,39.968058501255875,260.6491033723886,10.61444274981374,38.69547158930599,3.1402651828513495,59.21502683809931,40.43624838189643,168.26810444263918,171.05404200655744,12.558705736562995
1,1,7,1,0.0,-433213.5860869648,-2.076188361680579,65.26284032381875,350.81337595166883,14.509965466169911,44.028023245810914,9.461887204192905,157.63002652067985,62.961755420227625,208.07793399625362,198.9921421365823,20.265580576111347
1,1,8,1,0.0,-43965.94483064253,0.3887974638119916,17.79567560026292,246.847045030483,7.285320585315957,23.78688686582053,2.181603956259304,132.70002668354994,34.45272532420687,203.7231530572926,194.20304092373033,23.687856460099198
1,1,9,1,0.0,-376110.51430466486,-2.7967156821869836,40.230592685435624,294.75686700189385,18.451417373366148,23.303000562608673,5.968704490227737,76.1809704930448,40.989973450502426,174.10281212277593,64.71442371493478,22.2111898177111
1,1,10,1,0.0,-411044.0354150081,-2.5249373176274714,44.14189085777926,259.6855782209196,12.874556633813963,38.77677603180444,4.0015671921214775,187.1069903255298,77.60866921523122,152.9214177585317,65.6556543662281,20.06087845573127
1,1,11,1,0.0,-448923.93847967207,-1.8130966998738058,21.50906776167215,255.75615824535953,16.10146288426524,35.623151651427165,6.601459857094044,150.78982846279877,18.443131826373158,170.50188689188394,141.72364680994332,35.652451469127776
1,1,12,1,0.0,-29600.744435122557,0.5149859023419221,69.80458592109048,245.23194415128586,5.453528870089739,36.965157303839604,1.0709569315759633,93.35544186956923,47.74834931065036,205.32668770603158,36.10901810592202,18.613923590858214
1,1,13,1,0.0,-16115.792861714102,0.7701842006172185,12.674451968117355,254.81775749465444,14.333465882596924,17.558057670286928,2.8877495469007157,49.66954966560592,51.94262196183076,191.71620035428117,140.95228530724802,38.15899674593827
1,1,14,1,0.0,-361718.05126806715,-2.9114147017702985,10.297353528285297,303.5514646230458,14.005883556464592,31.493282448662967,9.664932878562182,32.86818447290675,62.68341876313051,198.8207189821118,111.76529539188515,16.022735305485128
1,1,15,1,0.0,-13674.200394811774,0.8316396247610509,96.99241795501455,215.55886810118795,11.630534565948878,28.39785685568772,7.245607698410928,45.45057444550961,20.498355138407486,174.61809376140752,132.19304114362353,35.93058812382703
1,1,16,1,0.0,-61577.152940459935,0.7523541615398984,78.07087850655141,221.3538353495895,19.708701991809235,44.23035806399718,5.524486850307916,186.79915690542762,48.72427143814222,205.3983640733498,169.38152634860177,38.858310770594706
1,1,17,1,0.0,-24553.180813188163,0.6319081255727713,111.17610918559743,205.7654107885711,7.6215800624140995,22.51106046955336,9.569284275658788,81.00491631090803,14.442087949884094,203.1782799651936,100.35099478697653,36.68352139675574
1,1,18,1,0.0,-114746.19866297612,-2.1808650191980745,27.625351295215758,305.77880184129594,11.603956292442376,8.441904606362844,7.268168301872505,72.05778844165613,3.5653970321565955,153.59665789497438,30.99413667202172,36.67838646946142
1,1,19,1,0.0,-58927.94035120089,0.5281613793171145,91.38723096120111,343.6899771541976,15.08873466944782,28.80229680638974,3.7400172791264046,199.6535827258745,32.59701530454504,178.23893695283456,88.08413148622311,39.26296945607651
1,1,20,1,0.0,-162436.91436184116,-2.0653929306204186,29.212422393450634,252.47808014529275,15.205229990225023,7.844342825238379,6.465244366103869,111.19990548899074,25.559997908589096,164.30479685544347,112.61229379377622,17.24539289933349
1,1,21,1,0.0,-27766.367985633096,0.6412460328419423,60.21718803889209,253.9963810822784,19.55740540393966,11.004774428552182,1.8712355786053678,88.37659389445574,53.19242107834421,189.5505883110017,91.50621449024757,39.97400778119816
1,1,22,1,0.0,-404598.2489511713,-2.4740443359705213,48.70822958123468,315.4250668735924,14.563740417961894,41.58742384613573,9.78603097108438,181.26492159574184,68.81057769219377,191.89490866909745,80.38967054166193,9.316680815441465
1,1,23,1,0.0,-384577.69551368407,-2.4593859899854356,16.889960336579072,238.70427267223758,11.484222217719479,28.48983231334921,7.957751986493845,192.9859569196208,10.558843234632992,156.42024841162748,126.14505014243913,30.834330662102545
1,1,24,1,0.0,-17176.669833008847,0.8169542290935634,103.29654183816834,349.73313283468616,19.75139363390963,22.991076150103666,4.423016651748158,55.1274750385363,61.64409948152035,189.40571750645023,175.1712672532173,7.501287812355063
1,1,25,1,0.0,-126143.84999933957,-1.2854241201615124,64.7554598607876,292.9731087475301,8.623355600598776,12.606143275812258,8.736227527776594,39.95093678004499,42.35588135262656,156.95004007805312,102.27057703964613,39.278643748323134
1,1,26,1,0.0,-145935.49299334327,-1.5078128728575448,56.60769888010201,337.13998680073075,6.759733462747908,17.206343454283886,4.634134666006011,97.96806380158623,60.42451308031378,170.68308764253047,148.47803631380293,27.01072837211413
1,1,27,1,0.0,-158722.37574715997,-2.626734435743514,53.90772597802504,269.0816204246911,14.217915497154811,8.151898556509009,8.401660645201213,141.0815973893183,65.37082179760517,182.21538006494342,39.885879978514055,18.581282078690197
1,1,28,1,0.0,-39475.353359287896,0.34241525960443064,54.59109411334117,251.3668784069147,5.44925487357124,38.17644091684148,1.9880601225625063,133.07238261766446,63.28957468204942,188.08717937602168,192.6456053560355,7.71873358306499
1,1,29,1,0.0,-25296.326715726853,0.7413390360631915,105.38838750157191,204.67043757582613,13.023752823906259,23.190962807266644,5.717654743543823,92.06697910020166,17.151022344606126,151.1473738469214,113.26696648241138,34.339967056654324
1,1,30,1,0.0,-12779.288239842072,0.5212167680827287,51.05375513192736,235.65821088239684,6.207980052077661,8.838991540341652,2.9925680166349498,47.00239035666438,23.853572852803385,153.9689677270173,31.808876097786616,34.825942466420145
1,1,31,1,0.0,-20057.909389095137,0.813875837145231,27.833228677971654,289.5491849317517,16.60183316673546,25.538430440257997,2.3803199007341114,63.931344160419435,38.96857856530627,181.69404535071214,82.89925256873627,32.13326560844781
1,1,32,1,0.0,-296834.9323070972,-2.751740459337833,92.61238137420384,348.35388917969885,5.434288235404408,45.306108104459156,4.533119096159359,179.32332421459898,62.17062985408766,209.2409254244381,156.67084130900025,17.123606535884317
1,1,33,1,0.0,-226211.44680173884,-3.3033052395024387,65.11694901182273,260.2222648310962,10.473677540318572,16.74070247214769,5.463732658361226,145.8957906617914,24.960624417471916,181.4627886646332,41.12845295070029,9.754430326750887
1,1,34,1,0.0,-75972.69969179812,-0.6874174711644457,15.148699018340762,355.31703084330127,5.057905272653916,13.036098562594534,6.515800778052931,43.8328318050619,79.3706852787149,193.1772094705373,193.95019485882082,22.274879700667537
1,1,35,1,0.0,-411888.1380046141,-2.3081697135623642,43.044405147433594,287.92009164724345,18.9622807594696,28.434264675883725,3.4048632867608677,179.15779415960034,33.47268736612152,150.08300099993994,64.58330404861687,15.456406330374246
1,1,36,1,0.0,-40902.8414293079,0.5836080359648618,104.46552150550923,273.3605067306312,11.668809317169512,20.124601987994932,8.926103107423717,190.65455207986653,89.27012962391665,172.6044760176592,193.90654021289083,32.507664506712445
1,1,37,1,0.0,-142883.16853159192,-1.0769122387701986,84.32580624086935,239.1823167072159,8.246858914163147,12.472152103456054,9.304809492028289,79.99303260513824,40.77848209039906,179.63747003923342,160.07088718104575,34.392458615908865
1,1,38,1,0.0,-15582.40674966731,0.9237390012514831,25.29799712634741,268.3046976337718,17.642823317531857,41.81149875901273,1.9217238260717475,56.58516930755371,27.377882243946704,154.52154414500043,96.43934051130672,7.874237385384949
1,1,39,1,0.0,-51993.69671998677,0.14638693653976473,72.50393530368295,239.449110369785,13.946495980244341,10.288653930663695,9.7829548157668,188.53540465574787,35.26172447081992,164.53071564756513,65.0716783136431,21.402167267286114
2,0,0,1,0.0,-392929.8960165315,-2.565583601631333,56.2012637305478,320.6890873717528,13.656322856101585,27.97506604948034,5.592492922202922,149.75208712605613,50.832061161538164,201.0189088872524,200.0,20.525163915128893
2,0,1,1,0.0,-24898.561730034253,0.8272864025725244,80.37242534920158,316.6231871604647,12.666067661717316,50.0,1.9657053081424505,78.81198094926192,19.819655769629314,198.86983048703,196.06821517097308,28.12043733688549
2,0,2,1,0.0,-51802.55255913329,0.47324492316233047,100.53394822043268,302.4045278333217,12.236769255260002,31.123812932890495,3.864469832820399,160.08488952259475,30.901795866814176,210.0,149.9326979150129,14.024981386471996
2,0,3,1,0.0,-43640.93484386798,0.6332180191092267,61.101117331508966,295.73238457778183,13.72784297081752,31.711816763465944,2.9691082039271963,139.91176024385695,51.06999598383712,184.92377472910258,179.67417907271798,23.764638672577025
2,0,4,1,0.0,-251842.99832190992,-2.560616009780586,71.54586906311647,264.8903615309739,12.464467938908973,15.51864398762006,6.397656613879483,157.81223562707828,28.174107060897526,169.7355778592912,112.7771031663531,18.027382440469758
2,0,5,1,0.0,-27839.77725719374,0.6725957216659068,83.66675085934241,302.17624215397126,17.715063150501976,18.59201648366126,4.386010644686381,91.42261804044936,43.21328441347474,177.19749615238692,113.53120174603691,17.364912493750666
2,0,6,1,0.0,-181926.9702012128,-2.291596001021549,48.00513945500881,249.66002258628882,13.418710662253734,9.871485382867805,4.212204425735656,121.38386336370785,55.88939068631416,167.82607654758368,200.0,8.62609802291839
2,0,7,1,0.0,-20855.500310725245,0.8203499436268824,95.41054115147354,283.632514883194,16.651416322855056,28.59998978149997,6.533096197060953,70.66192468323452,42.24442804600387,169.21179367279012,109.30523555398608,15.474197882352787
2,0,8,1,0.0,-318521.67734220304,-2.6070038507363105,66.97814973333736,295.057145207978,8.962212445231765,32.11307052949094,6.5004122061503695,84.3244610446259,48.92439758170717,167.6364306455065,113.3619020064964,30.25466311274371
2,0,9,1,0.0,-269862.5074022952,-3.6774421837556153,43.23528605120225,306.1768489044013,6.760118487437471,38.089583803952046,3.9100013398897877,61.05587887152597,62.029235423036695,153.3523966753304,164.24117390412357,4.0
2,0,10,1,0.0,-416036.1644095002,-2.319659520613425,62.55981904758531,275.20127571074636,13.027910331838925,39.29848453028472,4.638735600389606,93.94674685103227,43.34672785429469,180.89255569070824,96.1546938753113,31.098964414611462
2,0,11,1,0.0,-375967.1997222855,-2.4938012553793114,64.84564734889942,303.42538759538047,13.65664545251754,27.384662788481016,6.524180377322296,83.41188685476001,61.299287740004544,172.8763723581515,178.724637236527,21.731137242799573
2,0,12,1,0.0,-35468.0653298992,0.7784980986910938,87.10302513417278,293.80019314988306,16.34125452084836,41.205195827717354,3.2641649918829696,129.08369206746823,19.727387847840017,156.09448900047295,174.8312367486833,9.536947789844216
2,0,13,1,0.0,-157539.71856274156,-1.9425821270002677,55.98169718987256,282.958417091453,6.302138908900179,18.859117638840168,4.50340262891488,96.44836941218944,46.67671823795362,177.19204919142803,157.4804076859508,17.510254805190424
2,0,14,1,0.0,-371191.89674721885,-2.2470359461336957,86.62012554361694,290.2906673725957,8.537973878984403,39.32629270305281,7.205107364727704,115.66105920186226,27.0204198581071,193.1689568246804,160.85824249331623,32.75849223644319
2,0,15,1,0.0,-39593.595636988066,0.23697827513545544,19.650249340228378,336.00147013694357,5.821438720133186,32.00448311688495,2.1031088707589234,140.16139898477985,54.908563828868466,172.1460443168756,129.29299350067993,9.963883112542891
2,0,16,1,0.0,-398235.2373838727,-2.628156070175743,75.44025907381221,284.1059089923576,12.830833992055219,34.987204666788315,7.979693545025973,141.48656820674387,1.7775159844699806,161.4690240750887,146.90105068451788,13.456447993284481
2,0,17,1,0.0,-160223.46236346147,-2.750251784516676,53.022101756921444,240.69407813428057,9.086601964286697,14.83348075072763,8.542494828562461,44.54921379062384,49.08165126272124,193.68487760793545,146.93495657576955,5.731390001959653
2,0,18,1,0.0,-246277.1459275308,-2.6236577702182116,50.1163572147704,313.94587244355745,10.658428829062514,20.63672575549103,10.0,100.37421251420233,58.409841019698526,173.39459858127427,155.62561201932613,15.03834964710258
2,0,19,1,0.0,-282221.408566599,-3.586852952061861,36.50297937829433,265.5749998360195,6.6232339140586385,38.496757549277014,5.855957155443588,79.37799746498641,38.46731651759909,162.50488401969733,66.44524885829762,12.438998520092348
2,0,20,1,0.0,-18863.282300249197,0.6816047827392101,47.63525433639044,287.6040754848542,9.83649531638078,17.133224690789085,1.0,67.52608263170703,55.86032343131757,165.2218106733627,140.17985134807546,29.08016654945232
2,0,21,1,0.0,-34942.087762417155,0.6396907146763464,96.93728421363748,266.70351750375585,14.034798765766828,20.75152171090661,2.805418818152788,124.92437115214403,46.801543574022105,161.00783365031387,161.89708043964902,26.717744388502854
2,0,22,1,0.0,-339966.80759836885,-2.391444168787651,57.188002795026364,342.5948235682363,6.712525455283565,45.16895436378314,4.433612964377183,200.0,58.16680928806298,150.9304606268135,198.49368494457576,23.110809043725684
2,0,23,1,0.0,-183191.48586415936,-2.4045107166045905,41.41240005299815,266.12991637879713,9.773010708959948,15.15482231245392,3.4501755811629127,75.50399462765449,44.55895290424355,165.81452546188865,105.97316713305175,17.924236472494076
2,0,24,1,0.0,-247173.81701594117,-2.841122978148387,83.02411665155546,241.02640004318278,10.30836669232435,19.9430647855319,5.651737130733343,80.65094923725853,56.38186691733397,163.14193395494,82.07259668180791,14.370026103362367
2,0,25,1,0.0,-380230.5441632946,-2.825973750852058,41.630786605942504,318.46911124045005,13.479878807104477,35.21636003085398,7.333477657713401,45.095233021601786,48.018501423463,173.06856413734613,195.7049032784774,10.043342168605605
2,0,26,1,0.0,-236752.38135961074,-3.2929452334539895,44.11218373301167,248.04703076247966,5.006757103804876,37.828819255648575,5.9414065686102,129.4759950439334,43.355709517855416,182.63876566882345,67.51194790177661,14.282593453646424
2,0,27,1,0.0,-335967.0253684878,-2.3617849853813593,95.52446537188915,310.754892583819,7.153170846944475,39.27065695436743,3.5735870548121476,166.24148549567428,66.72399342358487,185.9521552411435,153.815404992239,28.274366798498097
2,0,28,1,0.0,-185127.49464518783,-2.1741317995233427,39.42733647780628,324.5066309706384,11.268150378762858,14.595658599150477,5.024471272312444,66.2560165481406,70.36464508364278,170.16102401271309,145.53044578975928,19.82101059035405
2,0,29,1,0.0,-374383.3804591953,-1.8850210716885678,38.165685650006864,253.90404346969584,14.331765997913685,22.543156035624108,3.8018708429181043,75.15607989778621,26.806003604463065,189.731491045301,199.8259691376247,33.24254362808963
2,0,30,1,0.0,-143295.43805697182,-2.8000223674771836,87.72110491432969,341.3432150880439,6.997177280429629,17.649562549459855,4.612999844571441,82.34054903925868,29.923887128218468,150.0,156.66615701563043,4.0
2,0,31,1,0.0,-141393.56394837907,-1.3565119897286186,72.76388233530538,255.51146326406,5.983516008376661,18.03213654073724,5.24843026618523,58.34287660692574,43.97085010799147,171.44212747943502,194.31880277307775,22.97359345760782
2,0,32,1,0.0,-173925.84191941566,-2.6728261723040445,49.27476774852944,253.03724788658042,8.83061480631797,15.85016085707324,3.8078278562606456,73.54389635608155,71.16424510125962,179.73752673833144,107.03339238479,11.093306619921286
2,0,33,1,0.0,-327901.02566642116,-3.549586712810146,22.15213274009519,296.039862369269,8.852721146498604,34.458434521954736,6.509609736844657,128.15928551428803,41.34803079108194,162.0287203506942,161.76793433535002,6.621588487280813
2,0,34,1,0.0,-182263.1831008439,-1.5021154346618144,34.11484929366149,228.47417897781224,8.897838256340112,16.007553556435134,6.398162961135562,64.7334391769042,44.92791400354011,160.08692312581965,159.9577307896476,31.339600270003306
2,0,35,1,0.0,-286962.04256710905,-2.2339343301019485,59.01272689016042,237.65798972087856,8.456036592620919,26.303326473192485,4.025597452331068,136.28876918447813,42.98364879585895,158.27802743266065,126.68162177847698,31.23060602065416
2,0,36,1,0.0,-353004.5719536131,-2.56514551842243,49.17148894561838,315.9080498429615,10.157089251159896,33.84069331232794,7.138372692069006,73.96267350065959,53.8396534514392,169.5078717046196,190.35773194535452,21.640900726884187
2,0,37,1,0.0,-22239.37985700056,0.8020337396334766,76.38287036520421,265.90060485344947,13.351679641053337,36.09619729759191,4.960182460417386,68.55764881492014,53.675232706559854,195.54999618211335,138.46498890680772,18.07542995165266
2,0,38,1,0.0,-37763.68871746765,0.7580780811952911,82.349490861291,297.2985196523909,16.278117152491042,38.364135499388055,6.586904086311834,150.50343213016552,55.3971436891712,152.94490184121588,169.20171903110605,11.143633310308378
2,0,39,1,0.0,-41050.71969869567,0.3473331060300828,38.89842472256802,299.8451603023747,5.880261003341115,38.984305775930146,2.708374203492425,159.06686734338905,42.10119954757518,159.40241342415257,58.939130483067416,4.518860730751165
2,1,0,1,0.0,-364673.0414128699,-3.092665807172285,43.81640958731314,360.0,9.49422395331907,50.0,9.399014781869793,95.58788986320246,38.178627463255566,175.3662357744319,130.56146941408173,12.390685293118203
2,1,1,1,0.0,-245062.92955970237,-3.097102048897538,33.7166670891511,287.093906422324,9.021111109620803,25.337344471074182,4.790448238114754,39.04250293288483,20.3176931261055,162.72217337385925,76.6620247168337,19.065289342458925
2,1,2,1,0.0,-20109.178044508983,0.7025791327661121,95.16818340998553,360.0,14.135811430595924,19.905985021674816,8.548855816298763,79.35190891328531,71.04687995559883,165.91825242910681,149.84687023739264,15.202330435045695
2,1,3,1,0.0,-370316.9096771063,-3.066943877344929,29.912542074943858,319.01589575196914,11.690947774864467,36.15855861637491,4.5359097968728825,68.09512803409439,53.968304916873095,168.21738184273804,154.08708603477731,11.734847296008308
2,1,4,1,0.0,-315985.8021193764,-1.9015230013858475,42.26064550266167,318.9310943502977,17.95162102137665,16.070328989928363,4.89364293546789,61.462672888164235,55.34698314332226,197.12948565859784,200.0,29.378140439797367
2,1,5,1,0.0,-209784.8059815483,-1.6273969853883166,58.63264447895935,352.9089244386965,10.814662064162981,18.76577696970045,9.196377856149192,35.681443429576376,47.94050580336614,165.50138153883532,178.99538315004932,30.828578355898777
2,1,6,1,0.0,-415624.20628774096,-2.394250512699504,35.18094356024313,292.6491033723886,13.61444274981374,39.61806645767422,4.940265182851349,59.62794752838906,58.43624838189643,177.62156917727802,200.0,14.309573316581039
2,1,7,1,0.0,-445460.5241302972,-1.8688244739091724,63.106741162316716,330.0146481276905,15.644503587774556,44.054553562934736,10.0,169.4359117694195,70.3596530950461,204.7288734623593,200.0,20.757951567050313
2,1,8,1,0.0,-302308.2738082415,-2.5845238360106153,39.795675600262925,278.847045030483,10.285320585315958,23.01852432657391,3.9816039562593044,158.68968403578148,47.08261127759036,201.94785847310484,174.20455715985614,18.17117378169661
2,1,9,1,0.0,-412651.24499368825,-2.19671101798443,38.573632593726174,326.75686700189385,19.32874668893222,32.30300056260867,5.09517520804344,110.1809704930448,54.41833904675235,176.15509635512075,100.71442371493478,16.095074243260896
2,1,10,1,0.0,-430543.56038147566,-2.0469161548635872,66.14189085777926,291.6855782209196,13.973671588293506,45.10375623112551,5.801567192121477,187.81201159758535,78.62507738741199,164.9214177585317,101.6556543662281,22.91161260661301
2,1,11,1,0.0,-449068.0754077917,-1.79086570949224,28.034677649186467,235.76342116680686,15.665598411844563,31.43284297661736,7.412657706281874,160.33499090892903,28.096687278815367,178.3403486882099,155.57092656524526,40.0
2,1,12,1,0.0,-39992.55587980126,0.3410164174551243,47.80458592109048,234.94508567066504,5.0,34.95397040208984,2.8709569315759635,127.35544186956923,45.62124605545032,193.32668770603158,72.10901810592202,25.813923590858213
2,1,13,1,0.0,-419134.73179962236,-2.147117648397152,13.405463753785899,258.52403174479366,17.333465882596926,26.558057670286928,4.687749546900716,83.66954966560593,33.94262196183076,179.80800904841018,128.3946288381552,33.24598359373463
2,1,14,1,0.0,-430649.5228469131,-1.9015817689899235,10.150831777592465,271.5514646230458,16.327571979285594,40.49328244866297,10.0,66.86818447290675,44.68341876313051,186.8207189821118,142.2894720042777,20.14350990576575
2,1,15,1,0.0,-402591.3298941794,-2.0419696767256146,74.99241795501455,247.55886810118795,11.891442503535869,33.100971173274516,7.292223362373763,63.94440189493763,8.042201202871123,168.674410899251,148.95448525110757,37.62840974707426
2,1,16,1,0.0,-56034.88589949131,0.724770807356959,56.07087850655141,242.85985818853453,16.708701991809235,43.818481700565336,7.162631438352229,172.91515160779426,44.97012462214695,195.55436555578402,166.21586389135845,37.29795557255754
2,1,17,1,0.0,-29693.887370813947,0.6688577877862759,89.17610918559743,227.4338077430701,10.6215800624141,25.216131368693247,7.769284275658788,107.25240923533569,4.50059118272155,198.8918467406731,136.3509947869765,33.713425522792825
2,1,18,1,0.0,-287335.2247913613,-3.2023209448786485,25.771090649944842,273.77880184129594,14.603956292442376,17.441904606362844,7.000543944080499,98.84858962994632,21.565397032156596,159.33338881059507,29.577711231746346,34.01526123304326
2,1,19,1,0.0,-434476.116184936,-1.9684885874932117,69.38723096120111,311.6899771541976,15.640992344935688,35.63893718853982,5.540017279126404,165.6535827258745,35.0904865883809,177.8739264368714,124.08413148622311,39.47988089159601
2,1,20,1,0.0,-314936.32081898325,-2.4326077641359505,21.705316125654846,250.88755585759367,15.277413111417877,16.84434282523838,7.8447002226384015,145.19990548899074,14.821596098615064,159.9783180890749,148.61229379377622,21.016632825898473
2,1,21,1,0.0,-37121.46086335699,0.5639479880247029,38.21718803889209,261.8228962392423,16.754616305279256,13.54999023761132,2.1302019205659395,122.37659389445574,35.19242107834421,177.5505883110017,98.77638639787355,40.0
2,1,22,1,0.0,-413703.53125453996,-2.506156489278009,26.708229581234683,283.4250668735924,13.831421423223919,38.31097468748127,7.9860309710843795,149.1414013609105,50.810577692193775,179.89490866909745,116.38967054166193,16.516680815441465
2,1,23,1,0.0,-410851.5778901654,-2.1085986593595316,15.997807609234426,242.19309498546684,12.790551524251072,29.469178255727577,7.243189061008425,158.9859569196208,10.015244708261791,165.28950744583176,159.05439222711354,35.74026514118386
2,1,24,1,0.0,-27767.862018318137,0.7748406159067514,81.29654183816834,317.73313283468616,16.75139363390963,31.991076150103666,5.876705387240775,89.1274750385363,43.64409948152035,182.34854249185105,139.1712672532173,14.701287812355062
2,1,25,1,0.0,-244856.56599668303,-1.9580035926324064,67.53914630491845,278.39872922458545,11.623355600598776,18.647369985693203,7.7318073498578554,49.261496658039384,24.35588135262656,168.95004007805312,134.3851080192652,33.13337202192281
2,1,26,1,0.0,-229196.91907492725,-1.8263035537877428,45.43166037624747,305.13998680073075,7.180333811483921,26.206343454283886,6.434134666006011,131.96806380158623,42.42451308031378,165.40399648999033,149.42772611935177,34.21072837211413
2,1,27,1,0.0,-312721.5038876207,-2.8819574714737493,31.90772597802504,272.76096346778934,15.348713934422536,17.15189855650901,7.859665417642805,149.52948907574478,47.370821797605174,170.2435687684697,75.88587997851405,24.909833562433896
2,1,28,1,0.0,-398908.4232653283,-3.0235564183061565,32.59109411334117,247.29216724122952,8.44925487357124,42.903684458307495,3.057466931738593,162.6284283090163,45.28957468204942,176.08717937602168,156.6456053560355,14.918733583064991
2,1,29,1,0.0,-34094.9516849154,0.7371880937405763,91.25978788630485,236.67043757582613,13.75976234695869,32.190962807266644,7.313237382859975,126.06697910020166,10.48882421835139,154.0282523668156,124.92830019488272,32.968586958382204
2,1,30,1,0.0,-194445.8925510808,-2.316852733681865,44.33215718724431,267.6582108823968,9.207980052077662,17.838991540341652,4.79256801663495,65.88651264690819,27.301175598925,165.9689677270173,67.80887609778662,36.091625550095564
2,1,31,1,0.0,-422778.85603183997,-2.1612092074128793,10.0,257.5491849317517,16.149502436156503,30.13952192474472,4.011392422296417,97.93134416041943,38.18015599923552,185.55913883271222,100.35490702347593,39.33326560844781
2,1,32,1,0.0,-356415.14977970533,-2.784527958817421,70.61238137420384,316.35388917969885,8.43428823540441,36.306108104459156,6.333119096159359,181.39471755263634,44.17062985408766,197.2409254244381,143.77395446745507,24.323606535884316
2,1,33,1,0.0,-303122.6419275361,-3.12591095552065,47.148044062430756,278.15315884562574,13.473677540318572,18.53340104767578,6.963440358239123,159.06217069620834,30.57953715681894,182.00906150030414,77.1284529507003,16.954430326750888
2,1,34,1,0.0,-196985.2076977417,-1.8660642038662225,23.153611315880205,323.31703084330127,8.057905272653915,22.036098562594532,6.571099765070074,77.8328318050619,61.3706852787149,181.1772094705373,157.95019485882082,27.33216210315912
2,1,35,1,0.0,-449415.334145097,-1.6358249287373157,43.63545809375718,276.0115313270106,19.39168804193992,36.75190224620871,4.127755404939204,187.6772325497799,21.305008593667317,162.08300099993994,100.58330404861687,22.656406330374246
2,1,36,1,0.0,-38903.53552831015,0.7023064539372927,88.38707720740828,271.7976537622137,14.668809317169512,29.124601987994932,8.476362014546494,156.65455207986653,71.27012962391665,165.24099925597415,157.90654021289083,32.440998880676716
2,1,37,1,0.0,-278280.83691513655,-1.795332144273406,62.325806240869355,263.46123856451703,11.030673656024767,21.472152103456054,7.504809492028289,77.00237141293093,22.77848209039906,174.002012393254,149.43567950224752,38.93554873059198
2,1,38,1,0.0,-445736.6568174798,-1.588000700250805,28.981715616888724,278.4048763445866,17.190953282529083,46.23111183278282,3.721723826071748,85.1692263649322,23.401958964590754,156.20920244765577,132.43934051130674,14.31535902625425
2,1,39,1,0.0,-352461.6361540513,-2.5729099193781404,52.93574067902747,259.71445737845585,15.335494112887648,19.288653930663695,7.9829548157668,156.92233370871628,17.26172447081992,173.80057364157713,101.0716783136431,28.602167267286113
3,0,0,1,0.0,-392683.6362863315,-2.656331199614386,63.43930162330412,349.1486910797332,12.483583158261702,36.97506604948034,7.392492922202922,121.81617961587399,38.38511929541146,189.0189088872524,164.0,19.74375091780094
3,0,1,1,0.0,-34867.9042310115,0.6913807436229799,59.742548977943876,348.6231871604647,9.666067661717316,49.899159245848516,2.5138728217197936,109.4065040309101,37.819655769629314,186.86983048703,166.86946257534748,20.92043733688549
3,0,2,1,0.0,-362573.7857690065,-3.39274566831336,78.53394822043268,285.1932094071945,9.236769255260002,35.153435300109415,5.664469832820399,145.67644482393828,42.716688918481694,198.0,153.69569877438664,7.981354003305877
3,0,3,1,0.0,-391725.415952862,-2.8315864542441576,74.80928349359571,311.3695869613446,10.72784297081752,40.71181676346595,4.769108203927196,105.91176024385695,33.06999598383712,172.92377472910258,143.67417907271798,16.564638672577026
3,0,4,1,0.0,-285056.8883567237,-2.9176126441627237,75.2474365782185,261.64790961834257,9.464467938908973,24.51864398762006,8.197656613879483,140.69625002997998,35.119163578680826,170.0486954305129,147.11275026869365,10.827382440469759
3,0,5,1,0.0,-373826.0295460048,-2.9407404583220735,61.666750859342415,334.17624215397126,14.715063150501976,27.59201648366126,6.186010644686381,119.47325024437912,25.21328441347474,182.22142176995303,120.44143605166256,16.18494758818363
3,0,6,1,0.0,-243857.857961739,-2.77704210542729,70.00513945500882,281.66002258628885,10.418710662253734,18.871485382867803,6.012204425735656,127.94832390555939,37.88939068631416,171.31960463712124,186.80673391498217,8.943014559545343
3,0,7,1,0.0,-371104.5279441844,-2.905114667345562,79.65768253533294,306.68655847892,13.651416322855056,26.92886752047265,6.1039468934471275,104.66192468323452,39.79193488118113,175.41152871003024,144.028107184006,15.751795027182581
3,0,8,1,0.0,-373877.15650091827,-2.7756059793586645,80.76420458005637,327.057145207978,10.684871712268748,37.93651862053939,8.30041220615037,99.75300530263415,31.182134323994404,172.89881777408925,124.76642195921161,23.05466311274371
3,0,9,1,0.0,-326664.05683504755,-3.86781343860208,58.86416559449482,323.21437050868997,6.835131218780697,46.64743077206279,4.543794473856254,95.05587887152598,54.66534593954065,161.8984603788009,128.24117390412357,4.979509273605861
3,0,10,1,0.0,-348323.5206850469,-2.8480892594634475,40.55981904758531,307.20127571074636,10.027910331838925,33.3473543202965,5.778404823165108,76.58018697429605,26.536940521120346,168.89255569070824,132.1546938753113,23.898964414611463
3,0,11,1,0.0,-366082.86229434115,-3.0168100982370145,63.20338386623076,316.2716947290375,10.65664545251754,36.384662788481016,7.772555508517069,87.28878510236632,43.299287740004544,162.1144302099524,155.93067553242582,14.531137242799574
3,0,12,1,0.0,-401613.8473718014,-2.4496972339336143,65.10302513417278,321.79682530295435,13.34125452084836,46.45110428678555,5.064164991882969,120.15867018316666,32.270593876224666,151.33408280140654,138.8312367486833,4.425110973028457
3,0,13,1,0.0,-213472.80906766208,-2.4800892361611,55.98534779381163,307.49531781614854,6.384588441264212,27.859117638840168,6.3034026289148795,115.67782385503159,28.676718237953622,168.47476681293372,140.36922227467085,17.265242314971903
3,0,14,1,0.0,-234491.5164372525,-2.22506059553042,64.62012554361694,322.2906673725957,5.537973878984403,37.59215111148128,6.56787593587777,84.73946806386117,41.14800856264496,181.1689568246804,152.67420057307692,25.55849223644319
3,0,15,1,0.0,-274184.79641718435,-3.7719171589411333,41.65024934022838,347.27483009471723,7.988089910073634,31.85512316783078,3.6647157846053213,129.15554821612383,36.908563828868466,160.1460443168756,113.92362718210288,4.731964563245203
3,0,16,1,0.0,-374077.0738915525,-3.200079707843002,62.576122549506934,300.51173537827447,9.830833992055219,43.987204666788315,6.763401870556793,107.48656820674387,19.777515984469982,154.8244799623629,138.21774565384968,6.708683262279477
3,0,17,1,0.0,-196298.48082697458,-3.165280608879514,43.66201719513171,272.6940781342806,7.131780804558547,23.83348075072763,8.957204399249907,78.54921379062384,34.601402439100426,181.68487760793545,144.45715149186432,5.697669594948446
3,0,18,1,0.0,-264545.0184294653,-3.213247047913463,49.29913908771645,332.8158934792938,8.45257620850305,29.63672575549103,10.0,92.6556076230008,40.409841019698526,172.50988060871097,151.62556689079543,9.606724749160588
3,0,19,1,0.0,-250299.2602145295,-3.413085588030804,58.50297937829433,295.5484105824509,5.77857039354032,38.100127473410744,6.783853717354014,112.84820133941787,31.861671011018224,162.77516786372573,102.44524885829762,8.733612507554064
3,0,20,1,0.0,-27292.805945145556,0.5715328406476978,56.89560866516076,279.72539436249065,7.368287955180327,26.133224690789085,2.8,97.56249909045818,37.86032343131757,156.86999475211704,142.68487166574687,21.88016654945232
3,0,21,1,0.0,-357254.01762058696,-2.812430582308888,82.89977486389049,283.3774281877514,11.034798765766828,28.94381126095857,4.605418818152788,105.79099477899243,44.723198372246394,157.56336291524954,133.29904062884822,19.517744388502855
3,0,22,1,0.0,-271034.76950524526,-2.535196468444129,38.39158415384614,351.7606855139717,5.032558250667955,49.33600663976751,6.2336129643771825,166.0,40.16680928806298,150.88527766801974,194.2726560067413,15.910809043725685
3,0,23,1,0.0,-196184.9710896436,-2.7497517568360283,58.69050107282633,298.12991637879713,6.773010708959948,24.15482231245392,3.8688266787419576,96.4731360922828,37.40099719999832,155.36213281867816,141.97316713305173,10.724236472494077
3,0,24,1,0.0,-244118.30411455725,-3.3177396820118847,61.02411665155546,270.90545951503,7.30836669232435,28.9430647855319,6.1871161548127365,87.44333634354918,54.30778450931439,165.50493190592283,118.07259668180791,7.170026103362367
3,0,25,1,0.0,-366861.22897384525,-3.0975797597011905,52.93354141590258,332.6925873737808,10.479878807104477,44.21636003085398,8.842380540293723,64.3534228872353,39.56045246127829,174.89194889922155,163.2296583874206,8.26345018971809
3,0,26,1,0.0,-245769.5557797551,-3.4827023166566065,51.02785262231595,268.40533152419187,5.294709245730691,40.77973384898235,7.741406568610199,95.47599504393341,35.97021722612299,170.63876566882345,103.51194790177661,7.082593453646424
3,0,27,1,0.0,-265155.8858268951,-2.6673124830486676,73.52446537188915,307.76590205056317,5.0,44.71227702492536,5.373587054812147,132.24148549567428,48.72399342358487,173.9521552411435,133.23834653685466,21.074366798498097
3,0,28,1,0.0,-212664.8844946767,-2.677580637949114,52.30175624768843,343.5635339404101,8.268150378762858,23.595658599150475,6.824471272312444,86.71963025102215,52.364645083642785,161.67747843505393,158.49846834958032,12.62101059035405
3,0,29,1,0.0,-33682.36736144283,0.6637328730590565,50.22765872729504,285.9040434696958,11.331765997913685,31.543156035624108,2.8570505346509076,109.15607989778621,41.06368348632054,177.731491045301,163.8259691376247,26.777173827414977
3,0,30,1,0.0,-149942.22864003733,-2.9686698175211848,65.72110491432969,359.1910006025797,5.0,26.649562549459855,5.671636689253438,99.44551502956948,41.72003424043994,151.4723499251954,143.3652165775963,4.067883547641894
3,0,31,1,0.0,-190216.79137907768,-2.3260910814736433,50.76388233530538,287.51146326406,6.157423626507484,27.03213654073724,6.560748439640882,60.44675194422757,35.49184857197108,159.44212747943502,158.31880277307775,15.77359345760782
3,0,32,1,0.0,-237397.48858646606,-3.4446081464980596,57.42871262859325,285.0372478865804,9.06586476201925,24.101819707127472,5.607827856260646,52.649067017230536,77.86027168628218,167.73752673833144,143.03339238479,4.0
3,0,33,1,0.0,-342234.6229305181,-3.636462175550289,44.15213274009519,328.039862369269,10.160633339580109,37.60418116069659,8.070861568948713,94.15928551428803,49.377678749481994,155.78431588490758,157.1829698045195,4.0
3,0,34,1,0.0,-180099.90124522347,-1.9292103164662593,24.469526576905537,260.47417897781224,5.897838256340112,25.007553556435134,7.610276308385538,91.71569685876632,37.60304117479896,155.26886926444132,147.8011961952909,24.139600270003307
3,0,35,1,0.0,-199645.91757505934,-2.012725502997637,41.392128914278096,269.65798972087856,5.456036592620919,28.96857089339471,5.825597452331068,116.18325550590745,42.58590837427159,159.7644625883744,155.57458663923828,24.03060602065416
3,0,36,1,0.0,-318947.8906422621,-2.932323757126588,64.5392242742247,321.3805462760664,7.157089251159896,42.84069331232794,7.995261341259591,69.2202482272807,44.95463635306731,162.891967674956,188.02626113495208,14.440900726884188
3,0,37,1,0.0,-392498.8529812924,-2.900466370121412,55.222045638195446,297.90060485344947,10.351679641053337,45.09619729759191,6.7601824604173855,102.55764881492014,35.675232706559854,183.54999618211335,157.0381865765927,10.87542995165266
3,0,38,1,0.0,-416473.5842371436,-2.306271747766862,86.49025460091296,329.2985196523909,13.278117152491042,42.394057735448236,5.924869859069615,116.50343213016552,37.3971436891712,158.24896533637315,185.17778252600257,15.313825413156259
3,0,39,1,0.0,-293655.75622626353,-3.945900903895255,48.69483201339563,322.3439114811433,6.485808042559111,41.73431100594153,4.5083742034924255,134.37013476967437,40.397293741605324,157.8383505074954,94.93913048306742,4.0
3,1,0,1,0.0,-396305.5388067622,-2.7486375664139313,34.664668757536134,333.1466251322021,12.49422395331907,41.0,7.599014781869793,129.58788986320246,36.54990375023267,167.28182553389271,145.09439212362798,15.376990361330693
3,1,1,1,0.0,-376570.1404544478,-3.051286559156346,37.83474178465479,283.81750596398336,12.021111109620803,34.33734447107418,6.251058011418094,73.04250293288483,24.802009106223284,173.77875340759005,106.90303319786204,14.54596196794635
3,1,2,1,0.0,-388502.48199289205,-2.4723197367010235,73.16818340998553,328.0,15.804602658834076,28.905985021674816,9.239887387884599,113.35190891328531,53.046879955598826,157.6528982269672,135.144133797873,22.402330435045695
3,1,3,1,0.0,-402389.41522518714,-2.466926612223975,14.762419145056676,324.06801313561357,14.690947774864467,36.426343688387746,5.819786662821555,78.26716188709484,35.968304916873095,169.040168656021,157.12631725261778,18.934847296008307
3,1,4,1,0.0,-404878.5920073017,-2.2630439318009383,20.260645502661667,286.9310943502977,17.079775404703188,25.070328989928363,6.6936429354678895,95.46267288816424,37.34698314332226,185.12948565859784,178.54648984158734,25.36716443127887
3,1,5,1,0.0,-368582.8189593132,-2.2381005644901877,36.63264447895935,323.2938457186568,13.461342109374819,27.76577696970045,7.396377856149193,69.68144342957638,29.940505803366143,177.50138153883532,170.72494915843308,31.448599622740552
3,1,6,1,0.0,-433715.5572007629,-2.061392680422642,30.809420491128108,282.94660659871124,16.61444274981374,34.62058742668067,4.422904882980614,93.62794752838906,41.14208479610769,165.62156917727802,164.0,21.50957331658104
3,1,7,1,0.0,-459077.0935634908,-1.6592416550948808,41.106741162316716,298.0146481276905,16.563829775017606,42.82853548941648,8.2,150.64541593398354,52.3596530950461,193.06897263142014,183.543749298235,27.957951567050312
3,1,8,1,0.0,-393173.5054803013,-2.6414467234388126,44.023066976213116,297.0097277287757,13.285320585315958,27.779462965560263,5.781603956259304,169.30988917095962,29.08261127759036,191.70353494074013,146.5003572372691,25.37117378169661
3,1,9,1,0.0,-435262.6293429555,-1.945354470321687,17.35806640280613,294.75686700189385,18.253644750602117,35.9030733370225,6.639752242240771,144.1809704930448,47.05989871103128,172.50129187847463,118.07765504008496,23.295074243260895
3,1,10,1,0.0,-442176.4052856163,-1.8385542349224817,44.14189085777926,259.6855782209196,15.997179252667793,38.867736791896824,6.665831062882688,153.81201159758535,60.62507738741199,169.45539183140562,108.78456369849923,30.111612606613008
3,1,11,1,0.0,-450550.7566800401,-1.761904429044092,25.06625999487989,249.95301597869968,15.779865520568322,34.545015959743054,7.743085357422851,158.8754791118278,24.860231662777636,175.3659307454858,149.46744477410522,40.0
3,1,12,1,0.0,-314811.7462356107,-2.4944033365118776,31.72724841470033,228.4256743895066,8.0,30.206979364127044,4.670956931575963,161.35544186956923,27.62124605545032,181.32668770603158,108.10901810592202,33.01392359085821
3,1,13,1,0.0,-450102.7677607236,-1.6907755726266824,24.779173892569005,253.22381567947198,18.07363184920242,33.27732987927196,6.487749546900716,117.66954966560593,20.232448687906036,170.8393727120655,145.4195637799719,33.481355575825006
3,1,14,1,0.0,-438673.146982287,-1.922652160521617,27.811320563358603,243.06266064328474,15.390341588100425,36.7544664862841,8.2,100.86818447290675,26.68341876313051,177.0648072054414,144.01666270104852,26.45708269675024
3,1,15,1,0.0,-437673.8923420508,-1.7891365946446232,59.474075910684924,254.82513590157356,14.72499134499487,33.86877730520219,7.484250501569762,97.94440189493763,18.273079261031135,169.11609876002152,163.5808728107999,39.26818936087679
3,1,16,1,0.0,-443412.94599500165,-1.8814209922377325,35.768201939427826,252.41831642531946,14.210502361201813,34.818481700565336,8.542132340246948,162.10968284543605,31.800340910323392,183.55436555578402,157.5101206435987,39.23061364310826
3,1,17,1,0.0,-41328.965379735135,0.6901654405573505,73.77166694492081,219.67737425330128,13.5604756250555,30.92098169277547,7.871412624761745,141.25240923533568,13.437066582703268,186.8918467406731,149.3829513171278,37.272473077405174
3,1,18,1,0.0,-407256.2717422501,-2.341501816347001,26.575716118990385,241.77880184129594,16.70481451421934,26.441904606362844,6.871747287553514,132.84858962994633,39.19744789660517,171.33338881059507,65.57771123174635,40.0
3,1,19,1,0.0,-449153.9937438746,-1.7206976904838946,47.38723096120111,279.6899771541976,16.04909605178537,37.20527980024661,6.909453218605092,138.67682555994642,31.581695833326194,177.93430327551863,149.2434689677143,40.0
3,1,20,1,0.0,-418848.3661428635,-2.16223160667849,24.443657583214403,239.51667527965043,15.399863977109977,25.84434282523838,8.404422205091805,176.22348734739944,7.891742593201991,171.9783180890749,173.89799199100355,26.77032922628028
3,1,21,1,0.0,-395135.3459292639,-2.1849186169200943,22.38901509545741,233.8176396209324,14.561029137436442,22.54999023761132,3.9302019205659393,156.37659389445574,22.466230790409824,170.098355842329,122.02617831489786,40.0
3,1,22,1,0.0,-432017.8060239983,-2.2214546751087636,13.058839284695143,252.66090940796943,15.173225357117783,32.69605958038815,6.18603097108438,143.026394627328,32.810577692193775,170.26011596626066,152.38967054166193,23.716680815441464
3,1,23,1,0.0,-451250.78428833495,-1.7559559067346853,27.80826055898139,242.5144594906478,15.526404820252463,32.18823754097345,7.373175001324808,171.16626670121698,16.460720805431244,173.85588802760114,166.44061701533798,40.0
3,1,24,1,0.0,-416525.878164677,-2.3307668643386203,61.10695388824124,285.73313283468616,14.010419718033326,38.085645457733975,7.676705387240775,123.1274750385363,25.64409948152035,173.85105974732215,119.78760429090147,21.90128781235506
3,1,25,1,0.0,-405318.1199143774,-2.1434113564970136,45.53914630491845,246.39872922458545,14.170153732927059,27.647369985693203,7.02581764570539,83.26149665803939,12.787988500145737,180.95004007805312,170.3851080192652,29.533712302972983
3,1,26,1,0.0,-379645.4128404396,-2.10498303054944,32.420177906838,273.13998680073075,10.180333811483921,33.10268081966193,8.037628762072806,160.63302931137775,24.42451308031378,165.37940492924054,153.08622051694155,40.0
3,1,27,1,0.0,-416463.75560213136,-2.3043538106992134,15.199377778078123,246.4821414618506,16.2510800300538,26.15189855650901,7.39747195470334,166.55637662249873,29.370821797605174,165.8774259264844,111.88587997851405,32.1098335624339
3,1,28,1,0.0,-423325.8784910486,-2.5826812473754246,16.46832722596929,239.68436228279626,11.44925487357124,38.11268097667368,4.8574669317385935,180.60680572116667,31.44772902519751,169.2113919748306,130.20765831961316,22.11873358306499
3,1,29,1,0.0,-43275.36598064007,0.7547560951887493,69.25978788630485,258.327451475551,16.759762346958688,37.88133904761062,8.480197644666374,160.06697910020165,5.9237218917477374,166.0282523668156,160.92830019488272,36.77970026636694
3,1,30,1,0.0,-353280.4624009021,-2.421503393042483,23.594278897772842,259.64729153210874,11.60511474039631,26.838991540341652,6.592568016634949,99.88651264690819,29.718869488415653,177.9689677270173,103.80887609778662,40.0
3,1,31,1,0.0,-452851.80247841997,-1.7551818050291033,21.760988215102444,225.5491849317517,15.45232689542828,34.573750619473,5.713552485082706,131.93134416041943,29.500186419033728,178.70051998602156,136.35490702347593,40.0
3,1,32,1,0.0,-369749.19346948544,-2.4480831348613203,48.612381374203835,284.35388917969885,11.43428823540441,28.17033551448074,7.5838935375355065,160.6791124984028,27.04132899330471,185.2409254244381,139.86079719715875,31.523606535884316
3,1,33,1,0.0,-377068.1526584729,-2.9510176182946912,25.148044062430756,253.08100898158352,11.839609767683497,27.53340104767578,5.987650028487842,157.90862283443508,31.525412721142555,180.22167710811772,113.1284529507003,21.410251296058604
3,1,34,1,0.0,-354644.3712481851,-2.4909079456119154,29.274894878202726,291.31703084330127,11.057905272653915,29.65637574286596,7.5126777866290935,111.8328318050619,43.3706852787149,169.1772094705373,130.59975910553345,32.05647483484202
3,1,35,1,0.0,-456615.7694807242,-1.4551322911362403,43.4508743528165,271.3025156829285,19.09651847047225,40.59799462543795,3.9600196134140435,190.48345243785795,30.068775859904626,164.55859148045255,93.69092964206989,26.247305066483364
3,1,36,1,0.0,-42047.06040310799,0.7114769033846702,79.40694451233156,276.7135272185448,15.080852497560908,34.358027681612555,6.676362014546494,153.85001244218998,53.270129623916645,163.24055063775498,121.90654021289083,28.89405106142589
3,1,37,1,0.0,-401084.4078348644,-2.384178673699623,40.325806240869355,293.3693021177512,14.030673656024767,30.472152103456054,5.704809492028289,111.00237141293093,9.593716971076072,162.002012393254,132.2289909223446,31.735548730591983
3,1,38,1,0.0,-451959.8307871672,-1.5647404819719837,31.79420352607258,285.06675281223056,19.68996320900881,38.26273637942572,5.418596812562607,119.1692263649322,20.412215301148628,160.0101300590489,157.0732426525309,19.536269369240806
3,1,39,1,0.0,-422926.4348217203,-2.1706731726847655,30.935740679027468,291.71445737845585,18.128095865511376,28.288653930663695,6.1829548157668,160.99410829832007,7.854534802814529,177.10908340765693,125.85071410914367,28.688966119679318
4,0,0,1,0.0,-408850.43276241055,-2.4555612531784163,68.41520480980073,317.9438814439172,12.408826084130805,45.97506604948034,6.356321456839048,98.28074709602743,29.320447342016195,178.64919566746823,152.78254131856605,12.543750917800942
4,0,1,1,0.0,-331308.0245424508,-3.3756406524706355,41.62027129039642,360.0,6.666067661717316,49.724286897679484,4.3138728217197935,127.88254348154985,45.8853960435734,174.86983048703,130.86946257534748,13.720437336885492
4,0,2,1,0.0,-325311.2098399039,-3.8883177422661546,56.53394822043268,309.72239696294287,6.943319675445078,44.153435300109415,7.464469832820399,112.92937996851819,31.41626086562424,186.0,148.96020090428127,4.0
4,0,3,1,0.0,-345117.80244719883,-3.5600164187673666,66.72444480457776,343.3695869613446,7.72784297081752,49.71181676346595,6.569108203927196,84.11405008377716,15.700217953026424,160.92377472910258,107.67417907271798,9.364638672577026
4,0,4,1,0.0,-242111.5192956971,-3.4157430516065896,54.66925273430138,293.64790961834257,6.464467938908973,33.51864398762006,9.776527896389606,106.69625002997998,35.775759166432195,164.07461678586003,145.97128554992597,5.228213308031676
4,0,5,1,0.0,-37162.25280201568,0.5938044787051447,39.666750859342415,360.0,11.715063150501976,36.59201648366126,7.986010644686381,134.4530511995363,13.709927100948027,170.22142176995303,126.52343461369904,8.98494758818363
4,0,6,1,0.0,-240739.47419650762,-3.0478185229467796,75.9577663502163,313.66002258628885,7.4187106622537335,27.871485382867803,7.812204425735656,124.67542205286547,22.734783659313553,168.24606614886946,173.76852181396757,7.532413785509737
4,0,7,1,0.0,-359635.8879972539,-3.3855792734895065,59.23948126669973,338.68655847892,10.651416322855056,35.92886752047265,7.228695609091994,128.6331899271298,35.57829322673397,179.40349641360956,152.18649418505464,8.551795027182582
4,0,8,1,0.0,-341271.96979514096,-3.2037859136541504,62.35077009972991,359.057145207978,7.684871712268748,46.93651862053939,9.753042400437833,114.56164965045255,16.55948280494229,168.7464049588287,135.8279460223444,15.854663112743712
4,0,9,1,0.0,-339202.9158044878,-3.852749795552974,69.58667098276155,334.90330295574427,6.886595203373344,50.0,4.9786209292766275,118.38225887152598,49.61320228159852,167.7616583038409,103.54265390412357,5.6515212009486335
4,0,10,1,0.0,-289671.9849895382,-3.0163750732996903,60.806614561270614,333.8759053910754,7.027910331838925,38.168745520145386,5.572821882843989,100.95210976242456,44.53694052112034,159.21634683606382,138.8223858644051,16.698964414611464
4,0,11,1,0.0,-342680.4783132737,-3.475000284894012,59.165127454107676,323.0202783223062,7.656645452517539,45.384662788481016,5.972555508517069,88.75392390750439,43.56229747417653,154.9928086212765,147.47356080239905,9.257996681519057
4,0,12,1,0.0,-368046.7223905298,-3.1908525274976047,48.65437703983005,342.6596067459054,10.34125452084836,50.0,5.990204309045488,87.59008848156844,50.270593876224666,156.96463012068415,102.8312367486833,4.0
4,0,13,1,0.0,-266838.0172560617,-3.111674714460886,58.99122581705686,331.1011752497602,6.5329071750505685,36.85911763884017,5.282555409394578,115.93343705150339,34.87448573964299,159.64121519258515,113.91538224256456,14.873460636145031
4,0,14,1,0.0,-291994.62943527085,-2.945520039995426,49.06262165348563,297.6302308473094,6.767408245553858,37.85687836533933,4.76787593587777,118.56448406644074,59.14800856264496,169.1689568246804,133.17299006270957,18.35849223644319
4,0,15,1,0.0,-324452.1164334717,-3.9836753502911098,63.65024934022838,345.416910839208,8.150013114076119,40.85512316783078,5.464715784605321,95.15554821612383,36.597043982266584,152.64155049657703,104.57325941006661,4.0
4,0,16,1,0.0,-313586.2875414125,-3.560281326028649,54.046549444751584,320.2437616998765,6.830833992055219,43.84971597795976,4.963401870556793,83.12451586023792,9.556125122417667,155.9878893519348,128.66138049739882,9.13826379878386
4,0,17,1,0.0,-206886.33205417634,-3.3303608859136546,50.050059506715066,304.6940781342806,5.513901483277777,32.83348075072763,8.364711016682032,112.54921379062384,32.18915378665818,171.61257910159284,135.97479118223458,5.403393545769403
4,0,18,1,0.0,-209524.68348129097,-3.5182367124820066,59.94645565450098,341.8425265594433,5.45257620850305,36.483411945651014,8.2,87.71638497218437,38.34228206760916,169.14239879761584,135.95143670869692,4.0
4,0,19,1,0.0,-344077.1634301432,-3.803695806183102,72.85482440070125,320.62411805342765,7.583970778132398,47.100127473410744,6.539328559541927,129.2771116863218,49.861671011018224,162.29046244754423,66.44524885829762,6.185762009250626
4,0,20,1,0.0,-215548.91536650824,-2.595925870453902,63.32176812367888,286.28911069791667,5.020048990726009,35.133224690789085,4.6,116.55695526078972,36.49227504844935,152.0859490622787,140.69884180835055,14.68016654945232
4,0,21,1,0.0,-307245.7903201428,-3.4217281363532153,60.899774863890485,315.3774281877514,8.034798765766828,35.914897823308024,5.750062107114402,81.29231937245962,51.948844287196685,155.4939821937714,106.71348500103795,12.317744388502856
4,0,22,1,0.0,-301675.0488021547,-3.1745631041004776,51.534656406872685,331.10879510293563,6.057415861919521,45.945507554299276,4.536912826157293,132.0,51.13393211645963,154.0815792158641,158.2726560067413,11.502762684200945
4,0,23,1,0.0,-191004.86277568375,-3.258147941066281,70.7929818657209,329.3834087483912,5.0,33.154822312453916,4.89350724994585,109.19839343521431,36.752945230117376,157.74793483656654,146.56556538543296,4.0
4,0,24,1,0.0,-344388.83235597395,-3.6439639335707352,72.685630113396,302.90545951503,8.786029817266881,37.9430647855319,4.387116154812737,98.43857451553262,55.571083482547714,160.17460784984107,140.72588578195968,4.877265994005329
4,0,25,1,0.0,-320333.722218341,-3.8616469311596835,61.98318671426813,346.32220828715367,7.479878807104477,45.18478635274716,7.042380540293723,65.42012528103409,57.180069373847175,179.18830112943968,127.22965838742061,5.560023629974564
4,0,26,1,0.0,-330531.61156413116,-4.0860447467185885,53.02098613855702,300.40533152419187,6.370028680306355,49.77973384898235,5.9414065686102,113.27684419200145,37.87138954970055,182.04657252023515,67.51194790177661,5.0919249152997095
4,0,27,1,0.0,-273660.17604578746,-3.1988974683661993,51.52446537188915,318.6071014190769,5.0,48.128359949297476,4.909447449108951,144.12604594596138,46.79997815524968,169.24867215223355,114.80405312987219,13.874366798498098
4,0,28,1,0.0,-193659.04240995055,-3.1117725972208268,67.67653854313178,338.16323702052654,5.268150378762858,32.595658599150475,5.996656171960551,106.34495155163576,42.13700405735586,156.06370182409543,155.1604063614517,5.640824169852083
4,0,29,1,0.0,-352690.0561608531,-2.9606948422557675,61.85329005973752,316.7309848688689,8.331765997913685,39.09641947840749,4.46192211195282,115.10411797409725,42.77515095699654,170.16708611157432,147.20240107795524,19.577173827414978
4,0,30,1,0.0,-193228.41296500462,-3.3120361749734655,44.10937247548345,335.5120992069895,5.0,35.64956254945986,5.961385035392466,105.57131773219417,53.19604556209947,156.57924541261383,129.5914936443813,5.325076456042649
4,0,31,1,0.0,-263459.82235016616,-3.445501717208919,40.62445552611524,319.51146326406,7.0814645035288395,36.03213654073724,5.323711841032188,62.14768083090033,53.49184857197108,152.45302009796495,132.32008303144914,8.57359345760782
4,0,32,1,0.0,-262739.14667532453,-3.640161909508987,64.96439208743797,317.0372478865804,7.631958227178367,33.101819707127476,6.722046040056258,54.485161596800594,59.860271686282175,159.14218747415802,158.89975935678015,4.0
4,0,33,1,0.0,-355354.79704020574,-3.32126220189722,66.1521327400952,348.8575971811012,9.852948751613722,46.60418116069659,6.270861568948713,71.63707712445499,60.50173065124623,151.5252168485586,147.71988863643367,4.0
4,0,34,1,0.0,-268230.0528325792,-2.8678897352881867,46.46952657690554,292.47417897781224,7.092095658854397,34.007553556435134,5.810276308385538,81.57601127255383,46.522472783507794,163.66992456417,131.3540662870019,16.939600270003307
4,0,35,1,0.0,-293022.7466366926,-2.829395107192518,37.54882654507134,299.02606916482296,7.963233854655371,32.43416320606211,4.025597452331068,116.5447563904272,52.75715669006785,159.96617532497035,146.4214372653563,16.830606020654162
4,0,36,1,0.0,-218194.79115316432,-3.2262941231228646,53.14924414314001,324.1792520551874,5.0,40.96141686885025,6.195261341259592,77.80583710374465,52.55861477677761,165.02166817017257,152.02626113495208,7.240900726884187
4,0,37,1,0.0,-340221.5014503318,-3.815033462423239,43.86179969674239,329.90060485344947,7.351679641053337,50.0,7.031011778118073,121.46773738982856,48.96169426266512,171.54999618211335,152.53980308682912,4.0
4,0,38,1,0.0,-381075.2940292265,-2.923954890043096,74.72728032666068,346.79791421112634,10.278117152491042,49.56278015446567,5.417524490448399,85.7138783893267,31.763334470104127,167.1372132797323,149.17778252600257,8.11382541315626
4,0,39,1,0.0,-311710.0623329854,-3.9585641916509826,55.41585316341373,337.7796297023611,6.901255699755402,43.62100709409544,5.743300203492425,117.42644745282594,39.228295085303586,156.7652938622644,119.63765048306742,4.0
4,1,0,1,0.0,-377395.52364732383,-3.3004095213886657,49.55080608283486,301.1466251322021,11.138485829697752,36.59093927867321,5.7990147818697935,163.58788986320246,25.6677105878548,155.28182553389271,109.09439212362798,8.176990361330692
4,1,1,1,0.0,-400967.5030448169,-2.65067015147599,43.46065679008043,279.2659368103629,15.021111109620803,32.51574305560363,4.451058011418094,107.04250293288483,21.35154853654354,167.5502829280293,86.0110447805602,15.948176239370204
4,1,2,1,0.0,-436523.8163861563,-1.7180495160174867,53.866595551220364,301.80481334302544,18.804602658834078,37.905985021674816,7.814756779105377,147.3519089132853,35.046879955598826,156.9293585625773,99.97123592815029,27.67989024413335
4,1,3,1,0.0,-426781.5657344891,-2.0405537606709894,36.719606515491236,316.09345495657124,17.69094777486447,36.544902454050415,4.7657383081622005,110.08096868195494,35.52472769934158,159.0273051283889,121.12631725261778,21.53961515510959
4,1,4,1,0.0,-441861.7830518262,-1.8097353590421168,38.31563377193138,264.5225639538443,19.06199830650975,32.32040904724077,6.808638169560104,129.46267288816424,19.346983143322262,173.12948565859784,142.54648984158734,22.41274847380675
4,1,5,1,0.0,-432191.83201655734,-2.0427634114353883,23.320510961853973,291.2938457186568,16.46134210937482,36.765776969700454,6.132200263407238,103.68144342957638,17.269564746080476,180.8875649683392,144.56415290122345,24.248599622740553
4,1,6,1,0.0,-35429.26941573517,0.7809581609440067,47.07865728288003,250.94660659871124,15.905287874058253,37.70975402150934,2.622904882980614,126.79085094604433,23.14208479610769,156.9026107102762,128.0,24.25101580073688
4,1,7,1,0.0,-447482.57538551866,-1.9249938723624929,59.177277040863494,288.1763470124368,14.143620135893908,42.09410278328258,7.076603986921654,146.37880667892654,52.3606587094381,190.65137499975788,177.97366850508283,27.44389822758068
4,1,8,1,0.0,-434043.0980023288,-2.033705439972231,43.22418703135976,310.18534665972766,16.285320585315958,31.223064577808934,7.581603956259304,176.1636540368661,39.32680572623726,185.71136618909972,180.50574911804497,30.943632135642446
4,1,9,1,0.0,-417314.1768290466,-2.149218610267652,39.35806640280613,275.5676578959073,16.824694653744544,32.93367057249546,8.439752242240772,110.18097049304481,35.596403444081446,181.20161310708892,92.0953900101654,29.06121149694821
4,1,10,1,0.0,-418309.0978034817,-2.4235159916200435,26.62311870672025,251.42184293355663,13.365808657287616,36.82598146124076,5.9075762925598205,145.2445344552793,59.77465059232658,166.07648264192082,92.78676960313095,26.183857999052744
4,1,11,1,0.0,-455942.05097662046,-1.5852763196285669,37.163866337359586,280.1742784613668,16.568542541477704,42.394819372318416,7.823653502360607,142.34639808408932,33.815094146336364,174.56365183054882,138.7854823581288,37.094260562940164
4,1,12,1,0.0,-378617.8996483411,-2.292851454745176,26.419314725392823,260.42567438950664,11.0,28.75929572908925,6.470956931575963,180.93122473490251,34.3353791456839,185.87945931626024,144.10901810592202,35.9279915687651
4,1,13,1,0.0,-428335.7861960094,-2.10368878288454,46.73438677149946,285.22381567947195,16.704687239253353,28.88503686040714,7.866286021632046,151.66954966560593,38.232448687906036,182.8393727120655,181.4195637799719,26.281355575825007
4,1,14,1,0.0,-410928.75407945283,-2.1611041494297316,48.85846499407963,275.06266064328474,15.96425745671292,28.900612348594137,7.05785182979506,66.86818447290675,31.342252090585536,189.0648072054414,145.40891989411014,30.6480970118954
4,1,15,1,0.0,-439963.70367095945,-1.9515028956885758,46.12098331764226,286.82513590157356,13.302292301714804,42.86877730520219,7.604336008156515,117.39275861118348,36.273079261031135,180.2139648186032,168.56404605839063,32.06818936087679
4,1,16,1,0.0,-443906.5517842389,-1.874319393282825,25.513887055180618,275.5852306092634,14.647835281161559,39.149208048434765,9.47250063215242,142.09709272583189,49.80034091032339,184.12569281408912,161.629202049262,34.613463005693234
4,1,17,1,0.0,-42537.944492529125,0.7527503208371543,65.32108966661528,251.67737425330128,16.42939167009396,39.92098169277547,8.745230600435299,130.3170115208085,31.437066582703267,198.8918467406731,168.3488834282406,31.137597663261495
4,1,18,1,0.0,-407215.50623573613,-2.3739437524190166,29.619924650568542,273.77880184129594,17.203895405977136,24.983876885590803,7.309580553799638,157.8444446989326,57.19744789660517,183.33338881059507,101.57771123174635,34.167535285630194
4,1,19,1,0.0,-462458.6033824428,-1.5753633501402617,61.69624472057039,300.99845949008215,16.53847825842602,41.83935268426861,7.1863584784785655,151.51814193743073,36.07560638008814,189.93430327551863,183.61010559625632,33.6023345450074
4,1,20,1,0.0,-444982.8380319937,-1.918538456457628,35.18509151394929,271.5166752796504,16.866209813916612,34.84434282523838,8.616663389008602,153.5640054384247,25.89174259320199,183.9783180890749,174.67321129360758,23.380854698815995
4,1,21,1,0.0,-442176.559004954,-2.06876747093759,21.70410678257671,241.53645209414282,14.492444047240873,31.54999023761132,5.730201920565939,175.9171611767146,40.466230790409824,182.098355842329,158.02617831489786,32.8
4,1,22,1,0.0,-455178.8340375583,-1.7329806688935676,31.039892839473996,284.6609094079694,16.57672906965598,40.13810288146587,7.732571051713224,147.96335687145586,48.54571029767905,182.26011596626066,171.41250111357118,28.553559351944145
4,1,23,1,0.0,-451625.739964322,-1.7715682884058401,24.81261183118139,274.5144594906478,18.339652446048404,32.49967445843737,8.170410934969283,185.29665311372148,34.460720805431244,185.85588802760114,146.1533186629376,34.58816294889735
4,1,24,1,0.0,-452088.19733336614,-1.740285031291978,47.20494779907682,278.75632514777595,15.64446639201733,42.404950378164855,9.381257420262996,157.12747503853632,21.158933270433543,185.85105974732215,155.78760429090147,28.885616170522695
4,1,25,1,0.0,-452047.7062704674,-1.784804973054144,28.120367031930115,258.6758842234285,16.050638201072168,36.6473699856932,7.903862693588761,117.26149665803939,18.71024084449198,192.95004007805312,195.6549767449319,26.95838161290868
4,1,26,1,0.0,-448486.40984484943,-1.9017728502824915,29.69398140921212,253.3670960974072,13.180333811483921,39.080125544162556,9.266037011462899,170.1621966537366,38.00389623095922,177.37940492924054,185.68987490767591,32.8
4,1,27,1,0.0,-438272.5823989734,-2.037273983364058,10.0,246.40517417364632,15.800023207990407,35.15189855650901,7.597151077007767,153.56226681357924,47.370821797605174,176.89894670053116,121.63981909301694,27.13054174048048
4,1,28,1,0.0,-448282.7756564823,-1.9375163554086108,14.986548719374518,271.68436228279626,14.44925487357124,43.20831591131431,6.657466931738593,146.60680572116667,46.62301504952564,172.83429273205243,166.20765831961316,25.023114352590166
4,1,29,1,0.0,-466166.4409933175,-1.6160729935311857,47.25978788630485,255.59613379722495,14.830529586573379,44.54689531495637,7.318560341315555,168.94061542278797,19.735719848620633,178.0282523668156,173.74818138667203,30.750568011350676
4,1,30,1,0.0,-434263.3592303318,-2.0435188857604425,23.35038924233148,257.6527851691911,14.60511474039631,35.83899154034165,8.39256801663495,125.03905979005134,47.71886948841565,189.9689677270173,139.80887609778662,32.8
4,1,31,1,0.0,-468662.3592859426,-1.4798051824733351,39.31220552497537,240.60721849607748,15.688024196147445,43.573750619473,7.513552485082706,129.73186140852368,42.108980849347084,190.70051998602156,168.26616706660295,32.8
4,1,32,1,0.0,-432702.47871592105,-2.1664734181258027,49.132762873836604,299.4363719948138,14.177951061936138,37.17033551448074,7.432329749139464,154.17950565265832,33.443711018992424,197.2409254244381,175.1664215623674,26.17752378729088
4,1,33,1,0.0,-389488.1710260342,-3.0424650536913673,47.148044062430756,285.0810089815835,10.521450764215388,36.53340104767578,6.426875389119768,149.55362402389804,49.52541272114256,192.22167710811772,149.1284529507003,15.525334293420396
4,1,34,1,0.0,-434648.8710394352,-2.0219035924575612,45.77025566781682,271.2872100387741,14.057905272653915,36.4207681943792,9.03113521530953,145.83283180506191,33.72958281506063,174.95165153384377,161.82671248571157,31.693485186672575
4,1,35,1,0.0,-407820.1042334815,-2.4687538489425864,41.503616435230256,296.2891104098462,16.360165423992942,32.36579405941495,3.4443061612247394,156.48345243785795,46.42273185863165,152.55859148045255,70.31255291876374,19.122776447737593
4,1,36,1,0.0,-413080.8420254843,-2.192249746608726,57.40694451233156,287.9864614890078,16.521995805790183,27.049056369983866,8.476362014546494,163.25778593769408,71.27012962391665,175.24055063775498,156.89290474878794,27.506007878588054
4,1,37,1,0.0,-439910.3684445807,-1.8871840586897417,25.817032780576163,318.15754994763626,17.030673656024767,39.472152103456054,7.322273204206006,143.02867964766847,6.58003978832,169.56203521156948,157.5113184776967,25.52429086961174
4,1,38,1,0.0,-450575.0555473342,-1.778604559272224,37.877169412001216,293.63341951692803,16.68996320900881,41.58200460722174,7.218596812562607,145.90198046600938,36.832610075298284,172.0101300590489,165.4944953983511,23.268495180873966
4,1,39,1,0.0,-399635.2042601541,-2.4451339442291333,36.59464267767267,283.58740843768834,17.21314411593535,23.36320919706094,7.9829548157668,153.70042196059777,25.854534802814527,187.35900937520117,124.8565014448498,28.55169659008966
5,0,0,1,0.0,-376433.4132981466,-3.2057562125946224,65.06016171593274,300.8933394850883,9.408826084130805,48.518700608133315,5.342168354074012,97.76246025123926,23.690395255412966,166.64919566746823,116.78254131856605,5.343750917800942
5,0,1,1,0.0,-229853.9969125673,-3.592469356227478,33.05871428522008,345.55452263165273,5.0,42.452996829606086,5.761799497859556,147.2309251497685,47.80327161736083,162.86983048703,94.86946257534748,6.520437336885492
5,0,2,1,0.0,-325292.6681002342,-4.05200367054733,46.46581138696414,314.34179341024185,6.492931619158167,47.957018463994146,5.664469832820399,120.37392998191717,34.43676781165625,181.59338244285283,112.96020090428127,4.0
5,0,3,1,0.0,-229284.57221925748,-3.5247775448806804,46.16701814311371,333.4952133049359,5.199817408539932,40.71181676346595,4.97105556088046,109.64141204849588,33.700217953026424,160.60365123918774,89.9319202397108,8.327057796036136
5,0,4,1,0.0,-268496.5513925272,-3.672777801847804,48.49991163517677,311.9855266787753,6.883684622796065,36.437766667766134,7.976527896389606,99.7006262235712,42.69144893197079,166.07875785714913,109.97128554992597,6.277576697710453
5,0,5,1,0.0,-343548.48841082584,-3.661801896461507,31.311220214475167,329.16327716625494,9.190287071234899,38.21340926198811,6.186010644686381,134.45840238151794,25.005466834301146,170.59423215250172,126.09600282866192,7.980728753993022
5,0,6,1,0.0,-318001.5018739021,-3.6434603159222108,55.405100255129824,322.51800025087465,7.935087069540515,36.8714853828678,6.012204425735656,130.71445186141008,40.73478365931355,163.2189004507219,137.76852181396757,6.925927068261367
5,0,7,1,0.0,-321663.06341173494,-3.9688780712184046,42.31930980373851,354.8960982645426,7.651416322855056,42.74201647226217,5.428695609091994,129.6441213462358,40.43653441090164,167.40349641360956,138.23934028891372,4.0
5,0,8,1,0.0,-246617.1230361776,-3.4525132313478952,50.89573982523805,327.057145207978,5.5360908560396105,41.41898578322805,7.953042400437833,110.9448198690722,34.55948280494229,166.46883412602725,102.02030062930254,9.337732334523798
5,0,9,1,0.0,-328390.80197358725,-3.988781842128742,56.14625796877077,341.1695359120991,6.70187245597407,48.05292685296162,4.737512821338393,142.03224872159274,35.23114112151637,160.09372354549083,86.516011143856,5.6362509850461935
5,0,10,1,0.0,-245092.8113697359,-2.87101484138649,64.20432017555717,302.09456528198115,5.0532512231982745,42.08088539139898,4.2634936360911,112.100952370159,54.88999696699659,156.9429697611382,114.84805624747506,15.977635160789236
5,0,11,1,0.0,-336219.1202533071,-3.3891468868523575,50.48617868737006,309.68052166749226,8.510201507476902,36.384662788481016,5.3873655745344395,122.64956444099438,52.40099117313858,166.9928086212765,111.47356080239905,13.711392063311752
5,0,12,1,0.0,-350912.3143830115,-3.6504169776972293,54.96677666639316,352.5854460465651,8.84717131453558,48.097802169400104,4.190204309045488,121.59008848156844,57.17591756359569,153.96644466130235,72.1330087538254,4.0
5,0,13,1,0.0,-309261.88083323184,-3.80493726610885,59.54371917863982,340.50175562285625,6.59803286544099,43.87043619698586,4.180874438411935,140.76051206153502,44.801953842295134,151.66272961072002,77.91538224256456,8.188122907502159
5,0,14,1,0.0,-383568.4869727756,-3.1121158844619874,71.06262165348562,308.9289853081404,9.11763770700128,43.58040629238591,4.841979270978412,141.79473584256732,41.14800856264496,181.1689568246804,136.5579968005949,13.331445295537634
5,0,15,1,0.0,-336601.4051356458,-3.6952267531121517,78.59285394022838,344.15499480221706,8.259992860120404,46.96800686783078,6.687292524605321,72.06243201612384,36.38545680532001,150.0,98.22240266087931,4.0
5,0,16,1,0.0,-335176.32450762705,-3.3347915922144664,75.71537707402862,329.987565080298,9.278150157758262,34.84971597795976,4.151764030490966,76.70293734581456,27.55612512241767,157.4754614446855,121.11010431510576,12.304045314346938
5,0,17,1,0.0,-279286.52383436356,-3.80608856021199,68.7775399058309,336.6940781342806,6.348991594204421,40.98396168737412,6.564711016682032,120.15296237197215,34.12935595065824,159.61257910159284,102.31113788983767,4.663287459028563
5,0,18,1,0.0,-314729.69432181015,-3.986786198350331,56.059069430105986,350.6448127784676,8.45257620850305,38.3173534399508,8.418740003981704,99.36946048735282,38.546802912015885,167.0640912601924,103.72052769073078,4.389865659172535
5,0,19,1,0.0,-376757.41765846196,-3.1676510748593056,50.85482440070125,288.62411805342765,9.626300562513222,50.0,6.912409715779684,95.2771116863218,31.861671011018224,160.52992004118062,61.980195064689404,6.412854205435678
5,0,20,1,0.0,-293706.1191055968,-3.6251308152861186,67.94797333354555,318.28911069791667,6.30164401750501,42.99061974216089,6.3999999999999995,115.39995194625612,35.630938204793125,150.0,104.69884180835055,7.48016654945232
5,0,21,1,0.0,-285778.75581321766,-3.824003034614786,73.6035798892105,340.3147595138424,7.184448143074812,37.98218257844164,4.785981867607187,89.66425301422541,50.14461322396704,153.4134057392643,89.4849210741007,5.117744388502856
5,0,22,1,0.0,-313638.9380666063,-3.633439475786829,73.53465640687268,336.1667415343648,7.349334926619263,39.4452143023884,4.238673472599093,129.3541545357859,50.29148771594308,154.25512483092163,123.48881668023154,6.493742196661093
5,0,23,1,0.0,-227026.56194899202,-3.527000824714062,67.83303398813007,352.27529327598967,7.224399747059455,29.577613866982237,4.768232470263233,86.94035122455261,36.88121903531023,150.34244196458073,133.95050200671645,4.38738110310918
5,0,24,1,0.0,-355953.7494680277,-3.513950241656319,70.76036686760658,334.90545951503,8.99151662792994,45.766130307635315,4.679858323096586,101.5968556258997,37.571083482547714,150.0,131.0439739227535,4.0
5,0,25,1,0.0,-353300.54956717516,-3.0985481467456633,70.42667324116925,358.5085065363391,10.479878807104477,38.03000213847546,7.976271593210983,83.90200900732415,63.87687472126905,167.18830112943968,163.2296583874206,12.452436434051563
5,0,26,1,0.0,-340880.53378368943,-4.121904560202927,54.37474095892966,322.14002912419187,7.100395640740887,50.0,4.7188298286101995,125.36734648126634,39.16268347277704,189.79486102631768,43.06041310177661,4.0
5,0,27,1,0.0,-347539.0954212123,-3.7906019923911254,73.52446537188915,320.51622909528726,8.0,40.187494921538715,4.493477004658033,163.78330084544695,49.82833498079277,181.24867215223355,87.84116034393747,7.471435455750671
5,0,28,1,0.0,-296705.8257079887,-3.868503496008451,56.35326727592563,324.31282841292415,6.66788836653615,41.595658599150475,5.99620059877388,112.05540599028524,34.44719109867036,168.06370182409543,119.16040636145169,4.655001041182811
5,0,29,1,0.0,-332417.6149150292,-3.131661117020084,39.85329005973752,306.55597668896297,6.7547390064457264,46.01569525933703,6.1974761175991135,111.91341796266612,29.22828456400704,182.16708611157432,111.20240107795524,22.347802943522574
5,0,30,1,0.0,-250040.28711410196,-3.6937047534040723,39.27949983595873,310.0076944519513,5.525421773730677,41.82024002554856,6.1341173475336355,112.46301808994897,59.082355845624086,168.57924541261383,99.83421937452083,5.9869705903279975
5,0,31,1,0.0,-324953.56019792065,-4.028506745914876,40.06717835608717,319.5370431742648,7.56789080802176,45.03213654073724,4.9832437431176535,77.2245929510095,61.08372800285371,158.5967157323366,96.32008303144914,4.0
5,0,32,1,0.0,-273452.1192667415,-3.7833233829078563,68.35741144999187,324.5227733497677,6.2466367039785595,42.101819707127476,7.458306081491511,77.69465662189073,41.860271686282175,157.53474697655318,122.89975935678015,4.0
5,0,33,1,0.0,-332499.4653704752,-3.9365897483529313,67.8946317887441,332.13861894899435,6.852948751613722,50.0,4.830052110452381,90.63150589892817,47.752819914411866,163.5252168485586,111.71988863643367,4.0
5,0,34,1,0.0,-326475.70582935424,-3.6082209962931597,68.37436328544665,315.50358665329594,7.083356133576157,43.007553556435134,4.731969819366581,92.11948153509267,47.04738710788995,172.84452081875423,109.95150193615099,9.739600270003308
5,0,35,1,0.0,-32798.14660362871,0.594787663607772,38.25612406581763,321.0054763261147,8.461039529094005,41.43416320606211,2.962526682495618,115.24952785070879,45.99024187474468,168.2433257630654,110.4214372653563,9.630606020654163
5,0,36,1,0.0,-355924.120781378,-3.691753955738172,45.01985927836924,292.1792520551874,7.572469631837471,48.02938659856245,5.460461538550069,111.80583710374465,50.57752958604445,177.02166817017257,116.02626113495208,6.820732396612858
5,0,37,1,0.0,-351113.7401562153,-3.749408248359567,47.417704116804984,322.10762959333596,7.853544041693068,49.258646178127606,5.570599335099713,105.2349077890971,30.96169426266512,183.54999618211335,149.57438188594801,4.055505788936657
5,0,38,1,0.0,-357948.68351941963,-3.525571894588781,62.92956104842756,314.79791421112634,7.278117152491042,50.0,5.612490103376395,119.7138783893267,32.67370476904507,170.75891043245014,113.17778252600257,10.760360146520863
5,0,39,1,0.0,-328007.2024167,-4.048801965558461,59.70044512321323,321.8085972051417,6.693762938319704,50.0,6.855838257474645,102.13707629999458,37.41110022625891,168.7652938622644,83.63765048306742,4.047545777967185
5,1,0,1,0.0,-323865.40504199546,-3.653726576647628,53.761620394735495,333.1466251322021,8.138485829697752,37.919515367208604,7.599014781869793,129.75536764500663,43.6677105878548,167.28182553389271,145.09439212362798,6.852525375528819
5,1,1,1,0.0,-403272.2250214702,-2.5865841488645405,37.03027066300391,291.22213611613523,12.021111109620803,41.27784604549767,6.251058011418094,73.04250293288483,39.35154853654354,179.5502829280293,122.0110447805602,23.148176239370205
5,1,2,1,0.0,-448340.44230081566,-1.6211550563146502,32.23354062903448,306.88057686334616,17.995608733862035,43.84540070142706,7.466432321412023,132.4236295326882,53.046879955598826,168.9293585625773,135.9712359281503,23.89927104266437
5,1,3,1,0.0,-419881.1609818467,-2.31843859106655,50.50566452867483,300.94836228211346,15.074421971045691,37.076439294993506,6.5657383081622,144.08096868195494,50.78460885195335,171.0273051283889,157.12631725261778,14.339615155109591
5,1,4,1,0.0,-445503.2230120584,-1.7482395104675683,43.89655826344972,291.16062874470714,17.49126112140706,40.88774368526757,8.457831162630841,159.9044271683516,37.34698314332226,185.12948565859784,121.31793740396272,24.578302577698757
5,1,5,1,0.0,-444013.4901762895,-1.942125259373635,45.32051096185397,286.8505243626665,14.46100925827232,39.96957047120767,7.584006654307294,130.82030360530865,32.83483914939395,192.1506930848543,180.56415290122345,28.589426122311192
5,1,6,1,0.0,-448669.3685876463,-1.9223679796206805,45.92075748722861,255.74691539399382,12.905287874058253,46.70975402150934,4.422904882980614,92.79085094604433,41.14208479610769,168.9026107102762,164.0,25.357139925206994
5,1,7,1,0.0,-435705.19213840365,-2.0771290481917424,65.88890077023873,320.1763470124368,13.092544704436683,44.65632126071222,8.780235465921727,159.56604425668976,62.41001229758551,202.65137499975788,179.89384567190754,25.8760441949709
5,1,8,1,0.0,-458836.40886099124,-1.619862037889239,41.27433614722631,296.54291154657955,18.122355574757066,37.26962508203137,7.402186489738894,142.1636540368661,31.376510389801595,191.88744220300683,184.85015424338783,30.975873590840894
5,1,9,1,0.0,-424970.21255607967,-2.046294965565217,56.099642602755864,279.98876374224386,17.551855843915398,30.14086726831264,6.639752242240772,108.76920139056679,48.69078348776169,180.22960376192918,128.0953900101654,29.78240921193984
5,1,10,1,0.0,-404744.9280284574,-2.5475122520982456,45.51260037557325,283.4218429335566,11.981424273492284,44.09515414167794,7.70757629255982,179.2445344552793,74.43096009107138,156.5092614240396,66.55152986062652,24.11994293516086
5,1,11,1,0.0,-462989.3688215763,-1.554584743996046,27.247241736433857,310.90901526343,16.763495341064434,47.11117714952107,7.303152963506676,138.9672767229287,47.31396362415917,186.56365183054882,174.7854823581288,29.993960966788876
5,1,12,1,0.0,-414732.70036961057,-2.2903330619852165,44.68876515983243,263.850097862638,14.0,29.84408838620107,8.270956931575963,146.93122473490251,39.46299360250195,187.75951675234745,155.70651461439942,28.727991568765102
5,1,13,1,0.0,-428895.67083041545,-2.2226672149914086,24.73438677149946,307.1597036253908,15.820359654733302,32.31976008903631,6.066286021632046,165.92650873499306,47.48267873277234,194.8393727120655,151.75770946141617,29.790750910600227
5,1,14,1,0.0,-418126.7018855484,-2.1103074488388285,42.95295691992424,307.06266064328474,15.907219908097288,37.90061234859414,7.066289097403311,67.69361275746483,49.34225209058553,201.0648072054414,114.9432668895069,28.372982529817083
5,1,15,1,0.0,-407808.1000248024,-2.1558790215291057,51.85797181827388,317.85138325215314,12.278587588805223,39.067304153027365,7.8856012390496755,85.72859294905477,53.01549105963013,182.7299895047227,157.9881320814985,35.23060263799649
5,1,16,1,0.0,-456466.10756570706,-1.7327750728128615,37.19785078062276,307.5852306092634,15.655769020573342,45.43691525203681,7.906729668573447,141.71490879002678,43.40525972902107,195.92372141207605,184.7509647933673,27.413463005693234
5,1,17,1,0.0,-426968.7096894303,-2.0046897025109613,60.69878013122374,260.1563318703143,15.707097141261704,30.92098169277547,9.045165312159995,96.3170115208085,49.43706658270327,205.6257355020181,161.4931177101369,29.973194698280345
5,1,18,1,0.0,-413217.9920410259,-2.308839872498122,45.39579989077696,302.8179357091891,16.55646259185517,33.9838768855908,7.882234028900346,159.10516760902954,56.317314473487066,183.85959607299662,78.91120775523117,26.967535285630195
5,1,19,1,0.0,-468061.5818566319,-1.547139009748291,72.34034552593575,317.68314558298795,15.991630707739956,42.90038034109577,5.386358478478566,169.06073584859976,38.41507981217689,195.7576778893991,200.0,35.95064988420288
5,1,20,1,0.0,-454393.54009813914,-1.7210829085033297,36.1799497360875,303.5166752796504,16.077171819289834,43.17004446619717,7.375994438736308,130.9604113402463,31.631162592703376,192.14573399351343,176.04424343561035,29.564478859619868
5,1,21,1,0.0,-482935.5700949396,-1.2858093127492163,43.70410678257671,241.1244174695001,17.335578823089136,40.54999023761132,4.874217265897257,145.3971440224762,38.57996557904768,182.02110124348965,192.91254850803335,36.82847210237836
5,1,22,1,0.0,-454490.97979755246,-1.742892311474652,53.03989283947399,314.9727384700998,14.008055988443704,46.23778773046595,8.076192531198547,155.0262311907495,59.48209277436332,192.83392853169718,191.84055683523164,33.923072917812874
5,1,23,1,0.0,-436652.6235484259,-2.0498522331025235,31.012606550172386,296.16262552612665,15.339652446048404,39.94836968946864,7.468157875157018,158.40776209195832,42.94813324639294,188.6296497424419,123.05313519865435,29.869463388894104
5,1,24,1,0.0,-467774.8683268544,-1.4516127902972875,59.19039711187688,285.92755676452816,16.795100844835346,44.18356606534741,7.581257420262996,133.3283704472593,37.755216143761814,190.4935635414834,185.07263267336418,32.275579588276614
5,1,25,1,0.0,-472861.82233206177,-1.3913977360722045,42.96506932107732,255.2239947504449,16.790119647989076,42.455436811665386,8.298162642970128,122.46890134380149,36.71024084449198,190.15316215678078,200.0,32.114936176433524
5,1,26,1,0.0,-462029.56548469194,-1.5379859161203884,50.56788017946013,285.36709609740717,16.030174500141467,39.86427935883591,9.800729826263016,159.42438883585768,31.34255481829169,168.55717245240055,198.9566928596946,37.152153445204654
5,1,27,1,0.0,-456370.05338870396,-1.652551508586508,32.0,278.4051741736463,16.04972817229727,44.10995702498679,7.2023265229620765,137.49076995311827,46.717341620196194,188.89894670053116,141.9050186798706,32.47489400127313
5,1,28,1,0.0,-446402.3884002693,-1.9936318226808987,36.98654871937452,269.59502425267453,11.44925487357124,46.639844333334125,6.703732160911529,142.311358823423,40.96452552459658,184.83429273205243,185.0045496568972,32.223114352590166
5,1,29,1,0.0,-467918.35283589724,-1.7313961754226144,32.317183286304854,253.74099742885147,13.520176753855006,49.07420312141089,6.5295654816527575,174.96767173790641,29.116957312509705,186.17876396681558,182.45556391703042,26.65552531281366
5,1,30,1,0.0,-467995.55823464826,-1.5532508625655987,26.534441093761195,255.83858530247718,16.056876114898735,42.779467068491215,7.495174601975685,159.03905979005134,29.71886948841565,182.72337925465038,169.23054085521272,32.174621600868974
5,1,31,1,0.0,-432399.60650289914,-1.994072392617569,36.52381517778595,272.6072184960775,15.903043769138476,34.573750619473,6.1635616300625085,97.83188280366686,47.20880353897638,194.76163919712792,132.26616706660295,33.2575597232521
5,1,32,1,0.0,-463296.8346791676,-1.5839635249602433,62.43816874360979,271.3518203900406,15.57787504449958,46.17033551448074,6.678151424987992,146.14389543989932,51.443711018992424,195.6995711302084,166.4696961977439,26.737353500074608
5,1,33,1,0.0,-376212.67621373915,-3.0957348319047076,65.51870730227697,284.46951113185673,13.521450764215388,27.53340104767578,6.519377734991521,127.98207030650242,38.78041757656788,189.76498159708294,113.12845295070031,12.48082800822619
5,1,34,1,0.0,-455357.18896532065,-1.6737328303292331,33.818307516113535,239.2872100387741,16.058257709057912,36.990503952867684,8.574178829705161,134.91848628615935,44.925256638866095,186.4339971030009,156.83061857018208,33.187785099285435
5,1,35,1,0.0,-424401.39474339265,-2.2404028629619708,39.64001010902267,265.6860038537576,13.553388965992653,41.36579405941495,5.244306161224739,122.48345243785795,51.67419371843547,150.0,106.31255291876374,22.812822214901782
5,1,36,1,0.0,-401378.11113127635,-2.210951862635665,35.40694451233156,291.7820411952912,17.171977861792392,22.70159950593437,8.313424639724605,167.04844612434619,68.22990259617856,187.24055063775498,186.1495241027635,26.622688158436603
5,1,37,1,0.0,-445826.14788143325,-1.8299516000677287,33.38702393234936,286.15754994763626,16.42450663753481,38.45998324919029,6.658958422534046,119.1973299470748,24.58003978832,181.56203521156948,156.77238293180883,29.397050612359045
5,1,38,1,0.0,-455468.12475776934,-1.809393059775706,42.23832403609586,266.5329952780981,13.689963209008809,45.00225053694733,8.464062220029692,160.03490452517124,53.28569670445483,184.0101300590489,172.0376486406376,30.468495180873965
5,1,39,1,0.0,-366490.71644339233,-2.2899519128885952,49.56707413999342,251.58740843768834,14.21314411593535,22.229984981408812,8.719729569763485,119.70042196059777,43.85453480281453,185.3182362778565,126.24833780930646,33.826557564154875
6,0,0,1,0.0,-387034.00480370555,-3.0078280575887244,64.6421217705124,298.67283506988366,9.851017457875546,50.0,5.4664766053434475,107.31092401723437,35.477549827431794,173.37021221549543,96.03341063533205,7.537739648902846
6,0,1,1,0.0,-333281.18325372785,-4.089696867180303,46.50685681448773,331.54846615107334,7.3118181662933175,46.25608813126938,4.7456667179716305,130.52365375022754,45.17506278675175,174.86983048703,58.869462575347484,6.1079616684625755
6,0,2,1,0.0,-384617.21121010266,-3.2578656662772603,45.34230049196602,293.3626921233322,9.492931619158167,50.0,4.751276845136876,139.52745162379284,47.35379259195972,184.29038594406833,89.46165621974474,4.0
6,0,3,1,0.0,-345824.2292946519,-3.5895079602764843,44.13315724853493,301.4952133049359,7.7260323197099705,42.21318004636191,4.729671253141113,126.45745009027115,48.78589505272414,172.60365123918774,78.03886064208213,15.527057796036136
6,0,4,1,0.0,-260047.42547285897,-3.593589460845987,49.848276815155614,279.9855266787753,7.071608810471396,31.09421938168793,6.176527896389606,128.2496969589814,32.235316815492446,178.07875785714913,73.97128554992597,8.743595903028085
6,0,5,1,0.0,-371570.33324623253,-3.2035867509404192,53.31122021447517,297.16327716625494,12.061377646373426,32.13949222875869,4.878163695142255,100.45840238151794,43.005466834301146,175.01951759514577,90.09600282866192,15.037116122902251
6,0,6,1,0.0,-347153.1797697842,-3.854404708305636,38.710102503120886,311.2979425883887,7.971380034899218,45.8714853828678,4.749846967206958,124.10658691989266,50.48564354775748,165.86945473435011,101.76852181396757,4.494736839579785
6,0,7,1,0.0,-346699.81529847276,-3.710004947939953,62.70844410856691,322.8960982645426,10.651416322855056,33.74201647226217,5.082521850805106,102.31341267596775,41.2380109421334,168.14791667611527,131.3653528304265,4.0
6,0,8,1,0.0,-348210.4133413647,-3.7196962828364932,59.72583665015053,295.057145207978,8.53609085603961,40.68392763070633,6.153042400437833,93.75748758301631,44.133747951112454,176.36594837094313,66.02030062930254,10.90816184466583
6,0,9,1,0.0,-327315.1534185685,-3.9889237336871206,56.65402982948002,309.1695359120991,6.494693213500811,48.2874834806319,5.935733585141078,108.03224872159274,35.94511356884287,172.09372354549083,94.56431122844194,4.9930888015214485
6,0,10,1,0.0,-383493.005397884,-3.059067297622636,65.80655470960436,270.09456528198115,8.053251223198274,50.0,5.201329453734475,98.3507218845746,42.40746058184897,164.9243643178823,78.84805624747506,23.177635160789237
6,0,11,1,0.0,-299673.73482493404,-3.5224675601340545,62.07885104388923,286.20146339194235,9.828462887409323,27.384662788481016,6.688289279935351,91.87376674693168,61.385556316740235,178.9928086212765,89.99300893516337,8.628974509075315
6,0,12,1,0.0,-375282.73070850316,-3.254683497389034,67.82369416377573,322.37442187468866,9.939760792312182,47.56019002901477,5.059408965777303,141.10704311311292,39.17591756359569,164.60115060498163,71.01254575369683,4.313608446189248
6,0,13,1,0.0,-326124.13697555166,-4.1471036437039706,55.015527050880216,340.1346081843842,6.479309295701461,50.0,3.5301474802511623,143.0377026050325,41.32746500266427,158.1315769137526,42.41018985752258,4.0
6,0,14,1,0.0,-384622.1603611473,-3.2343970253674392,62.9848223318117,315.48572938798293,9.4063763664878,50.0,5.499086609026774,154.99759715032016,25.39150273332413,189.97090327883885,100.5579968005949,6.131445295537634
6,0,15,1,0.0,-338629.04186790774,-3.739000979768156,87.6510988034847,312.15499480221706,7.1936777105354235,50.0,6.5933616601165275,81.44748520467465,37.07389868366903,162.0,73.52293567593071,4.0
6,0,16,1,0.0,-360947.14563022787,-3.3365481830867787,76.36780815909334,297.987565080298,12.278150157758262,29.739155833011353,5.951764030490966,110.70293734581456,30.568498475703166,169.4754614446855,92.91308440557202,9.429085685163244
6,0,17,1,0.0,-333961.39516016317,-3.97189228323544,70.69947028275553,338.07249529651375,6.912457688089513,49.98396168737412,5.22931948781381,116.99301427867535,38.11823254910343,157.74038289642033,71.24859167841646,4.691972259375699
6,0,18,1,0.0,-362446.8436269473,-3.484106013319267,50.993434701090585,318.6448127784676,10.229741923456194,42.82174919274726,6.618740003981704,107.49372628420224,37.74592198672513,168.07940124618173,78.76598423929946,4.854453051990549
6,0,19,1,0.0,-362397.9929554579,-3.510408274398027,38.85439711822345,278.7842494450111,8.589164927253474,50.0,6.312210269917843,74.46696184689,26.993334512797066,172.52992004118062,59.37673368563403,5.03905756946417
6,0,20,1,0.0,-336787.1835429639,-3.9468532434862826,61.63135713238606,326.99964244650744,7.232943586879394,50.0,7.166214165054813,113.87726971122039,37.6223715035521,162.0,73.92378164266793,4.0
6,0,21,1,0.0,-358487.6666306834,-3.3707646178070174,73.81972117143987,308.3147595138424,7.381500485311259,46.77639114812217,4.702727054025712,123.66425301422541,40.18966558479357,165.4134057392643,118.37273350624929,12.317744388502856
6,0,22,1,0.0,-369395.40722264285,-3.346142911338716,56.1117248707117,304.1667415343648,7.306153708181081,48.4452143023884,4.235891917151357,163.3541545357859,48.47412288449986,166.25512483092163,144.9385995262905,11.17980288308765
6,0,23,1,0.0,-305764.0014412307,-3.8470737798619825,46.83401051929399,320.34446239500716,7.515916805574906,38.57761386698223,5.328524704733313,97.0512359398901,37.516600814146614,162.34244196458073,123.5061760127661,5.234173760444289
6,0,24,1,0.0,-314381.9002894753,-4.04345656207587,55.23700878540177,324.5807819366666,6.004064598686042,50.0,5.206667268861392,116.75524755227809,25.519426421003068,162.0,95.04397392275351,4.0
6,0,25,1,0.0,-404632.98146556545,-2.4232866427449897,48.426673241169254,345.6605424062819,13.479878807104477,42.94396569029519,8.764041868046247,98.50102794116304,45.87687472126905,179.18830112943968,179.65488064025604,14.165776498543114
6,0,26,1,0.0,-346267.0757412779,-4.040284803898454,55.285028994207416,336.7548137793735,7.591506952361354,50.0,3.8967481917562345,133.49720826184094,40.030971725948206,195.0049435426079,26.61878036469731,4.0
6,0,27,1,0.0,-376876.8597247939,-3.293395734819298,80.3814574897799,322.30837473087286,9.877740090161355,46.6461175491971,4.450623313141753,154.9189269192174,40.26600667909192,193.24867215223355,51.841160343937474,4.0
6,0,28,1,0.0,-357263.5950324588,-3.80781326759374,46.83282130232852,314.9884344557315,7.863862587151067,50.0,4.471562785094889,133.4688501094,34.3564123799416,180.06370182409543,83.16040636145169,4.0
6,0,29,1,0.0,-395481.00238505536,-2.8069180191502725,39.20990382353772,274.55597668896297,9.754739006445726,44.831140019130395,6.24147965326916,77.91341796266612,28.50618458320276,194.16708611157432,147.20240107795524,18.368089246679542
6,0,30,1,0.0,-332933.51765722164,-4.148303042501256,47.27074418587116,310.21150460847844,6.511409528837918,50.0,5.061092967293034,130.45343972200436,48.977812153305116,180.57924541261383,67.55664811773947,4.0
6,0,31,1,0.0,-336334.0011449888,-4.010021551877873,51.378281160870316,320.910379136591,7.212944844221231,50.0,4.566183933988393,100.0303683679425,58.47535962728574,163.38376029190948,60.320083031449144,4.0
6,0,32,1,0.0,-320522.4546200602,-4.084914954153537,58.08254340558828,329.44985720304305,6.385038670924561,50.0,6.584472382080037,109.95853635145107,26.245420931176128,169.53474697655318,86.89975935678015,4.0
6,0,33,1,0.0,-344716.0526515238,-3.990112695809974,48.04202648310083,313.8529959807542,7.231355584061145,50.0,5.019918367865773,124.63150589892817,39.7255900403331,175.5252168485586,75.71988863643367,4.0
6,0,34,1,0.0,-343760.4470134864,-3.962710575191061,70.46126928783697,332.39575705496145,7.0899456179895,50.0,4.003889381586039,122.05170674880328,36.91544983527325,184.84452081875423,76.90211655730306,4.0
6,0,35,1,0.0,-327682.9569502215,-3.9030098281928356,54.60588958765342,306.82083615689425,6.373280367592776,47.58899085917826,4.762526682495618,116.61881064274571,33.59961481712553,180.2433257630654,74.4214372653563,8.902642425866494
6,0,36,1,0.0,-385678.57314307324,-3.362591149933593,44.98701666541946,271.4664479836885,8.781095116646668,50.0,4.066462421006031,145.80583710374464,45.551674569106744,189.02166817017257,80.02626113495208,4.0
6,0,37,1,0.0,-369150.61622967175,-3.469534380201658,60.42794799016055,299.87797144930784,8.452725251963702,45.48829132689408,4.1557557075510765,107.60790483968196,27.203382814350853,194.36178822884963,113.57438188594801,8.998511605272222
6,0,38,1,0.0,-380014.6010656487,-3.3250763953966507,53.01196705667712,299.69310644631804,10.278117152491042,42.770772754330764,5.479660736743746,148.64321667517322,43.27723522107641,178.2324711419132,77.17778252600257,7.24189125088698
6,0,39,1,0.0,-331131.90611308144,-4.1552600382885245,61.92327312659914,311.5037685160891,6.605144127360537,50.0,5.067558393040654,97.69426187450489,37.88730352085654,180.7652938622644,47.63765048306742,4.075828508555884
6,1,0,1,0.0,-405527.75972268096,-2.600654735422689,47.03876164661687,301.1466251322021,11.138485829697752,46.919515367208604,8.787935700704148,95.75536764500663,42.078416077438305,179.28182553389271,177.90077623898813,14.05252537552882
6,1,1,1,0.0,-334028.47646163474,-2.288723459878149,31.629236610104655,259.22213611613523,9.092515526172733,33.83905737685656,7.932557585216975,39.04250293288483,34.66770969522417,181.14032005684524,158.0110447805602,30.348176239370204
6,1,2,1,0.0,-418629.5595808496,-2.1332937301712427,40.77121551093917,309.81899468503394,14.995608733862035,34.84540070142706,9.266432321412024,114.317097093912,57.86555905940898,180.9293585625773,171.69069303231254,27.46586062769075
6,1,3,1,0.0,-442176.97813599306,-2.1720675709017563,34.679197538557446,268.94836228211346,12.778710121635097,42.80569775041696,4.922124555156272,145.36786583028456,59.42505718805211,183.0273051283889,184.3442451837331,21.53961515510959
6,1,4,1,0.0,-439320.9161453596,-2.066848308268685,23.49474986056911,259.16062874470714,14.49126112140706,34.694926530875634,8.681760985995417,169.2069502755104,54.36307832621509,195.72485728658185,157.31793740396273,31.358306994609695
6,1,5,1,0.0,-430797.64888834686,-1.9544270145612428,51.42857448737661,286.4721015334911,12.250299651018967,39.340486371750835,8.426020078110033,124.41159095626189,49.44117204691224,195.85798779253054,188.36568178725474,35.78942612231119
6,1,6,1,0.0,-451144.9424773704,-1.9069056054709552,27.69257483704503,252.48630233794822,12.561639812558763,47.61553339822874,6.222904882980614,85.45922036513993,52.994705808622456,180.9026107102762,200.0,24.48301041339777
6,1,7,1,0.0,-450731.27550659585,-1.8516341834083254,43.888900770238735,288.1763470124368,14.23464304350035,46.296195629123034,9.601576991437462,156.47694512721085,44.41001229758551,194.79702112697515,164.33131778578104,27.549612491389404
6,1,8,1,0.0,-446693.447481136,-1.8891579259136597,38.70932556464679,264.54291154657955,15.122355574757066,40.95914314957588,6.208093116454759,108.16365403686609,40.95960097347293,194.33538533213715,157.91136062579434,24.86690683263915
6,1,9,1,0.0,-448083.39292557264,-1.6049164384024899,41.508617498314514,275.1547718389035,18.410458609088455,39.14086726831264,5.339285278602783,116.16340555239832,55.487705437209144,176.3338020165242,116.1197474712925,27.35722811124645
6,1,10,1,0.0,-442493.63502761093,-1.6302203383029792,53.67995187098752,258.78100621238144,14.981424273492284,48.20186128719762,8.85723826291993,169.67615584866275,66.0561113726553,151.80930261685617,85.04366541739869,29.84694070852996
6,1,11,1,0.0,-447619.3407774269,-1.8339932706593072,18.015455137824908,287.1051202737912,14.936782668754146,38.11117714952107,6.79838170535873,131.66908199521413,29.31396362415917,196.05886131269054,182.883941413707,35.52103709744526
6,1,12,1,0.0,-439285.65528894315,-2.0058069607471656,46.24871993320209,231.850097862638,13.82034020375935,38.844088386201065,6.470956931575963,116.30765092029928,26.736121036904535,190.3186309913214,119.70651461439942,29.469098549049747
6,1,13,1,0.0,-442545.2442334652,-2.04439180016954,26.590778243093116,275.1597036253908,15.04155520507985,36.52007626308672,6.029403778348451,164.02899452867237,52.274616461853505,197.53450676532282,140.95182216109018,32.62928646233261
6,1,14,1,0.0,-419666.28369850264,-2.244494418611472,27.766645509807887,279.44625052207124,13.828643234410432,43.911485612283215,8.86628909740331,99.80237786649454,65.18667138858599,206.67359151244045,103.540537949019,21.172982529817084
6,1,15,1,0.0,-419194.8411189766,-1.9534439437643911,53.76306523101132,330.98185530187027,14.404384585013231,38.585506321682026,7.981934004802903,74.03920170448862,50.54081096789517,184.69141991774816,158.5121141069045,37.091855656975106
6,1,16,1,0.0,-454731.6097777184,-1.7526214808325835,46.86056973518513,275.5852306092634,15.89655325362898,39.505166836617235,7.0525456629252306,149.92328868020059,26.506565757836434,185.67621923034315,166.22624292631835,30.606595436569712
6,1,17,1,0.0,-429025.71467191086,-1.9857113843326797,39.35035977705258,258.5683808907507,15.197954647733669,33.61644412678728,9.221851866817298,81.13840847298896,56.90457725555067,208.4161687833323,163.4193396765388,30.02693491438749
6,1,18,1,0.0,-440703.2520528393,-1.8459550757533603,30.20625916423863,270.8179357091891,14.944390607232293,42.9838768855908,8.051336063794858,125.10516760902954,38.317314473487066,171.85959607299662,114.91120775523117,34.167535285630194
6,1,19,1,0.0,-458828.3229450896,-1.6620172691050932,69.02334725595637,288.78173253075465,14.98946489087663,38.36919981825307,5.496319797890624,159.1853759598475,38.587616434000864,187.56921604743854,185.81022013007143,40.0
6,1,20,1,0.0,-428110.4029063231,-2.1333215196983972,30.670453452931255,291.21396818101744,14.807012370836455,34.17004446619717,7.254504681799368,131.3009172496237,29.05958848426844,189.75582367730524,166.40884632272446,29.838260160014446
6,1,21,1,0.0,-37205.53569386776,0.7556701535102102,54.23801040726352,232.42484479224416,16.209083581510306,31.54999023761132,3.074217265897257,125.60356870927399,24.331191849448146,170.02110124348965,163.0747531040954,40.0
6,1,22,1,0.0,-454202.623473562,-1.8354864801987605,55.57737130996411,282.9727384700998,13.318378737157715,45.27656604529755,7.272532195773167,145.49787644800801,41.48209277436332,180.83392853169718,198.8878795707063,28.784900870164464
6,1,23,1,0.0,-432136.0970648509,-2.2357188421389127,43.789236384419496,264.16262552612665,12.339652446048404,38.93027306722516,5.668157875157018,153.74665122405662,24.948133246392942,176.6296497424419,151.38507921560932,29.255675482731416
6,1,24,1,0.0,-454656.43416995317,-1.7502086242048098,46.26061864995355,253.92755676452816,14.073190977604433,42.60443579948596,5.781257420262996,127.23156422311229,33.39952668195164,178.4935635414834,149.07263267336418,36.38997360581824
6,1,25,1,0.0,-45077.240783424924,0.7340551449149337,54.95615072856404,239.8147391873415,17.27376183314743,33.455436811665386,6.4981626429701285,151.69839085773592,19.12455782001932,178.15316215678078,171.26501513227396,39.300442729817384
6,1,26,1,0.0,-435864.14619318495,-1.8072932541985076,36.8088907929572,300.3070129697659,13.030174500141467,38.72295804273297,8.000729826263015,135.08867415871134,29.47665389132854,173.60133449009072,195.9843092162441,40.0
6,1,27,1,0.0,-444530.88020853867,-1.8901305788762697,47.79564643971598,246.4051741736463,15.96208901947598,35.10995702498679,5.402326522962077,149.57886314538268,36.59463339989496,177.44624665018304,113.29342112022032,33.88824768175466
6,1,28,1,0.0,-432817.7720168653,-2.3007216384946374,55.19856256378607,237.59502425267453,11.608157212399902,37.639844333334125,4.903732160911529,154.61389598952823,40.0475069191317,178.1424637796844,162.65000304056224,25.023114352590166
6,1,29,1,0.0,-470774.2319557506,-1.7211443034122202,24.048454314032682,242.8777137090152,12.869826835520065,50.0,5.670263847913456,156.88860659643447,40.08421853502999,187.13987186831062,190.00736947190893,28.566172144817042
6,1,30,1,0.0,-434668.0942813516,-1.941514826840788,32.7902441772225,245.21338933682802,13.056876114898735,33.96692573668574,5.843582036529984,125.03905979005134,17.96345769943268,171.7163984490785,172.33224059322802,37.546370032346246
6,1,31,1,0.0,-423853.22766112984,-2.0074227070561004,14.523815177785949,287.1836877182677,17.265997905905955,28.64756760635591,4.363561630062509,89.49357469779102,37.46310817919288,188.59581356537262,135.32390354891038,40.0
6,1,32,1,0.0,-448688.8747485204,-1.9894536253448918,67.34334814198779,260.02893222420687,12.57787504449958,39.509823905928315,4.878151424987992,177.8886643824704,61.048164818881254,183.6995711302084,177.6599699536617,30.991561028705263
6,1,33,1,0.0,-34384.18862773266,0.6101371202679332,75.17180931713762,252.46951113185673,13.178546923453492,24.003405269134035,4.948484866925501,115.85355083463214,20.898817308958694,180.18266623706722,117.54140349185555,16.302639676664
6,1,34,1,0.0,-439737.8284293954,-2.0040533031644774,29.18378728728909,236.55979888184044,13.058257709057912,37.67531696386917,6.7741788297051615,108.68088769907898,46.82797701500367,181.81794674059634,158.48523182995353,32.82521817495934
6,1,35,1,0.0,-427374.77287795045,-2.254393607196672,41.45021217866324,283.20071362657944,12.406888493703395,40.367803408144276,4.182074780050138,135.382664790421,42.53149048087424,157.35741186536669,142.31255291876374,30.01282221490178
6,1,36,1,0.0,-459602.08498303255,-1.6594181454348547,26.188584768948235,259.7820411952912,17.7245447914704,31.70159950593437,6.513424639724605,140.77333190730675,50.22990259617856,188.24364097164613,200.0,33.822688158436605
6,1,37,1,0.0,-427575.10022320284,-2.052808289411219,55.38702393234936,254.15754994763626,15.569822251594584,29.558979283096065,4.858958422534046,105.24234081433401,42.42882434804935,184.53125051252755,132.11863609413288,36.59705061235905
6,1,38,1,0.0,-475704.6786732939,-1.3661816300083063,45.81921334462501,234.5329952780981,15.880594160996118,41.263599352162586,9.169433561830928,147.72600045113487,53.50807268567065,191.68607257075936,194.14268542279757,37.66849518087397
6,1,39,1,0.0,-41913.44211786872,0.6527809686357863,58.107044202578614,225.61559265168353,14.457284487894228,25.36562972426725,6.9197295697634855,139.07547232648284,42.9509656023589,173.3182362778565,162.24833780930646,31.868650290742902
7,0,0,1,0.0,-366304.8121614288,-3.6005166420475296,62.71261803567778,306.51099371774006,8.180307733554242,48.56872210191266,5.90755434883738,136.3272115710579,38.86069255919482,185.37021221549543,105.13795975621852,5.4654235773693385
7,0,1,1,0.0,-360846.37810874084,-3.6576886833299582,66.12167981643773,319.48576948905907,8.560732223269003,49.263342321428084,4.03122564554088,118.30951259160096,40.16500017338755,186.86983048703,27.08242438198121,4.0
7,0,2,1,0.0,-395053.7778967923,-2.9073339511977663,57.157860903058705,288.83122873377846,10.52002467772435,50.0,4.119674806152823,140.4739645232661,51.46266113956456,189.43150839058427,62.07012234253458,4.0
7,0,3,1,0.0,-392450.524854097,-2.9948841231517442,63.61814492555146,304.5548520922172,9.758593907807937,49.83120816832362,4.625253058790997,133.84257664071308,33.83412263728471,184.60365123918774,54.50192371810771,21.09219055241137
7,0,4,1,0.0,-251417.91651699328,-3.4423371677405883,71.84827681515561,294.7941751579723,9.154853351561595,22.09421938168793,5.727394111303276,159.40042594205738,38.25905095403038,179.1401177122313,109.97128554992597,5.384674116431353
7,0,5,1,0.0,-27896.10318134092,0.7942875530256268,75.31122021447517,299.3151330291059,15.061377646373426,36.68976159990986,5.732602388661598,92.90403452550332,26.445938659331347,185.67183263508153,78.76800230929071,9.560793432376112
7,0,6,1,0.0,-340619.9608827075,-4.074349962167997,39.006893849067666,306.368820915043,6.94583978483369,50.0,3.885483371934937,120.22418741899557,42.382276443508026,177.86945473435011,65.76852181396757,4.0
7,0,7,1,0.0,-381315.96222791076,-3.074831073677028,84.70844410856691,290.8960982645426,9.907356502998095,41.54052460293988,5.449638806768512,115.52837596913571,38.317697280698454,172.41427683940563,109.88739515668158,11.2
7,0,8,1,0.0,-378623.8986391748,-3.079885445918839,74.26950129349174,327.057145207978,10.52645435172223,41.33769077946265,5.905742698640009,117.92048020778496,28.998144182999415,181.11144470712327,89.73750994432332,18.10816184466583
7,0,9,1,0.0,-355386.8537346044,-3.756975829901444,75.26604004053986,307.326917167809,7.522371657728502,50.0,4.610655811579327,116.65746565855164,41.747641568270176,184.09372354549083,58.56431122844194,5.104315794537978
7,0,10,1,0.0,-397148.17209712084,-2.663103975079551,64.57563721244414,300.34772136017256,11.053251223198274,50.0,5.146478649702018,89.71995104525153,30.552202975755005,176.9243643178823,63.976965966152775,15.977635160789237
7,0,11,1,0.0,-381168.27514951647,-2.8839441205852276,61.84266555271387,318.20146339194235,12.828462887409323,36.384662788481016,6.395316778548383,66.40571643011138,49.522832588124174,183.4538972809282,109.67041630085902,15.828974509075316
7,0,12,1,0.0,-404704.1796216382,-2.3989882618176606,56.84064026432708,301.6830976174328,12.909391901593532,49.53047482910512,5.408348556465361,137.2332598378876,21.509354175458817,176.60115060498163,64.56146822726107,4.294480503526325
7,0,13,1,0.0,-323730.8530849523,-4.211261023511844,52.00114109060579,339.89020069180094,6.400275842243831,50.0,3.0969630765623504,144.55361248904725,39.014521982179986,162.4378435074071,20.0,4.0
7,0,14,1,0.0,-330889.5648842,-4.136529823825266,52.48478634217039,334.0288733951532,6.4063763664878,50.0,3.699086609026774,154.70373740714126,20.446585653048015,177.97090327883885,64.5579968005949,4.0
7,0,15,1,0.0,-311651.69002686697,-3.9837880017606615,79.9043722745921,298.6914799597847,5.7823508366746195,50.0,5.782892297895377,99.81057927478818,42.24627625145487,165.85735374252423,37.52293567593071,4.0
7,0,16,1,0.0,-369693.63016069704,-3.289882793501479,68.07286383300675,290.2423780242645,9.480305269570879,38.73915583301135,7.751764030490966,144.70293734581458,24.48929444310338,170.16406436912624,128.91308440557202,9.921167015785858
7,0,17,1,0.0,-338281.0665131312,-3.9855144084609995,68.06027306060604,339.80554912602094,7.162608743919593,50.0,3.4293194878138102,120.76694673750241,40.82219656160429,156.65750245045368,35.24859167841646,4.678173731476208
7,0,18,1,0.0,-387770.64816120965,-2.8911588683958858,50.0907405921584,323.6532724018788,11.347816788438298,50.0,4.818740003981704,141.49372628420224,38.41639785365246,163.13362782138904,42.765984239299456,4.0763225534489225
7,0,19,1,0.0,-363706.763967362,-3.5858747528952075,56.32337497351013,302.63482881592813,8.390871598947909,50.0,4.512210269917843,108.46696184689,39.269161831498664,160.52992004118062,59.09043098641753,4.898741426504345
7,0,20,1,0.0,-331233.27456748096,-4.161546870046349,50.42271961499003,332.82884367181157,6.981068923033939,50.0,5.366214165054813,127.41772312424699,41.455121720504195,169.95941404341184,37.92378164266793,4.0
7,0,21,1,0.0,-346347.97035978624,-3.9311227439493495,51.819721171439866,309.65009384645094,6.614507309272749,50.0,4.111449538927563,157.6642530142254,33.609715868633025,170.3441658438136,82.37273350624929,6.465431467659158
7,0,22,1,0.0,-339603.5702631314,-3.7556709184107775,44.00485608964149,305.3544085432565,6.153727961818781,50.0,3.267793923643907,161.44338594676037,44.17290385453941,170.36742416779845,108.93859952629049,7.776639664509183
7,0,23,1,0.0,-347044.40503242216,-3.861777273870322,33.55411562955847,307.1828941594498,7.597831215932736,47.57761386698223,4.7524543252267595,129.6700520410399,42.450685404807594,164.62069831889607,96.39742057096039,5.28141870567558
7,0,24,1,0.0,-312028.5811854137,-4.000775850915465,55.75832232385627,338.5149676158811,5.9062523053821225,50.0,3.4066672688613924,129.55675107571022,43.46773684816432,164.40145289330312,95.09000501580388,4.0
7,0,25,1,0.0,-416682.13872016635,-2.1963124091920427,37.13671035591325,334.5513169617316,14.909336645357168,45.82081180913295,9.069843859336117,110.7547959800396,35.11638561241827,181.41409550909555,146.03419352781725,12.65609349781275
7,0,26,1,0.0,-40563.15591004192,0.5333150880470131,55.60879637956093,347.86826927252446,7.268174153424059,50.0,2.9053323272548592,142.42257314002256,42.23532038341125,183.0049435426079,36.46552541096975,4.0
7,0,27,1,0.0,-379511.1855978383,-3.171007425659178,58.381457489779905,330.4680940499459,10.215692755733366,50.0,3.1586075683682537,141.06557572695746,34.289717623482574,187.94345245858244,21.98874072897992,4.0
7,0,28,1,0.0,-353998.07060986763,-3.8818585103968934,47.935872870168815,320.2027376934581,7.62675151834206,50.0,3.4136496734687585,154.41035372426478,39.25140349415993,168.06370182409543,47.16040636145169,4.0
7,0,29,1,0.0,-388647.5086564244,-3.011982914704704,49.01869784613267,286.3246624416644,9.932502684651592,46.950278427253664,4.44147965326916,69.28125827087926,44.98577103627215,182.16708611157432,112.31034992256201,11.168089246679543
7,0,30,1,0.0,-349206.2292688301,-4.051387827719087,52.590459890031575,310.34717961012655,7.167774709939074,50.0,4.346788111056785,142.42953809791763,42.25128779618252,188.56756183177382,46.069693747643356,4.0
7,0,31,1,0.0,-326075.3168261348,-4.143867917320738,58.695961105081295,306.3966724860481,6.088434667995285,50.0,4.93827967602618,134.03036836794251,54.75251459348327,175.38376029190948,46.49050552652376,4.0
7,0,32,1,0.0,-334083.14022666396,-4.162339973667932,40.50067621878012,307.0627886678314,6.627520738261121,50.0,4.983454418473659,132.60436003905082,21.60105209123079,181.53474697655318,57.88355587668656,4.0
7,0,33,1,0.0,-385655.3363571342,-3.0521609608468387,50.68406807738809,305.24891252407417,10.231355584061145,50.0,6.819918367865773,138.71317905785915,57.7255900403331,175.90649694442467,111.71988863643367,4.0
7,0,34,1,0.0,-330104.0469791983,-4.208652038676837,59.80738189850386,338.1051584113972,6.3801454775044215,50.0,4.049128821087232,148.09198980251847,31.03227114073904,191.58867273431372,51.69035431392187,4.0
7,0,35,1,0.0,-282729.7563276106,-4.034674671666582,59.22678667153888,301.41492156172137,5.066889088404773,50.0,6.346390799291018,129.26619022666912,36.259757220822856,188.6807720019417,46.87499814217002,5.410990212132127
7,0,36,1,0.0,-361423.7397061111,-3.8641450774852015,45.389917880214945,303.4664479836885,7.852280761346386,50.0,4.515068925462285,152.71824087354318,42.60772186517913,193.80727513491937,44.02626113495208,4.0
7,0,37,1,0.0,-387130.0784811383,-3.11529249915896,49.80876348798374,298.72158714236144,10.079096923508187,43.964296844978115,5.428697722352985,112.86356942710307,44.7883585376362,190.0785308595641,119.75826434466393,11.656327657320507
7,0,38,1,0.0,-383118.76299127744,-2.913579488339893,73.90837510209754,304.58871807401744,12.430596021712619,40.31788522962197,5.389441693249714,141.89647458191834,54.365072023482966,166.2324711419132,48.223031413570155,4.6336927770749945
7,0,39,1,0.0,-333075.5274415905,-4.194620335896746,63.4029942463005,304.64391583163996,6.546151202141242,50.0,3.877112942781382,94.73671125596988,38.204308737280904,188.7536102814244,23.672701225587424,4.094656125317583
7,1,0,1,0.0,-435706.1487942943,-2.059536124242384,49.83598700668885,269.1466251322021,12.394150102951924,48.61208711566701,9.356898168342195,114.32812792691558,26.269103492174555,172.48605863864992,162.64105386999927,21.25252537552882
7,1,1,1,0.0,-342206.0480513847,-2.69469410822467,40.599680079662264,261.0644634549964,11.850257281816322,25.54938864979987,6.132557585216976,73.04250293288483,30.79098155625544,173.14868298089806,130.13862412055337,23.148176239370205
7,1,2,1,0.0,-393745.63670642197,-2.267449396394261,62.77121551093917,277.81899468503394,14.711278311519436,25.84540070142706,7.466432321412024,119.78317235423859,55.825576777975996,168.9293585625773,154.57332255728895,29.55207838165806
7,1,3,1,0.0,-443445.9110873685,-2.021318069228112,36.187265117275864,282.9486782690906,13.589103097169563,39.52892396264205,3.3441379779343956,111.36786583028456,41.42505718805211,189.6449009463479,185.52778722501537,28.73961515510959
7,1,4,1,0.0,-441590.3692000054,-1.855137616729294,18.28399420678258,256.0412842672364,17.49126112140706,27.048379736042044,6.881760985995418,135.2069502755104,45.00019416714176,199.73161112750296,193.31793740396273,32.87730545642971
7,1,5,1,0.0,-437319.1737316627,-1.796994474234586,37.967420724552724,312.08955933256465,14.793056572439125,39.95758561642864,7.732496233179534,90.41159095626189,41.52794711837353,183.85798779253054,175.11477495657454,37.98755825466705
7,1,6,1,0.0,-449935.7564361396,-1.9141685761838099,35.5779267295518,250.1687515672743,15.561639812558763,38.61553339822874,4.422904882980614,119.45922036513993,39.38939342544266,173.94970729898426,188.8262071347784,17.283010413397772
7,1,7,1,0.0,-466808.0654698744,-1.4928639637024004,42.148039762867604,273.4440377937229,17.23464304350035,41.18664806715282,7.801576991437462,143.31632923940404,49.44549082781007,191.1813518936078,178.37187980018066,32.56386586823597
7,1,8,1,0.0,-439647.44936277665,-1.981574876059425,44.503014756723985,285.03859305591584,14.258854403035487,37.6825073460163,4.408093116454759,103.39859750752558,40.24618109600285,190.3463059989756,170.88917231634233,32.06690683263915
7,1,9,1,0.0,-447127.6960365753,-1.8407925499940267,32.168182377172236,281.4381253617754,17.631433788651602,34.63331845604848,4.985049305739644,129.3910595633027,37.487705437209144,179.71319891870647,152.1197474712925,29.016301837679585
7,1,10,1,0.0,-454086.08130852215,-1.6405465813606357,47.475068278985674,246.83154960533173,14.493655725812475,46.73178215095397,7.05723826291993,137.96489278806223,48.056111372655295,163.80930261685617,121.04366541739869,32.296076393931685
7,1,11,1,0.0,-451624.05632576713,-1.7479176179831208,20.30112665191941,255.10512027379121,14.567341584634937,33.25033350733525,5.187122718037499,137.53364414487893,23.662725591434665,202.3753984904467,200.0,39.246928238049584
7,1,12,1,0.0,-448350.16318643955,-2.0259203201601395,27.02158626795284,209.2928506279039,10.82034020375935,42.075591329420966,4.670956931575963,127.60526895823976,34.36953576794823,189.45345228099853,154.063715804408,35.44793469651631
7,1,13,1,0.0,-480479.65478639764,-1.2322458984336728,42.37698093111341,243.15970362539082,18.041555205079852,41.76054518859897,5.29251874916574,147.53965215922958,52.39436261420669,192.53797146741718,165.4895195061079,37.489438032129776
7,1,14,1,0.0,-411847.77171875787,-2.4044853067614063,12.240578422278032,248.44832268594968,13.358782288654153,34.911485612283215,9.097396747052926,116.1338414670015,58.90042397866461,194.67359151244045,116.30987341992464,26.90813367241436
7,1,15,1,0.0,-449467.02535372926,-1.6523339204522867,44.568851598983535,298.98185530187027,16.66355558502707,39.27430056236426,6.181934004802903,97.0061891776599,35.06918859617448,183.96954627114945,161.31967331536174,37.521642938420804
7,1,16,1,0.0,-441427.61502375937,-1.8669328159899128,46.62067800379356,243.58523060926342,15.52036126914066,30.505166836617235,7.975552766152438,162.42734374409028,26.10984408663633,176.30386937508635,154.49580727882773,37.806595436569715
7,1,17,1,0.0,-37727.668864947686,0.7639353886842684,60.00226315824446,256.0033840656261,16.583936235032702,36.81615024766184,9.142747354110796,115.13840847298896,48.19061393466331,196.4161687833323,172.22512364072506,34.973375679923464
7,1,18,1,0.0,-440611.54299690685,-1.8196355184666368,38.42994722876666,241.49256281076313,14.53524856702172,34.76821273352148,6.2513360637948585,91.10516760902954,20.317314473487066,165.1823757080736,150.91120775523117,40.0
7,1,19,1,0.0,-462333.88419668924,-1.6004572238814105,52.23742310693988,270.18345479141067,16.92001006874238,34.37621739954346,4.737516378429113,153.09023315794838,34.4272205227725,175.56921604743854,182.289786766028,38.85544443425014
7,1,20,1,0.0,-401946.2331036029,-2.4294654274571754,31.853873982059767,259.21396818101744,15.201984429817575,25.17004446619717,7.800132050657378,145.39737801486842,22.20156886757921,177.75582367730524,157.60535318323008,24.001062171507193
7,1,21,1,0.0,-437668.81159098627,-2.0166691409971484,51.315509090178615,237.98143636602268,14.228058714224925,31.8305881719294,4.874217265897257,159.603568709274,32.354310017700215,168.97914866136983,127.07475310409541,40.0
7,1,22,1,0.0,-458059.106910454,-1.6753443001752744,33.57737130996411,259.5576487646269,16.318378737157715,41.24300369204407,6.8767910062072595,139.6894762806346,34.7372498574498,172.65126568829066,162.8878795707063,25.89620876459287
7,1,23,1,0.0,-430216.1821376318,-2.114539163269992,21.789236384419496,232.16262552612665,12.95934298871698,31.092106152710564,4.087360483859029,158.6368526713132,15.434719142389433,167.092871732219,153.10588903565005,35.65665913554405
7,1,24,1,0.0,-453661.0087516049,-1.742507935956167,36.68659542599806,225.4789685958094,14.98101935481393,37.37274896267959,5.810299588296079,126.6436139784288,35.56650989754454,168.47053068601542,137.75288256371147,35.45802265974092
7,1,25,1,0.0,-455712.30545768904,-1.7111247810929813,46.49753841166333,235.3941294120362,14.530422166097205,35.414505444359406,5.479065922126209,138.00796099639638,14.837311896179024,172.33225484250914,167.90973150398864,40.0
7,1,26,1,0.0,-422142.06658345886,-2.0304658588437348,27.59922227966892,268.3070129697659,12.840988131858605,33.54010758697431,6.7003093679268195,135.4053220290619,39.55818791400793,173.95444888349397,159.9843092162441,40.0
7,1,27,1,0.0,-446636.6733701717,-1.8561936430916015,37.0048097121503,257.4956092705791,17.07407284805226,31.233210974297425,5.5921908966392655,153.68846920444278,33.30557305640838,168.02978368855221,149.29342112022033,34.153100454782034
7,1,28,1,0.0,-454781.98482942494,-1.9838728075248784,37.60321836907579,227.14463922856385,14.21007971900405,38.07210785636201,3.1037321609115294,158.13331001960378,44.560190527967535,177.3140003081056,171.6772895986685,19.1912906076166
7,1,29,1,0.0,-474606.9590501603,-1.4921933648914028,40.36908687007377,251.01563795620504,15.869826835520065,41.0,5.701572466973024,150.93195428165282,32.01416681928288,185.56060736915418,194.3778299524297,35.137441022876445
7,1,30,1,0.0,-334687.99722724187,-1.7807647998061036,49.09017844117042,239.21726097055745,10.345535855190615,26.151126133161597,4.639499076063885,106.5202987452949,35.96345769943268,173.910316791476,174.11690927955237,40.0
7,1,31,1,0.0,-438961.24942623504,-1.8353189174062692,32.59825247760847,262.04078981338006,18.03359753397496,28.432648611711937,3.299072926744662,102.89440169174371,32.42674434282539,176.59581356537262,135.14577207717937,40.0
7,1,32,1,0.0,-413428.7449938862,-2.402910544833408,52.862882147204516,262.20564993051516,11.292948907110013,32.036729104292775,4.052683263996858,191.13576719935037,43.048164818881254,192.33412341537436,167.22100519234743,28.566089380045597
7,1,33,1,0.0,-42823.059123648556,0.6013904561670786,67.91767621307126,221.55997130858128,12.89377573643974,26.09702982886395,4.26329712236179,143.79344670195076,24.08738676163231,176.68638297732056,132.67829410660391,23.502639676664
7,1,34,1,0.0,-442805.8203986296,-1.9360817077215915,47.05738836537688,268.55979888184044,14.50127543952958,40.369511415800176,4.974178829705162,127.41147502464659,38.38972825064842,169.81794674059634,132.9578864823834,31.652791630175606
7,1,35,1,0.0,-447090.7420830304,-1.9214750575170263,42.73687130049805,284.1350619420237,15.406888493703395,35.063258703422505,3.318108724433325,150.28947921440283,37.47115768368096,169.35741186536669,168.37439856834823,32.35158193565134
7,1,36,1,0.0,-472695.3282385956,-1.5070261167537458,32.1431115544813,227.78204119529119,17.387082239046006,32.053502885737586,5.253123743366408,150.27314703278194,46.78407963778036,186.31000603713872,198.1638964250563,36.96477371815114
7,1,37,1,0.0,-401312.5655375369,-2.0029820357838592,43.30235706234851,238.1845473594638,13.82523672303238,24.91977565163661,4.686838949987449,125.63980139319976,24.428824348049353,172.53125051252755,168.11863609413288,35.874290415784984
7,1,38,1,0.0,-480268.7625135046,-1.3465758051505443,43.04712558001269,215.90968455029255,15.41871077105711,42.93546235580757,7.369433561830928,144.97545886994644,35.50807268567065,179.68607257075936,192.05154174009598,33.94118272899409
7,1,39,1,0.0,-50730.74759008176,0.7056262980903949,49.376776747455246,235.06012026769812,17.21530031071275,34.36562972426725,5.72312769401479,171.42407268022782,24.9509656023589,173.13241707212248,160.166150249488,30.234909072959237
8,0,0,1,0.0,-379467.4151150531,-3.0238729586856725,65.35057935911163,318.1180254828315,11.180307733554242,46.328558997779346,5.612677203107112,102.32721157105789,38.430103320266554,184.28726846993612,75.45011062207436,4.069345618108612
8,0,1,1,0.0,-347659.2252685482,-3.8509147457056705,73.57516851381982,300.71081402448664,7.521362824754565,50.0,4.417743083985565,84.30951259160096,35.82721584123346,186.06036744072279,20.0,4.0
8,0,2,1,0.0,-373016.8801091625,-3.349352583671124,67.32539743134619,295.5356038935153,9.03749925492341,50.0,4.024786105586669,108.03010899249108,33.97830043348769,187.41505652018324,35.07520342660786,4.0
8,0,3,1,0.0,-374422.76114468434,-3.2125471421563065,73.97446594837069,308.86935541062803,9.388730458713706,50.0,4.7794171235877485,99.84257664071308,27.278868506044265,192.4818387556821,29.61017600472116,13.892190552411371
8,0,4,1,0.0,-284383.0743516743,-3.644962034527077,75.07397700277984,302.74496295407897,10.10084483308274,23.81602896468481,6.619437956483894,158.57482679325656,37.90402542579053,180.2145478081632,83.49847261368194,5.023742149436095
8,0,5,1,0.0,-381477.1037089522,-2.891394678507834,64.00757659507062,331.3151330291059,12.061377646373426,45.68976159990986,6.279174125290311,107.30389102593516,19.149811313485923,188.96935935313033,85.6168988790432,4.0
8,0,6,1,0.0,-325382.5261323599,-4.1420526824961375,57.830469882573844,306.5032481073675,6.270278716855498,50.0,4.791273212828586,91.88668471114529,41.021203798035934,182.8729860616509,68.1732861753207,4.0
8,0,7,1,0.0,-385531.27847401827,-2.990744023008281,95.95051268998483,281.0980696430586,9.351819774984136,47.91670657414453,5.274138037192335,116.94502302468182,36.290055711839656,184.41427683940563,73.88739515668158,8.655465863035392
8,0,8,1,0.0,-392563.5885528815,-2.7166081189549245,66.8929575027528,347.39978541893515,11.708357925178476,49.97682737897789,5.582080599439666,115.41728223117141,19.148620182272513,183.85378725248066,80.91944118234369,10.90816184466583
8,0,9,1,0.0,-360958.15341841214,-3.6193200963094143,76.48956704087793,308.7118473984582,8.162549144633005,50.0,3.9362219932565266,111.96544475728554,42.93396210085746,189.28153006326167,30.889990139092706,4.408241162700721
8,0,10,1,0.0,-371203.6200934306,-3.2501170337377574,57.31945299101548,319.6295434072393,11.571657477071147,41.0,4.657393950546489,94.53334731357211,29.090378674028948,188.31673373658586,36.83297961613921,8.777635160789238
8,0,11,1,0.0,-367374.3480012472,-3.3222705082273642,61.76893910662224,337.0867013108799,9.828462887409323,45.384662788481016,5.633609075804655,95.47522861330759,39.43130526643682,184.48261270259127,73.67041630085902,12.813594380259227
8,0,12,1,0.0,-384111.2296653845,-3.0105676568722504,52.75318774101492,290.019219381441,10.302868468909022,50.0,5.423878094935878,103.2332598378876,16.644162821372664,187.21861923940935,59.51081681869474,4.0
8,0,13,1,0.0,-37388.591786534016,0.5566143932885125,50.3741665785599,339.96172872804607,6.463352649568484,50.0,2.831594927564228,144.93823739023904,37.863885941103646,162.65647546317518,20.0,4.0
8,0,14,1,0.0,-38308.18149211462,0.41825102192211927,46.9188259054573,343.4354031256425,5.0,50.0,2.012682767985013,145.2866031039687,30.567244674671603,165.97090327883885,30.60369652824633,4.0
8,0,15,1,0.0,-325416.69099100993,-4.1788031332059115,57.904372274592106,330.6914799597847,6.365523375654161,50.0,3.9828922978953774,133.81057927478818,39.92969229985704,162.82029232810592,39.41618922394995,4.0
8,0,16,1,0.0,-330603.1122182766,-3.5236156646682213,56.4216483403644,321.79816616452786,6.480305269570879,47.73915583301135,8.33548573305387,164.48873956002166,10.769819360600572,159.14994254035238,100.81925768674043,12.011310062420891
8,0,17,1,0.0,-39690.5043256434,0.5359878932023868,57.78244353527423,341.0036144328074,6.349576600219968,50.0,2.0757136532885196,154.7669467375024,41.747923343088466,162.44888636303992,20.0,4.302109220151803
8,0,18,1,0.0,-356027.1215817508,-3.7320584212416064,51.33701945839258,344.7137579650795,8.347816788438298,50.0,3.145269583208319,164.99601191505786,39.078095912333936,158.89406039455918,20.0,4.0
8,0,19,1,0.0,-356900.27514173643,-3.6600722766608533,61.671479599063545,334.63482881592813,8.36395001190933,50.0,3.165822698415251,132.03181426010664,40.91349321933959,154.86968990741897,29.11595442716007,4.328916353229673
8,0,20,1,0.0,-316021.3764859217,-4.122196590337364,56.47863814747477,343.4402977280877,6.120484885604773,50.0,3.566214165054813,131.1118966143797,38.18145668379991,157.95941404341184,57.422175846344715,4.0
8,0,21,1,0.0,-337725.9430408153,-4.086809733602076,59.9848195284803,316.2404443177655,6.511019531209571,50.0,3.5533885364279683,148.51329105153985,41.33482646568301,164.00232815091633,46.37273350624929,4.0
8,0,22,1,0.0,-296020.8861197783,-4.0179351509430665,54.11682507562573,337.3544085432565,5.443448040553935,50.0,3.857726826700712,156.6848823029694,39.85712675664793,166.20079481275016,74.8808370859162,4.0
8,0,23,1,0.0,-352231.55366779416,-3.8887924126030624,42.24944799045794,312.10346011400156,7.332262202734773,50.0,3.2395232312255633,154.67367742665286,42.74153601546232,163.9374467976012,60.39742057096039,4.827902067400565
8,0,24,1,0.0,-363203.2286907399,-3.4356037560908654,65.05920674140383,346.80478317217313,8.906252305382122,49.62793581380657,3.1156870791171563,127.55515225421848,43.358443587862446,152.40145289330312,92.68424411133088,4.0
8,0,25,1,0.0,-395500.90223491105,-2.751934119608504,34.20123738779662,330.6346674025578,11.909336645357168,49.32648547526167,7.834229476025314,143.27936425368034,31.532172328051274,169.41409550909555,110.03419352781725,7.877379785715741
8,0,26,1,0.0,-329476.59337796597,-4.17226999493774,51.60158278185801,337.15005487271264,6.503522311510175,50.0,3.114405677751892,147.04906979427162,38.82903100665267,171.0049435426079,38.530270089486464,4.0
8,0,27,1,0.0,-37469.98370952258,0.5869585465874734,41.371371428012395,343.74475910450684,7.215692755733366,50.0,2.281215674148398,136.82501500206413,34.247291186825095,175.94345245858244,20.0,4.0
8,0,28,1,0.0,-349268.79277201736,-3.8919999794235958,50.40937206026266,326.8878999011347,7.650094024009786,50.0,3.459324140958931,130.15143100038446,37.99649201111817,167.60866132114032,53.69976172234833,4.0
8,0,29,1,0.0,-29273.03547512674,0.7122300746027108,44.722134023609875,282.87021964390453,8.60612819005804,48.157186693901046,2.64147965326916,99.84798785043903,46.82482754469186,174.85560796615812,76.31034992256201,13.084965028435725
8,0,30,1,0.0,-41946.22724368739,0.5373789958527394,55.99097983329446,332.72011309420134,7.126039842120311,50.0,2.618898644142571,151.64601065390596,34.49171056534392,178.82772206451526,20.0,4.0
8,0,31,1,0.0,-325492.3597994942,-4.210474422860455,46.864837666488555,338.3966724860481,6.387701767144985,50.0,3.1382796760261797,159.6196660542138,36.75251459348327,163.38376029190948,23.6090812983374,4.0
8,0,32,1,0.0,-330528.3228119841,-4.210938342597824,29.20262473641031,325.5736903665881,6.705115502066322,50.0,3.1834544184736595,157.80813230458116,24.410453857965145,170.03931360193124,21.883555876686557,4.0
8,0,33,1,0.0,-392624.0844717711,-2.7340790696404667,54.14054994823692,337.24891252407417,11.867209461396598,50.0,6.134655613404804,155.5285239877762,62.76996620491514,164.43393349663464,117.5257752281174,4.0
8,0,34,1,0.0,-318438.7588639091,-4.262743947385715,47.882161255936985,336.9304717726385,6.169914569837219,50.0,3.6387408164643125,132.98594172238137,34.353280529610274,179.58867273431372,40.522931444226614,4.0
8,0,35,1,0.0,-318773.3827490779,-4.295449183818493,52.826755355883996,333.41492156172137,6.198261759497594,50.0,5.3185708176679345,141.35958742030036,35.588405199132694,176.6807720019417,25.47883576397348,4.397211794789736
8,0,36,1,0.0,-40743.80180707347,0.5331161387093551,49.53379839091272,325.7467689543828,6.943039896350574,50.0,2.715068925462285,145.1070310497147,39.22950044179879,181.80727513491937,20.0,4.0
8,0,37,1,0.0,-349652.32983557705,-3.783399767055917,44.24488707750315,323.86678818440043,8.351438391440338,44.47705493128979,5.90798207207321,129.99192352287648,48.65781386429777,178.0785308595641,139.50211747306054,4.456327657320506
8,0,38,1,0.0,-396656.2210714615,-2.501221292223517,84.17149631089501,336.58871807401744,12.56872362109369,47.604068790765204,5.0328916383753315,108.6098482928143,42.8885371178952,154.2324711419132,84.22303141357015,10.249342278908468
8,0,39,1,0.0,-35480.860812816354,0.5788515361807621,56.71035136897977,331.0887873464684,6.468628146922671,50.0,2.0771129427813824,128.73671125596988,38.56120605296032,176.7536102814244,20.0,4.0
8,1,0,1,0.0,-426724.7540608198,-2.075031717927158,51.397074977302516,301.1466251322021,15.394150102951924,42.030232349528056,9.329479162194664,148.32812792691558,36.98460338673976,170.5865598364209,145.4646072724964,14.05252537552882
8,1,1,1,0.0,-380661.79360907467,-3.1603147438516532,49.178505155504446,273.89150814410175,11.150030461184194,34.549388649799866,4.332557585216976,107.04250293288483,30.197130964916884,165.41439685075156,94.13862412055337,15.948176239370206
8,1,2,1,0.0,-43075.38569697525,0.7254597752796277,75.43520816659343,309.04451606689264,17.682261886441747,34.84540070142706,7.871198035545104,145.80216879360734,39.628105497220645,170.50745879591443,134.43325957068043,24.06281149150476
8,1,3,1,0.0,-437575.02799532865,-2.035728337089087,35.37601130480509,285.4991718550874,15.325985430573297,36.56754952737922,3.403830184691339,91.85765691339608,31.08295819153416,177.6449009463479,170.99389169213717,25.372796795206668
8,1,4,1,0.0,-412492.72327366186,-2.0519814209849754,20.347088752198328,288.0412842672364,19.16425260013166,21.459743905806327,5.081760985995418,116.3104918402729,29.199338095481117,199.593177790209,200.0,28.553799222105084
8,1,5,1,0.0,-432594.69119289,-1.8210507240899947,33.14750412431379,280.08955933256465,16.699770815712064,30.957585616428638,5.932496233179534,73.11220343039902,25.1350604388685,171.85798779253054,170.47936703653255,37.60439341332544
8,1,6,1,0.0,-36321.81546993529,0.743098877069536,45.65491466675332,253.80140028414255,16.054018054312735,35.49523455298097,2.872410964004983,118.2090823630677,30.57612845743691,181.20831580848235,163.8852558398084,14.12812694925345
8,1,7,1,0.0,-464883.9712949804,-1.5083040801913996,64.1480397628676,270.09815541619264,15.120652164864167,40.11917950961147,6.001576991437462,139.79192157235175,67.06045975199407,180.31281464847729,200.0,39.763865868235975
8,1,8,1,0.0,-454057.4882637269,-1.7386211028345193,46.560526770273526,294.4319648317379,16.017014032753156,36.43344276239486,4.860391294029465,137.39859750752558,33.3084515597573,184.97416710340457,186.73836313377788,35.874911006757046
8,1,9,1,0.0,-420001.9534819663,-2.1878660859147927,29.247282382925,265.41087773591676,17.593871855562213,30.298542084004218,6.056670251186523,97.80541619925671,27.989560614167274,175.6498509419028,116.1197474712925,21.816301837679585
8,1,10,1,0.0,-446271.5568844106,-1.8863580110117335,38.42731969494538,257.93343276448815,15.304084102988758,37.73178215095397,6.06137798015005,142.13017537059346,66.0561113726553,167.0491667864452,157.0436654173987,27.56986819757484
8,1,11,1,0.0,-472310.3616016913,-1.4626151277111756,42.30112665191941,277.36627182678694,17.394004943172614,38.28963280068561,4.2592265705686305,138.32633805441736,41.662725591434665,190.3753984904467,194.6129868857676,37.597818332309025
8,1,12,1,0.0,-472337.569839946,-1.6260415937047539,36.08095613331666,215.99809350796014,13.82034020375935,39.4319398641777,3.7361958723038664,161.60526895823978,43.60724927291872,177.45345228099853,173.488769858789,38.141798212759404
8,1,13,1,0.0,-477328.2425440027,-1.3706459481722073,46.15442473644586,263.0281998985093,17.703309873845757,42.52665787616899,4.6187003305744145,155.39104726833216,42.91002676231446,184.58593243019408,180.84524534677044,30.289438032129777
8,1,14,1,0.0,-382109.82109448913,-2.491481693756116,10.0,280.4483226859497,13.993619643866353,27.093195149738847,7.297396747052926,104.19867133016042,49.02461291363364,182.67359151244045,127.28635139747715,31.041416908504964
8,1,15,1,0.0,-455460.57025024964,-1.7993214110724667,44.69376833819632,266.98185530187027,13.66355558502707,40.25744248500895,4.381934004802903,131.0061891776599,49.05059452854813,181.01712594123057,186.76459021078335,35.41555769127461
8,1,16,1,0.0,-452138.160054681,-1.6707164168082596,30.931097147219262,231.64137857048507,16.7154386593712,30.302903204211812,8.408795113796845,146.47572503923115,44.10984408663633,177.81299079757778,164.90964743366166,40.0
8,1,17,1,0.0,-46984.66108711371,0.7445054175979365,54.15166733594689,244.4326728304441,17.76783526444531,36.806626396132614,7.342747354110796,149.13840847298894,40.41441981476704,184.4161687833323,167.29150460958348,37.33421232333059
8,1,18,1,0.0,-430877.7161635243,-2.012150738933129,31.537507073524544,228.10024972267695,14.736790660259897,32.0873360553191,4.451336063794859,86.00393253010756,14.31983586649497,158.4201855605478,114.91120775523117,38.938551762529684
8,1,19,1,0.0,-471774.35442658205,-1.4474294731974606,49.3314959728838,251.79928713945594,17.54223854810075,36.9897619148408,5.097782944545603,151.37658275476159,35.891887656721956,178.02664427825417,173.71627702444601,37.393856053126356
8,1,20,1,0.0,-353964.98686936864,-2.0512708679630025,26.31683641153242,227.21396818101744,17.4681197417981,16.17004446619717,7.659733307048459,154.4658696020105,30.04789778600514,165.75582367730524,144.7173764709765,31.201062171507193
8,1,21,1,0.0,-464963.01343104435,-1.5832313394053807,29.315509090178615,242.56116437402434,16.80072547168319,35.54039859049004,5.514737047401344,161.2001172616665,36.9696860444441,170.58523921261857,157.7753862327112,39.02920859789977
8,1,22,1,0.0,-444991.36950211594,-1.8287445620698453,12.686503507671837,248.50672217585725,17.804933800795837,34.43727276677185,7.036351882485779,146.02535782955576,52.7372498574498,173.8332586889857,126.8878795707063,24.438398267035282
8,1,23,1,0.0,-454898.5026565543,-1.7911383533772274,10.398434195699144,219.46495748831666,13.177741249867017,35.253815652204224,5.8873604838590285,172.1069006198585,17.674830479870366,166.31524062987376,179.8288622081156,38.83646326995509
8,1,24,1,0.0,-455269.04749376833,-1.6880187540464604,50.594054672066925,257.4789685958094,16.234953319120855,36.561074954346196,7.610299588296079,137.32467595253553,27.916992195934508,169.0583072863748,173.75288256371147,32.04434332752369
8,1,25,1,0.0,-429214.60908862855,-1.9824130684805799,39.93107658511964,251.62154574366863,12.518593989362078,35.30081846284993,6.42471524903394,104.00796099639638,17.89930795310626,180.79846983694082,193.699014407915,32.8
8,1,26,1,0.0,-439116.7716930441,-1.918744067367199,40.76883642208779,237.47075858468352,12.61261815338949,35.22171319105649,6.247314121288557,149.70624028667237,42.92540643128155,164.23237305845097,162.90494672390943,39.51439080148786
8,1,27,1,0.0,-399171.5853035173,-2.4842864377524942,37.426105304947114,260.89943180913366,17.319043644442893,22.233210974297425,6.377795019731382,147.1695036247017,33.862441020455144,170.57414547997135,113.29342112022033,27.29659462836445
8,1,28,1,0.0,-465544.942858598,-1.680057790674065,23.030935533550043,243.83916541800122,15.62103519718948,43.68407209213084,3.6098339805589315,148.90683156145775,46.56921407973026,180.53260004695326,186.88749684572514,17.63500636426571
8,1,29,1,0.0,-469989.3108010481,-1.5677084272437756,52.17380731210925,253.85472324211304,15.411927988226777,40.2940662738037,5.837999289913242,167.81396879976052,22.840723933865334,184.8885412011371,182.0890312923303,36.05295815942301
8,1,30,1,0.0,-432579.7852910698,-2.0398775800550357,37.543966440368344,252.6438681541652,13.345535855190615,35.1511261331616,6.439499076063885,128.5136106786719,43.85233847618453,185.910316791476,138.11690927955237,40.0
8,1,31,1,0.0,-450592.67486325715,-1.8170288685808271,26.92376121197936,230.04078981338006,15.603013042311073,35.82065712800935,3.8562815836054005,136.89440169174372,43.10201999978051,179.04621316424382,111.78348781220438,37.325823690200984
8,1,32,1,0.0,-378053.7233723103,-2.265722072415982,68.60988260973845,267.310090866015,10.853026621724284,28.25519229800213,5.6414420743019615,190.77211385706335,29.198703404737387,195.76309639594345,158.58401491356182,32.549523367690746
8,1,33,1,0.0,-436698.68583146256,-2.054467153343206,45.91767621307126,242.11260745594222,15.89377573643974,35.09702982886395,6.0632971223617895,164.57047471243837,34.557811612104935,181.7127710896727,98.56772384864476,23.01720637071237
8,1,34,1,0.0,-451262.9994591026,-1.7090137229396154,48.75427304986864,289.1643629757643,17.040229368876716,36.18704778198284,6.7741788297051615,137.44626598548302,36.368089774330855,170.04585809041308,168.9578864823834,34.08967075142864
8,1,35,1,0.0,-460202.02593705826,-1.7539732739057152,43.242030712543794,252.1350619420237,17.583076468106988,31.616154689740828,3.0832144190476143,159.3431244444711,41.29281445126467,157.35741186536669,200.0,25.15158193565134
8,1,36,1,0.0,-468795.1216184439,-1.6115400808711688,42.04418810091587,229.716650309697,17.011836070601884,33.44441879948341,4.717340077575058,175.76573835543877,64.78407963778037,181.71528388347835,181.37163030975086,31.339178790530482
8,1,37,1,0.0,-462224.03554993024,-1.6298563988780659,35.65683006765606,242.05475807268903,15.996461023618114,33.91977565163661,5.547545298326064,145.41778443201315,6.428824348049353,162.89364283874863,200.0,35.09018461590071
8,1,38,1,0.0,-460616.5856905806,-1.7833505250070907,41.99396439853837,247.90968455029255,13.642753590858389,44.11890674208268,6.527470793665336,158.99422355059752,27.924196328685426,174.9758057116354,174.6734837340238,29.374984564842297
8,1,39,1,0.0,-425801.2883593946,-2.0781333601403644,38.39013053348452,267.06012026769815,17.97424564398225,26.47198977167242,5.455365921539254,150.28706205827066,7.620927390192641,175.78879751833634,124.166150249488,34.09541931787014
9,0,0,1,0.0,-359569.74429507967,-3.429158598523946,50.49271828846023,328.1896920892242,8.180307733554242,50.0,4.433469718048229,76.14052249156097,33.50636881886334,172.28726846993612,107.96436506679112,11.269345618108613
9,0,1,1,0.0,-27817.706099326733,0.7177189290532233,67.7977781869371,319.28873142482007,7.346739194656787,50.0,2.617743083985565,101.54782333540007,40.150885169812284,174.06036744072279,22.5176411923793,4.0
9,0,2,1,0.0,-374174.3919943213,-3.372225772792935,56.80553339203466,317.8918999092786,9.436076622461378,50.0,3.604895789786673,142.03010899249108,34.72036631087187,175.41505652018324,20.0,4.0
9,0,3,1,0.0,-38856.0170937702,0.5605097046516768,51.97446594837069,340.86935541062803,7.417212806066782,50.0,2.9794171235877487,133.84257664071308,40.02338307644206,187.55063580356153,27.010499436734506,6.692190552411371
9,0,4,1,0.0,-334896.94049513864,-3.936423003740789,68.38220203790112,296.9864041474873,9.39498794603971,32.81602896468481,5.183425032522012,125.38412558318029,35.274698103093705,168.2145478081632,47.49847261368194,4.606175840019427
9,0,5,1,0.0,-354894.7200949476,-3.653218826230642,49.25977114237786,360.0,9.061377646373426,50.0,6.013252203369689,141.30389102593517,37.14981131348593,176.96935935313033,49.616898879043205,4.0
9,0,6,1,0.0,-346127.29119635955,-3.9291958785155914,62.045048433294305,338.5032481073675,7.92810743395439,48.01019018080332,3.954781947115741,125.88668471114529,41.541819498907664,170.8729860616509,42.58365722187909,4.050752138077228
9,0,7,1,0.0,-355467.73611486115,-3.8362334499600954,73.95051268998483,302.45297379501756,7.166213098221293,50.0,3.4741380371923354,145.47141489123817,35.44212040254349,172.41427683940563,37.88739515668158,4.7151426861148416
9,0,8,1,0.0,-358661.6313425937,-3.6375915688232956,58.528310367425775,356.3997022649445,8.708357925178476,50.0,3.7820805994396665,141.71637405242748,24.79186421812192,171.85378725248066,62.871147974911345,4.0
9,0,9,1,0.0,-352999.37484448456,-3.910554266801284,61.99690086628574,325.79392773635743,7.650714566813734,50.0,3.423424338169368,145.96544475728552,42.87491518542476,177.28153006326167,20.0,4.0
9,0,10,1,0.0,-368210.3719436845,-3.2580070972791,50.5868346868217,345.4521253667943,11.180416855934459,44.45646346676478,3.7305391413416427,97.62871914084856,45.69322670482365,176.31673373658586,20.0,15.977635160789237
9,0,11,1,0.0,-286710.55874496355,-4.029230868717769,53.959192832819284,342.1568067726365,6.828462887409323,38.97273073367924,4.249765927573274,129.4752286133076,32.72400354887898,173.09110471607042,59.56152257207416,5.613594380259227
9,0,12,1,0.0,-355493.77598183113,-3.768799280446095,51.61402896844613,322.019219381441,8.257147429673457,50.0,3.623878094935878,114.48966931190854,34.64416282137266,175.21861923940935,31.527056478961597,4.0
9,0,13,1,0.0,-328810.99477093754,-4.097895875586016,57.20985140991974,340.17819031102493,6.486912143060183,50.0,3.077416839380374,143.37816796979968,41.45941949552437,161.5282457311917,50.105121289360454,4.0
9,0,14,1,0.0,-353723.951980451,-3.7932213294981114,63.610296480763836,333.0652670782725,8.0,50.0,3.812682767985013,146.96297963979873,35.207442436766556,156.4121751000565,20.0,4.795087132074729
9,0,15,1,0.0,-327674.5768524867,-4.074731573112737,41.209420216965846,349.25311797673646,7.2860285764996,50.0,3.886936048946083,101.303284229398,35.973461888315505,160.35740628581098,58.47950127068216,4.0
9,0,16,1,0.0,-369802.3333853186,-3.351099493212554,49.74341520359335,326.3549654964921,9.480305269570879,45.44973094059965,6.5354857330538705,148.02973462108022,18.069296730439394,154.00918372759912,64.81925768674043,14.855655691225746
9,0,17,1,0.0,-322348.9843052675,-4.242254178638649,48.221673008732964,341.4672049443751,6.491640133552364,50.0,3.304368525263883,136.50178024505115,40.763457474546406,163.93459938063873,20.0,4.139781013639178
9,0,18,1,0.0,-37731.83366674417,0.6449625570302497,52.91960507505929,330.57167575011243,7.897139915070503,50.0,2.7183222205325044,148.87553086245302,39.402012743914604,159.5580591222765,20.0,4.0
9,0,19,1,0.0,-32170.034101347006,0.719263227516754,59.44044740574446,324.53796594491274,8.813361631987787,50.0,2.259423625882884,122.52871767817194,37.393139375258635,160.03193143761328,51.602104364651304,5.15540096704626
9,0,20,1,0.0,-34003.11275039254,0.555385141382252,61.34969824148668,344.52579378533846,6.020847203330268,50.0,2.7542895800334284,134.28238966918832,36.92209488907573,153.86283162799873,57.419480627592215,4.0
9,0,21,1,0.0,-339587.05039686715,-4.007362192431748,69.88571343868445,319.2780111667452,7.07990589794366,49.58469409621172,3.59220017255942,114.51329105153985,44.34405253805104,159.36880804018136,20.0,4.623204890213012
9,0,22,1,0.0,-332810.4055413535,-3.979100673238205,62.295996157698696,351.2975048489281,6.8274936637540575,50.0,4.423693063737735,143.0431681349924,45.28720400540583,158.33630108315245,46.22807893237817,8.871978923832781
9,0,23,1,0.0,-41272.472138763806,0.5631532972381915,48.194697499376716,319.5642771604699,6.979350976726879,50.0,2.0722370042923046,160.95459120153876,40.73770712910812,161.82267652282172,24.397420570960392,4.069994971286343
9,0,24,1,0.0,-31315.633534010016,0.7029045669662458,53.2473544320334,349.99693680819456,8.382946794699015,49.492082195107976,2.904514003720006,126.98803670947794,40.54956981864657,150.0,56.684244111330884,4.0
9,0,25,1,0.0,-359787.372167809,-3.588853010511916,48.71898879280482,339.9252304076004,8.909336645357168,49.04954620973351,6.034229476025314,132.54874291285674,36.467805212580416,170.48182260353423,74.03419352781725,6.101584204003921
9,0,26,1,0.0,-323962.3774435276,-4.238164354163102,54.47315019032481,333.7464211408463,6.408928234062636,50.0,3.393333174328534,130.4371762093329,38.11562211883644,166.48545478109705,20.0,4.0
9,0,27,1,0.0,-39450.971484385016,0.6448850714078495,57.600852135630845,333.1949783438124,8.704794514638944,50.0,2.897790119161379,141.75893097865193,34.70210452553622,180.20659952717097,20.0,4.0
9,0,28,1,0.0,-346496.80058958696,-3.962323018000292,49.45874479981096,337.87209978711803,7.726228593812478,50.0,3.947916080338162,131.61800675825498,37.56134475334307,179.60866132114032,45.76349757748699,4.0
9,0,29,1,0.0,-345026.41833268065,-3.547296876918982,38.09964614959116,281.24792359224597,6.619909749947829,47.155982569278564,3.966078932791431,133.84798785043904,28.824827544691857,162.85560796615812,76.5235759746673,16.298521682090904
9,0,30,1,0.0,-324864.6034417037,-4.243107368597615,52.94283907492688,325.13486628541796,6.274208979513154,50.0,4.252709574539133,146.62542725349917,42.382589903061316,167.088113922783,24.38125140932506,4.0
9,0,31,1,0.0,-316713.8895947944,-4.181499881445297,45.74153576634513,356.2689749446729,6.651692624574463,50.0,4.026287056410002,125.61966605421381,49.698624887511244,154.16634842654526,45.82082113121817,4.0
9,0,32,1,0.0,-36875.916984991374,0.5773494101061737,49.468251461364815,336.3813070132997,6.492101236764185,50.0,2.10465302591259,146.16430343290475,25.455034352377638,158.03931360193124,20.0,4.0
9,0,33,1,0.0,-358497.3555499189,-3.5680631107030223,55.72509461829294,358.1361469168979,8.867209461396598,50.0,4.874068526269835,152.7678436578607,44.76996620491514,154.37314612068334,81.5257752281174,4.0
9,0,34,1,0.0,-327283.44593718735,-4.200669174940203,51.68895040285564,335.0955918359612,6.740410171469744,50.0,3.6429974766696844,109.6258812818504,38.364767555010104,174.50662412429722,40.17258355829046,4.0
9,0,35,1,0.0,-346754.5654137113,-3.9014536441858736,51.25607812862673,324.43892165080484,7.026993620178828,49.95645835292987,4.135282076935797,143.50190637884313,33.535262110152765,171.83192561401052,59.90439379717592,9.49136985118895
9,0,36,1,0.0,-348748.6184773131,-3.9284005592885802,50.31662842218248,340.69426787485327,8.082494227793255,50.0,4.515068925462285,137.98616278158846,44.1283537593889,181.01347864709805,20.0,4.0
9,0,37,1,0.0,-341797.0715712034,-3.9178732368514986,57.5040414706789,322.51624426097493,7.050149335292584,49.44170050628165,6.620482242619881,135.80742565964533,30.657813864297772,172.0010932238585,103.50211747306054,4.681597659100855
9,0,38,1,0.0,-384917.54194314935,-2.9807899693632205,62.17149631089501,346.73470024682,9.56872362109369,50.0,4.9505246055410925,116.21562895550787,25.461142315131852,155.55635077377312,120.22303141357015,15.750910163687957
9,0,39,1,0.0,-33088.211073275364,0.5906925282409667,60.00254504131236,330.3451713004067,6.2066969045054385,50.0,2.665257203601756,122.00489469903444,35.71928703349041,172.6448814606536,20.0,4.392099018703305
9,1,0,1,0.0,-426597.71739899035,-2.181640873192959,48.332244457108146,314.71074928643304,14.102929470479115,41.03747748172813,7.529479162194664,114.32812792691558,38.55379320783528,175.19363324370792,181.4646072724964,21.25252537552882
9,1,1,1,0.0,-445356.05932751275,-2.016337127394927,50.53916284709756,256.1864135618695,13.665749721766609,43.43247694034164,3.8051345561579364,140.74826907262093,36.048378900857166,176.8456293533972,130.13862412055337,23.148176239370205
9,1,2,1,0.0,-40477.23852150264,0.8109007955920732,53.435208166593426,277.04451606689264,18.928646309822504,43.84540070142706,6.0711980355451045,140.28799503652363,30.575718243655366,161.79904489879965,167.08207787014615,28.369852248308423
9,1,3,1,0.0,-438578.66279405245,-1.7913644768373884,37.825272476658995,288.2243923689339,18.325985430573297,37.43365300389638,5.203830184691339,78.69962944786374,49.08295819153416,165.6449009463479,156.71586507219007,18.17279679520667
9,1,4,1,0.0,-402700.2553050549,-1.975368293925329,34.20022793453517,256.0412842672364,16.16425260013166,21.941064767639066,3.980731038396028,114.14523975249787,39.46251192425629,187.593177790209,198.81580436631396,31.486106725923673
9,1,5,1,0.0,-452907.2110363577,-1.828386115068619,34.966273497171315,255.01409755941486,14.720899833322775,38.155787647762864,4.286260592829022,107.11220343039902,14.85197508262431,178.4679846279367,181.5452238774337,30.40439341332544
9,1,6,1,0.0,-436528.4352332829,-2.145654485514541,46.4352352286986,254.29111304596313,13.054018054312735,43.85652833559816,4.096022423487566,84.2090823630677,41.84495988769871,169.70882669105654,195.06082019954388,13.684575659931692
9,1,7,1,0.0,-448073.553528932,-1.8553272496375846,67.89139607286435,302.09815541619264,13.201649911378485,42.2030963023106,5.784879767071706,154.38775450633648,68.90294684199458,192.31281464847729,200.0,32.56386586823597
9,1,8,1,0.0,-432416.0338109962,-1.9732562815482388,43.12568856710273,288.86678944101453,16.45745180165874,27.43344276239486,5.347810677836648,171.39859750752558,30.682231111243958,177.90484253889377,182.40149569555328,34.41150414432811
9,1,9,1,0.0,-401443.625699655,-2.195548149032681,43.049631523114044,262.4323681895746,18.326288535812257,21.298542084004218,5.002771761053968,82.76766292286901,39.21550812684722,181.36500685540202,152.1197474712925,29.016301837679585
9,1,10,1,0.0,-424162.8079690631,-2.2310194318892775,40.68565945873214,286.822130653182,13.96136336669976,39.11600130059917,4.904545856972188,158.44698199235268,84.0561113726553,168.2196090525824,121.0436654173987,25.901105898673617
9,1,11,1,0.0,-466124.8607401989,-1.579715068114469,29.799870110128325,290.8415598393817,15.883944705171315,44.09571486799515,4.6412266014599854,134.7181580755169,47.33451146894976,182.66773402126574,179.66214115484337,35.12517888638685
9,1,12,1,0.0,-460223.76076619583,-1.7790570841291622,39.078847941034184,223.69344440273363,14.66336177438077,32.665104934734636,4.851651353323707,171.1516231664651,26.685686302527998,175.6490438364045,190.69460948290774,33.74664801178821
9,1,13,1,0.0,-434902.0896059801,-2.0646369984738753,33.01173351117891,295.0281998985093,15.016123185691178,33.52665787616899,4.90169428678143,149.15663194116365,35.63600475097303,186.28295056971376,160.0216485607965,34.61437845187245
9,1,14,1,0.0,-430632.9829855338,-2.0825212396170185,32.0,306.04693160904327,16.993619643866353,36.09319514973885,6.009991716844274,122.07123176504996,36.39972080646204,183.3132115437789,134.66820768786485,23.841416908504964
9,1,15,1,0.0,-453126.85268393945,-1.8703866078149716,49.70624897703193,234.98185530187027,12.263341856927596,40.541427333665794,5.472934557965015,136.68191239970565,49.17654877183026,180.27105800705456,179.39543270768513,34.55607658625507
9,1,16,1,0.0,-465257.44466252305,-1.6235030055860036,23.846625490435308,245.75525261954118,15.014000923361417,36.938682986416346,6.6087951137968455,151.02787517771762,39.22841345273581,184.20918155125426,195.70980540396263,39.08399044657562
9,1,17,1,0.0,-469303.8370525816,-1.4824607892230197,37.3760714507592,246.1062236135354,17.70834185246516,35.73396702016216,5.542747354110796,117.30028405688259,45.62828565493592,189.26826672687847,188.83430487953564,34.318074742834234
9,1,18,1,0.0,-435617.5611498486,-1.980913445968836,26.46696432488068,260.10024972267695,17.06195165832615,30.32895924062013,5.771616531903253,120.00393253010756,32.31983586649497,170.4201855605478,142.94370732702242,31.738551762529685
9,1,19,1,0.0,-474280.525530562,-1.3887968579329446,50.77295950028846,283.79928713945594,17.459084967783273,42.4092218144517,5.397195554175966,153.64168313853352,39.874548279866175,185.0602610387006,181.73802431512308,36.38542666354651
9,1,20,1,0.0,-404173.18964779435,-1.9849078379706846,22.850386914304465,221.3639838653352,18.687266725686744,18.304155425622486,5.859733307048459,144.9951783888005,19.439974361352814,164.42323469426412,170.89229720890356,29.545162036327675
9,1,21,1,0.0,-461479.6441785406,-1.7033084486586465,18.80606118816698,232.91620052915576,15.807445793359813,34.13232890407339,5.055252101956784,155.39220072594316,32.40031279507218,175.40823253504107,162.84548217110216,38.50856130166822
9,1,22,1,0.0,-444899.2146420033,-1.9723441669390724,19.753266740265953,269.868434386887,14.804933800795837,37.59217617634816,5.973413676811855,150.0856388136273,61.27137857739213,181.8386446209018,162.8878795707063,30.34299248869013
9,1,23,1,0.0,-471999.7473193141,-1.4566311111236443,32.398434195699146,246.21897701085788,16.17774124986702,40.898268047172024,7.217935736531692,175.46358335953923,18.788239098028484,164.40868914455228,171.2333912942861,37.945728735576886
9,1,24,1,0.0,-464790.60548550385,-1.5882421108085718,55.68170476345534,267.59474554511405,16.180255235602495,42.900356897577836,5.810299588296079,140.54347580742984,34.477984439262656,181.0583072863748,185.62309605935025,25.692309315357832
9,1,25,1,0.0,-439846.0483836218,-1.882146783692982,45.51589240144196,252.88350819867676,15.518593989362078,30.17628587671313,6.235546264081322,119.33997654432471,26.93959161877994,186.71381110913143,200.0,31.0312492934044
9,1,26,1,0.0,-434250.972770089,-2.0152570895737916,43.24579624853161,224.7073711738858,9.95354812176447,40.49680143222226,6.164760851842221,170.2670528281243,32.967184924129,161.2103857817052,169.55147698524587,37.60189310287918
9,1,27,1,0.0,-411451.5235021196,-2.5075742298761217,32.68709810874486,252.31532723191413,15.338078863935472,29.062966794363916,5.8228327822446415,143.5328417239419,51.862441020455144,182.57414547997135,88.99380621692717,27.08597221331037
9,1,28,1,0.0,-443900.0511658101,-2.198157506267854,25.117702731454592,253.8168754767738,12.62103519718948,42.50279734053155,4.899390514445986,148.2156303605332,36.18066361479728,182.6885493394711,163.4602772630134,23.065352488139233
9,1,29,1,0.0,-467854.2452856067,-1.6320061120354845,39.6025355302658,249.97488584477216,15.592340395274485,40.88814278828607,5.934393861076316,162.5050804682865,40.840723933865334,183.68820324296354,176.2027373589479,30.849056811303903
9,1,30,1,0.0,-461994.5933733161,-1.6131592164130564,15.543966440368344,248.60580164430525,16.345535855190615,35.479495550465884,5.466897444124276,123.7414805795781,35.98812555031532,186.83834409601513,174.11690927955237,40.0
9,1,31,1,0.0,-464097.7700117735,-1.6980027425090405,14.839452193308983,247.11525222838833,15.265558186719955,40.35714491629648,4.815885448460192,161.89975124599334,42.557473482993345,185.74747899412765,147.78348781220438,37.04545584815765
9,1,32,1,0.0,-399156.3483645874,-2.1992227234213546,62.596995054187744,298.40166432944534,10.132208810458609,35.54104717936016,6.014297432715802,183.9840670676619,28.14396426995226,186.09863651737254,178.61936489359846,33.99480520674053
9,1,33,1,0.0,-410332.7449705036,-2.3907341475151145,41.35848082643291,255.7867393122926,18.89377573643974,26.097029828863953,5.947560702394123,152.7705120235239,36.318288484081435,184.95663225680775,68.59528875839584,15.81720637071237
9,1,34,1,0.0,-432622.451617588,-1.9635915805321154,39.58221577993598,257.1643629757643,16.28557418218744,27.18704778198284,5.556535062500876,136.39830900428836,41.360522512834976,181.60850406669724,170.0207698633053,34.58582209786229
9,1,35,1,0.0,-460604.3654665897,-1.6381387770188844,41.42288780726157,255.12575854864804,17.13018793200571,39.265423251198484,4.883214419047614,146.15650540335645,46.366837830729736,168.61927271917975,164.0,23.29954509524487
9,1,36,1,0.0,-452364.0314291647,-1.8984349941163203,49.11655810970542,251.24109902657608,16.903329758845313,29.46896416334841,4.767166692386318,179.7795586730041,48.22130305958261,181.35497286341558,181.1317075746136,28.981042230578968
9,1,37,1,0.0,-459439.90902359254,-1.6625245010392975,39.752469672400295,255.81531257327111,15.796143290172214,37.70356941756564,5.830537399965348,119.53899764682893,6.504355326487229,169.04979755816873,200.0,30.620331644555662
9,1,38,1,0.0,-460510.16248631995,-1.7144339031126745,42.53291424304422,279.9096845502926,14.743730016092622,42.58168942857809,5.934600865402171,162.84410492532754,45.924196328685426,173.54995827582184,179.20551125488058,33.95361891584778
9,1,39,1,0.0,-437341.4821909769,-1.9272950293084832,49.215081325224375,248.94575620281086,15.212081666596017,30.43040747915472,5.646738025601174,137.95612692152687,16.38392825555189,181.08329726535626,150.94688368071252,38.09779125608976
10,0,0,1,0.0,-289009.71110408474,-3.6193978970617255,44.815066673095195,322.0060456867921,5.447134163182518,50.0,5.476740903673167,110.14052249156097,29.59231946809546,166.91619899502805,88.13705951872387,11.811880765327018
10,0,1,1,0.0,-322441.44466845354,-4.280799323383748,49.640461210736476,339.55435317367136,6.51239647692581,50.0,3.6309260052657226,117.94426138168308,38.0177040843911,182.15167407963241,32.24287986972534,4.0
10,0,2,1,0.0,-365273.6834994052,-3.578398095714283,50.258753653609716,340.4075470634049,8.980685598036798,50.0,4.91763984532951,163.24859888662172,45.22840027579972,170.15592101512175,56.0,4.029733796541956
10,0,3,1,0.0,-300699.0687793249,-3.9927021013704542,44.45680412438672,322.03349605591427,5.425728839779265,50.0,4.361844668411418,165.1281204103704,35.853018990465735,175.55063580356153,55.569402761945604,8.117128868037614
10,0,4,1,0.0,-340502.5601590853,-4.054554284387452,46.38220203790112,306.22824241902237,8.532546934836946,41.81602896468481,4.306504442367681,104.72252183519177,33.695887084400034,164.4022934137982,20.0,4.084590916597778
10,0,5,1,0.0,-352484.47426015505,-3.850157058086061,51.25227693863781,347.22617720195456,8.423129344820554,50.0,5.0285086280135145,147.81393999114965,32.461085154664,184.09581349425696,20.0,4.0
10,0,6,1,0.0,-347090.5893492897,-3.837674399318629,40.045048433294305,346.9595509630239,8.646567247748962,44.89316376171455,4.417303330681915,153.9625553035822,48.668188820752,164.18033760339844,78.5836572218791,4.4784033202132045
10,0,7,1,0.0,-340090.18562229327,-4.1016415485022995,64.30481665515009,312.29617117332157,6.88978639035429,50.0,5.274138037192335,132.5961361195175,35.359968571608434,171.0385237199857,25.138418232558685,4.0
10,0,8,1,0.0,-311557.72965803265,-4.116510766408828,59.87028380926887,355.11923175186433,6.107111479994229,50.0,4.944767395159672,126.19549089295717,33.182172312307344,170.78582402982983,36.02422648680987,9.627581835647337
10,0,9,1,0.0,-352723.09541816986,-3.9145286910871464,50.82376412685447,330.9829677769705,7.9932214490864935,50.0,5.14707898391882,157.73776231757583,39.219891116870826,178.62275836853726,21.232365291060724,4.048527326071942
10,0,10,1,0.0,-385460.4419548831,-3.0106923915977086,58.896749082257344,313.4521253667943,11.483418561685118,42.347100999286624,5.5305391413416425,131.62871914084855,55.31386752224948,175.52245670405912,56.0,15.345360858538523
10,0,11,1,0.0,-340598.01554538327,-3.7620536023016355,50.11491585308796,310.1568067726365,7.075122985224891,47.76272253311421,4.872388583866885,95.47522861330759,43.86318372669046,173.59670562901115,95.56152257207415,9.596065118716444
10,0,12,1,0.0,-319806.1866942853,-4.1983708411142455,53.32648358978471,332.2794098599784,6.185648780481808,50.0,5.423878094935878,141.58486348482177,34.638056418424085,170.20299327927668,51.46796801634944,4.088348513963156
10,0,13,1,0.0,-321664.33456415916,-4.194434813551736,59.1219037351003,338.9803468834986,6.291352360424586,50.0,4.846750207308366,139.37902927685138,43.57623640769626,168.7472915881306,45.35536456243143,4.0
10,0,14,1,0.0,-376634.8159565178,-3.314927525082492,58.73676008793377,323.1643523025026,9.563008024136481,50.0,5.612682767985013,156.4623477759622,33.49385129985199,168.4121751000565,56.0,5.179317818878968
10,0,15,1,0.0,-332299.6056550579,-4.100076055054372,53.74712060268964,323.53089393965047,6.979389448934838,50.0,5.686936048946083,107.77724983650211,33.8537913563968,167.7302955327322,55.38361084192678,4.0
10,0,16,1,0.0,-391830.4718373878,-2.7841566975840313,63.29459104302519,315.3067087924942,12.480305269570879,41.63849219872505,6.335692133994168,126.73459873906918,9.50886926460905,164.33498314352119,100.81925768674043,9.753023746540185
10,0,17,1,0.0,-325755.2855736128,-4.233266037860154,55.318265408828026,334.992715389338,6.777887728471314,50.0,5.104368525263883,117.79305200922784,38.619193025547304,167.79093385856132,20.8944226270766,4.637299552943127
10,0,18,1,0.0,-366304.9144117616,-3.548063708172777,53.67723778704855,319.71431596714643,8.976755047194471,50.0,4.518322220532505,129.4429632571485,37.52786676834131,171.5580591222765,32.297225572016245,4.430663430910713
10,0,19,1,0.0,-322265.2850128812,-4.123759043649313,44.58233475522165,292.53796594491274,6.043948312373538,50.0,4.059423625882884,98.4893704680006,32.84176272872861,169.4774573404594,58.90427270624865,4.685631696999146
10,0,20,1,0.0,-344849.76428107783,-4.006741540286749,53.58416897510578,315.1396009911058,7.165868257442408,50.0,4.554289580033428,136.5132280709007,35.998961736054774,163.93747983191375,52.06872846609318,4.0
10,0,21,1,0.0,-346263.0281661266,-3.7009943436516592,81.25857367870252,319.4556795845769,7.647534274438817,46.97122703661212,5.39220017255942,108.65516078730707,33.120077182102506,159.747731466873,56.0,9.56640754647563
10,0,22,1,0.0,-364083.8075081174,-3.7020068937433677,59.82812814745522,319.2975048489281,8.140984717951904,49.969987310785136,4.730220661758267,163.8285279290607,45.440418251678956,170.33630108315245,30.277302139551214,8.968514072074912
10,0,23,1,0.0,-340128.3566521738,-4.1545449148731945,51.853410903531085,320.00937476129684,6.780499157955052,50.0,3.8722370042923044,155.4310047656417,34.566226592585544,173.82267652282172,28.09219719308431,4.653501212162336
10,0,24,1,0.0,-347382.2742518704,-3.9200553807420078,61.82202765771747,329.6103856989473,7.70014044287382,49.663591385418336,4.704514003720006,135.6427578293215,37.34480578584988,162.0,31.265813213203163,4.0
10,0,25,1,0.0,-316061.2393056032,-4.159713534514219,56.27079003480644,334.32584180170835,6.531377628664415,46.86569738100065,5.616621316217885,114.77082401460495,37.95051595615898,182.48182260353423,45.83943462937406,7.106323080406383
10,0,26,1,0.0,-326141.6458929947,-4.278413943659586,56.83254583486499,332.3820142988073,6.575482104129203,50.0,5.193333174328534,130.55132669257856,36.951524228243464,178.48545478109705,20.0,4.303241319441803
10,0,27,1,0.0,-358201.92356415634,-3.8047729106986607,62.84134953318262,322.6720370713564,8.126006880216723,50.0,4.697790119161379,144.4417763082212,35.183238758184515,182.9102908271786,20.0,4.0
10,0,28,1,0.0,-342021.63504966185,-4.055819213099154,48.47270804337844,311.89275656388816,6.953507702522585,50.0,5.747916080338162,136.10228829720018,31.649568172081707,184.30482105130318,76.62181012126236,4.0
10,0,29,1,0.0,-345365.48719213123,-3.339044660769382,43.1065753873558,299.7638994648627,7.252926214620242,45.0949765393356,5.766078932791431,111.29679213315282,19.170389818099256,174.85560796615812,112.5235759746673,17.173865771811084
10,0,30,1,0.0,-329757.05718227057,-4.2262327955371655,50.75837358637298,309.3592962843038,6.446446351846423,50.0,6.052709574539133,137.0312013306132,43.231827728323026,179.088113922783,33.16589640178238,4.0
10,0,31,1,0.0,-324999.8880496904,-4.079020626434263,52.36164344166083,324.2689749446729,6.695443125324238,50.0,5.826287056410002,106.35515367748533,50.71893774182142,154.57708309659438,72.4934513555175,4.0
10,0,32,1,0.0,-321572.7823402309,-4.197101630912981,58.39512941177452,338.09874523148477,6.258589646419416,50.0,3.90465302591259,130.8090419735082,26.593225655504174,170.03931360193124,44.27113482218789,4.0
10,0,33,1,0.0,-302788.35729627055,-4.15460285969098,54.75192429124686,354.4872339797381,5.867209461396598,50.0,4.86919221728399,138.7756135477631,38.62802138506693,166.37314612068334,53.708699230533796,4.44417892870084
10,0,34,1,0.0,-346843.3075913486,-3.96055152622254,73.68895040285564,331.94467105089115,7.431282914460973,50.0,4.493368967070467,136.15996063932246,37.47488319185284,186.50662412429722,24.662170387271154,4.0
10,0,35,1,0.0,-344419.3537952783,-3.9837738105225093,51.16758924047211,321.9314195422275,7.127896829232681,49.99028436377694,5.036556877524253,143.8925231022033,33.09197868140054,170.02657460626335,34.109131508039894,11.010050585977828
10,0,36,1,0.0,-373510.5394244575,-3.438452556383445,51.045360475033654,308.69426787485327,9.224161161802714,50.0,5.968895888558499,140.21677369776287,35.72141347112118,185.23602447258895,55.045231249723116,4.0
10,0,37,1,0.0,-287120.84201478877,-3.8058069638472642,57.861499897786835,313.0556181838132,5.314572716826643,50.0,7.264167840134522,115.08041606752195,28.82553596112269,181.07353163126334,67.50211747306054,9.3532240584337
10,0,38,1,0.0,-344700.86237509653,-3.5398071894352237,52.02516154465853,329.75476602306424,8.132928603879925,41.15180484942222,5.915226158560239,138.26885664209618,28.84671628817353,167.55635077377312,84.22303141357015,17.4823994840972
10,0,39,1,0.0,-331105.1745863532,-4.265242684854135,57.61743793133242,319.1796516785653,6.369860774675781,50.0,4.465257203601756,143.5162593704394,37.00620395482993,184.6448814606536,22.27828328635004,4.22771552415993
10,1,0,1,0.0,-426870.16023612575,-2.185606957353621,49.97313860835512,297.3269663358493,11.102929470479115,45.77605560240764,7.88037445778395,122.71966935426404,30.03505593813793,182.85644242287626,200.0,26.030525509445564
10,1,1,1,0.0,-436060.8500760974,-2.139411916227676,46.62841336946797,256.8523540540067,14.817223504486684,37.136854680874634,4.673485097105648,145.3476378485714,32.52367684602919,177.8322903411583,117.28537803622724,23.87495442984174
10,1,2,1,0.0,-438048.20173651294,-1.794782646423007,37.98493547262051,298.41217412065254,15.934847625037238,37.443751778889066,7.871198035545104,106.28799503652363,45.65648260508459,155.7701953770095,163.33371614083998,35.56985224830842
10,1,3,1,0.0,-444849.2595693768,-1.9110328932104836,37.34253206941682,256.2243923689339,15.325985430573297,38.70178995874206,5.737141486610745,112.69962944786374,56.416665471586704,160.56059353939818,170.20544221790396,22.124477333373157
10,1,4,1,0.0,-445566.72839821974,-1.8846126022779968,35.02028668743356,234.62513105230076,15.608201150693306,30.941064767639066,5.347974583553379,118.97212639681725,43.06286672219095,175.593177790209,170.3393675572415,32.327021247433386
10,1,5,1,0.0,-434934.8511290441,-1.8833207731175068,39.29442165464679,273.22648689427785,15.71847316827731,31.204833322368472,6.086260592829022,97.77858011879053,32.85197508262431,183.77525519916068,191.5333837300746,33.08844416126221
10,1,6,1,0.0,-440461.89790047775,-2.159661181138097,38.27648220117439,241.37750603245797,11.417690982458486,44.980350919444895,5.683643046602407,102.06556442809593,44.892675974869384,172.56521899292875,200.0,20.88457565993169
10,1,7,1,0.0,-466918.75322008546,-1.6137745231871943,49.4615626970227,270.09815541619264,16.201649911378485,42.444906276628274,7.584879767071706,163.10670648459512,50.90294684199458,196.35963645437923,199.11021091717234,25.363865868235973
10,1,8,1,0.0,-447640.76989575167,-1.9174768695417275,41.67782299721975,262.0683197488302,16.84995147877264,32.115283256516655,5.816637434892288,174.79176136215753,36.032031168577255,182.1108646239857,146.40149569555328,31.668861253934583
10,1,9,1,0.0,-442164.8854657791,-1.7447410858796546,49.6907843131855,278.5693543262896,17.41443172830631,30.298542084004218,4.933525960867838,87.90745558110726,48.370186503826375,179.5243268801064,182.94111958181884,36.21630183767959
10,1,10,1,0.0,-431542.3615042393,-2.2080237915997145,50.42532026925306,270.7482776437029,12.284625916601577,42.296061358197974,6.380357352866949,184.50327734821303,66.0561113726553,156.25745897800988,146.29906631769353,25.525105673812977
10,1,11,1,0.0,-464275.3151735356,-1.633069239971196,28.562348493040638,258.8415598393817,15.540904779995628,40.540749277171756,6.380764987087536,145.68782842315431,33.73897242678372,178.8675212371511,176.51979819804058,34.94913685720727
10,1,12,1,0.0,-434373.78378435055,-2.1180290199496037,36.218872336526594,229.93839655803902,11.66336177438077,36.902206994762,5.398921380261376,137.1516231664651,17.978311989562805,185.5667080756064,154.69460948290774,34.49903008555689
10,1,13,1,0.0,-461295.95652260317,-1.7032080055877077,17.365442797748692,269.9885695107325,16.697075834042597,37.623518476532496,6.483370468596438,144.6520432515757,46.2410329668077,196.42504673426384,189.98317808677655,30.428340456228323
10,1,14,1,0.0,-436333.21875539894,-1.8600261333915742,24.007687791235927,274.04693160904327,16.74583610751049,39.57954487658442,7.809991716844274,94.71372995046022,32.661846578313536,184.30977853190322,120.60228059762886,25.016469922173357
10,1,15,1,0.0,-464350.87509889604,-1.5127813307279336,53.08328804223861,227.67675956089562,15.263341856927596,39.5359050249776,7.272934557965015,104.69179305377439,38.67616889939985,183.23313514648189,172.83548917898563,36.570900664445055
10,1,16,1,0.0,-465880.2947155004,-1.694611240117713,45.84662549043531,258.1223390319433,13.2394774755637,43.43274991779028,5.97819552118894,161.72708120793737,30.57389492983404,186.33841975213653,200.0,35.971313766416465
10,1,17,1,0.0,-35539.624218406694,0.7878975771647495,59.3760714507592,248.19970259915854,17.455387449625015,37.07273351428185,7.21895630096402,111.185108232223,47.5854121221487,188.2446543988156,197.40230324418783,33.50294552577167
10,1,18,1,0.0,-443767.119387566,-1.8306296204965198,43.26597913476253,262.4111263625371,17.040367912933775,35.44721842528567,7.571616531903253,154.00393253010756,42.94682515452804,182.4201855605478,117.37690870317653,32.11830301206411
10,1,19,1,0.0,-451047.80400637875,-1.7517908715045185,52.93446464711894,298.565107650447,15.690106014087679,39.57617745531835,5.394773384277584,156.69102687071654,41.66036911864977,182.6772638563632,145.73802431512308,39.73655619003025
10,1,20,1,0.0,-436512.60713765945,-1.973405904950409,27.291128063284162,252.9259736965074,16.5563122800138,26.806253624488555,4.059733307048459,139.00344591424343,17.137273053336624,171.90782562161908,193.12160646547443,29.536660388071983
10,1,21,1,0.0,-450805.59236270445,-1.8624673148293862,31.416703328842424,238.0750205727619,14.978961330548882,32.668479350231195,3.592425228887958,151.05389357080182,21.845080964746224,185.71261662814985,146.94464730136735,40.0
10,1,22,1,0.0,-453649.5763644463,-1.8202427358368793,41.75326674026596,281.09612061118315,15.525569582916228,42.3636882444774,7.773413676811855,149.20333681533077,43.27137857739213,186.91384084472966,183.61705491227679,23.14299248869013
10,1,23,1,0.0,-449676.3295103433,-1.8399200067683426,50.52103539253722,258.3606329284764,16.749456630203692,31.898268047172024,6.75813514634444,165.28328167002712,28.020688319318616,176.40868914455228,166.30229567168692,31.57027639889115
10,1,24,1,0.0,-447442.3562974403,-1.9520745926435656,53.652311233674865,256.33306769680394,13.613890997557215,41.221191496575074,7.015172280520711,139.2618282825592,39.70186853259139,178.81196377161703,169.81344437413057,26.54522520843406
10,1,25,1,0.0,-40888.91176811919,0.7549514457040049,47.038727732621574,240.98217398045492,18.518593989362078,33.0780871823492,5.6974491248551455,132.57007779712177,22.104226123553374,186.60154501233413,169.7352105325676,30.888211461495963
10,1,26,1,0.0,-438292.400515273,-2.0173880060104126,42.30999250421103,231.6050331045946,10.3443358156608,42.51015788013448,7.54411133778633,159.91344016007764,24.295024986386064,173.2103857817052,163.69950523087397,37.49566140230221
10,1,27,1,0.0,-447152.43452139915,-1.8141330628158951,43.28063092663743,251.94081466865944,15.517748740922018,38.062966794363916,7.0395551303165504,150.36362300935858,50.0213810761582,173.67905098011835,124.99380621692717,34.28597221331037
10,1,28,1,0.0,-436049.5375771248,-2.2190780814088975,45.077560145533155,248.24427949449407,10.652490559153104,41.77633593953327,5.200614940637077,162.6710066993736,31.515212826203715,177.92733210905465,168.58962354308093,30.265352488139232
10,1,29,1,0.0,-468070.8056293811,-1.6504401038919498,29.899801748313706,248.55940082677787,15.550466417691464,43.20018655476468,5.904327764733659,162.3707181312924,46.17893303467533,182.2881875548026,185.0242081560873,24.151968850003847
10,1,30,1,0.0,-449663.06864078826,-1.7725588507107777,37.543966440368344,250.8050790950194,15.855206030553425,32.069562424940386,5.026498397920034,126.5332291087266,23.982849496182038,182.93692202636782,165.931910585703,39.42463400061566
10,1,31,1,0.0,-465258.1647105174,-1.5791741225649631,15.721629790526393,259.233874233996,17.217355666197566,35.57664946735147,5.164579473254074,127.89975124599334,34.510281716635305,189.89274842463624,183.78348781220438,37.24220214137095
10,1,32,1,0.0,-453542.62250951113,-1.799642594520752,63.08765514521467,304.30459341583634,13.132208810458609,44.410128137152114,5.282286431536136,149.9840670676619,33.492026793026504,178.49149838777512,200.0,34.0936814373442
10,1,33,1,0.0,-41842.43319416782,0.543485761837878,63.35848082643291,265.0550928507045,17.673522210834555,17.097029828863953,5.235158894822377,137.28930818297437,36.29867820595887,180.7666454889148,98.2059718947003,23.01720637071237
10,1,34,1,0.0,-392799.985301678,-1.981503620486098,29.574817741976247,229.37903084347207,14.180941009052834,23.47787935231477,5.184731673850123,107.9949535090524,44.68744635460128,181.73249784530353,160.37073979780186,37.317407336648046
10,1,35,1,0.0,-454246.86438433913,-1.5850739504579696,42.274455064230175,287.12575854864804,16.965047938579776,44.089468065633596,5.856492596413081,144.50787574029638,46.86048264057719,160.70724166558682,128.0,30.49954509524487
10,1,36,1,0.0,-463329.46639888413,-1.610787666117687,32.787488726815766,270.7983920668463,17.180439268169238,34.08011512065365,6.5671666923863175,166.35785310840652,57.89849563433819,185.32399143409933,200.0,36.18104223057897
10,1,37,1,0.0,-451745.6716771546,-1.7454774070959167,45.206876780812976,281.9475335785937,16.027492999552283,40.28223535687192,5.792516113773948,117.17488369661874,24.50435532648723,181.04979755816873,164.0,30.097767289316653
10,1,38,1,0.0,-456106.6559705205,-1.6674590847287607,43.64011449273815,287.24394647155054,15.8710154906778,38.91577434072922,7.734600865402171,141.75781359625293,54.29737127311995,184.96724708469955,185.68946146212556,35.86525049019136
10,1,39,1,0.0,-451523.8897766737,-1.8961096214685802,51.183164359708144,241.39628144893067,13.902477497284673,37.73454632531568,6.51046672324592,151.73599758482553,29.22796600537605,181.9703083588611,167.72374338808308,30.897791256089757
11,0,0,1,0.0,-306670.526445674,-3.5446440926138503,60.82347310185647,325.05987663055873,5.737132307777949,48.81517110224374,6.2427054065494785,135.34242981373188,28.524275756119273,178.77247666186315,91.34088784716711,12.939257654612398
11,0,1,1,0.0,-353660.4714905702,-3.8204098853821167,60.14034603977598,340.30149583227757,8.42424953147163,49.20871350757135,5.4309260052657224,140.4733829576586,35.42330327935653,182.01713057011193,27.752266195827048,4.0
11,0,2,1,0.0,-324323.8819294704,-4.065265642734186,51.67360757204393,308.4075470634049,5.980685598036798,50.0,5.645146708811037,146.6099614022903,51.73291899879967,182.15592101512175,83.33401018901162,4.459141536487002
11,0,3,1,0.0,-351069.38844051637,-3.826463860182652,66.45680412438672,314.20428578058784,7.2456697340233855,50.0,5.44064893544514,136.0867557252078,31.135661662687554,171.28721185151448,31.34348359343269,15.317128868037614
11,0,4,1,0.0,-283325.22308287956,-4.342180601986572,35.78109844403295,324.67247768006735,5.532546934836946,50.0,4.352799021491153,96.31148347970868,35.4787530429481,176.4022934137982,20.0,4.047629164270228
11,0,5,1,0.0,-356872.81670460984,-3.8430736729036594,57.19089072195861,317.3231915265612,8.265991901802373,46.81714241866358,5.1273834071870406,147.69802854565665,25.2422140423292,181.34894520635103,56.0,4.0
11,0,6,1,0.0,-283819.18434006715,-4.171334847030162,37.396120903048285,322.2263766950232,5.646567247748962,46.96836724134022,5.691491229979091,143.36968970916968,51.00213854197258,176.18033760339844,42.58365722187909,4.6914933846614435
11,0,7,1,0.0,-338808.68855175364,-4.069103868361363,57.246938361276506,314.4518813864385,7.16810517944761,49.19129064715349,6.471462101792101,117.91905256275417,36.79144198731464,183.0385237199857,28.573468023207795,7.778290142582254
11,0,8,1,0.0,-357628.8147090266,-3.5569892025984067,52.25584490255165,346.39156885988154,9.107111479994229,50.0,6.185518952318008,112.42357930491865,21.42613483428697,182.78582402982983,40.10571356741448,9.129790200191653
11,0,9,1,0.0,-302764.464208008,-4.249079912417858,61.3306582340871,327.9045416360079,5.71236250467534,50.0,5.572415017093214,123.73776231757583,36.41659112813623,184.82298662548396,24.970793818307968,4.659086950661589
11,0,10,1,0.0,-407224.55587852426,-2.625341345344689,64.97172835143708,287.2415379530147,10.926193000171436,46.34940389938358,5.161077670737278,111.80768209934034,46.48600527033135,183.141224719726,92.0,22.545360858538523
11,0,11,1,0.0,-312630.7123221586,-3.885700992124519,53.83707718677505,329.17512613300295,7.893212362090375,38.76272253311421,6.672388583866884,76.19907277524773,46.09458489900477,184.56722367500979,68.77393015766408,10.48119445690484
11,0,12,1,0.0,-368901.046338187,-3.536079094757327,53.975803959043176,314.1933856395526,8.927416699240702,50.0,6.415271906594349,158.77644725576815,24.44982725327136,176.56465156929096,34.50624646329764,4.428263785301218
11,0,13,1,0.0,-321182.1258648727,-4.298846820890065,52.5007065975501,331.4912446420413,6.20987247562608,50.0,4.229269927313654,142.26028946095707,30.876853375382197,175.23816514838458,20.0,4.045632108173467
11,0,14,1,0.0,-377490.2221184062,-3.308718169506969,49.27017838378232,317.1907294184441,9.721903566529317,50.0,6.362474604536954,144.22886439950875,33.40504294714188,180.4121751000565,65.49741932249563,4.802366910973731
11,0,15,1,0.0,-321273.7497243012,-4.040905679843539,75.74712060268965,308.6284487204946,6.300916949837558,50.0,7.486936048946083,85.4956428829671,35.54076859838915,175.3362588872565,49.11133312711394,4.4478826394586655
11,0,16,1,0.0,-339177.9388458887,-3.819408388623139,73.54116923456408,323.95609708343693,10.145673991170927,34.277998109565026,6.396727670502854,129.21194740139654,2.5380639303469117,176.33498314352119,64.81925768674043,4.0
11,0,17,1,0.0,-337373.262821886,-4.027114560280813,68.51142225742467,336.8471107884776,7.2548195866688445,50.0,4.495078551873402,111.46201164263958,34.661073202909996,165.11583973070032,30.04106074768675,4.685042348768467
11,0,18,1,0.0,-364245.85814028414,-3.5356376891460104,52.01141505422166,335.5688725508391,9.303762652286675,50.0,6.303882470260426,136.07177641408452,34.5763579602722,183.5580591222765,39.209123875015734,4.285690756094836
11,0,19,1,0.0,-367997.03315942927,-3.525791965368099,43.36265557922934,300.8216586972433,8.884455503879078,50.0,5.859423625882884,132.4893704680006,30.042848809265855,175.57981276488894,41.91866722974581,4.677824640483524
11,0,20,1,0.0,-342165.10713087267,-4.112750804283849,47.70312251686869,304.4675859826831,7.092830493531609,50.0,5.72077682205055,139.24266255611437,34.89216579130158,175.93747983191375,20.0,4.0
11,0,21,1,0.0,-350142.04245162825,-3.597039096184728,77.44449781672918,322.67893166799786,7.231613651060645,46.81076281422707,5.536646279059874,142.65516078730707,36.887860100148444,171.747731466873,92.0,10.775292441467712
11,0,22,1,0.0,-354118.9981375452,-3.910445622646759,54.186037731973094,298.2820413719648,7.398350441148575,48.03843512735807,5.039444595268218,145.3918222056518,40.37846322256319,176.85473731726339,66.27730213955121,5.408440802747643
11,0,23,1,0.0,-319749.80434385827,-4.082095965543733,53.774640346691,315.43208150924664,5.970872563278463,50.0,5.290567005884342,136.86952973556168,39.329401091786735,170.299549116796,64.0921971930843,5.211518667413898
11,0,24,1,0.0,-356212.7292232889,-3.762908680465764,64.2427943426115,335.5476578107693,8.055345491399958,49.865258066384975,4.583323242983453,138.6422973129598,33.99363259593821,174.0,67.26581321320316,4.165830041966475
11,0,25,1,0.0,-343254.9987592154,-3.7972187663906554,49.53831004398148,330.64978758684305,7.82005531366328,45.30146430685274,7.416621316217885,135.26825312548624,35.61165056168105,182.5415360131432,75.8838485730008,10.654346778847536
11,0,26,1,0.0,-339753.85053734895,-4.133891943819503,55.09093578203885,334.8662222117981,7.342577165050007,50.0,5.523172596826135,136.23136480226347,38.19020616877929,190.48545478109705,20.201398406777855,4.559305836038968
11,0,27,1,0.0,-378103.1037308837,-3.174355237991456,57.82998916766895,327.52971322956245,10.377845554787498,50.0,5.190171032675907,141.07604834090682,34.584313782391554,180.05252353013356,24.713789817191206,4.0
11,0,28,1,0.0,-343992.4807007335,-4.059616259709714,52.15210342666494,298.48104857688105,6.7201563840329825,50.0,5.189309481679438,145.63218104895748,34.21447045699047,173.41713622411837,60.97257791724242,4.070893758503397
11,0,29,1,0.0,-326829.71074075095,-3.8190178025463966,53.807266583719795,331.7638994648627,6.67823678159302,50.0,6.661017424391782,85.4906069220653,33.25193972552208,185.1148798365623,89.36839899441614,9.973865771811084
11,0,30,1,0.0,-340263.64535032946,-4.167333564066386,52.130327839381934,303.12655316130883,6.756596959262299,50.0,6.099013027443437,142.22682489136145,40.775920003902215,191.088113922783,35.70087974302752,4.0
11,0,31,1,0.0,-334849.5515759296,-4.132920993214985,56.84541644655242,311.80539803075015,6.714621581247222,50.0,5.251696511841716,125.95228193155447,40.68811538338959,166.57708309659438,40.171399460557076,4.0
11,0,32,1,0.0,-325585.48810570757,-4.234801524974117,36.39512941177452,319.6526742663264,6.463256277883003,50.0,5.70465302591259,138.2890859305856,35.55863619238713,182.03931360193124,57.49921922655748,4.058374677062314
11,0,33,1,0.0,-368985.883816298,-3.528559278281146,52.792417898642995,328.4439553240383,8.867209461396598,50.0,5.6315001978140025,149.0476328485949,34.99204717517507,177.78325223273683,89.7086992305338,4.566825258004984
11,0,34,1,0.0,-339792.0500752472,-4.034204706359508,83.20011201160116,330.3778478690056,6.783673057447096,50.0,5.483769146882041,160.12141016126074,34.24832837931083,182.75582899667646,20.0,4.0
11,0,35,1,0.0,-307994.58614630555,-4.3106515130138865,52.35430512618655,336.9604734139921,5.907712598925965,49.986293080360404,5.4065016842483935,142.12433735044476,34.166103301033225,175.1244162612217,20.0,4.0
11,0,36,1,0.0,-352512.79232095886,-3.957250908262007,50.188696342523244,289.1274175012462,7.001770031857596,50.0,6.047225672026036,151.00384860488077,42.04295845433779,181.6574535472799,70.39584729265502,4.233897026281983
11,0,37,1,0.0,-357336.96079341817,-3.539337509201244,52.396110957013335,326.1102277131635,8.314572716826643,45.42528081956644,5.588198603121869,112.14334206061012,44.485309570944324,187.3151385362844,103.50211747306054,11.766471243847253
11,0,38,1,0.0,-395204.99013071327,-2.84361753312937,71.77245075512594,320.25959065595293,10.878305061221116,46.26642796945654,6.033510515960807,135.82449906464825,37.5754281917423,173.60279216501826,88.606936003596,16.537273605299323
11,0,39,1,0.0,-335729.04854272667,-4.1909756880865725,62.02740772166277,311.22217261818076,6.445408530767728,50.0,5.9706139152510875,153.78018326450402,36.43963765131255,184.923940118798,29.3417236842461,4.211765180413228
11,1,0,1,0.0,-460920.56910956895,-1.7360418729030958,50.067969453722824,265.3269663358493,14.102929470479115,49.850052885987566,6.08037445778395,148.83236752188805,32.3245784582426,185.9323651844951,193.26705375259775,18.903637274304653
11,1,1,1,0.0,-418983.79799761006,-2.344011941821253,42.203834233338185,260.0662095318268,15.409634270439726,31.998853682478245,5.143233014619153,130.2953266908609,33.103700004841095,176.7427509527394,94.64377619077949,26.904613450303557
11,1,2,1,0.0,-415763.11451737577,-2.1316264922189707,39.88223015295653,321.5750777001964,15.76685753878677,35.791859519550435,9.32963672363557,109.10339848204308,53.23937021459749,167.7701953770095,142.5655571056514,28.369852248308423
11,1,3,1,0.0,-435636.2053414048,-2.0826130884295293,38.33357749641729,257.56121212041296,12.325985430573297,38.715340815495665,4.666575437232116,108.04957070397737,54.000732010939444,172.56059353939818,185.87598563927696,29.324477333373157
11,1,4,1,0.0,-464733.7364486738,-1.524765949465912,28.0893029503943,266.62513105230073,18.285842039197718,39.94106476763906,5.96412002778597,150.91587200172984,42.04775979559022,180.45355259708384,166.43392033257982,25.127021247433387
11,1,5,1,0.0,-446826.56725359696,-1.6173261450056202,43.83612790946711,299.0947019446369,17.693322081892447,36.731270546960204,7.626237973560381,79.18850198456798,46.013941842480406,179.4770885317971,176.55908013504228,35.14297675741641
11,1,6,1,0.0,-413222.34502572357,-2.2375787978837804,36.42920685344681,258.33200645600084,10.840569635173505,36.19664378226605,3.8836430466024074,104.27991879121208,34.55728669528787,176.29617279179632,197.5657360444423,28.08457565993169
11,1,7,1,0.0,-467243.6545722313,-1.6645482294579996,51.66361975253922,238.09815541619264,14.404429896854236,42.801405443593346,5.784879767071706,154.22948228276147,35.3042489281982,184.35963645437923,177.78170196706586,29.23358487419878
11,1,8,1,0.0,-440904.0226120673,-2.086486222540716,44.388188746173036,248.73393429028786,15.421906835270857,31.991368825127665,5.610410468679196,148.9882473141023,39.757328453675825,188.34669645151737,160.8210137407366,26.113723602580883
11,1,9,1,0.0,-444276.0542139742,-1.8423523305896263,32.2509577063083,277.60848357340365,17.410630760208182,31.77018706787194,5.72516166901921,110.74322288112543,46.46739862854773,175.64014637795708,190.5952674361023,29.01630183767959
11,1,10,1,0.0,-450652.11079235695,-1.878924508476806,44.28716045809453,238.74827764370292,13.225337334634515,42.781393309018156,6.199652437664996,170.73018284664627,56.41860157760341,160.5690859436245,133.44383330131205,32.725105673812976
11,1,11,1,0.0,-462690.12835206103,-1.6677013005248085,24.40595219536786,250.3881549029283,15.782308835508694,35.24165922142332,5.970290179668553,151.6362522009528,19.272402867939352,189.87416205305468,192.17625321091933,36.61599548569005
11,1,12,1,0.0,-419289.29359248106,-2.4229263158597307,34.73047179354126,241.62062944796054,10.234861917296946,40.90559649802027,4.643164419902057,131.21010526575165,16.658142584489955,185.21786345494698,118.69460948290774,35.11183759144121
11,1,13,1,0.0,-473172.7387936992,-1.4761507032496566,27.276626620066878,279.3391378282948,17.949503807236212,39.55264398832317,7.208887460516382,162.77807635098253,49.826525218236185,196.96822370381943,200.0,32.46576924633764
11,1,14,1,0.0,-429066.35321626946,-2.094375927782664,20.043032121538964,242.04693160904327,14.325496859796301,36.007960686423715,6.865564046510205,74.84394364426264,50.661846578313536,196.30977853190322,130.14304710176512,30.310587467701772
11,1,15,1,0.0,-455446.09520026785,-1.4904826937637023,45.9617445352084,259.6767595608956,17.011869042343516,40.02210393211123,8.189634847128062,77.82788585350232,42.62696926424912,184.34756304960158,155.51350568888296,36.120680950889955
11,1,16,1,0.0,-474332.47908880113,-1.3736263492532212,51.367452876387496,239.52704511847188,16.2394774755637,42.856431451381205,7.482292637191085,156.1708814378138,32.10393536583016,181.09364931482338,168.2571869197854,35.86798160659641
11,1,17,1,0.0,-457979.29809675354,-1.6824965167491899,52.85580642867913,255.72052423687222,15.09327559129805,37.2289951803088,6.219975732230063,113.56855038475044,46.375103801618295,200.2446543988156,193.29468639364637,35.09986261795489
11,1,18,1,0.0,-448251.8981721225,-1.764538603339485,42.260154897387224,254.97653722816816,16.327222130989547,34.07626217814643,5.899471684211647,120.00393253010756,24.946825154528042,170.4201855605478,153.37690870317653,36.10300486987408
11,1,19,1,0.0,-458068.88708149793,-1.6594502745026811,56.54949439249809,299.2562929198294,16.32537842461634,35.94000596534736,4.695864593313347,166.00274752171273,33.049698816625295,177.57846862727632,181.73802431512308,40.0
11,1,20,1,0.0,-450555.52320524433,-1.8156019628802595,30.79054461046463,256.0235691279586,15.610551365044588,35.806253624488555,5.859733307048459,141.93079787857232,25.915113505395805,165.18277463647232,157.12160646547443,34.61903039591006
11,1,21,1,0.0,-43029.221443396986,0.6574592434339391,53.27813181814619,241.69264142473583,16.59396951159935,23.668479350231195,4.440756233395862,147.99598049302298,20.066033723532183,173.71261662814985,117.26798938097676,37.9467852563799
11,1,22,1,0.0,-463673.6891180531,-1.4694836632915764,53.45874337552698,249.09612061118315,16.545136973884816,43.067879401324554,8.242659595830467,145.24807501841207,33.08779065582439,180.9388451233978,147.61705491227679,30.34299248869013
11,1,23,1,0.0,-438278.3171853672,-2.161296903866724,30.2938439377781,245.8938297339492,13.749456630203692,36.115565781292446,5.173492080165263,166.36896951449904,39.554826542419804,164.40868914455228,130.30229567168692,30.137301376000234
11,1,24,1,0.0,-423833.70015104936,-2.315997646573076,53.798515244622706,241.3185537180873,13.06898726438186,35.48556219500462,6.0583274180921265,116.05419223785799,29.632998852097735,176.0669495927156,133.81344437413057,24.160707186056957
11,1,25,1,0.0,-30721.81788928774,0.8365147894838793,43.35197618250568,237.8521551859427,18.440750164090957,41.1658954192294,6.440628282381248,98.57007779712177,32.54193736830946,180.1267627076236,174.69163914708804,30.78907490504168
11,1,26,1,0.0,-438784.609237824,-1.9212000522282646,39.190235846047756,248.63095981466464,13.3443358156608,34.29849635500872,5.74411133778633,134.95072448864755,24.93292379603058,179.54329641149462,161.57949137487506,40.0
11,1,27,1,0.0,-455494.8856838709,-1.6395103076811275,44.0804491536258,271.033633110124,16.898073836322926,36.05216285873528,7.1319299121376325,148.23511015556335,32.0213810761582,170.31334334755906,160.99380621692717,37.966986954452786
11,1,28,1,0.0,-460704.56132224784,-1.8853774563297754,45.98470378777414,235.05750818274748,13.652490559153104,40.21064493025797,3.6271688488600606,155.39187889035213,49.515212826203715,175.8259143649776,190.27560715216362,24.215519740049153
11,1,29,1,0.0,-474616.49831022206,-1.6594839995342132,29.855974020936223,241.62842029304178,13.63360073091727,45.72833024190674,5.154850274461478,175.30391405259317,42.28327937235588,183.39250831673758,194.1721263895819,31.351968850003846
11,1,30,1,0.0,-427516.9736277044,-1.9720276743059022,44.38164237477812,249.41571674976205,14.874060108070026,27.99074131394493,5.78296321341219,135.92792836735228,35.08655395761684,177.73898128588783,167.48835909522077,36.53104356736997
11,1,31,1,0.0,-447820.54781692236,-1.7423848028246274,37.72162979052639,240.5174241752233,18.198720917446874,28.102852714228753,4.086365883623313,107.02736181967958,34.033319827488526,185.76235616925058,147.78348781220438,38.42813708436435
11,1,32,1,0.0,-449548.5055608564,-1.8828326601009944,60.955067958304724,272.30459341583634,15.365068588192848,38.484943554233396,5.665494825870418,145.48696390363142,51.492026793026504,190.49149838777512,164.0,26.893681437344203
11,1,33,1,0.0,-42873.042129747184,0.6307452620353768,69.41788321182293,259.672474454672,14.673522210834555,26.097029828863953,4.428124317066319,139.5328942519299,35.141083572844,179.43127197006805,134.2059718947003,30.21720637071237
11,1,34,1,0.0,-421446.70521014347,-2.220546419441098,24.74330090269727,237.15388551227173,13.608787943667929,32.47787935231477,6.984731673850122,111.4572725948417,40.3225478625755,169.73249784530353,131.33866929343273,32.0208523946878
11,1,35,1,0.0,-425127.8871378218,-2.145521465543607,41.96353063209186,315.5882742721624,16.50630739662569,35.089468065633596,4.056492596413081,159.12494436639014,37.72055487950768,170.29016509538462,92.0,35.00206948283308
11,1,36,1,0.0,-444776.75988533616,-1.7825446568659187,35.563172856632946,300.77813827522306,17.5621666649969,30.935318853327036,6.688014653144007,140.32782447860194,56.35608623733334,189.18990600007146,199.7956717486346,34.07990455208835
11,1,37,1,0.0,-440270.9910573401,-1.877151254980584,44.89553537198958,282.7779174939643,16.789142226045804,33.931867046209646,5.490976531147095,107.52020935432573,42.50435532648723,179.37410167636918,154.35209416205726,32.31120554342606
11,1,38,1,0.0,-456456.499890078,-1.703219023618623,42.81875546120907,271.1323959599425,14.496518592686694,42.33117166313989,9.53460086540217,134.9710254097365,42.62676255579504,190.91750894396492,191.3454321729493,32.9556530879764
11,1,39,1,0.0,-471270.7941420636,-1.3768001546703126,47.77779548324687,257.988249953421,16.83772115981273,45.9485943402873,6.2331955620627015,152.4972026177854,31.847824146893444,171.1188389035158,158.42805908599414,29.439739921504433
12,0,0,1,0.0,-351427.5214799153,-3.6586362894477094,79.84191795411647,332.10027931209993,8.737132307777948,44.46909516802827,6.436603579533243,116.1191328778868,33.524644825809595,185.7115267144143,74.56770644102981,5.7392576546123975
12,0,1,1,0.0,-343072.6154391439,-4.042899292322869,71.45241482017343,332.804938272378,7.416047886575532,48.824828424736296,4.976823738193833,138.0386686574563,34.62705715590016,187.07725467671804,22.12873808258911,4.0
12,0,2,1,0.0,-376974.4357159035,-3.4042432537208587,58.902270035621754,298.7253998881963,8.980685598036798,50.0,4.265321687131476,130.5301515661646,35.30499696973477,192.17472838932625,62.74895973719966,4.065901921339887
12,0,3,1,0.0,-352543.549546877,-3.843674419361189,67.07370301390168,302.9706600389144,7.271590593688052,50.0,5.21514956290593,125.28166071426057,38.129993276578745,182.81169032737554,22.55268172487311,17.101604030275116
12,0,4,1,0.0,-232458.09536566748,-4.15482967125631,37.01926365815144,320.3356621244193,5.0,44.02513287022083,4.3144680578594246,93.39490985688765,35.3201003924067,179.01554529249645,20.0,4.049794242245369
12,0,5,1,0.0,-292297.02398830076,-4.138551265660059,40.24214126670242,312.0646213840408,5.889029715987224,47.102214772708436,6.243758088062218,113.69802854565665,27.392718146064915,174.83020906438838,63.82063145799467,4.0
12,0,6,1,0.0,-289799.63000447897,-4.199252878937908,34.628229135757174,306.2471462279712,5.348467182550866,50.0,3.979326187505912,133.85868858582683,35.86826713144069,171.5933813285334,35.847580509262556,4.0
12,0,7,1,0.0,-371118.5180793961,-3.3875100073756217,63.63105177159203,290.81856716927825,8.876395966754533,48.68398419040046,5.015371360092428,89.36944496120944,36.71069342713185,185.94712351230692,53.177720142571225,8.83617004796877
12,0,8,1,0.0,-380723.4897158697,-2.8765994585975836,58.163877878554516,317.48503712647056,11.316255736267754,50.0,5.4877461114038475,86.44723836298004,25.067778591950166,182.44094199990062,33.510831598958134,4.0
12,0,9,1,0.0,-278695.07926925557,-3.9526916175366686,81.1206148486027,299.28229496511636,5.0,50.0,3.7724150170932145,91.02097909246727,38.91771422311357,192.24407075773698,26.75350480719881,4.580726560442674
12,0,10,1,0.0,-340212.7256127541,-3.1155237670212625,42.97172835143708,303.48047625644415,7.926193000171436,40.497822561025046,4.2565805388786835,77.80768209934034,37.38174700165385,178.98844569516334,114.11271814920758,21.79161806734767
12,0,11,1,0.0,-365308.89260115236,-3.2420878322727655,62.75029103059345,333.67744339264027,10.893212362090374,40.144305318233165,6.141191084346222,76.72212842173245,50.51931807333239,186.68967149845025,72.40150170152823,17.372476666480672
12,0,12,1,0.0,-371828.3994374968,-3.342969289563837,44.16992309827719,313.2257153467566,9.774659167383815,49.45589608695835,5.8545283180086285,124.77644725576815,17.61126367889496,180.5741454725216,47.56383964003298,4.156006254899483
12,0,13,1,0.0,-290777.17296923976,-4.2458392706372035,30.5007065975501,329.62828171051575,5.660659354280706,50.0,3.710479517738575,108.26028946095707,34.04120313189575,177.56164692579986,47.661403644326896,4.057157940295902
12,0,14,1,0.0,-337347.92987317644,-4.0172896045738975,41.05581037811233,318.8337377333928,6.721903566529317,50.0,4.562474604536954,123.17015947923208,30.58526813471874,192.1286298984163,97.99088117397618,5.638274408519775
12,0,15,1,0.0,-327330.38231785415,-4.187233334564102,53.74712060268965,311.4765376906816,6.928688801158923,50.0,5.686936048946083,76.03118971412354,37.6969596586786,170.0153014007761,24.098358279166824,4.089455856035573
12,0,16,1,0.0,-372452.64467798156,-3.198871187080204,69.94028317931829,313.00750869119616,10.38057167088639,43.277998109565026,5.999237252012632,100.37971637176241,20.53806393034691,164.33498314352119,100.81925768674043,7.107199985649295
12,0,17,1,0.0,-27793.180517418157,0.6814200347904993,50.47863133142074,332.2325577297451,6.867418195717716,50.0,2.6950785518734026,101.71608679702899,34.78788614635721,172.13639666668035,30.257342386590754,4.0
12,0,18,1,0.0,-321855.6262979812,-4.305583233230528,33.10645527198099,328.8977243311195,6.470069839241291,50.0,5.205472549920504,138.63648848838378,34.24203735572115,185.02619032498498,43.56371247162815,4.0
12,0,19,1,0.0,-345776.7031293733,-3.8984847881668685,49.407536110730646,305.54144576830254,7.646175467988012,50.0,6.587376020287778,107.1488312988504,36.36575228836211,167.92741066895917,45.138731820532385,4.418637815125457
12,0,20,1,0.0,-317395.76871734776,-4.342474212606932,40.11878333683659,323.58766102611344,6.372805250783325,50.0,4.143580115897342,108.72875897909002,34.332375958123734,173.13723963788564,20.0,4.0
12,0,21,1,0.0,-297603.3374382427,-3.9923679318778795,55.44449781672918,325.9277919394082,5.516834472983607,50.0,3.8367544645222282,115.47330523481975,40.832986424293246,183.747731466873,104.04027711767701,4.0
12,0,22,1,0.0,-253286.42213526642,-3.9958685845033646,32.186037731973094,318.595053353555,5.0,47.247649805998094,4.781285808044476,115.28705151966014,37.324621005105755,178.8811733545143,83.64203000107707,4.0
12,0,23,1,0.0,-331074.34267114016,-4.191092848764771,45.7614921978133,312.03101416019075,6.708460099664114,50.0,3.4905670058843423,102.86952973556168,45.767511351324885,174.5950975445441,28.092197193084303,4.938427303918239
12,0,24,1,0.0,-28651.330839973136,0.6621185355457876,42.242794342611504,325.6184366052759,7.446537476366674,49.9097328134317,2.783323242983453,104.64229731295981,36.506445562545906,162.0,103.26581321320316,4.225360545629851
12,0,25,1,0.0,-366114.8649161711,-3.252559603955574,31.224021878744832,327.5784235441239,10.82005531366328,44.52832794225692,8.816379265823214,112.69907979320323,33.27111934399884,175.80730289811527,51.29105770449883,12.67285651261135
12,0,26,1,0.0,-328934.03971318196,-4.2121642730386135,52.73127492742116,333.366421516159,6.886120430427831,50.0,3.723172596826135,102.23136480226347,39.11120329302462,181.03341024011505,27.802687249996907,4.228150069494398
12,0,27,1,0.0,-361820.82675211015,-3.522616057795837,40.00775300326957,331.38442989581625,9.357196164939447,50.0,3.472459607422807,107.07604834090682,35.07262986980179,182.2429474212023,22.14036798371836,4.0
12,0,28,1,0.0,-342525.4140566043,-4.010718813543693,49.78795803290413,318.98487982883825,7.271553447966598,50.0,3.853722002695983,111.63218104895748,37.004894106016714,171.90518778567989,55.90037136897669,4.076366573289827
12,0,29,1,0.0,-355338.45776313177,-3.7308330213315077,51.978935442514576,299.7638994648627,8.178030680966543,50.0,4.8610174243917825,78.47174161654519,37.52879068143281,185.16305590845846,53.36839899441614,4.0
12,0,30,1,0.0,-341129.56111920765,-4.13262724980594,49.34750694246715,309.49880954806906,7.025340200882281,50.0,4.299013027443437,124.26319698808949,34.896203038180005,179.96036836964817,28.76407430510814,4.006698593814796
12,0,31,1,0.0,-262411.7027478263,-4.264120175302312,36.823265458348246,334.1616641427954,5.124734195614242,50.0,3.4516965118417158,91.95228193155447,48.318894949155336,178.57708309659438,20.0,4.0
12,0,32,1,0.0,-324197.8807582375,-4.251162780943469,25.918584491639642,294.35691299256393,6.360553831129026,50.0,4.531280593065954,104.2890859305856,29.771776523937625,187.67370004244032,49.30832889355138,4.021164132402637
12,0,33,1,0.0,-386418.8549690404,-3.002692309862188,46.809363110981806,314.93891365654633,10.653439795205871,50.0,5.983961195898391,115.0476328485949,52.99204717517507,179.0274125555634,125.7086992305338,4.100233074695817
12,0,34,1,0.0,-316825.7421559172,-4.2823871110065745,61.20011201160116,325.2988583796675,6.025580803193808,50.0,5.01639075531108,126.12141016126074,34.427806522908924,179.70234692686816,20.0,4.0
12,0,35,1,0.0,-282464.46716782276,-4.224976962110767,45.24401617286196,332.76529525476394,5.405825507788247,49.987688268363485,3.665671365021874,108.12433735044476,35.39571597710651,175.31509094623615,26.78504177199998,5.409625308597729
12,0,36,1,0.0,-278764.85330167605,-4.232372081023284,28.188696342523244,321.1274175012462,5.351168876548719,50.0,4.273835127505837,117.00384860488077,47.76115040614459,175.45896046759466,40.67360457562327,4.0
12,0,37,1,0.0,-382737.1428052118,-3.1461025001669465,30.396110957013335,294.1102277131635,10.131850328616512,47.19765028993037,4.576084740191533,100.4638944478728,30.62024258574046,178.5290195133644,67.50211747306054,11.640161585334788
12,0,38,1,0.0,-400639.30882968195,-2.6696930306883244,58.90088079697662,329.21687641785417,11.312389267008832,50.0,5.584818926300117,109.41934630923768,40.06505637378488,169.664147730306,124.606936003596,11.380404870591452
12,0,39,1,0.0,-319602.37382937537,-4.2608314754685805,61.2501064409421,324.7067282495228,6.141892189268989,50.0,6.896564637674001,141.30220344851875,35.01084043928485,180.0569578808088,20.543884391794446,4.078549081177383
12,1,0,1,0.0,-453118.76057261217,-1.6004053953823618,54.10458254291096,297.3269663358493,17.102929470479115,43.95573600739158,7.215892718159761,114.83236752188805,40.70245930687341,178.54909136224222,157.26705375259775,26.103637274304653
12,1,1,1,0.0,-415390.10742369987,-2.396074142606385,41.75577946039903,264.906733715417,14.314813164063978,32.65398703414125,5.122546940506401,124.77407172899726,38.01199008813704,165.91169703317425,108.15073046424956,28.55033373344946
12,1,2,1,0.0,-43164.97813150126,0.6894411152269544,61.88223015295653,289.5750777001964,17.999476967744982,30.02298734979934,7.723621266577636,143.10339848204308,51.8777681860343,179.7701953770095,141.61900124590483,21.169852248308423
12,1,3,1,0.0,-436197.47618165024,-2.0834734693193555,32.331512704296,273.50585270984095,12.44343018556646,39.8649507409132,3.894493506587278,98.02570545401558,39.461154309149265,179.3791163438178,197.92878681009805,28.262651143578168
12,1,4,1,0.0,-456660.89462808456,-1.584508862269891,34.875437578095074,285.2206584595443,18.995541074589596,36.68650410643045,7.07900271705993,116.91587200172984,34.31115155466616,187.4373888572807,173.42512456287392,28.384893951839448
12,1,5,1,0.0,-420882.86205338174,-2.0563896692277317,46.47783413907475,300.39639561791034,14.693322081892447,32.23255953487285,7.238412488361164,113.18850198456798,36.83030349079067,177.674784044485,183.67069586824329,31.65784174621035
12,1,6,1,0.0,-24879.005435267605,0.7523346434864776,41.22001401372867,271.5461198119592,11.773832656105057,34.292558796004634,2.087247641425698,80.56902229521931,33.4919076448131,175.99736161808886,180.83276391562595,21.954510483610488
12,1,7,1,0.0,-470046.2568719585,-1.5105971438233692,55.60349543434977,270.09815541619264,15.63530977574505,42.96028650650206,4.695365083408461,146.73099215206602,37.970936809761014,177.31871566337892,179.33457103791167,36.43358487419878
12,1,8,1,0.0,-438310.84188054485,-2.1431375002144852,45.92374497200506,280.73393429028783,13.397415532683418,40.991368825127665,5.369088548482821,134.8363026828908,27.85603652843145,189.15282968941713,165.37812444604134,25.169525000949847
12,1,9,1,0.0,-447156.357031557,-1.7555593884144507,24.85478111000675,263.00348314767956,18.907698080828343,33.96636721959793,6.0080588109039565,115.1731747895259,28.467398628547727,181.77374792301177,154.5952674361023,21.81630183767959
12,1,10,1,0.0,-446956.8955711465,-1.9205502354078463,41.72090449473624,224.5770251193629,12.586451526014212,40.10514033025206,7.572342159264958,154.26261342385138,45.358909343581864,172.5690859436245,138.6710648440694,36.566451488866846
12,1,11,1,0.0,-470623.0444120353,-1.5124146781868963,28.748825004022603,272.9895228182447,16.629003576534576,39.55071275518448,5.565848593355949,142.84042937514107,19.969413226373415,201.56989529624497,200.0,36.36821165273821
12,1,12,1,0.0,-434593.0782099576,-2.134166636032205,37.366492050960396,230.30437470939327,13.234861917296946,31.905596498020273,4.229993617563897,157.54948069221462,34.65814258448995,175.99960090776239,133.20769225025197,36.96410683563443
12,1,13,1,0.0,-464531.15468690457,-1.56532222991289,42.35032179336647,303.5314375586091,17.88928833218737,36.865148474908466,7.181746082017635,172.9923851166804,43.69741841762289,184.96822370381943,197.1628292809432,35.58704951248303
12,1,14,1,0.0,-419076.855783273,-2.244432200513956,27.8378310890609,274.04693160904327,16.069912445674547,31.85628950041292,6.952177876025333,102.45185908599014,68.66184657831354,185.0908728898829,143.25983632850094,23.110587467701773
12,1,15,1,0.0,-453074.8563121785,-1.648460322813636,45.95050669611058,291.6767595608956,16.594995833077377,39.79761484754577,6.389634847128062,111.82788585350232,45.67692258890933,184.74192181943198,162.66460114600383,35.66972884148277
12,1,16,1,0.0,-456327.95561346214,-1.6049628173748653,31.512287638008072,235.84132429588473,16.668579725878757,33.856431451381205,9.282292637191086,152.39983862476552,33.60394666323081,179.19312511410462,155.08234944705347,40.0
12,1,17,1,0.0,-459173.48549032165,-1.6869337243718001,47.50670377587484,256.5369863916418,15.886078340957777,35.4002320605134,5.80928092659911,130.32680028283866,39.05626197680624,188.2446543988156,189.39057564040863,34.784863298872295
12,1,18,1,0.0,-456658.88227720704,-1.7091885954097228,20.260154897387224,257.8809339755192,15.652013633433862,36.78424911954301,4.34830959537751,109.99984203310166,24.089670125023666,162.3847858881535,179.36730186494447,35.672433608997174
12,1,19,1,0.0,-49744.62769935063,0.7193479929190232,70.19716303519736,267.2562929198294,16.72643101770738,36.85473842177804,4.506024192611666,163.37703685712592,33.93853358093634,174.72779630800497,193.35372745447734,36.681981277101656
12,1,20,1,0.0,-464591.95291714324,-1.596691754606329,26.850466701262743,246.6324336235454,16.059185441664074,38.86975446680629,6.711481953248388,146.05528808928176,21.888849135727696,162.88819043289857,176.82879830471194,33.44171863768461
12,1,21,1,0.0,-45103.02889147827,0.7004153326403287,62.58357663823962,238.57224327003055,15.3244916350256,32.59823048612406,4.751426560524242,155.28407569641473,20.31132928655505,172.75522563404706,125.74194392642067,37.14655848367057
12,1,22,1,0.0,-422064.03352591995,-2.3525159124811883,41.32987539587084,262.87161940504603,13.589929898577306,34.067879401324554,7.226052991925336,147.67963309795988,50.5501890048135,176.4503135792615,156.34372832404284,23.14299248869013
12,1,23,1,0.0,-415195.61676944897,-2.2929655891726206,10.0,229.27117853698826,10.749456630203692,35.910876576330736,6.9331167192462555,167.20129295815525,21.554826542419804,174.83950099689102,141.48339720760026,34.13848691702665
12,1,24,1,0.0,-447878.6518871714,-1.7313561199859104,50.42777770833504,260.3178102279309,16.06898726438186,40.39074846448184,7.319072758316704,125.33964956290488,26.155999089152257,176.0352528825505,130.84958941355256,29.089639731388537
12,1,25,1,0.0,-461996.73944092746,-1.5693593818856784,43.124912961397285,250.81838896499127,15.440750164090957,38.15324371871651,7.300695538541566,118.73195326292824,20.52025100648356,179.15544677504934,194.31777994432719,37.14424139475394
12,1,26,1,0.0,-436630.4441728598,-1.7408898824350976,38.949715096409555,271.2729066889403,16.3443358156608,27.696074188801312,6.460803267018121,141.44517397707418,28.986910266916418,177.4648277021416,194.70813369583817,40.0
12,1,27,1,0.0,-423988.7901252186,-2.1632124123940115,30.75934312233003,272.15148793978517,17.38562937190763,27.05216285873528,5.331929912137633,144.77232365816846,33.15967609837476,177.42716643561565,124.99380621692717,33.517457078882614
12,1,28,1,0.0,-47928.44656136922,0.6554594166024953,46.00959507389612,241.06965311836888,11.77117393173403,41.08359888083886,2.9144492204353116,153.8655273736807,42.40364562910424,180.95656730716826,186.33536312591775,24.894619815523754
12,1,29,1,0.0,-484642.6411019064,-1.28785923291805,42.083120643682534,244.54106307679893,15.700814359830918,47.80681677578881,6.27371918131617,163.79510424727314,28.126196254109875,186.93316867599032,190.64512094461864,35.7469083378719
12,1,30,1,0.0,-446631.808570951,-1.8328018916477262,33.94915865906965,250.79849013237646,14.59600702020875,36.99074131394493,6.2507580604938155,118.70641705006729,43.812905046401866,176.93675836807606,150.86550716733097,38.08095722069146
12,1,31,1,0.0,-448339.69506820646,-1.7796694499193788,50.90416090922061,253.5177399933467,16.51887377498394,28.951404899058645,3.6073190858264907,139.67811989302646,42.96665832599694,180.18601376167769,166.02162008213236,39.80495782705154
12,1,32,1,0.0,-57725.60096230068,0.6632328370236649,64.02775668568093,289.06687134413295,18.365068588192848,35.31075972481739,6.216201209024576,179.48696390363142,46.51491858521811,195.98813206613707,140.5352561367286,30.974401785716264
12,1,33,1,0.0,-380733.0115560788,-2.8351008159599678,65.51351685810758,236.28859636763866,11.673522210834555,27.452433342677192,5.806692478420334,151.87626270994838,24.53079470080734,181.9939459264097,98.2059718947003,23.01720637071237
12,1,34,1,0.0,-453613.95405141264,-1.7804570273442308,46.74330090269727,269.1538855122717,14.51655663122244,41.47787935231477,6.087710222110468,145.4572725948417,39.67073181222437,163.86834122943537,167.33866929343273,32.47827956636085
12,1,35,1,0.0,-49572.28427024665,0.6058819244890138,44.087223295560925,283.5882742721624,17.179156041994492,26.089468065633596,2.735471649751986,164.0761936664891,33.35012466999748,182.29016509538462,90.92814938428742,27.98110162729137
12,1,36,1,0.0,-438153.6396377823,-1.9681966097306542,42.890455205044695,293.96891239615866,17.38549203204408,30.054991451752922,6.2415271073581815,152.55508724711146,53.248612314108456,182.77454899285803,182.58512080928708,29.05546218713615
12,1,37,1,0.0,-445246.54768410214,-1.8829929818821447,36.844180272255535,250.7779174939643,16.418508908992322,31.19746267723778,5.232525807435654,137.07464864991562,35.67971066494111,167.37410167636918,155.19982735408007,33.87683330751176
12,1,38,1,0.0,-471572.4706581284,-1.5133044258010515,42.9641932279756,239.13239595994253,14.889102143672426,46.48102491247211,7.734600865402171,155.5259097539435,46.708349969385516,189.67433548465823,176.11973643147223,28.92959222840606
12,1,39,1,0.0,-467900.1169152251,-1.314861221213749,47.499304839599056,256.0543325003955,18.651187398709755,41.376953668206184,4.549860179785352,156.67173074619893,23.64820542464947,179.9923858718727,122.42805908599414,34.7365789287021
13,0,0,1,0.0,-340539.528323469,-3.773576461202586,86.92547099132557,323.7313611135792,7.797106955283304,43.823322256950824,4.636603579533243,101.26765166120416,35.696094799898226,175.07541903383446,110.56770644102981,4.0
13,0,1,1,0.0,-271551.67891501,-4.193194551585143,49.45241482017343,308.3835112423537,5.0,50.0,3.821250330951269,104.0386686574563,37.05679260368433,186.14958690291283,23.971567369522727,4.0
13,0,2,1,0.0,-354141.73208905145,-3.812433789874519,36.902270035621754,301.1584593954376,8.08658625031973,50.0,3.346111731029563,96.53015156616459,35.91300675417912,191.08931633521735,26.748959737199662,4.0
13,0,3,1,0.0,-337828.9524020169,-3.974458196182375,45.07370301390168,302.81373364181206,6.5966522234394676,50.0,3.8632373362842265,100.82354191301579,37.91112093668549,187.19065147596254,58.55268172487311,9.901604030275116
13,0,4,1,0.0,-323340.0571982254,-4.23573627781616,50.091729429316054,303.3190173904385,8.0,38.17883237030788,4.300769230121844,100.05836474634003,35.04289382825557,178.86892666625533,20.0,4.077776037248951
13,0,5,1,0.0,-347052.0951830365,-3.7207966858273513,56.73873930688321,338.35522209222034,8.889029715987224,48.91808139254449,6.570709697582088,79.69802854565665,24.296134805728705,186.80335747830182,38.398340022212096,4.0
13,0,6,1,0.0,-322427.5108363004,-4.135535240689345,39.22157037444596,318.61871383559236,6.761419110196246,47.08772412088665,4.142660665366305,110.92860628761414,46.45353926274953,164.0339401399314,71.84758050926256,4.084109612954823
13,0,7,1,0.0,-372616.17793861823,-3.463130109239828,41.63105177159203,276.8638807040475,8.701762359667898,48.12233468039161,3.8635134513439953,88.64370253292437,36.15138793627132,183.77505617165014,62.24956400177868,8.13655929368904
13,0,8,1,0.0,-387373.1031890283,-2.8992673384483356,43.84452105439993,327.5278146667637,11.444992008379383,50.0,4.1592819359461135,115.07325033910386,26.331009426884698,180.8550362704118,31.640296453166012,9.224164254479216
13,0,9,1,0.0,-341502.1402685463,-3.9313500864915016,74.12971048828769,308.7978971185015,7.17800047649903,50.0,3.1358993804978432,78.32914005007149,40.29250975990958,180.24407075773698,20.67756106382423,4.0
13,0,10,1,0.0,-295348.64291591285,-3.1630168891263355,46.455539545618635,309.2218687547182,6.260237745669394,43.510688479372234,4.009711952470848,88.41642920055425,32.69011875775518,174.33551380572973,78.11271814920758,26.585887344918135
13,0,11,1,0.0,-364531.14280531724,-3.415153698265546,54.15682382096295,325.896271504599,9.677039493746076,46.450355368611596,5.971781542738791,95.08787541274378,46.80757114198813,174.68967149845025,48.917343257109394,12.441038517902932
13,0,12,1,0.0,-354092.80622366176,-3.705982353822675,42.42846363910607,316.98280850691566,8.604748121425413,49.387374595764975,4.623150567053742,90.77644725576815,22.65733237044985,175.36489717890476,54.58884784900876,4.0
13,0,13,1,0.0,-278173.9004925485,-4.256079766339209,23.617919319626978,326.1103861369342,5.4208707699146785,50.0,3.295557586781698,103.5719312042865,45.08103279679177,178.8142321288781,36.25492872912754,4.0
13,0,14,1,0.0,-366737.39926055085,-3.5854148287251886,63.05581037811233,319.809861370102,8.26033517163549,50.0,4.663379890295453,130.99543386055655,29.44506689907105,184.3119187999266,83.25605193142101,6.4187595562729145
13,0,15,1,0.0,-286459.7030879306,-4.149416282285754,47.12770298588879,328.3556735553943,5.577996156650295,50.0,4.036047602052136,85.17656944448281,36.64536717115725,166.25367959413984,60.098358279166824,4.0
13,0,16,1,0.0,-368302.81191872805,-3.353755993801183,48.68189449546733,302.6451448213872,7.643392222425933,50.0,5.873488832998047,131.98459876872002,33.73679407079271,167.2921607675803,105.7767837459827,14.307199985649294
13,0,17,1,0.0,-30217.713235741852,0.6298449304702362,38.91440439194818,327.0382170445963,6.320235761911366,50.0,2.2752517846642033,115.9592915207599,35.88388787129552,161.82520417687752,32.73328576008341,4.0
13,0,18,1,0.0,-368779.24739271635,-3.449994755811948,31.38633529844636,320.98487858744346,9.47006983924129,50.0,3.9953360343994913,135.94247651792716,36.37369635722685,173.02619032498498,39.04065944407185,4.0
13,0,19,1,0.0,-310026.16772311926,-4.182291290840216,44.48874979241999,301.0399240796263,6.139558316370661,50.0,6.55703591320868,73.1488312988504,40.03901375507773,156.8799761400019,43.99496323116548,4.9884397267124285
13,0,20,1,0.0,-334044.80080795864,-4.11310867996512,42.075917067495276,323.83813953393906,6.9199186756727835,50.0,3.2819015179606628,120.96009542116528,34.15507043820669,165.76797244768255,44.688274491684034,4.0
13,0,21,1,0.0,-327099.39589787106,-4.087447723804315,33.44449781672918,312.00082392479305,6.542894306566538,50.0,3.6666867050401004,99.93682397651263,38.54272087407016,171.747731466873,94.17607386656242,4.0
13,0,22,1,0.0,-341996.53546966065,-3.946808338610521,49.20362504334841,318.7145841462747,6.88768961395546,49.376178950586414,4.106039227907272,135.60110929675153,48.18298690118871,171.9551310169362,119.64203000107707,4.024701234029683
13,0,23,1,0.0,-36112.79690877897,0.6257213665174073,32.621816915853785,313.5015484302347,7.593023324826086,50.0,2.782834355393886,136.86952973556168,33.384308232894824,164.05772471814896,41.24495998664803,4.0
13,0,24,1,0.0,-317987.12821728917,-4.125326752068355,46.16829167155275,343.2755255841186,6.7480709165154895,49.59774328514437,3.7807725072628435,89.66404080954305,46.22125406541669,150.0,67.26581321320316,4.225966000217159
13,0,25,1,0.0,-367046.1419136369,-3.2217731757957875,32.425217564691025,325.5465873477343,11.420990008889131,44.87490581270683,7.016379265823214,92.61497742140722,35.58958266521706,176.4694979617424,40.87814168058093,5.47285651261135
13,0,26,1,0.0,-331979.32160079177,-4.189543525356161,48.29472996648534,333.83918486712935,6.93229452608269,50.0,3.1439686202083004,120.21452062357767,37.445104255290666,178.91369173748868,20.0,4.0
13,0,27,1,0.0,-32108.643607826016,0.6457837224363298,56.07814242671731,323.3587191482154,7.199437515095008,50.0,2.5301873341876275,111.11183942144181,34.682016545956834,190.42635049159682,20.0,4.0
13,0,28,1,0.0,-341448.03121879115,-3.9647207203619286,31.270910658192026,335.03175400925664,8.019645739187643,50.0,3.8782647624105477,113.31359601441122,34.566553599279445,176.07141295217338,23.34065834999935,4.0
13,0,29,1,0.0,-379642.3552664505,-3.3220055705100053,29.978935442514576,277.4470054320029,8.733336477803118,50.0,3.8821171544428985,101.7599425299978,26.641923863569545,183.30726504427136,89.36839899441614,8.476378235382153
13,0,30,1,0.0,-31282.651866850018,0.6558218404347909,39.79017367843929,334.04667511912805,7.345153024036443,50.0,2.9632588304410783,116.10571870747647,32.88200155875043,168.33351909096285,38.88279327679227,4.000392028023858
13,0,31,1,0.0,-315037.1020037794,-4.350103237177348,33.824540542112906,326.8451355386583,6.643520254351458,50.0,4.174140083925637,84.72987603703766,50.75892782678723,176.75176769328567,20.0,4.0
13,0,32,1,0.0,-322764.9497467652,-4.257157466534703,41.720133042979214,326.35691299256393,6.698206108195448,50.0,4.234840245094491,102.6950602897393,16.093939396442877,175.67370004244032,33.163346848119176,4.0
13,0,33,1,0.0,-364284.0205970314,-3.3904571718180696,42.900805542212126,327.48083208286516,9.579916038083429,50.0,5.447659976315359,87.66659573966345,47.41669219294458,171.46810162601207,89.7086992305338,4.0
13,0,34,1,0.0,-318416.72700346675,-4.222539123045476,64.00722664232842,330.96003099637863,6.177362870590471,50.0,3.4793130771062577,106.4104379991315,37.49395636374851,170.72031561939215,24.420214165122562,4.0
13,0,35,1,0.0,-28650.76439261246,0.5849144456482658,45.21221895674986,323.8531397117,5.647434513615195,49.97364434430116,2.975784575433933,102.9698590999152,33.47326469708657,169.25041437248856,41.42301137281609,9.278077927144214
13,0,36,1,0.0,-34940.348723163035,0.6160496200047176,44.59837435518611,289.7056182846326,7.258586259771592,50.0,2.9671511650903524,123.64558963840172,30.79238679271648,180.8938772064144,47.75379635125459,4.0
13,0,37,1,0.0,-341394.0311129399,-3.9232834566088113,45.36119895471268,295.86215667414945,7.2767604559923855,47.45096292749639,5.650967393989022,95.7762655695027,24.318727600712048,178.65871003986837,66.68335945482659,7.846672212587919
13,0,38,1,0.0,-350445.48114116496,-3.699123884551832,71.7021438308862,327.0008262587111,8.312389267008832,46.847086193170426,4.416666311709372,96.51169177710041,35.49224533117618,164.45479752773926,88.606936003596,4.180404870591452
13,0,39,1,0.0,-316865.84638866317,-4.354830208136019,43.892047401349245,328.82795299540817,6.405666613166374,50.0,5.0965646376740015,113.63126250268958,34.01548304860919,177.1635517694861,20.0,4.086723600457937
13,1,0,1,0.0,-440198.68641543906,-1.8566326382579919,43.5683305554122,265.3269663358493,14.102929470479115,41.71819859316166,9.015892718159762,109.04659181130495,29.242584965887637,166.54909136224222,146.4612884302383,33.303637274304656
13,1,1,1,0.0,-451423.63315405673,-1.7783098931466783,44.020326073783146,249.3586903286474,15.746384018499995,37.17503315040121,4.75159891542334,122.83224679401022,36.75140028413825,163.51287545168503,144.15073046424956,32.23211104391964
13,1,2,1,0.0,-450005.76449374773,-1.7866653724896027,56.997924332669825,274.2523895177265,15.61637293335179,39.02298734979934,7.582356114517569,137.28759862473368,36.61431555797326,167.7701953770095,173.18828933622598,28.369852248308423
13,1,3,1,0.0,-444337.13335022354,-2.0705995587006734,41.87378452965407,248.0329720922817,13.263703831579464,40.071526034851665,4.626932294811581,106.33252840246128,42.206308618922094,172.39521452710318,196.05125318630692,21.06265114357817
13,1,4,1,0.0,-426936.8690278385,-2.0311895247121297,43.22624281297013,253.22065845954432,16.029091014601242,27.686504106430448,6.84771621972619,106.00051925966773,35.76211635401885,189.03820214571203,199.24797638977176,26.51492136047834
13,1,5,1,0.0,-446188.7202434278,-1.7629579831847884,33.66589528093411,268.39639561791034,15.047314657558324,36.841380959522425,5.438412488361164,79.18850198456798,25.58436613016611,181.48828972208815,182.3649206309613,36.19373752996999
13,1,6,1,0.0,-34634.54602548337,0.7664007062409344,46.74177437062491,254.32427202521828,14.773832656105057,40.6903197320149,2.711149856004092,114.56902229521931,38.74721243432872,174.3321597099077,171.08704118565961,14.754510483610488
13,1,7,1,0.0,-469112.91450863983,-1.4924187514977325,54.5714938931205,302.09815541619264,16.731549613575307,43.73054685293454,5.925705596691454,154.77144325443052,48.51950861826962,189.31871566337892,186.08821682549754,34.667339070128044
13,1,8,1,0.0,-457319.67482456606,-1.734412276867412,45.67121041192611,291.18312616402517,16.397415532683418,39.0864884390714,5.068971164465498,156.62543376756327,23.801799244439568,189.97418332446065,166.74081086526397,32.36952500094985
13,1,9,1,0.0,-423124.1424757755,-2.0864806103574125,40.883319544090654,265.473582100668,17.957944751117193,28.697694445938538,6.077476433462829,98.9222428491264,33.384506147154035,182.91805914620025,118.59526743610229,29.01630183767959
13,1,10,1,0.0,-466889.1616470734,-1.5822549748268375,43.400952340910194,256.57702511936293,15.586451526014212,43.39655942432967,5.9672631620712515,148.48226524422498,40.720067639841,173.34903693251812,174.6710648440694,29.837960400312422
13,1,11,1,0.0,-454338.42113408254,-1.7671273616141085,33.21063504787704,296.1688454390756,14.762003773119202,41.769813922306646,5.971579357250111,135.85829863891036,37.96941322637342,189.56989529624497,180.4971566997634,35.893945191803674
13,1,12,1,0.0,-453033.02410135075,-1.821669276572303,44.22499233393279,235.00329489791446,16.234861917296946,30.103583621249,5.525137592611395,164.94529020630688,44.85737892451738,176.84385748316893,169.20769225025197,33.944346612964466
13,1,13,1,0.0,-448586.9909365621,-1.8460203176111887,37.29460383182334,313.50500538267215,15.77880917669059,37.30757678472365,5.4243396775366755,174.31707156894151,40.45472851574835,180.80068565352778,161.1628292809432,38.18246134666645
13,1,14,1,0.0,-432389.9464950348,-2.0687629443394866,35.6299551025689,305.67972105241006,17.005978756665854,36.50536183821656,5.4135261694783665,136.45185908599012,63.898108831260416,187.27006856328245,130.86492177026508,23.111074423018643
13,1,15,1,0.0,-453311.7304247349,-1.811798854010414,50.98761933124101,266.5092036779524,13.594995833077377,39.48592643773268,5.094359989332968,142.64340508629647,54.41184860266111,183.17473487903982,183.2573132711918,36.09905295452742
13,1,16,1,0.0,-462810.8191627653,-1.553351355889808,26.119672544399663,249.21048409925228,17.012425822740184,34.55023441093931,8.538018681768277,154.57431180692592,35.34158481224805,186.35133551372763,176.52790460864284,40.0
13,1,17,1,0.0,-32070.386232888683,0.7868129639226383,58.11494703916631,237.85279600423934,17.7261807049993,32.002264736030114,6.721078215486049,102.96641010178841,45.157534802256166,181.10339326540077,153.39057564040863,30.670704971061326
13,1,18,1,0.0,-443533.45736831316,-1.7385851217201869,30.221687687260214,266.31759359255125,17.28949764004671,27.784249119543013,6.14830959537751,143.99984203310166,22.043947520383433,167.38587217428176,198.7919186896513,36.601302399023936
13,1,19,1,0.0,-477912.033237927,-1.3569096534931517,48.19716303519736,235.25629291982938,16.52070437661954,40.47291646806944,6.284472448805769,137.78567434126884,42.15689513220619,181.75115318128906,191.24123729551653,35.99690183173439
13,1,20,1,0.0,-470605.5537512507,-1.452879469283264,41.275147085717364,240.1188598305024,16.258818087769384,42.127082967377206,7.709078743128247,146.70935295920526,16.61536340838933,174.88819043289857,182.29482158628016,29.979996514708922
13,1,21,1,0.0,-457729.24292958085,-1.7692652446845771,40.58357663823962,238.8071494142183,14.195386936108632,39.155954887600515,3.819889298646138,158.63138355760802,29.16959384478612,169.68683272606094,137.26663749069073,39.66878705559594
13,1,22,1,0.0,-426093.64749867463,-2.392681682404376,35.137388011518546,251.86124060335837,12.191196956196418,36.482495055919095,5.588382467001882,148.4038841405786,51.91535247257052,183.3927812490381,160.89614260181375,24.2012268518829
13,1,23,1,0.0,-460653.69064309617,-1.7260072602241257,30.122792147658185,232.28432112960786,13.735444634854574,38.279884353009194,8.225168076307032,190.76786647746368,19.677058977886723,169.95512913226273,177.39684773878741,37.696049990256824
13,1,24,1,0.0,-448058.6752719153,-1.718132799028563,57.06088064398154,251.46150164768324,15.967911523004565,40.73799345063061,8.253662567256674,135.2641830436898,34.899423299944786,178.79312341408738,128.22799105065346,25.930420057571382
13,1,25,1,0.0,-430943.2906440742,-1.756580806076169,46.32622725523504,251.69469061456982,13.471127601479244,31.374845860551574,6.74333397845993,123.76214797529364,16.537278814795926,179.3593091896639,197.92088825786934,40.0
13,1,26,1,0.0,-421549.03301124444,-1.9484326945777704,37.094270949570614,251.35977749848124,13.344335815660799,29.752872868354086,7.317496129918155,160.17286524343524,36.48459370122147,165.4648277021416,166.31485028718959,39.999811687035525
13,1,27,1,0.0,-341385.4502375644,-2.651526801094827,35.76994046816568,259.3953203626135,15.75458250315774,18.05216285873528,7.1319299121376325,145.98026494126657,51.15967609837476,180.44953573525552,102.03950213855819,26.317457078882615
13,1,28,1,0.0,-45308.415337451595,0.7320369153894385,43.138445396153514,247.54907984960633,14.113217417958234,42.880790266713575,2.5753691545884103,144.9943104251286,39.87783834165152,180.76099952404707,185.04330670142687,32.09461981552376
13,1,29,1,0.0,-477250.0425551212,-1.4023421528671303,41.21573793252308,251.2962773742672,14.951959515507651,49.275579673079214,6.97633189040918,160.0831430974796,20.523350453211464,188.6623581478314,178.2191930073006,34.50111877784219
13,1,30,1,0.0,-419053.71116088016,-2.1496896004118904,26.514888655126114,255.83344244516454,11.59600702020875,39.00896080420475,6.839510288619881,92.59475131722459,25.812905046401866,185.15844226904898,135.46443261857556,40.0
13,1,31,1,0.0,-444607.19180860854,-1.9138068997741464,52.16849991980379,261.0550850916525,14.606973959095608,31.890631634357312,4.284061700336377,161.33959104702336,26.601114944493617,192.18601376167769,164.9781450509986,38.61969138405297
13,1,32,1,0.0,-470989.4228961461,-1.601381276684511,49.65709116911914,270.05550714496184,15.365068588192848,44.31075972481739,6.665432154795864,195.22620371064426,28.514918585218112,198.6135475550149,176.5352561367286,31.74670784673907
13,1,33,1,0.0,-419136.95539851196,-2.2863872076668645,57.146790436583345,241.93914521627232,14.673522210834555,36.452433342677196,6.5261393840120325,163.68449919828814,20.656775698056272,184.50426448949585,62.2059718947003,15.81720637071237
13,1,34,1,0.0,-476181.7543120602,-1.3769085714199192,34.3115569127226,276.9023201648495,15.998404299988215,50.0,5.708616714975204,179.4572725948417,27.63034310132879,170.53890193783897,161.6484951025144,35.70060787818437
13,1,35,1,0.0,-449548.8575762899,-1.8530035682067754,41.42835447460073,252.19993874837465,17.073053437025347,35.089468065633596,4.535471649751986,158.44879398046078,28.16567064555536,179.82878001003175,126.92814938428742,25.752138265915413
13,1,36,1,0.0,-437892.03885278845,-2.038573294442062,40.20546747195614,261.96891239615866,15.827140704833456,28.84436488467652,6.239621768786927,172.84711349947875,51.04757509367564,189.40080289519494,186.63862729461016,29.216292159676154
13,1,37,1,0.0,-435624.54747948947,-2.030152428292006,37.44310255737077,281.4076177763534,13.826410129315901,40.19746267723778,7.032525807435654,145.75288349035964,27.375394787267375,163.1246576604235,135.04806340683464,34.75259574080296
13,1,38,1,0.0,-482968.09744216205,-1.2456342168793901,42.265688857219985,236.60387751731975,16.219408704846046,49.783694158020424,5.934600865402171,186.1423949180862,34.02869928514489,179.81827301698095,164.61842266377892,28.655226707695363
13,1,39,1,0.0,-468237.7878723602,-1.4684555361660885,49.82046735310042,255.95402358178353,17.968995990226222,38.75135400509201,6.3498601797853516,168.33953995747467,19.49371053952891,187.202207202805,158.42805908599414,31.172385691628623
14,0,0,1,0.0,-372259.2501939149,-3.3260031069333325,64.92547099132557,314.14051063740783,9.014846805440577,50.0,3.331098027124756,101.0455233342017,29.160544794229466,168.99255085293169,74.56770644102981,5.768344588829274
14,0,1,1,0.0,-334037.46288765525,-4.141279279449913,31.492212013672866,305.8901696068268,7.150119492027661,50.0,3.589489654161611,90.94788567731703,38.4797971147876,174.14958690291283,23.264293424018135,4.0
14,0,2,1,0.0,-28034.785641548682,0.7451652181415032,53.27316829845049,300.9866599172042,8.604469048929746,50.0,2.9149997022984495,98.55666773239722,36.36035458806179,179.08931633521735,46.09990454732532,4.0
14,0,3,1,0.0,-328048.98246526776,-4.248570793528274,44.08222291370573,327.6015883412587,6.581371153917395,49.93475926756416,3.833869847467991,126.7789518802463,27.041513917252928,186.74535741255733,42.63228981984413,4.0
14,0,4,1,0.0,-354024.2710287201,-3.8479048999721766,43.54846254398904,300.67264542068034,8.329424376087925,47.17883237030788,4.192975480428764,119.60956744441071,33.50743762410524,169.449968151513,20.0,4.015713499887256
14,0,5,1,0.0,-371791.7592148201,-2.922447149769788,61.05027548526479,347.47574399032817,11.889029715987224,48.59783738412188,6.078012015185557,82.56531060608867,24.41726410279209,177.5442176353601,20.0,4.0
14,0,6,1,0.0,-341795.4911933203,-3.9111116982781513,42.66937028944562,321.1629458189008,8.521713562751504,44.25252617738222,4.722912036629923,99.6841526700261,52.97296499752964,163.58505362273482,59.86515080310434,4.634535890804088
14,0,7,1,0.0,-350138.6746482971,-3.926407745345634,63.63105177159203,308.8638807040475,7.391485959137015,50.0,4.744759602476437,122.64370253292437,34.975757415654854,173.75596004009148,26.24956400177868,7.336397628554651
14,0,8,1,0.0,-389653.47382102127,-2.8727425238632454,65.84452105439993,348.7779708424136,10.92422740337659,50.0,4.489262505216886,128.38232337249417,32.910776756780585,172.62479286449016,67.64029645316602,13.722937330989172
14,0,9,1,0.0,-357607.9371484836,-3.6633827828597982,56.429679765870006,330.32964252908124,8.708140170740972,50.0,3.9965940633638652,107.27624684728556,38.181909401368266,174.89694208109933,29.486983609514766,4.0
14,0,10,1,0.0,-378505.8978985274,-3.259140041483438,63.96770532553153,309.83302930387595,9.260237745669393,48.70630897333033,4.500572289294957,122.41642920055425,36.468069263681876,178.53256903583764,42.11271814920758,19.385887344918135
14,0,11,1,0.0,-338406.34959246573,-4.082473715021828,32.95369935412064,309.9772793087155,8.125067068012498,44.11318141302387,4.8634392642394575,118.3711693053562,34.3770765457959,170.2667515892257,20.0,7.662617541085737
14,0,12,1,0.0,-365480.2687608907,-3.595816901324009,48.414221885887805,303.36503131494413,8.691757018269888,49.7884779454185,4.489499486776512,124.77644725576815,35.46142474579251,170.39390504834665,33.39776052649712,4.097215190600323
14,0,13,1,0.0,-333841.4382883285,-4.106873874719121,45.61791931962698,329.771357151872,7.139211631276828,50.0,3.9578737632758854,113.85221954505377,45.56261387136183,167.4226876342391,41.28761735901759,4.0
14,0,14,1,0.0,-369968.6242562134,-3.459841756765176,67.94114519880618,319.9865732826316,8.884557576335638,50.0,5.19802604350194,144.36924083529976,29.56299259579381,176.33805992917033,47.25605193142101,5.543496122089337
14,0,15,1,0.0,-326097.40017915686,-4.026158906099703,69.12770298588879,310.42606245597085,6.189034531271147,50.0,5.1308129895194785,105.17902609463833,36.173902654611844,165.1640066825702,77.83197334902253,4.0
14,0,16,1,0.0,-392986.62342496414,-2.943521275776432,44.62443998713952,288.67363607415575,10.643392222425934,48.47931448644611,6.312960545618809,149.87223179044705,15.736794070792712,166.88774698676568,69.7767837459827,7.107199985649294
14,0,17,1,0.0,-320756.4523254724,-4.227942039743907,60.91440439194818,322.50492405051983,6.167450369769315,50.0,4.075251784664204,120.47146685806666,40.75731270673304,164.67548528947103,20.0,4.4061734898606835
14,0,18,1,0.0,-360199.1880950621,-3.6312661148005767,38.91718661096252,319.20345527833973,8.821907250565207,50.0,4.43319317377871,131.89727189295124,38.23405449312373,161.02619032498498,26.440793065933434,4.0
14,0,19,1,0.0,-352901.41100907116,-3.7671661946553883,46.0744820211194,296.981470663416,8.027060003003573,50.0,5.4309631452369835,97.8779650070315,31.701311065418857,158.44830568605684,28.820831146140968,6.633495961876666
14,0,20,1,0.0,-343562.0284218441,-4.040492129454881,47.27943366480482,310.66925292553475,7.208715339659312,50.0,4.047107226038541,127.26938314698658,35.59554473491475,164.7738505394251,35.53443420995639,4.0
14,0,21,1,0.0,-339621.1467597967,-3.887403376865229,55.44449781672918,310.186698447878,7.338304639127943,46.472737355737635,4.858423663036975,97.00889766872093,31.914984149128642,159.747731466873,92.31291080755776,6.222165277020194
14,0,22,1,0.0,-371101.191188266,-3.485645044896862,64.79549968043145,322.05949784326924,7.807709571122394,50.0,3.7425078441043267,169.60110929675153,51.28314758159168,167.06499965187496,83.64203000107707,10.999077871075034
14,0,23,1,0.0,-33282.49265942427,0.5719663604473367,32.896431355334755,323.301076478519,6.429586449010577,50.0,2.9194804615933037,126.47326119088434,34.845045334731694,159.65013788525178,67.37632871800542,4.0
14,0,24,1,0.0,-325468.05315920117,-4.193336264220274,56.98647234026051,332.0766164584318,6.601069287965654,49.679884833821596,4.6369223969248345,123.66404080954305,40.23924230192399,162.0,37.66989756144149,4.0
14,0,25,1,0.0,-370660.4165556292,-3.332905237694572,43.01440342435866,326.7249272426717,9.635314791746474,50.0,5.216379265823214,98.10516060054094,35.51063635016956,179.61475936903727,76.87814168058094,6.956673697122173
14,0,26,1,0.0,-340535.0220444653,-4.1222918672326765,46.41499070604332,323.10326180302707,7.125669707280238,50.0,3.3738154344491953,136.13832056092352,37.65076987208053,177.08266641169482,20.0,4.0
14,0,27,1,0.0,-350082.8150530655,-3.9729035404994786,51.23496733626018,324.04617403361937,7.784263734487972,50.0,4.330187334187627,133.03364608636028,33.622787181828855,187.30567335579332,21.389908055142964,4.0
14,0,28,1,0.0,-342490.97014159727,-4.116072174429127,38.91182885853798,314.3471877908587,7.315153821654051,50.0,4.603782983747138,136.42934946398572,32.76083021617253,180.8182237379837,20.978922328773187,4.0
14,0,29,1,0.0,-376116.6324183362,-3.221145350488376,29.753423764696798,309.4470054320029,9.020792466249153,45.842377112659875,4.349895044964334,110.30855439455829,28.158668041626488,186.91716318231502,125.36839899441614,14.937669287208559
14,0,30,1,0.0,-315060.0065634826,-4.328603299468407,50.469532981332804,333.9100488739588,6.221491712657548,50.0,4.582595088265265,114.41213785658505,36.488597317342446,180.33351909096285,28.176285666902036,4.0
14,0,31,1,0.0,-350509.54422805575,-3.7563222243521928,55.824540542112906,322.28579842017507,8.365471473663877,50.0,4.743377884879585,92.2586155295467,54.44994916475458,167.34323899930558,27.00706051290622,4.0
14,0,32,1,0.0,-319629.7874391179,-4.281692966507929,43.46127903082089,337.5240943006146,6.776740156901479,50.0,5.064312486235562,103.49332896716693,33.69197135639956,169.67519393020038,30.13147188048408,4.0
14,0,33,1,0.0,-365467.2329181551,-3.307582910283196,35.249176007003655,340.98406123119,10.143567834100073,50.0,4.181786956927702,102.6820146430379,53.79442525780732,165.02743167359606,53.708699230533796,4.0
14,0,34,1,0.0,-336717.67848290247,-4.0621072087451715,65.91084606822206,331.87492130544075,7.22672411536635,50.0,3.61755272442621,95.09370100988937,55.49395636374851,182.72031561939215,25.776490163020142,4.0
14,0,35,1,0.0,-365022.56068183674,-3.5290503148814647,42.99921558150987,320.50093581391815,8.647434513615195,49.97250270756409,4.401055766321059,120.06640085066707,51.47326469708657,171.13509162175004,64.30280339412738,8.894368277830212
14,0,36,1,0.0,-381529.7855367836,-3.3874189583363785,52.43221906409363,293.34806076694053,9.004843520202092,50.0,3.6388739669853227,148.03694316166283,48.792386792716485,188.86031005121174,57.6478114203755,4.0
14,0,37,1,0.0,-353231.62441680406,-3.6456811406232577,47.52058742151676,327.52351174022056,9.316305656761505,47.91793672900477,6.556555418302922,92.21494189589613,42.31872760071205,182.49027430641897,31.95094023613305,4.0
14,0,38,1,0.0,-350717.6877989192,-3.7728513397477523,49.7021438308862,325.61143882071656,8.903484211893002,45.29515933057965,4.070928193243344,106.13137606619838,53.49224533117618,165.4375112809904,52.606936003596005,4.023294791960281
14,0,39,1,0.0,-328782.8368934907,-4.291866307191471,43.35803269668227,310.73424122820336,6.615552885408192,50.0,4.187928394853027,108.56599871438482,34.34890444193575,186.26082889124257,20.946236812917004,4.245255323107142
14,1,0,1,0.0,-434777.3233238443,-2.1507290557877723,50.460169604015505,297.3269663358493,11.102929470479115,50.0,7.215892718159762,143.04659181130495,22.083148076396615,165.2593845381509,182.422936332554,26.103637274304656
14,1,1,1,0.0,-447168.2419821668,-1.8944304301951422,48.44634918228047,266.6484260906248,13.836327589004433,46.17503315040121,5.241205183329667,123.67432908658867,20.16570091657239,175.51287545168503,143.09411718194198,25.032111043919638
14,1,2,1,0.0,-464594.70680598373,-1.5606625240877505,64.47574689252667,281.7411440800479,14.19922394405825,48.02298734979934,7.741433702231451,149.00434948642427,27.548556273285826,174.24015053926146,182.68468818110753,35.48182076236142
14,1,3,1,0.0,-457328.58997041214,-1.807434951457166,32.94869433946952,280.03297209228174,14.20029293738011,46.787271963033696,6.093489766727085,134.23405436945723,47.52766197700783,179.81017123870873,191.91295111667768,25.11108897374071
14,1,4,1,0.0,-392908.27033037995,-2.078898227281614,21.226242812970128,261.26209187920693,13.97280554987521,24.543486661263348,6.070304676275185,140.00051925966773,28.519885885384866,183.97693029932225,198.05277032445608,30.528084614559283
14,1,5,1,0.0,-469863.5654885155,-1.4565771460205925,36.83346069819775,248.33437012799078,15.592206784995875,42.89868914236842,7.037220928314676,109.50222345932914,24.187527564653397,188.7455918763265,189.61834973008717,35.9430096876982
14,1,6,1,0.0,-447868.0456749884,-2.168034011517041,38.17324199696219,241.31962456807744,11.773832656105057,44.561531651410355,4.511149856004092,148.56902229521933,40.69054740504719,181.45460945574536,174.86998860506714,21.954510483610488
14,1,7,1,0.0,-456997.5376989905,-1.776296360944179,61.7690354934605,321.34746182200143,13.731549613575307,47.4463080947505,7.725705596691454,172.22787987634865,43.528458483014255,201.31871566337892,193.195253740828,32.637475265140154
14,1,8,1,0.0,-459053.73816941265,-1.8496729407682564,41.333799016544276,270.1758084460763,14.667146464779158,39.06785050672872,6.067072092584128,186.26718698664723,32.2551915815432,190.4008685570145,186.27244741296488,30.603230977543287
14,1,9,1,0.0,-35948.326574439096,0.7233366480355073,51.15860930222704,246.82990128275276,17.193019940851027,26.021223674875863,6.0668930758068615,118.14998391184679,37.20259368409293,174.57844310313058,136.26078432566507,34.34120832843451
14,1,10,1,0.0,-460900.86998742935,-1.7178068312149963,43.33399400220983,282.16854531290426,14.797721945706902,48.97682099554121,7.068213025303068,175.4676669282506,58.720067639841,185.34903693251812,170.45097800443665,23.336809238496304
14,1,11,1,0.0,-462089.20373115555,-1.6852734534954275,33.65997572282581,299.3923292757217,14.528120565597552,47.303501725139746,7.20477815063629,166.8937054949395,42.144629335683845,187.7360603277541,175.8898261846522,35.116535706584415
14,1,12,1,0.0,-426358.0953341971,-2.1448085941353656,44.23301810497918,238.10100975164585,13.234861917296946,29.935295830523774,6.1690302754460244,164.6928118775944,27.77466472652722,186.76696093317497,165.55079033161036,31.974193698433858
14,1,13,1,0.0,-435598.14917136857,-2.1837926079455228,25.133978321640733,289.04141516332663,14.396209131812762,35.196605011954034,4.572090558635446,159.07336537734818,34.83801851637773,192.80068565352778,154.58923325591556,30.98246134666645
14,1,14,1,0.0,-457299.294352539,-1.7925058175256423,44.48916341155561,273.67972105241006,14.069182956263095,45.50536183821656,7.213526169478366,159.02969788664836,49.282708273726726,188.9369052951087,166.86492177026508,30.311074423018642
14,1,15,1,0.0,-464954.4367537921,-1.682583994501904,53.30541104514223,234.50920367795243,11.690865959898858,48.48592643773268,6.894359989332968,133.1359322141404,42.87452800447596,186.45710961229088,192.35141251940195,36.01562900474023
14,1,16,1,0.0,-469948.54617588775,-1.5518948928442169,47.76154109319242,259.7920539551011,16.00069945503263,40.17435620852715,6.738018681768277,164.21918941799237,32.85644620400572,188.62266921023888,185.5537828490395,34.824065550983455
14,1,17,1,0.0,-34497.29682396375,0.7418280895314909,66.55533367518096,257.8361239308489,14.755055060789392,34.0246359125579,8.52107821548605,107.09768432955056,41.90484964067774,189.3892190050225,160.32626409081885,31.529606716496573
14,1,18,1,0.0,-359672.8363034526,-2.0396528848072464,35.766766589320994,269.9982172011952,14.289497640046712,20.759275918848658,7.94830959537751,173.41971434442254,28.798255729870913,178.00136424314096,162.7919186896513,35.15735066490184
14,1,19,1,0.0,-475787.67698766076,-1.4121707937963013,43.08253068279332,251.44085694669803,14.966594119886897,49.47291646806944,6.645547682634665,171.78567434126884,33.81948624181546,191.9604000149668,155.24123729551653,37.25899761904666
14,1,20,1,0.0,-446798.0065242803,-1.899575247262218,22.54570421766064,240.81531549330978,15.213138964315759,33.127082967377206,7.224976062308427,150.44632212036532,15.72840881966201,186.88819043289857,167.42005255487067,32.530945773335624
14,1,21,1,0.0,-480757.46095954644,-1.403908676988945,18.58357663823962,237.23770529260128,15.763266391345498,44.70556806124517,4.793578552025993,164.8933296748074,32.36935036982849,181.68683272606094,173.26663749069073,35.63323339590729
14,1,22,1,0.0,-449200.9963250221,-1.908748204288731,31.424110686734885,259.5460757275121,13.721044975921275,45.482495055919095,7.043063500655078,158.16263756341482,38.7664119329387,185.46605901984722,124.89614260181375,31.4012268518829
14,1,23,1,0.0,-471289.3683961783,-1.5730133384768716,32.61029970574616,246.91551196185696,14.832729386330223,44.95576316274412,6.982397816552018,196.9846237702991,7.252647411673415,161.95998172843758,179.29358826925494,30.496049990256825
14,1,24,1,0.0,-459153.6040295093,-1.6999614262362837,47.07765366813719,255.50469961818385,14.907579804237246,45.097463298212624,8.112848473758008,154.6312853635866,31.045064597818968,185.9243370269747,164.22799105065346,24.709110258082376
14,1,25,1,0.0,-449056.49216573767,-1.8785861263828083,43.13579463370405,237.5374598563123,13.917018405780572,34.56911643746443,6.335970978229442,157.76214797529366,17.32528556499625,185.19764216471046,172.14900255487157,35.08612004719427
14,1,26,1,0.0,-419383.85416865884,-2.1885455956735096,31.117027477502287,251.93417839571842,10.344335815660799,38.75287286835409,7.468303018418213,173.8440320047516,35.72128388031116,165.09994418724816,166.34358460321408,34.4121079278123
14,1,27,1,0.0,-405808.4019976262,-2.334228849083294,39.775675223870934,246.3710023779418,14.283489063758415,27.05216285873528,8.516995941521367,153.8241674720076,53.61645165556994,180.9216894976963,119.72765555596841,33.517457078882614
14,1,28,1,0.0,-451210.21433528303,-2.1523922552106116,27.143051455725846,247.26240457559967,11.113217417958234,48.821619962653706,4.375369154588411,168.16938643806486,26.77623593589619,178.84517372500693,167.347473894323,24.894619815523757
14,1,29,1,0.0,-466765.9760581158,-1.7012278014183722,37.30072563781125,255.6113131483421,13.484453692650558,49.6331010939113,7.1408937699256905,163.28314052151666,24.780121117356188,185.7485252439695,184.85694673210546,27.301118777842188
14,1,30,1,0.0,-449242.77876310353,-1.795359942186184,27.416790183403002,248.1942891677394,13.39853530923138,46.10534998665003,6.59555577621076,122.554928069759,19.278244203059582,185.772627343761,120.77170924547318,39.190131743024246
14,1,31,1,0.0,-444302.1043921233,-1.8962140989836385,30.168499919803793,254.04301043497819,14.846780251385953,31.974644959040024,4.8966871344528125,127.33959104702336,31.30831715983624,194.9617958502141,182.2742277047269,35.40105039589598
14,1,32,1,0.0,-453571.97949466045,-1.9024109465085868,58.2652767292948,278.19206080139435,12.365068588192848,48.869668720212886,6.603489444647449,161.22620371064426,22.15067273292804,188.12482773783248,177.314980294055,28.91172807947317
14,1,33,1,0.0,-424274.8296725459,-2.141043995251034,50.39137186170681,254.77847492994155,16.04475089859768,36.68515534649895,6.044554197881781,162.96188837423352,26.177637348422746,185.19811940293502,98.2059718947003,8.61720637071237
14,1,34,1,0.0,-457179.9624236612,-1.7587972454503653,24.726856440444575,295.02875210905836,12.998404299988215,50.0,6.342827101531084,159.956652775865,24.423306049719034,182.53890193783897,171.15067091671938,37.71828759437816
14,1,35,1,0.0,-469607.867575106,-1.488714290696604,40.36053847733288,239.7673651225355,15.797550708780543,43.403469989583215,5.467363178366643,156.96471297956307,46.16567064555536,167.82878001003175,151.86372966818968,32.952138265915416
14,1,36,1,0.0,-465585.1085314535,-1.6593790290387194,38.560394577820496,250.8330583414034,15.97097471511843,37.84436488467652,6.847571534806423,174.77023100307946,69.04757509367565,191.75794683958884,192.7077394312985,30.17110676412523
14,1,37,1,0.0,-451997.08096082916,-1.7142216026419854,43.9000108502135,289.5486113017343,14.650971116592414,49.19746267723778,6.62654711441114,158.6439262009218,9.375394787267375,172.1705722244839,127.95136272803634,32.150464105429876
14,1,38,1,0.0,-480208.94692602457,-1.3095735577415637,41.75713772215959,255.700582035334,16.622061650555604,46.690433369938305,7.159523438152142,186.52644825059275,47.50536332251789,185.74223771541074,166.7976199295923,35.55013961977415
14,1,39,1,0.0,-431979.54587081715,-2.0777498089436586,46.00875856645437,250.7596812669566,16.783305143722245,29.75135400509201,8.149860179785351,160.5872466302073,29.3944052079635,187.6820709364316,122.42805908599414,29.469855423273113
15,0,0,1,0.0,-406115.5127720802,-2.6198848420738123,42.92547099132557,311.39216112389806,11.616137695842257,50.0,5.131098027124756,100.60292695182521,29.57935470947668,178.14399530639105,110.56770644102981,12.284670202970503
15,0,1,1,0.0,-349507.8096163121,-3.829545365020121,51.49430706088428,337.8901696068268,8.462709817650671,50.0,5.389489654161611,112.73487161026117,36.43930886062183,183.64837047618042,22.7106401150997,4.048481722405682
15,0,2,1,0.0,-373854.3932775928,-3.426049661104486,52.769034855458926,300.02115356755183,9.164944298790655,50.0,4.714999702298449,132.55666773239722,34.147538020275626,179.7755054619829,28.996454458680933,4.0046485948658965
15,0,3,1,0.0,-375032.90777220606,-3.2885604576386678,66.08222291370572,323.20712409007604,9.581371153917395,49.87756059752032,5.173475236736056,141.61788287221339,37.51747049099231,174.74535741255733,25.115151919581567,11.2
15,0,4,1,0.0,-314064.7102147594,-4.344104983967029,39.55722793619943,324.0344095764221,6.214611861642574,50.0,5.132882587851982,124.35915996947467,33.270612980750656,168.8034774774637,20.0,4.00384300407867
15,0,5,1,0.0,-358472.5201250504,-3.650567184300431,53.00600504618114,334.5259212633548,9.046857604466382,48.335179056240264,5.081068051645809,116.56531060608867,28.48055451657026,180.29146386044502,56.0,4.0
15,0,6,1,0.0,-339620.82425212936,-4.023393607797376,40.83326777097508,321.16818045978465,7.103517396399977,50.0,5.227014756784079,133.6841526700261,50.17227003291227,175.58505362273482,73.22545947435404,4.845527740612662
15,0,7,1,0.0,-349114.64064817707,-3.83491138520536,81.91751125689352,318.91422643116607,7.485246171005805,49.490850007883814,5.873439265805804,136.25505143250052,34.348550586069905,185.1419697769556,20.0,7.903851188316643
15,0,8,1,0.0,-374396.2577054026,-3.1577338419424237,68.3557193221813,344.2342139110988,10.07899017734044,50.0,5.430070576253503,117.79768135482755,27.535441037967978,176.47839448741323,42.09665539303529,12.365454981414288
15,0,9,1,0.0,-350420.88404775184,-3.9301462952005655,47.645517857307034,330.8450138805827,8.009426578281563,50.0,4.633086480648771,133.47062490669663,39.46328291405704,186.89694208109933,28.412374372471273,4.188822694867364
15,0,10,1,0.0,-391341.60298804584,-2.7481264389322426,73.08044776228647,283.19983055230347,12.260237745669393,42.29479678063972,4.999589511137006,120.27766444420189,38.75939998839605,179.85474407986405,23.610165876446505,12.327325625857565
15,0,11,1,0.0,-302350.6862969523,-4.102755629585714,46.22650343776924,315.8040107719106,6.700096093275011,42.955123391662525,5.7771160871112865,98.4593849862227,28.19264104091566,182.2667515892257,34.2774732699954,10.743064843459974
15,0,12,1,0.0,-349019.4764986093,-3.939345256875622,62.41104386189967,330.82706100331234,7.753780054203878,49.98597110189887,5.516976237550567,144.19277413703455,41.35656642639384,176.80944433758324,21.42977420438733,4.2555962802725436
15,0,13,1,0.0,-342216.102721962,-3.9816871379904084,58.338075992762825,330.7258004179926,7.544516508446848,50.0,5.319016586777643,120.07770015817823,33.178536007756335,168.58685915064748,40.54627518977996,4.032547486480994
15,0,14,1,0.0,-362508.75284043315,-3.647823767226828,60.043594808162226,326.8314810508591,8.68099475805641,50.0,5.75035190405599,145.27816792129522,32.29466442251604,180.10076742822784,34.08109680015991,4.0
15,0,15,1,0.0,-340477.4607208818,-3.918014362095938,74.34385936780616,301.22637493644885,6.795835863977285,50.0,6.930812989519478,119.17641024733823,34.03512607886893,171.2534382455475,63.15434470915051,4.0
15,0,16,1,0.0,-374665.7676726069,-3.186299106988966,66.62443998713951,283.1616061163371,11.129481583852908,39.47931448644611,7.806681249159975,144.70650014273932,12.889204435014236,174.2823268102288,42.11137189876712,6.201156321924888
15,0,17,1,0.0,-330025.3880062545,-4.1850487510563505,60.22544487730882,337.3562397897306,6.887838387172235,50.0,4.912499922487813,122.61092021174144,35.325078198242785,169.36390859144242,24.082144332843143,4.420917976032011
15,0,18,1,0.0,-369488.7128304416,-3.3045131316366243,60.91718661096252,329.01641333843145,9.796998363892538,50.0,5.113924313665452,133.80388132223263,35.27627939285842,156.61777759796183,20.0,4.0
15,0,19,1,0.0,-381207.41956808395,-3.196431378161245,48.60118398978487,307.26998080182454,9.964545204107484,50.0,5.122044752809,131.8779650070315,26.824664416484673,170.44830568605684,56.595240840593156,4.856298598673273
15,0,20,1,0.0,-321899.46618523716,-4.280443276627738,48.02002742177092,318.40692921885744,6.463159233818059,50.0,5.847107226038541,122.17107660211926,34.7394146058514,166.40906120982717,20.0,4.015292837798355
15,0,21,1,0.0,-340027.6545480499,-3.599281771072861,72.509717400279,318.25131830893986,6.8370083746402734,46.923531743368216,5.654760309361206,124.9212355564364,37.80536106031294,167.5869612849966,104.17353340342277,10.285269653350191
15,0,22,1,0.0,-351702.02193007706,-3.7710028681188823,67.81912219302498,332.507099602693,7.1935681940082645,50.0,4.051374918639733,147.1486652990825,38.15549110479576,166.28443010967686,47.642030001077075,13.452600912968787
15,0,23,1,0.0,-344134.8205316459,-4.0074112208673505,49.946281048685876,317.7830877699201,7.023694271531154,50.0,4.719480461593304,146.99255295559104,42.00429207138231,168.54405223766753,74.25141996566266,4.113704505155948
15,0,24,1,0.0,-361051.25073786714,-3.6363224650681643,47.28519656975626,324.30362981529987,8.616990330722043,49.7133488889021,5.075111464675096,135.23459924224233,34.85667878113688,163.5418062045718,73.66989756144149,4.0
15,0,25,1,0.0,-399401.5748081785,-2.6086877451965016,42.883272059985565,332.0317032626424,12.635314791746474,50.0,7.016379265823214,127.3894897088232,33.304293674599286,180.77811835399842,95.52677482275185,6.719518678722234
15,0,26,1,0.0,-332671.92376606993,-4.227336133051906,52.506765678943296,337.65943388789003,6.99503469326807,50.0,5.173815434449195,132.2954155264207,36.61623623877355,189.08266641169482,27.19342774280812,4.0
15,0,27,1,0.0,-343014.2722701185,-4.064285865761673,46.024754567120866,333.25682182812386,7.594580254203577,50.0,4.702479241560486,138.47898374355444,33.41545829490893,181.68167070263667,22.686803606636627,4.0
15,0,28,1,0.0,-342490.6590547259,-4.116331040269481,53.82501157888979,315.7534065530607,6.915831439319135,50.0,4.913496619219336,146.91012208001462,33.050917860025734,180.29178606540628,44.168514809207224,4.058930080165275
15,0,29,1,0.0,-315705.0641672537,-3.098012581154336,40.655155897023306,321.9197651171473,6.678342385706033,44.63573337322136,6.1498950449643335,99.0356329302679,35.72795695931475,188.04449241889776,134.52825282791284,18.760183605950175
15,0,30,1,0.0,-319038.3382963411,-4.326613229244938,50.32499362090818,329.2308316843937,6.361528646565122,50.0,6.325349009758568,123.48347292487422,37.59934595126892,190.3548279053694,29.494806240699404,4.061787596524017
15,0,31,1,0.0,-355473.01905647106,-3.6006533877647517,63.3278237865965,328.6660602413305,8.781665816084034,50.0,5.329667345490592,103.41455173659142,56.15895034194839,168.94471156231978,29.70619718202659,4.098484038189529
15,0,32,1,0.0,-316331.9462048526,-4.2755008155877166,42.225777312928884,332.9031720857512,6.191742313359924,50.0,5.55017187899141,137.49332896716692,36.71705641629207,181.67519393020038,49.54617692584015,4.08740130505826
15,0,33,1,0.0,-383105.0386927799,-2.857551940072651,55.726788683105084,345.67134277834975,11.558192233487524,50.0,5.981786956927702,136.68201464303792,67.91167088523568,166.6815252509984,85.80757487401921,4.0
15,0,34,1,0.0,-346596.3538036199,-3.8880335137735997,67.60127903471984,331.94823427916697,7.918791236778481,50.0,5.41755272442621,111.18566563374858,43.41005808708768,184.9160679314683,22.94319249789611,4.035394172766252
15,0,35,1,0.0,-352455.33669442765,-3.783694841242387,42.03968968123454,323.26208435911747,8.25789054262376,49.998454053867476,6.201055766321059,120.99284910626358,36.77355736302256,180.71095382252855,39.17430816018833,7.69757120174771
15,0,36,1,0.0,-370513.9637236205,-3.6963939993853576,52.583931101147066,283.5125127051392,7.920009487070296,50.0,5.438873966985323,157.56212565231584,54.78654527862777,193.75470777154078,62.92625550004993,4.046033780743631
15,0,37,1,0.0,-360006.5023026785,-3.603936555717598,53.622462339755074,312.4314165951242,8.881538712590109,46.08271270998889,6.4352168164369665,105.46879857890626,52.446523071696376,184.73815340781204,67.95094023613305,8.38171777711371
15,0,38,1,0.0,-357907.55460164277,-3.5557996246681722,39.35495001245763,329.1937370281641,9.006329509131467,46.713904972490944,5.870928193243344,132.56319044385253,54.59630598003168,159.12811334694115,88.606936003596,6.975229737567826
15,0,39,1,0.0,-325972.1996100864,-4.219251424126897,65.35803269668227,322.4200160664612,6.33317424739398,50.0,5.98187898006711,132.00378878858285,36.10494203271829,179.39673701858436,26.991993608985943,4.18098343507826
15,1,0,1,0.0,-420526.57629199384,-2.5719754476565213,49.66760632509961,271.7313617854541,8.782477138444689,50.0,5.98639768135959,177.04659181130495,29.67136837643929,167.1113820021679,200.0,18.903637274304657
15,1,1,1,0.0,-434440.376159604,-2.1754282607242823,50.24749092417593,264.9931155618057,12.621696826998306,46.98199581223156,5.544205666509367,128.73109067120643,24.05241009311936,187.51287545168503,126.57104364189667,19.8194431570453
15,1,2,1,0.0,-453008.73657556064,-1.6577533777339277,49.816375645942465,262.7738576462012,14.815159383801012,39.02298734979934,9.000881153233012,123.85539987909121,30.680955908626082,164.8681701173368,186.0218626315976,36.467608579376176
15,1,3,1,0.0,-422534.1483669224,-2.3127115744677553,29.701414244777187,312.03297209228174,12.062592107506749,41.0827800952462,6.565135516630632,166.65627206421786,34.172883076342394,175.211913785743,175.76121240906105,27.011756324082477
15,1,4,1,0.0,-448497.3205215204,-1.7965520033201234,30.834512668992524,261.4445734119575,16.46669162628755,33.543486661263344,6.237044127339155,115.8478512248692,25.02059258728231,185.10981854485047,173.79023484687156,33.27628177190898
15,1,5,1,0.0,-420281.6110616121,-2.1512620146880606,44.89476128993728,280.3343701279908,12.926594885983365,33.89868914236842,7.775187259650185,143.50222345932914,26.86891497171935,190.61970459414286,168.5733559260491,33.30520488212014
15,1,6,1,0.0,-431561.8583570061,-2.220537152022655,36.95866189898232,258.91899129208076,9.718308762464845,49.57103142074034,5.738575426311348,114.56902229521933,41.171786549546844,175.31727948942537,175.69423264941503,29.154510483610487
15,1,7,1,0.0,-451275.2338378107,-1.8716192636468503,46.795811354531565,297.7718887890375,12.981875365964864,46.917117345652024,8.721577772390242,168.79729076877737,26.779393226562842,202.93650638311138,176.0712227480575,33.6408826497952
15,1,8,1,0.0,-416318.2519624391,-2.3504173828510346,39.598045430873064,279.678310869722,14.125034771610194,30.067850506728718,6.476141630893546,165.20627748503378,29.864390914361266,186.85604780147787,153.55639199669207,28.772334787299158
15,1,9,1,0.0,-444587.96344043576,-1.8705536911059109,41.786300519371736,278.82990128275276,16.801476804482128,35.02122367487586,6.085109791048803,116.164513760728,32.79945356051605,180.722441149893,172.26078432566507,27.174804633168506
15,1,10,1,0.0,-436802.25814328215,-2.1557962541812676,43.931863648917165,291.19112778951126,11.797721945706902,48.68613516158077,7.651600579469018,188.994579961694,63.55604465681168,178.77423990440204,134.45097800443665,30.536809238496303
15,1,11,1,0.0,-477255.06470420136,-1.4159043398163438,25.21790364720837,267.3923292757217,15.284112785230102,50.0,7.681693100340113,168.04206690730064,24.144629335683845,189.69850102796394,183.1769851337739,34.95123786312796
15,1,12,1,0.0,-423145.6465965532,-2.340341594325541,31.389327627465637,234.33733063198275,10.234861917296946,38.93529583052377,5.54744410271968,159.51857986681713,17.25558886086641,186.74275010898353,148.71548837551552,31.9395033881579
15,1,13,1,0.0,-461323.536218325,-1.8054655344523176,33.71460809259402,257.04141516332663,14.169791166337872,41.76062867037495,5.4753999888629465,155.75211928168804,31.42503331289235,199.56868936939276,174.98483505829367,32.02985403467509
15,1,14,1,0.0,-464623.9260867717,-1.6701912618393473,37.73687155290102,258.3107427580974,13.694861129206885,49.31665238242056,7.61084717464935,148.89721184093995,33.531118922545154,193.94961636040244,168.5482718734867,31.309888204917673
15,1,15,1,0.0,-453935.79200333485,-1.6778822026469604,50.077993706412784,262.54685880560265,14.690865959898858,42.43401526619559,8.622029812022591,121.21925229123656,42.8388448476945,186.79379203048248,161.4909183919167,35.556200437033006
15,1,16,1,0.0,-469177.8225136499,-1.5692508794700708,41.88102020383483,250.02065605880827,14.553377597005412,46.26844538793045,7.570789274659908,169.36113924142427,30.093508479541594,186.18071407137995,165.5220413830562,33.68318221250694
15,1,17,1,0.0,-469999.9776903981,-1.4817661458113438,58.472324445174735,264.11500635023566,15.361552054979889,43.0246359125579,8.072234763567105,141.09768432955056,28.009157431254355,201.3892190050225,196.32626409081885,36.318075285976676
15,1,18,1,0.0,-344564.2965612328,-2.281500719073708,46.459249179629886,256.8155268270154,14.242690048486159,19.857088124638857,7.398438581120063,146.65776914962152,30.721594309320018,183.7922225471816,126.79191868965131,33.23466372565308
15,1,19,1,0.0,-459470.45126262907,-1.6130744691999748,65.08253068279332,275.6659124923502,14.218046276726527,49.957623288826326,6.439274165915142,186.93566855241843,24.72131718368934,179.9604000149668,120.45974679731361,37.86002078518183
15,1,20,1,0.0,-419512.6392151451,-2.2195999878139028,28.515471492444455,254.78870784911516,14.787728989305037,27.72511735752022,7.031791115141073,167.38510126660097,15.895848981947433,174.88819043289857,162.40390526369038,29.22047224085266
15,1,21,1,0.0,-467668.10294776654,-1.665066723454429,17.18075456580333,242.58569664152492,14.969476724505892,39.215021341473985,5.9605585225585624,158.84790437436686,17.394938437574595,180.71161917616757,194.73805177217062,33.319941910290396
15,1,22,1,0.0,-464913.40551874234,-1.4550412534278165,29.123644448481194,266.5681068784251,16.135177241146835,50.0,8.250769955756397,157.388096297173,34.00763129938763,181.29856527819575,138.08559913550056,28.137637840477133
15,1,23,1,0.0,-447663.1356691388,-1.8577648087545886,37.760335627878405,250.95592616161895,16.32088256717757,35.95576316274412,7.30057342538123,162.9846237702991,12.980997284507357,173.95998172843758,143.58845285579685,26.36485180545055
15,1,24,1,0.0,-463836.7710684447,-1.6648949392583094,49.38444005799097,261.5089831063886,14.72519431706253,43.52771752977577,7.713916818611793,159.1117831011319,25.332629648716686,189.02682486189158,184.39381484463507,30.46317583581119
15,1,25,1,0.0,-468325.32277570525,-1.4861023741450823,41.83721741136312,244.79543166562343,15.971554809280038,43.56911643746443,6.185359386435911,123.76214797529366,32.28022923942465,189.36426833102914,164.24737080467148,31.48131959775886
15,1,26,1,0.0,-458247.6562086317,-1.898084647439298,36.58202580560433,250.3726454048394,11.775768638810678,47.70475897448235,6.706415199488032,174.98854681280568,28.3453390899638,177.09994418724816,175.74674391800104,32.37574737914334
15,1,27,1,0.0,-457648.7122147189,-1.6974229351657857,37.267228586549145,248.81024657503744,16.297498860845582,36.05216285873528,7.708238995341116,168.25864085619804,35.61645165556994,187.6218541844642,149.81568492247519,36.45074652374909
15,1,28,1,0.0,-443237.7715443824,-2.131051206439739,33.07245106981245,247.09091684232817,10.272534181793382,44.80156991153618,6.17536915458841,179.56892291632903,24.837434498902834,188.7876698601654,179.85213761400055,32.09461981552376
15,1,29,1,0.0,-468238.29384942167,-1.6982524928973954,28.01530303181066,252.14680363108175,13.970098497776833,47.97114146921833,7.2020593750743025,167.02299257939663,31.929552205340105,185.66395233233317,189.8973786168904,25.93010324764628
15,1,30,1,0.0,-439627.62120865274,-1.9367150704734861,41.20886254072793,254.81705353749192,12.881988583752662,47.250003228961916,6.101038366276801,123.41176083259137,28.21225541468869,185.46201235221793,95.36155535108057,38.703756482135056
15,1,31,1,0.0,-465765.0512077538,-1.538305883137007,11.012326981288396,241.78920913085932,16.53092329090091,40.97464495904002,5.89614152295401,136.31209987982618,32.18809440487379,184.02962623697627,146.2742277047269,34.50960252755766
15,1,32,1,0.0,-446014.86040243634,-2.0345197082987214,50.850784210009806,282.57386374913017,10.749303633965209,50.0,6.250525407973684,166.7753039351536,32.52711276860998,183.57944657107538,173.82427640643593,33.50833959126201
15,1,33,1,0.0,-439045.4907153565,-2.1550083901073407,46.36506575437715,254.77655566653166,13.04475089859768,45.68515534649895,5.390635349052618,150.7029464501053,30.512817526182353,185.91600580245347,134.2059718947003,15.81720637071237
15,1,34,1,0.0,-426231.5450171388,-2.179124206824109,37.545071063427585,287.4057398840172,12.654745425952614,41.0,7.256317527206504,125.956652775865,42.42330604971903,189.5108679408783,135.15067091671938,35.10848817010558
15,1,35,1,0.0,-427817.9173144292,-2.2001694095960835,42.384571602142465,271.76736512253547,15.007859648683981,34.403469989583215,4.907249607716952,164.28471089895248,52.515210113068456,155.82878001003175,115.86372966818968,28.727408121717605
15,1,36,1,0.0,-473878.6730395325,-1.451106811880812,33.342222690298854,249.65005514635502,16.65507255108538,41.37649301882093,8.232062427024081,162.76448253824748,51.04757509367565,187.18641367747296,190.91416599165575,32.00556015443064
15,1,37,1,0.0,-465852.7190397763,-1.452302595358478,44.434052010078595,257.5486113017343,15.020469518899922,49.60389060091304,5.553430126024374,124.64392620092181,12.423775980294845,175.43211418903587,144.28920161294795,35.355887332232854
15,1,38,1,0.0,-475146.2074689712,-1.366152884125587,41.85328629740626,263.75275181075165,16.29345485854461,44.52303282539171,8.367563194637018,152.52644825059275,53.37626081878007,188.72758462122954,185.6788252486905,37.98355986419818
15,1,39,1,0.0,-353672.0591663536,-2.323629023564108,49.71478042408387,246.08461343251085,13.783305143722245,20.75135400509201,6.3498601797853516,153.05677387714755,29.496931410164816,175.6820709364316,143.59253063363803,27.93855225314851
16,0,0,1,0.0,-355228.2751604717,-3.6838337879019725,35.614433000301574,315.91433086379044,8.616137695842257,48.97747992589905,6.730258556356121,111.00550506044841,35.90714289286787,183.6118317602555,74.56770644102981,5.084670202970503
16,0,1,1,0.0,-330381.78159444546,-4.233810505324112,60.94422451111575,340.9155057381387,6.986616053765756,48.9427904730075,5.261917241776683,128.9446331141771,38.28102515891351,188.09550191098185,25.25925766916749,4.120797382491436
16,0,2,1,0.0,-360967.95957527164,-3.863315667386669,48.59624056354007,303.05194396808156,7.921976140499503,50.0,5.093550507481056,161.43104530162395,52.147538020275626,191.22384008839063,20.0,4.099913327627111
16,0,3,1,0.0,-358983.1406401958,-3.66207397298489,73.04686304497399,297.2030208660738,7.673376127879283,49.912025973973606,5.228724464103217,123.66030134214292,40.74748749560098,176.82225346078806,20.0,18.4
16,0,4,1,0.0,-325947.76510358055,-4.299121191794819,45.173688190548305,314.79405472310174,6.621409269262671,50.0,5.107015216053514,110.57584530854434,33.845688036459116,179.34952423709618,20.0,4.033008219472257
16,0,5,1,0.0,-367499.07889815187,-3.5640038606900526,55.23969785532813,322.2710842736468,9.036828142058912,48.43232124020779,4.9717012499807565,131.8288915332439,31.123847847170886,183.7919804967137,77.5599348804898,4.0
16,0,6,1,0.0,-326736.47184150084,-4.258467166004566,40.947179995622776,316.0340514648972,6.542473233295976,50.0,5.322916816482646,121.61944619347018,36.94562447963706,184.10617674627713,40.92603711318157,4.589838421255785
16,0,7,1,0.0,-367729.09570893814,-3.4020300972368074,73.0940378870259,286.91422643116607,8.713859643231478,48.68916553056296,6.182730878615005,102.25505143250052,34.81130187527764,182.9370730344189,56.0,5.01155814312416
16,0,8,1,0.0,-377892.46266791044,-3.087834972868629,64.31292921811746,329.5955380271251,10.274539449374178,50.0,5.765234251203457,108.57702009252414,16.589040759005123,188.47839448741323,54.70182460516611,9.100232975263932
16,0,9,1,0.0,-316741.04981197714,-4.320467003560485,43.03097393044891,298.8450138805827,5.9747810722821235,50.0,4.960105834872581,108.34499169076216,34.64610064597983,194.6353911539623,25.285013340007158,4.385754312595797
16,0,10,1,0.0,-423382.7338205211,-1.992720175588362,51.08044776228647,270.82904665864226,14.366299630881329,47.11708698536071,5.070690852804924,95.46977122744383,40.32144802401276,179.96731973154863,59.6101658764465,18.938096783754062
16,0,11,1,0.0,-355336.255119032,-3.485048547983084,63.21086906836691,328.16002995173335,9.700096093275011,42.99347103566938,6.899752405414978,82.54580516415808,43.37505782607317,189.9291982771424,44.23228735062373,17.02760616931813
16,0,12,1,0.0,-381608.77425517916,-2.9983742556425383,64.78374990045891,320.0541898933625,10.753780054203878,49.48289599806856,5.883586911771812,121.796843602233,23.35656642639384,180.8098381824098,57.42977420438733,4.249460118765367
16,0,13,1,0.0,-332727.1544431218,-4.122770613024217,47.76343104639783,330.3274987863649,7.273885114835079,50.0,6.047060789811991,114.3745307670333,26.581546752070796,175.67813992844248,33.60889325890808,4.053851314778249
16,0,14,1,0.0,-347573.2764499066,-3.880001218634961,46.408867262936816,319.35215496938605,7.6516875765755,50.0,5.737529582288356,111.27816792129522,29.287030328251255,185.79580975309014,70.08109680015991,5.90468039486141
16,0,15,1,0.0,-338432.4468074923,-4.105405216445667,68.56662754940608,312.3170487019159,6.833359472073067,50.0,5.503778840757038,122.30006170918439,32.72413463690323,180.85590193618395,27.594416694774367,4.002082439520295
16,0,16,1,0.0,-293114.52384543687,-3.610930592398361,85.5373990831646,282.2794226095828,8.129481583852908,31.164296206503927,6.722504643413242,133.26375502717357,30.370075464838976,164.59110959827717,28.90731460841865,13.345066824601364
16,0,17,1,0.0,-326630.1979616902,-4.1967545982752155,52.74571058940782,343.8622030572127,7.118953518007079,50.0,5.444680769719048,109.94499321972292,35.28062180030866,171.8162305720148,23.263581241979615,4.261718489840721
16,0,18,1,0.0,-383415.8062902687,-2.8481504601509333,56.55712167881373,328.6600385453951,11.600017972809658,50.0,5.208173001099105,115.3584184108688,32.749273403395705,168.61777759796183,26.83976427988015,4.081441920766996
16,0,19,1,0.0,-341261.30766065867,-4.151317348405558,43.34579120578208,317.18952461971566,7.061486248151814,50.0,4.932739137409749,151.11970378690813,28.50193615805372,182.44830568605684,30.598803022556524,4.0
16,0,20,1,0.0,-314685.03663711227,-4.350177184063923,46.18294615315534,336.1739055312281,6.329620429270775,50.0,5.727242667758397,127.0778363120594,35.0763185815699,175.7922049270364,20.0,4.046335802250166
16,0,21,1,0.0,-338902.8452296055,-3.8613157656599957,52.57666304097002,334.23314061615594,6.854223707302426,50.0,5.14562947487768,127.41959486730244,42.66173389367295,176.65320052626058,91.01159318701292,8.419904838061836
16,0,22,1,0.0,-343993.33783906157,-3.8763668720005335,64.75714654984554,327.8575970881135,7.252740950633777,50.0,5.148114845435525,115.99400742288327,44.247731124085384,168.1174110348809,46.447339465741315,10.050391264482023
16,0,23,1,0.0,-344323.66864238936,-4.116278432618381,50.33045847733967,313.3450757996663,6.888366490486891,50.0,4.008554997879206,151.1893086728068,35.016344527831095,180.54405223766753,38.61867362013838,4.557180713214006
16,0,24,1,0.0,-338011.0409292485,-3.9285520157743177,40.76580783177386,346.3916783214326,7.232800104956176,49.76408211935217,3.2751114646750965,132.56724513950903,39.0215196098397,167.30886013552305,109.66989756144149,4.0
16,0,25,1,0.0,-380437.46150067385,-3.1181561939490168,38.23826528569738,333.9527393926811,9.635314791746474,50.0,7.8917433745364285,138.9506482666972,34.2482193340285,181.5142390839955,110.95301167773415,12.24191918245116
16,0,26,1,0.0,-321812.66157453315,-4.273278703094365,59.99281254692866,337.40333433541656,6.664346697138202,50.0,6.200188517967285,111.91774109871461,32.86489443036767,181.3401031298538,21.3339919498433,4.034737908684968
16,0,27,1,0.0,-375986.05090728897,-3.142420993985311,54.563724971268556,332.83985498788553,10.594580254203578,50.0,4.226328053662675,116.80833668905991,34.152135629718686,177.63240576737505,20.868799565655273,4.060687746767426
16,0,28,1,0.0,-340795.53687161516,-4.0519954643368425,47.45982763458728,316.9441387036108,7.305388508614993,50.0,5.0795731738292105,112.91012208001462,35.55699707705115,177.1248276073022,48.71511697196361,4.111988658323294
16,0,29,1,0.0,-330152.297812458,-3.651691607829345,48.05945388477894,301.3611612147176,6.265209724097966,50.0,6.248406466726584,102.14952649763501,30.45732431745977,176.21182473113817,98.52825282791284,11.560183605950176
16,0,30,1,0.0,-358294.17403581284,-3.8904638703211174,49.89841327839012,299.6410061798103,7.654745617870526,50.0,4.797010815409738,145.75708228709533,35.7143437766607,185.89358809167587,40.197996423580506,4.0276723113076205
16,0,31,1,0.0,-323575.65300886764,-4.291956534994439,41.3278237865965,332.70629208790774,6.812125483185206,50.0,5.491441084904174,117.64462228208862,38.15895034194839,180.4624520529702,25.762441078722965,4.1412148982443675
16,0,32,1,0.0,-340648.8687291039,-4.12903946173944,40.73165346106254,303.333412064898,6.667997296340922,50.0,5.268991874586765,153.69501034433824,29.265837308321117,184.84985680583162,63.312910659284746,4.0995251045545515
16,0,33,1,0.0,-361030.75133041345,-3.667684660286525,55.05872423403356,332.451490358051,8.558192233487524,50.0,7.079904231730713,170.68201464303792,49.91167088523568,175.54064638839904,51.26206453369822,4.034641945327574
16,0,34,1,0.0,-345548.4291570112,-3.9927702601068678,67.65176848441136,327.5889255106151,7.416541467088813,50.0,5.572779121418302,144.62861375427872,25.410058087087677,178.39198813332715,20.0,4.077186330901909
16,0,35,1,0.0,-306694.8905392347,-4.260461207633432,42.337599552298215,326.49549283241566,5.948088077384096,49.99086632720946,4.61775725164014,113.97249267996725,47.75272241306655,174.08929009774735,45.11197438901545,4.0
16,0,36,1,0.0,-328380.7292556743,-4.277093259826086,35.7816158400197,310.5254932293416,6.655291078291286,50.0,5.651081631962123,123.56212565231584,38.521937621636745,188.77375276618358,34.26326787178984,4.072379938102926
16,0,37,1,0.0,-344930.9028820616,-3.6749754439185764,48.807928113840376,305.46921243827455,7.297750898979209,46.11119669836502,5.946362787786171,113.91465579182886,34.446523071696376,176.7479687989473,103.95094023613305,10.236412833672643
16,0,38,1,0.0,-367802.1747455432,-3.1853946108051185,47.43819133041161,331.2044282044413,9.427310261516444,43.75003153501439,6.633991370860337,113.23086071007006,36.59630598003168,163.36910178541908,124.606936003596,14.175229737567825
16,0,39,1,0.0,-317203.6369520118,-4.30309276895978,45.89899652103209,326.988388160023,6.249357620664089,50.0,6.572371060240575,141.11516202938785,34.969703831958384,174.39998043932962,25.01282637174866,4.086129231951513
16,1,0,1,0.0,-442361.22784902755,-2.2296081845845204,43.886654060351844,267.91108086484024,11.782477138444689,49.20884392295109,6.5869739213558045,186.8351390586259,32.073609440417485,168.6502744703218,185.9446366051166,15.476168289461354
16,1,1,1,0.0,-404690.53986888914,-2.86450162892094,43.62857892691967,244.83153488049123,11.231241081410047,37.98199581223156,5.503608868138973,140.41858861641057,30.545280129450934,175.51287545168503,90.57104364189667,17.579925945168352
16,1,2,1,0.0,-431003.1338720319,-1.9531729580277655,57.29275573763232,294.7738576462012,17.177903882432815,30.022987349799337,7.200881153233012,141.01773539783875,33.89419619353784,176.8681701173368,150.0218626315976,35.26878123622984
16,1,3,1,0.0,-413247.58213290275,-2.589384054739498,35.4389979920324,311.10233684686,11.511589429273648,45.16724682570098,4.765135516630632,132.65627206421786,50.840293278242136,174.21256423800025,143.94140551833016,19.811756324082477
16,1,4,1,0.0,-463629.52691207017,-1.4055559644873858,32.82536913832222,287.0214229617383,18.379900211475,42.543486661263344,6.563426152447179,96.05035799937352,41.60589191461449,187.90514866766927,167.09418069617908,32.52632208048819
16,1,5,1,0.0,-431874.9850772702,-2.0968965955608843,42.71677359481029,260.0701998759955,13.651609454269703,36.286918119186424,6.379792462296903,109.50222345932914,30.9857962938895,178.61970459414286,157.78312222250332,30.171401738316874
16,1,6,1,0.0,-452652.57887480216,-1.8222149014325344,43.055069822204,267.6865571841684,12.718308762464845,50.0,6.101448292901032,87.02587498419356,38.96608866273443,181.35778441987677,189.59441330370584,27.04200628292051
16,1,7,1,0.0,-474627.1145830089,-1.4017738030846976,51.76622440012782,265.7718887890375,15.981875365964864,45.78975470985348,7.569650280827648,157.19495740871827,44.779393226562846,190.93650638311138,180.86028227013395,35.47926352014511
16,1,8,1,0.0,-441760.53997472156,-2.0260935142890526,44.28377604291424,259.0736053387809,14.248121191479646,35.79497943886717,6.0666457992699,156.49898469656952,26.016124581002295,185.28222855296016,148.7446769471859,32.961022977494174
16,1,9,1,0.0,-440046.3126115445,-1.8598903851068536,35.045076026414826,288.2782107069908,16.38100080031957,41.571706275796814,6.013400304379567,83.22381908441987,35.923761117916804,185.99652642028073,150.3150896341246,21.49776651577659
16,1,10,1,0.0,-447818.16004462546,-1.9097759216525891,44.88321023384242,280.4960019472471,14.114118970031525,42.670541616303545,7.892255034854712,183.56888531289474,45.55604465681168,166.77423990440204,149.60299477842386,31.134425086969514
16,1,11,1,0.0,-481362.9328162569,-1.3274797567040655,18.40214974916843,235.3923292757217,15.564215175193462,46.48240870117722,6.448840847244617,134.04206690730064,20.43957443397564,188.82078410869113,190.80101110301538,36.05514109570456
16,1,12,1,0.0,-444919.86054030666,-2.1791356518651885,31.27571399116882,232.65036612067757,10.49722692172115,47.93529583052377,3.98958268612194,161.60569161849597,23.15795926702002,184.56715269891092,119.13823039329661,35.451442679782176
16,1,13,1,0.0,-461386.24293520954,-1.7413162694703501,37.926502430095105,243.48406937191817,14.087895149220765,40.52255674382264,7.038705737997065,174.87273545012283,39.69777799931973,187.56868936939276,160.20206597845694,37.314671377210374
16,1,14,1,0.0,-426121.14951304946,-2.1693984116655325,15.736871552901022,290.3107427580974,14.826243060543842,40.31665238242056,8.380771599118326,114.89721184093995,29.528278595737305,200.95801068942794,132.5482718734867,24.109888204917674
16,1,15,1,0.0,-443562.88978322374,-1.74089306775375,40.52036627393944,294.54685880560265,16.192977140588695,38.5669580324136,7.349631567552884,87.21925229123656,33.081633101179314,185.7886736878307,165.51083239264645,35.0680750731253
16,1,16,1,0.0,-479475.30495316075,-1.3276919678762955,33.16201867925188,243.40053186994362,15.133085324010427,50.0,7.061687219781885,169.1207467012276,26.354201396012673,182.79816517785534,163.09329211331772,38.134611773271324
16,1,17,1,0.0,-481357.095693158,-1.2175487420517868,36.472324445174735,244.9738681517206,16.13970910796137,50.0,8.357236915341549,151.33262297369978,30.198492578710734,207.19887896115827,168.82896565491947,36.79763474805719
16,1,18,1,0.0,-417349.9890482921,-2.253045770045781,24.459249179629886,254.83327117659493,15.221430395468772,28.857088124638857,5.598438581120063,112.65776914962152,27.62135009249031,184.38146522246336,121.944251773234,34.44875210351629
16,1,19,1,0.0,-456821.49652930675,-1.7114119142948407,45.79423316497073,297.6024500053216,15.62893263927981,40.957623288826326,5.493003186041152,169.9528075403821,34.02730099912526,179.3110994419184,156.4597467973136,38.42334786932836
16,1,20,1,0.0,-395022.0064052241,-2.1657175704650355,43.05851183818818,249.39311338485464,15.41891483065791,22.386758489063798,6.504712081235927,145.29545268294973,16.31988357514187,175.83077575434794,157.23902454720684,31.450905869559577
16,1,21,1,0.0,-455861.6012302521,-1.85598971852308,25.319760007713924,239.49844522302672,14.365614217942696,37.43350857353964,4.801738449008596,153.33149209815124,21.503065212703373,180.7095857334233,158.73805177217062,34.301312769865305
16,1,22,1,0.0,-477430.7098289817,-1.29940206093719,42.5432622574859,247.5261938641615,16.17365637107113,50.0,7.6379157181117945,155.02934338312332,44.58164564542685,183.5340101996919,174.08559913550056,27.51865075455211
16,1,23,1,0.0,-411687.26294530777,-2.1978962627546483,21.301224641630412,237.04401065099614,13.32088256717757,27.047939881850265,7.723911387108894,180.08192426009978,30.980997284507357,185.95998172843758,159.80123806114315,32.66529856931098
16,1,24,1,0.0,-37781.94339267227,0.7593269688811141,61.27044333882455,247.20496822133993,14.95903049335381,37.97266075724039,5.913916818611793,125.11178310113189,22.720446210869905,177.02682486189158,195.6669392453173,35.90216837219131
16,1,25,1,0.0,-458209.2987668302,-1.682455625917309,45.721392833293955,249.04942591555272,14.447182383495008,43.266248867488315,6.156397362369989,104.23994396916785,18.511916601069835,187.68410456882745,171.55887398385386,31.05674680629381
16,1,26,1,0.0,-483599.5998040859,-1.3237515720291166,38.93423491194269,242.92924800493523,14.775768638810678,50.0,6.596674473303299,173.4944181233007,28.90196770924043,166.91864043081642,190.8621222012152,36.0497376388907
16,1,27,1,0.0,-446975.9143054817,-1.8973926938321977,35.27311799352496,280.81024657503747,17.089207664275953,34.43197259525428,5.967455740885917,167.92187368751803,26.975713632443927,175.6218541844642,151.9137052362668,29.25074652374909
16,1,28,1,0.0,-432691.35477731755,-2.2958897332783734,47.32153226279385,245.24253375381278,9.914489500868,43.26490958044094,5.2150540036206285,155.97074186775254,31.32833185712972,183.26498870082978,197.75518167957688,24.894619815523757
16,1,29,1,0.0,-481678.2177675116,-1.4292827942534703,40.73577880981874,249.37140227473466,15.107857848416845,47.35490340149558,5.402059375074303,175.83436476263986,31.545237026822054,186.90055596420444,189.49407915897834,33.13010324764628
16,1,30,1,0.0,-428422.91403491393,-2.1655773657678075,41.06149459784675,258.6142342887498,13.3194209610039,38.250003228961916,5.813122561608447,121.0325902945876,34.92957406736333,182.32989271195348,110.35643972609462,36.241298808452655
16,1,31,1,0.0,-470731.717246952,-1.3184505131263553,25.101531972088356,247.97219972750935,16.287728636907552,49.16322426689702,5.601202795423161,168.50565942351534,36.30506021859942,181.2772248939456,112.25825144569242,40.0
16,1,32,1,0.0,-427422.31215841224,-2.379718404672729,55.256341027301886,278.7278062241206,11.538252701174361,41.0,6.075683349846174,173.79251400876774,41.02257353928099,188.52150893451648,146.75628671030765,27.4129889115954
16,1,33,1,0.0,-417594.96310212824,-2.4880267650648586,49.03161970342199,259.643009135958,11.768331383606654,36.68515534649895,6.2058458247523465,145.83626861934343,25.596443763370885,185.1679571965885,156.00363615565237,23.01720637071237
16,1,34,1,0.0,-432542.22407201526,-2.0451364176054834,43.03668818218016,264.86244415916593,14.563240351613747,34.621521541645635,6.854553577446981,114.36945860854242,47.37647036514396,182.2265905700727,155.7435918026022,31.37611758281193
16,1,35,1,0.0,-402275.1732401012,-2.6204346460233983,42.74073518627727,303.76736512253547,16.593415147514,29.331567181637272,4.598542854789651,156.8846589242023,34.515210113068456,162.42003329428394,79.86372966818968,21.796213264322624
16,1,36,1,0.0,-462787.14226311195,-1.6340860606474097,38.2818550599034,250.515076502442,16.75542430160706,35.935705585638416,8.305023571125417,159.0861891420445,39.57149875897816,184.0653210217896,187.9144686854463,31.132188350716948
16,1,37,1,0.0,-456995.2339653836,-1.7307188633854056,38.60522822937362,277.80099513272876,15.509701003684976,40.60389060091304,5.174460184630401,148.82942215237378,30.423775980294845,187.43211418903587,153.38881878450766,36.34713729612503
16,1,38,1,0.0,-465393.52378917695,-1.6968077542441549,42.575723600882576,250.74538711624388,13.554064335366451,45.07131890393864,7.198639273575967,147.17406678130087,35.37626081878007,184.45499955320705,198.49958907107353,30.78355986419818
16,1,39,1,0.0,-418759.5407013114,-2.2802686982417733,46.13419994635299,257.7625633946735,14.17841338257654,29.75135400509201,6.662131164651833,152.12123743375713,18.992671636391677,183.0781517918713,147.31415058089604,29.246251467813938
17,0,0,1,0.0,-364361.5351271316,-3.4377401327083854,57.614433000301574,323.46284735347,9.934371474762905,44.586179273611904,6.480061973411883,109.79494378766444,30.13085573650698,173.80414154760282,47.68441890231975,10.270022106824499
17,0,1,1,0.0,-351759.95065529307,-3.98235867729984,52.21793958714654,308.9155057381387,7.602554094605081,49.705858136151996,4.486313195715811,133.03752888412257,38.58509165616393,186.02641253268627,23.34176128660275,4.114945620207079
17,0,2,1,0.0,-362702.1620579477,-3.678499403672743,45.57395431090421,311.4380045407363,8.676881986908796,50.0,4.655484142265221,129.91488788155831,56.06323763511192,189.84982781426166,20.0,4.040086790441117
17,0,3,1,0.0,-328628.14810404985,-4.008945248054594,51.04686304497399,328.0235776883097,6.520569312884968,49.86713426354616,4.4265529928869904,106.7476611739227,30.75638599780254,188.82225346078806,38.52413788978088,15.87765624953543
17,0,4,1,0.0,-354482.2755401699,-3.8498384709780002,45.15481832677568,299.7998211034053,7.997827957481551,49.12161053307198,3.9348528707348764,117.92241983450522,34.08920559997341,170.93260147433557,20.0,4.101623597198266
17,0,5,1,0.0,-358546.56718938897,-3.5570679563759224,54.47016351699397,325.9680052702995,9.412817502103994,47.861126933044204,6.751539987396051,97.8288915332439,26.73255338797776,184.9312176399898,51.03770744658692,4.103038677161288
17,0,6,1,0.0,-336614.0073703299,-4.141293602476686,42.687963898370164,313.74422914813505,7.40359676639656,48.80019810314654,4.9679925976295625,109.0826612865984,27.478264148648428,177.85426289430066,20.0,4.023881580735576
17,0,7,1,0.0,-370189.9839374406,-3.5545328991413734,57.2271494978702,263.3003123070636,8.006997615309112,47.78289606902985,4.759567074741021,101.14155638260743,35.65711631571432,179.40314948074467,76.82152831781241,6.429934749128323
17,0,8,1,0.0,-375659.23419758223,-3.246736394087246,57.90800314099959,331.9866883988256,9.92577300755386,50.0,5.250190904904573,113.89492726711107,24.48476955140182,192.4850640217354,76.96131008600223,5.606878911057289
17,0,9,1,0.0,-293281.0721693486,-4.32321353201179,44.03391159643154,320.28703581653747,5.587829171313884,50.0,3.964813006244196,104.66281075180662,41.29974230306856,185.1560527141377,20.0,4.247582453962412
17,0,10,1,0.0,-396343.1637041585,-2.69450537940884,30.65254473368779,275.09189083712135,11.366299630881329,50.0,5.145486831998817,95.51140045455872,39.26513960121031,179.6050412424447,26.298294748137934,14.653041283254883
17,0,11,1,0.0,-392346.9577496228,-2.759702932803268,51.85078408825359,322.1237441405089,12.700096093275011,43.476967303265084,6.266687041462818,108.06929788110534,53.01013256526055,177.9291982771424,80.23228735062372,11.560675260232685
17,0,12,1,0.0,-354879.8333511949,-3.770617119065581,50.28730817254524,307.27892246570934,8.130063965927759,49.31505381792417,4.927926989839068,100.49201513063966,23.427348177408184,182.35525607237034,64.38466863112268,4.199802101882947
17,0,13,1,0.0,-328545.47115534026,-4.2271813778007985,47.573369862971475,329.8714282974418,6.841772950236755,50.0,4.591846888989106,114.28522290376954,34.67866325424288,177.7773883940747,34.66550977516487,4.086883520198069
17,0,14,1,0.0,-326215.625391048,-4.083786021603507,53.433926874071965,313.7938696556714,6.081872880455315,50.0,5.170201854147959,132.49075157869885,28.711160636843648,191.75915431154982,80.41619523620338,5.109397502754945
17,0,15,1,0.0,-318661.23633059865,-4.298353224014478,55.36922217096071,337.23807951095444,6.459690551999989,50.0,5.237287241098926,111.13837348004645,32.271073697457254,178.62992159835915,29.175702804551655,4.013845435369952
17,0,16,1,0.0,-350387.70257626526,-3.7195285825219435,63.5373990831646,314.2794226095828,9.349680779664439,40.16429620650393,6.116470777618961,115.87712746958891,34.53654901038099,157.27823532133255,64.90731460841864,6.145066824601364
17,0,17,1,0.0,-340505.3433119928,-4.01352042966308,66.81401470788533,324.0440442362811,7.167139191031401,50.0,3.6446807697190478,108.88725863133803,38.95984129923373,165.29636071603,26.773914020296317,4.660267422949871
17,0,18,1,0.0,-382049.60474759754,-3.0134259768241796,34.55712167881373,327.62811469537235,11.245143361749362,50.0,4.652567553500317,128.81398324070392,35.09966471458792,178.06305034791475,29.129494102469003,4.1282867987730505
17,0,19,1,0.0,-326432.7394198206,-4.2986965851195755,42.11670109309189,316.95859665258877,6.660809465845165,50.0,4.998056595313587,117.11970378690813,31.577336559646362,178.7146944634126,20.0,4.0
17,0,20,1,0.0,-320690.5746903056,-4.2812423668733235,44.34129319380702,330.4033115905199,6.439858037016547,50.0,3.9272426677583976,122.65616168945475,35.255960667372655,165.88812992145864,25.59638810956688,4.062584246184813
17,0,21,1,0.0,-343905.6960047379,-3.9940728461523665,42.91028486900742,302.23314061615594,7.283087450897556,49.67738250759881,4.794796399827562,106.33711840610869,33.970304928200235,175.38598537032294,55.01159318701292,5.106241142166639
17,0,22,1,0.0,-333462.671943895,-4.095235653379913,42.757146549845544,319.7863342989587,6.667423037732598,50.0,4.172032502659809,133.15187866287187,53.95030560801952,173.9292341053798,42.96981794543948,7.992869098480721
17,0,23,1,0.0,-336035.9153351571,-4.221538375956836,38.199785039728354,314.08274334537623,6.767787168320659,50.0,4.309477242200767,154.52683795777492,34.47371207405479,172.82614347364634,20.0,4.376474810547584
17,0,24,1,0.0,-328889.4823815334,-3.9415936774742795,62.76580783177386,334.3506199476413,6.513294542059573,49.679280413631,4.057624468124492,112.38261499935976,42.05870712722442,162.03425018405002,123.99421073412182,4.0
17,0,25,1,0.0,-379367.5089317975,-2.9744367639677063,41.012676908553956,334.10678955546905,11.15076349108367,49.91576093738424,8.275736086946553,104.95064826669719,35.23885778254834,176.65576778626533,74.95301167773415,7.429863397958274
17,0,26,1,0.0,-327586.3175344942,-4.258450856390083,57.313688710853434,332.133773168651,6.658891758218051,50.0,4.400188517967285,118.58436411466745,36.53351975854306,179.77182891479376,23.46820371164454,4.032376079510825
17,0,27,1,0.0,-385406.6397510997,-2.893689001646468,51.78788800605768,330.7815322256219,11.485678855877534,50.0,4.102711048008942,130.4327496704581,34.585054122727364,174.83854101885427,20.260947514793102,4.028757782239195
17,0,28,1,0.0,-329836.5077587807,-4.219276094317702,41.776959549554846,319.4927577251949,6.79515976972196,50.0,4.843564327420461,115.41339963963308,35.05540280861379,178.62769965234628,42.734156880937014,4.0
17,0,29,1,0.0,-386865.0396050377,-3.11328342979105,41.95177141658078,269.3611612147176,9.265209724097966,50.0,6.17763721008527,97.69698356954072,29.301902404673132,188.21182473113817,75.01860001884768,10.97519107618308
17,0,30,1,0.0,-358167.378693166,-3.820582970588945,41.94119962188774,291.42125863290164,7.884696934804897,50.0,3.9741071681789033,118.67976189618929,32.87127079729963,178.05671287348898,29.256386616860592,4.06003205925052
17,0,31,1,0.0,-339379.3755867236,-4.073605642549183,54.7691048513609,326.8397617823977,7.427359433958752,50.0,5.034755950964421,115.39432275400048,43.34639903386197,175.1800077615078,20.979253864126903,4.087474305570426
17,0,32,1,0.0,-340758.86901738396,-4.142615075774592,41.895112394739044,312.6816955774928,6.944617147205143,50.0,4.9484083140614,149.00962250106136,30.875478046659175,179.4600467685451,41.79233075605974,4.088397007061775
17,0,33,1,0.0,-348083.6148444612,-4.02613805601953,43.199052653438045,325.43120354053804,7.5318127609794745,50.0,5.279904231730713,170.88053189275112,50.87072573240633,179.73361068081448,29.407007885544537,4.048552505674623
17,0,34,1,0.0,-311815.49309106707,-4.308288299215158,45.65176848441136,330.7512972647026,5.950693478888132,50.0,5.065825410443053,152.43106694158539,19.553056307101965,176.62558981551246,20.0,4.04176791035414
17,0,35,1,0.0,-349263.48845147947,-3.8060595819790985,43.99935703492203,328.31243370424374,8.111275849193094,49.9751784483756,3.8318295457428504,109.82984251470866,54.876326954353985,170.34372114424508,56.115189977706194,4.0
17,0,36,1,0.0,-350582.62678551784,-3.872721140752209,37.201588297072206,305.75579906690973,7.893205750846429,50.0,5.281871838347136,117.29291199564182,26.941277432399843,176.77375276618358,46.697850831713694,4.041254761073385
17,0,37,1,0.0,-341928.4417389526,-3.9649840376223295,51.834276195241586,322.0152101640437,7.84988073150172,47.1948285949726,5.890691671164238,110.78991784765142,24.204927177573577,177.1963466026607,67.95094023613305,4.0
17,0,38,1,0.0,-393102.9731658453,-2.795916335833686,69.43819133041161,328.1459575614748,11.583900191936209,41.013281158300614,5.648618961672538,105.01008263114258,25.12588425119162,175.36910178541908,160.606936003596,13.699198791391037
17,0,39,1,0.0,-324359.97566703765,-4.280748076069754,54.537065309411574,312.16033830357696,6.390174394378453,50.0,6.255196139181964,118.71088014399449,35.06967819744773,182.55300587195396,20.0,4.1602904107324425
17,1,0,1,0.0,-435605.3307798582,-2.0871258881015335,46.50712841789907,299.91108086484024,14.180449885632576,45.07680521670178,8.386973921355805,152.8351390586259,27.535051697171966,180.6502744703218,149.9446366051166,20.11012328736379
17,1,1,1,0.0,-380581.15055129165,-2.779957989550593,46.03113732039561,265.31939643467234,10.393103818620895,32.484184992536015,5.332886324229586,148.73499427343816,31.370185278768258,164.42892643934488,126.57104364189667,24.77992594516835
17,1,2,1,0.0,-447262.7840433296,-1.8086559609725565,64.19707094028072,317.9288409637968,17.00643074274737,38.174077561457636,6.848124511550662,158.48800937744792,51.89419619353784,179.11338656898377,168.87002996276402,28.068781236229842
17,1,3,1,0.0,-422727.1610394551,-2.2747062372743216,46.47494751926723,279.10233684686,11.832639887540363,39.52309630713624,4.617972605263182,98.65627206421786,38.14785106659979,182.1380556625927,179.53415736928065,26.450932112661306
17,1,4,1,0.0,-467496.9631451782,-1.5138571277704171,44.393690874568165,271.38210648579235,17.018923598392824,41.22793130991641,6.6934942058840985,130.05035799937352,50.811771938106716,188.34113087618235,196.69950026475138,29.14520165046131
17,1,5,1,0.0,-452996.5739036211,-1.8091312904498782,33.84014382761164,288.90682195067563,14.733439700764196,41.131297306923955,6.998522611074355,143.50222345932914,30.81616047406415,173.7985259824934,191.61518645810344,31.291570134533156
17,1,6,1,0.0,-455939.47041931533,-1.6802051486199945,43.70347252377047,235.6865571841684,15.718308762464845,41.0,4.301448292901032,74.45701012520952,31.736949620673805,183.2935616279295,178.76013206375077,19.84200628292051
17,1,7,1,0.0,-44516.72495502298,0.7688861419883419,59.02439495401437,233.77188878903752,15.980470669397288,43.93600758019733,6.291106989706119,151.41443238576548,62.779393226562846,182.32043227295878,188.69406116754197,31.593538520408508
17,1,8,1,0.0,-468255.2386791859,-1.5730632970401086,43.99889135312255,274.1306865398297,15.97192728821757,44.79497943886717,5.93720018302983,160.46464864492765,28.36368696714039,192.60685335789827,177.15146107465713,28.92923648633325
17,1,9,1,0.0,-465883.8609969034,-1.508332441974437,39.903029339690995,256.2782107069908,16.01594815018544,46.951117084177554,6.110975341571138,117.22381908441987,39.64270495069672,183.6828573994238,179.34547265964028,22.445320608368768
17,1,10,1,0.0,-448446.8234323614,-1.9252298725787942,45.53947522826814,258.10339664616885,13.97492609287729,41.3512452419636,6.420617955428757,149.56888531289474,37.405923537716674,173.11029419132677,150.4223967696443,29.38259475415326
17,1,11,1,0.0,-459791.97896786226,-1.6814335890026908,17.05288298150798,267.3923292757217,15.139770159031233,40.30803130632294,5.709576122697161,120.06582727765905,22.226611778648167,195.01292873109554,186.86402106222516,35.878536828798076
17,1,12,1,0.0,-453716.6492517581,-1.876236632682827,40.52343910545869,244.13797497313377,13.49722692172115,38.93529583052377,5.715132313100077,163.1614737824615,35.305305660545656,181.6885998691388,155.13823039329662,37.03480231638103
17,1,13,1,0.0,-473255.9576557359,-1.516300123257707,42.026974721263194,242.89904394659212,14.833117393602045,43.70744827236693,6.820314619476866,175.15895909159724,53.90332518033801,181.36973440105734,176.98248046169033,36.06162905812505
17,1,14,1,0.0,-426638.50072415493,-2.1402341938339826,36.573701111284024,266.37106491708107,15.533101747866208,35.38996336316619,6.910317625496276,80.89721184093995,47.528278595737305,201.0872619543268,144.42195995279826,22.432492159777862
17,1,15,1,0.0,-444070.2675471802,-1.7673673905227376,40.676772405871276,323.76533269454256,15.632323793935031,39.98808593045534,6.5542610346415415,106.03923022640086,32.5496863031695,183.04999007883575,183.57555141258518,35.33267571883432
17,1,16,1,0.0,-466836.60642927774,-1.5803715980270614,36.855391942910785,245.44929584623972,14.62693775343678,41.0,8.273244029483466,168.925453425683,33.58650183344781,182.99210316844147,178.180675982286,39.25701524557576
17,1,17,1,0.0,-54788.63254209041,0.6909552187677106,58.472324445174735,245.16777938146694,16.032190051425797,41.0,8.832062332347853,167.48256589234862,33.45673789441806,206.2077676583825,148.37266662923287,29.597634748057192
17,1,18,1,0.0,-432762.94374626875,-2.0653652498523654,19.931822151363793,266.3739273269087,15.815596301682097,34.13213939831102,5.351341875723673,146.65776914962152,18.16227328439296,172.38146522246336,107.93087163520244,35.9593093652578
17,1,19,1,0.0,-455286.21759238833,-1.7036701499768778,34.40115564243916,265.6024500053216,16.507288221057298,32.296971295095766,5.933581323065523,151.21640916116465,33.92824643653845,182.6580179349413,187.80004576230408,38.13059947753651
17,1,20,1,0.0,-438061.77751553204,-2.0533238397789506,47.40914671808865,242.16164176230996,15.701998107669901,31.386758489063798,7.1284807429862465,155.09488096257442,31.414066520090792,166.23494353683455,161.61954462868601,24.250905869559578
17,1,21,1,0.0,-442038.0991688692,-1.9662068508922075,30.052727091013672,231.93091375818494,14.964256378979107,28.43350857353964,3.5809164378255844,167.05387239176972,28.561465041814056,182.38160558282638,148.47548066169526,39.197103912930956
17,1,22,1,0.0,-441690.1968212744,-2.1058807275467624,42.8881655179052,254.29271959169841,13.697512703014272,41.0,5.837915718111795,154.24649822890788,57.87457084744725,187.03144479069343,138.08559913550056,23.452351338615703
17,1,23,1,0.0,-440949.6612810396,-1.8205010856667025,13.080640008094255,232.10488870702983,12.30022927638298,33.450865624023315,6.681870125012097,194.49166214218135,15.18110529033147,180.4914730969314,195.80123806114315,39.52066133199357
17,1,24,1,0.0,-461183.6974689729,-1.5661666099366283,52.352028095519266,276.4069373870971,15.869628497708737,46.087338784416175,7.662880165053032,149.45599425893698,29.50388390833816,170.60606750004925,159.6669392453173,28.702168372191313
17,1,25,1,0.0,-459475.8150829518,-1.58320053124154,47.4713847999422,243.27071738200405,15.229181522544094,38.527984731249774,6.6874587803775976,93.41133328628231,13.69318394885118,184.94836804950242,188.74524156314558,35.761619443163084
17,1,26,1,0.0,-462912.6547621934,-1.6512319490129734,38.32332766763309,251.41495252856987,14.517775156176286,41.0,7.136818139625154,160.51822711977252,36.51185706111419,164.2954079161104,178.88176695102558,36.324749764326675
17,1,27,1,0.0,-428714.16086932435,-2.2009431354745215,32.49581720438765,292.4969341813378,15.623570106394173,37.74420044959395,5.76137250593267,150.1582369199596,30.835038415349672,169.710506041883,118.43610795463172,22.316369923570807
17,1,28,1,0.0,-463293.28887195117,-1.7617025320907123,42.70402390035583,244.37971679016954,12.914489500868,48.20423902012433,4.985305304025748,151.19263158079514,36.794796215858646,172.52874389038664,161.75518167957688,30.42993094218474
17,1,29,1,0.0,-489804.1924507628,-1.219318323434304,38.26985568065695,241.5219827993414,15.867497907449675,49.149204182413676,5.206551318520732,178.29121691240192,28.150657883816237,187.64552959195896,188.43829334379038,36.387301637028784
17,1,30,1,0.0,-436241.02799459506,-1.9696286702279668,19.628079795666427,252.07974099010758,15.056519669835772,32.25427623170921,7.056547822064584,134.34738499919854,29.39041915097853,179.27573175335868,146.3564397260946,37.9189348594903
17,1,31,1,0.0,-462683.74146109604,-1.5817438053436428,47.10153197208835,261.8707485610749,15.899619626725976,40.16322426689702,3.9213603720995316,134.50565942351534,34.580991211520626,182.06148778392412,148.25825144569242,40.0
17,1,32,1,0.0,-429432.42700496,-2.258121307404898,62.601959866797436,276.5496316599706,12.552731827910584,36.32794637511886,6.001536543041541,177.07203630232655,37.24472483329746,200.52150893451648,144.03340541792085,32.566792215994596
17,1,33,1,0.0,-378121.96984131535,-2.5956919888494627,67.99463377851384,255.18465486288048,11.430038399923818,27.685155346498952,6.049780419076841,169.0943042402394,24.260720000607996,182.35183370940973,121.19556499182292,28.104581074775183
17,1,34,1,0.0,-447393.7368639643,-1.913172561765473,34.883441897253405,245.43912026853914,13.801079668212997,38.550764665137294,7.027767051825443,118.92266469398099,29.37647036514396,182.68159735310164,176.05276691660754,30.08470671668809
17,1,35,1,0.0,-441654.7120460234,-1.851345370104306,42.19524795446197,271.76736512253547,17.358797069548316,38.33156718163727,5.371134967635812,157.74601327265447,23.30716164763124,174.42003329428394,115.86372966818968,18.623531841938142
17,1,36,1,0.0,-469514.35556155187,-1.5922337389825993,38.743881760938386,265.3569107548312,15.99462266553314,43.4504580766812,6.505023571125418,169.8233695537637,28.486060716060713,187.14027022708387,188.13043753110128,27.260857359004937
17,1,37,1,0.0,-426800.1329079012,-1.983987327115827,40.90384053078792,283.03221885112475,13.972987777866424,31.60389060091304,6.599701901241557,150.79240490109856,25.8018558690291,175.43211418903587,182.9177252862651,36.105532642634785
17,1,38,1,0.0,-474623.9626826072,-1.4899305723171121,42.56686123918055,245.93491837674605,14.503124309119679,47.843517297989436,8.273092137056606,157.93081515751228,29.009381092809917,182.54234601058442,200.0,29.912758377256022
17,1,39,1,0.0,-448892.3986563191,-1.7791197141011506,48.02115232436131,265.79031315115407,17.17841338257654,31.779398897315566,7.332482999862415,169.30221403561322,18.17164726031798,183.42767157257555,155.71302145115862,36.44625146781394
18,0,0,1,0.0,-369133.49898251495,-3.2930413479375416,61.95534464297331,330.30341449648074,10.23515323597853,47.23472229279616,5.553041079688871,103.49088326624431,31.581483638175193,179.27714880148136,38.84132464530647,8.330315134822982
18,0,1,1,0.0,-334148.77923135273,-4.17337390110538,48.60904108512783,332.5544090205316,7.049641710409649,50.0,3.774879789916361,124.42552494205218,40.34421168554244,176.13787898163042,24.099709739638413,4.003093640171545
18,0,2,1,0.0,-324570.8519089583,-4.249196067965546,50.968280645901345,322.6879477851446,6.387278736536528,50.0,4.111242117875616,111.92168817468408,38.06323763511192,183.04215740418948,44.26302035190851,4.0
18,0,3,1,0.0,-325455.8053683573,-4.1496586950213175,38.93270135561585,337.8840389681373,6.642088065192169,49.83137966497824,4.30203884756876,127.92997414663267,27.866213038488354,177.56221057152692,42.17318437018759,8.677656249535431
18,0,4,1,0.0,-344131.1945265704,-3.9724682908072397,44.71748116161612,327.34566986573697,8.04863766980951,48.752361634450736,4.76587852443138,118.53237215829411,34.23044758060956,171.2734653374874,20.0,4.132701230921835
18,0,5,1,0.0,-338262.13996325847,-3.9491167608355817,54.08257132508075,334.81760915439617,7.792038567423351,48.37347023901757,6.575866712524876,108.4728536866984,13.660790529390429,188.9966666982022,70.53695823164436,4.029840417097678
18,0,6,1,0.0,-338192.317166604,-4.062769449976771,40.574200675645066,321.7637603571759,7.281010078845981,49.48411888879864,4.8975654483479545,126.3581394270201,23.91298078336389,169.00377580260152,56.0,4.0
18,0,7,1,0.0,-381557.70677531353,-3.1931892293629027,74.65201704548916,295.3003123070636,9.265783254516258,48.136318729753896,4.462531660138728,118.69456520149524,35.3822930656025,181.71081000839916,74.99336885378983,8.356749189087902
18,0,8,1,0.0,-365372.398944324,-3.4876728760109503,41.645741806686175,335.8984656548901,9.339258401120961,50.0,5.061439041427594,118.90462546120303,33.24390088556948,185.06031516174562,40.96131008600223,9.790379022135015
18,0,9,1,0.0,-344295.7230139221,-3.9366096288134127,66.03391159643154,340.30477288136063,7.76038138926653,50.0,3.6647975106314647,107.58057109532811,39.37700409177113,179.50304256721682,20.0,4.2528611013967765
18,0,10,1,0.0,-396930.8930433718,-2.600808137963926,48.12919544693373,307.09189083712135,12.31592739100994,49.702867355548086,5.122239911558922,117.83847489224425,39.175323766632516,176.01862140530335,32.878731237768605,7.83746115634357
18,0,11,1,0.0,-374815.8462635258,-3.3197728073007737,41.54590148852029,323.6723627545425,9.700096093275011,50.0,5.136522863754121,130.79829003383307,36.241346195819105,170.76766883788136,91.7351909871112,4.360675260232685
18,0,12,1,0.0,-364260.6261770161,-3.5072431677260014,40.827813708083184,305.96181324853916,9.177985841350075,49.82443622495665,5.160657749550479,106.5976253902036,23.06886159113551,172.84546543302145,28.38466863112268,4.13541489677254
18,0,13,1,0.0,-328773.95099314506,-4.239557074357012,56.186979167788806,328.66725578376446,6.707157130310086,50.0,5.045195311345883,122.12225967363959,38.60663862028657,177.73891702438854,26.58731330739396,4.05380773923231
18,0,14,1,0.0,-330739.853407956,-4.03814211532384,60.95179754767741,314.79464280980415,5.9958006672393145,50.0,4.927978993638667,158.27785943257254,28.936930906064244,190.25900685420396,90.66648024166986,4.475597728788076
18,0,15,1,0.0,-330151.87678014697,-4.186393870802509,49.54827226997904,310.19485120352977,6.7228150551219095,50.0,5.569668690661226,111.00870253990283,32.7484058910212,168.2684655266153,35.063512322541854,4.0506288341079175
18,0,16,1,0.0,-389014.09633374726,-2.7590456812685447,41.5373990831646,342.59450003507385,12.349680779664439,49.16429620650393,6.845383948602423,125.46579002075117,16.536549010380988,163.7913886724239,100.90731460841864,4.74255736047281
18,0,17,1,0.0,-29717.269307472772,0.6629733293766714,66.1032332959937,318.171595321926,6.545038546389224,50.0,2.9239712310721107,113.46482935201549,38.74557630671203,164.3914347330617,24.143106467166046,4.193055870499445
18,0,18,1,0.0,-377984.33795438654,-3.236442164694648,52.26041143830782,326.23334638374104,10.09960487763671,50.0,4.588313597100692,152.4510933444094,40.45179280381311,166.06305034791475,32.237462280360184,4.066245909733515
18,0,19,1,0.0,-366348.0624412806,-3.4108358702801,44.89203956295949,322.8934145799456,9.660809465845166,50.0,5.179683788691034,103.12297012820778,32.41856340142474,175.49503665700877,39.32183598634637,4.063774958383097
18,0,20,1,0.0,-332655.0489693304,-4.1885210846947585,44.020424778440734,310.11679349279626,6.593501454103494,50.0,3.846742614805744,124.89352827549946,35.823813477275614,170.1822533275231,39.398293339233305,4.100022913847759
18,0,21,1,0.0,-319818.6712086326,-4.049505812455501,64.91028486900743,311.16996404523655,6.561207905021785,45.66174176946721,5.031046744700164,107.06157144374946,32.73141555187448,164.72080196236118,26.159478406676477,12.30624114216664
18,0,22,1,0.0,-339272.7453027561,-4.101996653349655,34.82543514493129,317.8316985448648,6.993465157768998,50.0,3.8824884140044094,145.84114748480522,48.70188957266754,174.96616378934198,51.909087004530775,4.0
18,0,23,1,0.0,-333930.4084631799,-4.157526180190031,42.169403570941675,316.56146466948866,7.070123595264531,50.0,4.724466711713518,120.52683795777492,42.99153048001794,163.45825315903375,20.0,4.2621245170362405
18,0,24,1,0.0,-358049.79410653445,-3.617809300701802,61.96260887108983,331.19132005884615,8.414487669418428,49.94739957834022,3.927250675276881,103.98975037508399,34.27625067914263,164.85408652198936,87.99421073412182,4.0
18,0,25,1,0.0,-356381.4007324617,-3.500225554987203,43.420759457655166,332.72062956742224,9.900949023901779,44.77867969012682,8.061746400126822,97.84004217538605,34.830625056301486,179.9702289491091,100.35046478715407,5.199801957091876
18,0,26,1,0.0,-348128.8937798448,-3.904342439280564,48.09340884541042,332.89778205115226,7.900015313316949,50.0,3.1764397345157933,123.07766875331255,39.877383913704996,177.28102163407996,23.89707970224206,4.070127479795008
18,0,27,1,0.0,-352519.53911750164,-3.7950043080954123,43.37581197359848,327.26667419808075,8.485678855877534,50.0,4.889717996897749,121.15541381746262,34.607168713552966,173.35224768815263,20.0,4.095079993925469
18,0,28,1,0.0,-342819.3437934126,-4.036942418648727,47.58303681745253,320.4848333233771,7.276656233665854,50.0,4.534299052973585,121.96567216902086,33.12964794751813,179.47903484850275,59.68389494564859,4.022849199875658
18,0,29,1,0.0,-370590.3406448308,-3.4122393468377825,37.35164651594018,301.3611612147176,9.677260410712442,45.73423454009883,4.689563874424791,90.50846994849928,34.857699098517735,192.28623790119104,83.67155402470829,7.148908679783952
18,0,30,1,0.0,-304337.1814458866,-4.343983833620263,47.5368494829031,323.42125863290164,5.89849214751744,50.0,5.774107168178904,110.79560312256109,34.887991331872975,182.41089252932085,21.4915528910426,4.068614095260805
18,0,31,1,0.0,-346777.87856821396,-3.841797554123861,62.28609486881787,326.85368135678164,8.101101397059475,50.0,5.094966559326018,96.57018000273533,48.18696700878547,170.07062218508403,20.0,4.063403955406533
18,0,32,1,0.0,-336046.23193504405,-4.17327832312719,42.783045151347,323.576438581168,7.096348323075809,50.0,4.940669979207299,134.13696865901667,34.33828330197853,176.1457374918923,27.100541968515333,4.080267196808374
18,0,33,1,0.0,-373213.1014990788,-3.214775281714983,46.70195868061279,338.7694010890978,10.531812760979474,50.0,5.2168466594851735,136.88053189275112,47.491329383804825,167.73361068081448,20.776686642748025,4.091177197685562
18,0,34,1,0.0,-313426.24446053745,-4.369631833301904,42.01300425384193,331.63031740271157,6.158296314633946,50.0,4.048048011497062,118.43106694158539,34.943539825875824,184.60816553478972,21.83112690003971,4.006291072089293
18,0,35,1,0.0,-363131.54916441755,-3.5495935322618855,43.513910347242806,324.3558349715195,9.023155354306484,49.99509865098431,4.177703542238348,121.22449563930425,55.55045965543582,172.9101657309591,35.62292440297527,5.94291068838721
18,0,36,1,0.0,-364063.0065058365,-3.735501116315376,48.56281101392865,294.91835987134783,8.043673176837448,50.0,3.4818718383471365,132.238286152533,40.27563212341326,181.06184188624124,31.049466989129304,4.026535852960454
18,0,37,1,0.0,-374798.5281931909,-3.300130950219134,46.42615254439027,301.4560226055581,9.51139679065626,50.0,5.401752454611939,99.93257127899705,21.709492865402556,186.64316131626907,84.09984024576436,4.237637752539802
18,0,38,1,0.0,-377533.8535500474,-3.121387061955099,91.43819133041161,327.13968473600414,8.702761347130785,50.0,5.154411615884522,125.09562599944313,27.78041902485894,177.38226024141858,168.2684826970431,6.499198791391037
18,0,39,1,0.0,-336204.2436533313,-4.215102552126599,52.659446303050295,305.1355229494621,6.491228901368059,50.0,5.065562253853398,145.49063881622135,33.83192888909446,182.63923049130491,28.847650472642126,4.200836754625503
18,1,0,1,0.0,-441140.56989296037,-1.7356647615307195,59.33161820474485,331.91108086484024,15.596491911659966,49.3300549044655,9.429123726066008,118.83513905862591,27.389972211492214,171.42345809833827,148.38460537219098,25.052641611416178
18,1,1,1,0.0,-444790.8944166374,-1.9978130910554774,46.52975483229345,268.125598177932,13.393103818620895,41.484184992536015,5.864339013721468,145.4748764490781,26.40744603867328,172.2296796496159,162.57104364189667,29.022347747921252
18,1,2,1,0.0,-424382.4148520715,-2.1196021162499465,70.80437588307689,313.4269026712644,14.167618952513779,36.232657260904865,8.253529919880929,160.88908077171854,34.78196310146122,167.11338656898377,156.64234005250202,30.44657464822803
18,1,3,1,0.0,-455631.547925411,-1.7757257975147274,31.159423254086192,261.58914719951423,14.832639887540363,45.793189028534435,6.417972605263182,116.27192341451527,22.67778557394779,185.51581818341606,194.95258493116773,19.250932112661307
18,1,4,1,0.0,-466432.0706066376,-1.6506840867598862,49.13946648559295,266.8571902001142,15.191587715808417,42.21135962226075,6.756049799367218,164.05035799937352,38.36527559118257,182.66599736648448,197.10024476917405,29.92412116876766
18,1,5,1,0.0,-449430.51744719414,-1.7147515105859517,38.83853562483506,320.90682195067563,15.673006797974843,42.152995364205516,7.574667211054905,119.34385593019829,27.898453133473677,177.61208387836675,186.55003081607737,34.111531007860606
18,1,6,1,0.0,-459439.51477472036,-1.7053208907270057,38.641404118709644,243.99249340045355,16.14496912779686,37.42012728011265,3.1953441115064143,108.45701012520952,30.754560397714524,174.52958070702462,171.18158611468002,27.04200628292051
18,1,7,1,0.0,-457486.112193348,-1.8565809175104722,54.87496962680686,265.7718887890375,12.980470669397288,45.77104280824696,7.431564919448229,169.1273242161099,44.779393226562846,184.15568292995147,187.56684579057924,28.23963623672938
18,1,8,1,0.0,-450402.90364466596,-1.9322532571282798,43.245191858264164,277.0038682750184,14.932824952024966,36.75843306048881,5.79526869561409,170.51007625637573,30.369017395357265,190.15571889836548,173.62156664420928,31.31051901838574
18,1,9,1,0.0,-476515.04765639873,-1.1751989718363445,42.96082367543295,253.29445466227978,18.914478673315894,44.27516452126682,6.323888934805013,137.15698939784926,33.18195761155886,172.19340171357806,164.30116244442766,29.064012481617368
18,1,10,1,0.0,-454802.47483028466,-1.7445694163881014,43.33572871414295,237.7121401538066,13.379737860074634,48.443517886918734,6.9009922301226085,168.07487599365442,53.535264050213954,161.96418312490243,123.35180117021577,28.83016069251944
18,1,11,1,0.0,-469319.89584293304,-1.5621201094766342,33.67770431095381,267.1623853268817,15.523483574251488,42.74354335017879,6.562531648498506,154.06582727765905,32.82357946917463,188.72864071790596,185.6469295173776,35.55405280544872
18,1,12,1,0.0,-420684.64076182846,-2.319205135094309,45.37431076924335,228.83644343371532,10.49722692172115,36.141063639142146,5.58355818065285,162.55300224507565,32.04953150526063,182.0336685244522,144.904257528873,32.498410250442795
18,1,13,1,0.0,-458329.4550709525,-1.6943072573412241,28.205011084350456,274.8990439465921,17.57255355707879,34.70744827236693,5.65840041401159,151.0831824622833,55.24375636008149,186.6714353383339,176.9026879494323,33.10670738553957
18,1,14,1,0.0,-424793.36831041495,-2.253344328032946,32.421794636350754,248.50561329731087,13.948055005816556,38.1171709131527,6.624309764260161,88.47727876005325,61.37108683824663,189.0872619543268,133.9838272366982,19.47151022884518
18,1,15,1,0.0,-437981.7544275358,-2.017330093172168,45.247538080650266,291.76533269454256,12.632323793935031,42.1348109468292,6.649898788067378,140.03923022640086,40.881432323878336,185.7075278203251,164.28701987846296,35.40108413050795
18,1,16,1,0.0,-453078.5778965686,-1.7685928311132366,44.50350082368606,255.4729503093179,14.985009958667591,35.681699845420276,8.900596400994191,157.91365423868487,35.07688562315302,188.34270637797462,184.90101484615056,34.77214268578817
18,1,17,1,0.0,-434400.7583646599,-2.0437115974959563,54.09668939064608,259.39386179771026,15.45366923172711,32.0,7.237001419468147,133.48256589234862,44.90795901162517,194.2077676583825,148.82579129349145,30.995949646344844
18,1,18,1,0.0,-396789.960739836,-2.2519905160844638,41.47912204106596,265.8636808969446,14.845357102624304,25.13213939831102,6.437609907803733,126.91475707404513,30.571002260740357,165.6356951707162,134.07563209869073,35.26619105559709
18,1,19,1,0.0,-445962.37750729255,-1.817576219225045,43.16768560364778,285.8665698123391,16.321601693287366,33.66585103501497,6.229779819777727,154.03138587518194,26.110819466933663,186.557431087984,158.271718856226,38.99508049026206
18,1,20,1,0.0,-457340.4970233869,-1.7351499999698559,44.15340250241451,247.8690433657509,15.777046114460067,37.01905914656971,8.072525120550903,168.02729766627698,37.35495501669645,178.23494353683455,164.46109052342933,31.450905869559577
18,1,21,1,0.0,-422265.91382353485,-1.8519812622521987,46.25393516809148,237.61107796168685,15.796770075852002,23.130660510782214,5.380916437825585,169.29483581017098,30.688309889034798,187.9488930736169,172.8769960094295,40.0
18,1,22,1,0.0,-428014.7861609564,-2.323627974176928,27.925578202154405,252.4502349913562,12.872013826351738,37.612335489643485,5.78601827366201,153.58413623675352,59.21807866896282,184.20112479576778,115.54096371269361,30.652351338615702
18,1,23,1,0.0,-465035.87671887426,-1.689876279152855,35.08064000809426,246.1120390934155,13.463370213536699,42.450865624023315,6.999447744873934,173.87797887848973,18.707079838968426,169.56960245838488,190.9623213891424,35.810088445194715
18,1,24,1,0.0,-455443.68138576427,-1.7571127174315315,46.19348912497985,258.6709139041845,14.382069695615293,46.574934576555705,7.861208580264606,170.0476775951487,27.812761181738097,182.60606750004925,136.18564518157788,27.576002514955153
18,1,25,1,0.0,-459256.9599933577,-1.6994424311249732,43.10350535744191,245.4922791722029,15.104440425515655,39.55749026232941,7.026314599193579,127.41133328628231,27.660598848881158,184.65610209866836,180.47372921809122,30.440799128706594
18,1,26,1,0.0,-441771.0989200099,-2.048914969912942,36.53484549719425,255.90305567360937,11.517775156176286,43.111481406461145,7.226254870938761,166.0061638385376,31.445986692211953,174.05497629090138,156.9102858598785,35.85913349844858
18,1,27,1,0.0,-404692.2701251285,-2.6408082631229024,35.03622106520782,260.4969341813378,14.494703587287187,29.1845541661526,6.743596996948631,153.63301336050543,41.36192339195655,180.34643081970964,92.55541838004648,26.58416014902499
18,1,28,1,0.0,-468020.2430062812,-1.6564653011842505,25.914671105042686,246.72094061963247,14.158344423348217,44.986578585613465,4.597628571566781,163.97784236467146,40.98407603444018,181.69982173803024,152.73644845639217,37.002486458068745
18,1,29,1,0.0,-486992.5584902113,-1.2426931840812259,34.6425964404986,245.2170583294993,15.984889410696871,50.0,5.844573648984016,179.2456692129195,26.20431938943448,186.7787225788692,183.30676987600015,33.72996793149758
18,1,30,1,0.0,-434786.10228414566,-1.8872593230220347,10.0,252.01712814877084,12.598927183405003,37.41563943603157,6.180562624245914,104.25097167008197,24.799903265369057,182.06511083388284,182.3564397260946,38.22605752558989
18,1,31,1,0.0,-460346.54739390896,-1.5880778972836185,38.899353158403855,263.4998291629582,15.864360014532894,39.84992829790187,3.2099595900317754,104.22718271491729,27.847876518171468,189.23868904858983,153.01569465101147,40.0
18,1,32,1,0.0,-455603.16902639694,-1.9827765283407748,40.601959866797436,259.3547032729632,11.856443639514069,45.32794637511886,5.383513486500793,184.16458236010354,26.62968465844337,195.53138017319546,168.17008560786198,33.66741940040248
18,1,33,1,0.0,-420614.78565283125,-2.408186360680692,60.070058765213346,254.72703414075127,14.430038399923818,29.60068804490995,4.678108759353777,165.90237490991507,29.430222998215235,180.16894393619162,118.321048378349,27.603104175343212
18,1,34,1,0.0,-445554.63743953634,-2.030510121063152,29.351067577594293,261.1004760025411,12.06431750572219,41.04590936934417,5.2277670518254435,152.922664693981,28.330531687402885,178.1107924800349,184.38835710524907,32.27618942115047
18,1,35,1,0.0,-460033.7529148932,-1.7457381677947486,39.26604896059952,266.35092898496185,15.68927070076952,42.951432993659445,4.618201583296345,176.77284385631353,32.01750622245706,179.850523830249,145.0978687045636,25.82353184193814
18,1,36,1,0.0,-475587.9934227916,-1.4657399778472657,37.969538179364925,246.8144817215719,16.904602412438276,39.60493044488468,6.831620624605932,174.7080485372156,26.89050909229593,189.2186844964184,187.89845710669957,32.41853763640039
18,1,37,1,0.0,-466752.04998419766,-1.6663190124071048,41.18826589829534,251.03221885112475,14.556162014856644,40.60389060091304,5.395101182239077,169.3837944475852,14.950478862664166,163.43211418903587,192.17833416450998,33.24879122178168
18,1,38,1,0.0,-473970.03095216415,-1.4850530827859374,41.11424042838621,250.6416757940215,15.10230778222948,48.26420184094544,8.467639719446517,190.28423867054403,39.1688986298889,185.2523875244513,169.38645534469975,29.96072527180392
18,1,39,1,0.0,-449584.99973243213,-1.9009323262740139,39.13285668479357,248.86261239602632,16.375579558931726,33.761819110342216,5.532482999862415,181.4459848454203,21.306161275244083,173.34354028587643,134.65905047269555,30.455068111284106
19,0,0,1,0.0,-379753.75561549654,-3.138672617170113,44.820304840179226,324.1863999706142,10.537433486210332,49.33677944174205,5.136607098542607,106.36358573235671,31.349502233110194,181.8133272747817,74.84132464530647,5.704501706707408
19,0,1,1,0.0,-331290.6827638818,-4.1955485522852625,55.92223350811472,329.0146941093196,6.990345152669271,50.0,4.348078597770333,100.91726373090208,33.43598826344908,181.59581858114933,25.12488358174073,4.038234932371363
19,0,2,1,0.0,-344962.6859859875,-4.019714637157277,55.247637770070554,310.4431475348608,7.146200543674537,50.0,4.83827131934274,127.83812736685687,31.100713134501795,171.45208252147796,49.47061085069604,4.091042609989302
19,0,3,1,0.0,-332175.566454272,-3.9785222405372154,47.45805743177441,338.446596800368,6.631275361372474,49.82224951484133,4.539871153225593,139.00002398626398,30.114684526337456,179.06835753820957,40.55829623020359,15.67447371251697
19,0,4,1,0.0,-317082.5261337234,-4.340579833302155,43.40600613123681,330.51136956202356,6.52847811423192,49.16745925454526,4.778558768825163,114.43597978657436,34.1151822772073,171.83094295874488,20.0,4.1172222803359615
19,0,5,1,0.0,-375652.0892046211,-3.2371330374009584,58.757259015235896,333.30307838858727,10.381078269749235,47.823308966748776,4.775866712524876,119.11264863985396,30.032878053099683,185.23602773238665,84.00138034334518,4.0
19,0,6,1,0.0,-321320.4276801572,-4.093247978183601,39.68830600821687,331.53685791443917,6.550566600967393,49.4654663804485,4.928240900610386,116.24526443276021,27.805935871072073,163.26272687061905,89.0267817563088,4.602453408321844
19,0,7,1,0.0,-326003.74247013533,-4.005107332388062,75.84949335920795,327.3003123070636,6.265783254516258,49.851319192070385,6.114912293539675,123.39358435580581,35.1445798832675,177.6489746412946,38.99336885378983,9.459328373200087
19,0,8,1,0.0,-322944.82309244137,-4.184944124261576,44.88151804625455,339.6266409706269,6.733817786246721,50.0,5.391625833104958,115.48669315006069,22.23963848221784,175.7896477951036,40.250029120540745,7.05698975788642
19,0,9,1,0.0,-359562.72300648026,-3.591874931567587,78.63950453177455,308.30477288136063,8.222131114111876,50.0,5.464797510631465,119.18564210040115,36.9912436392245,180.01795681313652,31.27868842702688,4.040519345918911
19,0,10,1,0.0,-389923.3011758494,-2.5451859412906006,59.16602424895164,336.8433286791773,13.241357891164464,48.58527330726285,5.073556647606698,98.50534189028639,37.94065737132694,176.83873175216775,38.26434319990613,4.0
19,0,11,1,0.0,-329995.7963714504,-4.183817041015961,50.642089116311624,323.79182227241,6.700096093275011,48.87336259629193,4.722980160682199,122.60793974578056,33.76008976499911,182.76766883788136,55.735190987111196,4.6537360709158
19,0,12,1,0.0,-372713.9669126924,-3.301473524656183,60.096754114631544,320.52063457514976,9.772119334034361,50.0,5.4417783477459585,137.6441832607246,34.93414296044558,170.6315644639598,20.0,4.100320632971026
19,0,13,1,0.0,-325076.68979654304,-4.246013399574923,47.47202497830452,328.34870800177174,6.811724118461928,50.0,5.6507967665858425,116.31027410899682,33.91391824747508,168.4227280123688,23.73553471545533,4.069373382357345
19,0,14,1,0.0,-346138.88145870407,-4.015381298540928,58.80916664416257,320.02026321599845,7.131245233245728,50.0,5.241453228816966,145.20637674842206,34.23031056922812,178.25900685420396,54.66648024166986,4.567407772035286
19,0,15,1,0.0,-337177.2143249392,-4.070740066042269,61.62238391056546,302.55697758130674,6.699683727971037,50.0,5.923636088985004,118.86979649539138,34.332441560450064,169.23009564875863,49.11996085030577,4.09038176180969
19,0,16,1,0.0,-389933.1484013701,-2.905855681352357,63.5373990831646,310.59450003507385,10.42210803990692,50.0,6.737001147275776,126.15634861828288,25.35458298492952,175.7913886724239,67.29347293901716,11.942557360472811
19,0,17,1,0.0,-336332.77612523665,-4.1234238255800575,63.38311508442314,329.4158804593154,7.046724702223484,50.0,3.808082602768609,111.93726433136317,33.611598219649906,176.3914347330617,20.93350326391279,4.0
19,0,18,1,0.0,-340886.9773576083,-4.090796061648538,57.98004425982653,325.7586304250282,7.099604877636709,50.0,4.9052947468753745,144.29080620438523,32.98081277080857,170.15693495362353,30.26013194881704,4.036652236768186
19,0,19,1,0.0,-348487.65384037537,-3.838570388696899,50.76228615668725,324.1023881096573,7.864714183486764,50.0,5.203134310676767,105.29077068131643,34.224889377172175,171.88360452942445,71.39079560726098,4.751883118593466
19,0,20,1,0.0,-336837.1085039516,-4.1248094725158895,52.0805443106379,303.75445828538415,6.68533271454672,50.0,5.225558227156602,127.0373804724013,34.602568982836715,169.70582527627835,46.51936379152302,4.083108946916947
19,0,21,1,0.0,-325236.382231716,-3.9727842925351213,67.07468120625484,319.4315180080243,6.278096148293122,48.23517367144404,5.038476493385572,136.28735750920376,43.99297611773591,162.31927918043817,62.15947840667648,6.3427839433424165
19,0,22,1,0.0,-341716.4449674707,-4.00255239019158,34.73295483427464,327.9662955603146,7.181519674338933,50.0,4.078753108899657,146.88209836728754,38.59091707306565,172.29257544329496,87.90908700453078,4.0
19,0,23,1,0.0,-348651.0084078925,-3.872702139273703,45.733303049135166,317.2452853345498,7.429240272404272,50.0,3.023357185513261,134.37014210478998,45.50722849705961,158.11938127180187,56.0,4.412565984288298
19,0,24,1,0.0,-359443.6566650396,-3.537414713205854,59.941083021898876,334.8771407745697,9.005331383376955,49.955739911543404,4.90336622535062,108.7024575462845,40.64839205443363,158.82468734035385,51.99421073412182,4.070805418800326
19,0,25,1,0.0,-399630.47213735426,-2.6508950758247773,43.8838154042592,330.94172553086815,12.359829050429145,48.339680216639415,8.030640231584457,126.72261123931155,34.87052484288505,181.5892388906528,93.80954459364753,11.826423752101125
19,0,26,1,0.0,-338772.519173594,-4.072704971865073,36.49860956001952,330.06584860409237,7.539553968248696,50.0,3.7015849591832426,120.45249425786176,35.30991825601565,175.80173002771318,21.24139297878925,4.105099535569836
19,0,27,1,0.0,-315975.4012355342,-4.350999993769457,50.19381108840757,332.25965190601937,6.361393696409567,50.0,5.19335704411433,110.22315367370888,34.03845316792832,179.66119022796187,20.0,4.038728558908436
19,0,28,1,0.0,-335562.2136087636,-4.054674586367101,47.55412355040168,325.5078358984346,6.831012272587539,50.0,4.444239312127064,119.97852986363623,34.16530959807518,177.53044313200357,95.68389494564859,4.031107361147583
19,0,29,1,0.0,-294443.5854653366,-4.026883784177511,42.02739936368279,329.48543699261614,6.677260410712442,42.48439738348678,6.105753092876086,102.63621774171908,34.61553808583397,180.28623790119104,112.13818847894359,4.0
19,0,30,1,0.0,-336607.98473955,-4.1407820565562234,50.808939480590425,317.79798550956605,7.121827504659523,50.0,5.314493497738128,112.0760217716951,35.44232117479586,181.15566187078676,31.88865403719028,4.028746969891695
19,0,31,1,0.0,-332978.49906042474,-4.107415034990158,63.99904139518261,328.4251264854592,7.10025750782812,50.0,5.3940556390662335,102.72738786716313,38.19748395204021,168.67166242056842,27.660699652770617,4.095719673017887
19,0,32,1,0.0,-312493.5651761091,-4.346575333497924,43.72940378600067,323.91680779733207,6.125496804132658,50.0,5.036855213541398,114.82229397827533,35.75722095237441,176.43788490261545,23.19165351545433,4.084268061676955
19,0,33,1,0.0,-361922.8592263466,-3.397103714089649,51.76568299832584,344.6018951494997,9.710887710402451,50.0,5.597998613178131,111.11388997699933,59.85107756164756,164.15395699916644,56.776686642748025,4.01774281997664
19,0,34,1,0.0,-326110.09843894106,-4.280288796284077,43.44046816714243,332.58800431335476,6.9089435684696365,50.0,3.9757469034674187,100.40244005840006,44.74820495663526,189.47639685101652,23.52478272554881,4.0
19,0,35,1,0.0,-355889.5312376217,-3.7400652206319034,42.14462363926759,331.36497809199915,8.391566766777254,50.0,4.269269341581126,124.43966358977252,37.55045965543582,177.1872827836566,45.082326818370966,6.881831521746003
19,0,36,1,0.0,-371921.1475374533,-3.612253024885788,48.54237339319474,287.4154811920802,8.214157238717759,50.0,3.778998098432417,134.820057607633,48.97760961091764,187.55225818631897,67.0494669891293,4.0
19,0,37,1,0.0,-394758.8744145436,-2.944321788177886,41.39680146779524,289.5400945404267,10.122735613846768,50.0,6.479585335927234,108.8004310387904,39.70949286540255,185.95984026211397,120.09984024576436,8.632333353716112
19,0,38,1,0.0,-402668.8154105178,-2.5867964539844226,69.43819133041161,330.4214330878027,11.702761347130785,50.0,4.062468015701005,118.11728708485913,42.64071882178938,165.38226024141858,162.04956277406694,6.2586626668328424
19,0,39,1,0.0,-324969.1430225391,-4.305678895990016,45.96687057067463,329.7235753334454,6.531783438275525,50.0,3.9072237888692394,123.42653646706489,33.251027448427635,183.9344911106421,24.844690849760717,4.043575517807631
19,1,0,1,0.0,-432356.18479732535,-2.0421116232186676,37.33161820474485,348.8101388089326,12.596491911659966,49.26520118943827,7.629123726066008,152.8351390586259,30.227827297199585,175.77910845673014,163.54307210043004,32.25264161141618
19,1,1,1,0.0,-471744.74091729295,-1.310815394131565,47.2591762623146,247.31830746874516,16.393103818620894,50.0,5.084185750544766,179.4748764490781,26.86095705517927,175.45434314985422,126.57104364189667,26.883573638749795
19,1,2,1,0.0,-36339.0586489287,0.8143067355631317,65.16400017759864,281.4269026712644,16.808411917792874,45.232657260904865,7.262634435050747,126.88908077171854,26.327486023948616,161.40135524136764,135.74311812687216,27.272654928911138
19,1,3,1,0.0,-448398.18277247326,-1.7918145051113445,27.21202612808705,293.58914719951423,17.553300862996235,41.83035103718795,5.034779566920116,150.27192341451527,35.62840162459347,177.73843596022647,158.95258493116773,14.961358778595493
19,1,4,1,0.0,-444437.7643799714,-1.8551646481466244,35.539614903358164,280.3185349175198,14.950051352520346,35.46953187625193,5.817709214343025,130.05035799937352,23.014880536390365,182.67009470089732,179.96474040204234,36.02950022492254
19,1,5,1,0.0,-464427.50264292647,-1.4787167392773564,39.22141660614264,295.4905267282329,16.197122077062645,48.683161306354144,5.774667211054905,113.29425827283092,27.607946834941398,187.70708457662334,164.17226993072154,33.023598315160825
19,1,6,1,0.0,-459924.22560944804,-1.7676168816869438,36.9543946446341,254.282588991695,13.29744302968449,42.562900477636106,3.1684321294205575,113.27908859222691,35.49454755073195,175.44583378561555,184.97267712256914,34.242006282920514
19,1,7,1,0.0,-462971.9378036597,-1.8019278489714552,45.04207012691383,263.7802721278655,13.284191718976635,45.785437878320366,6.991572414294271,184.0101903065848,34.000388292638334,195.22733521001842,178.01004251909222,31.688855673602525
19,1,8,1,0.0,-409977.929020047,-2.444828797580146,41.93494714392199,284.16508421270635,12.9537411719189,29.90302398381901,4.8548104389257025,184.62939347693938,28.02595789592072,185.7315340675875,148.84554171545852,30.026846391109324
19,1,9,1,0.0,-469795.8380630534,-1.3378275356305935,37.95468293948465,278.0205965941172,18.62138592038966,43.23380225852851,4.565340360118104,171.15698939784926,34.68572292784033,184.19340171357806,128.30116244442766,36.26401248161737
19,1,10,1,0.0,-455386.78994503786,-1.8737810292414132,40.013478103765735,268.4331069034745,13.29268155769869,50.0,7.696996923082579,198.86163879275477,44.81863034417052,173.96418312490243,146.13088423817925,25.103289467285023
19,1,11,1,0.0,-476267.8329619174,-1.4621313882491505,25.54252160494358,289.7259720807981,15.984583083604962,47.399477512656276,6.346511926386939,178.04239139881665,36.118760716766964,189.00221969237208,185.54914075046477,36.22662155715737
19,1,12,1,0.0,-449135.6117926355,-2.004747091682302,35.750940346149406,238.15998812562373,13.49722692172115,37.60128248233719,4.403387929239132,163.09318002319236,29.041659920178457,182.03630701520285,138.1641845602503,34.5820268543442
19,1,13,1,0.0,-447200.00265602855,-1.9819413467899396,21.440457546225872,267.29391424931435,15.059599994034047,32.86476438469677,5.2146111597894205,166.55302288682475,37.24375636008149,198.6714353383339,182.48184342817072,32.568553541699465
19,1,14,1,0.0,-419822.54817242787,-2.223876482113199,10.421794636350754,280.5056132973109,14.874339374853047,33.7889203070702,6.963888631104856,101.48586598437352,43.37108683824663,185.67188228408872,159.14127928642455,26.67151022884518
19,1,15,1,0.0,-454015.44917745213,-1.8244362231353906,41.70354563796149,282.6428093443827,13.767382210932631,41.41149383127314,5.136711870340136,147.5799683637021,39.220501635605096,185.89747361205542,177.7451141894121,36.63708639747341
19,1,16,1,0.0,-448880.9665977289,-1.8906336954692051,34.813566662756344,254.26393153008243,14.586017661068354,33.88196814699045,7.100596400994191,181.160718498648,24.98161242087701,184.6695438912478,170.49720285296877,36.34681982376739
19,1,17,1,0.0,-458358.22780939745,-1.7388371090280137,38.88318657681516,265.02898903162657,15.395216085954141,41.0,5.437001419468147,150.3248922368752,42.04587162901584,182.2077676583825,156.79986149327718,32.03673255224019
19,1,18,1,0.0,-425792.5014789943,-2.1395757876270767,33.7911292537592,244.22249331204176,14.936410221504719,34.13213939831102,6.263539888635149,108.97295408335575,32.77736002458252,177.6356951707162,98.07563209869073,33.58978523401118
19,1,19,1,0.0,-466606.90756265534,-1.6412192388573112,47.66871392277686,268.9264854775257,15.24541887066758,42.66585103501497,4.660227919128087,188.03138587518194,34.34335021381183,187.94221766319288,150.31755348842088,37.428542083635065
19,1,20,1,0.0,-432850.9200356314,-2.058140255971167,22.153402502414508,250.9545866031681,15.750285971058679,28.01905914656971,6.272525120550903,157.0616625552474,19.35495501669645,173.16406460901067,188.6824582637102,28.10259308254043
19,1,21,1,0.0,-453992.9996953005,-1.7821211957564607,48.63411769073274,241.55596564604474,14.818433780520849,32.130660510782214,4.846572166504075,177.65278549496858,19.780720248258447,175.9488930736169,170.1931476138772,39.79740944076224
19,1,22,1,0.0,-467163.1000114636,-1.5319137159624456,28.635795695586552,266.9049759793452,15.80680466028084,46.612335489643485,7.58601827366201,169.35395794094953,41.21807866896282,182.3497240755867,151.5409637126936,32.985257233018174
19,1,23,1,0.0,-474167.6933285975,-1.4127947559475584,46.66362816261259,247.34965406090296,15.985107978757586,47.05864186137107,6.163283824515661,193.1461473355561,22.823459683877537,168.95141842351217,154.9623213891424,28.610088445194716
19,1,24,1,0.0,-451141.9494057817,-1.8872221102902318,54.837082323365635,248.74488455046475,14.367936487780003,37.574934576555705,6.061208580264606,138.67058727389994,24.834052699397446,189.79857045070685,172.18564518157788,29.388105985716486
19,1,25,1,0.0,-458060.6645086578,-1.7460122631680661,42.45952951184817,243.68271029477225,14.920919818807214,39.11581413410471,7.050203057590046,149.4329329391815,34.926195189823005,184.16978711227543,163.3773067513801,32.293481175830834
19,1,26,1,0.0,-448914.66124111385,-2.047846553442453,32.06944779587448,249.45733012421059,10.180959767117738,48.1583417245731,5.426254870938761,177.3084295518623,28.17290123564586,178.82238482665772,170.04780440899316,35.63476320998967
19,1,27,1,0.0,-392130.21096050245,-2.389092227655206,38.95779632776623,242.79680169154065,15.69207302184405,21.191433058332258,7.608900309999919,181.69929167813447,43.447288006135416,184.85587149844665,112.46176082719447,33.78416014902499
19,1,28,1,0.0,-53912.66421472637,0.6676895220489267,28.841105708200008,246.02843383846812,13.212784811008458,43.68266129015474,2.797628571566781,170.21788115369756,40.17766604683423,188.7907399433783,153.50716569431208,29.802486458068746
19,1,29,1,0.0,-472015.9300826765,-1.6466032208142003,32.38887586323277,251.24651208374078,13.740448187696021,48.85422258374534,6.36325684104604,174.49897742513505,27.479435125558805,186.76276554024807,184.4862017549514,29.451142993437127
19,1,30,1,0.0,-424484.6000538546,-1.9409960058102345,27.48913103227977,259.680715877845,11.257101153822603,36.0576904518065,5.287373503920486,138.25097167008198,31.900149327224376,182.94654797761623,189.47830174820277,39.22447516221209
19,1,31,1,0.0,-468007.65840109193,-1.4433629678261704,23.846609557193958,245.5907769398615,16.002095518930528,45.295898780473266,5.009959590031776,138.2271827149173,25.980831834549868,189.10301645040212,129.79692569084347,38.79724897969762
19,1,32,1,0.0,-471752.1990328007,-1.630715019067272,40.51446214547936,249.36369379547295,12.882331284930586,50.0,5.696870248447989,178.6317396527528,23.473463191970346,185.4101085668263,169.47185909351742,36.74755805536456
19,1,33,1,0.0,-427245.7837771445,-2.4976746922129767,50.693197756752504,258.93757230349695,11.881799193654427,38.60068804490995,4.567278035427425,166.7373282331704,28.642373302622023,184.13424845654168,151.40033931110762,20.403104175343213
19,1,34,1,0.0,-444402.30175677646,-1.874254084150851,26.787465898738525,293.1004760025411,15.06431750572219,36.0627930820499,4.353729491335627,129.7403988275401,46.33053168740288,177.08071375641768,175.783894804173,36.58616704803897
19,1,35,1,0.0,-479610.7701123464,-1.3009731403421132,38.199594395163466,253.6120509309274,16.05748444468057,49.99532984139553,4.661557708003266,159.99636726683715,35.62912562996401,175.69705668884507,160.50000511827497,33.023531841938144
19,1,36,1,0.0,-474934.33673570066,-1.4613918596834163,33.93787574118494,230.11645058614928,16.28134066689943,36.827486493171165,7.474053652196152,174.13664638252726,44.89050909229593,186.20170557703491,185.62665894774497,39.29072022834788
19,1,37,1,0.0,-473726.86660546827,-1.5758642882269074,38.07660165891564,232.9970314309925,14.913959702566487,41.22603352763811,4.659658801266409,178.8678462148909,4.096010733289049,166.9493618649538,191.52584140656955,30.77779829266389
19,1,38,1,0.0,-473367.33009218704,-1.5532648241647726,37.198316960520586,256.38513303630543,14.649750563657147,47.928889482720614,7.819612951427968,200.0,51.766136233135626,188.25499661320305,168.85337982544021,32.59795185332837
19,1,39,1,0.0,-466366.8092106481,-1.7225153963152635,35.66261736314339,233.26504665767487,15.197055966867268,38.25265064617682,5.537294858660457,180.42358325220326,23.868553159674207,183.49529690868226,170.65905047269555,30.162444328925552
20,0,0,1,0.0,-371244.72239543666,-3.3804796551223033,35.874063382256864,325.4269513227213,9.985796236132934,47.09525110715102,4.945642597201028,118.59681060063035,32.691727462240245,182.24894531429123,85.22968777944557,5.912257126047231
20,0,1,1,0.0,-339507.84237481724,-4.133264034849872,61.23017907501866,319.933920057106,7.1212678964023,49.7394899974971,4.442320411571268,113.52063845119461,38.979988497037574,187.1079428391024,22.3227577888561,4.0
20,0,2,1,0.0,-390046.21512885694,-3.0096044961525483,59.42837099795112,288.34916491284713,10.146200543674537,50.0,4.1970622036680005,141.0563162297437,49.100713134501795,183.45208252147796,42.39519131127196,4.032815895586055
20,0,3,1,0.0,-351939.851563114,-3.7914349150016893,50.33559973510823,336.37509465927616,7.878000826927366,49.983585615259884,4.565869211042073,118.7814631059405,38.40982398345707,190.49705651759038,41.001120346720995,14.124674844032814
20,0,4,1,0.0,-294165.25965331536,-4.251810402776524,42.45466798555879,300.72899915862234,5.415012298396166,50.0,3.7092356481461994,116.06962052119341,35.21012350300892,183.02585203847298,20.958436004542868,4.102377603751399
20,0,5,1,0.0,-368413.3738455791,-3.4641252870729633,50.394961238745324,329.4785758677336,9.78706261414274,47.915823151485014,4.547668901117748,122.34347982735599,42.27159826060228,183.85423559771385,48.001380343345176,4.0
20,0,6,1,0.0,-325863.1119922236,-4.166306327064874,40.47353075517163,311.43638842480397,6.746943662782732,47.00814893938724,4.256093925349397,122.3006989571382,45.80593587107207,166.262035957547,53.02678175630879,4.327998034177764
20,0,7,1,0.0,-342863.01458674314,-3.9578686921290727,80.28004059041503,321.20639520480654,7.073351747870869,49.71622695645776,4.8487578412524455,121.71086510208688,35.07230519564726,188.74520703510242,20.0,9.495058443800499
20,0,8,1,0.0,-365235.8766760778,-3.392823584411716,66.88151804625454,338.87592397973316,9.390623466141593,49.97617653560456,5.7345496316955025,115.55102344286122,18.75506290230915,184.7990720419681,61.89925345138802,4.904095487064813
20,0,9,1,0.0,-299690.1721675229,-4.171575175644091,56.63950453177455,293.8462925249322,5.408371102634927,50.0,4.9943720892360774,119.15347822081903,34.21829476516478,190.64935484995112,34.75590385742095,4.0
20,0,10,1,0.0,-369845.4714737204,-3.303980363605035,59.959889035692825,329.86409887741763,10.241357891164464,47.350940280763105,4.789554518306221,104.74979123646062,38.997844306722904,181.24998102224794,24.564352510322763,11.2
20,0,11,1,0.0,-356955.3639857322,-3.6531160550084794,53.174872069192645,332.10479381176526,9.700096093275011,44.55809881410276,6.392233749145063,112.42359723506169,51.76008976499911,190.01090134398797,50.939111388946756,4.963767587792449
20,0,12,1,0.0,-356505.32421190146,-3.791139976272503,46.51433469091262,317.93570196807946,8.418248527719193,49.51357167485053,4.876707690911721,132.292767887441,22.25339966298704,182.6315644639598,20.0,4.283269449279996
20,0,13,1,0.0,-328995.31905446755,-4.19576714724714,41.845653835012996,332.0068126428321,7.091194016834418,50.0,5.084182691146383,118.12944465355709,31.05631987134108,168.46014430570062,26.80409740752164,4.0
20,0,14,1,0.0,-364100.4133596474,-3.61314946600136,43.971267010747354,335.3360878564404,9.191607239087153,50.0,4.848742325205388,145.20151099244978,30.932405903986485,190.25900685420396,20.0,5.007300564562089
20,0,15,1,0.0,-328898.2941899229,-4.178638292698758,44.07290300602982,325.7008572533807,6.575416839541195,50.0,4.305020085200613,122.90109840662109,35.59823271070366,181.23009564875863,70.53427972031088,4.0
20,0,16,1,0.0,-390998.254415298,-3.0547521290562143,50.663549003763755,281.10910730970176,9.853349604044725,49.081871274011505,4.937001147275776,122.56783058069307,25.687419453419004,174.80310390656365,85.56303716816535,6.949034505005011
20,0,17,1,0.0,-325351.2305789022,-4.288661003957898,41.38311508442314,332.125075581842,6.7574157595472775,50.0,4.451653339473509,117.51965809265714,35.805620614400226,183.35533862069178,26.17823417171464,4.755981413447479
20,0,18,1,0.0,-320429.0337785618,-4.256371551283544,45.72274771555037,333.8692169889129,6.526271490219404,50.0,4.765789767309004,115.50739784522477,31.946508156967223,169.44728300571938,43.25528381812681,4.002936004002721
20,0,19,1,0.0,-360987.7596739963,-3.7042396788394414,44.34444152491447,315.56317263822365,8.453759524316311,50.0,4.68111658073322,139.29077068131642,26.51898593648348,171.0021262117535,36.85243249569195,4.7825634453924515
20,0,20,1,0.0,-330251.97273976036,-4.182378622582562,47.48946659344169,335.5835170572899,6.930836528093519,50.0,5.842852366463837,137.99547883346833,35.11556428913283,173.65460686048502,40.8631857069036,4.0
20,0,21,1,0.0,-325051.9847188605,-3.7995317565666515,45.07468120625484,328.5872738427088,6.179286305226059,50.0,4.606737011046377,132.51558383666674,45.80752451765853,174.31927918043817,98.15947840667647,9.19327796101556
20,0,22,1,0.0,-363110.95806115645,-3.735356739017394,56.73295483427464,329.70299768918113,7.752505222639648,50.0,3.7407462734175674,163.00954474199912,47.04805344854428,184.29257544329496,87.54452665655111,6.223730503729677
20,0,23,1,0.0,-40909.30535768256,0.5439000581587107,46.306995562523966,312.0175100782626,7.021976739419323,50.0,2.470062638507698,154.48294135232143,35.39140671845589,163.52133168831148,57.681211552564285,4.11471200899151
20,0,24,1,0.0,-306466.27973024966,-4.292720589021579,42.42152045097469,336.5728758229568,6.005331383376955,49.64123844127872,3.1033662253506202,116.57728242231025,38.362603521887706,170.82468734035385,20.0,4.0130132413785224
20,0,25,1,0.0,-400314.0243880232,-2.5490616926318537,39.18445904953407,334.77986301315474,12.673949065860487,50.0,8.701817402501263,113.3582054951354,35.018926403702125,185.81047226652979,88.23403929867132,12.405033961141772
20,0,26,1,0.0,-324549.00459555216,-4.294101053736896,44.489324647355744,330.4686826416897,6.586446364670003,50.0,3.60336604809087,119.1959866889216,37.22549100437773,179.23188718836852,21.260478215248156,4.06653336675241
20,0,27,1,0.0,-346601.0243441356,-3.9588109456551597,51.97487883802082,333.8130597671116,7.781642030776217,50.0,3.5209723973219176,123.80785754853913,34.61388565253396,179.3739253148599,21.950077932654786,4.0
20,0,28,1,0.0,-330391.07942553784,-4.189630408043763,44.70230300173752,333.5478981710321,6.788561790152584,50.0,3.931530567275632,119.11958817339921,35.73222053572172,187.64578773569485,59.68389494564859,4.0
20,0,29,1,0.0,-355948.64541026653,-3.5900734492005966,40.9102078024907,313.0159428791438,8.608112854405606,47.91833923813412,6.0408222427690985,82.3405066559269,34.62207368999926,182.22896138614274,76.13818847894359,9.50032485776345
20,0,30,1,0.0,-347155.51891176926,-4.079191661917411,45.31748253727831,312.02481781278976,7.229778498520439,50.0,4.347087527602646,146.07602177169508,35.69992391231243,184.15250665800673,34.31326045614709,4.0
20,0,31,1,0.0,-356032.48802232847,-3.6928028247881612,41.99904139518261,333.465475989414,8.872341771785887,50.0,4.766161227617161,120.39081996053352,51.648364648763604,180.67166242056842,28.306734931891317,4.069555904317844
20,0,32,1,0.0,-312961.4448262404,-4.327806401094074,42.19645192868894,317.831758563063,5.994647242966687,50.0,4.015431573382034,115.97043307339365,31.098698291120684,180.99925712387318,23.891699567505853,4.020078951816648
20,0,33,1,0.0,-354588.64490586414,-3.799804168722262,41.85516700931083,335.08311911598383,8.186527963264117,50.0,4.620881099120728,145.11388997699933,41.85107756164756,176.15395699916644,72.07254553105435,4.0
20,0,34,1,0.0,-344444.547019455,-4.046979546177719,65.44046816714243,332.59150637722934,7.346807477002159,50.0,4.39023278309036,134.40244005840006,43.90294738579965,184.44440696279054,25.063635296053587,4.0
20,0,35,1,0.0,-339136.64713274693,-4.0412548817931295,42.25701740021321,327.56375074990126,7.25571107759454,49.96367591799154,4.35952838806064,118.62551697033014,35.25283388983392,176.68106968297707,47.797125702499336,6.588364808842817
20,0,36,1,0.0,-354053.5718940184,-3.9496661229156604,44.193890873764616,287.2393880598628,7.153429525856182,50.0,4.280081947574003,125.34027577524513,30.97760961091764,191.08800345910828,76.03715530078205,4.0
20,0,37,1,0.0,-341129.60938389855,-4.004545248264403,38.67054351857941,314.40587433863385,7.122735613846768,50.0,4.866594619929652,115.43356882419201,47.30671289104414,185.51610628835576,84.09984024576436,5.009403961641277
20,0,38,1,0.0,-420664.60762377724,-2.174075957875549,47.43819133041161,332.62940746950517,14.702761347130785,46.60101704255365,4.3400431874019905,113.35791692611389,49.89531244830885,154.0182861571746,126.04956277406694,13.458662666832844
20,0,39,1,0.0,-318553.24835604965,-4.3520084609118435,40.689896076992,315.41704120917757,6.134311270563624,50.0,4.957707816131092,131.31350805729417,34.48364856373162,184.06064234012706,21.214487856533363,4.053684084769248
20,1,0,1,0.0,-415567.75249162794,-2.404485042354343,34.311491583797306,316.8101388089326,9.596491911659966,48.985597736577866,8.07974034837374,181.95921424789893,27.77624045684003,187.77910845673014,194.34696917178,25.05264161141618
20,1,1,1,0.0,-470425.52098830143,-1.674627366235383,46.1541387980747,258.61209352658534,13.393103818620894,49.59953293264467,3.7622311066891982,185.09597907665582,28.577816765278516,176.6053165673127,162.33896384669862,31.593516028575777
20,1,2,1,0.0,-461676.1294723448,-1.5572107942973723,43.16400017759864,270.3532288409425,16.621302758309092,40.16555681474336,5.7217783996792395,120.9172339974416,44.327486023948616,173.40135524136764,171.74311812687216,34.36521397973438
20,1,3,1,0.0,-449019.50239506125,-1.8640601769833849,29.867949855181266,270.88271650061137,16.86190575236158,36.74155429179708,4.288297460865669,116.27192341451527,50.34654595764002,178.6592693916677,173.27338212905187,22.161358778595492
20,1,4,1,0.0,-453806.14366810763,-1.7776215370770903,13.539614903358164,262.9889183553343,17.34398283153132,34.555656071281064,5.336152188133928,115.7457796760377,38.490863412931425,188.37247694486922,176.74073032951148,28.829500224922544
20,1,5,1,0.0,-467943.62027285516,-1.6268980821784584,37.083121561002415,265.15566346097427,15.589281787496802,39.683161306354144,4.4593111543145,147.29425827283092,28.82896900717573,181.86052427487002,194.8797230904008,33.96679213409456
20,1,6,1,0.0,-447026.0605888936,-1.8636881718350526,40.2846871223233,251.1794754230906,11.154789749453498,46.39797871981389,4.968432129420558,79.27908859222691,42.703672756756745,185.33568162266354,183.99786561436753,37.241595367714766
20,1,7,1,0.0,-477238.05443202925,-1.3271549605888917,51.12305891701888,275.9573440533464,16.284191718976636,48.00345396764356,8.156042182171532,165.04514813254863,52.000388292638334,193.25152589500237,179.61134514475376,37.08067133787749
20,1,8,1,0.0,-420803.7429582564,-2.3402599448116175,39.83067588391126,291.5213908680581,13.018722814800258,32.076211139472974,4.99031710623262,183.43799841768802,27.6746758082417,192.8737724124246,184.84554171545852,27.097316942904225
20,1,9,1,0.0,-455705.8373195602,-1.7336898321136058,35.670272726418034,272.8636997176955,16.778234045610535,34.23380225852851,4.561173004491422,145.91701323313657,33.55292230371504,191.12045540981595,164.30116244442766,37.77837559641655
20,1,10,1,0.0,-449024.9669495299,-1.9936593762306272,38.47609071453267,258.431230151898,12.962761553599,47.808619157275906,5.896996923082579,200.0,37.32232908677986,173.2150578720163,110.13088423817925,28.91376876589911
20,1,11,1,0.0,-469093.9758175328,-1.6878613281445802,19.525926604374497,263.3761563044761,14.879412741469048,40.10900524472803,5.105139555411445,190.37286672841304,19.440931510057776,193.8739560339304,189.13440685682556,36.32989461053428
20,1,12,1,0.0,-464722.79392197746,-1.7712158400896545,26.18465537450042,242.09190591723865,14.366050559650178,37.76351341392834,4.096845430022677,175.39393798976081,26.158464311133272,183.5940291996028,174.1641845602503,36.218354839921
20,1,13,1,0.0,-463464.7427134045,-1.7903114188290423,42.576307521508085,256.6767452817235,14.54186413179893,40.841070513343894,5.60195470178782,181.4102865588484,27.83640822257923,186.6714353383339,180.51329193072547,29.670433167028445
20,1,14,1,0.0,-447269.8074812826,-1.7446361185256352,32.421794636350754,273.94364635133775,15.240692009977977,37.720648548734076,5.892982199334918,67.48586598437352,40.35454097723076,197.67188228408872,195.14127928642455,33.87151022884518
20,1,15,1,0.0,-465336.91307622724,-1.435631492718003,51.8458353909612,301.2036018918449,16.76738221093263,44.643220089614196,6.936711870340136,113.57996836370211,45.8522320675917,188.1595588644787,183.0028607792747,36.95105221937487
20,1,16,1,0.0,-479381.4856428844,-1.477131568143456,30.946226754604773,243.33792519400276,15.363117772236041,42.88196814699045,5.300596400994191,193.90333162778384,22.66056144743836,183.23786011951884,179.43911314769068,37.27892367040154
20,1,17,1,0.0,-485819.9633045652,-1.3053652651113914,47.71143936075025,251.23330714652874,16.045760114039595,47.292903982185635,5.441914644146323,174.92253578245203,33.51956267798798,192.247193422463,192.79986149327718,33.73262398217324
20,1,18,1,0.0,-451745.5833014861,-1.6294293926616563,24.630272824543027,238.28102817071607,15.488752387351433,43.13213939831102,7.0492419145976,142.97295408335575,24.06127868265941,167.88666354233575,98.88786366529851,37.351478929309096
20,1,19,1,0.0,-477379.37959067273,-1.4029237627081177,52.705005888919345,258.1453090937316,15.242262458243918,47.42588702642743,5.5690559342135115,177.62311342858297,35.08278681732478,183.99740059626268,163.9991461294671,38.90279754805371
20,1,20,1,0.0,-455972.49439873314,-1.7844595286823943,15.087698089156156,251.85950263802124,15.802814724883657,37.01905914656971,5.928512195870011,145.92901145245833,9.673285683944313,167.11923566180064,176.45706121317636,29.738895282719877
20,1,21,1,0.0,-466300.99866471486,-1.6003778005389842,26.634117690732737,237.73473111777002,15.434521720505995,41.130660510782214,4.489934853909993,168.57224139654565,21.542449063331944,167.71313073666198,139.8328441905874,36.83323489581738
20,1,22,1,0.0,-475343.4331160381,-1.3251005795570854,38.62129265685445,265.5494613005361,16.489628442979324,50.0,7.482386260730843,173.18126865466616,25.230905577924972,180.5604147777852,159.09380303923314,31.281326171569756
20,1,23,1,0.0,-442202.39107459877,-2.139311949843468,24.66362816261259,235.1457474796612,12.985107978757586,38.05864186137107,6.878436709371324,183.660048499622,29.859407712433008,180.95141842351217,129.2701856407121,31.995044021098977
20,1,24,1,0.0,-473505.25910842017,-1.4688297798653813,39.140668340697275,253.47570688488238,15.395700154526503,46.574934576555705,7.065652273747934,136.07724726080158,26.566007322732453,191.10423840615613,193.52187405616667,30.101677675773367
20,1,25,1,0.0,-452696.11038261437,-1.803405231507743,42.83925279469804,241.34251083942874,15.499325184015271,34.11602104316893,5.8992489458515704,115.43293293918151,35.11743781566595,182.46330400010774,187.27258835181277,30.097647851801167
20,1,26,1,0.0,-464248.3526361618,-1.792728996208381,34.39022366895843,240.7892403674469,13.180959767117738,41.65772055517886,5.460693942422659,179.88217717769692,28.49996135369066,178.41702324886978,179.19568987278828,34.70030266329825
20,1,27,1,0.0,-437522.5224796864,-1.9425428985604556,31.496362451038785,242.63765146375772,16.478021332718917,25.816880054933236,5.8089003099999195,186.53303318668873,25.447288006135416,185.95141472870688,148.46176082719447,40.0
20,1,28,1,0.0,-448088.531514134,-2.241474728387282,40.0911272813122,244.32922431426908,10.212784811008458,47.73783190517875,4.555314844800103,177.23007873339418,31.707736016076762,189.82693820448839,177.92268267237003,25.56324073296239
20,1,29,1,0.0,-467214.8790608084,-1.76546033728839,35.8842476264608,256.72885804364176,12.284737990583366,48.701682152775675,5.651000031917209,174.1452903799426,31.16320498338365,187.1378953500077,186.8172030793618,34.51134790707802
20,1,30,1,0.0,-453451.62016186817,-1.796159510424717,48.13545895608888,254.07686690578228,14.257101153822603,39.66110754352462,5.634911622489046,138.87829214403888,32.578615318244815,182.3623107222919,153.47830174820277,36.82233465614765
20,1,31,1,0.0,-473809.51901734807,-1.4942588863980872,10.0,236.59599766745927,16.2139364373732,41.38164300257914,6.09950875525837,169.89527690801646,41.17159910911508,184.49363428386556,159.22192026571057,35.97003155815999
20,1,32,1,0.0,-463389.9595147926,-1.630132574271416,62.51446214547936,267.3629252652958,15.204060113556707,43.81138653107432,6.04467714601821,175.30497416302964,41.473463191970346,184.9355637627311,150.90433910576593,33.48692516274596
20,1,33,1,0.0,-366825.9128066938,-3.225473882973524,45.27013610139065,242.68407338709068,10.427569191230194,29.60068804490995,5.7678132254919445,143.52141666727573,25.048863772821313,187.7767284889026,115.40033931110762,13.203104175343213
20,1,34,1,0.0,-456259.07849139697,-1.6406464542314791,37.2952708396645,308.05304837719206,16.335924972197564,42.59770978697921,5.759844965432286,139.84934536214124,33.406768146622625,184.65555223858743,153.7420712978561,38.333305503223855
20,1,35,1,0.0,-460348.91092989297,-1.5255158563738047,41.37367357492663,285.6120509309274,16.09219961280791,46.510066930625456,5.302382001812042,157.73309437458317,26.507193089431134,169.86698594163747,124.50000511827497,39.4472719156784
20,1,36,1,0.0,-431327.01732126734,-1.9712325764215042,34.50127857999615,253.25085186227963,15.595128178332471,27.827486493171165,8.213415549568833,166.90423597750083,62.89050909229593,186.87546587720192,185.11092292890297,32.09072022834788
20,1,37,1,0.0,-467989.7891597833,-1.4901961339079244,37.43955097378143,251.37304520305648,15.435495566796249,45.607331419116626,6.411957421418952,144.8678462148909,22.09601073328905,170.96881514944744,156.22704121589902,34.88936321834598
20,1,38,1,0.0,-480196.09704741166,-1.4386503551461218,36.4877831653092,243.35122965468102,14.885647854625866,47.3321067331193,6.019612951427968,194.59922767888216,59.84992166533112,189.28715011448324,173.58038836251723,35.39491561756259
20,1,39,1,0.0,-463865.1941426305,-1.6752366940431598,46.03917055349492,243.59665249463026,14.952516737405602,39.93971221325974,7.3372948586604565,146.42358325220326,23.74049022111541,187.48482601865553,197.73926795301898,28.938124297324883
21,0,0,1,0.0,-378709.00739997573,-3.2110547753142042,54.86925095330462,327.2110892003043,10.056297629559294,45.44733267869337,5.92821569297249,118.38105086899715,32.50191121484995,183.91486761170336,112.82906193007298,9.93360635096229
21,0,1,1,0.0,-352417.53359762055,-3.9010610786204656,48.5863543496674,326.39776344280165,7.98942698089331,49.64949671737149,3.373289899775357,130.2687246004328,38.135933359716375,187.78794529462377,23.332112185389274,4.0
21,0,2,1,0.0,-395020.2443766091,-2.774522331577153,45.96009907019302,310.10825944913466,11.630546029545442,50.0,3.7165563178840206,137.0907951154004,61.1504023272784,195.45208252147796,35.8527559406904,4.0
21,0,3,1,0.0,-375405.1922587142,-3.296616752022096,44.35800736750982,326.4578742854829,9.946946533899833,50.0,4.272425128735904,119.71131458693229,40.06832989364574,186.56150170305256,34.70579192440343,8.883823846043635
21,0,4,1,0.0,-339446.08484897565,-4.111588267719074,42.15209872094891,327.6553610660006,7.4139479050043455,49.753203680474996,3.6118892040034676,119.70109389636725,35.214362540075825,185.39534814850296,21.6544771382839,4.0
21,0,5,1,0.0,-379192.54244253755,-3.0699693347334414,56.892672302543644,329.5521896721895,10.979827963482284,48.994525691869036,4.844732656778901,114.54218708048754,33.05213668528313,189.6103961171185,37.64435817943001,4.0
21,0,6,1,0.0,-333548.7588280525,-4.159890795029892,40.13682975961831,307.4451136952221,7.015772256013652,47.539952583060725,4.283301190920834,126.48257947315352,53.19912543918606,171.72540818909457,40.79631832003438,4.221268289412931
21,0,7,1,0.0,-373349.35007031064,-3.2621367677096735,101.1064245649788,289.20639520480654,8.324782279862744,49.618686007564456,3.627359703993842,115.89692033331751,36.55075109630755,192.2382812344061,51.66768180226829,5.734867250775124
21,0,8,1,0.0,-390654.77463900496,-2.830210860045021,73.59068019164836,335.30322745334973,10.847079247384515,49.97862506940308,5.7317427822757026,119.22667915444991,25.240077872397084,189.05432959202523,83.55044518673498,11.166847981597853
21,0,9,1,0.0,-271993.80386580783,-4.240388106138634,38.13979074478471,302.0130581137717,5.0,50.0,4.005860142776272,111.87025737369899,36.15965537314056,187.5180141598613,21.94219101912113,4.235850806282876
21,0,10,1,0.0,-364751.18610367895,-3.5701064860506952,40.19730397219185,315.94982072953877,8.907205116773236,47.301146244037334,4.3869147156577615,116.38287041410047,35.82779593645598,186.42371964917072,43.448801866287255,14.63165614466907
21,0,11,1,0.0,-384849.11657720304,-3.031788286259518,47.364092913056474,327.1340601290903,11.483102072393104,45.48493023875217,4.5922337491450635,107.5761756339975,49.06295322633198,186.1143325920012,63.601396377923514,10.334319110120774
21,0,12,1,0.0,-368619.9877906607,-3.4981720589597836,48.60252982972115,332.1585870740545,9.307168745731845,49.843008278953675,4.387435661609233,132.70201169473248,31.176464892764866,185.18741581493205,56.0,4.365699761771875
21,0,13,1,0.0,-338807.0080282909,-4.082421819419856,50.70826100104642,332.2739257946094,7.298518237302523,50.0,3.844575143276887,120.46582266760353,35.35002614127449,174.54052099540868,33.553770650116505,4.0
21,0,14,1,0.0,-377017.203314749,-3.3537142837566343,55.17971230036531,343.8028694716028,9.783820101600126,50.0,4.426414551189861,155.99448197160973,27.42232621898722,190.6377496129434,56.0,5.678838069776336
21,0,15,1,0.0,-313364.4104967991,-4.196021999779292,63.038395939884595,333.42903183511146,6.008300241883794,50.0,5.949212120832896,118.87500955154833,35.51903898838102,187.23438136299032,54.9872023774698,4.0
21,0,16,1,0.0,-380588.019088846,-3.1858800066014754,53.08668416505037,265.8633149593833,10.939883692224024,40.081871274011505,6.136539993392923,143.68719349729673,32.32547418711732,166.2193112706326,49.56303716816535,4.0
21,0,17,1,0.0,-326831.145886683,-4.276595814844374,42.36478454984482,323.5849892626653,6.582501102103633,50.0,3.5009833898625664,113.92487992154567,37.283180862003974,187.73424927048933,28.211846385046684,4.665202224791754
21,0,18,1,0.0,-363265.60687320796,-3.4610268497466166,37.95901234704341,325.28985339539486,9.526271490219404,50.0,3.9134004082169,107.94197924588586,40.01463105672215,166.16852185027244,20.0,4.042529564278229
21,0,19,1,0.0,-339071.17727310164,-4.109039122004818,43.97336116718374,327.8913121012107,7.1762775429447885,50.0,3.8615864195534795,130.49567377120965,24.63096836171884,182.86276196957724,36.08285601931759,4.800548157976986
21,0,20,1,0.0,-328578.42645571136,-4.202369924435513,52.4315766888415,340.9635505829284,6.81531365910706,50.0,4.042852366463837,120.58136717716748,36.047809050589436,176.8298247053485,41.27250687146837,4.0
21,0,21,1,0.0,-353218.59842786985,-3.696451234838526,51.54536077789999,331.6009123297608,7.652436786257576,50.0,3.725169808254978,110.23761110628946,35.289182182152445,176.93654479100096,76.41048730658557,10.335189444302337
21,0,22,1,0.0,-344498.9370592331,-3.9517066882439384,67.93902415528638,327.77169388417354,6.877646727158651,50.0,3.900248345228726,141.12222005039544,46.109841523449646,172.29257544329496,51.54452665655111,7.425739908069189
21,0,23,1,0.0,-333825.0375194052,-4.185186718127955,44.751069364133556,319.7112693228869,6.841270751708474,50.0,3.7380547224849368,120.48294135232143,34.591801115539596,175.52133168831148,34.14680421311448,4.067595602021396
21,0,24,1,0.0,-313879.3133479044,-4.198486019678496,57.838360114552074,344.5319795204376,5.983572011921932,49.527476497448575,3.2910732776782456,138.73253320018165,37.946387290530545,182.82468734035385,44.27789991683889,4.0
21,0,25,1,0.0,-375707.0636875833,-3.1095293409194396,36.74995361347786,333.167696713163,9.855544589463065,49.486820572892036,8.134786248056633,105.89159813662813,35.07686888526254,187.59700255878784,121.38171018169926,10.696367623284008
21,0,26,1,0.0,-323666.1391122853,-4.31162198071491,51.201893704382435,331.92698459613865,6.42621796734326,50.0,3.6621217372121384,120.63288804560524,37.46912235940411,187.2884150819547,22.419366354679937,4.007561649996741
21,0,27,1,0.0,-382152.2538758213,-3.039283963241894,50.33661697562452,329.39851420336424,10.781642030776217,50.0,3.100305418584079,130.61723467233188,35.322092868781596,179.39208439204444,20.87051979888113,4.0
21,0,28,1,0.0,-312355.8680517948,-4.314986222037553,42.366042963875735,332.255098304552,6.017955738829886,50.0,3.857936935750656,123.33399865188566,34.33504276776277,190.14149841066353,38.76621811126083,4.0
21,0,29,1,0.0,-391951.72739711386,-3.06746286134092,40.17482772167776,281.0159428791438,8.76234895333689,50.0,4.637477698517239,100.75162120287811,28.686719776206456,194.22896138614274,112.13818847894359,16.70032485776345
21,0,30,1,0.0,-352086.76260851504,-3.9849132828719163,43.44244465261756,314.1663006326166,7.591085531428103,50.0,4.023099217512464,144.81991019669138,35.07790957903266,186.7265699640959,33.639514301445445,4.011038950427452
21,0,31,1,0.0,-314465.4311778199,-4.37472490296921,29.27868638009982,335.0186385022791,6.3084216937248625,50.0,3.9108208662053596,127.99079209790993,34.566212360796925,188.1105967652857,27.330351812187452,4.0
21,0,32,1,0.0,-327268.61998395575,-4.298422928539585,40.854508837882555,331.04965443436305,6.479294740551049,50.0,3.7876094423582605,149.97043307339365,33.78250532567301,183.13383925517394,26.489760561100738,4.061188163634059
21,0,33,1,0.0,-336168.7681716383,-4.024231877806975,44.23938785884005,326.8919376282331,6.7846126847604165,50.0,4.977215014437735,141.81439618026278,49.42048465006208,174.6188702854665,108.07254553105435,4.0
21,0,34,1,0.0,-319800.0929461597,-4.079429824521083,85.25290218605346,331.35911331786326,5.927419804929417,50.0,4.578610399473473,140.8795036074961,31.77220241988703,181.78954655154376,23.51133246634767,4.001914025998414
21,0,35,1,0.0,-335237.3899416432,-4.125834682821422,42.4945249314405,325.69430815193437,7.125057567295042,49.99082317548613,4.034777982699798,115.10558862171027,48.66466147507616,177.82753396062586,39.2122576658502,4.619348041260688
21,0,36,1,0.0,-330923.4213667012,-4.101032767841879,42.18297243745835,273.20831666667056,5.9330817926538915,50.0,4.17862346806049,127.83017670147554,42.89153211690933,181.74847924089778,62.25252329498076,4.0
21,0,37,1,0.0,-368286.4771309742,-3.5112492275878697,41.89383532550361,320.11651414061816,8.891830128906406,50.0,3.3747466620095863,118.06007487644182,38.99096439784706,184.48551995350158,81.12740142042304,4.601426536787169
21,0,38,1,0.0,-391685.9908415533,-2.796805765947656,27.70083273730539,333.20846919936105,11.702761347130785,46.31262650415948,4.32124429302588,117.91991916114799,37.57594241400841,150.0,90.04956277406694,15.374358694059165
21,0,39,1,0.0,-318069.8127967905,-4.301681033328675,47.16622305482667,309.5980397741394,5.943335042635619,50.0,4.86825573693986,137.54732008264034,35.54556864043395,182.5199400033646,22.006489210841103,4.266686319575676
21,1,0,1,0.0,-427217.7230847178,-2.458862469699513,56.311491583797306,284.8101388089326,10.360751644018059,48.4491775802109,6.27974034837374,174.22448596430854,26.826334462044194,180.17548822871714,158.34696917178,21.583910204241924
21,1,1,1,0.0,-422494.57283242873,-2.457711533169392,37.841347343346044,268.43423307230347,10.83585815921213,41.77961762882143,3.9651800302279776,151.09597907665582,30.741606275947913,174.44980079954368,126.33896384669862,30.9750552465498
21,1,2,1,0.0,-448284.2445807054,-1.9042909059508037,65.16400017759864,277.6573169073324,15.454910575341673,37.15784305154517,5.837125893088717,153.95940005856625,51.39329826466568,185.3549209176334,171.03948944457449,27.16521397973438
21,1,3,1,0.0,-465928.93774626916,-1.6658980235195822,35.96431990554267,240.110383834528,13.86190575236158,45.74155429179708,5.4813244131862495,140.73057536264633,60.03741097436559,172.77420037302542,179.14452773321938,29.36135877859549
21,1,4,1,0.0,-456649.09823690064,-1.6981533493881609,20.048874535672194,269.45365424071025,18.386591861194958,33.26752717639642,5.729277461096686,127.42366666065816,42.21431083416021,187.06686420459656,184.25383038100975,29.633950923254048
21,1,5,1,0.0,-424862.79901711794,-1.9871504679156973,36.79964482070949,282.5527603092919,13.50022513203303,33.2816321503959,6.2593111543145,113.29425827283092,30.689309536268418,179.0908702834486,200.0,33.22541828663305
21,1,6,1,0.0,-458351.87950570113,-1.6539769560047888,41.44450964301385,256.36454152725514,12.842048664194278,50.0,4.541086112862901,55.163922259915886,32.73709507778776,174.33198090640713,177.19087659575058,35.12878325706799
21,1,7,1,0.0,-459841.6264297459,-1.7335973192795688,41.475457337731996,297.0849533644759,13.592996520529882,49.11279974085388,8.071145810076565,153.87065493503692,52.75075756000903,192.72235134636168,192.5137769973708,32.1292746860341
21,1,8,1,0.0,-455776.7039401202,-1.9315929588904925,37.6958913491594,274.47897924106206,14.350242535424055,41.076211139472974,5.545826068708652,167.61014763736554,28.28947176612377,191.50665652049318,192.37719204091167,25.616636833503076
21,1,9,1,0.0,-398921.90871885006,-2.2929017500175015,41.9802731441869,289.0200644801371,15.735412862572307,25.233802258528513,5.27805194019199,111.91701323313657,39.24506805084359,190.74363495956163,128.30116244442766,36.60633277643466
21,1,10,1,0.0,-434141.30778528546,-2.2286097803391502,46.604359663808076,258.5853100793826,12.080220429089207,45.27733711526183,6.675495023888671,183.85828525259842,31.431498109301245,165.06903618655903,105.08458273699847,28.23664202098965
21,1,11,1,0.0,-473702.1656443637,-1.5870852703090736,27.97849304207133,247.63365234211705,14.489951734955135,43.30078906310708,5.202352019242446,156.37286672841304,31.1479052770352,190.52648580976094,190.56718406401012,35.72834398985468
21,1,12,1,0.0,-422380.38827920123,-2.282832601562565,41.25464899950224,227.16019778805202,11.366050559650178,33.173754819768014,4.866743190488601,167.35339433106017,28.545521530067855,182.22356737478987,138.59365381442856,34.43641680730894
21,1,13,1,0.0,-473835.16715650266,-1.4828590329816589,46.762982766261786,260.2927027147157,16.12117784067915,44.12280533717239,5.71054681382378,167.01996743077973,45.83640822257923,189.24274242094202,173.75615203301865,32.13912997999607
21,1,14,1,0.0,-412946.8740017915,-2.177931302679822,16.724110991863007,279.0441444235389,14.85855244106298,34.68634933024621,7.692982199334918,35.40043225694008,38.50467735767487,199.30267023406788,159.14127928642455,26.671510228845182
21,1,15,1,0.0,-455161.39970173733,-1.580102575374376,38.20966764547394,269.2036018918449,15.001263126828725,47.284527782111255,7.08499579751661,79.57996836370211,37.62925948911744,185.12350210745683,151.58301717857765,34.69920788856506
21,1,16,1,0.0,-487075.07696381205,-1.3082691104868562,31.53370872412334,243.19880245754877,15.640079519381302,46.88271030765503,5.491812316304636,180.03690612427224,27.806057337836897,185.54022802695172,194.10713786126544,36.82939008844564
21,1,17,1,0.0,-465479.99944402487,-1.6218730521533153,51.67423044916164,247.51860163489306,15.592473212719568,38.292903982185635,7.2419146441463225,157.67260499458757,38.04164664910677,198.25303251675285,178.63473839837738,34.871514813275674
21,1,18,1,0.0,-450300.9560505148,-1.7849540413044032,35.98789640900523,240.58532141097945,16.056141919238925,34.13213939831102,6.200473837515467,155.0769081387161,19.790585821929973,171.83404159551637,134.8878636652985,37.413647857962566
21,1,19,1,0.0,-454407.98076641,-1.6861900504229244,53.85043666727377,290.1453090937316,16.435349492136137,38.42588702642743,5.895727199453521,170.92215905096097,31.313036108768674,175.86529373185417,143.14773474299426,39.86820867891639
21,1,20,1,0.0,-470635.04447690555,-1.5327553777614669,16.369201473748276,237.7994042426758,15.605187831920345,46.01905914656971,6.683613235872691,158.01844946677812,27.673285683944314,179.11923566180064,173.57836922858243,23.910942594000435
21,1,21,1,0.0,-463292.02307152573,-1.5594341215303777,13.399008980144846,238.43439915719907,15.58618703446028,43.78190085211979,4.676503521080903,155.78323158202033,25.79408764824545,179.71313073666198,113.85689905713397,39.09280926499207
21,1,22,1,0.0,-465984.5003844487,-1.7290981040988056,29.40375890372966,246.4614192482868,13.489628442979324,50.0,5.682386260730843,146.55939308357634,35.55497358131506,186.87793747713565,178.21169082421062,24.081326171569756
21,1,23,1,0.0,-398943.67416580254,-2.0381585675806067,24.66130899756041,235.4102714364402,11.321157295878532,29.058641861371072,5.982698077007825,186.8032289128699,11.859407712433008,181.42480572901508,165.2701856407121,38.0218732153827
21,1,24,1,0.0,-452713.19833329174,-1.830483012091843,58.6540486324506,277.1385207085344,14.362812243345186,46.573965814003515,5.561397729402979,149.40442405316207,28.972926859258173,181.09356215666693,157.52187405616667,22.901677675773367
21,1,25,1,0.0,-462391.2181988604,-1.6517707623602373,37.61061222839266,245.5125276135376,14.10621229534505,43.11602104316893,5.5588313051046345,97.27266261932894,17.11743781566595,181.3523769602727,191.35001396225968,32.642396981762815
21,1,26,1,0.0,-474806.1862093144,-1.5933426158387078,33.505286456864724,242.49139034468922,13.947472387502483,45.3173660151367,5.438797924844118,179.56990385534036,35.314325160768576,171.78802204844885,185.92176153453602,34.34039594427202
21,1,27,1,0.0,-451779.94032847974,-1.875436786129493,35.00534980490688,261.2777758529649,16.038846006022702,34.816880054933236,4.00890030999992,152.53303318668873,40.654267052593546,180.36640431994525,149.72593874293602,32.8
21,1,28,1,0.0,-406245.80386071553,-2.503848485513581,37.01363748931616,242.16039855879507,7.262601548205989,48.006558258426395,4.312634399740965,182.25733367144437,32.1887603969455,179.82176335615065,188.29438662785913,24.91129973564374
21,1,29,1,0.0,-486639.6440338348,-1.3126702860114616,38.18163215455726,252.72110755709198,15.1545763932275,49.20776036263631,4.729965125270649,174.37039652967192,33.03826429360405,187.71967666747324,189.3631881808082,38.7673876426169
21,1,30,1,0.0,-458546.45901075384,-1.7103218696478317,38.841208874036695,237.64701134822548,14.08125263826283,44.649593266060606,5.518106649063543,154.38455327899405,31.029334398920593,187.12033154356425,120.59813097430805,36.60324793772976
21,1,31,1,0.0,-459215.35016902233,-1.7043154481952785,20.72003950190344,237.1727346067135,16.22833961898165,35.321122707683564,4.455354582434414,143.114034274167,39.70025311770941,183.90758848316074,141.04641691829758,38.47125670762976
21,1,32,1,0.0,-467683.87811781175,-1.5994722266245742,57.504234629641395,281.9883313796171,17.056043151406904,40.085359011336735,5.231484513934989,178.72763440420002,51.073408762832614,196.9355637627311,173.4653332450748,30.41446696137664
21,1,33,1,0.0,-291822.9059249906,-2.7409180577178787,47.21594485585787,246.94548456878437,10.702785438816056,21.512568034938226,5.722552943692126,141.14338362518515,27.457695947535175,184.9447988894406,106.47966827794113,20.403104175343213
21,1,34,1,0.0,-413823.9481907098,-2.3121040000669724,37.426729149571315,276.05304837719206,13.335924972197564,33.753981359055544,6.364459120914921,114.0809924535301,29.97794947222516,184.30783426523203,134.09508674184033,32.770756842837464
21,1,35,1,0.0,-444236.024349684,-1.8826903319824482,40.99390208446988,275.836361950949,16.521145254497394,37.510066930625456,5.459504623111293,180.26543931804497,31.814926967350274,167.09896954181184,108.84228665914858,32.2472719156784
21,1,36,1,0.0,-389089.9100350871,-2.075251040105192,38.882921222373945,282.63714541034045,16.987981389019676,19.68872451615932,6.413415549568833,177.86074514837338,49.26271052296126,188.847447252469,188.99585345537676,30.787430406155117
21,1,37,1,0.0,-453659.59343595017,-1.7584232601530072,40.559611668304285,283.37304520305645,14.677607499356045,46.28349156235601,6.979088061753146,164.82734211384386,24.589451631731713,182.96881514944744,133.53625963189654,34.2158891160731
21,1,38,1,0.0,-474232.643539303,-1.5209465643534195,36.68154334606015,263.0864904120385,14.890894090180085,46.47800337849368,4.928893002250155,160.59922767888216,57.86806371864623,182.4284696352595,184.67276178168666,34.435362380038846
21,1,39,1,0.0,-470581.55353224446,-1.4723598411605427,46.68466094867547,263.4711824930822,16.297233763422827,41.63754794710069,8.793028295712556,180.42358325220326,23.70468850063814,175.48482601865553,180.1316141091643,36.138124297324886
22,0,0,1,0.0,-418349.1899002484,-2.3377437297261516,61.294024555713676,319.8084321360374,12.925197837889788,48.381967227928364,4.12821569297249,117.83039953197083,32.98631691648046,182.4989242460235,126.1496897351265,12.516108558890167
22,0,1,1,0.0,-330016.12879683444,-4.230132520379276,42.74394274719657,332.4185693009497,6.984811510032154,49.2282960321235,3.5588276259706353,119.65732998201263,34.21234547755718,182.698170159412,27.258098952023666,4.0
22,0,2,1,0.0,-386169.743211389,-2.994950562808,53.32400025091049,321.1907295010696,10.915569934242743,50.0,3.943924745691386,136.2247187950155,44.90912054882512,184.96610505588322,29.87827892371585,4.0
22,0,3,1,0.0,-348454.05441570526,-3.8522626932796036,39.92411186329363,317.07332605057786,7.287391168752334,49.93572904201203,4.395674654012204,128.1242523431338,32.01899432359852,181.9909788055275,42.228793780318426,15.897976748427524
22,0,4,1,0.0,-336616.7317026813,-4.109778366092617,43.76097347028382,334.88075168514627,7.577249604151481,49.043211762874556,4.24479414408577,120.497873000851,34.15130316241712,173.39534814850296,20.913153790282756,4.0
22,0,5,1,0.0,-347525.74296041403,-3.7695695551719353,69.19782825470533,333.8934326513537,8.467932382176441,48.12774792938844,5.656920581951919,104.96756572596101,15.05213668528313,186.5253737680527,30.88871319232772,4.000634189468695
22,0,6,1,0.0,-341504.41582549585,-4.049753752972652,39.21098411096936,311.80931262447496,7.436457575532125,47.55238123569756,4.751605261082494,120.39334401175076,35.19912543918606,183.72540818909457,76.79631832003437,4.0
22,0,7,1,0.0,-348718.03933009075,-3.8254763399224005,79.1064245649788,305.5970101483161,7.502140539212499,47.47703714766972,5.083365037223442,114.83620871774868,35.2422471281904,181.01561648255526,67.20755045948574,4.0
22,0,8,1,0.0,-352331.63954133325,-3.7822855134683384,73.13805072037648,335.14793121957746,7.8470792473845155,50.0,4.169409648422518,116.09105023762226,37.70116004435461,189.22645709108426,47.550445186734976,5.973872952159568
22,0,9,1,0.0,-304116.6280630648,-4.236301841806163,60.13979074478471,327.46025409908606,5.692395742748904,50.0,3.367058644999662,116.81044981747132,38.85232199585279,184.48447206668962,21.021670094791066,4.249891302740655
22,0,10,1,0.0,-396795.2775605099,-2.7103236031698743,30.355246019497912,283.94982072953877,11.907205116773236,47.93465129496136,4.48625838429228,100.34778620095591,36.3623280051481,178.9721440152283,45.544945566814484,7.431656144669069
22,0,11,1,0.0,-351920.98707301123,-3.831710432405067,44.43038482733784,320.40212003062084,8.483102072393104,45.196524775238466,3.170663952319771,121.44127806298793,37.34171794784199,174.1143325920012,27.601396377923514,10.841080156247475
22,0,12,1,0.0,-389517.5287938282,-2.8642611241981784,43.930003083653546,332.52909148572553,11.766424403018435,49.72614324384885,4.77074934091443,133.5232546241899,33.92433846796722,174.28295010621162,61.522102875253495,4.0
22,0,13,1,0.0,-333733.881012777,-4.173363698046741,44.89661193112199,330.62530307457604,6.981758759746118,50.0,3.583829239693148,120.90781396932513,35.06153699364044,181.5777886002791,36.37877229022155,4.025030708115949
22,0,14,1,0.0,-337251.08910645405,-4.080317107764939,53.28101685781919,329.508739662792,6.783820101600126,50.0,4.144190621268178,131.17836072994695,34.79435849075628,181.7924499010021,65.68000517852911,5.35504676702749
22,0,15,1,0.0,-317349.68127850647,-4.272232181961376,62.75129162677206,330.70104578509387,6.348427504892007,50.0,7.111691495908998,116.36889192745198,34.789054115378455,179.09583620743052,20.0,4.0
22,0,16,1,0.0,-353269.27946679574,-3.6199417977243735,68.68820494285302,297.8633149593833,7.939883692224024,41.5608400187207,5.002897313287761,142.22193090568916,20.189953097659167,167.83165679629062,85.56303716816535,10.373343445603059
22,0,17,1,0.0,-327924.0173106433,-4.239334554191687,53.1643786921418,326.65316037137063,6.665935228200869,50.0,3.647303845473875,110.11872849018276,38.835850123909225,175.73424927048933,22.330217696475444,4.192713833585768
22,0,18,1,0.0,-382742.9481764171,-2.9659484331797636,49.3582218226786,322.41197807549213,11.140254569112031,50.0,4.257572894032231,108.3056351468351,38.72710462697484,176.53477967521565,31.59257283348198,4.05800537510441
22,0,19,1,0.0,-338877.0221374875,-4.06623303586217,48.612079211979506,337.7951262609006,7.5715835582688,50.0,5.379071975343348,118.82688076084413,29.40926282119895,189.35583509955325,39.37294090544039,4.0
22,0,20,1,0.0,-331908.10947819037,-4.16467510829004,49.82919807880196,324.18347107149987,6.628652187505017,50.0,3.286661202169235,124.02478463769134,35.37087851276827,174.19642381755648,44.52964220318892,4.0
22,0,21,1,0.0,-312274.50604753743,-3.955186193162156,59.56292950749353,319.196085592475,6.274563371021907,46.26624271467875,4.3750070309667635,112.95048013717728,28.952396858975092,169.09126058739406,112.41048730658557,4.0
22,0,22,1,0.0,-339644.2789461538,-4.073662976559236,62.69122903104459,322.5968647105907,7.022947863698485,50.0,3.9909948527319554,117.7532005483214,44.283902843118845,173.87169334214752,20.0,8.268829652159884
22,0,23,1,0.0,-333342.65056769975,-4.191236476241189,36.97085232271201,330.2995746831666,7.10301397889843,50.0,4.263321967688871,136.81088152297758,39.44214590164214,173.68266681796425,20.0,4.721841302924787
22,0,24,1,0.0,-334241.3958134283,-4.01599667929407,67.0686108516943,349.38439534748017,6.925142641437946,49.869386995027746,3.4464406334359388,113.42994945459976,36.12378548889945,177.17899831705532,80.27789991683889,4.0
22,0,25,1,0.0,-360083.1370955245,-3.51732401723957,37.28760016506121,332.65720463450634,9.474046082504055,48.630258070002604,6.995900065589201,117.31503633087473,35.03279450440325,179.8697870181179,85.38171018169926,4.0
22,0,26,1,0.0,-324592.77428300213,-4.3008262694827,47.512232749304346,332.6119834726126,6.586857429521831,50.0,3.921837187234658,119.61690459731392,39.879122527235396,181.69638498975496,23.76666005421503,4.013888827912911
22,0,27,1,0.0,-344384.7965374263,-4.011448479324624,41.718879073951456,328.92342644933217,7.781642030776217,50.0,4.461195642331914,128.5618971839941,35.15230258662899,178.61538663178504,21.127447669718386,4.030497283374776
22,0,28,1,0.0,-353982.27627062163,-3.8350456267290873,42.76080046926613,321.50203743470666,8.271890060393158,50.0,4.3350120362172495,128.62526068742656,33.862092686147896,178.14149841066353,20.0,4.0
22,0,29,1,0.0,-382532.3196273389,-3.211137908257676,40.404898107370116,305.9404642289845,9.418372317779808,50.0,4.899251395928558,105.60197554076369,28.399223462031856,198.9451457351763,98.35710915314107,9.500324857763452
22,0,30,1,0.0,-345531.2774160515,-4.049929860170362,48.0968097283657,321.57412419487434,7.431019649386529,50.0,3.951411109129335,129.89417108782308,34.723674155343886,184.26448443652842,29.594339354879335,4.031008804802272
22,0,31,1,0.0,-347346.9724993475,-3.9310234805693347,37.851716924059076,334.78422634337585,8.07445067185991,50.0,3.9789466850054382,127.57884714845711,28.268733682206257,185.5760954108061,27.723810173079496,4.0596984745577265
22,0,32,1,0.0,-335484.448500876,-4.231202834917809,39.35729687420464,316.4582146897835,6.796230652857736,50.0,4.4728868213996655,144.14833691874225,35.17690632843622,182.03699612001427,29.073934657377656,4.118422522738746
22,0,33,1,0.0,-356933.1496211951,-3.606931117139215,33.48885857428456,330.2886898274756,8.718305080982951,50.0,6.1018282670050645,128.9102762675688,62.31059155498944,182.2563348948029,106.65339316291767,4.0
22,0,34,1,0.0,-313381.0158127814,-4.199196810748558,69.4338787795898,335.92869849377104,5.838787912857759,50.0,3.6986468396891072,132.80220021693128,29.209983974260993,188.4730688243868,28.393251676734906,4.0
22,0,35,1,0.0,-353090.5733314737,-3.782515917791703,29.212945572156332,329.0187894534577,8.325384261172754,49.98566780969015,3.807597670316935,124.715391261174,47.59327918179506,185.50826963590296,66.58425953952482,4.0
22,0,36,1,0.0,-353976.08257218584,-3.988888599418904,41.69920682673965,305.20831666667056,7.195982096332507,50.0,3.8600593268686203,155.89758016871414,49.46117384333127,192.68780782065633,74.08108903495307,4.0
22,0,37,1,0.0,-367413.88687839056,-3.502515381428783,32.636804253440985,316.85231522219624,9.11118455271279,50.0,3.146319587018458,122.45506647320062,28.13350105077986,189.1604168780116,45.12740142042304,4.433539598210779
22,0,38,1,0.0,-359793.04307875707,-3.5265635228725323,31.9401933774366,334.054234255752,8.702761347130785,48.96505954013394,3.971719014786249,119.65264557263235,35.69499159334665,162.0,91.19103331581857,8.174358694059165
22,0,39,1,0.0,-326500.80052072107,-4.262512328322993,51.39171872835004,323.69444154424775,6.3123138927410105,50.0,4.1438716963364435,133.8190181388487,33.91776388584813,184.30317977546778,36.3001243699231,4.191875536426947
22,1,0,1,0.0,-413127.4958095455,-2.5547272460184827,45.11886522228386,316.8101388089326,11.104783393116048,47.97819304827646,7.4624773085775935,140.22448596430854,27.312668098913644,168.17548822871714,154.49864812586063,19.057071873736504
22,1,1,1,0.0,-405333.2389168112,-2.599866210497234,43.71041761890241,275.51439879572655,13.83585815921213,33.06762227149767,5.669593740918756,131.44774464724563,28.951363113833217,177.74674842879762,90.33896384669862,27.39425480779905
22,1,2,1,0.0,-49267.82663992457,0.6984282782743363,73.97153068538509,296.2431811076162,15.611106045175195,38.01341506655624,7.637125893088717,170.19551550637064,56.10144507910259,173.3549209176334,186.4684125340053,31.480022230622346
22,1,3,1,0.0,-459216.2821165741,-1.678967032116407,40.89715907980905,272.11038383452797,13.365923868606522,49.47832726274251,5.075106976498656,106.73057536264633,42.03741097436559,184.77420037302542,163.91588422201275,36.35321951494603
22,1,4,1,0.0,-424943.1892968382,-1.8888098580183812,38.34254644427521,279.8495909421681,16.89067771085018,24.26752717639642,5.623851716430389,161.42366666065817,32.87302339929538,186.66636671001763,191.23475966131005,36.83395092325405
22,1,5,1,0.0,-435360.65161637723,-1.9808579823731887,36.83608913824781,263.24925714854425,12.56990322491808,42.2816321503959,6.977978153255692,80.15515187025983,29.468339368589728,179.0289873751619,164.0,33.58962344161044
22,1,6,1,0.0,-467359.4228129242,-1.4930329208331266,36.7673728751289,255.78498939235698,14.994835895055267,49.28284130602846,3.195435290953559,82.60830159326946,27.159719403111225,179.05125741553306,168.9986501830299,27.928783257067987
22,1,7,1,0.0,-450230.03315585345,-1.9004389621539786,38.51891257813697,302.4205347591076,13.064837121814962,43.47346903802018,6.271145810076566,162.87496661305215,47.414117121654954,194.23090997898748,190.34563802305235,34.714050913515116
22,1,8,1,0.0,-469003.15286477417,-1.5428382869530695,41.36564069751028,242.47897924106206,17.115529850319252,38.59524037637485,5.686608690471391,171.65554852541294,28.963314219432004,188.1565123297721,156.37719204091167,30.44607951310077
22,1,9,1,0.0,-420372.26461806294,-2.077298469138615,42.1733585323524,264.45316151898055,16.433975905231076,34.23380225852851,6.298675373924363,77.91701323313657,36.771751409161766,178.74363495956163,92.30116244442766,29.406332776434663
22,1,10,1,0.0,-431949.54372131,-2.2461777538341825,49.801039845263894,244.56241473489104,11.92309445700633,45.57798216502019,6.28394720446446,168.3230825541566,49.431498109301245,174.42852862656187,90.57464362512897,26.272096487251098
22,1,11,1,0.0,-470629.22397267685,-1.4957346618880325,27.35174406439689,279.63365234211705,15.446193848768361,47.136590761008904,6.118620855528012,129.40812832956544,32.677406291269605,187.3387380227081,188.46369863777014,35.25577885933048
22,1,12,1,0.0,-449922.98949255585,-2.0449675015439728,35.78652540867479,224.06522263444214,11.233046801862807,42.173754819768014,5.530964873635396,161.00729994974054,28.6324711816808,188.63069813933245,156.19985610845063,34.10624678373503
22,1,13,1,0.0,-467681.0150863929,-1.5088616997533488,24.762982766261786,292.2927027147157,16.948768342218955,45.406179901937776,6.121939943991691,159.09992177891527,38.982273266360565,196.96006988858852,154.8579317953207,34.9514490471295
22,1,14,1,0.0,-424450.72925979213,-2.0950719798877695,10.0,290.8339633512131,15.079487474739915,43.68634933024621,5.892982199334918,69.40043225694008,47.70729942629451,189.93646705446852,123.14127928642455,19.471510228845183
22,1,15,1,0.0,-455336.2715855316,-1.7501863347168956,43.854919014893326,237.20360189184493,13.15134480471224,44.27164442300715,6.649995227640096,113.57996836370211,51.06727939941326,184.444868808848,156.17056993600977,35.29462881980191
22,1,16,1,0.0,-475895.51283286605,-1.4864034079327506,34.593210722635774,244.94357003088047,14.767573459381598,45.286425446602536,7.291812316304636,170.87724084965018,27.479938207660506,187.88364193822727,184.08270884992305,36.12696506723745
22,1,17,1,0.0,-439240.761600974,-2.0332202811291187,42.48374391237982,252.12302476140067,15.436220592496799,30.110978284970024,6.108030434687542,172.5479963522617,37.09647378634356,193.54867925333673,142.63473839837738,36.38761209516999
22,1,18,1,0.0,-412167.48109622847,-2.3604585035065972,44.662967737481296,270.7444861624348,16.1236545166105,28.059886467002205,4.684958495244958,125.29375918551061,28.583145574356678,180.89634785828798,98.88786366529851,32.97917824245498
22,1,19,1,0.0,-456725.04844817304,-1.6958150929824058,53.441592952662155,307.45034733670093,15.643908668460936,39.67338615946986,5.922712672579532,166.41871875078752,30.635576239121725,187.67261243405207,174.2737777940999,38.929805669939896
22,1,20,1,0.0,-466255.4706974845,-1.6175893054550845,38.36920147374828,236.33287416587103,15.714003333943198,39.12777450843517,6.689683524510513,166.48972207360012,37.89820040530696,169.032616447389,170.31982691736155,31.110942594000434
22,1,21,1,0.0,-457332.161311036,-1.750969884441108,30.527147166301326,237.58721853204779,15.413345605859645,34.78190085211979,5.103829806789569,155.03067854828063,25.862368344317044,187.71664228571132,149.85689905713397,40.0
22,1,22,1,0.0,-444839.753465504,-2.1066484343011,29.603301642156936,277.1832167966349,14.163187321915562,43.27762470042961,4.666417915443938,163.6983341798916,43.26040495005545,189.09753074721849,142.21169082421062,21.339096220890532
22,1,23,1,0.0,-420731.9871610557,-2.0564995873082483,24.846535211266257,240.03168009809397,11.333842222979344,32.41807991075617,5.545247600354324,189.63922874155085,21.60275577111957,171.84706243555956,182.40529946426628,35.5049849884158
22,1,24,1,0.0,-444817.8842830533,-1.9641047382785664,59.27681827025152,279.7881885745757,14.213938614932369,41.198812569557184,4.473399021575526,142.3798502056818,27.67314204860784,173.85800469582773,146.39240290694292,28.92171574339432
22,1,25,1,0.0,-463768.5910912549,-1.6154083991627597,35.95284226760529,247.66974750368604,13.774396042096619,47.04764237058656,6.754408530621234,123.76783305657807,6.8577736430778575,189.09012138094184,176.2360862021449,33.46682354818562
22,1,26,1,0.0,-469509.75750250975,-1.6727466710884051,36.70747462714671,251.7707367946141,12.78386457269825,49.90963938592003,6.902885643790794,176.96753918908698,31.04758944713683,180.31772309768812,177.8873163298981,34.59404462988581
22,1,27,1,0.0,-429837.58464036474,-2.183086559405817,36.984389520628845,256.93742872560136,14.844410769502518,34.92943054799623,5.8089003099999195,136.77269018049785,47.49422176348619,177.61714242338198,113.72593874293602,28.98847923676778
22,1,28,1,0.0,-433901.0117492987,-2.2980349168595193,33.01277423823939,247.62337280036166,10.26260154820599,41.96281857640992,4.336583667655547,176.79334027444108,29.39747818238183,179.89202554272052,154.98106115260742,32.11129973564374
22,1,29,1,0.0,-482635.5023683483,-1.4293443713443108,39.00703552222165,248.4067771226068,14.790396832540937,49.32058294883541,5.335342748387333,179.92415874978218,31.41157267176895,187.95980397933826,189.25748909492663,31.920535225097517
22,1,30,1,0.0,-455913.57636197505,-1.4545005710703063,16.841208874036695,242.556838864466,15.409703073499761,49.7165704951883,6.432585787846846,120.38455327899405,26.551566957373197,182.88958080355383,89.00401943756427,40.0
22,1,31,1,0.0,-451326.2174927214,-1.67144005506832,37.268390251125915,265.75524129117963,15.751815522226387,42.82558295253085,3.390310711590243,120.71019476472037,22.024163574834283,186.80134358741336,106.01923388429348,37.93926177203401
22,1,32,1,0.0,-463435.5700005823,-1.836493474586075,35.504234629641395,262.6379920480308,14.056043151406904,43.0090915785764,5.442565200005616,183.30262612065886,33.073408762832614,191.72714080730998,180.158227470285,29.093694726879473
22,1,33,1,0.0,-402808.3918807191,-2.731015409229864,48.33865955615647,253.9135467704465,13.702785438816056,30.512568034938226,5.044088805079969,148.91208235233324,28.594922655366254,179.165104380965,70.47966827794113,27.603104175343212
22,1,34,1,0.0,-418737.895483548,-2.452266546418278,30.142969036863704,244.05304837719206,10.523298271277703,40.559792652100676,6.477013004463842,148.0809924535301,42.40431036785317,172.30783426523203,128.4234354165008,30.4599786727912
22,1,35,1,0.0,-441437.1533506284,-2.086554438251584,41.13120127879938,259.8891436766512,16.374789395039297,31.372268097247648,4.911287361887269,173.46363401480332,36.960672902997906,178.7273319668163,144.84228665914858,26.66097660208836
22,1,36,1,0.0,-444491.0743952098,-1.931813216723828,40.41973600620483,280.07751100556214,17.90854874527303,28.68872451615932,6.100130217794075,171.59085690947128,51.817543346030874,187.16930402635137,190.23252239092068,28.305761296594113
22,1,37,1,0.0,-427234.8238173503,-2.1868396757716373,39.115841232710316,268.8568978293302,13.51704594726972,37.28349156235601,5.75197408147101,130.82734211384386,24.97690515491515,170.96881514944744,124.25567583126657,33.521150656618744
22,1,38,1,0.0,-475652.799145551,-1.477468462074635,45.74074011346285,256.28213836864876,15.081363667163165,47.91799675989038,6.728893002250155,156.88135431256725,39.86806371864623,185.16316405199436,193.10560230402473,29.649165467451205
22,1,39,1,0.0,-442066.7663665547,-1.8842930343150606,48.60152563305238,264.67717277574394,15.722981471318839,32.63754794710069,6.9930282957125565,165.73568638857145,23.89654245572863,176.14066204584654,144.1316141091643,38.93107260341933
23,0,0,1,0.0,-38006.188592224185,0.6613266105330045,43.37829885438737,334.7977979464156,9.925197837889788,50.0,2.7962981445491626,128.29967136752535,33.7672763264368,184.42603464280612,90.1496897351265,5.316108558890167
23,0,1,1,0.0,-339845.56504056597,-4.052760145582053,20.991700639183573,318.7287454460539,7.715778019258206,49.572835530864204,4.071169095696248,116.39071820668035,36.9505792266267,187.79324285717288,29.498845212581887,4.0
23,0,2,1,0.0,-360382.13874684175,-3.687078324621892,50.141603626670886,330.13462136040357,8.757112736419135,50.0,4.283098962450757,128.8262043822994,34.02728641844527,185.95128568072252,27.813767859966305,4.0
23,0,3,1,0.0,-318293.3703106419,-3.8700832615774514,45.45293127311433,330.2415408484251,5.986452085585891,49.89173328436672,4.219875170664239,132.9044971443583,31.015076727074135,186.21056552818226,53.97084408478414,15.05676494027858
23,0,4,1,0.0,-342799.6190674894,-4.016534403430738,25.294800725117508,302.88075168514627,7.546424400543293,49.658381979091736,3.959725787470783,120.49178037453704,33.58057287279982,167.14042792262427,21.311121215097327,4.130881583808743
23,0,5,1,0.0,-328369.0017186314,-4.149350335170798,47.19782825470533,334.61975908274655,7.670196633467188,44.336804764007354,4.934814780143564,123.64831708072462,7.250981631601541,188.34640673495315,50.559506628298834,4.0000039392970415
23,0,6,1,0.0,-315895.6252678182,-4.18500401521977,33.42762651766099,341.3136038284356,6.581797972538397,47.36664869657069,4.466900615550754,126.61022668984964,43.51827921912659,190.7035571391717,85.5786538055349,4.479351947873752
23,0,7,1,0.0,-333610.31088899367,-4.213623613137982,57.106424564978795,307.3055483576953,6.785157193078632,46.645538392235565,4.597969909567737,135.57427061781985,35.073447802532755,182.97575398994692,31.207550459485745,4.0
23,0,8,1,0.0,-369869.2778083465,-3.37504442862617,61.05951681349272,346.04660826014924,9.507594031694886,49.99443492172679,3.7693127539917217,119.59636085340793,28.883900355178174,185.62801069795896,45.7065305385957,8.130469405151025
23,0,9,1,0.0,-358463.8884687126,-3.719957765289272,38.13979074478471,330.90233184585776,8.692395742748904,50.0,3.332381644921489,127.99819633386585,39.8010982567309,193.97083022470096,25.522595170170952,4.041541510187085
23,0,10,1,0.0,-383893.80651488464,-2.8717743704497436,51.69074837049743,315.94982072953877,11.72634564167939,48.11636764467943,4.568088979703236,94.56694485538723,37.81045325795317,179.66529450613135,34.206914395264945,4.200620279818663
23,0,11,1,0.0,-374492.70072391874,-3.222421064890357,29.676030128707474,328.96784156943465,11.024560463543652,44.82852415261128,4.958754372960352,118.06965560977774,28.010155278348442,172.471801756432,60.92309690879552,9.449789846807555
23,0,12,1,0.0,-361760.8816559797,-3.6665040667202877,50.55715442846299,325.27256480025017,8.766424403018435,49.67212297164079,4.480019227233623,135.20981305054434,32.19034180321724,176.96348521420106,30.033156474306193,4.0
23,0,13,1,0.0,-320748.2373588295,-4.315083369656465,45.28319385040382,332.18173472407807,6.390065925739819,50.0,5.383829239693148,127.09164035965317,33.45122308980315,192.68869189839563,42.30821003107959,4.010242995870137
23,0,14,1,0.0,-357781.2626398179,-3.8074273507393905,31.417558045162462,310.593994334023,8.184350105893468,50.0,3.8755533634881543,139.32711222948512,25.27257459038508,187.53466589700776,29.680005178529115,5.296697450891577
23,0,15,1,0.0,-332569.8831774235,-4.170276185668992,48.4754520582415,304.533611206086,6.755924231780443,50.0,6.523785195395975,119.02519819518211,33.20450102334077,175.76665329491624,34.92582528272756,4.0
23,0,16,1,0.0,-387518.91956812824,-2.9615532937905633,46.68820494285302,318.9150492462334,10.939883692224024,45.605418725383004,6.679647926758489,125.86594967413737,3.078963476407484,170.55161736306826,113.84242821617725,10.493977417003368
23,0,17,1,0.0,-327921.9387246257,-4.219011378903838,45.1300088185196,334.2332604750061,6.821857776425047,50.0,3.9637152530508573,123.303826914661,36.730496695736115,168.8958588561587,28.213429020043147,4.443643904671443
23,0,18,1,0.0,-369617.5128514875,-3.454266649490598,47.464699896068126,334.02033080685146,9.5084564424446,50.0,4.3406815885754275,139.48318637349803,36.85965080151765,177.54984944316732,44.18993293305277,4.0
23,0,19,1,0.0,-364804.2277286067,-3.506877359600741,26.612079211979506,305.7951262609006,9.159405606980533,50.0,5.9418287888703825,123.90468506891361,33.8203512471039,177.35583509955325,52.886584572565326,4.0
23,0,20,1,0.0,-323825.34810078563,-4.3048519264907235,27.82919807880196,311.42442780071565,6.457888173604222,50.0,4.273379919743325,127.71933074343801,34.97411285013871,177.84416156158386,28.43190405040965,4.0
23,0,21,1,0.0,-304264.1464065255,-4.026724363196565,59.629889252987454,321.0707703878639,6.108121169461835,45.09701470518399,4.545199711388742,145.48178454573022,31.315677376806867,172.11782127696196,76.41048730658557,4.0
23,0,22,1,0.0,-331198.42477980675,-4.101404192306427,40.69122903104459,336.2458975074415,6.915511307430655,50.0,3.752505423638958,116.03644376532912,47.39738785891569,180.6784837029911,44.47111465474147,8.034898896461238
23,0,23,1,0.0,-327493.109001996,-4.25062843767968,29.915025257244775,334.49038134674663,6.782536111128608,50.0,3.7708356137663546,154.09067759353343,41.732718265899145,170.38909756726613,20.0,4.320564721526618
23,0,24,1,0.0,-358813.9571078927,-3.560684510634235,45.0686108516943,345.236349396334,8.911210913498842,50.0,3.885239076875768,114.49324404425603,40.766251225883124,165.17899831705532,95.46645679341302,4.0
23,0,25,1,0.0,-377440.8678746545,-3.261130198542888,36.18600032478525,335.349069595876,10.496539658369993,44.77529350216386,5.690240583272117,138.31587821581132,35.07537834519118,187.27442432032643,87.74909844408566,10.975593183264294
23,0,26,1,0.0,-322219.65873269347,-4.299570266442985,31.383469215382384,335.3061054336095,6.644238007007155,50.0,3.5727228064870937,128.7418141482279,41.1018436855494,179.27488284257356,26.15441497241772,4.052412128643844
23,0,27,1,0.0,-348800.29861914413,-3.8960881590988548,37.42294300840453,337.1386172816084,8.315034552499705,50.0,4.329945832866643,126.94560674350859,34.16833725116277,186.66148637037486,22.224937946609433,4.01939867183644
23,0,28,1,0.0,-325026.08495078253,-4.2800888577166685,33.157340260354395,311.49924659284,6.300656269793726,50.0,4.526815744229019,137.8403538347058,34.10516042596297,183.2484551208597,42.71909079213491,4.0
23,0,29,1,0.0,-372415.90177962475,-3.4567534982424726,29.63798401057902,300.1787148317725,9.12672224718851,48.5432129775567,6.240664435810745,136.74494308883507,30.6923874555955,196.05931205267692,62.35710915314107,9.059189540320641
23,0,30,1,0.0,-343583.8934632375,-4.0541916464675545,47.77260770081173,324.03158983192486,7.552315128319631,50.0,4.891037163730657,122.80889139389873,35.4098974941838,186.76879231177344,29.003154966010353,4.034640658154466
23,0,31,1,0.0,-361719.19454097806,-3.563091931761483,37.974395952561984,333.5640026825083,9.370107220844329,50.0,4.706768525904308,122.82158003264566,46.26873368220626,183.25496119828895,27.85080076934826,4.077779781593371
23,0,32,1,0.0,-321497.3064733165,-4.346980795977461,39.090198913075234,321.81585779838446,6.284661197141617,50.0,4.8401631060495,135.32624917563783,34.26551218027814,188.75749833589134,29.33177004402025,4.056601568145983
23,0,33,1,0.0,-378516.65028841555,-3.146800586562921,55.48885857428456,338.5790795845091,10.516293311809076,50.0,5.837427644026173,138.7604489423538,44.31059155498944,175.58412384015648,70.65339316291767,4.0
23,0,34,1,0.0,-319133.67520330707,-4.333877953969675,47.433878779589804,335.65243288418185,6.228764498078016,50.0,3.8919136219718933,130.0519505864047,33.30149922172865,190.19565637907573,29.20549715464208,4.0
23,0,35,1,0.0,-348264.3411389347,-3.834299558947558,36.36984393744496,337.3070451226561,7.9205197822150994,49.98610193846655,4.230008184168801,127.98533356305052,36.226144219903084,173.50826963590296,50.98507147377275,8.657083434529898
23,0,36,1,0.0,-371488.7894836589,-3.4708191572668103,36.82398712724674,326.1931193916484,9.386380038557428,50.0,3.8372383216161015,135.42072402720092,42.0291527259645,195.08072051028142,65.2538947732359,4.0
23,0,37,1,0.0,-373391.9246268596,-3.421832720078727,38.69625237762418,301.0383794402336,9.173786293705318,50.0,4.946319587018458,117.01296721573075,38.40313951393813,187.39927336361046,81.12740142042304,4.224495130430142
23,0,38,1,0.0,-361310.2393445299,-3.5219804172797295,33.313171372413166,334.21385692404095,8.411268396358723,50.0,3.7489381238093547,122.25954925603497,48.1363961552415,174.0,108.65128557438119,7.809404259939852
23,0,39,1,0.0,-321726.58274162887,-4.334409921482819,29.391718728350043,332.78740633504077,6.6884338557256875,50.0,4.795169603221446,126.81112023941162,33.89257817349907,189.9735682766229,32.34545524070259,4.0
23,1,0,1,0.0,-410271.9649271191,-2.683549696224138,39.128462564253546,302.1957199731221,11.120908511290702,48.041263481557124,7.33930903585739,151.28062529083064,28.65775294490137,177.93487924311867,152.76446227578018,11.857071873736505
23,1,1,1,0.0,-434318.408467234,-2.0746752183893955,46.03591561004458,258.4447727975406,16.127663001351095,30.110686315171087,6.209990622098522,165.44774464724563,28.726111850714027,183.66967572494588,126.33896384669862,34.594254807799054
23,1,2,1,0.0,-444116.83041921526,-1.9051837620965388,51.97153068538509,282.9484158716407,15.978595772004985,37.25302293540609,6.5973320091211765,155.97875109753667,38.71054271698823,167.88334056464427,150.4684125340053,28.586933568549178
23,1,3,1,0.0,-444360.78303548385,-1.9295224675527822,28.986660259985133,304.11038383452797,12.289746911259922,49.80942112203319,4.560818676101066,113.47445013674883,39.4072476033692,176.48503954547357,169.5423456685475,33.9650805743897
23,1,4,1,0.0,-399583.34509836655,-2.095808961784944,46.71030336788768,247.8495909421681,14.847131485188998,23.462105894906422,5.5503663127566085,127.42366666065817,27.900221948606216,186.44678338054118,180.60108900344346,30.471895159327293
23,1,5,1,0.0,-469344.4500393235,-1.362700518214633,37.1458098024477,257.3775261905193,15.56990322491808,50.0,6.954016179704694,114.15515187025983,29.097188159136188,178.5207043684148,153.464636392961,36.23505345193766
23,1,6,1,0.0,-448350.9766645263,-2.0846545723697893,38.38274573323584,240.09343149533248,11.994835895055267,46.10679349345607,3.92007297006952,116.60830159326946,24.612808177673124,184.1943102835085,171.26968004473358,21.571212545906953
23,1,7,1,0.0,-472418.64400764817,-1.547927718876015,37.62607077469045,281.69050388474506,15.16083707688681,46.98286651806197,6.335889233280877,178.72045510522616,30.115324145254732,205.99930871051046,174.47617835807927,36.59701125024669
23,1,8,1,0.0,-441511.62002742203,-2.0932956830050586,46.04194614152527,232.6877938525855,15.730250088243631,29.595240376374853,5.283728682667333,176.3150260763552,29.002320131781136,190.65866837855307,134.87628079697885,29.499465764795925
23,1,9,1,0.0,-449350.43688531715,-1.364002585935685,40.898909253338736,235.0477747519119,17.72527966448201,43.23380225852851,6.46293908933203,76.10065191189489,24.85410240943206,173.59936712605875,92.82144067094322,25.7301674911208
23,1,10,1,0.0,-461520.7786888431,-1.6870600105549884,36.13293959731099,254.85924585779435,14.92309445700633,46.29960828455539,5.210457798791621,174.6138952286725,51.15661603357796,186.42852862656187,126.57464362512897,29.53368385058491
23,1,11,1,0.0,-455337.60123001423,-1.7183123766804633,25.863976503500595,300.40777375417895,15.977235248108519,39.63615993864095,5.97445448857064,136.44513999010124,23.90157780248692,197.2920300441276,180.61622093048751,36.06028601274986
23,1,12,1,0.0,-460921.01958907256,-1.9137305582631168,31.134453587755424,234.28947326789475,10.938119429110014,48.499787548174396,5.378433242151576,177.17849287380977,26.981754481430315,189.2072977910315,164.65046466566616,36.526566474335404
23,1,13,1,0.0,-452992.72892489715,-1.8608028709432851,18.22942941494455,302.7745407172446,15.571791091310475,41.38210825476769,5.431736789182585,166.46181974015118,29.907558391709703,188.95863032935338,163.37327696246734,31.41344549765132
23,1,14,1,0.0,-440895.7419927845,-1.8578567453207078,32.0,290.2116900152853,15.049419301736227,47.12425908591675,5.517771938446601,99.94573995196944,57.10804046707894,190.94608226752155,116.39039179115014,26.671510228845182
23,1,15,1,0.0,-449824.3772649517,-1.8064398661011096,41.441463735271604,269.2036018918449,12.908940843231335,45.41927584953189,7.636885592157931,120.25413692896555,33.06727939941326,184.40373875974913,167.97134891412028,36.6949843414133
23,1,16,1,0.0,-455724.6137087462,-1.7702180357945465,41.84092241904168,250.6573289811298,14.797916953217761,36.286425446602536,8.095353131078268,174.40827721883971,25.168701085128593,185.8513257672723,174.72406767373488,36.07380798774101
23,1,17,1,0.0,-430150.58292858937,-2.208685716620377,36.04429197990852,259.4748255961926,15.415300532343,30.851493048689516,6.207233594402975,156.5387879012766,33.28922825248016,188.5291273607916,133.61552391427674,29.814217544138607
23,1,18,1,0.0,-427421.3511684409,-2.1049500195883515,43.69203099562568,281.7077049180852,14.657064438575812,37.0598864670022,6.2258888179809535,127.45993466857104,32.0126690605408,168.89634785828798,114.38843558564118,34.855130037514016
23,1,19,1,0.0,-456892.61683967954,-1.8093141208544883,36.12263796270727,275.45034733670093,15.390953766444552,34.68172490548091,5.001889989573002,180.49066820859247,30.687249269196837,187.82198029105533,187.23451059524325,36.13018695689576
23,1,20,1,0.0,-429601.7760963366,-2.186490712407747,38.931178876561454,256.26989933535646,15.577194510558819,30.127774508435166,7.574185327037005,164.00472681466212,27.393556986499128,181.032616447389,147.3871489636831,27.178653931706236
23,1,21,1,0.0,-463890.25599854573,-1.696942899783726,50.660083681531226,238.06223864889353,14.688143643911964,35.29543924645796,4.778053279228398,187.17066325697698,24.910186928246638,175.71664228571132,171.8258852750818,40.0
23,1,22,1,0.0,-429407.22645613464,-2.371403624947314,38.98771277329247,255.17239494326682,14.236056463361509,36.15265843335623,6.466417915443937,174.6247069833929,40.11778580692253,180.88222580818928,136.41673027406804,16.103960051016568
23,1,23,1,0.0,-463194.0816288597,-1.7932224878130372,21.09309507928484,243.1385094750547,14.306448395245447,41.41807991075617,5.684925945115563,179.34811043447266,16.79867420517623,182.020277346973,168.10779127487928,30.571218971911673
23,1,24,1,0.0,-456822.97202134324,-1.6213024493956643,58.673541890471554,276.24991134046365,16.327255756937,42.04741387919755,6.273399021575526,149.292419768766,26.356508442495677,180.78883756496663,140.81384964656718,32.804169703547466
23,1,25,1,0.0,-457343.5122619141,-1.677286020348258,39.6779685466953,245.93733284253307,14.902511138790059,38.04764237058656,7.096864906884063,148.07980830091887,5.16407140942975,190.0150778396678,172.6893002233567,36.756889555252265
23,1,26,1,0.0,-458740.17347034486,-1.8368890538321794,32.7891945148179,253.3826526297763,13.298216342200796,40.90963938592003,6.227190062978034,173.1519043284818,30.1842792684391,187.08227595309305,176.69193247898644,35.888763249692424
23,1,27,1,0.0,-448091.20569723356,-1.9164607056410354,33.73631372349129,266.02799143547685,15.561789829968522,37.05751821365904,7.035124181649014,170.77269018049785,39.39262894916992,174.64126504454174,149.72593874293602,30.021349775638818
23,1,28,1,0.0,-473017.31679798674,-1.6676684816243152,31.38207398508404,242.39842346098283,13.26260154820599,46.44831628239283,4.000286677302333,172.08426298762848,46.66531215189508,186.68816172611244,173.7206201227946,35.383678489952835
23,1,29,1,0.0,-481803.96022951143,-1.4463109387196105,36.80790838457218,241.20379234610493,14.130318344644289,49.20197127210724,5.624789272823686,177.0195788361447,25.39725319787624,187.6653454142563,186.69984288170332,35.25144125609424
23,1,30,1,0.0,-424447.91039060865,-2.1409193129676325,31.256551908338416,269.8755486810458,12.631721533479212,40.7165704951883,6.885520397308097,99.61162773473683,27.70803516273649,179.02803706955808,125.00401943756427,37.34988591955991
23,1,31,1,0.0,-474776.9224658642,-1.2808899164146277,31.87679159867473,242.40009296659665,15.62626089859915,50.0,3.5950661625870755,108.97323592404635,28.595742907526294,187.7955254146345,142.0192338842935,38.31309172613494
23,1,32,1,0.0,-449286.74373255234,-2.15905311471148,34.11361828744216,253.47587380449662,11.056043151406904,47.418454492147575,6.218873822545035,183.68409414195486,24.21512594465379,189.0859601895649,177.97526260040758,25.979032051774247
23,1,33,1,0.0,-335894.0056034609,-2.9655067528938335,52.07011146048404,264.2893393058861,12.67283423510719,21.512568034938226,4.971674205228187,170.3408129895567,26.356244756967584,182.8691582962839,78.58389554531463,23.419057753122175
23,1,34,1,0.0,-447687.40441178164,-1.925918596762492,31.151038385202675,276.05304837719206,13.523298271277703,39.15973938047192,6.102626378814202,178.23524042774716,43.05823013269495,175.7069164831303,164.4234354165008,37.6599786727912
23,1,35,1,0.0,-462049.2720048079,-1.7437121270451372,40.81943668771869,252.8744634334464,16.197541471039365,40.37226809724765,4.6452907955014915,161.9718687051076,30.88471775505985,189.41373557289975,180.84228665914858,19.460976602088362
23,1,36,1,0.0,-456297.361333428,-1.8774299132731793,33.4571776510988,263.94112181197346,15.018128326957438,37.68872451615932,5.776664453415696,162.83728826928737,48.58952160242025,186.38209514723246,190.52355250008026,28.24163926414434
23,1,37,1,0.0,-450039.37564967084,-1.731261290800866,39.094963867144365,268.2522224309713,16.106733755577864,38.08674951565707,4.444495206097416,102.4958362774143,14.734123255758496,158.96881514944744,152.50509736248978,33.798301358090505
23,1,38,1,0.0,-472179.8974042594,-1.480687211579731,45.56917027617856,242.1542483885973,15.570122808210403,45.600972280288175,6.772267979372738,168.28245181695468,22.33977138863609,186.25051197554853,166.2001639152855,28.622685593388105
23,1,39,1,0.0,-458585.68391470116,-1.658678824248597,47.02320387884671,232.67717277574394,15.328070250874221,41.63754794710069,5.193028295712557,158.188067969801,21.048469472379733,188.14066204584654,116.48326931835977,31.73107260341933
24,0,0,1,0.0,-370068.46173166245,-3.442114784586456,33.78513262206076,327.99276052987227,9.379148077761482,50.0,4.596298144549163,128.97451096613585,34.00461766454893,187.038160870071,54.1496897351265,8.442013386315288
24,0,1,1,0.0,-336920.5718042821,-4.183423255420423,42.99170063918358,323.5231912317674,7.167293325430048,49.66722369244903,4.191754720008247,120.44298802808798,37.38069117582031,190.33202720249804,30.04943575756084,4.0
24,0,2,1,0.0,-379961.0437810133,-3.3043717590537183,44.15151111666014,298.13462136040357,9.530337040496162,50.0,4.131170946856118,128.57066053361774,52.02728641844527,188.9774369673083,56.490255968628304,4.0
24,0,3,1,0.0,-324205.8970595799,-4.153456599069693,50.44035429754488,312.5614386763974,6.043061290811303,49.83751839554243,4.258537444792283,133.40792164739452,31.762414979162585,188.02792829928353,25.84493267133735,12.658874431202307
24,0,4,1,0.0,-332679.74328685814,-4.2188574195080335,33.19828232436509,320.9594073817331,6.948724363234307,50.0,3.7345332472349844,127.8335547887259,33.38223985453816,179.14042792262427,23.90346345124512,4.041701015051445
24,0,5,1,0.0,-376610.40627207095,-3.1862181845807926,25.19782825470533,331.06391092684567,10.670196633467189,50.0,4.4902406208328856,136.07167223270855,25.25098163160154,189.94259802707157,42.90702579908921,4.0
24,0,6,1,0.0,-291487.8940973067,-4.002707454147636,25.598080354358693,348.07652260344463,6.009466546185802,47.43451167660645,4.135142067289158,130.05329760091578,53.24929389876593,178.7035571391717,107.1667798731437,4.6659191255529935
24,0,7,1,0.0,-369045.89842615,-3.5079018274727063,79.1064245649788,291.4067333619804,8.481880776398357,46.912829431103575,4.203214161255829,126.82788428031277,35.82602145698188,188.38238105957367,67.20755045948574,4.437657802434851
24,0,8,1,0.0,-377411.0145106406,-3.146229973489181,39.05951681349272,341.9983506574703,10.698165885649964,49.9698919146741,5.462378661893554,122.88099454014001,23.02205095912058,183.16345436931059,80.37349525279556,5.046574951149156
24,0,9,1,0.0,-348287.0391211076,-4.015006032850882,60.13979074478471,315.8249981367679,7.400783282742465,50.0,4.576730731959488,123.94825489661507,43.04266878718056,190.72696711750615,31.672658890741296,4.260438195670635
24,0,10,1,0.0,-403804.6638810718,-2.4546801869707426,55.91107467862423,316.06692687918394,13.091776745206566,48.37687438981434,3.9270622020286403,128.56694485538725,41.90293909396302,182.78420983708267,35.50640410200752,11.400620279818664
24,0,11,1,0.0,-377526.6354137715,-3.054991310565581,26.494599464321112,338.70541736216506,12.072754924176458,44.87989672738783,5.989768658085795,109.64082569749324,39.84449833424567,184.471801756432,77.36295574116025,6.561733007816427
24,0,12,1,0.0,-346324.0221778548,-3.9844981800359385,41.897905149215546,327.25386608477197,7.927711922790525,49.8573641820892,5.157255839866952,129.288833925589,28.074412930850794,188.96348521420106,23.75013794863276,4.104261954385299
24,0,13,1,0.0,-335157.83113300457,-4.086048707774842,32.57873871435358,335.3333445173564,7.544712606690243,50.0,5.213544315582011,120.50356969993581,32.479038415018316,180.68869189839563,43.18189308832882,4.019662943674568
24,0,14,1,0.0,-360982.1565193521,-3.781718732640706,53.417558045162465,328.62527485794874,8.417169770664183,50.0,4.426290366544705,154.14444367159214,28.398576929778734,193.4173997488619,20.0,4.259008072244097
24,0,15,1,0.0,-340730.5732171806,-4.144910861082145,30.807073227985562,286.5398628080624,6.785003439987877,50.0,4.723785195395975,130.30162097266057,34.26164989588596,179.18713262707772,40.53545409810773,4.0
24,0,16,1,0.0,-410587.0184402796,-2.695049418807655,46.04072096493496,287.0142596883147,10.541173091007888,50.0,5.019206706213619,122.11012672238444,21.078963476407484,182.55161736306826,134.89472996168465,11.781118081972924
24,0,17,1,0.0,-317060.11667295184,-4.322633758224648,30.868590013681363,335.91546665270414,6.428543613894947,50.0,3.829835973857272,125.34093724630395,34.51177727943879,180.8958588561587,30.17314941980535,4.767258523650332
24,0,18,1,0.0,-325143.31546600844,-4.249305278121634,42.60548915893669,337.74157758058465,6.508456442444601,50.0,4.3567288466434455,145.75764706878002,34.081988319776656,176.09421248493422,45.244701839780895,4.060129216365573
24,0,19,1,0.0,-312717.3527751186,-4.229650795464171,17.117565321368648,320.2667286956498,6.331870358285076,50.0,5.706994691588914,129.96112301563093,34.297671170832366,167.5863568390787,55.677423731129345,4.179074013778837
24,0,20,1,0.0,-334645.70836602384,-4.219539221614486,47.82468170749658,334.65626324000885,7.086531947241461,50.0,4.4767322614275304,132.3467738875148,35.826984214888974,187.7931902915158,20.824758268649624,4.0
24,0,21,1,0.0,-348023.7564281414,-3.6150090747444805,49.37895816131329,318.6650322942365,7.0890820789699305,46.67359780672535,4.322468328793997,138.63021200385035,39.12165434784329,181.72922169348365,112.41048730658557,11.2
24,0,22,1,0.0,-350827.86968471954,-3.949707525268888,51.22288113685395,323.4605933938321,7.062047581883643,50.0,3.777434022325624,150.03644376532912,34.548298570851614,192.6784837029911,80.47111465474147,6.15260369109256
24,0,23,1,0.0,-36576.07519126677,0.5288406471052064,30.43046681055712,322.8855627353759,6.427239396123076,50.0,2.8368766571907886,134.83251312471646,40.709847554314464,168.65717462353433,56.0,4.116494984901348
24,0,24,1,0.0,-349660.19287921273,-3.8294874406380472,51.0591360999811,332.2927923002548,7.688121066742244,50.0,3.4300067468639823,147.4156945627633,45.271429636151346,153.17899831705532,59.466456793413016,4.0
24,0,25,1,0.0,-389823.15731022204,-2.8428796194025283,33.710303120542555,335.89199611018364,12.296667643965478,45.34925026589754,7.490240583272117,117.12923533504059,34.74304881217474,184.49614040448634,104.11866090575731,10.12644522258697
24,0,26,1,0.0,-342633.53848999995,-4.033587226106106,40.79230778925195,335.76862953410586,7.671133713127508,50.0,3.6033529768077805,128.08673647031344,36.103220484196974,182.87305311185014,25.19261959934491,4.03974805998017
24,0,27,1,0.0,-383190.67923013045,-3.0060855477435053,47.06673551217694,338.34229401410306,11.315034552499705,50.0,4.0215345744279105,130.5433854479182,34.339696323536344,188.61970374667612,21.41634922157306,4.0
24,0,28,1,0.0,-301490.31245423044,-4.26803976015415,29.96606515214409,340.3391805227277,5.8556407157162464,50.0,3.909517787419163,131.92469126629408,34.40242817939523,187.0576200661656,56.334244744758365,4.0
24,0,29,1,0.0,-351006.6093118569,-3.7667218990878224,32.90996293496307,323.7171653896611,8.4228680769999,46.66984781143363,5.344626622531378,110.90939574295658,31.25059176638669,194.0479550127063,98.35710915314107,6.215473048764634
24,0,30,1,0.0,-338455.0404400926,-4.161568335409218,25.772607700811733,323.7268027275848,7.178706380192241,50.0,4.4054060441346525,151.01273082576276,35.47184879716297,188.69165295980656,40.539966889580185,4.023009716855976
24,0,31,1,0.0,-368461.2847822494,-3.370507612124974,37.633764636277185,333.9039121012346,10.023985724541385,50.0,4.529259182355888,122.20940368870416,51.23558318804433,183.2112170928256,27.572875522982173,4.0
24,0,32,1,0.0,-321523.28753510467,-4.309965619854014,37.296556379548406,317.59978378372176,6.16086979517734,50.0,3.766559093940841,135.66477400932922,30.373356591028784,186.62809968453385,31.559320168686007,4.0
24,0,33,1,0.0,-355033.3024853285,-3.7947527268179133,65.21369360759553,338.67936950588415,7.8557168403184585,50.0,6.020840916566208,156.3987054899842,37.5742472287941,179.16444231937697,85.52055931367676,4.0
24,0,34,1,0.0,-339798.9444900155,-4.12932100798498,47.860624908018295,333.5163514715377,7.338706988830795,50.0,4.204312770708012,129.87932966718347,41.86339909601483,188.0203250660398,27.472498130533896,4.0
24,0,35,1,0.0,-362038.2888043773,-3.70279317132274,46.514059813241325,315.1188226219629,8.104553415714477,49.98409931008123,4.2342592321962,127.054916609674,35.525924851653805,185.50826963590296,47.613318142227634,10.316812952077667
24,0,36,1,0.0,-376853.7048675373,-3.325580076568847,37.301416092519105,299.3252197309623,9.552962185721073,50.0,4.025446471427804,117.9203075954589,34.98920445806381,186.80812226514698,53.411808727208815,4.0
24,0,37,1,0.0,-314160.5590622897,-4.253825818865107,39.94780638877628,328.940444908255,6.246814709211997,50.0,6.440498740969582,119.78931250955027,42.777189480266834,186.3327294437556,45.12740142042304,5.914149611220034
24,0,38,1,0.0,-378194.12574390275,-3.1769530363711866,50.825672768944315,334.4050921306774,10.855861368145098,45.83179841934515,4.558148478533487,116.55002437302008,43.23752419075098,169.8111364077928,108.88731918543088,5.011301769130932
24,0,39,1,0.0,-325619.2166301574,-4.3183611138407505,22.819406462226272,312.4406075755605,6.608123774548156,50.0,4.732837714393497,136.13247999290738,33.88046230910928,184.5854577432527,23.144333267012104,4.112368461314849
24,1,0,1,0.0,-434578.5465226642,-2.324370760154951,44.021987891142935,306.8630297286907,12.412610145364972,47.82404139894648,6.408464395241818,177.304909815313,29.924948305366684,189.93487924311867,161.07662956655247,18.617672784489745
24,1,1,1,0.0,-455945.52726352867,-1.5891825707276972,43.52857619155406,259.13463828166937,16.96947821848029,39.11068631517109,4.4099906220985226,131.44774464724563,28.063650916813355,171.66967572494588,120.8100327078936,37.87010716895771
24,1,2,1,0.0,-440009.08502707933,-1.8852616167264553,33.72765223960485,263.8605787336453,15.959511054323494,40.56228412382792,6.428200302722609,121.97875109753667,35.13752659525236,159.30423925791825,126.88410321203352,21.38693356854918
24,1,3,1,0.0,-437459.8691287198,-2.096321148853642,32.97791628880622,272.11038383452797,13.13208114833145,40.80942112203319,4.5407088939614715,102.84600075381836,29.72663977354984,164.48503954547357,174.80712552888667,26.765080574389703
24,1,4,1,0.0,-448558.0499613776,-1.9320397142912085,38.69803818432333,229.33105908406117,14.847065029041046,32.46210589490642,6.240215696478176,145.92986180831517,25.435598407098578,186.2418770609,179.12638246510596,28.712164261932045
24,1,5,1,0.0,-465871.4896252544,-1.610036132375215,37.830769031191096,254.72068023323936,15.520115995386822,41.0,5.154016179704694,118.71016623348038,28.91902405739846,181.57690196115217,189.464636392961,31.67523540374443
24,1,6,1,0.0,-461813.55453045946,-1.7689951694174255,40.579004167643916,255.95093500754632,14.900035359292097,39.21421231782608,4.927844852948089,150.60830159326946,42.612808177673124,172.1943102835085,195.6601222698487,28.771212545906952
24,1,7,1,0.0,-477632.13220043475,-1.3789983686016354,37.93060822529562,273.3764762287221,16.508188420926096,48.277430945335574,7.6332348839082655,171.42376969997528,24.955226301970278,196.98540337722403,187.08471392434117,30.238624006777115
24,1,8,1,0.0,-449964.10429131123,-2.0619149990936023,38.360286289621506,238.1408216686723,12.730250088243631,37.726138639124905,5.145719975238677,173.45011483186468,28.194190940516542,189.41236567404667,170.87628079697885,29.865873354665297
24,1,9,1,0.0,-462908.07495895465,-1.1923983221357397,37.83129705245866,267.0477747519119,18.632735515466944,47.6146228526757,4.66293908933203,110.10065191189489,38.23912847849063,178.7262918829268,104.07761510891397,32.9301674911208
24,1,10,1,0.0,-461514.3481377205,-1.7299406929226644,39.88352847248209,271.8315491572504,13.799502529234822,47.66659370972675,6.431475270504899,182.64841563048859,61.566152490870564,187.13540801562945,154.72053516130836,34.29357011918957
24,1,11,1,0.0,-464199.40848067595,-1.6917509073725288,33.09003007173364,268.40777375417895,15.217454592427137,39.2122583899393,5.58653321775104,168.84046299953445,27.398747815217533,190.63641766714392,185.41545093653625,36.08535312317642
24,1,12,1,0.0,-442727.28483313473,-2.1465002433486515,29.044038419663483,242.29796718602077,12.518834476700903,39.499787548174396,4.888750981720687,172.96574892201653,26.40475443428379,177.65878815214322,129.34020200147503,33.99884182432637
24,1,13,1,0.0,-458478.86315007234,-1.8448173569820365,40.22942941494455,270.7745407172446,15.227283715823555,37.09125782962282,5.420106413053173,173.46553814008973,41.94251127951901,190.09738829502624,192.92070841307103,30.047104944805834
24,1,14,1,0.0,-429523.6834579478,-2.092012641797423,20.26652129362266,286.3846538042826,14.786464218182221,40.80854642670861,6.220998575703515,65.94573995196944,39.10804046707894,192.84171753966288,152.39039179115014,23.783342691973754
24,1,15,1,0.0,-450534.97689216974,-1.864380756614596,47.810029375316304,294.2208251229789,13.453479120353158,43.66762105237418,5.836885592157931,154.25413692896555,38.77642135608655,186.50803655979485,166.45598745570996,36.53036715530503
24,1,16,1,0.0,-450541.27182609285,-1.8520610490749185,39.21547602184447,251.30450830166868,15.183659717066375,32.42102877742014,6.918410813946789,180.04950951248446,26.73745141656462,185.87156631740146,172.67625787183994,36.426765324271244
24,1,17,1,0.0,-465683.50743906846,-1.6360669907301135,35.03696508909972,249.00073743650879,16.045783447465528,39.85149304868952,4.810849654776122,175.00489065059992,26.261044427688915,185.4009976274696,144.77459803789577,34.41412865300971
24,1,18,1,0.0,-406765.4657150923,-2.180792511027785,31.31523985949697,249.7077049180852,14.43596104450407,28.0598864670022,7.284276556099567,99.31473888373316,20.672241131564075,157.12375003816902,135.01523027947815,35.451918676933516
24,1,19,1,0.0,-469466.5137678317,-1.5353212843984987,58.12263796270727,253.13024495208913,15.446832217147414,43.68172490548091,5.4093955925856845,172.58314271835147,33.10412417341266,186.01790684890693,151.23451059524325,35.2290632435716
24,1,20,1,0.0,-434366.60841745214,-2.0227200392634286,16.931178876561454,251.7006434572871,15.472045554422811,29.955262555556363,6.312354034210689,140.76359501225184,10.94371421239818,169.032616447389,180.42567997841104,29.594082235557998
24,1,21,1,0.0,-437313.62999529915,-1.8922293998119708,50.120108609654835,239.23935252720878,15.652189227378813,26.29543924645796,4.077344200339031,164.06093204558732,24.49268383298411,178.49577143347184,161.76124672818418,39.21983835766963
24,1,22,1,0.0,-445202.3990492575,-2.0127401691792604,43.18789177759694,245.99183965962524,14.023366497575788,40.746647162905965,7.533688004172161,168.926581811974,29.25850913863234,179.8728190551415,140.5896428166559,23.303960051016567
24,1,23,1,0.0,-457815.33254160953,-1.749295112704474,20.06099394904022,243.72181196742042,16.08418568723046,38.846136560193564,6.60510234949122,187.63418126949404,20.046339016773345,177.89767253396104,132.10779127487928,30.264075128116307
24,1,24,1,0.0,-465803.47724109876,-1.578427621090707,39.2924333284823,250.71321734931314,15.183281124883631,46.550826584312496,7.885279799152238,183.292419768766,27.686572479468637,186.06739812369838,143.4947021349233,29.933272041085647
24,1,25,1,0.0,-446078.81567584304,-1.8126109835609285,40.62280336782756,242.45665920659445,14.659886995836892,32.6997036566074,7.079971352923046,148.33655766405607,10.862153454000342,181.0214495874873,179.82031269546678,36.13489601917504
24,1,26,1,0.0,-445757.551337923,-1.9432375738850978,32.43411900806982,248.35409693973278,12.818498056473748,36.056753392441315,6.32829778168734,177.84258799966767,34.02371514705374,175.08227595309305,176.96796500396604,36.729931782386195
24,1,27,1,0.0,-433602.02970269683,-2.065584095685472,31.213413847387002,270.46674808631394,16.31212281446936,31.81885565413323,6.715193595236041,172.2984857348717,36.921147379361344,182.48772882355217,113.72593874293602,37.22134977563882
24,1,28,1,0.0,-464722.66226134903,-1.9054209573412286,34.12260038874628,246.0174435052443,11.648907246524304,48.960496458256145,3.9948330578648052,167.24085804451383,30.434801177067463,179.12391077896035,192.62967671278506,28.183678489952836
24,1,29,1,0.0,-470543.7832984865,-1.7099218135993177,35.36273954808261,245.3376490695671,12.026239126063377,48.39661107571715,5.429151131473426,175.02093040368047,30.568268827434284,187.03370294858638,187.141865738039,37.59892176026292
24,1,30,1,0.0,-404745.65168238996,-2.166625999676866,40.571827208854444,263.53803717639585,11.72112123746349,31.7165704951883,5.56122052165736,133.61162773473683,30.187822635929944,180.9326415374976,161.00401943756427,36.23577247360213
24,1,31,1,0.0,-471982.9525286174,-1.4898506224117694,19.297593882099306,248.86267610208031,16.239848886752522,42.13150774064265,5.395066162587075,142.80611498130054,45.95356261287448,186.52167027811572,165.83277839407586,36.205542100689925
24,1,32,1,0.0,-372652.64872409025,-2.5717110708658746,50.16440201637447,269.7498482044257,8.056043151406904,38.418454492147575,5.99561161894474,180.89122640587996,42.21512594465379,196.03881260364224,151.40541641201236,28.564563549291094
24,1,33,1,0.0,-52617.259936912305,0.5647473110302423,69.6040515173079,259.7468078565301,14.194266837095022,30.512568034938226,5.826005949503326,173.9972133549172,24.73856001292959,188.3092337250291,114.58389554531463,20.138007374475485
24,1,34,1,0.0,-441474.39959949924,-1.9041633901514177,34.85720869024784,268.3908552467241,15.908224135909244,30.15973938047192,5.888258906934203,150.04325638710802,41.25604787453344,181.9056445145885,189.9304970634261,33.184457874446835
24,1,35,1,0.0,-447429.6195592337,-1.9543412640822377,39.2509262344103,284.8744634334464,16.098936502070792,38.23133485934875,4.743465236463453,162.60759513923657,27.434460319759516,185.84744806335203,144.84228665914858,25.870724712519632
24,1,36,1,0.0,-453583.97623248585,-1.8169700778612037,35.71828685391391,240.9487498559111,15.085274642798773,33.06158407109567,7.576664453415696,179.7621401487285,58.15252079520853,186.4285985355462,182.3786480840059,33.985968459540445
24,1,37,1,0.0,-461865.1121821013,-1.6780476204941421,40.60784853664161,260.50916778783505,15.220367876977654,40.16654239627409,4.888934487592433,136.4958362774143,22.547405400814057,167.6060579353342,180.06252397871924,33.14703973527849
24,1,38,1,0.0,-470389.03668663546,-1.620901217451827,32.72687514897793,266.2518108694909,13.900195851667329,48.50936045852593,6.593040068108773,178.10158939024714,40.339771388636095,186.10082195281646,173.75025463696875,35.82268559338811
24,1,39,1,0.0,-452514.9906821948,-1.8936118040990626,43.04141474814184,227.67850185498247,15.80764115029363,32.63754794710069,5.744827730546216,171.57820174336206,22.696820400298748,178.82186687757758,152.48326931835976,28.32597914836934
25,0,0,1,0.0,-373051.28226834454,-3.3317927891336367,39.93756610078779,327.81286102207355,9.930345163578249,50.0,4.810655017495116,117.64750805621668,34.76333397637233,187.56444459603622,50.54043829854558,6.013314464247559
25,0,1,1,0.0,-336654.47903798165,-4.1602127310753,64.99170063918358,332.58819550234267,6.944397134034391,49.931392241211846,3.924708591998579,123.54956134816074,36.07323428889204,186.31340584029638,23.020886544176214,4.0
25,0,2,1,0.0,-346355.26913607307,-3.940999266114959,24.67285602993231,324.3876828765073,7.834616291172761,50.0,3.8188317859935257,134.85334864377805,59.91160801039066,190.124133956184,50.49931588028295,4.0
25,0,3,1,0.0,-375054.6181136575,-3.381331779569576,61.265760785649114,321.8362733655018,9.043061290811302,49.92664970081905,4.281526986225347,125.63490885254208,33.64897199317129,188.54244964896887,50.269010197130015,11.679175037280245
25,0,4,1,0.0,-337517.80657172494,-4.206820744228544,44.65857377451279,319.98954053477047,7.026942841674686,49.55621826491827,3.9346110181450653,128.9591727035269,34.03133339042925,190.74340051700426,25.228276391634914,4.0
25,0,5,1,0.0,-354127.3010382279,-3.7275375093333176,47.19782825470533,334.90554238185035,9.119699241536333,47.76689072936917,6.15703675207017,118.08912151232995,36.061194611051604,188.33457090947138,36.27037873117844,4.0
25,0,6,1,0.0,-328702.68631548865,-4.1369752252733685,37.44148611295868,316.07652260344463,6.819728485236828,47.28431975157935,3.8359273700797822,121.7378364191725,35.24929389876593,174.2462910818159,71.1667798731437,4.272136834401715
25,0,7,1,0.0,-343498.4212588538,-3.992004023853549,60.58540301251899,323.4067333619804,7.095038209924648,50.0,4.37504679723156,113.08082674421941,34.73896325849974,188.40865386605265,78.87805857578698,4.569301058316528
25,0,8,1,0.0,-345252.54987399804,-3.8860940600015352,61.05951681349272,339.66154719302733,7.6981658856499635,49.99720610000799,5.782714974856184,122.98197524835182,17.536285742780258,188.98039552666006,77.2805199200537,4.0
25,0,9,1,0.0,-348706.48040501005,-3.9690541230271816,50.28052874659614,316.8609282561729,7.62581175550971,50.0,3.683028665902768,114.06023975637083,34.52828145656622,187.28440103830522,30.04871395594779,4.389140544461634
25,0,10,1,0.0,-396954.94813387026,-2.938222985948418,55.544146960129034,301.2357661320811,10.091776745206566,49.44772910867326,4.437461120401696,125.51679435870868,34.02608481554429,188.83618009469848,67.67159796296257,18.600620279818664
25,0,11,1,0.0,-361139.1216901343,-3.61062925337865,38.85890829495857,322.9593324939832,9.4020014156637,45.340918322932666,5.982578717673226,126.59579718905891,57.84449833424567,191.49621474144897,56.49566294210471,8.585022910503307
25,0,12,1,0.0,-347433.3413938893,-3.964394227570139,34.231907399386536,311.7228302905105,7.56294689275537,50.0,4.477236747855924,126.16595891680282,29.17795027692757,180.35947981091505,59.750137948632755,4.080138732507813
25,0,13,1,0.0,-326262.249928479,-4.238991165061476,37.35734202411175,335.6141801668948,6.996652324011707,50.0,4.608745344815314,121.75353499063031,35.63812779922266,170.00259734771566,24.191345274058193,4.0234447646624805
25,0,14,1,0.0,-359438.0861036519,-3.6455756581750856,39.25822261860489,333.67537532834996,8.832881374817097,50.0,5.569501903141287,127.25314528070126,35.69554262411367,185.09746115711414,56.0,6.182148087647186
25,0,15,1,0.0,-38832.498943707935,0.49229800036541943,19.660007422510056,318.5398628080624,6.54826954447803,50.0,2.9237851953959755,133.84346705805518,34.950506420646086,189.2481918023455,36.397673265810326,4.0
25,0,16,1,0.0,-359954.4844141495,-3.6600647517749287,44.20294158337556,319.0142596883147,7.541173091007888,50.0,3.35926124689647,124.54527185618318,39.07896347640748,194.03982646102477,98.89472996168465,9.279734437860622
25,0,17,1,0.0,-330363.5517145741,-4.2062402957388105,31.25112736969077,323.9919881603617,7.008724108189791,50.0,3.6842284143367805,116.7715029491542,37.88274955681126,177.62339177567333,27.724302281700133,4.101321558739065
25,0,18,1,0.0,-319360.41649879643,-4.34941096076251,43.13851602770488,332.92662810772896,6.268260934545365,50.0,4.848973634767492,140.78010172015638,38.21454447114572,185.84865201039656,27.36696059354132,4.069669948970049
25,0,19,1,0.0,-337864.435050246,-4.063805008660991,28.589644495775786,339.2997734987341,7.749777943435635,50.0,4.329731734847289,132.33068216352572,28.203972886656818,179.5863568390787,22.579410429525268,4.12183937460092
25,0,20,1,0.0,-345318.58629761095,-4.020103299414985,44.49572471998735,320.5978413187051,7.280497144244174,50.0,3.8559106310724607,136.01496569708752,35.69488963769743,176.22086318453373,56.824758268649624,4.0
25,0,21,1,0.0,-359922.7620283729,-3.443094313660005,58.13174052570847,312.3916631154929,7.339336358391921,50.0,4.314445741368702,104.63021200385035,41.32152566924096,170.0445670359802,104.97770620591734,13.472211685843009
25,0,22,1,0.0,-353932.8741030269,-3.9235483886303264,50.41969458166978,321.5685279997344,7.233123391998549,50.0,3.9208975941870587,165.7542042086839,40.858829955608954,180.6784837029911,44.47111465474147,9.563509890561486
25,0,23,1,0.0,-325192.4287547292,-4.102397295969303,44.058168625931096,330.21699512438056,6.322429922505068,50.0,3.0423488012020288,125.3461789092505,38.0546217656794,176.87870134165874,68.71056476142024,4.993988857656539
25,0,24,1,0.0,-313405.8727671397,-4.160706642883542,59.913851154628645,336.85880469799696,5.9362380131179675,49.50831172943845,3.138621835680354,147.02798079428482,43.252510289779906,165.17899831705532,25.194958578411665,4.0
25,0,25,1,0.0,-410308.51396342576,-2.0937399114064235,33.6159210485183,334.3551799718633,15.296667643965478,50.0,9.290240583272118,108.49839913971222,34.51763967239196,180.50130912451203,110.92953940622732,6.241532378690136
25,0,26,1,0.0,-332598.9206726947,-4.189509772243974,41.00375896728446,332.95683701813516,6.998928675664404,50.0,3.2476287629682368,125.26108246504918,37.95977529044933,180.86909727389693,24.510794370446508,4.020139758474315
25,0,27,1,0.0,-350369.9763815879,-3.8829063633340497,36.16344959951396,334.74914988344585,8.315034552499705,50.0,3.9236121061339055,129.6336209997047,34.947474252273466,188.35216737943605,20.338058472462762,4.02149305386442
25,0,28,1,0.0,-336842.26121062995,-4.060967875547922,50.032546580036175,346.31566341150153,7.223784694904238,50.0,3.677603807216472,125.58261512376765,34.762393805218515,179.08077930419896,62.61668203081686,4.0
25,0,29,1,0.0,-344696.7587137729,-3.8646386099263292,31.81222741780338,291.7171653896611,7.724132016079652,46.072656038663645,4.3812159554240315,80.53011150017997,32.23748393563142,186.0691146643365,62.35710915314107,9.54959086470225
25,0,30,1,0.0,-337789.90320555324,-4.181494676606958,47.77260770081173,325.551183733355,6.926589458027198,50.0,3.6965573737750548,135.31543609949404,34.6819009501419,187.24913302642426,33.03553353852681,4.000844524575225
25,0,31,1,0.0,-326403.25435185374,-4.256572871231693,25.968655819454746,335.4221703721448,7.023985724541385,50.0,4.203472670953716,127.64688808626674,34.736047923777,183.67085206688105,27.095892861035132,4.0
25,0,32,1,0.0,-329409.70840268006,-4.22856299246639,35.28628330320375,331.59648347292915,6.77846719165801,50.0,4.141704970561915,138.29537835324925,29.04631650484297,181.5625964856402,44.47968474516043,4.070260289214447
25,0,33,1,0.0,-361814.25025175203,-3.658173715657239,47.89589999071205,334.99724298335434,8.699555511418831,50.0,5.461895718956461,165.0013725219424,55.5742472287941,176.1706782247373,51.858829604129276,4.0
25,0,34,1,0.0,-342240.1518491875,-4.097221479527803,56.01397059993367,330.50438224861455,7.319278193544866,50.0,4.391910466725184,132.10149724318612,43.22255709327559,185.87037566596456,25.963554608515246,4.0
25,0,35,1,0.0,-343501.28682886815,-4.018242055541145,43.00333962049041,332.63957483343415,7.5987566085344564,49.97898851886908,4.269432852395803,126.75277431751448,38.55088529429618,183.41505700534606,49.360172558171485,4.0
25,0,36,1,0.0,-341449.01052705594,-4.203062205193843,36.94881338525991,284.6397244179733,6.5913259290715445,50.0,4.035058351637751,140.3548130689793,45.65383856300694,183.4727094361588,21.167827047346222,4.0
25,0,37,1,0.0,-297192.9332446395,-4.311375142289819,37.8888398701784,307.1139145352206,5.567219581672338,50.0,4.923176746225977,122.31902839449404,41.03682345548671,186.42782741334983,20.058040100675562,5.535047235803265
25,0,38,1,0.0,-402399.957629715,-2.4691831936379853,44.80442377978792,335.0594691350813,13.31367739127695,49.14405965837157,4.384855735793263,126.35607864316538,47.62948023218772,161.52202418362833,72.88731918543088,7.690749177305043
25,0,39,1,0.0,-328386.65793739946,-4.284934146685367,38.33821519643722,298.8268981706685,6.175118873616051,50.0,4.382023255631132,145.06660346790065,34.406727028756116,182.55505937920069,24.839770067222656,4.074870687054805
25,1,0,1,0.0,-427122.42037978605,-2.5471089201925086,47.16352104830881,274.8630297286907,9.428365821358499,48.3879863180959,4.6084643952418185,191.11487377493503,28.96452438838393,185.02838755134619,145.54803981463832,25.817672784489744
25,1,1,1,0.0,-447349.1101582501,-1.862823227722281,41.95688813128137,278.2150489055972,13.96947821848029,48.11068631517109,3.921301271185742,153.25543716661286,29.251265321770354,162.88732120959023,107.95410977610717,30.67010716895771
25,1,2,1,0.0,-455702.352374749,-1.6205151628929375,55.72765223960485,295.8605787336453,15.896072329446419,45.82558130590067,8.228200302722609,153.96952733862483,51.709186134255916,161.5538358851937,162.88410321203352,28.586933568549178
25,1,3,1,0.0,-415632.34026748355,-2.3918354722001496,41.39569281171588,285.3735850681604,14.52036518056656,31.809421122033193,4.6180842288856345,104.12868198231018,43.423301614631,176.48503954547357,189.87748067975122,19.565080574389704
25,1,4,1,0.0,-475079.37943218247,-1.372031558389503,24.389239381416317,261.33105908406117,17.847065029041048,41.46210589490642,5.858876364606823,123.9812895955645,40.072292651839135,186.82617459855453,190.59147046671816,32.61792712214252
25,1,5,1,0.0,-434447.1418705998,-1.985788308118364,38.02880859282145,262.6504887379424,14.473361803848258,32.37892274475084,5.020244942442792,107.48404530733649,29.120727355402764,183.32430580382518,180.59275332516359,32.79802021844202
25,1,6,1,0.0,-448445.9727128764,-1.9074595616364327,40.870159052110964,258.40402522413217,14.697018717703346,36.857098204264496,5.468726072747579,116.60830159326946,31.185231823092508,172.28448302778594,195.87164856643835,26.878021896388248
25,1,7,1,0.0,-457845.5464720752,-1.8353047075287083,41.06373279029506,274.02432355246555,13.508188420926096,49.04787326638829,8.721045583736,165.94831125710508,30.833179636942653,187.25084854312092,192.9482902109887,23.038624006777116
25,1,8,1,0.0,-462992.9351257565,-1.8299313438694378,38.73316081957451,259.16377708467957,13.413817887022423,45.276782572620064,5.644224364083825,172.6506790438304,28.995965275496633,189.9784015258606,181.1672621800629,29.01427588912866
25,1,9,1,0.0,-456925.6461337612,-1.685332385790974,39.887562277431854,265.17868700461264,16.875599986870018,38.6146228526757,4.5535368061611585,135.37180388421012,37.11973817100202,190.7262918829268,140.07761510891396,31.991409858543644
25,1,10,1,0.0,-466909.8947825952,-1.602185741928941,49.2499078029116,258.9191184012671,14.860636206751709,44.63373623171338,6.894388502441072,177.0187273133902,54.82925057736732,175.13540801562945,170.6304985471268,32.27487595485279
25,1,11,1,0.0,-475453.6154136495,-1.586088398128421,20.383234418617242,251.8633586316507,14.517515861441492,44.226433729556454,5.956521606731345,183.68749057212474,31.484688724690898,190.08792618101583,187.0395599892454,36.405224288095674
25,1,12,1,0.0,-440735.2994939946,-2.1638903563042517,38.844835998438846,244.79214675733087,12.917597981198151,39.81424784704862,4.8044607020370655,165.8350496974098,28.803229191708095,185.84073908308383,115.31146542091746,32.155436689328674
25,1,13,1,0.0,-452561.80392158555,-1.9055125625501252,43.253080497620175,249.83704227924105,15.98699722141354,31.59753852176664,5.476366279331653,179.7329522404884,55.753909280103244,192.74368713756496,167.24083697163186,32.27668219108611
25,1,14,1,0.0,-416927.35373706435,-2.2518524016976302,10.0,266.43329331732133,15.242134008260566,31.80854642670861,6.735165195581665,99.94573995196944,21.108040467078943,194.9599198880506,127.4837822382772,30.51802315405974
25,1,15,1,0.0,-470284.7988147336,-1.481373243996948,47.478917859426275,285.0718269299019,16.396824452925348,44.58277485041998,6.710389192046406,164.91410766946146,55.579999789574316,186.79507080533332,177.89715310302176,34.58480277111963
25,1,16,1,0.0,-477430.394368405,-1.5105582000007811,34.87712090780876,239.55021172343444,15.198276998751592,41.42102877742014,5.73357707216509,182.17932447238724,25.620198254482556,187.0697622770582,187.48205161580142,36.583459426746956
25,1,17,1,0.0,-483558.00600350683,-1.3758280179434976,34.731013006712196,242.26287612137062,15.674884084053183,43.716053892749116,4.44748591716352,180.22885044544273,33.89428172218852,185.49251675294042,180.77459803789577,39.479756199974595
25,1,18,1,0.0,-437662.7806751068,-1.9668071180735909,22.62990219933737,234.0905955190446,14.867148129470982,37.0598864670022,5.484276556099567,119.8703750043008,25.651748044549066,162.51514629835444,99.01523027947815,34.886996606196064
25,1,19,1,0.0,-470793.95464944665,-1.3476076721768855,57.74908906752823,268.96692706862837,15.717997318089829,50.0,5.497239696278202,162.7295291214849,30.957688804654946,178.47968525776778,135.6001746768566,40.0
25,1,20,1,0.0,-400063.7536212662,-2.012527350703494,22.881950050148518,237.5808556719513,15.877426992765798,20.955262555556363,4.978474913864499,174.76359501225184,16.542144940751946,161.67009614987504,163.51551663395145,34.98152032884205
25,1,21,1,0.0,-457719.62894119887,-1.7692730767025167,28.120108609654835,233.6079095906872,15.233723088184842,33.44912097153765,5.138564820156981,166.5879153217396,28.22555656043494,172.66545469753873,162.01544734742563,38.783341918788516
25,1,22,1,0.0,-454590.16721002315,-1.8825140642565592,30.22292700206289,277.99183965962527,14.871187407112387,42.103422107453376,7.6054039752735,168.8369663593475,33.705298007637055,190.63159982397377,176.5896428166559,26.44677665661489
25,1,23,1,0.0,-440675.0205089248,-2.06947664085808,23.065451639717203,238.6065358669227,13.084185687230459,39.39226394910895,6.4844090850826985,186.42187464285809,14.975811948820798,165.89767253396104,110.66924666771352,37.464075128116306
25,1,24,1,0.0,-451690.5670603716,-1.9048338168174064,48.766028590790434,260.1131702296795,14.516894781657575,38.51092659380892,6.0852797991522385,149.292419768766,26.353461351894644,184.76998378303455,179.4947021349233,27.71247866115994
25,1,25,1,0.0,-467488.94519678655,-1.4557450177123936,44.94489717639817,245.99461405991107,16.036103316927036,41.6497695039374,6.863667029811593,114.33655766405607,19.03908335320346,177.46797282296959,176.1362554014323,35.499680849394956
25,1,26,1,0.0,-478074.9474620053,-1.4351899817080782,37.84255500646578,245.97176594782277,15.412854962129657,45.056753392441315,7.077147313066623,179.33252875076846,30.47407907019814,176.78701685628195,185.5190191532735,34.287178236245204
25,1,27,1,0.0,-431464.2777312576,-2.0051779252149577,34.61217245328425,238.46674808631394,15.391989838955146,28.10091524486053,6.67439856207284,143.50096784306444,42.9950513518647,183.72318492040148,145.6704638383237,37.294535921014194
25,1,28,1,0.0,-472729.559032045,-1.6469916337066943,37.50629542277842,247.28788263086903,14.648907246524304,46.992661975640836,4.096577106900743,180.34272465185506,36.334089671693036,179.12496003552033,193.07882445768436,20.983678489952837
25,1,29,1,0.0,-464594.9290510002,-1.8358701214745996,37.7537319636656,248.63081544676822,11.431417017857251,48.48783618402611,5.438686772386214,174.48724831674542,32.092329427587146,186.97229111472035,188.9920221885336,34.8129831988016
25,1,30,1,0.0,-421765.9503276812,-2.0400574701393843,22.259779974953382,236.48542183531265,11.655505833558735,32.01791914363351,4.725454638603604,157.78708057874294,29.186748739777826,187.98390238815398,163.83075902636287,39.894457342479825
25,1,31,1,0.0,-458639.9486132578,-1.7474043197822293,34.81783059081016,262.5096234472771,16.197203309275494,33.13150774064265,5.3089408849374875,176.80611498130054,50.932013385454106,186.50729395968776,178.3637754673426,37.691476433049225
25,1,32,1,0.0,-350665.56143350876,-2.5381209041296566,52.913291569235156,301.7498482044257,8.406117464204318,34.89642551955561,5.524499789640422,176.41842431886866,47.07328599014576,200.1416305301453,141.52354206731886,31.09390211209411
25,1,33,1,0.0,-434730.69882988476,-2.0575149991962736,47.604051517307894,233.56687474738567,14.68490489366257,39.512568034938226,5.337509285142145,162.02650764464602,24.592384399450975,187.9479967902633,78.58389554531463,17.981497008596307
25,1,34,1,0.0,-408088.19909852894,-2.1270024102435565,30.542166962275832,252.46368619398692,12.908224135909244,28.330293331460297,5.268985879454025,132.76462156326545,33.188232884727235,191.03227758012034,174.04988576521876,34.015370537319825
25,1,35,1,0.0,-447408.1951677047,-1.873364951757985,40.351303064484945,257.6771709234652,16.022764392223305,37.600533962414744,4.665261966389742,168.932587128736,28.20152121705798,173.84744806335203,108.84228665914858,32.05579778354013
25,1,36,1,0.0,-470614.1065665768,-1.5070365240603938,39.13547781349173,272.9487498559111,17.770076264319645,38.86140197143044,7.961358930402142,178.74544485849637,44.26295158470714,187.23343651300132,188.08466080446598,31.900928145606215
25,1,37,1,0.0,-457852.14770269784,-1.8184907578902303,37.9205817534347,262.2803932259893,13.328806977046973,40.39321511863644,5.640163295974516,170.4958362774143,30.96886190431583,179.6060579353342,186.36179681026812,36.2281610411685
25,1,38,1,0.0,-474986.0068528801,-1.552994460634247,44.56262292329457,250.7300127161845,13.275653215002674,50.0,8.047084085142068,182.56823207910682,58.339771388636095,187.349523010441,197.47035061492997,33.557668559071516
25,1,39,1,0.0,-407786.8020039725,-2.18078158080608,46.00724205279039,259.67850185498247,15.907181539214621,23.637547947100693,7.544827730546216,170.57070915455506,29.9783058562649,174.93940391288587,138.36659039915887,35.52597914836934
26,0,0,1,0.0,-388587.88812280446,-2.9487491444392004,45.78013516733082,325.4935106936351,11.174320759995314,49.973799351254776,4.336853861653653,113.6100459655762,34.13658041201407,186.48338464202934,86.54043829854558,4.386680515223197
26,0,1,1,0.0,-312882.2242078627,-4.228585591807991,66.25763395377655,336.64910562105405,5.937350163638448,49.63734097192926,3.916096077883669,126.04898206836324,38.322988730610696,185.07351858799802,29.838411513228174,4.0
26,0,2,1,0.0,-367872.41901153873,-3.5681446577316605,41.32318453604914,315.4613357912968,9.051779997317235,50.0,3.978586700476692,132.01585941351019,41.91160801039066,189.64527073025795,29.115257047795176,4.0
26,0,3,1,0.0,-351226.4075935666,-3.8971522330879464,39.265760785649114,329.8061593756717,7.924336969125406,49.985914379064035,4.464552841637847,135.50826346609017,36.01394723995811,187.05876637492617,56.531602942940644,4.993373168401666
26,0,4,1,0.0,-346580.4538198686,-4.033005754492712,36.18771179011763,312.3608301508976,7.689885332694833,49.31632631580451,4.032836882990064,127.58773055132525,34.507512564083584,184.8288890894927,20.128303359724498,4.0
26,0,5,1,0.0,-351455.8277199377,-3.8006418149329475,41.269309411830776,331.7745717593279,8.679781967765196,47.53760735292967,4.3570367520701705,111.17511368683458,24.8721331964514,188.1665637020874,61.85734618512589,4.0
26,0,6,1,0.0,-333090.6343024354,-4.217982307509227,36.72558315421107,314.8487177118047,7.290434179472973,46.15276502906325,4.031516936675525,125.89595044333255,25.714187478691343,186.09850703060644,35.166779873143696,4.0
26,0,7,1,0.0,-347846.20983056305,-3.953418220898636,44.67114559115914,302.20587106159604,7.56744787851038,50.0,5.435229971474165,107.7308811286642,34.123078515426,186.27908321771628,42.87805857578698,4.7973299894214145
26,0,8,1,0.0,-346803.2305312683,-3.903497707588438,54.24921690492933,339.20538084017744,7.52347910270414,49.996787232249964,3.982714974856184,121.28874568280548,32.58944658995361,187.3331249611254,41.280519920053706,11.2
26,0,9,1,0.0,-328564.5196286217,-4.284202448878896,49.841737241347865,318.9396397169182,6.399871894599615,50.0,3.759244772542322,127.93355294460353,36.603206077879236,187.3040342967512,26.2629023295074,4.0
26,0,10,1,0.0,-340215.65425220534,-4.052920073916298,37.043623194305546,287.6433257103414,7.091776745206566,47.713395115593215,5.267929728368815,106.66447534443805,36.271742638508535,185.9035636028207,31.671597962962565,11.400620279818664
26,0,11,1,0.0,-384048.2788289249,-2.996124082204684,41.232804081468224,331.3355634169424,11.35426545504101,50.0,5.41060566967918,130.82706692731148,42.11575837975632,189.77129786953154,22.03834014726327,8.710146797110212
26,0,12,1,0.0,-381031.23192475183,-3.1478836117797493,49.82711585771479,329.53606252784687,10.56294689275537,49.91465603793148,4.762174697387364,136.38304483443198,31.914487231699134,180.14805518650118,49.31586117985461,4.135284360519011
26,0,13,1,0.0,-332830.921735469,-4.187510406960266,59.35734202411175,330.23182055093173,6.76913103531141,50.0,4.268093547521268,128.95787574115505,33.158493479634636,173.69409807992275,28.174678766285655,4.022340265924776
26,0,14,1,0.0,-347229.69485550304,-4.015469782810587,54.01667676870806,317.8983173175386,7.080991662972265,50.0,3.9235787213985356,140.7459282340216,25.647430392298354,184.12915970153074,67.57031438538417,4.0
26,0,15,1,0.0,-326178.0982975524,-4.3219743250333,29.94853842279022,313.34290466326877,6.428723142388406,50.0,3.8295391384224886,130.60854494151923,34.25206990259305,193.12287629125836,31.335921805584057,4.0
26,0,16,1,0.0,-347417.3478298262,-3.8486009921720354,35.8052768574106,351.0142596883147,8.065192298374066,50.0,3.353493166207306,130.59875588123208,21.07896347640748,197.4763357428324,62.89472996168465,5.242673529709446
26,0,17,1,0.0,-336317.6407396603,-4.111379908435725,53.25112736969077,329.4080474594022,7.120036677623284,50.0,3.677132259519681,117.2798479806361,36.02663747749533,169.3096747436909,25.406252817583884,4.448825810629483
26,0,18,1,0.0,-348234.4128652033,-3.881159542052413,33.32444904064468,321.32181530209436,8.160948693191827,50.0,4.884624722815735,120.22672721350676,38.96324572614573,173.84865201039656,30.730236018220193,4.0
26,0,19,1,0.0,-347513.25903520145,-4.0050665236655165,39.83368983866735,317.86972980974116,7.536886450086751,50.0,3.616128182206724,127.39316307536748,29.16928697906726,189.86343950335927,36.845151453033424,4.518476371350527
26,0,20,1,0.0,-340528.7010295365,-4.080467885191759,22.49572471998735,319.0828664986711,7.331127229674001,50.0,3.553950445539166,136.7323250446561,34.23449430066321,186.53063668199906,42.34180261840655,4.0
26,0,21,1,0.0,-305572.63032873935,-4.080544266493397,40.693037014374354,336.9901254672733,6.003813076408013,50.0,4.085183051608637,103.43646266391129,38.145958758694434,165.3518343559274,68.97770620591734,6.272211685843009
26,0,22,1,0.0,-354756.6078587017,-3.715512920253929,41.81295402552952,334.0631645682272,7.6753380053207945,50.0,3.747228932927643,155.0986683931373,52.6789293807386,168.6784837029911,70.92977309160878,9.537688383032803
26,0,23,1,0.0,-337290.8907009209,-4.239292806245006,38.13955979687326,322.0348735813755,6.777889999224702,50.0,4.073511249870703,159.3461789092505,34.21025698137741,188.87870134165874,32.710564761420244,4.031272559510864
26,0,24,1,0.0,-325478.5600568114,-4.165637422379398,51.11731916780379,348.0726329947426,6.6399306007579435,49.44203768654718,3.4222935276078057,128.39371756713095,38.96689382475591,177.17899831705532,61.194958578411665,4.0
26,0,25,1,0.0,-386855.46291829034,-2.8317426582603797,35.29022743475155,334.54304015603134,12.296667643965478,47.4440348252504,7.943265474234263,111.41664847881327,34.659480818757395,186.8986310972379,88.00156595950139,7.094616263936967
26,0,26,1,0.0,-316034.0446557851,-4.333821287366797,36.75150786880473,334.18872501473624,6.265684330385673,50.0,3.360472948840561,122.15759644655857,36.08578561508298,185.03344683772738,27.022470585664816,4.017624846447168
26,0,27,1,0.0,-364672.60630047455,-3.535473571228125,44.48794490435928,329.6458205362589,9.277627638725596,50.0,3.91888652660174,128.08544996307,34.638197248895885,177.05528548290255,21.105267907434555,4.027244217063045
26,0,28,1,0.0,-348423.9671642987,-3.970590768545013,29.904697489714167,314.54526080160156,7.789158593473991,50.0,4.593222511461464,131.78019215610178,34.81081408091886,186.93339636119794,40.06577664609058,4.0
26,0,29,1,0.0,-356590.58276363893,-3.4588247197292037,36.6401217549652,274.99342212615034,6.818717767031466,49.97219122145773,3.9502405997748786,84.10767605010389,31.56674869635009,192.05536839649375,98.35710915314107,16.74959086470225
26,0,30,1,0.0,-335755.98338331515,-4.189877349821133,50.84265203069143,332.11709605350404,6.949411984076273,50.0,4.048789383039331,133.36104718173368,35.098943515715135,185.55761798059845,33.15841081952048,4.00569191507607
26,0,31,1,0.0,-349910.2217136272,-3.901310245988325,38.58089887155033,334.08791068649305,8.19279372160065,50.0,4.042920254754378,130.54643692169145,45.63186952406411,186.92695989664261,27.159029463113814,4.0
26,0,32,1,0.0,-322048.0378296931,-4.286273413549294,33.58500974796556,325.0228610401189,6.462324034125535,50.0,5.190933163474153,137.51647940837086,35.949395916143985,177.1479497187641,40.86796827514314,4.055110544079693
26,0,33,1,0.0,-385714.1288857574,-2.881551016888008,25.895899990712053,334.23476144352287,11.699555511418831,50.0,5.051123378668034,131.0013725219424,50.24354979244949,168.30634320587708,87.85882960412928,4.0
26,0,34,1,0.0,-312024.02118792903,-4.329585874059543,46.9589881428159,333.7728745570529,5.984374487384398,50.0,4.012705631952319,131.47853857718158,25.22255709327559,186.99737837296013,24.07506149046648,4.0
26,0,35,1,0.0,-325410.3910232514,-4.174369927892227,26.674775379356234,330.9388045654039,6.992334156606216,49.98023833529641,4.002279919840287,118.3694488741329,54.58138996214411,171.41505700534606,42.69521337300602,4.0
26,0,36,1,0.0,-330829.3410096963,-4.245032459813316,33.07937727778037,308.75050859802496,6.280023388550505,50.0,3.983039216605499,150.40569789854214,49.79658222727518,195.4727094361588,57.16782704734622,4.0
26,0,37,1,0.0,-367684.97369843174,-3.5946151380708153,38.015264957677665,304.1832380192737,8.567219581672338,50.0,4.105537961049,125.89218283900678,30.25858677635633,186.79620071199795,49.63781322862774,7.370063154836202
26,0,38,1,0.0,-373510.15941878624,-3.2077480046617373,26.601962408123953,335.15855200721813,10.31367739127695,50.0,3.5825123005786326,122.6428676881165,51.05696371662483,173.52202418362833,40.30032558724739,8.383868148786405
26,0,39,1,0.0,-332058.80865620193,-4.252591207198374,44.90546060705525,300.78302665710146,6.350506612135606,50.0,4.152111464725904,130.70816163895276,34.04431954638087,185.3092344531056,30.58850611400792,4.0547346008031155
26,1,0,1,0.0,-441893.2154347504,-2.0304422999868295,43.49571512835998,306.8630297286907,12.428365821358499,48.45131884215936,5.742657618733976,157.11487377493503,28.261949049925846,173.02838755134619,148.6713148250295,33.01767278448975
26,1,1,1,0.0,-424355.2671196208,-2.414393415625235,40.925870012007394,282.7177583067321,12.754211803946298,39.11068631517109,5.482351057398212,152.6179381517126,29.240623131059408,174.88732120959023,143.95410977610717,23.47010716895771
26,1,2,1,0.0,-46838.337728117614,0.7159248064042002,71.6753080451159,268.74234069748314,15.698829905598608,36.82558130590067,6.428200302722609,156.30950160675454,33.709186134255916,171.0276250149267,176.4867166293164,35.78693356854918
26,1,3,1,0.0,-427411.4213677888,-2.1841526811751493,40.31567767047004,317.3735850681604,13.956417444718086,36.105262544158336,4.701691834660221,138.12868198231018,60.69665815829734,188.48503954547357,192.25320980315624,26.765080574389703
26,1,4,1,0.0,-452149.1541460618,-1.724239200894164,21.793862806136357,278.728842776327,16.182588958848164,35.93786330100992,5.210407444552501,103.26041584499575,35.1716858873657,186.33837796184682,184.88978542237373,36.39527659134792
26,1,5,1,0.0,-404668.37027574814,-2.0376396891613737,38.3206607136592,252.8530515580193,15.15812813686639,24.28740691555952,6.820244942442792,126.56726392632918,29.736527087782957,181.79729961112145,167.89523508004405,34.9245975064333
26,1,6,1,0.0,-452736.25076781726,-1.9325243748191343,36.745665509468736,238.86090696980605,11.697018717703346,45.857098204264496,3.935069943142969,86.6598164958433,30.00290257476822,184.28448302778594,189.5807678928197,28.92037245260785
26,1,7,1,0.0,-464457.04771482554,-1.6716160524621668,44.90422948130075,306.02432355246555,14.992954692063787,47.515559159032016,7.4095655889135195,171.6378562492905,48.83317963694265,195.27481869054458,191.36337057271922,30.238624006777115
26,1,8,1,0.0,-479266.0228249237,-1.353945810832993,39.72172236495106,265.7622518160936,16.413817887022425,48.7596459656262,6.069936049482488,171.41156358871748,29.176836094252458,189.27170120281195,179.5230477198896,30.15445027087417
26,1,9,1,0.0,-433672.3128746938,-2.1274672203324356,40.94846736523155,277.08586514193047,15.146171172788616,33.96255169451358,4.8764089907263575,116.71660207252452,36.27736434039645,178.7262918829268,176.07761510891396,24.791409858543645
26,1,10,1,0.0,-463759.8733684238,-1.6554021573472946,38.002736638095776,248.11366656894702,13.70138848678566,46.877639753160466,6.874351598360624,174.43983362756742,71.12043927356989,163.13540801562945,172.32409107610303,31.192032051222704
26,1,11,1,0.0,-471080.7645563764,-1.5356703165492103,22.057986442078494,272.83983003126326,15.905730335061973,43.13540838369496,5.969638506788186,149.68749057212474,28.86489231796924,194.10884956268876,189.11080680006134,35.632896371777086
26,1,12,1,0.0,-415832.83354371507,-2.3121933314841625,39.68967353725588,226.44321447569038,9.917597981198151,36.07286504690256,4.7967116498143385,162.085991896071,28.993072209844936,187.32000692457402,151.31146542091744,33.073467653374514
26,1,13,1,0.0,-464873.8820231813,-1.6872582809767396,27.3876620959593,276.5755178376566,16.082627028432377,40.59753852176664,5.443116699992429,173.61537721449506,41.810977282371,189.44607314517467,170.07481225667757,33.17346361037728
26,1,14,1,0.0,-439241.7262322969,-1.9392887214374848,32.0,274.35097234296427,15.061129793522575,39.561181727040065,8.535165195581666,99.21430318425674,39.10804046707894,195.69272191894476,163.4837822382772,27.070059390087806
26,1,15,1,0.0,-452716.55152040423,-1.90086403011258,41.10440319566164,291.2870709542168,13.396824452925348,43.64125864377039,6.683750994936548,182.81418331231254,44.47743273004623,184.22386284337261,170.22619256288937,34.591983936679185
26,1,16,1,0.0,-486095.3995883133,-1.317996750122868,32.57383673190641,234.1880788309383,15.402710896492032,47.205736021662446,5.224926804748831,181.4858979502353,25.602501362376223,185.54577876293078,181.23532341679882,36.30243203176747
26,1,17,1,0.0,-478472.6912257538,-1.418413665281854,37.92429676474621,243.9016454017989,15.528487292421248,43.648748816051864,6.2474859171635195,153.11917431971128,30.95298693075729,186.19528036014555,193.0995427754536,35.894989671422884
26,1,18,1,0.0,-437475.525241105,-1.8509600158859083,35.93846457976448,245.99857790994042,15.664406311950557,40.44546654961511,6.260787958609889,153.8703750043008,30.941822303015183,174.51514629835444,66.09841645797825,34.03570312691604
26,1,19,1,0.0,-458061.0446016644,-1.6560284510654062,54.58068942228441,290.77997841567566,15.985328759045753,41.0,5.403264879568088,165.20255753848596,32.204556507510034,177.14488960701422,149.01029230856827,38.40663048880016
26,1,20,1,0.0,-433644.7176533805,-2.1059826624990006,40.192806152207915,249.81894019818952,15.404313105252813,29.955262555556363,6.778474913864499,161.59214843351418,19.18354515399418,173.67009614987504,162.65424384084287,27.781520328842053
26,1,21,1,0.0,-465431.3074285869,-1.6825268800106394,24.573401710729897,238.0650644643701,14.486063453997367,42.44912097153765,4.702860474718444,160.82292135838932,27.80945307290251,181.39781561311193,146.79860646409634,36.24437431865358
26,1,22,1,0.0,-474679.8143308643,-1.432579366145348,26.266382086093596,272.23063244501714,16.70859320523699,48.39826730885961,5.8054039752735,163.28116000813105,28.285567699391436,181.06099442339178,190.34192939358252,23.626356619022246
26,1,23,1,0.0,-449748.72410662565,-1.9980167038467227,38.922774096172354,236.24751109349393,11.432387546150174,44.329079658234015,6.810794020902755,191.89444488155652,17.780855201975328,167.90561793846817,146.66924666771354,35.66643171424512
26,1,24,1,0.0,-455746.033739297,-1.6493443695179575,58.86165621755896,276.2995975903827,15.517194244829891,42.961771621881866,4.53828779736437,120.86847458171839,25.378833567245803,182.8968264400451,143.4947021349233,34.91247866115994
26,1,25,1,0.0,-460953.6140966858,-1.7471923665356337,44.4893733829425,242.57284285279573,15.511098858292499,35.18073022506091,5.063667029811593,148.33655766405607,22.84116467229876,186.15481365660688,186.48078997750835,31.710843962237156
26,1,26,1,0.0,-466401.08957028715,-1.7471434006585869,38.46743066520754,246.5561816607662,12.412854962129657,50.0,6.468357967876321,175.26011622071002,28.762032338643877,188.78701685628195,165.16555894230558,33.952033915163206
26,1,27,1,0.0,-357614.43070641067,-2.4263120927343573,36.63819681659252,236.28309996156486,15.384993320403836,19.10091524486053,7.177626954988749,139.27279373953863,31.22229604309072,177.30006905807645,109.67046383832371,30.094535921014195
26,1,28,1,0.0,-473232.7518601241,-1.3262821143112395,35.234231769420695,245.66257524002273,17.2846189449917,47.61720750411024,5.63549985276485,182.95787483633535,38.84397021094076,183.9378275315439,157.07882445768436,18.71957338204275
26,1,29,1,0.0,-481108.94658778835,-1.4851940537222645,39.709909463910805,245.4261587409584,14.152836817848076,48.635419884552775,5.256065109639592,179.49638938212075,31.21023061120996,187.14021332988932,189.26524580446164,33.89638562739523
26,1,30,1,0.0,-448208.2953417285,-1.8557333703059113,23.613010234311837,240.90740718782462,13.309483389628449,41.01791914363351,6.357339804471067,123.78708057874294,28.103186362595633,181.81876003696658,139.68870608832276,40.0
26,1,31,1,0.0,-466215.9611735428,-1.5577336209323365,34.062045978190724,252.55500701913607,15.834088050403672,42.13150774064265,4.379855575213622,142.80611498130054,32.932013385454106,186.59368656759656,144.0836801821639,37.79819360262749
26,1,32,1,0.0,-412073.0509744932,-2.500254499016483,51.76102064840655,294.5393131540876,11.406117464204318,35.778171989764935,5.572309886669475,181.24064139867633,29.073285990145763,188.1416305301453,163.81652164589602,26.661976275783434
26,1,33,1,0.0,-395709.61044414795,-2.933138884399736,46.265853925194875,242.4881557245547,13.096939964821141,30.512568034938226,4.964927762653706,136.1381795258348,29.99068225291633,181.88931358004587,62.99983888064597,19.816027711494076
26,1,34,1,0.0,-402710.50288135384,-2.262119752291494,31.6373604169496,284.4636861939869,10.594012792586422,37.3302933314603,7.068985879454025,141.69620162295155,40.14232797339969,180.63011450527742,162.5803699310184,34.64581906787756
26,1,35,1,0.0,-445524.08197470446,-1.8879170354032775,42.45493098854076,288.8847855927762,16.054955056093235,39.69379348922426,4.820903651812867,172.91519392387966,35.39682342357489,167.15461916156835,118.268541786038,31.327260415444258
26,1,36,1,0.0,-453911.35420663806,-1.7774226806357523,34.125777675878844,263.66373667284904,18.74286412416298,29.86140197143044,6.328126580121461,163.53943099053814,62.26295158470714,187.96171633694783,189.80016321799988,27.654144250849768
26,1,37,1,0.0,-437033.49208294885,-2.064061085328813,39.97404736154797,269.438517988525,12.631106253024269,39.659103705601474,6.0572896392249875,160.91870611506377,12.96886190431583,167.6060579353342,154.06923217580726,34.667997129779856
26,1,38,1,0.0,-466263.6300625511,-1.6975645961505885,43.50542245222308,244.04883758311612,13.384142545800637,43.6521503396556,6.271113686241362,171.69737119788232,64.07920170977398,183.82130318979827,187.4443929681661,33.758187139238096
26,1,39,1,0.0,-404399.70448257506,-2.2140308721056154,50.54335847102317,255.07334836616334,15.534774310837857,23.292690055628505,6.442501302278823,168.94990178589563,16.94248714561178,186.93940391288587,133.74989514545007,35.54062258876693
27,0,0,1,0.0,-366388.3090432672,-3.435695202225808,50.084491161984225,329.6284305719327,8.174320759995314,49.12028343696072,3.8763762094326677,114.74805153480582,33.09680189494992,184.3024523317918,122.54043829854558,10.262445896333567
27,0,1,1,0.0,-359987.23060665163,-3.6730282597755606,44.776310321194316,328.75250979106187,8.937350163638449,49.42737712831999,3.921818159400146,119.45775587887596,41.43192811383656,189.3142882940108,26.96728157206473,4.0
27,0,2,1,0.0,-375497.5725267689,-3.481246340317152,53.46816798960147,294.8486963997518,8.808107968727438,50.0,4.1731594760036455,136.15695740194272,29.82877885982439,188.42013442611818,48.66256269091181,4.0
27,0,3,1,0.0,-360169.9888678746,-3.7556358676112103,60.88669726219179,321.970504394683,8.158032178212325,50.0,4.2409425880547476,130.34744991172022,33.10495937294187,187.2463138039482,51.76587928797596,4.0
27,0,4,1,0.0,-325368.7871482933,-4.276507336966272,26.927318117251826,317.5413732155281,6.701334937208389,49.79407445986775,3.9933699666195013,123.05512324335444,34.39809761640415,175.46913346460653,28.12122883749598,4.097790608983034
27,0,5,1,0.0,-331644.35386450373,-4.136977308980468,34.330222696917,332.377657464058,7.579533015899768,46.74393960758578,5.3683180562409065,127.09861155237454,19.91879206272405,188.14841382669618,57.06544478044614,4.0
27,0,6,1,0.0,-332073.2915582794,-4.101330192504067,33.48082460925713,333.7430193498429,7.165125201289572,48.75356879273467,4.250135326362939,127.58559723458606,36.805727353605015,174.09850703060644,71.1667798731437,4.437209039594561
27,0,7,1,0.0,-363892.0606972469,-3.7094355178567295,54.79360218573315,304.66332192407384,8.49707513644807,47.85008330755576,4.418551194313087,127.3941575371151,36.74966116910819,185.1722003576891,46.157275214523054,5.017841353027166
27,0,8,1,0.0,-337045.44762768305,-3.9732137984838296,32.24921690492933,346.21574147313265,7.396129605002877,49.989470983563365,3.610718584700967,123.19006096918743,29.026555481189703,182.863794437062,76.13597950359139,5.5726542402183
27,0,9,1,0.0,-331032.01970857097,-4.276404058727332,50.48844158309626,328.7193106975955,6.616484476683787,50.0,4.056933277132699,134.75270780900368,43.27551301339783,191.05638060722342,27.39909891082346,4.376369771350221
27,0,10,1,0.0,-271404.0249179942,-4.237268306064878,18.136788655958163,307.2859484285808,5.276973006078052,48.83142323449533,4.98152182952799,116.80029407324346,38.70755967691292,181.99559986513242,34.40571962984445,5.083161591286546
27,0,11,1,0.0,-353804.99117543496,-3.697660299134942,33.286679775459916,325.30199592964067,8.35426545504101,50.0,4.06811790888533,100.3763243739007,34.91085834626388,177.77129786953154,58.03834014726327,8.064755990157849
27,0,12,1,0.0,-349921.0091445661,-3.946702548114283,59.14615466954581,325.8446349588059,7.707885389236793,49.794013923723575,4.7602951310169646,138.7216485324429,24.99547935481752,181.14906262845093,28.276525560966693,4.202861854934229
27,0,13,1,0.0,-323537.89362927125,-4.300406259112454,38.39145111551607,333.31487037364883,6.593672374700615,50.0,4.939601551286899,131.5625115205409,32.76215991871489,185.69409807992275,40.17714938981455,4.0
27,0,14,1,0.0,-356194.69460936997,-3.842309144715603,61.203353424447045,329.22878357072756,8.03679842680168,50.0,5.2131492167799385,152.65019443820944,24.220776559852464,186.3871682701177,31.570314385384165,4.0
27,0,15,1,0.0,-326227.96899410966,-4.261493871601519,35.41901429034892,331.8835283061778,6.765017915664442,50.0,4.427921343712134,127.28132284826276,34.181911196806986,181.12287629125836,40.52131132706022,4.0
27,0,16,1,0.0,-360056.12245044543,-3.6357593897749454,32.86517328843142,319.0142596883147,8.84122241451977,50.0,5.153493166207306,130.10826002524118,16.30502827880234,185.4763357428324,26.894729961684646,8.012270370684316
27,0,17,1,0.0,-338073.12932686484,-4.083618857391697,63.99390396040033,331.0877704570502,7.044900784983544,50.0,3.7005159541464243,120.95118394254203,38.27681403033632,171.5545660352901,25.82795968653467,4.685971998512534
27,0,18,1,0.0,-388452.81702848925,-2.9447973525669977,45.482163236447356,317.49597992322714,11.160948693191827,50.0,4.357804437352998,141.10976606884694,32.89777376705568,173.33430644595842,33.875569059581906,4.022451024273498
27,0,19,1,0.0,-372491.76275216724,-3.4291504241072084,40.53128950347016,320.1951269213501,9.46122034582928,50.0,3.6528700576661555,131.80830088095655,30.32841977542842,189.5216658691537,37.69013844687403,4.885271010948435
27,0,20,1,0.0,-311464.490748804,-4.368137199982254,12.81823342759852,330.14316207697,6.347907351263655,50.0,4.1419408414810555,126.07451587156186,33.86978431873952,191.38453085211097,35.51710611896985,4.0
27,0,21,1,0.0,-278000.4365349321,-4.112586586347939,24.754260775335556,322.30116365925835,5.282781846488268,50.0,4.148861462210918,124.18405120320642,34.25329005759663,177.3518343559274,32.97770620591734,10.162530364968411
27,0,22,1,0.0,-345450.3883013537,-3.8828801288420083,47.533705543590095,331.711639687023,7.389035633651351,50.0,3.7148588548257697,121.0986683931373,56.48831181345595,180.6784837029911,71.58217132288215,6.871606605038125
27,0,23,1,0.0,-344704.4041064598,-4.083981410832917,34.74269120702047,305.6494861981384,6.915300412558788,50.0,3.8681557015094388,156.4390977743252,39.68887102173489,176.87870134165874,51.195017543835334,4.40858692700078
27,0,24,1,0.0,-371897.41099695966,-3.306134955587448,62.88676366319545,341.06417359281824,9.639930600757943,49.69257213103787,3.7379889773148607,117.76762552817044,33.09681817447651,174.77866206031834,91.08803054071065,4.0
27,0,25,1,0.0,-388462.3025852757,-2.981640966876697,32.08702414080939,335.16089036237645,10.488299733656529,48.084889417605005,6.143265474234263,132.64696985044776,35.118781742529336,185.65823790323435,123.6589986062879,12.500096484916481
27,0,26,1,0.0,-319762.67761660076,-4.31571964701968,46.098789011463765,334.97812821568647,6.272121974152522,50.0,3.6575983665266842,129.04521842037005,36.651299631953606,184.3403502360859,28.400036960832225,4.055861306088381
27,0,27,1,0.0,-367136.3142864479,-3.499906274220717,51.83335565664602,330.9107185822985,9.356786584104466,50.0,3.942716946398554,127.30503666518673,34.4043298864386,183.8347917583065,23.065034365980004,4.00945383261795
27,0,28,1,0.0,-347674.02543073596,-4.047240339607433,35.64436881241368,307.59323939061505,7.550821300585632,50.0,4.656911013680651,135.88283225883274,34.35943222722012,187.8422671574525,20.0,4.0
27,0,29,1,0.0,-331549.43589437625,-3.900366446760495,38.56302607197284,302.97995527667814,6.792941321317646,46.391989910577685,5.7502405997748784,118.10767605010389,28.75945318592218,193.3180599946076,62.35710915314107,12.31724629273794
27,0,30,1,0.0,-333274.64374090836,-4.24272479057522,48.54609958745721,332.4848230426714,6.851632937636597,50.0,5.237612425438414,147.97945414089034,35.42191083701356,185.69414007482916,28.37594730648869,4.019595327383283
27,0,31,1,0.0,-369251.63882853976,-3.3813236206334865,37.03104559765112,333.58062060143226,10.000980997548693,50.0,4.543478350429435,126.55612655601182,44.33215016633989,184.85472533384905,27.945309596787475,4.0
27,0,32,1,0.0,-332130.04409961466,-4.265499962869059,33.69376220003173,304.24053500352915,6.408309662225279,50.0,3.984205198119403,142.71601515380993,37.6926006999851,188.17564622212043,37.18396859402087,4.0207655892597
27,0,33,1,0.0,-350911.60273084824,-3.5807053943040748,15.242099433245446,335.8122002450033,8.699555511418831,50.0,6.206802551261316,137.62401546031714,47.96872964621393,161.2200575567,123.85882960412928,4.0
27,0,34,1,0.0,-333465.5860139688,-4.229529968065018,46.49587706057517,334.73590818837306,6.972682959686292,50.0,4.015536903444336,132.00915545930522,43.22255709327559,187.89775559580573,25.598179791189345,4.0
27,0,35,1,0.0,-341770.1668083099,-3.956504627334974,20.46160721068046,323.96341838528923,7.694561008979575,50.0,3.976606415015654,126.32769317126704,38.400505042134625,175.36880538952292,26.710569694723077,10.248328571636797
27,0,36,1,0.0,-352797.15551530186,-3.869187459171633,36.19181779202933,338.8162487166734,8.170177303492896,50.0,3.9068816323551063,141.72068460102827,38.33709901341861,192.56425615917252,57.83348029484782,4.0
27,0,37,1,0.0,-355493.56439554243,-3.7100495951214305,33.34408189569022,324.74675860081936,8.286849383594761,50.0,5.347618447567944,117.33555101383023,36.308674584909795,188.2144103875612,71.6872881738604,7.505188531429688
27,0,38,1,0.0,-377715.7731353013,-3.233704528372133,40.00025756588576,334.8702347319165,10.70233711221129,45.774611885415666,4.1736308474111805,124.89959910250771,49.185287724720766,179.96717528602343,76.30032558724739,8.114599840585882
27,0,39,1,0.0,-323671.6072991263,-4.32657892748187,39.57058127728454,323.63246849258275,6.544625095911506,50.0,5.128469945252773,123.40020364939491,34.15881860777082,188.48868114471605,30.13567768801251,4.126374845926076
27,1,0,1,0.0,-444186.2773208048,-2.009751361140108,44.323819238388616,290.6595306646499,12.61261589879066,48.39424876804705,6.2031778449060875,123.11487377493503,27.794957879774135,179.07654682963118,178.53914122140088,25.817672784489748
27,1,1,1,0.0,-443168.8304752456,-2.1039307018884625,47.29602302050732,250.7177583067321,12.5466503691895,44.77772722029093,5.622590590410126,118.6179381517126,29.95324661662111,186.88732120959023,171.1915203684589,20.41428364469828
27,1,2,1,0.0,-412938.6683146973,-2.2737091896102535,49.6753080451159,278.0612074435794,15.844181587560971,27.82558130590067,6.77560221924012,122.89734656451586,30.92158174953452,183.0276250149267,145.3096636333598,28.58693356854918
27,1,3,1,0.0,-422509.34609736636,-2.2618419272986814,28.337674016875454,314.529706749083,10.956417444718086,45.105262544158336,4.782694968395074,155.4988790845735,62.11719384877772,178.29950440900683,189.75695460685853,27.490574768602755
27,1,4,1,0.0,-462833.79169047595,-1.6322065320989387,31.87273944984765,250.1660709755368,15.050912847613555,39.05086307222144,6.635487108916628,134.2916921768624,33.013198948129634,185.3535684780803,182.19023059227004,37.794045758508894
27,1,5,1,0.0,-433101.6820329813,-2.041256446491912,36.53394105318631,284.8530515580193,14.439626965836485,33.287406915559515,6.820241639336434,160.5672639263292,28.12635604643073,184.73146515189714,163.16923107801622,35.87178606142949
27,1,6,1,0.0,-23129.49040746847,0.8417531537634639,40.68744771573522,253.82213549630987,12.586617190080277,50.0,2.434326311819162,70.95286462548819,42.49542441364086,189.97744731278553,184.41152451570227,33.63017993568026
27,1,7,1,0.0,-462940.27903847146,-1.694542008124672,66.90422948130075,281.9903131988832,14.187348975079113,44.20221096823408,5.60956558891352,170.52041085385216,65.40313653537501,201.84977195383902,179.96141452694587,34.41756282941369
27,1,8,1,0.0,-463985.73417279863,-1.7060278059739782,41.37422857354878,274.500896898386,16.142955674261447,39.7596459656262,5.111944723340299,177.2875664703614,28.342159408967486,189.47969516048272,171.49802433759484,30.946189067292163
27,1,9,1,0.0,-456669.8761025798,-1.7277837419841011,37.218218990029094,256.53464622835827,15.936722403509831,42.96255169451358,5.461880972380855,150.71660207252452,39.56473607188558,174.18783509301895,157.31369054344472,19.798470145163275
27,1,10,1,0.0,-453541.07464747695,-1.9730460197525823,39.08190487309906,255.91263430877768,12.385747817804111,48.6678970955426,5.474397133491753,179.20137717497914,53.25591793876049,159.91795506069266,163.099468833241,23.992032051222704
27,1,11,1,0.0,-469838.2587625746,-1.5388778428011076,34.02537023983028,270.71755113226834,15.875693256549146,42.510575309101014,6.327704664580247,159.61289365141204,27.912896587483385,187.2676747564192,182.2417149324492,36.18921768223218
27,1,12,1,0.0,-464577.08799526753,-1.7934136196697101,33.27382838184443,222.00995932935334,12.917597981198151,40.56896012353647,4.7447208350779295,163.63584584639395,27.473798687549884,186.6939043418445,169.80815626291056,35.742215832161286
27,1,13,1,0.0,-471985.69463065907,-1.5734871206107184,30.53668251213062,280.6304578136537,15.62249471224998,45.73320277224146,5.42613458090992,169.11279886614636,35.3266917279944,189.6576142947443,182.94215792600238,32.32831867586373
27,1,14,1,0.0,-443988.8654509241,-1.9474143157112747,28.733541760765544,256.42481424845073,15.314103814548126,40.35877671637593,8.05380214470027,133.21430318425672,42.9101820349716,190.75481825678284,155.45781974382322,19.870059390087807
27,1,15,1,0.0,-455193.41493091686,-1.67539618860155,48.294600924585275,319.45666582201596,14.758556930979319,45.86871125297009,7.797461927819292,148.81418331231254,26.47743273004623,186.1613408189826,177.3502217803408,37.18999999396795
27,1,16,1,0.0,-477029.21063446015,-1.4592427401394745,35.82998737142584,259.198658938882,14.921624181027846,48.20042814362122,6.510401567716426,177.38145915263306,28.401378551320295,185.58209149821386,176.17462455503187,36.19197346728997
27,1,17,1,0.0,-471452.04147305025,-1.5074844642527667,39.17997282574798,251.60264960540664,15.379807310254188,46.454496051938804,6.011587672114138,165.30094065363315,27.816954910713704,188.69698029856437,157.0995427754536,32.24754926893686
27,1,18,1,0.0,-418351.6297417982,-2.3811447476283907,28.604175839871296,249.67978474448404,15.412291111743713,31.445466549615112,6.212448127677962,174.90947922792884,24.405284690287036,186.51514629835444,64.13893493661159,34.388547178183956
27,1,19,1,0.0,-454099.0327938843,-1.7872634389101552,57.76699999760911,301.75119459070555,15.536580321608245,39.786558024231724,5.28548503443841,184.02645042082108,34.03879600813153,178.77143597771618,155.63571414057512,35.94388493359243
27,1,20,1,0.0,-453549.5483861043,-1.8844635847815487,38.51221626514669,252.15715718846823,15.106119543848873,38.95526255555636,7.127715418413217,155.83507843765486,25.13471552008199,185.67009614987504,181.91197966164808,23.0329134945346
27,1,21,1,0.0,-471910.6972330894,-1.436360921135698,38.4864618536765,237.50302390621636,16.19378061697687,43.76640572432839,4.988402501321083,179.90695027949653,27.18766674240447,184.27945687254845,131.3577556942865,35.651362364074025
27,1,22,1,0.0,-472218.0242938794,-1.3766752376586318,34.67217760231307,250.1652710685272,16.32295647188598,49.72485119436828,5.847449415208391,161.16547207592794,46.285567699391436,182.58860903924855,154.34192939358252,23.002671360071055
27,1,23,1,0.0,-473511.4885778615,-1.7103498268382296,26.418842109829182,240.18434215218247,12.275519829259204,50.0,5.21207809490115,193.44028468495617,18.700871734596006,179.90561793846817,182.66924666771354,33.64696982083088
27,1,24,1,0.0,-462710.9576622372,-1.5410874762795088,56.248209728391245,287.57589409349225,16.205558667144814,44.79986214016106,6.338287797364369,148.58422019438993,29.054183068878714,179.92851228189045,157.19560789993892,33.86784975647608
27,1,25,1,0.0,-456172.894717203,-1.9395022656514447,39.613965132299676,242.03421149324882,14.697838396279165,34.644437746098646,5.524441632092249,182.33655766405607,26.914525981880878,186.86497698747112,191.4883784681125,26.997742346882788
27,1,26,1,0.0,-450166.23110218125,-2.028016541104615,37.4117511161335,246.85060670288163,11.026206347334064,45.09176435072428,5.983844980878693,175.37990732695917,28.12787786740328,184.34124215713842,166.2877179896035,34.90452861034783
27,1,27,1,0.0,-411883.65540284326,-2.513674035767387,36.957424648645244,263.5442391447338,15.770772487209419,28.10091524486053,6.980883107379187,173.27279373953863,38.44047277488406,170.6455340815411,107.30806211788064,23.530277804929945
27,1,28,1,0.0,-468474.7554469864,-1.6751953757730693,37.188376214082815,242.95424871659463,14.2846189449917,45.754736672559595,5.440077892913302,154.63952139195496,45.56734232643469,182.47855927749978,182.5088623672225,25.91957338204275
27,1,29,1,0.0,-485486.99934360955,-1.3399634836360843,37.50883665893522,244.15628164904314,15.188876865533905,49.356751184629104,5.2051356057881835,175.0306919441694,30.65634866578986,187.2667912289902,188.64946938763225,33.64970291104373
27,1,30,1,0.0,-436096.9573413495,-1.8948973112887018,27.571378436605457,269.50592013343714,13.705689844757853,38.453725873379206,6.230213730015136,90.8520429539881,29.28984376440309,177.21992446114717,155.8072994214375,39.80683626881033
27,1,31,1,0.0,-462239.5395698406,-1.588062252028611,12.062045978190724,242.24832900361017,15.824528649534505,40.481258688687696,4.126387886945362,108.80611498130054,25.209062697148518,186.75449928929143,143.05885190624622,38.699666467412314
27,1,32,1,0.0,-461800.7766398338,-1.7798019140908232,62.66719742618641,262.5393131540876,14.406117464204318,44.778171989764935,5.084073801815775,179.68454395945852,28.377702683246348,187.99576352803314,166.25983304406643,24.44350162422715
27,1,33,1,0.0,-378037.82280265994,-2.831314687621475,56.39915457157593,257.3970403566572,15.096690964126516,21.512568034938226,5.44102067920677,160.24858200745913,26.853667588604743,181.1765729952145,98.99983888064597,22.450040494786084
27,1,34,1,0.0,-457190.9998271549,-1.7826538519586739,36.53642866506331,270.29060684519277,13.594012792586422,46.3302933314603,5.817109022128475,175.69620162295155,35.550640565442805,169.0226882673783,145.25065507294877,36.59802274766829
27,1,35,1,0.0,-442973.47314252995,-2.0363026603566707,42.56764004201191,256.8847855927762,16.305440832766667,32.55726640832639,5.252120972440406,170.62498169054325,32.551790125033556,162.11415951062128,154.26854178603799,24.12726041544426
27,1,36,1,0.0,-389594.37573640846,-2.3438299908080493,39.006674651445195,285.9597763629888,16.32296717756348,20.86140197143044,5.742564716865322,174.93088688808265,44.26295158470714,188.04040692562162,184.4046736867202,24.920211087258345
27,1,37,1,0.0,-444057.9579021106,-1.8689984596248606,39.64469713942893,273.2966413787239,15.631106253024269,36.64733637755015,4.721373204235757,126.91870611506377,2.1947901402616434,174.38796969552172,152.50940528467027,32.477831306817954
27,1,38,1,0.0,-472403.0637352147,-1.4815183741387357,35.44816691655682,264.58177191823586,16.384142545800636,44.75108011246498,5.680614145117348,169.97619540365946,46.07920170977398,182.4058491336384,165.23220025515894,32.02659211686137
27,1,39,1,0.0,-438795.7108042726,-2.0576290562381803,37.38290282274843,254.83748533597026,15.442699985465358,30.500799656073223,5.269840649980974,161.29394336548924,11.62625205513714,189.36423234707314,169.74989514545007,29.01719691917499
28,0,0,1,0.0,-390411.4398879503,-2.9545270255175096,43.06469696811756,322.0291190492366,11.174320759995314,48.65159497735759,3.712747025980349,117.31167822540743,32.71220773747064,184.92068507907794,86.54043829854558,5.852792753550879
28,0,1,1,0.0,-330121.44593965646,-4.279006141031428,39.95584044325969,316.00901113142027,6.697094588365218,49.79621300649484,3.9262272358387458,119.59421832631531,33.534449449665495,187.55606878382915,26.010229796692897,4.0
28,0,2,1,0.0,-358496.04067012115,-3.898625012848081,58.07094778663997,291.9947214649378,7.411685073235066,50.0,4.204616031509313,133.0941547596036,33.83094470291079,188.31097862382555,42.26562527987245,4.0
28,0,3,1,0.0,-376299.7910670539,-3.3694620775249455,57.27440326156419,306.0105591873594,9.187250489152259,49.99608736698698,3.6933204255167498,129.85185222254947,32.510883320179495,185.63605181283506,21.575869100210472,11.2
28,0,4,1,0.0,-329692.11104697373,-4.213937553662482,48.92731811725183,320.90690548673876,6.700885796959167,49.76539115723275,3.947793373009938,117.32523193706265,34.08101380200838,169.598142626303,30.999914419422346,4.079288102256294
28,0,5,1,0.0,-294624.9736275414,-4.272628072072985,32.54014162589289,332.9700136061804,6.094003648050926,46.73430104509636,6.06372237144424,130.08806038326708,32.70539853102369,189.30949523800143,52.2926204134557,4.0
28,0,6,1,0.0,-331415.4827133342,-4.074861689327575,37.53441440396068,316.26697243086176,6.629356468477448,50.0,4.478318411763708,125.32694178326508,54.805727353605015,175.33484064473575,92.74530253939696,4.144650496616821
28,0,7,1,0.0,-344065.9814412323,-3.8966519190520947,76.79360218573315,333.037794986634,7.20247958658809,47.15249416247441,4.295889016419265,136.46067648731525,35.07429296165152,186.22034241190326,73.48100215302588,6.399461765427777
28,0,8,1,0.0,-359721.31628848234,-3.630149985545056,54.24921690492933,348.6813940996386,8.863423944191297,49.98715009358667,4.21690964130055,125.05132007886444,26.623952552769374,186.00924703510452,40.135979503591386,7.4255082141495095
28,0,9,1,0.0,-344579.00170825573,-3.9761719035046346,72.48844158309626,313.1654440555851,7.227167571098426,50.0,4.127630941747225,101.71429193164215,45.99172771059776,192.31365514002357,28.00965808762138,4.410539755450736
28,0,10,1,0.0,-366164.9707799464,-3.635892684362375,36.24716344298807,282.2661000119731,8.276973006078052,50.0,4.334519111891224,110.74302877300364,34.4738443657339,184.14039803110668,27.02596457245164,10.458550423690964
28,0,11,1,0.0,-343919.92251810053,-3.9212689585875564,46.39275263035716,322.966507060529,8.613152029048702,43.28868030654237,3.4635552750651297,96.21157960443952,32.12061875792275,173.19770086789498,63.444840729712325,4.0
28,0,12,1,0.0,-331198.17864537245,-4.209460377339897,48.280479688649166,322.9530775405868,6.553506896075575,49.91493765286437,4.257239767404433,131.68585141737165,29.200529228980162,186.26461804959476,52.2978148925349,4.108582948695783
28,0,13,1,0.0,-313737.11116213317,-4.318804437065192,28.916790467973268,332.1121911514584,6.300543893170102,50.0,4.202191492877158,127.47098152115238,33.59855086344332,173.69409807992275,35.50658281578475,4.011935239460973
28,0,14,1,0.0,-370652.77070267213,-3.55812242110232,44.786783494285615,324.92120941312646,8.895130114658382,50.0,3.9770394440063925,146.5046741619937,27.78547197814943,194.87376795999552,67.57031438538417,4.978482617698772
28,0,15,1,0.0,-333280.7311667935,-4.212820483799826,29.565775402784038,304.3437300658178,6.747279164908191,50.0,4.308868074752254,125.9260501968535,34.21912918481712,181.4115870425424,39.84753423995569,4.0
28,0,16,1,0.0,-369261.34167240065,-3.5129845949358964,44.32636983099535,287.0142596883147,8.837275645268111,50.0,5.5081339751572,122.70658310487916,24.24077079303399,182.39030560737007,20.0,4.924707173147642
28,0,17,1,0.0,-320977.66550680704,-4.3064328804285825,41.99390396040033,334.5276709629806,6.588720242703309,50.0,3.916112555427428,110.39051056844261,36.981588250507734,180.43193535245982,28.543602598418122,4.303107269075799
28,0,18,1,0.0,-357616.3421095125,-3.8029601691649466,48.797014282481925,321.03678488405,8.160948693191827,50.0,3.864510745595284,141.19892463502674,31.358299711029122,175.2560533174448,29.17613350304317,4.032127346749247
28,0,19,1,0.0,-340026.6172633046,-4.10586999240534,30.61802988235059,312.01442164072034,7.1868307521818595,50.0,4.504162087970184,133.65801964275724,32.85411165583326,177.5216658691537,35.957383299533774,5.035067567106314
28,0,20,1,0.0,-315327.7831339685,-4.288601186698572,20.566860805393933,331.0564274262285,6.405770993906651,50.0,3.9746899153287405,122.91596655632479,36.393566356158075,185.9389266338187,52.7088885961811,4.0
28,0,21,1,0.0,-354145.5851032533,-3.766228192143966,46.75426077533555,320.9187278288515,7.7836443955868155,50.0,4.029787350006883,107.64415384109529,32.717644492329754,189.3518343559274,48.78235213766581,12.347945661133101
28,0,22,1,0.0,-329914.0931963694,-4.093551003416071,65.39503995557443,325.49018545296485,6.105248753003762,50.0,3.788719551782435,155.0986683931373,53.49956053940061,181.27358752343912,35.58217132288215,7.471111875250042
28,0,23,1,0.0,-339004.652387521,-4.065771089456229,37.29976448495581,328.50413474350125,7.368395834337642,50.0,3.6463787600830386,122.4390977743252,39.724880825083005,175.91712819739433,35.500008362047964,5.027259728186534
28,0,24,1,0.0,-382808.6700800078,-3.024215500046643,40.88676366319545,334.5054899092321,11.142278278320585,50.0,4.158754743452538,122.14598063373992,31.01780127816259,183.06276651942434,55.08803054071065,4.0
28,0,25,1,0.0,-393530.67609154846,-2.773756779538681,35.45378019623216,335.01891008143156,11.67486007003674,49.9415596556152,6.968407704069955,117.11930059743558,35.32858450696915,178.75362210297547,87.6589986062879,11.998842033718198
28,0,26,1,0.0,-352781.68672016985,-3.7643108558443252,29.414211592808787,333.71944957869226,8.635092201723584,50.0,3.4739631519295058,124.28958055761035,37.91194848605641,183.57828201375952,22.476728906391443,4.015212260646266
28,0,27,1,0.0,-361271.1716711386,-3.5790880115533685,30.457113792644595,331.6127670613455,9.290352230611374,50.0,4.068813228350469,128.16467736377612,34.57968008585818,181.67851067342096,25.169510727166752,4.01290833640205
28,0,28,1,0.0,-323348.17658880807,-4.239514506315953,47.193040309478114,324.34729526753284,6.228613496940714,50.0,4.117437931490261,126.85906495564168,34.24564010442848,187.54011059049674,56.0,4.0
28,0,29,1,0.0,-325616.32254864206,-4.3065934555965075,39.956307057563166,309.5550875663093,6.710353014584339,47.07635681386726,4.864292817938303,123.56605494915297,34.68078040268224,191.04872744827512,26.357109153141067,5.117246292737939
28,0,30,1,0.0,-343454.840722859,-4.1204867025330785,45.25768662548035,305.1199980459895,6.9707409047253375,50.0,4.051110133608467,129.57006792980275,35.29651293488262,186.54186636593033,41.246145221585756,4.01539951607532
28,0,31,1,0.0,-326192.1056511108,-4.26826660879564,27.984420923365555,335.2359618707403,7.000980997548693,50.0,4.3912100826154665,125.47824455768801,31.918986963270935,186.4104686756984,28.168045367992487,4.0
28,0,32,1,0.0,-334174.9426400188,-4.20671979482801,35.651040904471174,303.4421450491176,6.505047890259828,50.0,3.334737123063673,136.95169314303246,26.02797588950653,182.98703827744816,34.88938370046764,4.0
28,0,33,1,0.0,-355185.5163196347,-3.7407809900352857,37.24209943324544,337.28428306451366,7.977423086585181,50.0,4.4068025512613165,151.76345481079096,42.11348886219774,173.2200575567,132.2482565620567,4.0
28,0,34,1,0.0,-330382.2402287913,-4.270263806781322,50.269555646156896,333.0330833377737,6.765927413957554,50.0,4.562358719312092,131.6793935833568,36.09955216800346,187.7798346866867,26.932102312027173,4.0
28,0,35,1,0.0,-330022.86478085,-4.077748692794585,42.461607210680455,320.4012495585409,6.403647514953321,49.98521126752182,3.9712895065864315,130.6589099829323,32.108032563009694,176.61520882446183,51.66606400532215,8.634398790017585
28,0,36,1,0.0,-342869.1677482221,-4.047998549500337,38.49112506352968,335.21426577436466,7.667401453957001,50.0,4.062245446513587,134.4020294571524,33.023295771845426,185.2887239127163,30.145028081642984,4.0
28,0,37,1,0.0,-361421.12733362796,-3.607557218537132,38.90856780652383,319.9793457495398,8.623937771773285,50.0,5.226840872693354,110.0749457044585,40.351534295467665,186.84917676766136,107.6872881738604,4.408638307326984
28,0,38,1,0.0,-397319.7619745601,-2.574413044551421,36.019931459168085,331.875749278286,13.70233711221129,46.383027810707944,4.33815048646785,126.90760765020445,31.592304347805246,167.96717528602343,68.25129825666585,4.475254931679304
28,0,39,1,0.0,-321395.13285829104,-4.333429681845172,46.959796216566914,337.67862220105684,6.362504370717388,50.0,4.400798411392409,139.43295249063817,33.940194536598014,183.771393349331,24.9682011461505,4.193811065320049
28,1,0,1,0.0,-431267.9786302848,-2.31423598955877,51.7151973945447,322.6595306646499,12.339916759802088,48.65961358643133,5.5037663964382215,157.11487377493503,29.622199879719716,182.91827947564536,167.20336653132128,18.61767278448975
28,1,1,1,0.0,-438865.4516892036,-2.1374301826429107,47.13115292154441,224.26734129585262,12.920321254818214,36.3580874504295,4.001416579672238,116.55947452039862,29.438606053504717,174.88732120959023,141.63072934731963,27.61428364469828
28,1,2,1,0.0,-454318.77455316245,-1.9039700635303978,27.675308045115898,260.36245573285055,15.883907310159545,36.82558130590067,5.508745399539568,156.89734656451586,42.25978650222525,191.19064010359224,171.97821235697134,25.721514541438566
28,1,3,1,0.0,-440270.62161766196,-2.095196025649672,32.92543084598614,282.529706749083,13.008149819701856,46.19391234497405,5.138878449660595,121.4988790845735,44.11719384877772,173.86152710117454,153.75695460685853,25.12910044932002
28,1,4,1,0.0,-471125.5977451905,-1.3665990958008087,40.47994609769296,271.3062236528044,17.980906105809566,43.21535307898695,6.936822264488044,131.67648218172326,34.64694847407628,188.03595464917947,175.81003989461914,30.594045758508894
28,1,5,1,0.0,-454066.4338718563,-1.924749581079831,36.488142000126395,256.6588681339897,13.366250527831639,42.287406915559515,5.63157083882369,161.17223107191592,29.075866703037324,178.67932708107037,164.6584509330368,30.896111116083404
28,1,6,1,0.0,-460006.1906168828,-1.713681041239931,40.888631763558415,252.8262935825269,15.46227118740438,41.0,3.7495113393949246,104.95286462548819,29.723250810213788,191.27200395107437,174.4551166438141,26.43017993568026
28,1,7,1,0.0,-478214.085236823,-1.4514224212686397,61.776064182249726,249.9903131988832,14.545572273190976,49.82528808902409,5.245415330652337,175.76904284820708,61.554330921282855,189.84977195383902,181.31187061504556,29.760242401290515
28,1,8,1,0.0,-444278.96457798424,-2.050055480052725,41.951525306589794,289.2124853588275,14.451398752894718,36.036512345109685,5.4912837242253225,174.91974858299673,28.169932787681528,192.38071970950668,183.5673962817713,29.381742175272233
28,1,9,1,0.0,-461087.16285863856,-1.4807050159035893,38.695365488994575,282.7469749326054,18.21404157492707,44.418552242311534,6.185795850058617,184.71660207252452,36.44838317409878,182.01049069608507,121.31369054344472,24.94110933752438
28,1,10,1,0.0,-469664.25636999495,-1.568324294376603,47.00689658156143,279.5373055894867,15.385747817804111,46.93891052109661,5.411224891191776,180.5279288200609,51.2867168814336,171.91795506069266,175.9693592233379,30.03298561261106
28,1,11,1,0.0,-464861.46328471834,-1.660254538490498,31.736722435476956,261.3297026804148,14.494832848134456,42.081998329242246,5.886408705337373,146.06366110614312,29.42280703752039,187.0615048152978,186.24052254932366,36.293342484156824
28,1,12,1,0.0,-472041.8669859587,-1.5750469120649653,34.12654378323711,244.0318291423198,15.917597981198151,39.45874980993322,4.8605412980392035,174.44957357172476,27.382360782018853,185.69045418305487,169.90480773036631,35.01994289275923
28,1,13,1,0.0,-448076.2916741518,-1.9910066880284276,29.6852478597446,278.9541983299342,15.703416175689101,36.73320277224146,5.489302203110404,169.5009421081392,46.850519405876135,195.41261797374625,152.007083426414,29.2173862754977
28,1,14,1,0.0,-446184.19417683117,-1.8336881225356523,28.06917850643204,287.6434311359441,15.640758008370263,45.32678823991847,6.535924591812212,99.21430318425672,32.81710866366924,191.22403025301062,167.32704086954897,19.82547367969121
28,1,15,1,0.0,-449167.13899147697,-1.8209632569321585,53.66202875584192,300.4181393902434,12.315962593590836,50.0,5.997461927819292,114.81418331231254,26.814609586300175,188.05346318604208,179.2080756648668,35.32355425827351
28,1,16,1,0.0,-466977.64847999346,-1.5855819578046237,38.18280628114945,260.6064011934076,15.932675318045094,39.20042814362122,7.901496184621019,177.53188754345115,26.098144264981862,184.75327661623592,181.17093847175295,36.48583075360553
28,1,17,1,0.0,-462210.1578628976,-1.7429667693057938,36.185845614056,246.47978621299015,15.630943149672099,37.454496051938804,5.819633887774749,172.0677860090353,32.61396162699545,188.90339351587522,161.77276003638337,32.87915764955382
28,1,18,1,0.0,-400267.53571998514,-2.5116581196745713,30.00806409450679,270.61837493120487,14.903925238549448,26.94856583925337,5.667755818832945,140.90947922792884,20.7495093071962,177.95360483899927,100.13893493661159,34.195256387657764
28,1,19,1,0.0,-472622.08029585343,-1.5228224601474412,44.72395299688835,269.8126719311657,15.780487345921843,42.985375715781935,5.361555750227684,173.17805476687414,30.12733767577096,182.86344368369518,181.45048829165663,35.644907152684574
28,1,20,1,0.0,-470313.48714064626,-1.6007527345963697,35.43426850685569,251.16477884115935,15.355452794898534,42.44435963424879,6.575541657555899,167.2698626043265,21.935279767502013,186.5107502122511,188.65089709579073,30.2329134945346
28,1,21,1,0.0,-464923.2357843498,-1.6086399737617372,35.88155229456158,238.18982702601735,16.862087196431712,34.76640572432839,3.7369913862478583,183.23924383592887,23.504722057294323,172.65270192206938,138.13939705566094,40.0
28,1,22,1,0.0,-439569.9924777009,-2.108169117640459,34.82970308512068,282.1652710685272,13.32295647188598,41.73171492797966,6.644914836455138,154.2329389365911,37.074724013883966,186.57939611790033,149.2314205017901,30.202671360071054
28,1,23,1,0.0,-455199.40071234317,-1.9209303793376076,17.48681679746563,241.88419389828488,13.60551303236582,42.822980296629055,6.635274960687758,183.27959532994134,24.136792482926097,171.63613031348444,146.66924666771354,29.20144796857383
28,1,24,1,0.0,-456930.31567361724,-1.773359622246273,39.11815750508543,271.4499276137497,14.546263678822186,44.916555851060046,7.420862313626271,149.18187576699407,25.74084095123114,175.22657513703706,178.80258995557386,26.667849756476084
28,1,25,1,0.0,-469505.27406880894,-1.58874599449049,35.60842635147281,247.39967513591105,15.22646502327727,43.644437746098646,6.749449406652722,174.7059752909169,18.869116290032895,183.5298063201182,172.23637696534098,30.571889920072223
28,1,26,1,0.0,-434115.0358219762,-2.053265318495007,36.92165831350352,242.25690439075004,10.358189333104589,40.64582608168958,6.780502744760636,175.472083238821,28.98225737193086,172.34124215713842,171.3292072791145,37.31166826654769
28,1,27,1,0.0,-450443.992984044,-1.9413182847124524,34.739026298397064,276.21981570841217,15.774194885929498,37.10091524486053,5.202818017233136,184.95185893141723,36.870125712898776,182.6455340815411,143.30806211788064,30.730277804929944
28,1,28,1,0.0,-451770.40652424045,-2.111503422422236,33.01688334399002,241.96213733228322,11.2846189449917,43.05941132119242,3.640077892913302,170.13963889088086,27.56734232643469,183.67887315603866,180.1018117723867,28.539462738033674
28,1,29,1,0.0,-471332.75543369754,-1.7224691034812265,37.14366658679042,241.50795363967742,12.188876865533905,48.57501584931373,5.419654952392831,174.2411273997226,30.334661266119348,187.4312522997529,188.3629947352188,34.406903305885464
28,1,30,1,0.0,-402361.5861649805,-2.169585015276761,40.232351866546615,250.68901442182923,12.592664116256834,29.453725873379206,5.34521964663794,101.73164396404208,28.60575281160362,185.0452955071508,142.12086681726245,38.42977202097935
28,1,31,1,0.0,-439843.84068699897,-1.8996866234378125,10.0,253.29095211696747,16.296206332098702,31.481258688687696,5.402562942146724,95.13132332680561,32.661345822025424,186.991149808693,154.95842301624458,35.91472770017945
28,1,32,1,0.0,-454601.58240486,-1.7823530586313274,55.338520320135984,294.5393131540876,16.489000640985434,39.781110744510755,5.513809656379611,179.29331728935935,46.37770268324635,195.13615963489877,141.4660136155732,31.64350162422715
28,1,33,1,0.0,-413830.0724580754,-2.6377576376966982,42.808401884988726,249.04074569236238,14.064983741923623,30.512568034938226,5.663549563903081,175.31101741202355,23.548748527876285,183.05521552210544,119.6258661901048,15.986240500350767
28,1,34,1,0.0,-459191.75710966735,-1.6892330876042054,38.45501241623348,238.29060684519277,15.80317797615423,38.361184572150485,4.94353094310805,141.69620162295155,31.968967628498483,181.0226882673783,139.2473806302859,33.66485424287157
28,1,35,1,0.0,-437596.177482095,-2.066524944588575,42.6285303454228,288.8847855927762,16.18643657723988,33.850726375736755,5.458807255158957,178.21894092884483,28.998107806148006,174.11415951062128,131.87022141261562,31.327260415444258
28,1,36,1,0.0,-435645.74873465364,-2.2225718112652486,41.034877287027,254.57271344984701,14.63168381634437,29.86140197143044,4.8672080816704915,184.41369513998828,26.26295158470714,187.87551984309974,186.6944717054262,24.440669403396896
28,1,37,1,0.0,-433980.8550215133,-2.010509104694178,38.255922646921995,254.43684389637997,14.992090034539423,30.244055933316723,5.018747504454049,127.90811481174998,20.194790140261645,175.52401030885787,171.42119342515304,32.58717801950222
28,1,38,1,0.0,-482585.9390778838,-1.1980575644103142,41.94246996294732,261.5912947285266,16.933628034926546,49.974966995729474,5.87656707899136,174.7971835337764,39.38169037813614,186.86973721061253,157.9139315102062,37.05502864500035
28,1,39,1,0.0,-463250.5298618219,-1.662670310616852,35.684802705739244,250.4090007615131,15.976301915193918,39.50079965607323,6.137087078812423,162.52859909065805,29.60656497281776,189.24014964063292,154.93166450201886,32.947738046549205
29,0,0,1,0.0,-399736.3459896316,-2.641448602070647,37.441406104992076,326.0633117964247,12.535773788986402,49.60898429059771,4.3458304729522785,125.70037948312675,32.80518394004397,184.8240458980128,50.54043829854558,9.612179352868933
29,0,1,1,0.0,-324276.23163089785,-4.2912590628592735,29.012012943417837,335.78016078254365,6.960389717998245,49.53274093033782,4.067542766786801,120.59858952923315,33.82665347544047,186.6652003686884,26.97598041950154,4.0
29,0,2,1,0.0,-369942.4340183487,-3.462020598073558,36.07094778663997,323.9947214649378,9.439429478143328,50.0,3.7625938971215453,133.219514697373,50.7053458831804,188.072054860354,45.35759573702059,4.0
29,0,3,1,0.0,-360757.76270084846,-3.7462922814957316,35.27440326156419,306.0699855097341,8.39795401023398,49.88507018277152,4.257312542105968,130.73904599250312,34.92280626421507,187.14472749615905,20.0,7.79142751804008
29,0,4,1,0.0,-338506.19929169444,-4.094676937551547,33.82548334495344,320.18974604835813,7.457653466737811,49.20265326435255,3.9098507275606185,126.02009156506105,34.6057440111796,168.7972545566606,22.93159815715039,4.078986879422663
29,0,5,1,0.0,-353714.60349262785,-3.708861056233886,54.54014162589289,334.63497426024435,9.094003648050926,47.475554898645086,5.882773128665624,107.40112479138534,25.05329897706971,188.4780163345364,42.1879531578806,4.0
29,0,6,1,0.0,-331298.35260967363,-4.055627287504956,30.85606330179011,309.3586999610008,7.0417797982410795,45.36713282544557,4.195183282564198,127.49649206846578,44.607350440336276,182.74449286942396,109.79857247175588,4.045000920520575
29,0,7,1,0.0,-315479.3531670549,-4.117961976829304,54.79360218573315,301.037794986634,5.961562489704397,48.17599535320629,3.8097533538517325,117.44587240826355,35.02964550462057,186.37415407867678,37.481002153025884,7.086348485908469
29,0,8,1,0.0,-385152.16975513,-3.002934538621965,54.319696343170946,338.11583806521077,10.915709763476592,49.98713362629137,4.779427508760909,119.38537566747837,24.61506360154467,188.32940187069292,62.151970128140746,8.28886506490722
29,0,9,1,0.0,-341472.30371054943,-4.0961499653862985,50.48844158309626,311.0896628445104,7.165043291564594,50.0,3.819534860061975,103.98168480655752,41.04391616346285,188.2858222025926,31.287280138614204,4.357074459724315
29,0,10,1,0.0,-391039.37367238646,-2.8855593461727556,49.2604963114465,306.2925071578064,11.276973006078052,47.901077796663415,3.7878656268170605,103.98520810620438,35.535506158010506,183.5474507679301,53.73353592142684,8.568081888789752
29,0,11,1,0.0,-351056.19704750215,-3.8232173646128746,35.14176953126052,322.4876842337192,8.350640665500094,48.2277787667096,5.26355527506513,130.21157960443952,50.12061875792275,175.4195864458885,41.19263031314155,7.148084194500452
29,0,12,1,0.0,-373147.26749378006,-3.388854849211667,50.85041489775389,322.4197388044818,9.553506896075575,49.97118439447846,4.046552368415659,128.37299969673555,29.563526965590867,181.60554786312576,43.345324003262164,4.0813882144178715
29,0,13,1,0.0,-335326.4872608296,-4.058684627705704,31.444630831903353,332.8698892401041,7.6101016478369035,50.0,4.710100312279227,123.3175439870472,34.731363482595015,161.69409807992275,26.766682479300783,4.0448214339373205
29,0,14,1,0.0,-356259.01178661786,-3.7339666955491575,34.25218002149788,328.44889394889594,8.187790469861277,50.0,5.320868982411181,135.05228898548592,31.46575536878471,187.15277539209936,103.57031438538417,4.980632886974028
29,0,15,1,0.0,-326065.746534063,-4.2627491120389776,26.840738706247965,287.97262183883726,6.133380795300035,50.0,4.485840083107668,130.13319519899633,34.73007354731007,186.04096960599617,39.66448153755807,4.0
29,0,16,1,0.0,-367743.28468448744,-3.5419282249953032,42.49666048375725,319.0142596883147,8.981108245375736,50.0,3.7081339751572004,125.76100059353202,35.616021136460404,183.79792574433716,56.0,4.098469418730085
29,0,17,1,0.0,-314380.9647099646,-4.370670632783745,31.111423714223548,324.474047769222,6.121814671203768,50.0,3.8798523885420644,127.55293399666989,36.60153467614516,189.95589530611807,27.170350078391564,4.0
29,0,18,1,0.0,-352793.3108320903,-3.8645053786021952,35.48370615074535,323.20321587107736,8.122748964685178,50.0,3.8967647992043495,136.62970239177176,33.813253280657776,178.28830566743787,32.05470814912612,4.02117788835394
29,0,19,1,0.0,-353250.0968605771,-3.799713750129455,32.57113265406652,318.8769971159821,8.251313519125196,50.0,5.074999186709278,133.32937385429787,26.501353923371,171.67702728241028,50.72985301236132,4.0
29,0,20,1,0.0,-347232.3567360432,-4.006702386214878,42.56686080539393,316.2563700934778,7.209408386311702,50.0,3.6667194943225794,142.94253023094842,35.27509526248446,177.47084228799224,63.30908045883932,4.0
29,0,21,1,0.0,-348712.8168195048,-3.943181339730914,65.20327292940142,325.2516724535115,7.435688752611349,50.0,4.093733797031323,114.68168849725367,36.540047846331355,192.18096700107958,48.38213800710557,5.48186455557295
29,0,22,1,0.0,-339690.8911959477,-3.886144535168654,45.30382175013676,329.54902806213704,6.530388061918368,50.0,3.820559630070903,153.70207851145216,35.49956053940061,182.27148962551,70.58904639409317,11.020581027191461
29,0,23,1,0.0,-346308.24839025724,-3.9949352661765154,38.054455906863794,330.493202432024,7.398517671347515,50.0,3.2994375585384006,153.34795526961233,34.63436552892419,177.9980306423823,48.69698640350521,4.664103666876442
29,0,24,1,0.0,-346688.5522533289,-3.954548527561227,27.86736314398673,331.4661232036829,8.142278278320585,50.0,4.111199783986816,130.49803622641406,33.95029579681554,191.87537052207372,20.0,4.0
29,0,25,1,0.0,-381899.9633411612,-3.0073793587777438,34.59625043692066,334.41422665681614,11.52490418420211,47.909795292530895,5.168407704069955,102.15808107538295,34.236697032769015,190.75362210297547,51.658998606287895,10.367054090844242
29,0,26,1,0.0,-348650.95767086576,-3.822225386932118,20.37801333665636,333.3278898288544,8.577170763174923,50.0,3.9153644088004214,124.02453867170755,36.40090732564258,184.94852394388647,20.0,4.0
29,0,27,1,0.0,-364765.68927148165,-3.482000110281317,28.9554605127533,335.66289956128367,9.653058396266163,50.0,3.9287566384161035,129.55007610856194,34.65556585986783,184.34520623829195,29.252444215357887,4.018618775875772
29,0,28,1,0.0,-321999.3491645183,-4.175180025693271,29.428934808916985,336.59861499122854,6.472994235161743,50.0,3.990657641212011,130.11983733467437,34.62887900984862,187.79279676139956,89.16355803153057,4.0
29,0,29,1,0.0,-362857.43107426935,-3.5402145948199584,33.4693059279865,299.72011021382053,8.56516908583321,48.053112433702964,4.38256642104311,89.56605494915297,29.942231145684573,186.9094123385128,62.35710915314107,12.31724629273794
29,0,30,1,0.0,-353122.2987719171,-3.9309126774590597,40.533630997473594,320.54693862322074,7.8665663091962035,50.0,3.9439545702689225,143.27504326222467,35.5532368854443,186.34717665720692,33.240904964675074,4.006046183777595
29,0,31,1,0.0,-334030.1646676508,-4.147094035481215,24.91980344074459,333.72360102762235,7.424192436689942,50.0,4.003280914408833,127.14969480679612,31.444069221769073,187.04675823331428,27.474993336934226,4.0
29,0,32,1,0.0,-327404.6280956848,-4.279749291566593,39.69974517478678,317.2215482276842,6.38261960412562,50.0,3.7257458703140895,138.27872519597005,31.43343630909506,180.4836159778881,29.141583293048207,4.0488771965375365
29,0,33,1,0.0,-347651.06329437695,-3.934590063544611,56.54401098786161,335.25865922428716,7.330646201293401,50.0,3.9588608361798987,134.19042588851858,33.226006944428335,185.2200575567,96.2482565620567,4.0
29,0,34,1,0.0,-325832.9560823553,-4.31518869794268,46.25860508493812,331.326561836596,6.541082077002604,50.0,4.428871759952567,132.45234601713608,32.56729114498675,187.30006375940263,27.147237915685054,4.0
29,0,35,1,0.0,-335131.74339988787,-4.151760884861028,36.70294949590155,323.1053397549497,7.0468003542617375,49.98045691873403,4.16510323883886,125.10742024162948,50.108032563009694,183.09140219331968,47.508805106684704,4.0
29,0,36,1,0.0,-336660.63518934714,-4.126568986299085,37.025885660766946,321.9266953668049,6.962053747668898,50.0,4.1182285139844055,128.6081821119118,41.41152650640651,183.23004142382644,66.14502808164298,4.0
29,0,37,1,0.0,-352568.20598502166,-3.8197342863749246,40.494841798516475,310.19052701208795,7.950257100574959,50.0,6.975551608938783,126.72332089940198,36.07829674181214,185.6433945821812,71.6872881738604,4.2495025260876185
29,0,38,1,0.0,-382026.0058677626,-3.0518877747856425,46.24805619300761,333.4870116971956,10.70233711221129,49.73715959342278,4.315653796312816,118.30818114194902,45.71701539891337,165.42261382251928,44.43313824788608,11.675254931679305
29,0,39,1,0.0,-322565.38867142197,-4.339287234457683,37.98643906862897,323.8794712360908,6.305914238571196,50.0,4.6615055461784545,143.5118539787511,34.54538975925031,185.55627290352552,27.982684611554014,4.116020893872335
29,1,0,1,0.0,-417933.2045764819,-2.3661151455063867,53.23908540560715,336.9157385644098,11.698848895182657,48.92097369164547,7.303766396438221,136.300270146429,28.860625123949717,187.43787742128316,138.20138200910088,25.817672784489748
29,1,1,1,0.0,-445569.3403511177,-1.928511033911635,42.00060660495727,256.2673412958526,13.844949201295258,43.55557852830446,4.211914076304937,150.55947452039862,28.986419823284823,167.1923859618933,105.63072934731963,33.61973574263635
29,1,2,1,0.0,-438928.1924530457,-2.093856713388897,43.26218639318884,292.36245573285055,15.885349650871797,34.342422738257994,7.308745399539568,169.5460434368466,41.02163182439672,179.19064010359224,196.8148694374763,21.731249513470768
29,1,3,1,0.0,-445178.7064792491,-1.827407586093792,32.8124849640783,263.87758238536964,15.518292871195978,44.25106994130274,4.780762584128187,110.11255931836007,26.117193848777717,169.18142209644896,137.4558611568879,17.92910044932002
29,1,4,1,0.0,-451794.04324318573,-1.8275988974952995,18.47994609769296,265.22921904157715,16.572686460547395,34.21535307898695,5.806308862261725,132.43203490711505,35.40176238553747,186.9339396457269,177.95918434959884,31.03973976372216
29,1,5,1,0.0,-467351.6840019169,-1.6363588653681351,37.90633115487258,252.970082110718,13.894692377769802,48.95589871951258,5.33675343291333,136.63446998661104,28.68956949220549,179.55679330728645,172.74368892265005,29.753590566563346
29,1,6,1,0.0,-452645.6373375678,-1.8228974999216314,39.76352693445507,241.98490620139174,12.46227118740438,45.557317647370624,5.273687479210564,71.57693415832549,30.123472389240618,186.3481313584784,181.63689968573104,31.437585610464378
29,1,7,1,0.0,-462606.1363068496,-1.7434786185389952,51.732177330955096,281.9903131988832,13.179897281167808,48.77234054164111,7.045415330652337,165.862450114083,43.554330921282855,194.07444755364048,185.2317652461967,32.739198160101274
29,1,8,1,0.0,-387941.02276077465,-2.4772632132056267,42.380393943658184,258.59587585431615,12.050147457971264,27.036512345109685,5.412273833155283,170.92600019998312,28.172153690292916,191.1050400791359,161.60269009220823,26.188981775080446
29,1,9,1,0.0,-439442.8993500028,-1.8850144692973378,39.6311910565703,250.74697493260538,16.863041659025335,35.418552242311534,6.496033483376283,150.71660207252452,34.66872829941389,186.85915451891773,90.39317545805973,32.141109337524384
29,1,10,1,0.0,-474175.03178648924,-1.4224955150495173,43.90026861316853,271.9910391637618,16.87815292864208,44.85879163088721,7.211224891191776,177.64392259216748,49.02562328768305,180.54027418736916,178.96295162917423,31.086030043490894
29,1,11,1,0.0,-477386.0445216148,-1.4843301034978647,22.56346174477931,271.51176941771917,14.890153459045735,49.090557542733066,5.547338573000416,164.27438713602442,29.11032429590832,193.99907986275727,188.33669770826899,35.72036874862598
29,1,12,1,0.0,-461952.54617435264,-1.8201525168789852,33.89527213258009,241.4181375626658,12.917597981198151,45.2939373808199,4.8304725999445575,173.64108841724342,27.481534697604108,186.10639001453396,146.0449040788061,35.655079586105785
29,1,13,1,0.0,-449717.48262113385,-1.918808972118067,25.77658634294805,294.3666656827077,15.944430234252525,38.74333018675446,5.774383482511031,171.58930959373092,28.850519405876135,192.7545969745612,151.1590320849818,30.903009648898255
29,1,14,1,0.0,-446332.15418879327,-1.848634129845255,38.64496703186211,260.4043620561071,13.773223783460999,47.87265908077899,8.335924591812212,122.74436947764448,27.197137699426413,195.9806015064181,131.32704086954897,27.02547367969121
29,1,15,1,0.0,-441039.0062573806,-1.991032199250312,33.39066843728419,305.9567247435948,11.963704897001227,50.0,6.836879292306293,145.20863973250437,44.81460958630018,183.90135289799437,155.84021866856668,35.810776305344945
29,1,16,1,0.0,-465203.09194669564,-1.6972858079927422,39.202472477285305,252.1488658609377,14.686591997906788,38.34924382573327,6.101496184621019,178.69735895454752,27.260261985640064,186.51874701307472,186.79176763034184,36.471426682686946
29,1,17,1,0.0,-477299.0090413467,-1.4919592707572709,37.078892318088556,247.841549987433,15.654516113292932,42.633435844300905,5.7186400923762,163.28075071812637,29.46070730225195,187.13758569118747,197.77276003638337,32.50447358040871
29,1,18,1,0.0,-442232.88974233135,-1.9563855416680143,27.992162206113694,257.41005613335335,15.137056242585265,35.94856583925337,5.34289910603507,128.94843746003534,29.61766591282993,175.00887188134297,136.13893493661158,34.40168899576128
29,1,19,1,0.0,-463487.69849302265,-1.5927018069460823,43.20332847302952,285.0146042593234,15.891037414375331,44.46396987594586,5.444869158577643,164.80624912757884,30.29706743024713,190.620609160017,145.45048829165663,37.31709234033304
29,1,20,1,0.0,-455294.77185756655,-1.7551060085463541,36.59221508269366,247.4606918336266,15.453307041226665,36.28287895430508,5.867325292956455,155.0185282053009,22.45180881464838,174.5107502122511,152.65089709579073,37.067038645235115
29,1,21,1,0.0,-467151.9312617386,-1.591922598943563,33.01123537449149,242.5612399689111,16.00040960426252,35.07008407347728,3.1526432327381313,149.5549344342383,25.78259715355291,172.35344293020657,174.13939705566094,40.0
29,1,22,1,0.0,-449850.92458369554,-1.901116347330754,26.662951447471535,267.1757768122832,14.0903889514483,47.427191085267125,6.8120956482183175,149.81083114275376,51.072902839631745,187.99262531073532,140.14573051536254,23.58633456597996
29,1,23,1,0.0,-465741.039751264,-1.6389699342259918,29.609200372934012,239.84153915634624,14.45992180149561,44.64256651493993,8.140012336330384,178.99516119330528,26.601579655167942,166.35634202476805,165.86855086491482,30.379864090381123
29,1,24,1,0.0,-457823.69315465755,-1.8354071487279195,44.950595941242554,239.4499276137497,14.212736191778307,42.872136850149616,5.722725436004486,142.97337514195652,25.90453722528083,182.30291570355786,191.38098179857042,19.51521712654013
29,1,25,1,0.0,-449886.1653261703,-1.8245429879003943,37.57836851354916,241.27323600523914,14.717332483563736,34.644437746098646,6.336785196645344,140.7059752909169,19.896787790193088,182.939215097318,163.40217317545415,36.83683912160568
29,1,26,1,0.0,-442235.5133144519,-1.970187854272716,35.42469813030547,243.8039409273777,12.007910401386923,37.197648455237285,6.81461966045215,175.60553021186243,37.40179222256213,172.929037828872,180.80188313250537,35.859076506262134
29,1,27,1,0.0,-446438.0617153369,-1.972130301808956,36.1641697759276,244.21981570841217,15.534004313215933,33.63050540573912,4.6839915657255045,151.01786547379965,45.146563701253484,192.85397845166986,131.1369271098892,33.45671835403313
29,1,28,1,0.0,-445866.3287420551,-2.2197759244115876,32.249440237333054,242.77803609436964,11.107466943889243,43.1295476688801,4.0077846504737185,178.7292151418524,23.830120212777402,178.7487492870679,161.64413483883408,28.073749037303045
29,1,29,1,0.0,-485607.4964599628,-1.3485619805230562,38.51336014870942,241.15895750095672,14.750816633817733,48.41787607022699,5.304990116711968,177.1813974257658,30.760598706876525,187.2303149813694,188.77056207351526,37.89092957754067
29,1,30,1,0.0,-451313.33270049957,-1.844272443640704,38.65301733063279,232.85764500146325,13.830191569662741,38.453725873379206,6.579114971296157,135.73164396404206,28.31173722908196,189.08321499979198,148.6729109085347,36.10579464807947
29,1,31,1,0.0,-424693.52102624136,-2.1325209577770865,32.0,250.05022182193528,16.083934549581787,27.42521639914655,4.563241343834986,122.68606048251928,34.86080496678462,187.42315100474164,118.95842301624458,38.59548586323838
29,1,32,1,0.0,-455711.031397313,-1.8366816812248323,57.829011989853775,262.5393131540876,13.489000640985434,37.91743220737237,5.489641829441285,179.2399224668107,42.64782639242378,195.03593829689098,177.4660136155732,37.9924319727659
29,1,33,1,0.0,-415340.5644485658,-2.49192555509561,44.83278694882253,249.22141548222183,12.64397228644752,31.800958061120404,5.1650922148690395,145.4849675708293,24.479146044549633,183.65405966894988,155.6258661901048,23.186240500350767
29,1,34,1,0.0,-411461.1256398386,-2.0511941726136276,29.935873252366985,249.41701007813566,12.80317797615423,29.698978857509445,6.74353094310805,125.5049171638586,34.071827330119994,182.4437962121923,175.2473806302859,35.46065749918429
29,1,35,1,0.0,-446739.39275289397,-1.9248628408034605,39.3394027768061,256.8847855927762,16.21596919450763,35.42605494805957,4.571392816439743,152.3703276356957,28.695743633416555,181.30191804463286,127.64234663083975,29.449632220445064
29,1,36,1,0.0,-472487.42483352957,-1.592963066582195,37.614785326492786,237.78535103349816,16.194294631366272,37.37058882871377,4.957291217038842,171.01967661162038,24.315678684618117,187.74688410637944,186.65884921587366,31.640669403396895
29,1,37,1,0.0,-434303.866557108,-2.0451453088531046,40.60915621746258,281.30052453813767,14.617241613167243,35.818789295681626,6.191115566049753,129.99354231742922,27.70137733472737,178.50229793106158,153.27040687190876,32.66427636515147
29,1,38,1,0.0,-477376.00092305813,-1.4264722996195376,42.303583224269666,255.47624739285797,14.534329246601105,49.70031317984693,7.67656707899136,171.76292662157874,46.294824345140874,186.79578386671622,179.72455166836357,36.65249008201379
29,1,39,1,0.0,-49991.764957566695,0.6766616732566355,57.684802705739244,244.29459063648113,16.1501857964147,32.98073304827668,7.937087078812423,168.60356213707686,24.937728162885875,177.24014964063292,119.77095411439217,31.863171164379473
30,0,0,1,0.0,-382612.7216190908,-3.1606760800335483,42.754637404418645,334.38910941729216,9.535773788986402,50.0,4.333725530547187,126.64290725284451,35.62813371525732,183.26786106872473,86.54043829854558,14.488251449051496
30,0,1,1,0.0,-356280.75903313066,-3.700593028320172,31.862453703087052,336.97607823002994,9.04181500798634,49.46623312313994,4.103506292055699,125.29089393570688,35.49697104362812,188.32256474368725,27.919487140465552,4.0
30,0,2,1,0.0,-380961.293409877,-3.0241471629259298,23.754733343317124,338.8690031755067,11.421055225232951,50.0,4.077541586592176,134.6606968014758,45.61645036866091,189.57062572132645,34.4188099865591,4.0
30,0,3,1,0.0,-307975.8511123624,-3.980467272372817,57.27440326156419,337.2182229014772,5.778248493404921,49.7980258448613,4.852272546444794,130.4844263769761,35.466501021898715,188.9799443898577,56.0,10.154305866552821
30,0,4,1,0.0,-341267.7689690827,-4.047905202359844,25.965955765198114,323.96808662263084,7.773705437819271,49.36307741128654,3.9269238571447547,128.7053686215635,34.51118781626876,180.7972545566606,20.0,4.0561882034947825
30,0,5,1,0.0,-385541.2356170781,-2.771726903183887,76.54014162589289,334.370081488093,12.094003648050926,46.92878194819317,4.1296713699203655,107.5240135126418,28.336378549797146,187.95914859137864,60.397079057842845,4.0
30,0,6,1,0.0,-320726.46364118287,-4.191439203293765,38.46376182882207,339.5519584280669,6.951419114589572,45.57870683945595,4.110944720104701,127.86464375654039,32.98957489247978,184.68775485962797,73.79857247175588,4.222087583532537
30,0,7,1,0.0,-373728.91919503105,-3.3022767188768336,76.79360218573315,298.893873619358,8.961562489704397,50.0,3.9067518478508876,114.89717632851703,34.50357743501715,187.27624234002764,23.9936396777616,8.642842774127402
30,0,8,1,0.0,-365848.00541506056,-3.404408992781405,36.308394365446574,331.88923623570895,9.904390917560509,49.99230090144436,5.403636918541056,121.65386627047695,20.610640493524304,183.34943109010587,30.36447933129331,4.0
30,0,9,1,0.0,-341756.25879925693,-4.062778543368495,35.33882533243599,323.0127334843925,7.523046683895237,50.0,3.7521921411554695,119.18817253286905,32.83311508169193,186.73645061999187,30.965355432431316,4.053403961498211
30,0,10,1,0.0,-354657.64657282806,-3.7443053064690988,53.505461412407826,338.2925071578064,8.276973006078052,46.477787976355316,3.7633805991414535,130.99195485825905,41.486262768919474,186.19381020573252,42.224019541421015,15.768081888789752
30,0,11,1,0.0,-377392.82444748,-3.163043814104101,26.709690490119854,326.7460430314952,11.055018820993476,46.924498782310344,4.654648127977669,115.10311525515122,41.90714886436725,183.37383670967606,66.6280966638978,6.165690596756376
30,0,12,1,0.0,-368508.93933831766,-3.520814000081383,33.29768769453664,305.08006136499546,9.132212693132848,49.67686383896796,3.9602716114211676,135.75151338548554,29.706989192116723,177.12846359204698,22.213886384903912,4.090928815252664
30,0,13,1,0.0,-320968.9841741041,-4.249641039381924,53.44463083190335,332.1917084579628,6.390255897617203,50.0,4.5442150757874,120.88357301089842,33.03334694311569,166.85069558711956,34.764820525933644,4.000547741270072
30,0,14,1,0.0,-332801.2352885319,-4.171769594489544,34.70725111510336,324.49971165604137,6.777652115865318,50.0,6.1433348829339165,154.23469594251767,36.30633389984505,185.057400756232,67.57031438538417,4.0
30,0,15,1,0.0,-323629.1344422256,-4.334829432893414,32.49344341486983,319.97262183883726,6.515594607740949,50.0,4.302464545778818,129.4723057067016,34.625137829024794,180.30638142559928,21.719361155207164,4.0
30,0,16,1,0.0,-357727.7398502345,-3.6619898626491065,32.0041784386958,299.99164044581767,7.250084660359793,50.0,3.665444806637232,126.6401603835647,41.156768615132705,184.55004169331937,92.0,10.87733049572904
30,0,17,1,0.0,-329589.3737255076,-4.279426929927743,34.983360503161464,321.12351457916407,6.696205281741407,50.0,3.543319010224654,126.52958166570049,36.152845703583885,188.55460123666305,25.96461468696954,4.121676778846118
30,0,18,1,0.0,-355833.17306606617,-3.721973861493622,25.16649415979554,329.21790922585325,8.76876815823029,50.0,4.535568897055723,139.11947126628777,34.32976933896366,177.75702282837554,34.244728195801585,4.0
30,0,19,1,0.0,-342622.18124026,-4.016979136929339,47.470444600565756,327.5874833375834,7.520682970425978,50.0,4.917686158236667,124.93484068963704,34.87682236542222,174.57388622914146,45.58101322876795,4.0
30,0,20,1,0.0,-330571.06913263217,-4.192950853742761,47.0735275313296,325.94546505297365,6.414329940548398,50.0,3.8183219366552557,139.71273436282254,34.100040966892635,186.95052681316525,63.646946979661976,4.0
30,0,21,1,0.0,-330813.58021986985,-4.167977381450095,44.21025835912953,330.89707891546914,6.659995183686359,50.0,3.9567640319350805,131.11588501757137,39.17979152026871,180.18096700107958,67.16237180386784,4.0
30,0,22,1,0.0,-360077.8971375194,-3.701752762902108,43.122762246521305,330.00296004122276,8.216735961148377,50.0,3.869849627704574,147.02086477029462,27.294289664507787,174.38585082719095,42.32333330382033,10.333052349389085
30,0,23,1,0.0,-321043.4732124516,-4.205602188391837,30.167286935093845,326.90544598218065,6.181586671475781,50.0,3.8348657120572174,152.7816815305581,32.82862049218027,177.5798379401649,59.7950142916325,4.378353524572276
30,0,24,1,0.0,-314639.97856867017,-4.32548275547781,27.792964429864703,333.00841221875004,6.294143366095036,50.0,3.9473879595594177,130.8890362439198,33.54357964224864,179.87537052207372,35.82925903518672,4.0
30,0,25,1,0.0,-349636.5844559471,-3.856904793175039,27.10413238994437,334.9645616498964,8.52490418420211,47.53343081239041,4.7942408922067035,136.15808107538294,34.600339605247164,189.07176434961482,37.0538101995289,9.19339721541863
30,0,26,1,0.0,-317433.21170678653,-4.377554477771882,31.36968261237836,335.7544017822475,6.4649409354567595,50.0,3.88770989625819,125.7987150958683,35.155561410967564,186.76099863676387,20.698363984424212,4.0
30,0,27,1,0.0,-328287.43506206246,-4.288123358760056,50.955460512753305,333.5161680572956,6.653058396266163,50.0,4.062640711400463,131.08236554215037,34.59492188795307,183.5611381197999,20.0,4.027712863089857
30,0,28,1,0.0,-347763.8535533894,-3.985120354803444,29.599875533471828,311.76459884100143,7.5908925848896684,50.0,4.248042804513261,130.67937372660782,34.705491542109236,186.11664563000545,53.16355803153057,4.0
30,0,29,1,0.0,-365612.8436000502,-3.4200544670847015,28.600120260241155,295.64842715423885,8.099632684921394,50.0,6.18256642104311,104.43807714782562,32.50442025102958,188.1565027462279,98.35710915314107,12.404526079126478
30,0,30,1,0.0,-341385.03696579597,-4.089287987544399,37.01921362600831,328.1376969812544,7.526612809639424,50.0,5.1133011349617625,136.97618555463131,35.494282337197205,186.43043084647545,33.294605209893554,4.01506009258454
30,0,31,1,0.0,-332872.2148921595,-4.183685892704388,29.30974803573689,333.0807569065245,7.3191414035843,50.0,4.512687104501782,127.86320648184768,47.768584319971765,186.1814783162503,27.042722160124242,4.0
30,0,32,1,0.0,-326352.8389196617,-4.25646689995497,37.306436996434385,345.03091692621996,6.880947007470307,50.0,4.348050804054507,135.0007629260099,36.3652149185133,182.85692597441607,37.73543419135619,4.06069641308039
30,0,33,1,0.0,-365714.2045319555,-3.5369908907384433,60.77918952402223,334.0142298737759,8.927150194197454,50.0,4.054670328127766,129.3209518946448,51.00121812622339,181.61902064560854,60.248256562056696,4.0
30,0,34,1,0.0,-326995.599765819,-4.249065158316013,67.21940099210167,335.87878490130174,6.387362595146113,50.0,4.306677168020535,132.20975184284077,34.382861729413605,186.93133167954434,24.664750881044316,4.0
30,0,35,1,0.0,-357027.24775875604,-3.6587633622337585,38.58423507853498,327.5728816176106,8.692368301412817,49.97798783922106,4.045076140318915,118.6407935704384,56.70450860943616,174.2720668350391,34.27623775385145,7.004522344213251
30,0,36,1,0.0,-344963.2307672781,-4.073049613815451,35.13445882191654,324.20492392611834,7.329273859822773,50.0,4.007702917171212,142.86811212427162,39.148623136429876,195.23004142382644,59.100747118052325,4.0
30,0,37,1,0.0,-334981.1600160005,-4.0430697813535685,26.10385906963959,317.8626255770904,7.238320888670937,50.0,6.781890706757545,123.89078769100657,36.96280477360902,186.89606839454223,38.763205973778966,9.742851567142283
30,0,38,1,0.0,-407979.97351511556,-2.400212142992868,50.35699946412077,336.2742789559703,13.160201826760316,50.0,3.787178833783914,121.43112319918107,55.33680069389052,174.34979617684473,80.43313824788608,10.618866940453126
30,0,39,1,0.0,-329229.2706220803,-4.296693273747576,36.00861714204512,317.8938252685314,6.530054819344823,50.0,4.491121548320806,144.94242325972482,34.0842040073399,183.9132618317738,29.8603842568746,4.051473126830978
30,1,0,1,0.0,-394820.24296174943,-2.5097467338775927,39.79321367653938,313.6342281648026,8.698848895182657,47.67098381284294,8.436927027906627,170.300270146429,28.085344474533184,175.43787742128316,138.6505170666309,33.01767278448975
30,1,1,1,0.0,-452883.92035488586,-1.7725866530328431,46.26210711108002,288.2673412958526,16.323219625473556,42.0374703720434,4.888797552873249,154.8546225736886,30.322222996335515,179.1923859618933,141.63072934731963,26.41973574263635
30,1,2,1,0.0,-457596.23818207387,-1.6252537828574602,52.041866408499445,278.8126084559241,15.817470611486995,43.342422738257994,9.108745399539568,135.5460434368466,26.935309502006206,175.61773426842618,179.23148706208718,28.931249513470767
30,1,3,1,0.0,-439888.27091600065,-2.168572714833825,39.08170544783781,293.90726296475356,12.518292871195978,45.91201651104851,4.636020901043859,144.11255931836007,25.09644438249477,181.18142209644896,164.98934814973467,25.12910044932002
30,1,4,1,0.0,-423200.307814609,-2.0015023809620933,11.881397909144543,259.56966366262435,15.68619819026747,25.365149703584365,4.917568438250145,148.74635601737336,34.20634016875061,185.7133084462527,188.15104152930195,34.05237623449432
30,1,5,1,0.0,-452589.5008549278,-1.8531796608260307,38.70177583401398,273.4961042641694,14.021314776917121,39.95589871951258,5.522660288719227,146.18645369597888,28.598838857896528,185.65316721962128,177.5850473678975,34.52255322714184
30,1,6,1,0.0,-457970.1357858679,-1.8335519599080818,38.14447931856061,241.9644426397003,12.744495241000903,48.26969375984569,5.353729839986408,105.57693415832549,34.636838468260535,176.21505153913242,186.36619236379002,24.23758561046438
30,1,7,1,0.0,-468365.5585495841,-1.5174707976906003,62.62703128898458,282.80231094129044,15.674827544639214,47.53368352384697,8.246148250038953,159.78577227968114,48.957148370427035,195.26770698100515,184.90390470912274,28.547690786613
30,1,8,1,0.0,-410652.5133477752,-2.522053846026723,43.541632673187635,281.7185971113978,14.128668473641426,28.791908261295625,5.6130461761470345,173.71760271170479,28.494465019634198,186.51256630682695,150.26415893183307,24.70151711782997
30,1,9,1,0.0,-404825.0710898382,-2.4955478291951523,40.34410958121197,282.7469749326054,15.624694127570127,27.93798897258922,4.696033483376283,116.71660207252452,39.694117971405056,186.9429800672661,105.61998482443424,30.364141657740117
30,1,10,1,0.0,-461416.85138776456,-1.5733274313569208,37.72124744912083,239.9910391637618,15.529834606164552,45.30410809563893,7.675667335240439,176.93332767099614,67.02562328768305,177.531341548108,142.96295162917423,23.886030043490894
30,1,11,1,0.0,-465581.2342064534,-1.6481180404676083,17.69738303808352,278.3970611717705,15.191573963605757,43.12556395697377,6.4065402635062325,159.5276446885426,28.933584089822958,194.45935934339113,181.70018326654713,36.287261592415796
30,1,12,1,0.0,-430541.3365374241,-2.441364585603371,36.336616059922235,232.1399989385695,9.917597981198151,44.25740766928853,5.09250976690235,178.14502804435233,27.738626258899014,181.49920370489468,110.0449040788061,33.5904306110772
30,1,13,1,0.0,-473585.45712349017,-1.4197853048731082,40.44821975156138,262.3666656827077,15.964864946028428,46.37097931112492,5.6673268978796925,170.28880605735228,20.45603940373123,187.93230805751696,155.72651472884098,37.18581362268327
30,1,14,1,0.0,-445559.06807879807,-1.6366408023360814,24.420365956656234,286.84382483294604,15.299285818173281,50.0,9.393802307957747,88.74436947764448,45.19713769942641,192.92723005419467,118.32115542749149,34.22547367969121
30,1,15,1,0.0,-455118.12145419774,-1.8282713619949011,43.268249816607614,294.3260809969036,13.611784014714948,43.8029364143377,7.076799074971539,179.20863973250437,42.08038441011571,184.66400372199595,178.02745816398013,35.672989301109375
30,1,16,1,0.0,-478649.3566796938,-1.4584450077835358,37.05974355041442,243.04418738225309,15.626961187016786,43.2722197001525,4.301496184621019,179.063821115371,26.43931922691136,187.45295789612624,169.4094525442942,36.43030474633984
30,1,17,1,0.0,-459326.1915847774,-1.7603914087819428,36.56554504880332,254.78867928044298,15.683727920294627,38.90527529277614,6.187720153837426,162.97010682666814,28.085696658157648,188.08343717556468,161.77276003638337,30.105950879196175
30,1,18,1,0.0,-456831.5212752629,-1.6576682731789776,24.787255282494527,271.80282438883035,15.382674095123319,44.94856583925337,7.1428991060350695,162.94843746003534,32.59711829799988,163.00887188134297,134.0195228211462,36.005619540211505
30,1,19,1,0.0,-458717.34107682836,-1.6553392222936725,53.4248780559874,317.0146042593234,15.60627952020159,44.39277867911467,5.554550145081828,173.76545340305387,30.9210706633863,181.65004573093796,155.36787482544696,38.519840499406726
30,1,20,1,0.0,-423128.9911364209,-2.1589024915842585,29.555661784325263,243.77212850323144,15.924640809091226,27.282878954305083,7.425272146940955,148.0274275589287,22.742066322527414,172.3760434696533,135.07639361568,31.746186914208963
30,1,21,1,0.0,-449565.0711909918,-1.8813974631596142,24.44041151570298,236.30695245814061,14.851212533788132,34.25310689478353,4.952643232738131,141.6780259777042,25.662950567879104,178.0936479180977,146.45801817230875,37.424979590931756
30,1,22,1,0.0,-467823.72078075865,-1.4058179467365328,31.17610858580541,247.7419020835315,16.835824485619227,46.62012798550447,6.346861532373697,147.4939267525821,41.31547811286456,183.9991681150181,143.50416253167893,24.601464815429246
30,1,23,1,0.0,-472890.81855505443,-1.5816061629379528,46.86320146126243,237.948120742054,13.528761141722681,48.304788348197356,6.340012336330385,194.17788892212943,17.668408089058914,164.6002540708769,171.65940447261073,31.988450361527374
30,1,24,1,0.0,-464051.6715815207,-1.647329714856986,52.92637555289049,258.0646850890178,14.811966382927888,46.58783035347464,5.11574590381045,160.52266414719563,25.991583129630776,178.25056794352344,155.38098179857042,26.71521712654013
30,1,25,1,0.0,-461665.46527482953,-1.6677525542531448,39.552765523882925,243.57863031253288,15.295174909050754,36.47225615057921,5.46627180840798,129.32328394711266,21.77276896531004,181.4552324324647,189.40369318579963,35.09721254715513
30,1,26,1,0.0,-463168.21418603975,-1.7405240464524716,35.62410607125414,250.002889092429,14.279568011183276,40.37563549966154,7.452017970213298,177.98949050524118,28.06523881437561,184.929037828872,184.23873528682591,33.48161468558495
30,1,27,1,0.0,-403953.6320640616,-2.4131827796640946,34.684958297040325,253.21231251693928,15.633405775233513,24.63050540573912,6.483991565725504,140.8149826480039,29.29398789275454,180.85397845166986,121.85538864760196,30.07635809880115
30,1,28,1,0.0,-469115.86586592544,-1.6958143024601537,38.491642601306445,247.20723934846765,13.590510384603169,48.63542472846895,4.380397885085355,159.05579346314417,41.8301202127774,180.59968190938753,172.75949557429536,27.201070805848104
30,1,29,1,0.0,-486095.68153194396,-1.3346616723274936,38.22613527410261,245.14710674261738,14.805290968324075,48.88962846393287,5.2237372039528305,178.95314535686967,28.392823026349802,186.9723361749869,189.1874141948421,38.66220231541052
30,1,30,1,0.0,-445606.89199048607,-1.8631216240159356,36.3169420553497,256.2049719052373,13.890968194798557,43.404272361657284,6.518511623526627,144.27978449064813,28.11950318809067,178.07733294378673,112.6729109085347,38.63229771568794
30,1,31,1,0.0,-459108.21271505783,-1.7488773016758603,24.581448105864375,252.90673585358826,15.956950239437631,36.42521639914655,4.006247364113076,156.68606048251928,30.23670635299708,187.73195501863322,144.4184976907722,38.102045187215715
30,1,32,1,0.0,-56107.90795493579,0.6624670509386732,72.3189383279296,241.55958374227157,14.150763702826756,39.833415278580866,6.455307498477206,179.99393548201846,27.78347048000829,187.53786318728908,181.1216339179005,31.406450607899327
30,1,33,1,0.0,-401243.13171191927,-2.8875895035203736,58.32453009043056,257.2017788471878,9.64397228644752,40.800958061120404,5.339641567792821,145.72265072613695,26.600713655019987,184.26453870093897,119.6258661901048,20.026012808326016
30,1,34,1,0.0,-454742.0343534808,-1.765737428052988,25.219099292638553,260.75135565900143,14.499832889815304,38.698978857509445,6.149009508604469,133.21284490049553,36.19345327746837,170.4437962121923,182.75981578262167,35.93807442843976
30,1,35,1,0.0,-460417.0127623224,-1.732385316463721,38.22956905138722,254.85435268333356,15.74842937356697,40.569497514300195,4.866004669233311,162.123514800453,33.89555562664192,169.7163545357566,154.71669000917458,27.662567562992272
30,1,36,1,0.0,-476429.5499342725,-1.44927130343616,36.276549259256065,243.37754182467538,16.831159093604047,38.50532611585309,6.260193018320776,167.71102390819905,40.248153933663794,187.9431837474649,186.94575576625135,36.08723138026899
30,1,37,1,0.0,-444891.6985595671,-1.8873144610658403,40.90968032901222,266.52341838965424,14.262023145180382,34.9082978183732,6.25489166293478,146.91914164078628,21.911118162458603,184.0700805942513,189.27040687190876,34.07244074516804
30,1,38,1,0.0,-467534.02026303933,-1.6202493102925297,41.74181288259939,242.13454531593018,14.036921868003613,43.28729196432835,7.6839136164740065,160.4231444143983,52.064436526790324,184.38750389770127,185.94457861986152,34.477085133235356
30,1,39,1,0.0,-417507.4563163773,-2.1366963059762027,48.341509532544734,240.9823477325721,15.898536546839257,23.980733048276683,6.137087078812423,167.06012860993525,25.04792992406859,176.03105637879736,142.79855713287677,33.90496792773187
