iteration,timestamp,success,NPV_over_CAPEX,clearance,sp,p_rated,Nwt,wind_MW_per_km2,solar_MW,surface_tilt,surface_azimuth,time_sec
0,92786.8693381,1,0.8389629592745106,101.96947330448742,333.3607669532423,16.316938589945778,20.344962937972262,6.113074270984488,191.05814029161695,9.02405585264438,202.91362541201278,0.0
1,92802.8129851,1,0.9645449014007537,110.07208815650641,329.6347577594543,9.65221353978999,45.44772295855971,5.249284439074421,103.80921202714323,82.17099479141083,178.620586593163,15.94364699999278
2,92819.714744,1,0.9365544998859102,38.654154143115534,287.7918886136943,15.795570296059312,42.11802397167048,1.0102853738298547,177.49247183377275,29.268392647265106,161.46402549014343,32.84540589999233
3,92835.8412616,1,0.6892415550319188,36.24775214767422,328.5087150847792,6.206687278288031,27.857328913425825,1.9815206133799332,150.11543967737123,73.30201769622025,207.83031275842805,48.97192349999386
4,92853.5722723,1,-0.8086769216203323,74.637877059298,295.405897853297,13.634765212473328,13.522609784946026,6.51495861881746,111.01026864159473,68.18435297697931,205.40286095677683,66.70293420000235
5,92869.2597338,1,0.9034147492066295,108.79904334936668,286.4959879916887,15.579250997816093,41.52329188285454,9.055350706840077,191.46002844946048,40.55067959680397,209.77547036121436,82.39039570000023
6,92886.1566927,1,0.8338022025468277,97.26575925432465,298.04529680651393,14.452210106172092,15.93660299278353,2.054208638876662,165.07910519079792,73.43217868802935,158.78150933473825,99.28735459999007
7,92903.2221052,1,-0.4534937263442943,14.97574746521736,345.60256235184636,15.208836988433848,33.57499594601562,6.183576532283866,92.92378985698187,3.275283385033724,207.66187681437668,116.35276709999016
8,92919.692303,1,0.6199609758035414,23.62846808668749,328.11945445666896,5.341738635029875,9.56750987183764,2.987463441846856,89.54997445741049,45.32728546888985,156.055274471338,132.82296489999862
9,92936.2302387,1,0.9406985609516163,31.929136951376925,317.0557289960577,18.77723092992997,35.26882536078737,1.5224584944384878,173.72218092927477,22.56186053566005,176.53884202194473,149.3609005999897
10,92954.1784821,1,-0.721663978127343,61.87879566059168,291.05803832388483,9.671690015003103,42.694752846604054,6.045401969681715,156.0676441598128,4.112684421157496,164.40782446958124,167.30914399999892
11,92970.9663813,1,-0.39086890696504833,48.74481176670582,257.4721915605994,14.506217783738789,37.202870763565535,4.729761894495225,30.259117715642432,30.09615215962514,188.24396406775801,184.09704319998855
12,92987.8002783,1,0.9827987860411139,106.2965730884319,266.3050234693831,15.52744435900513,34.79881500382179,5.008169707469468,56.806717260792844,43.85390409621289,195.32908603552096,200.93094019999262
13,93003.5693921,1,0.8114181888877872,64.40409374128154,274.7027576564038,18.125244972204065,13.46005823228726,6.697798839264704,153.34424042842312,36.163513999128924,168.97062823328054,216.70005400000082
14,93020.9264742,1,-0.8475003571194094,88.90565576421409,331.6370256850265,6.466765127009889,34.216944120326914,3.519844689941853,47.03071714083053,35.7026559597814,166.48283060515573,234.0571360999893
15,93036.7333387,1,0.931292178176382,97.15756843042175,221.34728867240784,14.76174857224606,44.23387260697638,1.1671689479103566,145.76945091891136,85.18522987529963,204.59107064430614,249.8640005999914
16,93053.2861568,1,1.0002073094372061,92.40483057299494,304.85789834795673,18.54065225928996,21.76021683375152,2.8705969332174224,31.512503948343394,30.006754922687975,193.10996536629239,266.41681869998865
17,93070.632139,1,-0.8915571047105788,78.25919191482068,226.21768730809214,9.342962804538004,29.681793345763104,5.302582022359188,38.20358158901006,47.074520853008835,174.1901487867056,283.7628008999891
18,93088.4060321,1,-0.7677293309992791,55.61937698685866,345.38520870348486,17.612724989415074,20.46432171459955,7.2963576203555665,81.32352975729052,80.4959800393117,187.60452280841204,301.5366939999949
19,93104.0920979,1,0.7061294398655021,117.20165736276635,210.53354836436816,16.24804357674629,5.3532952399063305,5.671033558311963,113.06519675261593,61.13723106349124,172.09988738006555,317.2227597999881
20,93122.0722305,1,0.7125194592412399,108.36308301670059,308.7244723241908,12.383857819734512,16.032075498073297,6.5087539258061735,180.31088583366898,32.08158476004006,180.56290087096005,335.20289239998965
21,93140.0924137,1,0.9675431517285196,120.0,317.60622121614307,11.471222050353475,45.194525011575394,3.2984066521340516,113.01368520367838,90.0,189.08499539960425,353.2230755999917
22,93156.8575631,1,0.9504885201942778,58.78448499309806,238.0976696173849,12.238010355707859,45.35443895072736,2.06230005687306,113.58110855681436,54.35387355804613,169.45541851314454,369.9882249999937
23,93172.7287589,1,0.8417794224571643,77.1082608311382,283.47187923690365,6.057119487403047,38.57018563416635,2.6578311257557745,101.78768826955806,64.67342781071345,209.09389196911772,385.8594207999995
24,93190.6408013,1,-0.5667142054873732,71.41025360704849,268.26274672358994,10.459625137497376,9.091010559790902,7.261911791119389,71.47699503384413,85.72312940652941,210.0,403.77146319999883
25,93206.6127425,1,0.922700432047698,120.0,257.87267469068706,11.600006797333752,49.42048826266104,7.779433389179925,136.82342882895892,49.09974462735635,210.0,419.7434043999965
26,93222.7620797,1,0.8928438260987935,71.2833515903284,279.39234807563014,15.596414951865608,22.30838542122788,1.93637243728327,130.05295121965344,46.20286278602378,168.50687313049073,435.8927415999933
27,93239.9101738,1,-0.8245377632983597,42.67850565508665,307.6380137540631,8.481888864262434,36.06996835572044,5.49182392450057,115.44398811954535,0.0,181.56332115121083,453.04083569999784
28,93256.8146332,1,-0.2685968858977941,16.201270498171517,322.79698401276636,5.4172040457865345,13.345948338231187,4.05348462901157,43.33370940166979,22.616147556429546,180.3066488782416,469.9452950999985
29,93273.9887272,1,-0.16952627236790538,30.689366075416054,333.6088283661759,15.426219318796687,46.611394193427046,3.7949640558865076,115.81803091144488,31.87875844240328,165.3280161881252,487.11938910000026
30,93291.1566139,1,-0.8393893534229928,59.05443114503642,276.54859299870634,8.447667568234266,31.353409129229004,3.346852319814258,114.00328735464485,3.199937080717369,180.35712847812817,504.2872758000012
31,93307.5560377,1,-0.5295778054048255,45.04222326056049,284.7882637317416,15.101797048553872,31.88097991077561,5.694627603115951,30.0,19.375361609690803,181.45504374468246,520.6866995999881
32,93324.0843724,1,0.9435495047880174,106.44688615249585,245.77032736192712,13.907812480857428,22.944422663092695,3.877408567782688,54.04587425352683,47.554969846121644,199.76810359013186,537.2150342999958
33,93340.2211521,1,0.9205493307195555,55.609310351608144,285.0009719996554,20.0,29.654440016052757,4.151335222796641,195.39504226049579,45.285907205965735,160.74751939125392,553.3518139999942
34,93357.6162246,1,-0.7673640188436783,55.99386069136527,297.95700899624006,5.0,41.19801487607036,6.536608980972644,78.8531578370486,16.85672494656983,168.3886174052759,570.7468864999973
35,93374.2408275,1,0.9248655813999128,112.32199567802937,225.4004421183251,12.446320432702693,37.14762612888375,1.0,138.6389318154864,90.0,180.19308455429123,587.3714894000004
36,93390.8219243,1,1.0126769853622033,100.9628593466534,309.6625795799808,17.323241650286057,26.38153612831359,3.8979502362873273,30.0,44.37616624523469,180.33049791454863,603.952586200001
37,93407.8424273,1,-0.4761625951132225,10.0,285.1838075668164,5.0,26.651928877453187,5.458593477844513,75.84734408849637,0.0,150.84392270346146,620.9730891999934
38,93424.9652304,1,-0.5336076504895938,36.54208171488713,340.45492774384746,19.372812499496415,23.04686162023128,6.075389547896602,87.91168868440415,90.0,183.17999689597977,638.0958922999998
39,93441.5665554,1,0.6301172835775997,116.63707771843528,200.0,9.45388881278191,7.918392862630903,5.409078177342902,116.20794750975716,55.08041571611378,188.51742716557925,654.6972172999958
40,93457.7751879,1,0.7868496597258837,107.41515943006881,273.05958072728134,10.039729237878126,18.66291701512807,6.282317288124089,137.78125153639004,49.60324533846172,167.1253828424967,670.905849799994
41,93473.9238382,1,0.9602038697153303,116.33208738013481,300.0174028623019,12.222906330871313,43.724614327106714,2.5539187710222624,113.22183072254698,84.18245413844426,189.01908309352427,687.0545000999991
42,93490.5564609,1,-0.5811640952865236,76.63347837077573,205.91376208813108,9.425638198700248,46.28658282679011,3.221952191719079,70.13304677185225,66.34640008923837,174.5918868214495,703.6871227999945
43,93507.2825882,1,-0.9139658305882004,99.92713486229978,236.2205856469332,6.037432798316905,42.937418398737016,3.899910503473401,65.51631152697556,53.48677636708037,198.83481031308054,720.4132500999985
44,93524.4255441,1,-0.5238236634330901,70.4065859824109,252.0147847895412,8.215438248332415,10.341148159656726,6.7057916654172995,42.92843197294367,81.15216108977756,210.0,737.5562059999938
45,93540.7753464,1,0.9433401603355076,118.53629107935193,228.37786486922766,9.244458194108987,45.665683626251536,6.079217557321352,73.06756532406345,52.861530012234525,201.97357922567645,753.9060082999931
46,93556.8598956,1,0.9448771885583102,57.87037994399128,268.4015764736544,15.945813090991766,26.684089998455462,2.5529343967181624,92.76195505337361,31.462487706944408,175.47835341296133,769.9905575000012
47,93574.7641913,1,-0.7215596636113129,66.02360122960334,266.5724794617526,5.0,34.964768900754294,5.091738716159553,90.0342291642949,2.8060790784612664,163.80027130480332,787.8948531999922
48,93591.5391127,1,-0.6113745312624446,33.25867024846394,276.4379494155749,5.4760980489563345,23.203052034439224,4.841281006288248,30.0,10.661486268003657,190.7439370339575,804.6697745999991
49,93609.0208185,1,-0.5873608969564825,49.469807501292166,332.63605703836356,10.694733710185739,47.27416410215248,5.424445852646495,54.684690781508465,40.25602125667575,163.35475635158957,822.1514803999889
50,93624.775298,1,0.9082059461397118,67.01155113612329,248.6442622510179,7.843756043057274,24.645476813350427,2.411894469529496,60.396136184388226,14.300995426484388,187.18310594299467,837.9059598999884
51,93641.9185609,1,-0.6521660630207744,55.147927717093566,291.7672107945442,15.205063574868591,28.459464634501256,6.086710748599419,30.0,26.505096080745187,174.91087846302958,855.049222799993
52,93658.2087797,1,0.8970579790238591,106.11004938758646,227.02499690276233,11.58919355701247,16.554073355264812,3.345672421584264,52.33534840283062,49.579992474063765,202.15389323349794,871.3394415999937
53,93674.4222353,1,0.9231390540414672,56.89954926546813,265.820343365467,16.25615614819265,38.5643688413641,2.983617807600929,200.0,50.874975708124325,161.76420673423078,887.5528971999884
54,93691.1959227,1,-0.7645015120010008,46.17532725831042,267.0674584685116,5.0,43.5340695283071,8.035492490818603,93.19454899707203,7.073939737239101,169.53333893548228,904.3265845999995
55,93706.9467095,1,0.9196754709797015,119.44066782839701,227.72786265689808,10.654867586911195,31.174798355960192,1.154924660094828,113.23981404852793,83.449698647795,164.19075620860545,920.0773713999952
56,93722.4675342,1,1.0057402420826844,105.40931347967458,275.34637525674856,16.40639401508451,29.00828571868969,4.714050292534481,30.0,53.29845236337343,170.8345993888898,935.5981960999925
57,93738.7968002,1,0.8851119944356136,86.14109078580206,210.26436761914246,10.031696627030207,33.070719645568744,6.66990419783753,122.93549455491295,29.870476503939315,180.72451176986644,951.9274620999931
58,93755.5464136,1,-0.336930228377422,39.6844374293762,306.09080156182864,19.938057735391762,27.088917141981845,5.153820214867749,83.23606272190574,90.0,179.45878560342737,968.6770754999889
59,93771.4348808,1,0.7243427732703427,113.3160572085406,200.0,5.70309999915353,19.61899943444793,5.229273462738646,106.95978868948444,50.8410488527164,191.27015915501252,984.565542700002
60,93787.3224047,1,0.8497185973839363,106.83896054386771,246.25748369193343,8.710962915987253,20.5721407037729,5.429153218007182,100.67166882254962,61.01574253935931,161.91995892724916,1000.4530665999919
61,93803.0856835,1,0.9419743373604363,113.71650597801508,259.52909559560555,11.179624279463551,42.662620919460196,2.706375569364533,104.47552379303438,73.7016851581524,190.5593849996702,1016.2163453999965
62,93820.6918122,1,-0.8768324237201043,87.68879995098374,200.0,6.404722747678216,45.604520486209026,3.975256518425978,43.94082235571774,66.9416937185559,186.70284901910156,1033.8224741000013
63,93837.6753217,1,-0.8863695015915402,84.60014079680505,258.92149413473794,5.0,50.0,3.829923576843723,80.23981077723039,35.23604579956235,205.72569047856814,1050.8059835999884
64,93854.5139938,1,-0.5369371438962872,79.92673172365639,240.34457134044078,6.8007217057473355,12.269248773028501,5.308687693003165,30.0,71.36908695271792,206.26973789735396,1067.6446557000017
65,93869.9978765,1,0.9550200646768857,114.61653288049426,215.50831666652442,6.507220937143278,43.147116072655606,4.071082120161263,34.66961001488063,55.2270044541948,195.99441441248905,1083.128538399993
66,93887.326709,1,-0.6200271200737266,53.73700278219806,251.01503917968827,12.685465196532398,34.32471478498633,3.3556731066370586,61.45203907265967,32.35637331363718,184.59809542814554,1100.457370899996
67,93904.1266983,1,-0.7837553773912544,87.10814092115749,235.4580536701299,5.0,37.65407437224138,4.563430183200461,67.37941329558006,7.7527370078123425,163.92450925536477,1117.2573601999902
68,93921.6285645,1,-0.784200794063145,45.532578863265684,240.75016265568797,5.536596895486409,34.988784184754444,5.020214004050999,30.0,5.55391241576892,198.7355893866479,1134.7592263999977
69,93937.7674933,1,-0.8657944165183891,62.59991782952808,325.4123907300534,7.7737545314164835,45.76922703716242,5.946726494292241,30.0,45.51288720304767,177.1470721798446,1150.8981551999896
70,93954.1478347,1,0.945233445531841,79.54036126470356,231.18574999665398,7.307443584710717,27.89157300206684,2.4500261857270806,31.83353969964574,35.66157178218095,193.68031275887705,1167.278496599989
71,93970.6107482,1,-0.9395795830241895,81.21253611960978,284.4679434666445,11.289945375961377,29.806776343498555,6.097572323233357,30.0,37.35042990427975,178.08013231510213,1183.7414100999886
72,93987.3408987,1,0.9033652053772184,104.3723275246999,219.86569103875314,7.8410849178129185,26.02190930675422,3.079373876193396,52.13528102383529,51.15416141495354,203.46074607909628,1200.4715605999954
73,94003.5513799,1,0.8964165023482779,77.72648903510198,252.35242419382226,9.874572982255636,43.97533553033579,2.7113261490552962,155.83843460726393,54.70834357260738,174.87431518697377,1216.6820417999988
74,94021.008427,1,-0.7732372694053147,43.24451571600143,245.86672272867173,5.061971449736541,44.62324963518234,8.61136838459977,99.35245047034206,12.25141381716469,175.68930377689992,1234.1390888999886
75,94036.7931225,1,0.9090912269491832,115.33884638940097,231.04204232324463,8.000102514931607,32.38450930459298,1.5876924482403147,92.50255252391986,65.917144386726,156.9072524403401,1249.9237844000018
76,94053.6743678,1,0.9886622555817592,106.00508268437223,255.74927804956636,11.932164683910985,33.319996089510525,4.84226878991492,36.282286339134515,58.27653723592532,175.58747327305804,1266.805029700001
77,94069.5314064,1,0.8952864324711702,120.0,200.0,12.313322674667708,39.344379605605305,7.150348519272762,142.40015550877504,55.241480375761135,206.1064920924191,1282.6620682999928
78,94086.6728766,1,-0.5177787605165494,62.062780496590264,274.7359032906995,15.638782049541835,30.472554830305427,4.049028170041355,75.86863573181687,90.0,183.08210308112967,1299.8035384999966
79,94103.6434163,1,-0.7745111151820767,110.0856176510975,200.0,5.0,37.36419552459981,4.851435007634946,86.43089959007587,49.79385853230843,194.72510870990786,1316.7740781999892
80,94120.189118,1,0.9046593821372113,98.91938141788822,235.71214256695413,8.417838103085675,22.03444774034749,5.148614728968858,63.32272613289163,67.00571136356025,166.82970703848065,1333.31977989999
81,94136.0396156,1,0.9219505206575245,110.34617446661072,240.65380368501667,10.626025740440975,36.77856105595892,3.7268711263561434,98.84200981888415,61.68005495280986,188.7989785081259,1349.1702775000012
82,94153.5233415,1,-0.8943435047383433,91.9216540088729,220.97241141391004,6.653296577819962,39.639793930375525,5.410352876095914,30.0,52.876651470635636,189.6909658321283,1366.6540033999918
83,94170.4146049,1,-0.8571883670843987,74.50643361325719,281.2431305877534,5.0,50.0,3.921262094475063,75.46084702371309,25.636216314667244,208.40211483726847,1383.5452667999925
84,94187.1428185,1,-0.7540408964588425,85.2773270736283,249.3479292750367,7.455974166685887,19.128432969218967,4.926899007133641,30.0,55.82896615603218,196.01021329248042,1400.273480399992
85,94203.9842246,1,-0.8413673353501833,98.95603261936884,212.6688845472375,5.553758902272593,40.17191288735303,3.8823537365628846,30.0,54.32619577277925,188.48719827426518,1417.1148864999996
86,94220.5244719,1,-0.7074539338757497,61.20254213382456,245.62497636853203,10.790820976385868,38.46658087222878,4.369062275026527,40.4037671372982,34.30252262863367,186.3963857423015,1433.655133799999
87,94238.0494777,1,-0.7951769151367477,96.35870282499963,237.6985788542613,5.0,37.04105962414451,4.3391943642384465,53.38447481566069,21.50924792560216,166.91293605164938,1451.1801395999937
88,94255.1086093,1,-0.8894116529258167,65.23465984043314,226.43056700921605,8.027112842499957,40.314887762684705,5.529072154487535,30.0,13.347552672207609,197.94803991767657,1468.2392712
89,94272.2321958,1,-0.8879863271190593,74.28105628237427,317.35445087923085,6.941465826074416,38.48525619384939,6.282186741034209,30.0,45.3112978755112,184.83371834077383,1485.3628576999909
90,94288.6157965,1,-0.9048006585401573,87.10636387005954,242.29966967978834,7.960234025335168,30.113181806229978,3.801077639773011,30.0,47.62398061173512,190.43740534464618,1501.7464583999972
91,94306.4800876,1,-0.721255430369978,120.0,332.6795168483462,5.0,36.83069081213177,3.297559446539154,110.98054128657661,0.0,208.83380955716643,1519.6107494999887
92,94321.7814177,1,0.9158098348025921,92.66194274529047,242.48373609867622,6.4062688624659145,32.708422809844855,2.954423782143123,49.70993095885544,50.74933448843347,196.4163172741048,1534.9120795999916
93,94338.5875338,1,-0.9397979017374178,90.81717658757893,245.80899938666192,6.822448590294791,43.981463801643,4.129249184188106,110.217501569322,51.11625676913412,183.06191279839425,1551.7181956999993
94,94355.6572933,1,-0.8143282120394276,43.10842076665525,236.28797180707173,6.9894919366923585,38.377847828605624,7.9061341830661345,75.91710872322588,21.149856909857963,179.990077757808,1568.787955199994
95,94372.7189745,1,0.9308631079017953,102.24280384544942,234.86773253970233,7.8161761817046225,32.551621106632176,2.531903637645998,68.84408588319461,55.57925005498339,153.19308915277333,1585.849636400002
96,94387.7032033,1,0.9804605513181606,99.38550155744709,257.77358721128775,9.453293926987092,35.43422868969702,5.042541018210986,37.929760533495724,56.80040098508434,178.26432353060605,1600.8338651999948
97,94404.1765809,1,0.9183958533034506,120.0,216.57857990171493,13.509846442664461,41.254480319345895,7.381757547614553,134.45806506197997,68.44240497629801,210.0,1617.3072428000014
98,94419.0825385,1,0.9807863304234458,75.08245292545415,261.5233268322264,13.121420220050432,32.144739180616064,4.020523676491778,55.14800449655845,73.24005550481176,184.21003579077518,1632.2132004000014
99,94436.7661374,1,-0.8398661591561335,102.76230604692242,217.73670249104055,5.0,45.06175297792684,4.6688226111814535,70.06990776349865,43.52634731478487,191.23465220498989,1649.896799299997
100,94453.7963021,1,-0.9184310294174247,91.55057436889399,234.18533714275168,8.221455553554815,33.79010866977607,4.847344845383421,64.20045103200354,65.53139945498661,173.11438168200485,1666.9269639999984
101,94469.9680923,1,0.9077594081209991,102.94394800219851,231.59466226169076,9.760479472387885,35.4729402230971,4.477928306601109,99.34733760881518,51.0542655925291,185.79474877211746,1683.098754199993
102,94486.5900557,1,-0.9141330520521757,93.98291809056853,240.02028732254098,6.832400519871135,37.47067956334635,5.7318520636831485,43.448205696198585,45.06962747209787,189.9440312368722,1699.7207175999938
103,94504.4075563,1,-0.8636261922835958,76.57893080574061,278.22841471577107,5.0,50.0,4.060193083616479,84.58370121566956,30.42893218750882,199.04695541369804,1717.5382181999885
104,94520.463715,1,-0.9048576298427622,90.24938797708502,253.309313572652,7.555182549775254,30.209363504842337,4.36078234810321,47.12930325406873,46.582446800062385,188.90613795893393,1733.5943769000005
105,94538.1621674,1,-0.8398712598760397,88.32616657757231,215.60868154396127,5.449841540522599,40.19532693254125,3.838067804041632,30.0,52.45987975638722,182.36297845359738,1751.2928293000004
106,94554.9172175,1,-0.8148030875950129,68.37491992854893,242.67235014799286,9.116678489133498,41.61614201488144,4.848405406894041,35.41794329381521,39.89757437061432,186.46677237162228,1768.0478793999937
107,94572.875839,1,-0.8329051030727176,98.7988305004975,242.38504826146888,5.2313189380703795,38.563456401583224,4.208727453795252,60.235211147473485,39.96576504547491,174.28798888977875,1786.0065008999954
108,94590.371894,1,-0.7343979995570769,76.51463257907459,224.13166672435912,9.161663987308629,43.46650370346275,5.69164149526497,53.83079236460912,27.981859748480478,196.8364229021263,1803.5025558999914
109,94607.7411804,1,-0.8784348187782136,81.78529547503044,290.06356389313595,6.445869667531049,36.2375941647704,6.09469552230299,46.586685591048436,46.70600111379607,188.85191456246955,1820.8718422999955
110,94624.5378113,1,-0.9452999867690152,92.82065590022133,249.674544309535,7.820722569235466,34.77633656047032,4.582195509616419,30.96369802283523,55.10536778979224,188.11687088922906,1837.6684731999994
111,94640.9511182,1,0.820793214996458,120.0,350.865974191295,5.0,40.820924806547346,2.0324929950238784,155.3382471959327,0.0,210.0,1854.081780099994
112,94657.6597748,1,-0.8610048678758756,85.72245872056526,255.42099866635334,5.692865878080879,37.77232795204948,3.2871795719580565,56.24202635704504,50.67479700034165,188.008802214835,1870.790436700001
113,94674.9720062,1,-0.7534171276335576,72.96409150128093,239.36473405382077,5.0,37.226492770190966,3.756677763154905,167.88916847180022,81.22184807466732,181.50079943758627,1888.102668099993
114,94691.6124325,1,-0.8493073674858962,46.473451779158346,234.64844813115826,8.04424265214566,36.25256432460161,5.644840854155043,79.82643105202348,35.59291808699493,182.81222161219068,1904.7430943999934
115,94708.6019086,1,-0.9190015907628261,91.6582241627863,238.13959964668538,7.33491131291304,38.238584385482284,3.5745943338343373,62.00232786713016,49.36361687132036,155.7250334144123,1921.7325704999967
116,94725.1591726,1,-0.9556868678833217,94.08831786392858,254.24327032065187,7.532204371793131,38.810225656257074,5.103930025701118,56.358741894677365,55.61137571776729,180.15167272071716,1938.2898344999994
117,94740.85228,1,0.9160288417278329,120.0,226.155466487169,11.090591569714519,42.478353878179426,6.27084170170226,121.76278578200191,72.14923867814774,207.05914656355108,1953.9829419000016
118,94757.4170173,1,0.9788141042028139,89.71404585315722,249.11689117585652,11.433115717451564,36.62086103517488,4.03503665332615,47.735000819255816,59.02075743247191,184.44629231018098,1970.5476791999972
119,94773.7370172,1,-0.8716334014379683,93.13595677436233,228.99258396795557,5.0,49.239667679973095,4.501800269652743,70.00049120736571,43.22960135356861,186.98150292878483,1986.867679099989
120,94790.7954115,1,-0.9249143123215974,87.6551661478346,237.17424399964204,7.953725381081486,41.179748448203355,4.7568598473306105,63.572272572542495,60.48822313619084,179.0979733949529,2003.9260733999981
121,94806.6257515,1,0.9139731167789387,98.14393556292636,230.28263296804505,8.405812177166066,34.791407889665514,5.147455304481483,79.17672352946036,45.28574226697096,181.45251115821856,2019.7564133999986
122,94824.2903514,1,-0.934837512432218,95.15045833880566,255.18509546197077,7.260282859280148,36.33217707816421,5.675003833374051,54.82072416666023,44.832968374325745,186.65056235515215,2037.4210133000015
123,94841.7710728,1,-0.8644246730646925,80.74777508036205,268.8317483752694,5.000639682922989,48.27330371961015,4.216846075516421,75.92762398813701,45.54107915415999,188.2267982911423,2054.90173469999
124,94859.0026486,1,-0.9583013884546446,93.78398925287328,255.57359713458573,7.605224727830819,37.72950265795747,4.107139079753111,56.87508673282727,41.64013990847683,182.1328501532088,2072.133310499994
125,94876.8598011,1,-0.870633459077501,83.74013709854157,225.72707125612493,5.890746828147663,40.12618927496396,4.318897743750733,39.85795703210235,51.52658587882074,178.74951770299546,2089.9904629999946
126,94894.3423153,1,-0.9122985634947542,79.37043411993236,243.50724386780144,7.903942239450523,43.3036820272052,5.222949201989442,34.127434457340485,49.228911535563334,184.0535902242934,2107.472977199999
127,94911.5619199,1,-0.9127871398491946,97.94064875772797,249.2181924805637,6.3800722778505925,39.44542557337465,4.173108178950454,62.30238157782475,57.89477481259986,179.29362260034281,2124.692581800002
128,94928.0382678,1,0.9542488440758684,90.70648302220503,225.1643267027525,9.489090826417364,44.331818940384174,5.563287466345062,67.11614992749931,42.71855438712117,189.40458033920325,2141.1689296999975
129,94944.5196165,1,-0.876731071425905,89.94844668904845,257.4112697853896,6.252150729032195,35.14961696204376,5.595437140457979,59.487586529528414,47.61679157131722,186.85872656366365,2157.6502783999895
130,94961.7166039,1,-0.9592849730321382,96.46657250257438,255.96865235980746,7.6510462231594385,37.7965423908507,5.23619748341252,43.255200044150484,59.26563808725968,184.4781620013174,2174.8472657999955
131,94977.2067295,1,0.7619257079298032,120.0,331.55607289108025,5.0,42.043116935257885,2.7048455913022935,157.48076875789405,19.34922154262181,210.0,2190.3373913999967
132,94994.7017796,1,-0.8900174242505605,85.67273958483692,262.1562526308088,5.8807159761920555,40.56376795895737,4.150065626890541,59.844665162906516,52.67401822615547,182.54348577475892,2207.832441499995
133,95012.1612335,1,-0.6944520974391524,72.74563476381752,241.3967128625609,5.0,33.844632660800315,3.8645784450751606,185.53373716339317,90.0,180.30386396803826,2225.2918953999906
134,95029.6651965,1,-0.9133513251744894,66.44688938783814,237.81323141876567,8.442542052778615,36.11754149580934,4.273583536825196,73.72269124312314,49.416992456943994,183.9570266110607,2242.7958584000007
135,95046.4006935,1,-0.9431051637110044,86.79497589200524,247.461923598818,7.139188495905984,41.608056943282996,4.7008500444342465,57.22119105193231,47.61365528431719,168.0388924188143,2259.531355400002
136,95063.5636856,1,0.9763877995975857,120.0,200.0,11.057142432698633,50.0,5.399858448125807,53.97090006804738,90.0,173.45731009631342,2276.6943475000007
137,95079.9575746,1,0.9222338950741646,114.65420145576499,233.25701586668117,9.172684764756788,42.94904410243452,5.446503362003582,99.24657046661113,70.73530721109637,196.43414108994122,2293.0882364999998
138,95096.7810524,1,0.9753301532410418,99.53011567869032,242.79138572654162,9.877054087786172,39.46011788412426,4.4195192577438895,44.07444256991619,50.66106092539871,183.9922172839987,2309.9117142999894
139,95113.83638,1,-0.8817153778346986,87.89811386863101,239.08849432933704,5.06976746005857,50.0,4.4822560473002415,63.85308915455834,43.619202211198484,182.2305272260301,2326.9670418999885
140,95131.7743953,1,-0.9116789248208986,88.29486898459699,239.70601024379306,7.77335036935915,43.845441761820034,4.87530985423755,56.657588479373246,57.608588449888174,182.95759649459467,2344.905057199998
141,95149.2395728,1,-0.9114262272000339,95.20195832645884,238.02534725131224,7.35935756977288,34.50164497575857,5.557246831290768,60.18605248402282,42.96202896665754,179.89138972717132,2362.3702346999926
142,95166.7701162,1,-0.947128102508912,96.17947618594079,263.72122963395856,7.55330196473335,35.83903253792856,5.46105688774434,60.794463267333974,49.123658983918446,183.89489351276538,2379.9007780999964
143,95183.26527,1,-0.9117182092661056,84.82416105852737,260.3184918820363,5.979172565208751,44.38142842579137,4.747349716287843,60.258899496600364,59.05531331217536,181.60180983011668,2396.3959318999987
144,95200.9806337,1,-0.9621183273780746,96.43755376893455,256.903043505775,7.649546851712948,41.890620077632484,4.003334263455009,56.16593917226511,41.5175979139422,178.89307600753966,2414.1112955999997
145,95218.0764158,1,-0.9237878773703824,86.75494310262062,237.36283951651683,6.921141820383171,39.837352467939354,4.72043939613573,46.73029610770615,54.75645367048508,177.2492599515822,2431.20707769999
146,95236.001618,1,-0.9512685910991932,92.85159732833228,244.98257967009778,7.221062426233895,43.724781985598256,5.429030737421676,36.82970420671701,55.04992582767646,182.80602079875143,2449.13227989999
147,95252.9593891,1,-0.9513097857061944,97.21781926827255,253.73048308602787,7.194690021911971,39.85028026392894,4.2224467265643995,55.894552440174394,68.24239145305336,183.07616005827973,2466.090050999992
148,95268.9579895,1,0.9589613149633239,101.05712870429684,234.80930990831365,9.21622860891188,44.61532698675914,5.400731758018674,64.73806501487562,56.89798535532061,183.48279793141447,2482.0886514000013
149,95285.5371922,1,-0.9023569822858796,97.01416050419604,239.24943234577992,6.778267252952649,35.635243836824635,5.233015239095646,59.219849245183845,53.07327418679348,185.57636687085284,2498.6678541
150,95303.353074,1,-0.544047395905764,70.2147639281738,201.25264444772512,5.0,20.394007731020167,4.321374684885006,111.44261591970192,68.73958038965037,154.90712946037968,2516.483735899994
151,95320.5704538,1,-0.8410283494959153,109.1424240075149,290.1974469809691,5.0,41.32716019902193,3.5509818738893335,133.36219642174441,30.75454467696331,200.51528742775193,2533.7011156999943
152,95338.3955559,1,-0.9184782655175988,88.20203007144173,264.63426514347174,6.281741451307077,41.69399676355021,4.777079610762182,58.903899489974535,54.61262710524274,180.37665694303092,2551.5262177999975
153,95355.4429061,1,-0.7165558367506456,82.39412163585519,245.51947239931923,5.0,33.93050736326931,4.453650557814469,152.1551784412395,90.0,180.6780864162103,2568.5735679999925
154,95373.4248999,1,-0.9375844052750567,80.25579265069587,244.28223841905555,8.627074829590097,36.70565094758246,3.8346381842678854,61.524954189001704,57.36596500930616,184.67873646515895,2586.5555617999926
155,95390.6421496,1,-0.9454386213479585,85.82094871442425,255.12429181994727,7.09137296988505,41.91355101816782,5.464172992197028,54.29175959857732,50.1319867457231,175.69346825751808,2603.772811499992
156,95405.7736514,1,0.9790404036355516,120.0,200.0,11.423335128725759,50.0,5.5108018279171125,50.209467075435455,90.0,171.5945199291427,2618.904313299994
157,95421.3394157,1,0.9315908103352197,106.47325047585926,241.50351474530964,7.375806706639812,41.165536748517155,4.952364147593475,69.41879739232334,66.26809564976826,188.2030457983863,2634.4700775999954
158,95437.8925764,1,0.9683453610097654,104.1044027657174,239.50292785664152,8.311487402456953,40.56802347385978,4.780941360752207,41.8774187687,49.76747896064927,183.88714314309257,2651.0232382999966
159,95454.6402561,1,-0.9130825097399754,87.99422677471406,247.11483459370956,5.572067719729893,49.3040130066194,4.614147206241592,58.726399702789884,44.04340470341171,180.1067897372746,2667.7709179999947
160,95471.9749179,1,-0.9212453332007986,89.46670006821327,249.42373185997394,7.640290204288551,45.02974721086076,4.811983802445015,52.61884033834128,50.478422156742894,184.35330156658148,2685.1055798000016
161,95488.2293041,1,-0.9056745090777631,94.13656350966167,246.65793822215966,6.7925991253378815,36.122342626111774,5.67342601157985,49.60662827084083,41.60317616487219,178.97721038360734,2701.359965999989
162,95506.4164953,1,-0.9586328078003309,96.86560573679128,266.48761500755023,7.739981050787932,36.060649663592955,4.95347087000879,62.89886549437878,49.20601850857596,181.92492618631596,2719.547157199995
163,95523.9805353,1,-0.9546386373524276,87.93601665014208,255.21001583958554,7.328012666917851,41.58887939445256,4.93229854059149,51.55098181522791,60.2585030696338,177.4961692063436,2737.1111971999926
164,95541.8986686,1,-0.7867740388885542,70.96790957371431,200.0,5.0,46.42201944949253,7.300423311381395,30.0,46.91773072239959,164.5829482452346,2755.029330499994
165,95558.0580215,1,-0.9533579509468192,90.03430051167425,246.9047337625931,7.619874520216188,40.06534710736893,4.733090267919472,50.60930045170676,56.37516396760249,176.46391145629295,2771.188683399989
166,95576.750162,1,-0.9562850668971598,100.61813284242994,249.15971884380428,6.913322116919937,43.937505153814975,5.270600700969943,38.41624546077675,51.540762716696996,180.61721804842787,2789.880823899992
167,95595.0401722,1,-0.9651295955330226,96.62818931120738,257.37994777378566,7.817733502071676,40.58778870732413,4.235548679394367,52.39527722115665,66.04859359054613,184.2089896594705,2808.1708340999903
168,95612.0030415,1,0.9625323404391971,105.32508607626056,250.73530938887328,8.587772281271167,43.960004592070305,4.914967496834712,60.58756933313618,60.28453053655075,179.0471091251247,2825.133703399988
169,95627.3788651,1,0.9322640714851214,100.73261518950059,235.57783406475644,7.41984521755805,36.931289090231864,4.682570171300052,59.04713811487617,53.08540021231531,184.07906404271708,2840.509527000002
170,95644.202723,1,-0.4756865233339085,66.0615309890827,200.0,5.0,17.308764057567075,3.764163460612303,141.6992273646042,64.62502886463076,150.0,2857.33338489999
171,95661.9136439,1,-0.9083751765121764,100.15206390160955,264.5844798416728,5.946149914500451,41.12335078453955,4.124016402643861,84.39925563437505,37.429464577957354,186.55766358899743,2875.0443057999946
172,95678.8229247,1,-0.9451757507721843,93.29653553136964,265.994305127676,6.661440948537277,42.35980649864671,4.798849381562121,57.76108233827318,52.63152062117439,178.7691226284192,2891.9535865999933
173,95696.0067906,1,-0.7620241725438833,87.77510191443693,252.4948934239681,5.0,34.16585388333592,4.618236834983178,131.74450194497499,73.30179444110478,180.22736810599736,2909.137452499999
174,95713.2807336,1,-0.9391485506962686,93.63786874062559,250.57647732284252,8.552071505509435,38.93708074302257,3.5934326297685835,52.28402549547671,59.12165459246151,182.77550011166136,2926.411395499992
175,95730.5184269,1,-0.9524238433202717,86.11065638604462,259.7068729711251,7.2820957130572435,42.07148894396666,5.633603396197549,53.03386530268489,47.43703732966826,180.2438113746753,2943.649088799997
176,95747.0217696,1,0.9781574101499966,114.57382458262228,200.0,11.443864812665934,50.0,5.498646705033519,48.67543824538656,82.42960318893728,173.56035898001508,2960.152431499999
177,95765.293612,1,-0.9225611136036294,101.18270669335251,251.11129409104927,6.388157201224544,40.53564495209397,4.281139560353373,48.443029758983656,56.22173783431751,179.7603418904597,2978.424273899989
178,95781.5224088,1,0.9545376336449487,105.07514581488857,239.14614640859324,7.244656885304445,41.329312460640125,4.627761723494898,46.845080374095645,46.93801346518684,183.15261406500838,2994.653070699991
179,95797.7416056,1,-0.9291840803429003,90.67492225698501,251.55772472122032,5.986842556745414,46.781380877160814,4.411504166146333,54.788163777822575,43.14717153393307,178.5047451397717,3010.872267499988
180,95815.2850274,1,-0.9499547896299908,91.52734403919395,257.9436720180597,7.601799602012359,43.809957778720346,4.5774943449379455,50.38822479576548,48.13462932056558,185.1144641624297,3028.415689299989
181,95832.330391,1,-0.9119635875683669,93.81434344417204,256.08558694992206,6.5340249549968785,37.654681954729945,5.058290586280677,44.25292365657897,44.04436819085172,179.93442665686024,3045.461052899991
182,95849.9300945,1,-0.9727180190807473,97.19275645533236,264.95721340436705,7.858870444733337,38.15608976369138,4.3553764495759975,64.00909908706012,49.48660968362061,181.9545760881018,3063.0607563999947
183,95866.7719685,1,-0.9499146033981748,91.37812578584024,252.51368419553924,8.227296044880571,39.60135867965015,4.961682483012495,46.8141872294337,63.622568683070284,176.02830245046482,3079.9026304
184,95884.8294606,1,-0.7770043044185879,59.72020015040796,200.0,5.0,48.61665858906785,7.762643242204108,30.0,50.3744521485856,160.95535354615623,3097.9601224999933
185,95902.3142462,1,-0.9561214451207859,92.92188512010733,257.3556773740136,8.082704774220469,40.23029194132353,4.705597043800761,53.16772577468458,58.46175250948553,176.70931394316574,3115.444908099991
186,95919.0450833,1,-0.962924822421118,104.48579134793654,253.42228160590744,7.016245260949628,43.33466126020255,4.874734718821194,43.54436497076368,51.61787656379892,181.17446956416438,3132.175745200002
187,95936.0261738,1,0.9960163807369801,120.0,246.6965349384765,15.29417766292677,26.815930362623213,4.904817686396404,30.0,90.0,167.15768166014917,3149.1568356999924
188,95952.0407953,1,0.9612056796593745,107.58074262887968,261.56567317598865,7.895582228832614,42.260388502276726,4.626469124800677,55.58341795124326,62.186383019639166,178.75956620471882,3165.171457199991
189,95968.5410783,1,0.9412806490155173,101.56343135743677,234.74348593237931,7.820300579826963,38.120282986296104,4.271025473273927,57.636924515706205,54.68568559307851,183.26400623765338,3181.671740199992
190,95985.1553875,1,-0.4569018625832887,67.69230665177248,205.43818689778954,5.0,16.17384878187211,3.6146528999153174,143.51018432733264,62.96295612240303,150.0,3198.2860493999906
191,96002.2064245,1,-0.9603994313633271,94.66931204613017,249.44689704933316,7.386847126407596,40.93104850315274,4.491987438614637,44.764920523662525,48.5820580746701,178.19374846356763,3215.337086399988
192,96018.7599165,1,-0.9620460935510837,97.73806367324548,263.25001508669646,6.98514115529753,42.35802549649128,4.607899622211881,55.35771778734076,52.12255638680659,179.4074839649952,3231.8905783999944
193,96036.0148796,1,-0.796316359240634,92.20800978555553,258.165524121441,5.2048969997956815,34.33711086927116,4.6510354104686815,88.47243314902566,63.97721875358064,180.77652486558372,3249.1455414999946
194,96052.3813776,1,0.9693000135203318,101.03561333529845,255.77305251043228,8.35192635036427,40.853040241483924,3.626329700377987,47.23819487933309,61.47360936504162,181.76926391406818,3265.5120394999976
195,96069.9155042,1,-0.9604582471660688,90.98279121643158,261.52415600304795,7.510454509200584,41.836756763620855,5.603713102754476,52.046158539315776,47.80347889786443,182.84919902569058,3283.046166100001
196,96085.8709947,1,0.9810216118656735,103.88111769573587,211.83145581676322,10.949460677683096,50.0,4.972103069632226,48.46382785802258,75.38351547642912,178.57982872936108,3299.0016565999977
197,96103.4313956,1,-0.9111974122109232,98.12780746790352,259.31623687442254,6.173828946047262,40.20066323986333,3.9075149140362755,37.58931716879627,55.48063667559137,175.8130193939487,3316.562057499992
198,96120.863914,1,-0.9449412803759406,102.79503698089081,246.54799276601238,6.803585658466597,41.479895322704785,4.491497975992294,50.37137374160773,48.254771706360096,182.77117432875608,3333.9945758999966
199,96138.2954693,1,-0.9527336404154683,92.1827683349388,255.21679016304068,6.582752221424683,45.11225436818802,4.265272071254065,51.43858222364167,49.157738270690956,179.862243615384,3351.4261312000017
200,96155.1361405,1,-0.9716568797509392,93.18446037316093,263.4433782771042,7.584055431552436,40.61835012973028,4.415496411733229,54.630634239713686,47.0906865364796,185.3726541962663,3368.2668024000013
201,96172.4767537,1,-0.9217166505733188,94.1593659794797,261.5708159946683,6.525015480213433,38.66750332923378,4.663072286202543,42.0400448959318,46.256516379128186,181.23585346203487,3385.607415599996
202,96188.721357,1,-0.8773706373020382,102.2809609455463,313.2538874587232,8.085040196494118,26.01421705424488,8.067232537240493,107.05264852228454,68.3817521499411,194.30572673259041,3401.8520188999973
203,96206.1641398,1,-0.9494955224279231,95.97294639509786,254.0987980644022,8.596022477164299,38.45830781820656,4.680425536750327,45.451008394593444,65.01694516699074,175.62162848310714,3419.2948017000017
204,96222.5001237,1,-0.8093774446484122,55.051470256520815,213.2591257693653,5.0,48.37212658664261,6.482619504778933,36.139394894664576,51.93267815189112,162.90152064463578,3435.630785599991
205,96239.8584228,1,-0.9569110510976012,96.5209653306373,263.361172376548,8.251471383599355,40.09547594934368,4.5755026025601575,56.37226140905455,56.65491647207232,177.44167952482906,3452.9890846999915
206,96255.8466707,1,0.9536662704849861,105.65360502043488,261.1479539538261,7.378198208889172,40.464475242235196,4.42909548429305,51.63468310906898,51.465538593288656,181.8228780958813,3468.9773325999995
207,96272.5086129,1,0.9935069202344594,120.0,249.6365770450741,15.908875429757702,22.979748376115793,5.186119106806679,30.0,90.0,164.96468611457487,3485.6392747999926
208,96288.649566,1,0.9566064624877277,108.52007160336512,267.9669728040253,7.496772202271111,41.04976654411351,4.360668792268627,54.54757708194118,61.453115609795944,179.13855006109463,3501.780227899988
209,96304.8899049,1,0.9447474189564403,100.85690431696082,243.62407406272743,8.058995974971008,38.77572658270297,4.068201589331112,59.76654753849963,54.649750543915985,182.3444072927329,3518.020566799998
210,96321.9974728,1,-0.64519773263392,81.863499292436,221.04335367833812,5.187886348991446,24.902060789222812,3.6760133017794896,111.92425319645905,61.58893711008718,151.06528093827728,3535.1281346999895
211,96339.139303,1,-0.944050803249882,92.13373113051594,247.21932940511923,8.215449125502017,40.40812783105944,4.665373387384985,30.0,55.1611560149305,175.3432730245396,3552.2699648999987
212,96357.1911114,1,-0.9693624733788611,100.09444771627118,261.9865013776643,7.3543422193312304,41.01594169740745,4.494863057862557,56.83404877262857,51.37641508273983,180.8434968509423,3570.321773299991
213,96374.7501295,1,-0.8821693465882446,95.50555336187222,262.7561651465668,6.193468464655792,35.66418154863581,4.600129022070309,58.23187602391923,58.13015131282157,181.41348031402947,3587.8807913999917
214,96390.7908111,1,0.9663596354005076,103.4333032598028,262.89282333496675,8.198231052020995,41.84568535391215,3.7857980924956576,51.28656013677198,58.856857618901735,181.27715983644555,3603.921472999995
215,96407.4667435,1,-0.9658565868960987,95.169334526907,263.8283334365198,7.7977491117516795,41.27413299216701,4.994900448705795,56.75216336751129,48.45276503972423,183.8681494186587,3620.597405399996
216,96423.6558645,1,0.976156052250353,97.14532074758901,228.158222514108,9.632425871097212,47.870298713735,4.439180438703654,51.445886352484685,62.81535738092346,181.9614449714886,3636.7865263999993
217,96440.6104111,1,-0.9361865959903714,96.0457421802359,266.6013930393177,6.672112811139138,39.89876645352399,3.7496836151383595,34.727348734698325,53.1634823464968,174.1214377417091,3653.7410729999974
218,96458.0149756,1,-0.9367124400407549,99.43478440680666,250.64324540335818,6.664748156645955,40.51741342478637,4.39599424097381,58.90616228097851,49.50523826730536,182.4539046759579,3671.145637499998
219,96475.3269699,1,-0.9643688300554834,94.11093931852973,261.4068212949674,7.225824749672988,43.96123307538669,4.208844662906019,52.340906421186766,52.540832195710315,181.6277195099327,3688.457631799989
220,96493.3302233,1,-0.9717667957512424,95.1804701224173,267.14423197155344,7.6436110997114115,38.790977285898116,4.320521547985168,57.503266704551955,46.831774211149686,184.26969046184027,3706.4608851999947
221,96510.4304754,1,-0.944156176911773,95.2523275527592,265.27617504395073,6.874928653494413,39.16007278083862,4.331659592257167,43.79885072630029,48.632959330949795,182.02240069788914,3723.5611372999992
222,96527.4077086,1,-0.7510558783390813,87.47886395864339,338.14419605298036,9.76447502047312,46.632511040354785,4.691292702004933,68.1025460579004,23.23410043007879,210.0,3740.5383704999986
223,96542.9396854,1,0.9642660600591436,98.69123544072016,260.1170491107234,8.697142523061126,37.69107332781329,4.365324026640776,51.8821408323318,59.143456944491774,177.92478246492362,3756.0703472999885
224,96560.7976161,1,-0.8602769718355406,69.56009469914194,221.7035723027966,5.570945637034861,46.456202852436036,4.990193251673464,46.062610697187466,52.28795540157318,169.2359398609464,3773.928277999992
225,96577.4403299,1,-0.967244875096931,98.79059148525097,267.1818459288124,8.217750814933497,39.51622400757142,4.492939299267339,61.031981190763744,55.4750483167319,179.70770938244814,3790.570991799992
226,96594.6390566,1,-0.9723168781714038,103.60491995403181,266.6800613463522,7.616593842570249,38.47968818688243,4.1497724074704765,59.08292369056718,50.499923952872756,182.21670336541902,3807.7697184999997
227,96610.0618862,1,0.983967959468536,120.0,258.4202019870004,12.620148746024624,21.18459313927368,5.012163181924781,31.8352800703897,88.60925156282642,163.87213084474328,3823.1925480999926
228,96627.3783996,1,-0.970917337978669,106.50907852312781,270.31289258910476,7.31194196602626,40.32117829861777,4.214219105037259,57.22150702842981,55.64158660253615,179.94029238537024,3840.5090614999935
229,96642.9575058,1,0.944976874092489,99.23383488216777,254.11403501501493,8.118241702736302,38.8469608614113,4.031701308475919,62.3290440984252,54.056003196934604,181.69596511997864,3856.0881676999998
230,96660.3142396,1,-0.7971301719827506,96.6978474268983,243.25289860444315,6.077947559167445,30.35605000281417,3.781298187067166,89.92017998278432,56.80630896836607,152.80677783245005,3873.444901499999
231,96677.6078138,1,-0.9287025983649398,92.29624748230721,247.01397450129485,8.547640040118296,39.84250089815646,4.644371667613055,30.0,56.81565439300128,174.81919316557884,3890.7384756999963
232,96695.0313355,1,-0.9732033321402476,101.25986825131994,261.45046858048585,7.7602806883276845,39.02508263085322,4.394324613678194,60.64070441553422,50.29208596892884,181.74644472226927,3908.1619973999914
233,96711.6638652,1,-0.9483350858340929,98.09662649327218,266.1379970348778,7.190273202852754,37.27569205513885,4.472030872758524,42.907262389429405,52.770054835109754,181.81221802984453,3924.7945270999917
234,96732.4719255,1,0.9564623465608586,102.8469917690715,267.5232381147365,8.020934385550273,40.68321966609836,4.055651549885938,57.35599632280071,55.913847324310915,181.11468900672267,3945.6025873999897
235,96749.0845542,1,-0.9723087033381407,97.54384138851046,265.6146219827832,7.980780046572599,39.92899091125562,4.5943122364288325,60.39164959530772,49.15676088924177,183.9788684523186,3962.2152160999976
236,96765.5327829,1,0.9583451812199149,93.43900062306284,238.50317754879202,8.709376023333366,42.61698169941007,4.111228660532958,58.28565746084436,51.04980079571632,183.82182106714333,3978.663444799997
237,96782.1341284,1,-0.9565779748817353,95.00075692123525,270.58009579107016,7.268565975682852,38.87370369428579,3.741212248804838,44.1277384512524,51.47628969836752,174.35466264725315,3995.264790299989
238,96799.723332,1,-0.9511294428411586,97.49938423821976,253.13721913781336,7.122462928200023,39.62544285793679,4.337977053300352,63.80016515006666,50.184678279367226,182.21146549731318,4012.8539938999893
239,96816.6961074,1,-0.9699296562033344,95.97812441831819,266.4505194077719,7.720391223936108,41.54659543088825,4.185278827026282,53.25094220676433,52.97596006454381,182.68248211916273,4029.8267692999943
240,96834.5817012,1,-0.9699782621017664,97.78177759036382,267.6355363023937,7.698033259471446,37.81204812947944,4.277299483098487,60.14915860356967,48.36138199600623,183.08687529366156,4047.7123630999995
241,96851.5442768,1,-0.9575795764442154,96.97356087777572,265.4031934978845,7.124689340663585,39.41838879127802,4.1634985883042965,47.47248819119736,49.944395864213355,182.33601846470364,4064.674938700002
242,96867.8376133,1,1.0178769125888305,81.47108164198647,317.36035009400996,10.300370512378613,50.0,2.8006701374284186,46.20087486427175,10.873440818336839,207.0150347839388,4080.9682751999935
243,96883.7096613,1,0.9552702384552838,101.32172891871522,263.8751135659783,8.696909496441098,37.372405903354796,4.196385575188245,57.50938204248302,52.537829833823224,179.85762311943492,4096.840323199998
244,96901.0738461,1,-0.9115527983979047,88.62748266271649,230.53981564529224,6.456901976700025,42.18874077483156,4.11774589203803,52.799489721408804,51.517866474190456,173.36209102563376,4114.204507999995
245,96918.2074731,1,-0.9756325745054228,100.28979583368115,268.81161071819645,8.110891383197758,39.01577914834382,4.409195878748831,63.57022673035062,53.134611431774985,181.90402368287087,4131.338134999998
246,96935.1552976,1,-0.9736961479393608,102.05557156651008,267.98728823633985,7.813561308156841,37.523722970492344,4.0680156256810776,63.33139305475365,49.92784733228025,182.3040799225042,4148.28595949999
247,96951.0123171,1,0.9726334754227429,120.0,264.1899088040216,10.574559030648274,24.613601386203356,4.753913335446101,35.533530303955075,72.96931719708476,168.32092412017792,4164.142978999997
248,96968.5768887,1,-0.9691125032086083,104.34309559012355,267.5326123342227,7.386733653990581,39.476726781108454,4.206110059665935,58.87062120134456,50.21414725415297,180.59339854800228,4181.7075505999965
249,96984.9655359,1,-0.9708070857058017,98.75773818166624,260.1737768830804,8.001677168720153,38.91227517936626,4.120390151521742,63.182281720503795,53.32692494625364,181.36036346456837,4198.096197799998
250,97002.4369421,1,-0.9162800994110487,105.21278442838198,262.06010157421224,7.138874621555154,34.789328541016665,3.898725752700413,64.89464417618993,53.93861111160563,160.7593435168207,4215.567603999996
251,97019.7793804,1,-0.9390751602038121,95.59220732264706,253.0825479009097,8.636293258358135,39.359756494493084,4.627090019052576,32.550789782868094,55.629816602654124,177.51962124503027,4232.910042299991
252,97034.8000049,1,0.9440508007468615,51.56838962769915,219.55298157109104,5.0,30.428306788850517,2.1763191350892246,30.0,9.861819161717712,153.53051628192478,4247.930666799992
253,97052.2692541,1,-0.9807202945199217,100.44348050203666,267.5514725719097,7.889006271769607,38.238671037735,4.381983646030718,37.083422540950465,49.612395650297465,182.02528609210106,4265.399915999995
254,97069.2416541,1,-0.9762828057012527,102.00677390102788,268.8093565508212,7.864244497084263,39.8974311309656,4.3620688610096785,62.13981082974982,52.824896942350705,181.15884702280988,4282.372315999994
255,97087.1149072,1,-0.9756095712603073,98.85915648624584,265.165596525229,8.003300331481892,38.967172445711874,4.35313388319345,62.41887532185393,49.78812555039773,183.23467419652997,4300.245569099992
256,97104.6600523,1,-0.9556036131709998,94.89157029904653,244.24686869388498,8.056039391361162,38.13348433659479,3.972571529862176,62.10511599255786,44.53923871967458,183.95004776629634,4317.790714199989
257,97122.4885289,1,-0.9669873498119035,95.80865079944815,270.4490224678916,7.598649520403441,38.37628383034714,4.0341732712354545,51.905709460181605,50.270563863068034,175.28680567194513,4335.619190799989
258,97139.6607992,1,-0.9619065387319817,98.12846204247623,257.3287839721714,7.470733964438096,39.00917175376735,4.326786412625377,65.59870688439065,50.55841306725068,181.98460646501198,4352.7914611000015
259,97155.757705,1,-0.9736531000586564,98.1587800098714,267.99225748626253,8.011257482248407,40.025060338292874,4.17651688044809,55.479374413102136,52.67785022659089,183.08240554189248,4368.8883668999915
260,97172.9274109,1,-0.9713736825532081,99.96939387594267,267.8652444978913,7.755208747703516,37.397544890086166,4.288009115942248,58.1035435234245,49.32877138344983,182.428897424519,4386.058072799991
261,97189.9831535,1,-0.9727257108223601,98.08766811500357,265.88489343455655,7.580356602369943,39.03221531596644,4.147287424634509,47.337924890976154,50.50570972944548,182.45664445431555,4403.113815399993
262,97205.7192068,1,1.014418594072711,86.59182426705529,298.9174709494508,10.329333177420189,50.0,1.9860739320550134,34.11349836211305,16.196586655541935,204.63078246118945,4418.849868699996
263,97222.7255937,1,0.9532095993966124,102.67111613251367,266.803475002421,8.316804809654535,37.2482512783065,4.153776067147939,55.27029841449513,47.54574371107071,181.32442362081048,4435.856255599996
264,97238.3619368,1,0.9392109954813599,104.02327884131064,237.21750972594205,7.277455974581871,38.17929714318819,3.6629990279991196,55.43733158487478,50.670148765147886,178.66954674575354,4451.492598700002
265,97256.0744418,1,-0.9814578088108326,101.16804971871156,269.6920481123185,7.9528726477785945,38.557943951639366,4.353512869055759,51.926111769966695,50.09879576167617,183.14476493035176,4469.205103699991
266,97273.3151399,1,-0.9762931093523192,100.747112071821,268.4925590113778,7.938186480107268,37.22659912857168,4.143011137785045,58.30647257881,49.561668567492596,182.33986524782875,4486.4458018000005
267,97289.6984876,1,0.9690184863622955,113.09343494865396,268.52642886697436,8.216895513505522,32.78846333245541,4.6081041484196135,38.01102079414916,59.90806008940335,172.31233101315368,4502.829149500001
268,97306.5231318,1,-0.967405408496352,103.11978496752921,266.0106967303391,7.4526772895039874,38.55741374625807,4.224506140564484,56.37995352680582,47.01910241718566,181.04838970972781,4519.653793699996
269,97329.8669212,1,-0.9748246927018832,99.28755397501789,264.6800180734744,7.905237842044389,38.8580417956104,4.185014261934841,60.62971588494146,52.85889399292109,181.2066021925384,4542.99758309999
270,97354.7311512,1,0.9741443122113853,108.71649946369244,274.3684018631459,8.011912726378025,38.42498736038213,4.056004940123806,40.500846027153,51.29724130760376,175.17227462053413,4567.861813099997
271,97373.3986405,1,0.9811113131977481,99.06754946356745,257.64084583928155,8.531017528573907,38.74828807459284,4.567893823698244,36.07689111560242,52.91616479322036,179.73532030455297,4586.529302399998
272,97392.6563143,1,0.94233540474236,32.162867470212895,214.77370741339791,5.0,28.438792815765808,1.776769595238037,30.0,0.0,150.0,4605.78697619999
273,97413.3028856,1,0.8969482200923943,120.0,327.35827885529073,5.0,27.752444998666537,1.0,59.16532161023277,74.24552009327209,154.85965576221088,4626.433547499997
274,97436.4690702,1,-0.9784884826245752,101.10455888999232,269.37209489160887,7.779927990013187,39.3714266749121,4.537465522792491,54.43326533659661,49.92030301526189,181.18543834661227,4649.599732099989
275,97459.1366228,1,-0.9764065239629092,99.60953321587812,265.1796756541437,8.006395416042135,38.09535007778653,4.2237788913355,61.53470578586637,50.074346075398466,182.30171419955778,4672.267284699992
276,97477.0436666,1,-0.9510013158647371,97.43347552366954,256.1632234791797,7.626742668008208,35.70165804008768,3.955556483863308,52.410086636992894,41.48882936266032,183.51055080739624,4690.1743284999975
277,97493.5791862,1,-0.973103673344518,97.37006941707494,269.34100668284424,7.788899630353139,38.06431269577991,4.2654077631502,55.80569881593482,49.5915081333304,179.1175001191018,4706.709848099999
278,97511.1659815,1,-0.9715437609994771,99.00157964803108,262.6380543460558,7.679640795837076,38.62648486958527,4.335926654157875,54.81701707486935,50.5592991789423,181.87341849795018,4724.296643399997
279,97527.7734193,1,-0.9782267919814124,100.04209581854346,268.82358189085573,8.165679730961536,39.138607493777236,4.251624547155682,49.30713394583134,52.362037537884206,183.2935782671911,4740.904081200002
280,97544.589676,1,-0.9760990100354432,101.41736272863955,268.89720260280393,7.859878759790244,37.52560650672466,4.321312162906551,56.40504993890746,49.89319991962681,182.07122017462993,4757.720337899998
281,97561.2674498,1,-0.9793876487661152,98.77030290501207,267.8958822308881,7.897661500443955,38.59170774733081,4.176988839289536,49.3483588300802,50.669587781521614,182.8212468411644,4774.398111699993
282,97577.7993306,1,1.007354717814658,93.9512074287838,284.33496517615635,9.26674775218519,48.34218597877825,2.5837590735091274,30.0,28.682559283909846,195.72497541950307,4790.929992499994
283,97594.05964,1,0.9528960953281489,103.24420750523431,268.7800026742654,8.01321577485621,37.33922887680511,4.215982216277681,52.92927160513663,45.625226615686294,182.90073544833118,4807.190301900002
284,97610.4127886,1,0.9380296030767531,111.25218726790165,249.75466603300958,7.768864967162756,36.07150105148816,3.448280888197379,56.42857367461459,50.047966573004025,182.30584173909344,4823.543450500001
285,97627.2649041,1,0.9851133325540103,100.814428756084,207.013971870195,15.339172109525968,34.81763598427508,6.659886375670594,30.0,10.137261769482095,184.76573911108852,4840.395565999992
286,97644.8171398,1,-0.9786031827692154,100.11039806938928,269.16270903992176,8.007006705643562,37.14050682255849,4.2047421102373015,52.79799792595816,49.56786725901602,182.73970823398773,4857.947801699993
287,97661.5986069,1,-0.9487295414278503,104.55184967362084,271.4360238918955,6.857238546240694,39.47891475514133,4.506136549240452,44.23986003165906,49.26046656256851,177.80779264780637,4874.729268800002
288,97679.0269003,1,-0.9695565737104322,102.31180892898763,266.1089399872847,7.579380945364218,38.05066818305041,4.290140218124742,54.84979811855897,45.79196273111933,181.75460851711483,4892.157562199995
289,97695.7619757,1,-0.9785605923399538,100.41461090459111,268.81670766282764,7.860316556804908,38.77983443919473,4.243413889371516,55.48463114803686,51.90173255562911,181.99483686787616,4908.892637600002
290,97712.6168807,1,0.992886968817958,108.85874736646645,279.3009786179278,8.475701962148465,40.471287680759346,4.280352564664467,30.0,49.74492748167256,185.08307191712643,4925.747542600002
291,97728.3925918,1,0.9731062376985931,101.60089087474228,263.9955069734409,8.227207356840697,38.3410713416815,4.468531405674073,40.55435761875833,50.799423674731905,181.4527256372975,4941.523253699997
292,97744.888559,1,0.948244560143869,49.21535212001268,215.05999194190562,5.0,30.907628874033872,2.3661905675982307,30.0,0.0,162.1020710472617,4958.019220899994
293,97760.635882,1,0.8873860797291084,120.0,359.64019790887653,5.0,26.489583639673985,1.0,67.8381913486691,76.06112137960065,150.0,4973.7665438999975
294,97778.0902368,1,-0.9789354543488641,100.6270039390046,269.71796603563445,7.765487319073776,39.05724201254031,4.559683847501214,50.00749518076162,48.38196334794589,182.03138928556362,4991.22089869999
295,97794.2603732,1,-0.9774856549206187,100.29128740154312,266.48465354748333,7.999146887685121,37.64795592837131,4.172502019775562,58.54213787447841,50.24234415015838,182.05003691071613,5007.391035099994
296,97811.6436714,1,-0.9559519520572644,99.95347389310156,268.62370503731665,7.533537184791902,35.75920564616281,4.124475235590403,46.883584577987534,41.293884969776165,183.22551837827496,5024.774333299996
297,97828.1655295,1,-0.9778495059870315,99.0418618947956,268.85001286095957,7.949311877879669,37.97526153074939,4.39697915173261,56.15655182878239,49.46200996282872,181.93634514608192,5041.29619139999
298,97845.4320537,1,-0.9790891771792238,99.79602339877374,266.66300656826814,7.923781354285994,38.38964500315608,4.344177769159329,48.715487931054525,50.36617300010466,182.323055849777,5058.562715599997
299,97862.7018118,1,-0.9826137827421955,101.17561716230702,269.6333264526479,8.186108064715903,38.42321013229514,4.329429040110516,46.179231639408655,51.442296876421224,183.3919057937072,5075.832473699993
300,97880.5122371,1,-0.9807241895475172,102.12045787372463,269.5599860408312,7.961484209002838,38.045324344774954,4.3419630052557,53.09238749185199,50.490183112699306,182.27871420850414,5093.642898999999
301,97897.2071781,1,-0.9815883288122368,99.71112550452168,269.2541505778611,8.15477165337278,38.32183955510695,4.219582703235698,49.061155229872384,50.85844441003929,183.22120281486264,5110.337839999993
302,97914.1282601,1,-0.9024619188926172,99.99419178597307,271.0468343912103,8.198283108657051,44.25814474156607,3.080117389162247,30.0,45.23456466819295,189.5340876994644,5127.258921999994
303,97931.3903601,1,-0.9791561117065025,102.78763166400299,269.9340549253649,7.868270216943386,37.53807188860922,4.29324534290723,50.980603221832595,46.97404485113247,183.9400623683727,5144.521022000001
304,97947.3238803,1,0.9465309513006317,113.63668152150973,264.56568833422125,8.164943750022164,35.51117182736483,3.498601669211853,53.10469335797804,49.90987484919894,184.3323181218161,5160.454542199994
305,97963.7928507,1,0.9834322129872811,100.68280246776266,200.0,18.2679322038382,32.858174971375064,7.345884771239527,30.0,0.0,185.42242644869145,5176.9235125999985
306,97980.8805953,1,-0.9813218281406109,100.08647190038354,269.5869343417651,8.045955569704827,37.44253589026321,4.2766021858904395,46.84018674214016,50.2023466329638,183.16867492908,5194.0112571999925
307,97998.8392637,1,-0.9503459701937328,98.76752419381344,272.9158445672377,6.533267028044328,42.781649215170866,4.436301730026236,48.4182047483133,44.28305012698916,182.77048311968304,5211.969925600002
308,98015.9140448,1,-0.9789626992444687,101.6383143225548,266.9352187714167,7.9107488454202795,37.831549952973354,4.328459281371996,50.05917821950884,45.99524746799339,182.3612234480179,5229.044706699991
309,98033.1743062,1,-0.9822230973143651,101.39162331405268,271.12412922894197,7.92398066946856,38.658082016339684,4.296031236962743,50.964740467013755,51.17379533207534,182.5176882597621,5246.3049680999975
310,98049.690982,1,0.9938780435047543,108.14870152318238,279.6172722796005,8.635511257730734,40.88220440273796,4.40954561461988,30.0,49.147799651445524,190.35152751824003,5262.821643899995
311,98065.8301897,1,0.9672328766073744,102.82440581553226,267.90794553033345,8.051749432282573,38.13883379327663,4.388953717297336,43.62993226201138,49.83123141296572,183.35765875739887,5278.960851600001
312,98082.5590159,1,-0.7782241565068339,70.03291063790991,236.3401860086912,5.508463333384941,33.356673137411164,3.3949377768477556,30.0,6.255604013307554,172.96257500136718,5295.689677799994
313,98098.5887735,1,0.8965588408659725,120.0,360.0,5.0,30.577168542995068,1.0,70.44004502216339,74.56637936931446,151.16802235184986,5311.719435399995
314,98115.1090507,1,-0.9817294066625899,100.58610702106871,269.9103321925019,7.942896780704891,38.72481486232657,4.515619954764327,47.44654722247431,48.3710073697643,182.5275556965945,5328.2397126
315,98132.5359322,1,-0.9796223584382407,100.75318326649528,267.24473537109293,8.054562895551733,37.53484494046741,4.148962750048993,51.227587492824874,50.6421224858612,182.0728842697294,5345.666594099996
316,98149.0199911,1,-0.9738093534148855,101.67914620808727,275.4784780810863,7.776276979303045,36.41950835280185,4.2920516054419355,43.63998061983369,41.52535792395753,183.1244623099846,5362.15065299999
317,98166.8037797,1,-0.9814273196764908,100.8826234098301,268.9015838379121,8.0481893911199,38.03704587615576,4.452724075365504,55.33656236762338,49.64160572379289,184.10934944388552,5379.934441599995
318,98183.7067534,1,-0.9833428939893619,100.49087331519871,270.02178372849824,8.092812916882007,38.271424923569,4.348129505978716,44.242193992279624,50.57086845424967,182.74052205368724,5396.8374152999895
319,98199.9519831,1,0.9935642625761368,76.98260439808458,239.40905044917787,7.808583411624848,47.01789472381053,2.5959658193455475,30.0,34.7964809592716,158.49021525635143,5413.082645000002
320,98216.4068513,1,-0.9826955062203043,102.3067267004848,269.93307579683983,8.029525645404672,38.42093080719654,4.3552720189074865,49.68372529728842,50.819886017148235,182.52008516166643,5429.53751319999
321,98233.6162091,1,-0.9820443446134546,100.41163966691474,270.138914755626,8.27924295656649,38.15003882295919,4.290685899071391,47.96326868070797,50.934053995261166,183.30390151682914,5446.746870999996
322,98250.6652491,1,-0.9747239784076239,103.48514429900038,263.4625247014046,7.573428951922858,40.525069537818325,3.4087397245235715,35.815820093983106,56.33124984942291,184.46227077259067,5463.795910999994
323,98267.62,1,-0.9789076402226036,102.12797723902146,270.5727182511133,7.800557623345833,37.82582824309481,4.3362944451859935,48.79631563740864,48.146498514951446,184.34983514381733,5480.7506618999905
324,98283.2720847,1,0.956612102260196,110.67047099903223,274.97700539876934,8.35821218099585,35.329664184198954,3.8412209378215936,48.3858793175161,49.91926277182631,185.36150093179398,5496.402746599997
325,98299.7890968,1,0.9871449505637491,100.55979589187633,216.49789071880866,15.889574071494003,32.08642997061689,7.254279951989549,30.0,14.518310011373547,184.70877218734404,5512.919758699994
326,98316.1256123,1,-0.9833770918088537,100.23985843079666,269.97051100129175,8.087978297671246,37.68556812859884,4.34945481093411,42.62263068603795,50.61801739302097,183.39722202893162,5529.256274200001
327,98334.3336467,1,-0.9703169323967089,95.70701929313589,273.41631926328654,6.895125203526635,44.41443354705393,4.36622282271084,49.52801455015158,44.34105096733464,185.48580866708423,5547.4643086
328,98351.7064556,1,-0.9832636857464011,101.13158137206793,268.06242159487044,8.098765822441296,37.88777502716444,4.350861179854966,44.62133431793811,47.39479493754059,182.85446494281916,5564.837117499992
329,98368.5687701,1,-0.9849835068851537,101.83805237692819,272.35204214368116,8.014050159844725,38.42540343467718,4.3339740883623135,47.017997050461744,50.489712384265005,182.89484321105644,5581.699431999994
330,98384.3038339,1,0.987155910478533,107.2572851804213,278.50603218173853,8.51038550304255,39.96349642548517,4.460407665284635,33.50465994487358,49.235759395893666,190.31790119468974,5597.4344958
331,98401.8871755,1,-0.983582716019676,102.76114858193749,270.3740730539648,7.962365262071196,38.06571862019379,4.325800625982371,45.53088353463009,49.41785376952765,184.11472559092252,5615.017837399995
332,98419.3971643,1,-0.9162443550940537,91.07058080515412,252.6924065509182,6.9871622878008335,36.16359175113117,3.992059105766902,33.5584302951286,11.384960971048436,179.79064698770048,5632.527826199992
333,98436.2062799,1,0.8940659517965958,117.2251556963395,333.30443080536054,5.259887477952504,33.80899892952343,1.3996605196562406,70.033145404369,63.38322116193736,161.50609033256794,5649.336941799993
334,98453.2349579,1,-0.9831024117892556,100.55213862873609,270.06463744808565,8.072477419792914,38.4034126227365,4.4219389513121685,45.2721303079439,49.30126821252041,182.81178826002517,5666.365619799995
335,98471.0348056,1,-0.9823974305975919,100.927756368052,267.88356137304703,8.102141653226356,37.76525878410254,4.140239664694706,45.26543697664623,50.84820577317668,182.16523532862746,5684.165467499988
336,98488.1630886,1,-0.9874253238940215,102.49731141180465,279.01902299612465,7.9517898530014985,37.440068913405774,4.384492416086501,42.00812766905207,45.174443409065894,182.97501725754782,5701.293750500001
337,98504.9649478,1,-0.9828271777832392,101.76247264373274,268.9731535668929,8.11185617685086,38.13370010909329,4.468843609484499,52.1217932654529,49.75658588254138,185.22773371709957,5718.095609700002
338,98522.1792054,1,-0.8509186795072479,119.4474624771668,303.81464070965416,5.0,50.0,3.950412074854593,68.39044293084962,39.34096155692726,159.94536469024095,5735.309867299991
339,98537.6259133,1,0.9901339371496438,67.65044931567729,227.1672325613727,7.7118784146482575,50.0,1.6639982459977487,30.0,33.31918805224307,150.65491011323664,5750.756575199994
340,98555.4128277,1,-0.9847981351212468,102.42672322266364,271.73120882042605,8.033472993004672,38.23397594894108,4.364627102453501,47.77551640808217,49.44567878320552,182.74554824924866,5768.543489599993
341,98571.8569833,1,-0.9874997739048412,101.63358767675811,274.4820334036125,8.310932599160871,37.77881180492447,4.361362656073915,46.04602414197697,50.95337294863609,183.2104371858779,5784.987645199988
342,98589.486168,1,-0.9570635887148824,104.99811824349146,260.62700973838366,7.3475842136637795,38.19546550635355,3.654541319447288,42.023973332912675,60.75840278030503,181.1756468630532,5802.616829899998
343,98606.3509598,1,-0.9806877361397155,101.93561247756942,271.2272383230533,7.833725794632995,37.89944381816511,4.378624719464359,45.73425293174792,48.7073164570432,183.95410108800215,5819.48162169999
344,98622.8909491,1,0.966282760816344,107.25242911088523,281.7000418160828,8.408025019970136,35.52962633140248,4.230208507721267,43.5720449964918,49.582444957302656,185.8060923807758,5836.021610999989
345,98638.4564965,1,0.9864986992414265,100.71488701661163,230.96722173058734,13.13106152195629,31.85855229283382,6.142537969854011,30.0,32.49361665775672,183.52511550311974,5851.587158399998
346,98656.2110572,1,-0.9857927881482365,100.80414193612941,272.28875343803924,8.078338451382606,37.7090058554668,4.402978657880959,40.26391470288921,48.81756042957046,183.31537983785338,5869.34171909999
347,98673.012715,1,-0.9712065297804976,96.36250832202663,274.09733519784066,7.122647488919773,45.055979414493024,4.3282862790582985,47.07905857749918,44.42263644857133,186.21284146592103,5886.1433769
348,98690.2035593,1,-0.9859216502604241,100.87982158171002,270.82381956820586,8.17461008439135,37.72488800448335,4.366238897799685,40.9032712152959,47.951375444489976,183.1518848419505,5903.334221199999
349,98707.0931275,1,-0.9877975004577831,102.12863943961351,274.3182752456837,8.04960224149183,38.20146848229364,4.374041905833856,42.68693539632085,48.651315877191024,183.1188636378755,5920.223789399999
350,98723.6891464,1,0.9831328387761574,105.18200698305294,278.0496354999127,8.422805466489308,38.937138532616395,4.476666446175145,35.677381265403994,48.894754974216966,186.9678914066362,5936.819808299988
351,98740.0307196,1,-0.9855110132710423,102.61288999097431,274.49130036771857,7.90968744250533,37.97382044501198,4.291522131715014,45.31822127174664,48.4218167196413,184.33015908239452,5953.161381500002
352,98756.9171573,1,0.9797513683825095,105.27198128060665,270.9346602400971,8.204862813039057,37.94887771965299,4.467048239134748,37.30546574613467,21.10545105402136,184.7953493113208,5970.047819200001
353,98772.5764498,1,0.9030145007713821,110.31109181641781,298.7072573138711,5.8477296569203645,35.5890643827074,2.034490883180763,66.71829809057948,51.30349518591551,171.44497892453555,5985.707111700001
354,98789.8071026,1,-0.986105728711716,100.92868873143001,272.76281332058596,8.08714602652924,38.06638036172119,4.354168956937624,43.80645972324861,48.16968970947728,182.98120229613022,6002.937764499991
355,98807.3276635,1,-0.9828635745751069,101.50659635756398,268.45430072328895,8.05409452668716,37.75374748562503,4.205416885259266,41.5435376393841,50.95738840400341,182.48339623508127,6020.458325399988
356,98823.5226474,1,1.0381122467897486,120.0,360.0,12.909006397858406,44.237912340739726,4.481668627352996,31.84396840444728,22.537530752934764,188.6577568278377,6036.653309299989
357,98840.3581105,1,-0.9869310378868409,102.53134817123615,272.7144471499478,8.117574588461906,38.02590045398114,4.442515255325992,48.01141431786557,49.563129386889074,185.66623402596662,6053.4887724
358,98858.1095439,1,-0.8381144734007595,120.0,316.2344828393466,5.0,50.0,3.735023060696064,72.09209176624071,34.64325086674418,150.0,6071.240205800001
359,98874.1505437,1,0.997626136981515,78.32571557574697,244.87556735244516,7.696794167518211,48.808047961665686,2.419993432037372,30.0,36.30961779756994,150.0,6087.281205599997
360,98892.1183403,1,-0.9867403163293587,102.34840500932302,273.4772536179163,8.040522438752317,38.11721361114482,4.370848745893347,44.770797818827916,48.50271852175408,182.91536047220487,6105.249002199998
361,98908.4294906,1,0.9708620127020904,102.40123098323721,276.860379910109,8.291351483054454,37.7306880963496,4.4060122047411445,43.63567795705775,50.594757472584455,183.12494747807222,6121.560152499995
362,98925.739809,1,-0.9453247826177655,105.4751110279146,259.43588675477235,7.250490041412019,36.91678687908465,3.8964161108602617,45.58070326876559,61.82050655558447,180.1645454190812,6138.870470900001
363,98942.8590492,1,-0.9820273743569562,101.84603521977198,271.68332294063856,7.859185833909154,37.992679449851735,4.3996702516165245,43.34146591921126,48.98719977441772,183.34786773813,6155.989711099988
364,98959.1357443,1,0.9716121198130858,105.18432701507237,281.7174509813397,8.351726724202969,35.97279170328663,4.502906702344847,40.55444727869438,49.07231125630816,185.65736319521685,6172.266406199997
365,98975.0892919,1,0.9828499163310699,101.48328439528406,253.8255532561092,10.099693197325514,32.931789693265785,4.692809026159144,31.796475043817296,44.143987560405215,182.85318058776988,6188.219953799999
366,98991.8160838,1,-0.9876978512734567,101.57844307788821,274.4070244786942,8.067654613337737,37.75957442458991,4.42433788981339,39.951342141954015,47.803235975125105,183.22000109685135,6204.946745699999
367,99009.1767137,1,-0.9734086479757631,97.74034113660525,274.5081261815397,7.563024167301301,43.16636794560827,4.308440875195739,43.781994264859065,44.67297256322069,185.59530319123962,6222.307375599994
368,99026.3113376,1,-0.9880887451642019,101.2640830691156,273.29914514987763,8.201998564054865,37.828251266167484,4.3784170507235824,39.57499597011146,48.29168789028814,183.30257668416448,6239.441999499992
369,99044.0179539,1,-0.2640231131058388,70.15261440560776,246.66713877306324,12.497272360806742,50.0,7.0831749908056585,79.82234917825643,69.93983842991625,180.5713198955597,6257.14861579999
370,99059.7038793,1,0.9769493499884194,103.16473915894898,276.56132300491356,8.369517535005112,38.19499408029391,4.484012573629915,39.83303556294848,48.62960945220009,183.50025928111563,6272.834541199991
371,99077.3631908,1,-0.987059938855557,102.33636143548145,276.7100558378422,7.937757726800674,37.93210783560159,4.305378532166075,45.032530032828774,47.95414358276009,183.99685972159304,6290.49385269999
372,99093.3610134,1,0.9798092254326201,112.63929446472171,281.0830208102792,8.838393474281945,38.943707833715095,4.718272378089164,40.74475671581817,34.32889009752031,186.77967373884604,6306.4916753
373,99109.6633773,1,0.931971753331199,103.3532202057576,270.8059783329929,6.311813941409968,37.20253825407538,2.915713243852693,52.981398184694974,44.33789271710006,177.32937083684416,6322.794039200002
374,99126.192312,1,-0.987586608673764,101.18350726266402,274.5140968981074,8.082400679969684,37.91868030553947,4.325704048656599,42.871104722934206,47.75997804443488,183.1306146172285,6339.322973899994
375,99143.3739126,1,-0.9840173718272344,101.92607441709619,269.58969758576166,8.02745499049841,37.96482042922477,4.321454330589925,39.78599415995778,50.436589655418416,182.78322404043445,6356.504574499995
376,99159.0871213,1,1.0486864552227506,120.0,360.0,15.324455016486716,47.11072503903067,4.512422123037235,30.500885734653636,15.420247041017237,190.63169053806365,6372.217783200002
377,99176.8747428,1,-0.989408781092698,102.76265812046326,275.0888619287174,8.090411025603299,37.99063528144472,4.4155315514052695,44.11713644797061,49.32200698420786,185.7493160861523,6390.005404700001
378,99193.5954542,1,-0.8457339112390788,120.0,307.8563752894309,5.0,50.0,3.7646082208870117,62.00971557770865,36.29824816876732,152.71371034063395,6406.7261160999915
379,99210.5490678,1,-0.9180127489976747,88.19883513196591,260.69375236140843,7.712092618254919,44.77424346023375,3.0282476238902682,30.0,41.92377288551713,151.93463083787515,6423.679729700001
380,99226.6494152,1,-0.9882532112700128,102.3584022469598,274.6653466216976,8.047065899396003,38.01823612872029,4.385179297340117,42.97950374127548,48.164352877757715,184.2134036367944,6439.780077099989
381,99243.3387359,1,0.9720758715115503,102.87351387027206,277.29200558872907,8.255191081471477,37.81124861856357,4.431295737016461,42.437224432909275,50.07622975249097,183.68158736437192,6456.4693978
382,99260.2348942,1,-0.9492914336681497,104.73246803348026,261.37316038599033,7.32934627307962,36.599935320092854,4.152111219413526,47.3356427051215,59.24860970542711,181.74921268394326,6473.3655560999905
383,99277.6289518,1,-0.984433137270458,101.92230158888165,271.95014473492245,7.950572543650106,38.04351533427494,4.412327201281984,42.125033428271436,49.17390962765262,183.65576109707587,6490.759613699993
384,99293.3782304,1,0.9745993295190163,103.30171345571938,278.72122833323857,8.305129124118325,37.021600053483894,4.617436922362229,39.52245529372661,48.854981712406946,185.59286265291166,6506.5088923
385,99312.3169201,1,0.9749158746859435,102.45671596625368,267.99699272268543,8.402880885097783,33.721359203479594,3.8163110006107623,33.41856265179389,51.98490895036831,183.31122432306594,6525.447581999993
386,99328.947391,1,-0.9890084671287772,102.08995724550334,275.63882024062343,8.069571741790227,37.81332344620224,4.433250624023096,39.97447489980429,47.67147509996922,183.47454961414616,6542.078052899989
387,99346.1071775,1,-0.9780165634868254,98.87393229381931,274.89452818092474,7.892493137315711,41.22795175281137,4.340387635024307,42.03750114157397,45.265344794628554,185.3165986122511,6559.237839399997
388,99363.724988,1,-0.9896129211013527,102.10336208974577,274.8311972746506,8.164551291956311,37.953185728432224,4.3924202424040475,39.90645186577157,48.7461576687141,184.09812509783293,6576.855649899997
389,99381.5722824,1,-0.22784430002150127,53.04767084068326,245.4791086668281,12.768187148500056,50.0,8.064891759381204,97.82156015414998,74.93207524204442,179.8918502104381,6594.702944299992
390,99398.7058572,1,-0.9888139520387895,101.94977408869849,275.05571245087015,8.225115952373457,37.741405958009096,4.469978095475534,43.68524782843791,48.75262982777891,182.62302345835383,6611.83651909999
391,99416.9364885,1,-0.9892478678909445,102.36715088846114,277.7957000867018,8.014047108187366,37.914155258395375,4.343314624639844,44.86342478132259,47.818960991248865,184.3986996142443,6630.067150399991
392,99433.2638985,1,0.9768986308398658,113.14902702957485,284.5291601909104,8.932485261480004,39.224524286967714,4.805787020968631,44.06062281475732,48.119293619512845,187.54053716431304,6646.394560399989
393,99452.2304697,1,-0.9527075336717682,99.39231796202283,255.83742841773932,7.2418474031379585,38.221972732308856,4.122625921836597,44.569259478178424,40.68450778169748,182.68624218974367,6665.361131600002
394,99469.4306812,1,-0.9885430689533687,101.85346866161235,275.4796120901496,8.080496206704119,37.8394862464425,4.3284367312094645,42.8354088334105,47.97786034499791,183.4019746298602,6682.561343099995
395,99487.1919623,1,-0.9853817905347138,102.2073119205176,270.64446858995757,8.026797474352946,38.09295922888438,4.394083611066447,39.35056398454742,50.10108709923428,183.8111785658157,6700.322624199995
396,99503.7153399,1,1.0473372740852915,120.0,360.0,15.754376233434302,45.88369340255564,4.513457637012134,32.94243903861869,12.819769930979575,190.87461760688817,6716.84600179999
397,99520.8644515,1,-0.5751007708302203,120.0,310.8970553735271,5.443776787022042,17.449033618923213,7.5983180663673995,94.81575460461056,46.28402351322215,176.93920473040595,6733.9951134
398,99540.9426616,1,-0.8834146015107489,120.0,293.7992434234236,5.266592407330858,50.0,3.9987679779689964,53.276185984266455,43.67045639218499,163.1998197883879,6754.073323499993
399,99558.834486,1,-0.9663494693541654,94.94036915584641,274.12593425783484,7.7908089267065055,42.0185044903853,4.051831948172673,35.5099361219314,45.833027595442516,157.0145838982246,6771.965147900002
400,99575.0205839,1,-0.9895513015709353,102.30820830315267,275.38985692968106,8.087784370781133,37.94390772021431,4.395634027405109,41.72953465599281,48.005707806769294,184.9166337750568,6788.1512457999925
401,99592.1672095,1,-0.9908498964057623,102.81429387034757,276.4770287501082,8.190746703992808,37.90413576447541,4.438824208002194,41.557183012028716,49.38848371958523,184.02994522745277,6805.297871399991
402,99609.7934563,1,-0.9582678632828631,103.44088542166062,264.3773803030218,7.450754065586054,36.852572373237656,4.344404661640817,48.17078044885557,55.32757969202021,183.4680659167513,6822.924118199997
403,99629.4613582,1,-0.9862443191941033,101.99818152260443,272.62510063279547,8.008543556514626,38.06077922928056,4.418167663342456,41.04068372603001,49.17086895209212,183.86575802110042,6842.592020099997
404,99646.9608494,1,-0.9905575725218908,101.88714245337223,275.6568519799325,8.230530674557219,37.68425754911628,4.650196853382583,39.11910951915313,48.69586138743411,185.27992387422782,6860.091511299994
405,99663.7582506,1,-0.9544473616642777,102.9128543243919,277.54489793316895,7.4343105900433635,35.68941181199871,3.6210702641582486,35.58773856955602,55.59781273650647,183.77237708867725,6876.888912499999
406,99681.6955116,1,-0.9896638670115284,102.37461016955899,275.9652793853793,8.079051420513892,37.865038657071494,4.4187950300917,39.98245947020122,48.05578405396,183.64414263140347,6894.826173499998
407,99698.9928996,1,-0.9864161703058804,100.3272838507475,275.10477817231697,8.169710738444376,39.001335618502,4.380689799986091,40.74172370588555,46.943427749613406,184.9903206109559,6912.12356149999
408,99714.8990509,1,0.9331060533223796,120.0,226.06202257348633,9.75384134415426,50.0,5.847935738882084,104.54202881558979,61.08765766758057,192.8265833586858,6928.029712799995
409,99731.6658536,1,-0.3087247247368376,58.01087324691022,252.16129066578515,12.131243122728456,50.0,7.279032065689032,87.20475190708439,74.9427451194419,181.35293349999526,6944.796515499998
410,99748.9032275,1,-0.9866714053542647,101.31340188924003,274.20956090252247,8.126730719931196,37.52083449891246,4.451927250793599,45.087881620414095,48.81937095124219,182.33397652123733,6962.0338894000015
411,99766.0508483,1,-0.990333184468233,102.30701006468504,277.7524338668141,8.058395506981297,37.91869702824326,4.364583747211351,42.683813680938485,48.18083457368859,184.50460861623756,6979.181510199996
412,99782.4730182,1,0.9744413585501731,108.80303902333722,284.6847224711885,8.752071881027033,38.842585609723955,4.771495256198043,45.8365081473457,55.76120436396671,187.01404509102036,6995.603680100001
413,99799.5145633,1,-0.967274074280494,98.2654651224652,250.4116221095827,7.833320379282482,38.69582312863702,4.818645504638679,39.635023846755985,40.77810970979897,185.9903656326376,7012.645225200002
414,99817.3883679,1,-0.9895011074403198,102.31291724853504,275.7188995811887,8.114381139204271,37.853205994866286,4.3433707566833215,42.547618312569995,48.26000627097405,183.7278374638538,7030.519029799994
415,99834.0353863,1,-0.9873973665821809,102.3542219093976,272.10242638511886,8.056399427760184,38.1012481676176,4.433310592127603,39.133883085370584,49.7975558740336,184.4315616922774,7047.166048200001
416,99851.0911353,1,1.037985625396063,120.0,360.0,14.059629866778733,43.60995348030142,4.482780434985043,35.9869249204574,18.73928570696932,190.40837718139005,7064.221797199993
417,99868.3405627,1,-0.4031524384396801,120.0,325.1340678823463,5.3449396581979,11.447596462756486,8.975869434803956,107.69207419005488,44.6659960750199,172.66107775906033,7081.471224599998
418,99885.206538,1,0.9690946999717115,116.46339484618568,280.25803430776295,6.78967696625397,47.79129970569399,4.2648317438308325,46.29856388803212,49.38173465625014,178.6037538045459,7098.337199899994
419,99903.6465998,1,-0.9814287833768539,99.14770765015612,281.51531046450134,8.009149015745379,39.79885785751223,4.732261516693315,39.374791430125654,48.88448329445925,162.26529618648036,7116.777261700001
420,99921.6609963,1,-0.9903222010042253,102.44662875068059,275.8015342352977,8.118532025141379,37.89435671560962,4.410442592691577,40.95880417853424,48.375472852512466,185.0919547160912,7134.791658199989
421,99938.0361112,1,0.9612038708268318,120.0,200.0,13.361553499623156,42.21747544636906,7.905362380698563,66.36961048219538,74.00866488088808,191.84076310238953,7151.166773099991
422,99954.9484343,1,-0.9791407792818282,102.51052689881888,271.9580953578673,7.853415354615363,37.30389362604935,4.490736459479979,45.54023266237431,52.141770414743505,184.59761341442282,7168.079096199988
423,99971.5865315,1,-0.9886377197713185,102.4356236143942,274.5226652788654,8.061467645466756,38.04648365926427,4.425581621901882,40.6507596826758,49.27029010465677,184.00853981007873,7184.7171933999925
424,99989.4301245,1,-0.9883929937350482,101.24479156677418,274.0785125827952,8.177492352632314,38.1183332467127,4.605538565856033,39.12219276632315,48.886163774393495,184.5247910495494,7202.56078639999
425,100006.4383033,1,-0.9597807512835743,103.13881304927554,282.46471065735716,7.233694562194043,37.551425022064166,3.8546407553223334,37.21885396949608,56.52215684335738,184.08750171870446,7219.5689652
426,100024.1294239,1,-0.9900786222021863,102.54047005551998,276.19964521479096,8.091648137525489,37.900967805037,4.4127100519393,40.4747165132745,48.27603163350656,183.81665774017918,7237.260085799993
427,100040.4866839,1,0.974823612708209,101.93016746738937,275.47593123415,8.332681915919352,37.75854859401757,4.409466459150793,40.279266300110265,48.953959811428184,184.70886189308592,7253.617345799998
428,100056.4590346,1,0.9108397455093352,120.0,215.4257256072778,10.06831553064423,50.0,6.514946040931347,138.92507590088826,65.16897476723138,195.67637792419333,7269.589696499999
429,100072.9069198,1,-0.4850781675735425,76.93701426518992,263.6795684695616,11.638543467462258,45.48934233766373,6.641648239204915,73.96662484407705,63.014819332299965,182.8317212021558,7286.037581700002
430,100090.7457426,1,-0.9857648035974002,101.1497554899098,274.28206747758213,8.093787361998636,37.3994114843087,4.435869126516506,45.683616895688644,49.01994825428093,182.41482273978278,7303.876404499999
431,100107.781168,1,-0.9912232197305113,102.45752297650478,277.40726381376146,8.118741094619864,37.917627991393594,4.382744338914878,41.00830178868175,48.71381226955398,184.5522672644432,7320.9118298999965
432,100123.8288114,1,0.9723486534756576,104.19379588399117,281.6276077443032,8.551877633455838,38.550613164999476,4.600788455250422,46.5979200500464,59.89012080873702,186.34744236973208,7336.959473299998
433,100139.8907249,1,0.9741405605342977,99.32466998017637,252.50930525241156,8.246225539201937,38.799636504968866,5.105471962464189,37.36689346084759,44.1565903789531,187.50162926606006,7353.021386799999
434,100157.0813697,1,-0.9902433920046022,102.6515931335964,275.9089483182886,8.162747911530555,37.869776642185954,4.388614219062956,42.19995051194097,48.63039451706691,184.01975442828768,7370.212031599993
435,100173.1479135,1,-0.9890151322892139,102.5949603886908,274.24773391353733,8.090494359162744,38.06428730237019,4.455490883852304,40.043359928661374,49.52061966437639,184.5951639231072,7386.278575399992
436,100189.4479681,1,1.0154210453050285,114.7131314790547,340.19906872220963,11.147717929068955,40.160756398023636,4.462447338166452,37.674027810339865,24.73966297064703,190.00432387867062,7402.578629999989
437,100205.9662343,1,-0.6130122690370164,120.0,315.33028799777026,6.127471346346018,16.733020810106087,8.098327702203637,108.10928835913215,44.027043994115736,173.78507037379254,7419.09689619999
438,100221.6771747,1,0.9782222419097527,107.7138012565159,272.64170515790056,7.900915530881502,43.48641822987092,4.41305552211491,40.364733096441554,52.5267531000464,188.60597772434252,7434.807836599997
439,100239.0061329,1,-0.9879253433381794,102.14907927959291,284.82220559500894,8.130970139413446,38.27412928617789,5.07121227869371,42.01371754161015,50.77080194751134,167.60021836301382,7452.136794799997
440,100256.412272,1,-0.991009361109098,102.52377723686644,276.5223694927491,8.135668351339229,37.87467482835085,4.412343393470671,40.55659756077061,48.706839711790735,185.0383142488921,7469.542933899997
441,100272.4597429,1,0.9625655426400528,120.0,200.0,14.58987371989733,44.09092736593973,8.453440567582758,72.92257218294434,75.47746668741821,193.99121591387126,7485.590404799994
442,100290.6705636,1,-0.9897600678460454,101.98174883075455,276.35411491036535,8.100244948140094,37.7663000781006,4.537230913819181,42.23056632705992,49.132949506534146,185.21329344416745,7503.801225499992
443,100307.1269497,1,-0.9903783194491577,102.67814328316578,276.36038542339105,8.091646899783395,37.98962704542667,4.419733214070734,40.56468408616013,49.156373137544904,184.222653476316,7520.257611599998
444,100327.831946,1,-0.9877730532686307,101.14737849214528,273.6382417339882,8.13318228013975,38.30484815678236,4.499894976016633,39.65146082183074,48.926166915302176,184.11873885444388,7540.962607900001
445,100346.0578795,1,-0.9739065126236924,103.01643565331761,283.36459993835325,7.372790016764232,38.645791919008545,4.15767715529832,38.69241072930555,55.493313154209964,184.26618996742312,7559.188541399999
446,100362.8416273,1,-0.9910594189289272,102.61711229030749,276.82108115225043,8.10622255240187,37.92604929822435,4.401030546587435,40.76194132543549,48.4803601731628,184.20141068067815,7575.972289199999
447,100379.2430404,1,0.9743045967664642,102.93403420075614,276.06814982087167,8.41553288699415,37.14208688215649,4.41492044579888,40.3476984174891,50.05903249808905,184.5170644799959,7592.373702299999
448,100395.0571104,1,0.894020845828124,120.0,233.9713480654926,9.507034687440147,50.0,5.836259003200418,153.15978080805615,60.768320956070895,197.08985713648394,7608.1877722999925
449,100413.1972789,1,-0.8184661372147589,88.54350665936337,273.1849898315987,9.778504586349428,40.51063259751372,5.9776983511358575,57.41093766656514,55.86008467211231,183.961097279022,7626.327940799994
450,100431.1006153,1,-0.9866451089110565,101.12798703750221,275.2257933680458,8.08244047591565,37.442217379593494,4.402101006975389,44.97355978848907,49.04553970857805,183.14092299067855,7644.2312772000005
451,100447.6459804,1,-0.7706895264907412,77.69449229654991,259.76607960425923,9.615199909485925,42.049110151198065,5.943960705724094,81.14579666812146,37.708950749002014,173.93972257163,7660.776642299999
452,100464.0908118,1,-0.9846685130197683,101.16351626577982,277.896380678086,8.440481617793818,38.22887064216091,4.490569733570272,46.7670697961327,59.93429593986746,185.2022906966693,7677.221473699989
453,100480.9197781,1,0.9790636937508783,100.33736347842903,265.00219379040874,8.466166560288695,38.60485921796504,5.004684341600478,37.10350767212623,46.099803682587364,186.86080703096596,7694.050439999992
454,100497.3342378,1,-0.9906028193701578,102.78031527654268,276.0796930374335,8.178242417906066,37.896413405910344,4.411097498243476,41.62472176171754,48.85562929192171,184.1904322318534,7710.4648996999895
455,100514.7836935,1,-0.9901174035828524,102.69165775029059,275.6071337172662,8.120955187078447,37.98454349349677,4.448128197645672,40.92178704623785,49.36424003829668,184.6686039518467,7727.914355399989
456,100531.4031782,1,0.987304545840789,108.5524978118822,321.708002379543,8.557671123900947,38.04886450444444,4.421842437995556,39.365886782821335,36.11954865835646,187.39025400258083,7744.53384009999
457,100548.751241,1,0.8401781218319432,120.0,301.92057151665233,6.629116661683108,26.100288173760408,6.274736387881015,86.12207850327407,43.83693565663939,175.492671092789,7761.881902900001
458,100565.0107418,1,0.9812184225459779,100.85136617512548,270.2955923318475,8.589386419941643,39.68307635628701,4.489535674932966,37.35476127676573,52.35672481248763,192.93824327333988,7778.141403699992
459,100581.5903178,1,-0.9902504423784712,103.79922523798103,286.01256719326074,8.194277985473594,37.29783731207313,5.218131675505751,43.02987192819225,51.674019290465544,172.39678268114167,7794.720979699996
460,100598.0846991,1,-0.9915543422650825,102.53879954835142,277.29597937976484,8.140517888362698,37.86904845623985,4.4053844178564425,40.34766434954905,48.89076121238836,184.9257416018864,7811.215360999995
461,100613.7749576,1,0.9624275197530632,120.0,200.0,14.605619335258725,44.336953078572385,7.494344221572334,69.9065507380036,67.12976840549646,192.9608436805212,7826.905619500001
462,100630.0654774,1,-0.9923798656546302,101.78932606689557,279.1129572172407,8.243937536012666,38.08029597140421,4.488030737924813,40.26860743694755,47.321316327540636,185.40774760776515,7843.196139299995
463,100647.4972925,1,-0.9914161034618197,102.73546873894296,277.5119473764415,8.114241423234485,37.93578208419412,4.398786052500467,40.69696335143202,48.88865501271905,184.4619584709472,7860.627954399999
464,100664.2039054,1,-0.988400395298701,101.24061457402902,274.4606878159123,8.103684687409455,38.23395894733523,4.400980068946689,40.00710022552978,48.87060458188898,183.93392171184857,7877.3345673
465,100681.2594087,1,-0.9883230302655857,102.85748138341448,283.09671579432967,7.723908545877436,38.895480839208204,4.360833213000611,40.03185105609725,54.853369326765986,184.3805667780528,7894.390070599999
466,100698.8872159,1,-0.9910948297737991,102.59808665785036,277.18198102144993,8.114354136563499,37.93711496412294,4.392566912028318,41.03692118780819,48.64179003594946,184.44561523524646,7912.017877799997
467,100715.0972734,1,0.9736535054895461,103.35974484381472,277.0305124062387,8.378132710253293,36.91508180110557,4.411784411230802,40.40438194528444,50.24651541391863,184.415138035325,7928.22793529999
468,100730.8510214,1,0.9164271094675539,119.938737735394,262.08970905372803,8.690686363279836,47.76519433309845,5.051269457802431,108.42908640836589,52.66376217045432,196.04162020979788,7943.981683299993
469,100747.7422897,1,-0.9825551469899045,98.82895050361086,279.74181638755573,8.572000442679514,37.50494010285914,5.576974053511122,46.939128126874905,50.7559277980582,184.7362875978326,7960.872951600002
470,100764.753062,1,-0.9881777583597406,101.56042947327138,276.25127443378886,8.081988531313288,37.4740543377161,4.379554726144905,43.48925706532502,48.97254466056612,184.14170620424196,7977.883723899999
471,100786.0317943,1,-0.7120811554157765,57.20418713442185,235.23713287424815,8.266761728033943,50.0,4.906440752711755,124.7506200897964,54.69645052618422,194.62508413236992,7999.162456199992
472,100806.4935954,1,-0.9864615572485441,99.58553913515095,275.635912921921,8.292751732721404,37.897209458531215,4.427862281743069,45.67188752536977,57.31421104608668,184.2615068738787,8019.624257299991
473,100823.8798885,1,0.9808019854556881,101.88466038918864,272.7719848895276,8.581059337976221,38.2910927005763,4.896205463695591,37.43880145501441,48.36775391633614,186.3143177694725,8037.010550399995
474,100840.7492528,1,-0.9911129822939676,102.74319219793904,276.7576826112075,8.167505625600104,37.91361656511475,4.419503355700135,41.15019522107889,48.92991058582211,184.3198616529493,8053.879914699995
475,100858.8084924,1,-0.9909851465085773,102.69590268318146,276.76628661477935,8.137465199610153,37.92118963244494,4.427537766754662,41.44383643900416,49.057450716626875,184.6721530107186,8071.939154299995
476,100875.1963391,1,-0.9497277171354299,105.07293963087868,294.43107146722195,7.043644805629359,36.82712359787386,4.386793439674482,41.081395348337324,47.729830372046436,184.71793376881487,8088.327000999998
477,100891.5899215,1,0.9123286358741268,118.38364523137244,283.61948991857474,6.92498212462418,33.59938957941152,4.918857157629651,65.62576887102065,43.9112221809146,178.41880641018292,8104.720583399991
478,100908.3225438,1,-0.9707980914782431,97.15514180529512,270.11497045836234,8.91391484156418,37.26742369480026,4.524895644231028,37.507989471596645,50.70534854968523,194.62639648689856,8121.453205699989
479,100926.5280935,1,-0.9924348234287844,104.38748372812444,285.72046124633414,8.201599763531675,36.80883513690115,5.068291129847968,43.42984380515196,51.06204655940145,178.6457965843099,8139.6587554
480,100943.3797554,1,-0.9904650313848407,102.96197163074257,277.7641829451458,8.150242801257477,37.49640721370024,4.636267044896404,41.65834518497944,49.561995458939904,182.1569839580063,8156.5104173
481,100958.9471294,1,0.9649143349185477,119.74679784081073,224.39060995111925,11.946861979721442,43.84081031350879,6.4454471303436724,66.36665060866073,57.5371976014431,185.48824383857098,8172.077791299991
482,100976.2810124,1,-0.9948563595687122,102.82054442454532,282.30232363191953,8.313471512254836,37.63871478773706,4.631465913290007,40.472595982980906,46.693020863768275,183.21838899256016,8189.41167429999
483,100993.0437772,1,-0.993252593376086,103.14658076576646,280.58214535527793,8.143552202767026,37.67688588108939,4.471891401106818,41.7461226343696,49.076555232388856,184.1557887097163,8206.174439099996
484,101010.4988567,1,-0.9917601896988802,101.5779428411104,280.4085455424314,8.13039846748772,37.71830913010045,4.479669602406318,41.28934869924487,49.166378390924166,182.8226162103047,8223.629518599992
485,101027.3436709,1,-0.9908697926316425,103.2089508566946,283.65615332907703,7.91856333131722,38.17904794062023,4.584252846567136,41.21001226984171,52.865756581415546,182.07364009167372,8240.47433279999
486,101044.7465336,1,-0.9921386311962873,103.18758127831506,280.39596695412035,8.123162134327142,37.388902446350876,4.4075389359318455,41.3383251557089,49.93937175618335,183.7222025880087,8257.877195499997
487,101060.4129529,1,0.9737250087295107,103.85413084627734,279.0270214114458,8.331329070174718,36.740249122364084,4.557179422281273,40.87529196289955,50.38363395208923,181.48589566532135,8273.5436148
488,101076.8263396,1,0.9350747510253865,119.55554188130607,280.03713673725514,8.039977279601366,42.388864043978565,4.619988256057015,75.78263816000741,47.593725703000054,187.13597940816626,8289.957001499992
489,101094.3724492,1,-0.9753580679785182,105.53177543619067,285.6812840957663,7.829716538006597,35.62159286125721,5.295844191452201,40.530086490060384,48.014848922419276,183.77384048784836,8307.503111099999
490,101112.1345899,1,-0.991363066897325,102.13707941769405,280.4459391029206,8.139651103948779,37.43086140791807,4.56264235879293,42.650934017434835,49.68807682428504,182.72298361249838,8325.265251799996
491,101129.2164234,1,-0.8067406533935594,59.272018430927275,244.60455000012428,7.51177635990547,50.0,4.369692563755279,142.05026361054752,63.775498849885274,202.02983443300926,8342.347085299989
492,101146.669356,1,-0.9854184761090301,99.21901733752111,274.6412409813051,8.171031177509278,37.33783415314537,4.469146340472054,44.17140775527601,53.27962214564737,181.65500336729272,8359.800017899994
493,101162.1059259,1,0.9771630311533311,103.6003786498247,277.4601267502619,8.483219274895397,37.78517305405599,4.8476660279646175,40.382572724928835,50.83749510675878,183.08625671801008,8375.236587799998
494,101179.2485563,1,-0.9918501489207264,103.03645057977289,278.89142289302345,8.166438611029307,37.81380286960923,4.429780099751967,41.06322152689174,49.39714890166574,181.57004613167763,8392.379218199989
495,101196.4517042,1,-0.9924882838073845,102.80024138904454,280.063993075366,8.165740205978112,37.58056572207585,4.461062159452204,42.49900984937693,49.0615529092594,183.0403463211457,8409.582366099989
496,101213.7223068,1,-0.9227694846180234,103.12322154495004,277.0830573224185,6.71770628715678,36.15339690271585,4.685627567286834,42.06473990752055,54.85996568656287,181.34477038029672,8426.852968699997
497,101228.8821022,1,0.9482447470539421,115.60974094303975,274.29433847504583,7.4004847319595255,38.52631808470943,4.226469470465764,53.31511917784771,44.44268663673039,180.08457528467747,8442.0127641
498,101246.5728316,1,-0.9853809685625426,95.89256857263408,277.6483668769267,9.01915419960361,35.864429886246,4.6648864769752105,38.29657036870971,49.95305035346861,188.69477366758264,8459.703493499997
499,101262.6359434,1,0.9834994745994836,70.82230509545872,211.62003406933667,15.240494276487288,50.0,2.7260380163517444,63.940498515325956,57.88064382387553,156.51649437195735,8475.7666053
500,101279.0963708,1,0.972732705760306,103.1863700885095,278.2841890127323,8.22763726464426,37.31949413547175,4.761603129013853,42.02411778076801,49.68810845582284,180.94248449414474,8492.2270327
501,101294.9678779,1,0.9552818614084352,115.01632395679468,243.09576809829855,8.811276902688297,42.03424805173399,5.604136126874708,60.7874615778821,48.37313221760057,180.40926295299892,8508.09853979999
502,101312.3678642,1,-0.6541187348871278,56.04227318645051,309.0935401184248,9.179027714016387,50.0,8.290549826049965,95.23481021237109,9.487140681034475,174.47462131796104,8525.498526099997
503,101329.3790641,1,-0.9942382142522407,103.36325519088251,282.41482724847816,8.16490961946,37.52985762218068,4.586541550236999,41.9613633231113,49.10937372384801,183.92933840950798,8542.50972599999
504,101347.0613672,1,-0.9938228391159291,101.8870056229236,284.5378250961694,8.173736730581936,37.41312312936853,4.565637328007523,41.61949359220118,49.17326391603931,182.3570870601417,8560.192029099999
505,101364.0827422,1,-0.9929121320595519,103.38799098358443,283.54544393235926,8.121927770335127,37.52180514236136,4.719787245859287,41.847774932429104,48.98283605274276,180.8261544045831,8577.213404099995
506,101381.371565,1,-0.9935651085513595,103.40505572526202,282.33978219688504,8.182357820730642,37.142422536384814,4.5185245613542,41.10095725174797,50.60859350294535,183.14842189148106,8594.50222689999
507,101396.994071,1,0.9742076090289697,103.97622313937151,280.2195196403857,8.300375720369907,36.97001801748436,4.642566433150623,41.12370053818785,50.07862082468594,180.5257524173366,8610.124732899989
508,101413.1086526,1,0.9538621233356332,111.50840701659342,290.2224135360512,7.798640045582006,38.32902533191093,4.385654071729885,54.35345723617244,44.743190316272745,182.05866770406715,8626.239314499995
509,101429.9390051,1,0.9689675466246643,108.7973192386925,287.5056703483865,7.637800113075944,34.82228855122516,4.912258966412511,36.9880094267199,46.495970951687895,183.22944707582846,8643.069666999989
510,101447.0928874,1,-0.9935278062069098,102.64468538262159,282.99078746259045,8.190786180755435,37.43350730906034,4.677647542785826,42.17109871895123,49.80678395430236,182.00578490336332,8660.22354929999
511,101464.1787549,1,-0.8746957200024744,71.23204806735369,262.10490423356794,7.364498551884376,48.648594401203226,4.095346181508418,118.68283544796103,61.70866774001692,196.96366497784174,8677.309416799995
512,101480.8432057,1,-0.9873307479311192,100.04215946089252,277.87316019299976,8.160077489667852,37.10920469122853,4.56317922254165,42.890919732538904,49.62122663198189,180.28472785919044,8693.973867599998
513,101496.9199238,1,0.975105783725704,104.50661854071494,281.7305034724924,8.385293077011724,37.484285979977756,4.816559973935798,42.01686580712564,51.834066496430424,181.356219964514,8710.050585699995
514,101513.3494236,1,-0.9932273202921417,103.0947485266724,280.99599737783524,8.17514586979088,37.716009205228445,4.51070655853983,41.00732666529987,49.28369403656753,180.77583203157803,8726.480085499992
515,101530.6853049,1,-0.993871702364301,102.86503082515489,282.6507583356616,8.204544799722491,37.41571121674009,4.503484968022788,43.03686037312535,48.208976794627524,182.23131675285885,8743.8159668
516,101547.5989342,1,-0.9419800426421991,102.00420429069521,269.1259173980047,7.210083493923411,36.14508014862695,4.835899483321681,42.41739258199806,57.41036823150012,180.1352422967248,8760.72959609999
517,101564.1162998,1,0.9738564645549912,108.6952617773678,270.49378123764757,7.905848772875302,41.01259962300131,3.8490643563018594,40.77069174459096,44.76278649167814,181.516065290384,8777.246961700002
518,101580.902311,1,-0.9925161801497251,96.90481243929716,282.39623679247535,8.906124361286372,35.53214908456827,4.732836093022897,39.11760013426053,48.469056450618965,185.11145665170505,8794.032972899993
519,101596.3521651,1,0.9766600543454554,60.92539263845495,200.0,17.55957055723524,50.0,2.1369656982193956,70.32771690186459,57.106852728399794,155.5772991038777,8809.482827
520,101611.6093694,1,0.97410607009385,103.13792309073798,279.71850397228064,8.304046223528513,37.32653916055735,4.779456861033763,41.70318989272636,49.43279939513345,181.16303538924043,8824.740031299996
521,101629.2103857,1,-0.9462029082676163,107.04582659754456,257.8059821175069,6.905807661980169,39.73191077442573,4.835732290270622,50.786122804193425,42.75269013845996,178.2652637137826,8842.341047599999
522,101645.6939084,1,-0.824313421347741,31.534579489721956,259.6767220087772,5.0,50.0,5.78216846322767,103.95598759512,55.838237508316865,164.19562073998557,8858.8245703
523,101663.4176362,1,-0.9953084342252018,103.36889749881216,283.4139793730913,8.221213524076349,37.47837079686794,4.668506709182761,41.95741859991402,48.77963960499399,183.80072263253396,8876.548298099995
524,101680.4030298,1,-0.9947894869635032,102.20598568163979,285.8913543669004,8.206022319090922,37.2584959730412,4.616360554751137,41.73591129278813,48.94083397414233,182.34382675201144,8893.533691699995
525,101697.6435638,1,-0.9947205263476914,103.31061482540252,283.4751788808689,8.29758703050427,37.1873583757552,4.784971089265488,42.119194337000394,46.06413837257275,180.25081686475426,8910.774225699992
526,101714.4301752,1,-0.9949632171615099,103.32619114939284,283.40579796561025,8.231886137619206,37.178898179030035,4.609779422270263,40.7849934176802,49.75745547372834,182.85883546579672,8927.560837099998
527,101730.9168848,1,0.9752384965891797,103.6478035057981,281.22612888277706,8.283533834081279,37.328756331050016,4.686555392447081,40.95087514194201,48.88190766830224,180.56167881709206,8944.047546699992
528,101747.774996,1,-0.9782720008374942,106.99218825987128,295.30153165014775,7.799092775841255,35.775444981903576,4.262908534903404,38.84375461009884,44.02332480086827,179.6954120341282,8960.905657899988
529,101763.6087385,1,0.9718206638734135,109.76323821651104,286.765499072115,7.842708404219742,34.7674374992511,4.645557530318101,36.03325031713089,45.67296788216307,182.92642642413833,8976.739400399994
530,101780.3431949,1,-0.9951347984485698,102.97208994879055,284.2020598243043,8.250666104516021,37.53600949401759,4.728264042043958,41.495244608691806,49.56167119650162,182.15328318075998,8993.473856799988
531,101797.7518898,1,-0.9365150989491785,85.24307200756137,273.0692459628411,7.7475672984762065,43.837014413583155,4.019242095933972,88.05354016186223,55.051783199217105,190.04736056526357,9010.882551699993
532,101814.6897863,1,-0.9899094068244537,100.8176537333062,279.9797696241276,8.1649774786612,37.24789687691285,4.618687355816862,41.74840949524605,47.23237526151932,180.7951216463632,9027.8204482
533,101830.0527398,1,0.9743408083660903,104.78605385151377,284.3309205271207,8.300552773473676,37.333285201327556,4.763138874727037,42.373320183466234,51.76961649481499,180.5813897831449,9043.183401699993
534,101847.5503007,1,-0.9942441143696708,103.09481033008166,282.7860118765476,8.209736184955231,37.63650970098946,4.5747835440888664,40.86339197620141,48.77964247347479,181.00034515426074,9060.680962599989
535,101864.350024,1,-0.9950848320561265,102.89207121086491,284.0607677076745,8.233244098363516,37.37832561314161,4.573286642765991,42.06618445599193,47.49483318651359,182.26855720192415,9077.480685899995
536,101881.8737795,1,-0.9700733148345133,101.71833153228488,268.3498928241259,7.937611700888581,36.21764443911634,4.8853052003803015,41.72618808921709,58.72601037922354,180.04130328594783,9095.0044414
537,101897.9289491,1,0.9863449063428115,103.51687596989767,274.1203662682661,8.18895916644861,40.71060746392826,4.023482604610397,33.841770732392476,45.20879670899649,182.45297138719167,9111.05961099999
538,101915.796,1,-0.996298207357608,99.87898361841204,284.9892705554754,8.70526630336867,35.910934980208765,4.766915623492945,39.78455665818343,47.489171687434435,182.8303171660201,9128.926661899997
539,101931.3366139,1,0.9932837452208669,62.695689512824856,231.45383120353938,16.386738650863094,50.0,2.5556836538772996,60.103843434463855,54.58164218211517,163.93437523637772,9144.467275799994
540,101948.8773999,1,-0.9942175402169771,101.87652333776589,282.61434385512524,8.358617078376195,37.18192487343277,4.789271296548816,41.11502500256533,48.79229481462841,182.03839034363972,9162.008061799992
541,101965.488424,1,-0.896654553744899,101.43038970782374,276.6214473804461,6.101217124372435,37.90123479325559,4.381018065616348,41.86718481209198,41.38492841882514,177.24951419370242,9178.61908589999
542,101982.8036944,1,-0.8328917685660833,50.785608683050725,235.86515891476625,5.0,50.0,4.155474651166691,80.82442701868773,77.26877881535839,159.50391479224976,9195.9343563
543,101999.6872222,1,-0.9964562085446393,102.8588832998557,284.57727366416924,8.387033201842389,37.27278392523189,4.752438672255444,40.941255771358314,48.193991043555705,183.6189019754148,9212.81788409999
544,102017.1705114,1,-0.9966546898825174,101.37183942604406,286.2698307133555,8.469917704380459,36.64622155928286,4.717344507769709,41.75868401210265,48.252953829000376,182.3719815788997,9230.301173300002
545,102033.175226,1,0.9758390837663014,102.95950173942276,283.5323057580028,8.396803001275192,36.95052230866739,4.813668574846059,41.118574137616946,45.04662064521897,180.53105351893566,9246.305887900002
546,102051.1259736,1,-0.9956522479723398,101.70425375021088,284.3648977107507,8.375832548862832,36.676795250811075,4.67092445873938,40.41761808115774,48.376288164198726,182.6949070992656,9264.256635500002
547,102067.7853506,1,-0.9943760885852555,101.9018234900632,283.6053937722811,8.288411467206378,37.022410860579356,4.711262558903718,40.640623887736965,47.67510856615396,181.64134095904078,9280.91601249999
548,102084.9800435,1,-0.9812815151609505,102.94341546804432,292.955420054665,8.150326359642673,34.388590974136726,4.311582778713591,30.573378301119405,45.249381605466205,179.82090873850115,9298.110705400002
549,102101.8172825,1,0.972248902933673,109.95835554381185,285.6569545180389,7.98136587160594,35.04471102527747,4.525751130516813,36.795620594837814,45.518402870096544,182.75687063484642,9314.947944399988
550,102120.2155798,1,-0.9961233965532743,102.58781401423016,285.110313023538,8.351485390475858,37.32026344526341,4.759207686221829,40.66359937483989,49.155380777323764,182.47447264802622,9333.346241699997
551,102137.0978081,1,-0.9875585516225214,97.15181450318858,282.76660532783205,8.333620358187694,37.36814855992709,4.1586152904739455,61.0772622039801,49.23209888602379,185.3419181962898,9350.228470000002
552,102154.0837658,1,-0.9910586747532816,100.92945305913437,282.9282021750547,8.193292772204748,36.765391685260745,4.687891040455352,41.04967138401594,46.00110961333285,181.47486087988094,9367.21442769999
553,102171.6648589,1,-0.996315128091367,103.18771679784835,285.9739188002071,8.34340023888451,37.022956125611344,4.734845599666591,41.88294577280962,50.95680711813566,181.05707761324555,9384.795520799991
554,102189.2903336,1,-0.9954014156629469,101.58820105441771,284.2849046813678,8.425644453725404,37.0688239978597,4.623556261506559,40.41165909240907,48.36243372007433,181.40380869253636,9402.420995499997
555,102206.1722221,1,-0.9950217240919389,102.16925029299368,284.8835685252329,8.309590184400687,36.67028851558339,4.706856158018692,41.03007500438561,47.10143369016358,182.49746191804294,9419.30288399999
556,102223.6845025,1,-0.9872450897357853,101.04440849228544,274.7772951715902,8.43762952770426,36.23989907922103,4.870358045117986,40.7318301549178,56.5345986302417,181.10924294108818,9436.815164399988
557,102241.5939105,1,-0.978393860586171,100.14459341939799,280.338260691974,8.543429517917017,39.05110199810702,4.266679394870236,30.6567610953375,46.26253336192244,183.0231987839463,9454.724572399995
558,102257.3388277,1,1.0219036465431353,57.71733487702658,286.0216588200884,15.580663689687228,50.0,1.625837833846807,30.0,37.7552309854961,181.32007675339705,9470.4694896
559,102273.7322815,1,0.9990247291254843,72.96315501869526,250.4939017830743,15.139260102494717,47.517661220574304,2.9209851131477524,52.71722797162478,51.86978689386781,175.99667747154203,9486.862943399989
560,102291.4803262,1,-0.9957901102569345,101.10466284759308,285.63867219701984,8.400145580689902,36.97898937826997,4.7908318564310175,40.928794507286725,48.387284631395964,182.55473307113434,9504.610988100001
561,102308.3571497,1,-0.9312983663671196,98.331011756914,290.6919350644727,6.826838709933416,36.83147775234591,4.160202360076167,36.959452670397255,43.356951725710175,177.57852989421977,9521.487811599989
562,102327.1025759,1,-0.8381067705564894,75.88264649957563,226.84115451535567,5.0,50.0,3.4235301846475616,63.10497372447532,74.85472746538147,157.71427470350196,9540.2332378
563,102346.6899757,1,-0.9967676093786195,101.84041219582326,285.6017843315577,8.509284185018773,36.86361937853201,4.798534678633664,40.597423010847294,47.878002642491786,183.32427935234935,9559.820637600002
564,102364.0994337,1,-0.7928541873964366,62.265931183247226,292.0468361048547,8.774993562702624,45.31553980562542,4.545819147425812,65.66157360362703,4.402511495467131,180.44411756033196,9577.230095599996
565,102381.3274404,1,-0.9958673917086895,102.40260383375866,283.9622370364141,8.481488931047634,36.76849880139321,4.801877858353289,40.70238243603245,45.584448073463065,181.07260939396068,9594.458102299992
566,102399.4832396,1,-0.9961595474912811,100.71559863818777,285.66364688906117,8.474654950676982,36.386757547892074,4.723249890192486,40.76721111576205,47.59937074625716,182.49162523137082,9612.613901499994
567,102416.3582279,1,-0.9947761029615996,100.78198939632725,285.15483026924426,8.34000283124077,36.76779351805517,4.727286793316939,40.879347749748604,47.276230496100084,182.34330548865756,9629.488889799992
568,102434.4915805,1,-0.9888682767815847,100.24655527574939,288.5792771108056,8.453528975951093,34.34232647468167,4.369292293056743,30.0,46.29816823178501,180.17713159827778,9647.6222424
569,102450.3103418,1,0.9702255395086359,108.62071389246756,285.25235815715894,8.10211309019526,35.24370578837527,4.49876934487101,39.43034958711766,46.03176962750005,182.55599143477556,9663.44100369999
570,102468.3923082,1,-0.9968905204784583,102.27920904892858,285.8632250276556,8.451851004898671,37.01507995127906,4.767951803015003,40.388267163089765,48.64249504996103,182.60893938718854,9681.522970099992
571,102484.6382204,1,0.9717238053678033,104.57562547896867,289.44985794211317,8.719111087669091,33.69815706986189,4.436125040853973,41.09458721227149,45.834751339975405,182.20465361308845,9697.768882299992
572,102501.8983842,1,-0.9917881870949703,101.00055080247662,285.6673683851405,8.209513424537203,36.44206051309759,4.733755299088257,41.001973315478324,45.91948985306687,182.01967843581582,9715.029046099997
573,102518.5785135,1,-0.9969855366353627,102.19250056003008,287.01301884084154,8.412501382365893,36.73249112021911,4.718204001845097,41.579857005870224,50.359020254947126,181.8617697709275,9731.7091754
574,102535.3085264,1,-0.9963070672883457,100.72209567784438,286.0384509085481,8.552204378406952,36.752055299413314,4.694937462943154,40.6826046696487,48.10150843390656,181.91433225219532,9748.439188299992
575,102552.7741836,1,-0.9953289946316849,101.75327768880268,285.7336135861625,8.36348726172806,36.27253110530006,4.784945824013248,40.673915429828796,47.22956478065126,182.5645885998713,9765.904845500001
576,102568.8013876,1,0.9778240388585684,100.68870911989941,278.38915331356327,8.724729211967016,36.35078311482984,4.812440495515055,40.367892358009115,53.15327452451953,181.72518040935034,9781.9320495
577,102586.1891394,1,-0.9914200006455354,98.77102584315776,284.5479365978117,8.720273223075335,37.167078849613524,4.43602471889054,33.12803496812971,47.482524248684065,183.22067132718422,9799.319801299993
578,102602.1200487,1,1.0137613387153874,46.81846319772038,286.6753842636832,17.205454449345396,50.0,1.031342773388059,30.0,36.890910426544345,180.91983298739342,9815.250710599998
579,102618.5744334,1,1.0021056952966922,92.4139322151343,263.9370466477661,13.744655016933226,45.23426644315434,3.792938246478779,44.877829853557046,49.330652811255476,184.31209067088957,9831.7050953
580,102634.8284112,1,-0.9967208086305361,100.72400011669981,287.79777357338486,8.423112888154154,36.78310552164927,4.768935039525116,41.10952659935171,48.67184006048627,182.80157742257364,9847.959073099992
581,102652.7991884,1,-0.9506301841400309,96.6697088052621,297.5072808013184,7.3310735949703965,36.196084166787685,4.2459365416605,36.36151938199991,45.1318119651365,178.2063107897656,9865.929850299988
582,102669.8215645,1,-0.8997462888806843,97.6083941100629,231.20490081788515,5.810153939468779,47.38420375052071,3.3536037445562568,47.1326780551376,61.7869549761362,165.68779310045275,9882.952226399997
583,102686.8388127,1,-0.9970055445312195,101.29298667513706,286.6720047509859,8.56663196608946,36.631997514880155,4.785282655173363,40.78466250781723,47.953779126529845,182.64958935034736,9899.969474600002
584,102702.9251331,1,-0.7194879878698041,42.107201868341946,293.9308501108858,8.81704439643021,47.75742412317913,4.5144766636602425,67.43836980234276,0.0,179.77293755485633,9916.055794999993
585,102720.3043796,1,-0.9964514712866794,102.04048984356803,284.83699701843295,8.50703508202433,36.655715142430644,4.7597287479465855,40.689912303739334,45.963878462898876,181.4810361251544,9933.435041499994
586,102736.6746612,1,-0.9965232030254947,100.48399720729458,286.5778646768315,8.518060040720755,36.257021205039216,4.751635037079932,41.07238802716637,47.55489849461901,182.23771793745257,9949.805323099994
587,102754.3613647,1,-0.9956020273830778,100.40309162531753,286.9025783382476,8.382946745664615,36.62617925200297,4.734633859086593,41.029467985463356,47.65647913559873,182.59659060349483,9967.492026599997
588,102771.8876131,1,-0.9951541127427483,99.28109459072702,285.6494011089977,8.605807666525878,35.19767131111375,4.470797629499964,33.854203385206674,47.789604349315624,180.8991287368139,9985.018274999995
589,102788.6981211,1,0.9689863974402831,106.595174234962,285.3057552289675,8.19232791591985,35.49365897902609,4.5895257641448515,41.6915208595579,46.391059039919114,182.40090415568304,10001.82878299999
590,102805.1431212,1,-0.9976030026143485,102.08549425419484,286.6188752254238,8.5070189884323,36.73172745716962,4.756315796757308,40.27532693849021,48.491330810435976,182.67074069976582,10018.273783099998
591,102821.301027,1,0.9871768845470817,107.90754814095894,292.34273733327694,8.894448027316349,32.58251286658586,4.67473701978385,30.146777013729377,44.664788316513224,180.44194303880545,10034.43168889999
592,102838.6267337,1,-0.9935169821663508,101.05421734708082,287.37879102172724,8.262553866394256,36.37752874057679,4.756722106001925,41.047914768571786,46.419363849506816,182.28557946321405,10051.757395599998
593,102855.3090646,1,-0.8786124448438823,69.13414376667632,314.1845819391957,7.951833586724665,44.71045761426006,7.494434278248536,30.0,50.28311996657036,169.3217297607139,10068.4397265
594,102872.3627461,1,-0.9965750333886042,100.54166499716305,287.02696668335346,8.555985146152485,36.57336933247717,4.74421192178187,40.96974156096242,48.77886376748707,182.18969997692693,10085.493407999995
595,102889.1758667,1,-0.9953907321591653,101.5350076625725,286.28505079647454,8.408519190459618,36.12924917585459,4.795371553552349,40.773122934529155,47.9812249225605,182.25088881164504,10102.306528599991
596,102905.3398929,1,0.9790575099940678,101.02356154303246,284.032489340072,8.745580704519467,36.431208772019005,4.780428213543619,40.38789545837224,51.13937160696301,182.11630660266377,10118.470554799991
597,102922.0267702,1,-0.9956657215321463,98.50362236636532,286.8787248827905,8.791521252097196,36.02693558692254,4.564514559533882,38.16620157799238,49.53988380564919,183.11754893771578,10135.157432099993
598,102938.9010169,1,1.010791894186373,60.774768591755475,287.060184770154,14.848921071138527,49.2741031901143,1.0305929369954585,30.0,41.76639538249526,180.7132869709105,10152.031678799991
599,102955.2615973,1,1.0002493770196297,104.26484067350549,271.5108644809367,11.508843413424808,43.911410355001266,4.689110220857487,39.23191396292414,47.96017660066222,188.1846546253745,10168.392259200002
600,102973.1603373,1,-0.9969862346366656,100.54161205211616,288.4145329497814,8.437417612115397,36.66560836133979,4.753926505940111,40.89976398783352,48.81299628237592,182.93378985881805,10186.290999199991
601,102990.174053,1,-0.9856360629307492,97.44458047932403,299.9664645789862,8.138829005866295,36.066075036642005,4.320931185059823,37.02683626821552,46.15503859724872,179.91079733000515,10203.30471489999
602,103006.8350552,1,0.9664158526899813,110.88029545675016,238.6470993666034,6.737378769761008,45.42090796034809,3.534435837827399,37.904882105799715,48.52560686002012,176.4122776657519,10219.9657171
603,103024.3443311,1,-0.9973642434026412,101.26805514771024,287.2357018157919,8.584049750540656,36.510101085699105,4.764861472873105,40.8780396982886,48.171717614977986,182.2861284014271,10237.474992999996
604,103042.0157757,1,-0.7330813170757444,39.63872326562277,291.9762682335158,8.788033398355555,47.06590309460765,4.575619272197634,59.06039128150006,0.0,179.80542746766582,10255.146437599993
605,103058.7805846,1,-0.9969946793959765,101.85719431048688,285.56641801007527,8.521079509900467,36.62493033349609,4.7363814963821005,40.52856476220015,47.10759981919358,182.2462543599336,10271.911246499993
606,103076.8747283,1,-0.997050557487235,100.78130548018096,287.09392142672357,8.54107440556239,36.20075367904124,4.7688058855257065,41.14972738430765,47.97626969974045,182.15847633564508,10290.005390199993
607,103092.9871371,1,-0.9973490290433543,101.00596544267232,287.8497367951758,8.466595846765227,36.56644215580925,4.739076092538115,40.86225397011607,48.2474014601759,182.76586373376273,10306.117799
608,103110.5313445,1,-0.99531350358428,99.05046792905836,284.0499633550221,8.66091987395069,35.9102973474192,4.6497953630101305,38.22484033415762,48.93436186985005,182.07560107462191,10323.662006400002
609,103126.2659567,1,0.9696277874141218,105.38130060526959,285.6548063506395,8.270995317088744,35.92220112888843,4.663697441755756,42.73341053723922,46.9235206270609,182.42754481325505,10339.396618599989
610,103143.7389032,1,0.0009370367298785908,48.64329931608857,227.1741814909143,15.260971000297674,48.1779642972703,3.702928443923552,61.38223269832091,23.54440139381048,168.2219022483584,10356.869565100002
611,103159.2603353,1,0.9902449859999836,108.68516709863705,293.72743230700627,8.918049193188548,33.697108036122316,4.846396785760271,30.0,44.92400584039843,179.8874522663243,10372.390997199996
612,103176.4434488,1,-0.9959472247720538,101.11524959120065,288.08249855169674,8.365227011769731,36.43405180062385,4.769271730421813,40.867054822411134,47.1882064979279,182.55733061100855,10389.574110699992
613,103193.2658234,1,-0.8193945042308587,59.59821228255352,319.70574688168216,7.838415065479914,47.02411585542007,8.591413323732718,30.0,49.98140787492396,162.81586609819936,10406.396485299992
614,103211.0740137,1,-0.997149734329639,100.62921474419156,287.4359088437824,8.535744581600822,36.54758252552024,4.7770812094092,41.056533921916554,49.06599826691506,182.34633114573248,10424.20467559999
615,103227.6580838,1,-0.9967921662620909,101.50154180892493,286.62311461080316,8.473263421882542,36.28419147114424,4.799843353745922,40.7361352753627,48.40145666158353,182.1090407221682,10440.788745699989
616,103245.4582838,1,-0.9971516987551683,101.29253184535371,287.5942121648231,8.639375275053213,36.55997927410092,4.760290173553619,40.345888853642236,50.021059957989394,182.3484848587941,10458.588945700001
617,103262.5958771,1,-0.9973871410289743,99.15223779879685,288.114805689813,8.724748792090043,35.5686789352195,4.7242420235671885,41.64944363945496,50.563787540001776,182.99283324379192,10475.726538999996
618,103279.5664405,1,1.014837345796139,80.83985206851659,287.06698695303317,11.11678517300057,44.33086062425162,2.8237262014560836,30.863669793578296,45.4645721298757,181.23381167896167,10492.697102399994
619,103295.0855688,1,0.9919979430244096,110.4200591573741,277.6545693399438,9.543458749172395,41.378007128426624,5.198730394362802,36.519169853434065,47.26569456887779,189.21001791050372,10508.216230699996
620,103313.3503855,1,-0.9976030026143485,102.08549425419484,286.6188752254238,8.5070189884323,36.73172745716962,4.756315796757308,40.27532693849021,48.491330810435976,182.67074069976582,10526.481047399997
