iteration,timestamp,success,NPV_over_CAPEX,clearance,sp,p_rated,Nwt,wind_MW_per_km2,solar_MW,surface_tilt,surface_azimuth,time_sec
0,11536.3763106,1,-0.5324511421730206,60.61324384502183,346.7455802931313,12.305216638106648,8.395718743743615,5.0545727716297,53.90923015475978,65.03957527528729,190.20517453473434,0.0
1,11552.6202848,1,0.9645449014007537,110.07208815650641,329.6347577594543,9.65221353978999,45.44772295855971,5.249284439074421,103.80921202714323,82.17099479141083,178.620586593163,16.243974199998775
2,11568.5488731,1,0.9365544998859102,38.654154143115534,287.7918886136943,15.795570296059312,42.11802397167048,1.0102853738298547,177.49247183377275,29.268392647265106,161.46402549014343,32.17256249999991
3,11584.4642161,1,0.6892415550319188,36.24775214767422,328.5087150847792,6.206687278288031,27.857328913425825,1.9815206133799332,150.11543967737123,73.30201769622025,207.83031275842805,48.08790549999867
4,11600.8973424,1,-0.8086769216203323,74.637877059298,295.405897853297,13.634765212473328,13.522609784946026,6.51495861881746,111.01026864159473,68.18435297697931,205.40286095677683,64.52103179999904
5,11617.0283769,1,0.9034147492066295,108.79904334936668,286.4959879916887,15.579250997816093,41.52329188285454,9.055350706840077,191.46002844946048,40.55067959680397,209.77547036121436,80.6520662999992
6,11632.5105405,1,0.8338022025468277,97.26575925432465,298.04529680651393,14.452210106172092,15.93660299278353,2.054208638876662,165.07910519079792,73.43217868802935,158.78150933473825,96.1342298999989
7,11649.3520854,1,-0.4534937263442943,14.97574746521736,345.60256235184636,15.208836988433848,33.57499594601562,6.183576532283866,92.92378985698187,3.275283385033724,207.66187681437668,112.97577479999927
8,11665.4104952,1,0.6199609758035414,23.62846808668749,328.11945445666896,5.341738635029875,9.56750987183764,2.987463441846856,89.54997445741049,45.32728546888985,156.055274471338,129.0341845999992
9,11681.3116542,1,0.9406985609516163,31.929136951376925,317.0557289960577,18.77723092992997,35.26882536078737,1.5224584944384878,173.72218092927477,22.56186053566005,176.53884202194473,144.93534360000012
10,11698.1609738,1,-0.721663978127343,61.87879566059168,291.05803832388483,9.671690015003103,42.694752846604054,6.045401969681715,156.0676441598128,4.112684421157496,164.40782446958124,161.78466320000007
11,11714.9946536,1,-0.39086890696504833,48.74481176670582,257.4721915605994,14.506217783738789,37.202870763565535,4.729761894495225,30.259117715642432,30.09615215962514,188.24396406775801,178.6183430000001
12,11731.6420643,1,0.9827987860411139,106.2965730884319,266.3050234693831,15.52744435900513,34.79881500382179,5.008169707469468,56.806717260792844,43.85390409621289,195.32908603552096,195.26575369999955
13,11747.9043303,1,0.8114181888877872,64.40409374128154,274.7027576564038,18.125244972204065,13.46005823228726,6.697798839264704,153.34424042842312,36.163513999128924,168.97062823328054,211.52801969999928
14,11765.2160597,1,-0.8475003571194094,88.90565576421409,331.6370256850265,6.466765127009889,34.216944120326914,3.519844689941853,47.03071714083053,35.7026559597814,166.48283060515573,228.8397490999996
15,11780.3541375,1,0.931292178176382,97.15756843042175,221.34728867240784,14.76174857224606,44.23387260697638,1.1671689479103566,145.76945091891136,85.18522987529963,204.59107064430614,243.97782689999985
16,11796.7864628,1,1.0002073094372061,92.40483057299494,304.85789834795673,18.54065225928996,21.76021683375152,2.8705969332174224,31.512503948343394,30.006754922687975,193.10996536629239,260.4101522000001
17,11814.1053639,1,-0.8915571047105788,78.25919191482068,226.21768730809214,9.342962804538004,29.681793345763104,5.302582022359188,38.20358158901006,47.074520853008835,174.1901487867056,277.7290532999996
18,11830.9621854,1,-0.7677293309992791,55.61937698685866,345.38520870348486,17.612724989415074,20.46432171459955,7.2963576203555665,81.32352975729052,80.4959800393117,187.60452280841204,294.58587479999915
19,11846.6079967,1,0.7061294398655021,117.20165736276635,210.53354836436816,16.24804357674629,5.3532952399063305,5.671033558311963,113.06519675261593,61.13723106349124,172.09988738006555,310.23168609999993
20,11864.1675097,1,-0.2485573103518215,110.50115765163468,306.2885942275474,5.0,9.85554179052929,5.493417725896616,48.60097071632542,53.16201147269877,150.0,327.7911991000001
21,11880.1339097,1,0.8790262157284683,85.20429421218066,200.0,11.162808400023174,25.96732396400943,3.4010115846189346,108.3598498418372,36.46430618652142,182.7217201595127,343.7575990999994
22,11897.7419859,1,-0.772297182235799,65.48907425587676,210.37811517441259,5.0,41.65293194500164,6.397517033032455,30.0,81.34249324365662,192.50957284322024,361.36567529999957
23,11913.773435,1,0.9732304123621011,120.0,200.0,11.397046369669104,38.571063918664656,4.3479817026662255,30.0,22.182914088562168,200.5277059209738,377.3971243999986
24,11931.1992236,1,-0.5879189770644863,71.81241543937553,200.20493882238526,5.0,22.37839036187045,7.147868578332454,66.74958951568973,81.27770170182035,186.78556555127722,394.82291299999997
25,11950.8450661,1,0.9559495690941515,67.11038868991392,200.0,5.0,46.410163228436716,1.0,30.0,51.56741978233288,156.22345169508938,414.46875550000004
26,11968.316939,1,-0.7809827887826668,68.41945779075466,209.55219405894803,8.785674337479662,24.87808227671134,6.999909000926699,52.57981552692449,16.36531017521443,181.31580380825721,431.9406283999997
27,11984.832057,1,0.9439341737542424,120.0,200.0,5.0,35.522354636872045,4.878867188775416,30.0,2.369489528507181,150.0,448.45574639999904
28,12002.2106392,1,-0.6553312877214507,56.53296475153918,200.0,8.173644233908202,50.0,5.4084401249310385,30.0,22.97461190381923,210.0,465.83432859999994
29,12019.0174728,1,-0.3680484898124673,59.95989965416491,280.73027489856617,12.931160873047117,45.79332812271065,9.396190972550897,30.0,49.98165416243283,163.4085409052568,482.6411621999996
30,12035.0890031,1,0.8733023538598352,69.55986733368718,215.48356591594558,8.265572255680251,10.645700442337219,2.206414607524003,30.0,42.934081203723906,184.34127165504648,498.7126924999993
31,12050.9894584,1,0.9769119881743868,81.5654138407304,236.74169826473258,13.488578202398182,21.67971020367787,6.567599764784617,30.0,28.087839293133662,170.3178171697317,514.6131477999988
32,12067.0790006,1,0.9438700746177372,90.55549454848526,200.0,10.127808709615238,20.395664390453327,4.121670924780555,32.69015154177491,50.20105757410015,166.85265344774697,530.7026900000001
33,12083.1771459,1,0.9366800349341916,65.91208116003128,217.4096875818143,17.639120541261235,44.98935156503703,2.212833163444956,181.52701599206853,46.42950899540328,165.66982863060747,546.8008352999987
34,12099.8575124,1,-0.6843670287539908,44.776149737886314,200.0,5.0,32.13056933291027,9.129065446982523,73.77006763251632,24.366608373613175,182.21864420979188,563.4812017999993
35,12116.9252158,1,-0.8474954235800214,85.53060798824865,234.26838990019613,8.231858392742382,30.74006851009355,4.9573144023424085,88.29181010149091,90.0,150.0,580.5489051999994
36,12133.9333143,1,-0.9415724776070231,86.4743685833312,254.13141082236004,7.8289396210940465,41.11186371711166,6.282278455603105,30.0,44.50842606811661,150.56284006405212,597.5570036999998
37,12151.6603464,1,-0.4761625951132225,10.0,285.1838075668164,5.0,26.651928877453187,5.458593477844513,75.84734408849637,0.0,150.84392270346146,615.2840357999994
38,12168.0318607,1,1.0311047999665302,57.17801877323539,329.8841667049695,10.697590437402901,35.44745584671158,2.6461178518889854,30.0,90.0,181.9064755308827,631.6555501000003
39,12185.3712543,1,-0.7169507987054081,80.77015790599648,200.0,5.0,28.691796127139963,5.380079798654877,97.03057599283746,46.091615772134254,189.71099063852776,648.9949436999996
40,12201.8441821,1,0.9639376014239289,120.0,214.1288046082013,5.0,50.0,7.186311865879015,30.0,32.6745051349862,150.0,665.4678714999991
41,12217.7767603,1,0.8948034986522149,73.62752298814867,200.0,10.04644340346904,21.740525128580472,4.746195546380502,85.43216769014536,21.595107830585757,150.0,681.4004496999987
42,12235.0628123,1,-0.7841868911890749,116.74993415874577,257.0722733877878,5.0,41.24957150117298,9.257217618323379,30.0,64.42486964107448,176.66032977185526,698.6865017
43,12251.0863506,1,0.9955643355733874,119.48527858206077,218.28458886325262,13.909877524316212,46.64366025732562,8.830846116130662,30.0,34.94364414548345,150.0,714.7100399999999
44,12268.4692561,1,-0.8571353472313032,78.53255264170576,200.0,6.385864290952149,44.01857914588648,5.360352112692382,30.0,20.855328702741055,172.74574189198654,732.0929454999987
45,12285.5277075,1,-0.7579170610249445,63.081260756103966,259.9114107929197,5.0,38.22880730914301,7.163538392284309,30.0,41.25509660527306,150.0,749.1513968999989
46,12302.4672939,1,-0.748661133723305,63.94667762250387,200.0,5.455025415625092,39.380342272329514,8.994161353156787,30.0,23.702716114882307,150.0,766.0909832999987
47,12318.1686129,1,0.9603912235776362,120.0,200.0,5.0,47.43681272161318,4.8878606640491,30.0,61.50341000851403,150.0,781.7923023000003
48,12334.1600655,1,0.9979608754132151,120.0,233.7243414416601,9.722898347568542,50.0,7.445361041215346,30.0,13.031156714870967,150.0,797.7837548999996
49,12349.7120337,1,0.9696645647482507,120.0,248.27202216613324,5.0,43.872200324316566,9.803553861102113,30.0,59.19228824041311,150.0,813.3357230999991
50,12365.5684471,1,0.9832432868803569,115.654963753539,250.38803286858703,7.322415190561377,35.9221700899175,5.817547526010297,30.0,66.36445420953949,150.0,829.1921364999998
51,12381.498111,1,0.9973188977540077,108.58953591962543,237.26554658490966,11.826389965271169,34.986300548695006,7.07513891395814,30.0,65.58984180702683,150.0,845.1218004000002
52,12398.8612538,1,-0.4169954250639767,81.59564614224276,265.62046222940114,5.0,14.463730411904084,4.318898885926894,30.0,53.09958048655808,151.009425269615,862.4849431999992
53,12415.7824667,1,-0.8342724299745116,94.53739244732816,263.47194144937384,5.0,50.0,3.8584787992807823,149.5364772287087,48.99068279147518,150.0,879.4061560999999
54,12434.3542347,1,0.9156860678713693,98.0776258394735,200.0,7.2548023012980005,36.841688939355365,10.0,71.48751988140145,20.07478126067861,188.19727203148724,897.9779240999997
55,12454.1170423,1,-0.7498381427407553,79.30323693122409,253.22994961950678,5.0,37.73301071430889,8.179046785415084,30.0,4.155776437892932,150.0,917.7407316999997
56,12474.56838,1,-0.8443906599172943,103.3545455772327,302.59576243898,5.0,50.0,4.6852566594921,66.63166407097202,60.2390790728602,153.4395627874511,938.1920694
57,12495.310454,1,-0.8118589141473439,40.732186112204936,262.39458748881265,5.0,50.0,6.702927931267363,93.02896926077639,12.503000801042148,150.0,958.9341433999998
58,12511.508918,1,0.9880349751755683,105.89854712196066,216.42530613576503,6.317955905422745,50.0,5.97939389111253,30.0,90.0,156.2798081203958,975.132607399999
59,12528.4744577,1,-0.7956180344801808,62.969234023784026,205.6509809360418,5.0,50.0,6.750679533713464,41.03138577909985,36.91857468191279,150.0,992.0981470999996
60,12544.4276056,1,0.9618704204371603,120.0,202.42972194619324,5.0,50.0,6.73518711262622,30.0,48.43925078541008,150.0,1008.0512949999993
61,12561.4589198,1,-0.8671968839910879,69.60734455570261,300.20857883298913,6.820974193036499,50.0,8.694437612201837,30.0,40.60308628373953,150.0,1025.0826091999988
62,12577.4759735,1,1.00438232850164,120.0,277.51554110481794,9.082783776235175,40.781754376873295,8.297742015691698,30.0,8.644068673528551,150.0,1041.0996629
63,12593.2028915,1,1.025021486227314,103.04747642320436,280.6519464978601,10.866470063179113,47.361547206396494,10.0,30.0,58.956422988683876,150.0,1056.8265808999986
64,12610.2435433,1,-0.6346261843120939,86.3505183256633,286.6588553396967,9.802606063270083,50.0,5.319278381976093,30.0,28.726132260991413,150.0,1073.8672326999986
65,12627.0237741,1,0.986353516703638,118.9179610913829,285.4639026519754,7.546756770783972,33.76410258829784,8.492339631181242,30.0,43.57124125700984,150.0,1090.6474634999995
66,12643.8502218,1,-0.8548808590214253,62.073175224796024,239.95746743031933,7.090928713726213,50.0,4.482897560507885,30.0,71.9246769619121,150.0,1107.4739111999988
67,12660.7819182,1,-0.9288628236857098,98.3156912411972,241.05329679678076,7.075161118918853,44.6893784117279,6.480803645848528,30.0,73.94682618911703,150.0,1124.4056075999997
68,12676.8130231,1,1.0099649138515951,120.0,272.32835906287227,9.318125672005735,48.13073561611325,6.052958851659652,30.0,51.49270973621679,150.0,1140.436712499999
69,12693.5682198,1,-0.7315868747504317,85.00293431150456,230.49942633708184,5.0,36.2811070436373,9.34527869320177,30.0,55.75146040829122,150.0,1157.191909199999
70,12709.9586507,1,1.0088364912547225,112.97290628089786,273.3400252436685,7.634785594620181,50.0,8.693559771118567,30.0,60.45627966974923,150.0,1173.5823400999998
71,12727.1586188,1,-0.8460332491329345,102.22854825821217,278.8696552541889,5.0,49.75864720764588,7.172288712747584,30.0,55.895100703200804,150.0,1190.7823081999995
72,12744.278364,1,-0.6168284827009638,86.39254942069874,300.45846574877737,5.0,24.481978426648702,4.4343802551975315,30.0,34.756379400171596,150.0,1207.9020533999992
73,12760.8109535,1,-0.7548016678217574,97.87144296843954,272.3653989555426,5.0,37.06726155797613,8.958780848405276,30.0,48.139575399215126,150.0,1224.4346428999997
74,12776.853974,1,0.9555089805193465,101.48173157739697,223.24336345564996,9.306118223671607,41.92723488480925,1.9912783250293162,69.61063210430115,44.96321568117522,150.0,1240.477663399999
75,12793.8375746,1,-0.8497086683438697,87.58929719516395,265.84196797300115,5.0,49.5732310191477,5.825102935772754,30.0,0.0,150.0,1257.4612639999996
76,12810.5259149,1,-0.8126297289415779,53.115082161907246,251.6532783275801,5.0,48.78880093506352,8.255084163913354,30.0,34.02839351847383,150.0,1274.1496042999988
77,12826.7128551,1,0.9467682606929866,120.0,238.0745592642424,5.0,50.0,7.246263800579562,67.18001127686185,79.96983392367532,150.0,1290.3365445
78,12842.5694406,1,0.9861988533937172,99.41268054380464,200.0,6.414007947839096,50.0,8.535047205685968,30.0,89.96812936940017,150.0,1306.1931299999997
79,12859.7725389,1,-0.8137674874071407,65.55150673162521,225.28647384909038,5.0,50.0,7.013241049955366,30.0,50.24428610745755,150.0,1323.3962283
80,12876.6221189,1,-0.8822238681433016,90.11414389134924,217.1943359819416,5.848698664343449,50.0,6.1290196749852495,30.0,58.65945953445868,150.0,1340.2458083000001
81,12894.0174443,1,-0.8065155062052792,75.93092170349476,315.1002296016914,5.284057029872279,50.0,7.810125365405662,30.0,79.73266025005648,150.0,1357.641133699999
82,12910.2894489,1,0.9987325821823033,100.13645494842044,235.32410016872308,7.4041340914662985,47.43298603840796,3.400960623189211,30.0,90.0,150.0,1373.9131382999985
83,12927.5343296,1,-0.8606342610539887,82.37311406020855,238.7732588007229,6.26959033957771,47.52138951273032,9.88396359706277,30.0,87.70141611979786,150.0,1391.1580189999986
84,12944.4568973,1,-0.8885011850747262,95.86183829971407,254.66270974566703,7.328895800856062,47.293726727455436,8.14057650849288,30.0,90.0,150.0,1408.0805867
85,12960.3912383,1,1.0049734104311954,107.98229954289494,285.87621665482476,8.674696250252804,37.82320829336682,4.676014626849853,30.0,63.56839309096015,150.0,1424.0149277
86,12976.4411318,1,1.0081135084282953,120.0,262.6208364863838,7.984878262792854,50.0,4.086058075879187,30.0,90.0,150.0,1440.0648211999996
87,12993.874826,1,-0.7195279437892528,45.94199337711475,216.43063599009315,5.0,33.19088798328285,4.747085512685162,30.0,90.0,160.46466572500165,1457.4985153999987
88,13010.861895,1,-0.7799949030002469,120.0,283.6545685138262,5.0,38.637353033539135,5.582195206997539,30.0,81.50202721892664,150.0,1474.4855843999994
89,13026.9105173,1,0.9747573591526678,67.98612454217796,241.24685046500696,5.0,35.21083736175119,2.192094010441839,30.0,90.0,150.0,1490.5342067000001
90,13043.1011844,1,-0.8732840074508573,100.65203525890693,257.79140649068273,6.9966158894884805,50.0,9.231120633809567,30.0,87.56003436270471,150.0,1506.7248737999998
91,13060.4068304,1,-0.8336776941373227,94.49062871937494,296.8176315961678,5.0,50.0,7.2236043306769036,30.0,66.82417677591258,150.0,1524.0305197999987
92,13076.1117822,1,0.9636153236279187,116.70267987204053,200.0,5.3518863839394495,50.0,4.570892210074855,30.0,42.74436124572878,150.0,1539.735471599999
93,13092.9222785,1,-0.8777215120600518,100.74621828270466,273.0115887608293,6.314125996921663,37.94521467522463,6.027523666944376,30.0,90.0,150.0,1556.5459678999996
94,13109.65253,1,-0.8717864819446788,102.73438886870858,240.82487132838486,7.043347171202598,50.0,6.710198855892159,30.0,90.0,150.0,1573.2762193999988
95,13125.403836,1,1.0113962924356243,109.18230899734115,268.1539956888498,9.002324907615378,50.0,5.043734378078373,30.0,0.0,150.0,1589.027525399999
96,13142.7128122,1,-0.7709605226759516,88.79255403222422,200.0,5.0,46.63065967104886,9.298536972332423,30.0,59.84813937141705,150.0,1606.3365015999989
97,13158.776073,1,0.9843505320773026,120.0,230.8989564752987,5.508901503818782,48.27429126458971,7.42545664039573,30.0,90.0,150.0,1622.3997624000003
98,13175.9511563,1,-0.9367110022002315,95.64521394773405,269.22259758870484,6.583774821476439,46.58291552308016,7.037664465418972,30.0,60.15042065559213,150.0,1639.574845699999
99,13192.6518926,1,-0.812718697201077,98.4105160699135,256.2838392545478,5.077551732573529,43.6639870956886,7.10417546890175,30.0,90.0,150.0,1656.2755820000002
100,13209.3179745,1,-0.89866847930171,83.9450742637615,335.5080348745327,6.395466293523228,48.057755065784384,6.449064817434754,30.0,66.51247829025893,150.0,1672.9416638999992
101,13226.2074672,1,-0.8843147691838198,107.39377897237526,264.5227786756285,5.398378148105262,48.14484424179422,5.504233362595184,30.0,64.05416992506414,150.0,1689.8311565999993
102,13243.4121641,1,-0.8625989934697841,83.82217362905612,263.40711383648784,5.462504138921466,50.0,7.3529797898988285,30.0,90.0,150.0,1707.0358534999996
103,13259.478118,1,-0.8493176848340086,102.03164879608286,281.4703870003645,5.0,46.29904514120038,3.7522006761791364,30.0,49.075087487757095,150.0,1723.1018074000003
104,13276.216436,1,-0.8111209308593477,100.69521819164294,257.58318448572874,5.0,44.760640972397056,7.232202252928622,30.0,90.0,150.0,1739.8401254
105,13293.7085316,1,-0.9143766547808954,86.67136069437143,274.8130595423053,5.82435710499177,50.0,5.4097865529117914,30.0,67.28060587101854,150.0,1757.3322209999988
106,13309.7813296,1,1.0071466782797642,120.0,277.18454046243585,7.360422878558984,50.0,8.657767181899306,30.0,66.00566102961183,150.0,1773.4050189999998
107,13326.9540365,1,-0.8677750673926046,120.0,315.4014646873546,5.456032928303805,44.816282616317686,4.1854668685663174,30.0,60.534154884047894,150.0,1790.5777258999988
108,13343.8546792,1,-0.7608905122698335,119.40102959503484,269.12276583170774,5.0,35.83085103470494,5.934546906672715,30.0,68.7570034573489,150.0,1807.4783685999992
109,13360.3993631,1,1.0218307914319122,67.63454772328716,291.852476609839,7.498003170589963,50.0,2.441471405253546,30.0,71.16403215859299,150.0,1824.0230524999988
110,13377.297637,1,-0.8633415118165476,83.41418482514354,269.83206889422297,5.740709319912705,46.733727592924076,8.265291034640475,30.0,67.02543390388988,150.0,1840.921326399999
111,13394.3734709,1,-0.9073618950867685,92.32788466920769,293.46278329235486,5.842224454899662,50.0,6.944443074679297,30.0,63.2831343152627,150.0,1857.9971602999995
112,13410.4977146,1,0.9837207191131115,105.14010381983655,200.0,6.6741146436738905,50.0,8.861541329704833,30.0,81.64788152762732,150.0,1874.1214039999995
113,13427.7384292,1,-0.8692599250904518,95.71996904640476,267.4245762759559,7.441743891698195,50.0,6.489070393796601,30.0,54.84580379660954,150.0,1891.3621186
114,13444.6976277,1,-0.8659421990024551,102.38615315763309,278.22365210634723,5.520575994399685,50.0,9.56702202884736,30.0,63.70299921264794,150.0,1908.3213170999989
115,13460.6805195,1,1.0085101121404465,105.99180799259344,271.1492410314846,8.97907096968489,45.50082112381111,6.036267936441364,30.0,20.64409226483602,150.0,1924.3042088999991
116,13477.9034698,1,-0.8054203444336825,116.48113493691582,257.65822324182255,5.0,45.34246629333295,8.11939172803002,30.0,74.53533489317655,150.0,1941.527159199999
117,13494.0580968,1,1.0073767598112089,120.0,282.90560570509217,7.006160331604825,45.10486177225492,7.293708913449983,30.0,87.221100316133,150.0,1957.681786199999
118,13509.7693805,1,0.9654269878011176,120.0,360.0,5.0,46.84845685088672,8.928534534947877,46.31539345366471,28.499767426026903,150.0,1973.3930698999993
119,13526.4763622,1,-0.8468074379376812,110.00251460396035,276.7948704263642,5.553025989857,40.92565632128013,7.113050024769383,30.0,61.928358742064205,150.0,1990.1000515999986
120,13543.902394,1,-0.9069356694314891,84.14288494975943,337.37478231260945,6.9140918765576345,45.6328810564476,7.491472311814913,30.0,57.26394502495034,150.0,2007.5260834
121,13559.6301218,1,0.9925479771904545,119.88359162158942,240.51327272726104,7.797357018885,47.04394207234965,7.374210559460376,30.0,55.110344139720375,150.0,2023.2538112000002
122,13576.7967308,1,-0.8962338671165553,91.61539643441898,288.44092765132683,7.0325048909263845,50.0,8.940159520897359,30.0,56.471304834817886,150.0,2040.4204202
123,13592.8080509,1,0.9758610405394866,107.31614541442858,285.2010750396642,5.154653153855344,46.071856780194814,1.6445688243750585,30.0,55.268905348338826,150.0,2056.4317402999986
124,13610.0349547,1,-0.8292198260137635,98.06318077210437,264.1402484349399,5.153865394518221,44.877662905841575,6.656489633863657,30.0,90.0,150.0,2073.6586441
125,13626.8977185,1,-0.8287493674035037,84.76066065474629,262.56692311518066,5.165266085974643,50.0,9.060865983399108,30.0,68.2543075760244,150.0,2090.5214078999998
126,13644.4279669,1,-0.9328661545975,98.81223975032222,276.76203023489165,6.301067479183045,50.0,7.657092442080285,30.0,41.16599677972335,150.0,2108.0516563
127,13660.6194584,1,1.0112260666115636,112.46966617297218,286.98869104524164,8.210350509620383,50.0,4.452337266453322,30.0,43.37077098303223,150.0,2124.2431478
128,13677.462126,1,-0.8262340255883409,65.10061465189395,261.1695970033123,5.828956878599716,44.33300160101295,8.170552392832386,30.0,51.33814323916676,150.0,2141.0858154
129,13692.8939708,1,1.0102239462679283,113.41336326398351,263.945274549826,8.541696593354168,50.0,10.0,30.0,59.92468214610595,150.0,2156.517660199999
130,13709.8331386,1,-0.9424192445111813,98.38382020560626,274.9567784679268,6.417517021102347,44.84996186112946,5.092204059493895,30.0,52.795404550756146,150.0,2173.4568280000003
131,13727.0019608,1,-0.9304731491935875,96.76659509977439,254.84828336123644,6.73957332959362,43.636770423902114,6.9985561369428435,30.0,54.89913030947385,150.0,2190.6256501999997
132,13743.8470775,1,-0.8725924556198807,77.39018406162512,307.4824502855954,7.258195849040511,50.0,7.809103202169835,30.0,58.58142777467842,150.0,2207.4707669
133,13760.4975698,1,-0.8403585093204948,92.79029864362127,267.7232376976812,7.68393863723342,50.0,7.379610556614218,30.0,35.816890134195425,150.0,2224.1212591999993
134,13777.6949348,1,-0.9204287933043008,89.36281459251383,289.4712332409284,6.577395713533683,45.178668973846015,8.155255804171677,30.0,44.02855045382494,150.0,2241.3186241999992
135,13794.9180154,1,-0.7904153934567139,83.846491760668,268.3004165475622,5.0,45.31309611296935,8.392765763506457,30.0,84.84550378484353,150.0,2258.5417048
136,13811.8081502,1,-0.9401909451998656,83.06645183769994,302.9825739088461,7.168222206045273,44.88553508380393,6.205563622247784,30.0,58.969103067172,150.0,2275.4318396
137,13829.2705399,1,-0.947035407046836,98.20804692566281,302.38244055711965,6.893596514390113,46.17674391133801,7.175619504400288,30.0,74.70727705685385,150.0,2292.8942293
138,13846.3839833,1,-0.8308980517448773,120.0,312.1620020110123,5.376023542204658,50.0,10.0,70.23442294215779,63.23462488559565,156.1658737653541,2310.0076726999996
139,13864.1619934,1,-0.9115303667880376,112.19287133397644,282.2085793432554,6.301951805143113,41.82023081814691,7.072400823764092,30.0,46.09252219277665,150.0,2327.7856827999985
140,13880.9543381,1,-0.9524092011918444,106.47743859916133,330.19129955108247,7.187924940777379,45.42074672419645,7.509759544667755,30.0,59.907183446218156,150.0,2344.5780274999997
141,13897.9980212,1,-0.9419016954816064,107.37398025373356,329.18913349836237,7.315359240004249,46.317014157216505,7.941583458902068,30.0,56.125840911144564,150.0,2361.6217105999986
142,13914.8869516,1,-0.8950678238965007,105.62028408794373,319.78436054452646,7.793068347583584,48.687687712286035,6.1375218570721675,30.0,65.96149522901824,150.0,2378.510640999999
143,13932.2537079,1,-0.8436429124616133,105.06120088145057,309.56994288469684,8.449494565580494,46.0959999299491,10.0,30.0,90.0,150.0,2395.877397299999
144,13948.7363201,1,-0.8465461593394545,96.80599631653807,307.7804254457184,8.443191137159292,47.33883337009363,6.422045194470167,30.0,82.69134313614272,150.0,2412.3600095
145,13964.7334281,1,1.0274896535101614,112.96164955047644,295.78234579747914,8.66967553504465,50.0,9.660843215596572,30.0,84.3949984197367,150.0,2428.3571174999997
146,13982.4007881,1,-0.8994206065328534,85.84779046931548,287.01765158677085,5.897728630910069,48.24680883655424,7.06052973592173,30.0,39.020294503753924,150.0,2446.024477499999
147,13999.0892821,1,-0.7366363562208111,96.357142821865,279.97241352231424,8.780952829256002,50.0,5.48559434976205,30.0,89.59147591016716,150.0,2462.712971499999
148,14016.4539266,1,-0.8852654358156711,108.45271081826834,317.5031817376928,7.597864234590899,49.28206864272237,8.006274434033589,30.0,84.67232036843417,150.0,2480.0776159999987
149,14033.2565483,1,-0.8302788103448816,108.51023649151333,275.81421375127314,5.386322013770127,46.95838942004379,10.0,30.0,85.2038259509679,150.0,2496.8802376999993
150,14049.8103236,1,-0.9436090277327245,106.23436550780896,321.77169960191,7.93219316543599,45.00626807319446,3.8312581510887873,30.0,55.45610157043091,150.0,2513.434013
151,14066.5252446,1,-0.9533619084545361,101.07471847283281,337.4199254221609,7.570170755884732,43.449650742487826,7.343918024810569,30.0,58.34520206023842,150.0,2530.148933999999
152,14083.7249795,1,-0.8599404111064163,81.80143685490513,353.860632567968,7.55365560612973,48.91193610472337,7.108469634556017,30.0,74.76899141212809,150.0,2547.3486689
153,14100.8079109,1,-0.882878307227313,99.41496851271214,290.4303234507386,7.784439087376228,47.618778734463476,7.575875405824376,30.0,90.0,150.0,2564.4316002999985
154,14117.6406303,1,-0.939749304169641,82.47008716282893,326.73622805568556,7.237973629208098,44.33040563393672,5.37500280335886,30.0,46.66773035786287,150.0,2581.2643196999998
155,14134.7607142,1,-0.8698253756377824,74.93090792885779,329.27272566511584,6.803752616495426,45.57983201766651,7.771553280318223,30.0,90.0,150.0,2598.384403599999
156,14152.1078164,1,-0.8482028485610772,71.65771713107004,327.7288600917767,8.151940894594528,45.97573002246113,7.111337289916989,30.0,81.30979082382176,150.0,2615.7315057999986
157,14169.4864353,1,-0.7538165084514828,72.69924877019487,262.8910826743177,5.0,40.31658979822248,6.887399346550479,70.80922500396952,76.86276278143048,166.01453901905012,2633.110124699999
158,14185.1761169,1,1.01564026891335,112.76470924708596,285.16722883523187,8.001976017961567,49.215009335053715,8.986941513205371,38.652865050042706,90.0,150.4740137707494,2648.7998062999995
159,14202.0654488,1,-0.9454805478099717,89.12263130777399,299.9989022335736,7.245483215840395,44.937827913719644,7.147677114636279,30.0,39.30434516212158,150.0,2665.6891381999994
160,14217.769572,1,1.0223440269217865,116.04834695852114,343.73762431213936,7.867215288644261,43.88804958600406,7.397645712272727,30.0,58.67048502592416,150.0,2681.3932613999987
161,14235.1555455,1,-0.8807199465898619,86.49374501392433,360.0,7.089895477139868,42.46008046489932,8.043334925915723,30.0,57.31154540126816,150.0,2698.779234899999
162,14251.5367783,1,-0.9163161330567655,102.37926299783337,360.0,7.919825102081106,45.83017423921653,6.210777135504673,30.0,59.788685137647875,150.0,2715.1604676999996
163,14268.1393321,1,-0.9218061324561279,102.32773690806205,340.228372638137,8.12959465191353,42.64855820531479,10.0,30.0,55.905915102321245,150.0,2731.763021499999
164,14285.1542201,1,-0.8891817640398669,105.74153403549181,341.2141652835156,8.704757591784729,44.379188244398044,6.852092550640075,30.0,77.60814778295776,150.0,2748.7779094999987
165,14302.1580629,1,-0.9773349038884759,103.0787330609318,328.97123460168376,8.085564458755183,41.388959410989536,5.5659642662420765,30.0,63.259542412344246,150.0,2765.7817522999994
166,14318.1562625,1,1.037360912174313,111.65885801208458,360.0,8.467669678479215,43.53863600973553,7.1120968429245845,30.0,78.57576053376992,150.0,2781.7799519
167,14335.0676252,1,-0.8940911408580955,87.984594316863,360.0,7.733479811077753,41.51433254295839,9.321371429894628,30.0,55.84548717490571,150.0,2798.691314599999
168,14350.6776072,1,1.0351395972164985,118.68226456694381,360.0,8.539911155101146,47.468052793733705,6.481709962334754,30.0,64.24911096480798,150.0,2814.3012965999988
169,14367.3971042,1,-0.9161489026416733,100.0489627987237,360.0,8.33122282476208,42.96728127488477,7.855527326122616,30.0,58.75684137715659,150.0,2831.020793599999
170,14385.479674,1,-0.9357255690273237,106.053530703355,360.0,7.889057196400499,44.768460682195695,3.5964632008345934,30.0,58.17788760484726,150.0,2849.1033633999996
171,14404.7892461,1,-0.8730566912892544,56.71956013173017,341.5802150957276,6.124894911950885,50.0,4.671635934166577,30.0,32.48611320802773,150.0,2868.4129354999986
172,14420.9650402,1,1.022672950760761,120.0,360.0,7.725361356758783,42.23472734759656,7.215000068731593,30.0,64.56938165362796,150.0,2884.5887296
173,14437.0308822,1,1.0355164866387399,103.10271602794123,360.0,7.581911162766259,45.816228664471126,7.273472416526916,30.0,73.0136761181935,150.0,2900.6545716
174,14454.3688804,1,-0.9688626359994812,111.95039612428586,358.8113898680946,7.900644028125951,42.24255040605665,3.87255419324913,30.0,57.75579118275732,150.0,2917.992569799999
175,14471.8968098,1,-0.8641480734235555,80.15612798723978,360.0,9.287538298522428,40.83109441328161,7.063544739014905,30.0,28.678695677684296,150.0,2935.5204992
176,14488.0106822,1,1.0268658476538626,120.0,349.05968217603953,8.553654185220113,44.92014522503709,7.666389462173708,30.0,47.86455548856759,150.0,2951.634371599999
177,14504.3049473,1,1.0082947045824007,69.85742357544424,360.0,5.0,44.68241264204805,7.68845969768501,30.0,49.65571797467182,150.0,2967.9286366999986
178,14521.4402127,1,-0.8436743962561037,97.00046337045399,292.1767961545825,8.774214986398391,45.501053864970366,4.713324571392801,30.0,69.18196247431935,150.0,2985.063902099999
179,14538.4943509,1,-0.9259053124595592,95.05689887139515,310.4047304305759,7.872725289271712,44.50473202285595,7.631328396027522,30.0,78.06002726445959,150.0,3002.1180403
180,14555.870537,1,-1.0002649749868135,108.46247487086467,321.74831622758273,8.457089035542719,37.783249040470096,4.163747370666584,30.0,60.314805830646726,150.0,3019.4942264
181,14571.6191719,1,1.0081158060581772,83.69125316398241,324.3391958781346,7.226080251967459,39.57232172080738,2.2489899001107116,30.0,61.84228503303472,150.0,3035.2428612999993
182,14588.533821,1,-0.969908612084834,101.3385357121428,331.2768412924846,8.164153437857438,34.57085704242323,4.819549770126307,30.0,56.63614395822482,150.0,3052.1575104000003
183,14605.5370126,1,-0.9240927581309006,101.56990672429393,354.1338345164676,7.883037480008601,37.91859660356046,9.372627205564264,30.0,54.32334183474419,150.0,3069.160701999999
184,14622.8945773,1,-0.9701473531244356,109.21946024841432,333.36364419038944,8.20022600697748,41.98996380149357,4.253873099511549,30.0,72.97468922911058,150.0,3086.518266699999
185,14638.7945091,1,0.9957262838151126,120.0,360.0,13.546671964759488,46.41709317208483,1.0,72.6838342814348,25.725680832396215,150.0,3102.4181984999996
186,14654.5336084,1,1.040576918822105,117.45860769631267,360.0,9.829399828999389,38.669621055994156,6.764564234221488,30.0,90.0,150.0,3118.1572977999986
187,14671.5141067,1,-0.9311428773249287,98.62480437785237,360.0,7.859659448316955,36.578626375887026,3.2684396483796085,30.0,52.39284121209237,150.0,3135.1377961
188,14687.7825644,1,1.0072009668530477,120.0,355.3731608958646,8.035439933844552,34.3874987927436,5.50004793711026,30.0,52.98105453149124,150.0,3151.4062538
189,14706.6321044,1,1.0328913820222547,99.88053048244075,360.0,9.804090537525198,39.74756794322634,3.882899971590554,30.0,46.98049047995412,150.0,3170.255793799999
190,14723.7049322,1,-0.9244872230675996,104.04522988934883,347.4132796662858,8.209218002739608,44.230852125225496,6.747483408042076,30.0,70.37812157221853,150.0,3187.3286215999997
191,14741.6666486,1,-0.6255736054408245,67.5213198110779,334.66530556352205,10.15213849769732,50.0,5.3101896053027335,30.0,58.482440766231555,150.0,3205.290337999999
192,14758.859839,1,-0.9882641565986351,103.4928046241634,311.0472451482572,7.9987751471298045,37.683340261058966,4.299218458460624,30.0,58.67959773144189,150.0,3222.4835284
193,14775.0529766,1,1.0309038706149276,105.11396586902276,360.0,7.809600047677801,44.67750008655483,5.819733088613143,30.0,62.73186417690877,150.0,3238.6766659999994
194,14791.0057443,1,1.0185715154668116,120.0,338.4744913744111,8.465298398194472,39.312096550865675,5.229500843571384,30.0,69.35733134689676,150.0,3254.6294337
195,14807.4853246,1,1.018371027207155,120.0,336.3900232359947,9.27479469554016,38.82699081092166,6.013970300610731,30.0,12.13210649776562,150.0,3271.1090139999997
196,14823.1871204,1,1.016430000010244,118.1955820294346,337.9451866209384,8.448266543215402,43.185078439890546,3.6473223753768966,30.0,43.019524507609525,150.0,3286.8108097999993
197,14839.674748,1,-0.8444151245073686,73.53908606068653,343.2672318171482,6.630625811530117,43.33160858510479,7.149199755394817,30.0,67.81087881320245,150.0,3303.298437399999
198,14855.5402226,1,1.0157997553884521,98.4483893852996,360.0,8.32641732181107,36.06164733178615,2.928111443006308,30.0,53.28527506853568,150.0,3319.163912
199,14873.0050507,1,-0.9214396089095597,98.53076716433429,335.57375932344365,8.431547864222017,43.55659177726518,5.866082410740709,30.0,78.35871637738273,150.0,3336.628740099999
200,14888.8876117,1,1.0311845934128039,120.0,360.0,12.808566078191234,50.0,4.799621709416581,47.22103399609509,49.505873077878505,178.133638916035,3352.5113010999994
201,14904.7536674,1,0.9861818997829231,120.0,301.05307691985945,9.187871522546693,35.00632571143505,1.0,30.0,61.38874021452034,150.0,3368.3773567999997
202,14920.5202898,1,1.0033346212837981,115.39599366716249,304.22072277776675,8.68335569595055,35.429475002638824,3.922917229119856,30.0,62.22037292552929,150.0,3384.1439792
203,14936.3298081,1,0.9876319885539488,117.16903849079135,321.86114472404296,8.729338382915333,35.294066821695445,1.0,30.0,54.41609251062746,150.0,3399.953497499999
204,14952.3044802,1,1.0009963189153024,110.97709638488558,312.07295217220695,8.268188027693832,37.75554544231915,2.6220215404619247,30.0,46.04120167055143,150.0,3415.9281696
205,14968.3646659,1,0.9761041468313162,117.86970897927716,360.0,6.853471354675132,44.497397456447246,2.5278301524248445,60.7410365748035,62.070452166409524,150.0,3431.9883553
206,14984.4975806,1,0.9860326680679614,114.71175433770884,301.62024572326743,8.09066697046633,33.81893373881207,1.0,30.0,82.70097980538549,150.0,3448.1212699999996
207,15000.6974694,1,0.9871418578634313,107.20029429706368,292.5156248385569,9.334813698738497,35.84942995485264,1.0,30.0,52.71171667648399,150.0,3464.3211587999995
208,15016.6357536,1,0.9889884281033957,120.0,330.5613523051377,8.786625899314423,28.340447949397156,2.326062012707351,30.0,51.911322377904845,150.0,3480.259442999999
209,15032.8250739,1,0.9987094348774133,111.24605375135503,340.4589119003929,7.393192145210026,37.6898610581712,2.094162889862664,30.0,52.21919198544669,150.0,3496.448763299999
210,15049.3986664,1,1.0029290348918771,112.87819460045958,313.2804264119212,8.58096138087689,30.220383667930314,5.975535174618635,30.0,75.3690779760234,150.0,3513.0223558
211,15065.6072906,1,1.0293738623940054,112.12559903893754,305.4667999282434,11.719646256777562,42.997464150574345,4.43613845477296,30.0,77.2808864799162,150.0,3529.2309800000003
212,15081.814743,1,0.9999136583180405,98.45978145647837,291.86743118690583,8.650763518620828,35.34046347306208,2.6735923525483822,30.0,56.8990167413867,150.0,3545.4384324000002
213,15099.2968713,1,1.0037513839897394,109.10519496980146,319.65757167344907,9.003261754180574,32.938225382461965,3.0928826951782358,30.0,56.477979698652,150.0,3562.9205606999985
214,15115.635275,1,1.00687552645715,103.51636813765847,288.47184909223625,8.772524692836585,37.5271249661305,4.940707672705631,30.0,60.982191338395594,150.0,3579.2589644
215,15131.6306626,1,0.9798013085323637,120.0,295.4652575531616,7.367168934397179,37.11017248610197,1.0486908461531268,30.0,67.2987326601737,150.0,3595.254352
216,15147.3420448,1,1.0040351213128473,110.96976272781927,316.866442397723,8.404843597676397,35.61701250403828,2.456022785826733,30.0,69.39575308982171,150.0,3610.965734199999
217,15163.7495365,1,1.0135295879090658,120.0,281.08562348218277,10.867523841667367,40.98064090539222,5.254682899818542,30.0,65.84905302031092,150.0,3627.373225899999
218,15179.8809929,1,1.0049185964943566,118.06994256428045,360.0,8.14418589492995,33.5733045330466,2.8885520499615374,30.0,59.501468846487086,150.0,3643.5046822999993
219,15196.0232224,1,1.013420513554738,111.30307190817291,319.78317053441356,8.770322653587458,42.06417013865882,2.619024453609471,30.0,57.99598134106511,150.0,3659.6469117999986
220,15212.3417098,1,1.0014500102080275,120.0,336.22110004061403,8.786442465383846,50.0,1.0,30.0,57.03894831544651,165.23907337981566,3675.9653992000003
221,15228.1096623,1,1.0134843519237582,120.0,329.633887192337,9.869960610392392,36.30873027923349,2.935120725695799,30.0,59.51422806552182,150.0,3691.733351699999
222,15243.8358408,1,1.0162202693959987,118.0380267055219,330.59483524912713,8.407227513027582,41.322586088718765,3.90457317801115,30.0,64.51292645672012,150.0,3707.4595302
223,15259.2791406,1,1.0105570202181262,119.0539124339096,303.84613889656947,9.00718907421739,39.60604954777297,3.8603708004174315,30.0,67.07122634848676,150.0,3722.902829999999
224,15275.7079581,1,1.002015826932333,106.85297739712581,301.4407222582332,8.544446153421726,35.44965284655735,4.581518729374767,30.0,45.88296696438964,150.0,3739.3316474999992
225,15292.4898113,1,-0.809342327622227,96.4690375864591,308.30886770273935,5.753003591568518,34.69671849313396,3.7684820191338844,30.0,81.83278357718373,150.0,3756.1135006999993
226,15309.6506376,1,-0.9356372758429977,103.25616463122228,303.52417256633305,7.282941204687487,34.643593055701494,5.057021679240683,30.0,28.964966935778776,150.0,3773.274326999999
227,15325.807073,1,1.008682594174221,113.61877572847092,323.77628102614136,8.169100034969768,35.648600152098965,5.813634828267252,30.0,64.80044558525907,150.0,3789.4307623999994
228,15342.0917101,1,0.9803633624225101,107.65516156182552,299.6882357916935,9.042830366658048,26.02029797508456,1.3312688783186468,30.0,70.32180424860252,150.0,3805.715399499999
229,15358.0805874,1,1.0009017106856133,112.79900937940644,305.1514526134885,7.978712629557875,36.777391681329775,3.8248108897991173,30.0,59.612168361749625,150.0,3821.704276799999
230,15374.1832756,1,0.9804704128064515,107.60176978308264,307.64555300047385,8.602856190367671,24.376497066033384,4.593531617895968,30.0,53.059203208473456,150.0,3837.8069649999998
231,15390.2471388,1,0.9853707831049926,120.0,294.09189087563846,6.927705019022291,35.94122666265944,3.4437970850276383,30.0,58.23809827527553,150.0,3853.870828199999
232,15407.289917,1,-0.9624636475981622,97.90220804607057,289.25297495102075,8.620140900454839,39.400608929836075,3.8226911080356514,30.0,62.014497163977836,150.0,3870.9136063999995
233,15423.3487385,1,1.0037356855505462,109.81665277300516,301.55402473127543,8.916817051811135,35.04142813697425,3.7828724416414152,30.0,57.79031921849385,150.0,3886.9724279
234,15440.179519,1,-0.9911819891615367,101.98477977711488,318.9192834494765,8.511715442290686,37.13947161951407,3.541660304094433,30.0,55.841046579591726,150.0,3903.8032083999988
235,15456.1638089,1,0.9984540620004563,120.0,333.5089351816049,8.555123264964264,37.28393171668676,1.0,30.0,86.02484345546301,150.0,3919.7874983
236,15472.9076394,1,-0.9930535931970144,106.45444425603372,306.18028568877247,8.410123651692885,36.00311639505772,5.344338257039206,30.0,67.3691831528821,150.0,3936.5313287999998
237,15488.8965024,1,0.9866400370866679,120.0,249.8501680104925,9.919853056542912,31.812585192676707,3.51011747935367,30.0,61.66816355227559,150.0,3952.5201918000002
238,15504.7206463,1,1.0159672852321775,120.0,360.0,8.743714026559072,35.4363856983618,3.7401874906709542,30.0,64.31056705316752,150.0,3968.3443356999996
239,15521.1221649,1,0.9892267310724878,114.60408205776699,315.63309415602873,8.608665896842933,34.67281525285421,1.2397206006477761,30.0,52.21031644974338,150.0,3984.7458542999993
240,15536.9412677,1,0.9872902444427749,120.0,282.41976111647256,6.225269219875318,43.683103604840355,1.4764878146297713,30.0,86.12753112517385,150.0,4000.5649570999994
241,15552.843274,1,1.0098463839546645,109.32193866113136,286.9146043180146,9.770824429862484,36.87634804577841,6.762257963676642,30.0,58.55116507821151,150.0,4016.4669634
242,15569.0539155,1,0.9969305618632391,110.51197191172557,290.23044169402385,8.258556717616152,32.20543116323533,4.714312592700872,30.0,72.35670457377829,150.0,4032.6776049
243,15586.5913683,1,-0.910727744349717,92.17902642969379,297.89359326102726,8.98144082178058,40.58184867323061,6.528194674189838,30.0,74.60037311590969,150.0,4050.2150576999993
244,15603.8015124,1,-0.9789840313283825,103.88864866928436,298.09175039110556,8.521496180827139,35.37852381674905,5.9916562975067595,30.0,90.0,150.0,4067.425201799999
245,15620.4748878,1,-0.8933334333472678,89.82828459993708,279.0038854418965,7.7032440617302775,31.712220904642926,7.515867658708923,30.0,69.08865053562374,150.0,4084.0985771999985
246,15637.0007776,1,-0.9539669323557249,99.86363943397048,308.9864832957845,9.40928103922695,36.799921777129526,7.711907714617564,30.0,37.302685628283754,150.0,4100.624467
247,15653.4865931,1,1.0067057563730788,114.98150595469991,313.64456151247015,7.587089448330607,35.97776100640327,7.843664739990041,30.0,76.43671491078149,150.0,4117.1102825
248,15670.178369,1,-0.9402790465421114,99.65281105826384,297.6104932348459,7.941807587235607,41.871712320655284,8.838163761230582,30.0,74.29014160179622,150.0,4133.802058399999
249,15685.9737337,1,1.0080330723753437,107.08829097950829,285.9372727294178,9.197877807075105,35.68976987971037,7.058875491137729,30.0,67.8449011760204,150.0,4149.5974231
250,15702.6839925,1,-0.9510984342151825,104.25572963307053,301.88927011138145,8.287905849602668,30.782995903400693,4.198960203455159,30.0,43.41980824742076,150.0,4166.3076819
251,15720.2929308,1,-0.7356811952142128,106.17055149561801,313.7027757575687,5.172879531613908,32.12341625431942,3.107071927338924,30.0,62.4137441065667,150.0,4183.9166202
252,15735.7870613,1,1.0050620482719441,113.84199395545497,319.1389741391413,8.089992605074547,33.475876938912414,5.040130790101731,30.0,73.44835140785577,150.0,4199.410750699999
253,15753.0174902,1,-0.9828795134617543,104.23073129847137,295.9163586207904,8.037239931342025,37.97051834306552,6.105916012386218,30.0,58.51043419483513,150.0,4216.641179599999
254,15770.6143318,1,-0.9907323586857171,107.5225304241534,310.07093021364227,8.181006754375186,36.11691742735094,4.645012895744994,30.0,56.69357591329738,150.0,4234.238021199999
255,15786.8242651,1,1.0090028369533506,99.51470977754119,299.5228600505576,8.983684885236645,36.69457725309262,2.725939398917953,30.0,71.10200315827848,150.0,4250.4479544999995
256,15803.3363274,1,0.9563183064597001,120.0,275.6610696901972,7.9496048714954,50.0,10.0,89.62230278478762,33.78438910643503,150.0,4266.9600168
257,15819.4663812,1,1.0106530000390204,120.0,304.38071975319826,9.368373460471584,35.996061329908976,6.729914271395405,30.0,66.12491472731354,150.0,4283.090070599999
258,15836.4793908,1,-0.9581591109059401,94.34772467628814,280.24350196707724,8.821216988077943,37.055648936020134,7.183065618202688,30.0,67.1060191862226,150.0,4300.103080199999
259,15852.2262805,1,0.9777547221441893,107.54649253366253,301.7339379890495,8.039140426044838,31.121850390587255,1.0,30.0,64.22939806878902,150.0,4315.8499698999985
260,15869.0639858,1,-0.7841890166925285,109.0948077455852,308.87385256194693,6.381908151684848,29.04637131811134,8.067085926371135,30.0,90.0,150.0,4332.687675199999
261,15886.0063333,1,-0.8988869303546985,102.74901294292209,281.8293497583101,6.8799368398294,35.2302657133716,6.38383460672963,30.0,79.37649361867463,150.0,4349.630022699999
262,15903.2215839,1,-0.9216418023118746,97.3603677290223,279.26528524350806,8.260783841047882,29.745535730398583,5.608187632876321,30.0,68.86376055029771,150.0,4366.8452732999995
263,15920.2465495,1,-0.9485032756130004,85.53418862296901,304.32034857896696,7.623856176806372,39.774895710366465,6.387346046900381,30.0,61.94016761617435,150.0,4383.870238899999
264,15935.5695792,1,1.0155109441618742,107.58772751979427,298.2363330964623,8.379786940900964,36.65338076142385,6.460797990453077,30.0,90.0,150.0,4399.1932686
265,15950.6957018,1,1.000609647708742,113.48976125077894,264.6632666780146,10.354158395998832,35.14398834620586,5.6778559103232915,30.0,57.8128414916792,150.0,4414.319391199999
266,15966.8298715,1,1.0143425838518931,107.35271759686806,305.2315226747921,9.476265483952172,36.70417064018804,4.639991075571714,30.0,67.11087778123179,150.0,4430.4535608999995
267,15983.7396175,1,-0.9503201625372466,100.56524671200917,295.1813843489138,9.155530832853717,36.21760264840505,8.835787621816317,30.0,74.17977728604124,150.0,4447.363306899999
268,16001.0695732,1,-0.9186073292931196,95.56141506044591,302.86750844401837,7.451268052085305,39.804924819775934,10.0,30.0,64.301129602671,150.0,4464.6932626
269,16017.0418775,1,1.0098510605692999,102.45100685740451,291.40666192327166,8.732697759966989,35.29991025240379,8.322777754387737,30.0,72.33084594187241,150.0,4480.665566899999
270,16034.5273641,1,-0.9341689893970099,105.1384563097385,306.4017653867892,8.350478569892744,43.36820903531144,5.083143604692167,30.0,67.62694029253085,150.0,4498.1510535
271,16051.2402482,1,-0.9448466655656295,99.0523444549269,321.30052042204204,7.537463454457393,36.001799582842736,5.187575020120634,30.0,73.19594146862573,150.0,4514.863937599999
272,16067.499382,1,1.0097715037712303,116.61983952331335,310.9260339888172,8.499260560255735,34.64871657040125,6.275414665776518,30.0,78.452834225809,150.0,4531.123071399999
273,16084.3001905,1,-0.9841268093640995,101.8853044439159,316.12147296803386,8.443489647178975,39.13380641618714,5.574198017333474,30.0,69.67168611182534,150.0,4547.9238798999995
274,16100.4188491,1,1.0077307526672157,109.35968999979724,301.4489403595584,8.140710444168795,35.51702140372963,6.482996042585105,30.0,76.1775113638996,150.0,4564.0425385
275,16117.4264553,1,-0.9497651540543524,102.73925360491276,287.4405902124884,8.210879513961572,36.13268203319123,9.065204568721795,30.0,54.73918364621338,150.0,4581.050144699999
276,16133.8925874,1,-0.8367723045515243,83.60073946654114,256.4808625699102,7.233701793122351,50.0,8.814247615094942,75.75978987732782,46.29060346432356,150.0,4597.516276799999
277,16150.6531573,1,-0.9699286941890822,106.80405324727445,337.5855305187361,8.916204272534017,38.307794373124295,7.103933155616529,30.0,68.74694997782923,150.0,4614.276846699999
278,16167.1719826,1,-0.9531405299926347,94.0487274791789,274.51136714646026,8.7790029337373,37.643325270318634,6.524804566716141,30.0,68.93462451959782,150.0,4630.795672
279,16184.3309623,1,-0.8752885094950866,102.03266936729565,294.7753857496029,7.814468832658481,29.84235495844586,9.269157665757252,30.0,71.6044237959128,150.0,4647.9546517
280,16201.3093677,1,-0.9071207138753012,95.83140718691418,341.47081448003485,10.272892123416538,36.50581716823506,6.511021954665139,30.0,89.28185837692314,150.0,4664.933057099999
281,16218.4877397,1,-0.9115680697094029,99.04314898825444,357.4835917550301,6.690862152451874,43.737106986406125,5.414081134506568,30.0,73.37496996050966,150.0,4682.111429099999
282,16236.1590543,1,-0.9318534097094069,97.17870706236278,301.2318146002237,8.676261573520907,41.312885507401184,6.024858773384806,30.0,68.08072941004231,150.0,4699.7827437
283,16253.1750566,1,-0.9724698076200625,90.99050419118278,315.3322352136172,7.944721812927523,38.93810063456014,4.567927688128316,30.0,67.48535482657219,150.0,4716.798745999999
284,16269.9533206,1,-0.9655430314284272,97.27385772428545,322.71934718783797,8.320837737801506,40.504267410195695,6.492582167980533,30.0,64.45328306478972,150.0,4733.577009999999
285,16286.112373,1,1.0118721573826404,100.54853953977792,287.6920497415569,9.498225498628475,39.203032000158785,4.45893397637516,30.0,57.90830890527437,150.0,4749.736062399999
286,16303.1295358,1,-0.9856232209677684,104.28913883982501,330.1238721987541,9.008494911454822,37.130103688042375,4.590171856040984,30.0,87.26879407192831,150.0,4766.7532252
287,16320.3741629,1,-0.9753963611217608,95.75084964033377,318.1502207324532,8.626825212307246,39.02569356273937,5.340820518720678,30.0,62.130284336586016,150.0,4783.997852299999
288,16336.4257443,1,1.02299289046613,103.6682980131905,324.3101147674806,9.506360569819323,37.36014710694873,6.9308865974022105,30.0,60.436534921166334,150.0,4800.0494337
289,16353.3846977,1,-0.9427500255587259,99.07166809907449,351.9560760250199,8.069333662646034,38.09933242379048,7.861349309368525,30.0,71.65178570680979,150.0,4817.008387099999
290,16370.3106787,1,-0.8567564747048404,97.67485798911943,326.0123999176589,8.529818985733346,46.926472343991264,5.769778676235188,30.0,85.14660047463455,150.0,4833.934368099999
291,16387.196819,1,-0.8056016754897376,99.24422178663318,324.0713802914628,9.838822726970323,43.145440002492975,7.267139295021915,30.0,70.4923609757319,150.0,4850.8205084
292,16403.7747904,1,-0.9725878881643428,96.59977244223754,313.64017104813666,8.592732808202443,38.56073551608844,6.470341081299696,30.0,70.82888896872004,150.0,4867.398479799998
293,16420.7266767,1,-0.7208491308332763,50.01002784188159,360.0,15.595412748520676,18.53580606829788,8.992880900029276,82.85149458619193,90.0,150.0,4884.3503660999995
294,16437.4627487,1,-0.9789633653882398,98.11179801980629,305.0727545096062,8.395973327802448,35.73014068844755,5.660929903968866,30.0,76.11901138090869,150.0,4901.086438099999
295,16454.3201332,1,-0.9359774437435985,103.77990003884955,322.0894601923612,7.975606946482055,36.895262008094676,9.899666700876915,30.0,70.39252806397897,150.0,4917.943822599998
296,16471.1336862,1,0.997520346912679,91.00865890688924,360.0,9.49177393802303,28.348226633882618,1.0,30.0,73.31016386316607,150.0,4934.757375599998
297,16488.0080943,1,-0.9613975904167619,94.28641486282496,319.5722745560148,7.865400132812754,40.270294793374696,6.922752930266728,30.0,72.39453960242402,150.0,4951.631783699999
298,16505.2100672,1,-0.9787388904041052,99.57977635358773,303.893174463902,7.962312922715595,40.89783129857008,5.276215097921256,30.0,71.50494348140882,150.0,4968.833756600001
299,16522.1187807,1,-0.8384226729535561,98.93196395462866,334.4481290107709,8.64587632996851,47.32306134857046,7.171500260013973,30.0,72.47914615331966,150.0,4985.742470099998
300,16537.8979099,1,1.0439467006710017,104.47157715121443,352.3214622753692,11.554943705914717,42.16818150155806,2.89237454108894,30.0,87.0320176092007,150.0,5001.521599299998
301,16554.7870855,1,-0.8180209619964821,103.15894946466113,360.0,9.904422699915317,42.936675096050884,4.170090445731379,30.0,78.80651597377614,150.0,5018.4107748999995
302,16571.8476097,1,-0.8783850856371818,106.90030493261071,360.0,9.64866267216449,40.987291391318855,5.565076664662791,30.0,90.0,150.0,5035.471299099998
303,16587.7445678,1,1.0194396984214056,118.79579686427996,327.3779839736762,8.789005456475499,37.228310868076306,3.609449088378538,30.0,90.0,150.0,5051.3682572
304,16605.0023798,1,-0.9449264186236933,97.13756891273802,350.92874116150347,9.32470672189519,38.3286579596312,4.694215993299464,30.0,67.19493749782595,150.0,5068.6260692
305,16621.824446,1,-0.9390291780284803,96.78502667158963,335.53925931338813,8.639176749384642,41.15106796519592,3.952465208801617,30.0,90.0,150.0,5085.448135399998
306,16638.4251952,1,-0.8381834514161477,59.46765464687712,326.05460201356794,10.903784973991986,23.653954586118008,6.9081605382246885,30.0,58.36062069979509,179.21012530933643,5102.048884600001
307,16654.5192927,1,1.0237737483948754,109.60312791502395,356.77214348529776,8.756565051861639,35.87922216366063,2.4929865151011503,30.0,90.0,150.0,5118.142982099998
308,16670.1200543,1,1.0085844123823349,108.99485262397879,337.08340988534394,10.388547230823129,35.60842644088067,1.0,30.0,90.0,150.0,5133.743743700001
309,16687.4961472,1,-0.9589200405606463,103.27147914238287,360.0,8.131377253467948,37.84676354852806,4.231802979354257,30.0,90.0,150.0,5151.119836599999
310,16704.4566903,1,-0.9380773063343196,100.02135363353587,345.10631137318927,8.660886111840467,41.34304720283817,5.328399804479334,30.0,90.0,150.0,5168.080379700001
311,16720.2985576,1,1.03318025161263,99.90821232569357,335.9956730030524,10.60334967019973,36.18427022563071,4.157231310998087,30.0,81.31848105410077,150.0,5183.922246999999
312,16737.0649253,1,-0.8804171673744524,98.61526803610096,326.46640044453096,9.623604569543188,40.64690543617094,5.311941086357937,30.0,90.0,150.0,5200.6886147000005
313,16754.2199227,1,-0.5833422534877002,67.50701230555613,360.0,6.106848031706097,29.511462367508482,9.134321628851946,97.90822158453187,90.0,150.0,5217.843612099998
314,16771.105665,1,-0.945190837934568,99.94340282928754,360.0,9.40796244719725,37.59052906407376,5.0937720669447675,30.0,85.2051181599847,150.0,5234.729354399999
315,16787.4742413,1,1.0461430663113505,104.88738241638663,357.2290714425686,10.203977393576645,37.31608216396586,9.489770218908165,30.0,90.0,150.0,5251.097930699998
316,16803.6393339,1,0.9813839078964819,120.0,352.9543561101349,10.187140916487913,17.38787762191835,1.5932927349067145,30.0,90.0,150.0,5267.263023299998
317,16820.7785538,1,-0.9650860860472618,93.31671530290457,332.6423360976121,8.51539280890935,39.46661004535203,4.003508042210728,30.0,74.60042225307296,150.0,5284.402243199998
318,16836.6505296,1,1.024389749484541,113.1378086641129,349.6335442613725,9.283589530587959,34.763263317861295,2.952933466082181,30.0,90.0,150.0,5300.274218999999
319,16852.46086,1,1.01515259598608,102.69906406853596,346.6921980656183,9.79551018191086,42.77664949524711,1.0,30.0,84.06126599045051,150.0,5316.084549399999
320,16868.7043676,1,1.0374321038799297,109.11219558669734,355.94967102793424,11.0776488617804,35.232938418250306,3.8245556138723105,30.0,85.80020147801822,150.0,5332.328056999999
321,16886.1504492,1,1.0228986078618887,106.76131155320203,344.3830376247798,10.448280256464162,28.756584300321883,4.261785716094375,30.0,85.84833011438892,150.0,5349.774138599998
322,16902.8763817,1,-0.9841764134893204,107.84971627903496,355.0850851629816,9.048461002199307,36.01727304604126,5.099411735176636,30.0,90.0,150.0,5366.500071099999
323,16919.3817407,1,1.0211948405641849,120.0,335.0555536106433,9.31305972310092,36.16970228965956,3.142559967695865,30.0,90.0,150.0,5383.005430099998
324,16935.3341991,1,1.020642527629145,108.69105719630097,323.29306059214116,9.33708975080857,36.856151021162766,3.5125990037106245,30.0,81.3574119528594,150.0,5398.957888500001
325,16952.2450661,1,-0.9304443401622144,104.74562779346485,350.3565274328103,8.890656272116992,41.08923185771876,4.172431613971051,30.0,90.0,150.0,5415.8687555
326,16968.7138852,1,0.9852962712894813,114.9172169899745,277.2745640413749,14.102076680777605,16.57251922952234,4.158193864421078,30.0,80.9962550752551,150.0,5432.337574599998
327,16984.6966812,1,1.0310651990109374,109.44179488427037,360.0,9.437287052812993,34.195420109250115,3.896231626692707,30.0,90.0,150.0,5448.320370599999
328,17000.7492608,1,1.0180814794455495,102.32332632207901,336.8594454745246,9.790393530710798,38.08712701771549,1.3587633047757794,30.0,90.0,150.0,5464.372950199999
329,17017.156889,1,1.0208849340546988,108.08083537886756,359.1036965032912,8.261994190056765,35.99189345627806,2.3200212500387685,30.0,90.0,150.0,5480.780578400001
330,17033.5936696,1,1.0219767741114916,110.95427723122336,329.2331809932031,9.263414821482716,33.17809722523363,5.072169293083021,30.0,90.0,150.0,5497.217358999998
331,17049.923633,1,1.0077609559536116,103.82562957853833,339.94244875830714,7.389995458237527,32.81687441003421,2.5645814739277344,30.0,90.0,150.0,5513.547322399998
332,17065.7852738,1,1.026735505516145,104.49558700141293,341.8400982477413,9.810141875964664,33.99886933168766,2.987429207411203,30.0,90.0,150.0,5529.4089632
333,17081.8888266,1,0.9551656966473799,120.0,360.0,5.0,50.0,2.661160619985495,83.44470389519341,90.0,150.0,5545.512515999999
334,17099.1483723,1,-0.9773056089464653,106.31236935230133,335.5493926983665,8.980258147475613,37.967269661833626,4.356939452660177,30.0,90.0,150.0,5562.772061699998
335,17114.5937134,1,1.016543172654736,104.52604815403069,360.0,10.528880673939884,37.22412561776516,1.0,30.0,90.0,150.0,5578.217402800001
336,17130.6918462,1,1.0072717528600905,108.05725567234737,320.42757135679545,9.302432048014863,25.280817410190817,7.120278154481759,30.0,90.0,150.0,5594.315535599999
337,17147.3246806,1,-0.966398973275602,103.2467903972063,337.0200430777667,9.073857848386488,36.96709784069733,3.1272011412061476,30.0,90.0,150.0,5610.948369999998
338,17163.211353,1,1.0279848196397285,110.69600786901538,360.0,9.371910030588282,32.48410796279352,4.1015513884278505,30.0,90.0,150.0,5626.835042399998
339,17178.5419191,1,1.0063908572077602,106.1139651570978,341.5841659143955,8.890604287126223,37.3530415017958,1.0,30.0,90.0,150.0,5642.1656084999995
340,17195.7168707,1,-0.8219424818372901,111.04498380418342,357.1918761062274,6.438411770289481,32.99206858527849,4.762436787263923,30.0,90.0,150.0,5659.340560099998
341,17211.4499829,1,1.0374058018601857,110.92861995847429,359.0237956035804,9.965489565808081,35.09048239408335,5.7147957526207165,30.0,89.80527412435887,150.0,5675.073672300001
342,17228.225178,1,0.9666686481578379,88.3526846578182,299.9097081046894,14.237333069982526,15.620229589018532,7.798268784269219,42.86939830029148,54.568183750653176,150.0,5691.8488674
343,17243.825109,1,1.030840331512918,120.0,360.0,9.09231892924441,35.55608420282111,6.15570293416449,30.0,90.0,150.0,5707.448798400001
344,17259.9832402,1,1.0196329968122122,113.72390600834038,326.98508244516387,8.951138324392959,34.30419314800805,4.486075897773045,30.0,90.0,150.0,5723.606929599999
345,17276.1677704,1,1.0404869325886885,110.12539961986707,358.86680028052734,9.245504868604183,40.34044683207745,5.350845880190401,30.0,90.0,150.0,5739.791459799999
346,17291.9648254,1,1.0150360032764394,120.0,345.6119685139937,8.994546240892962,30.32248234546185,3.882934680017094,30.0,90.0,150.0,5755.588514799998
347,17308.5495258,1,-0.9810886227758494,107.81676903738122,357.2772079650455,9.518049389562687,35.20184679587408,5.090355453064511,30.0,90.0,150.0,5772.1732152
348,17324.9560523,1,-0.9652828006713302,109.25521224491601,360.0,8.44599482904607,35.36681218456701,5.432434966660594,30.0,90.0,150.0,5788.579741699999
349,17341.5393643,1,1.0357921462616844,110.17598322431506,355.7707215177124,10.200176177867018,35.01591598548995,4.377265079533924,30.0,90.0,150.0,5805.163053699998
350,17357.1893942,1,1.0246074508493743,110.73885509077758,329.16733703962285,9.366335956626685,34.62907418861837,4.994310059370105,30.0,90.0,150.0,5820.813083599998
351,17374.253426,1,-0.914099870285196,106.67385250674452,357.2206886004701,8.049339130880341,32.17478613443669,5.920360643990749,30.0,90.0,150.0,5837.877115399999
352,17391.4732831,1,-0.9552997615738796,110.43376978265967,360.0,8.639286919399606,32.49888152797088,4.7223297752450435,30.0,90.0,150.0,5855.0969724999995
353,17407.3009536,1,1.0139541543907278,120.0,352.27177677107494,12.053232093404091,28.743025797105705,4.171752583361881,49.232824268079156,90.0,150.0,5870.9246429999985
354,17423.5303873,1,1.0227825046826058,113.49005161357852,340.2622845249623,8.78478363502159,35.30899119450538,3.9830413344110696,30.0,90.0,150.0,5887.154076700001
355,17439.211903,1,1.0096085869040445,107.09242581528392,360.0,9.049871792556637,36.613344918500516,1.0,30.0,90.0,150.0,5902.835592399999
356,17456.1676538,1,-0.7941849653156758,101.05695353515785,326.4775677583641,8.66234110909307,49.29755375017528,7.659628959507016,30.0,90.0,150.0,5919.791343199999
357,17472.3885714,1,1.0322152124999553,117.70495924610995,360.0,9.357819343746469,34.49478053741136,6.780474802657226,30.0,90.0,150.0,5936.012260799998
358,17489.0602221,1,-0.978548633045456,106.27900375084505,360.0,9.319157082472977,35.59390406646444,4.773740611158847,30.0,90.0,150.0,5952.6839115
359,17506.1247397,1,-0.9246861575100714,111.92815675672273,360.0,8.51840367370573,32.618665731263334,8.686259929993893,30.0,90.0,150.0,5969.7484291
360,17523.1983701,1,-0.9559381974295749,104.46749995870414,354.79993009926994,7.954101666819957,37.85495474545781,5.496654044742163,30.0,90.0,150.0,5986.822059499998
361,17540.2262378,1,-0.9352738746771427,110.22487020034829,360.0,9.051237730321834,40.284182703043435,5.080817697135295,30.0,90.0,150.0,6003.849927200001
362,17555.9156612,1,1.0278150593387285,100.29910730435073,360.0,17.644795434817773,32.87817386194582,10.0,68.93235719840271,86.0836675326309,171.2917410127527,6019.5393506
363,17572.1493242,1,1.0409049810984248,94.52208064206417,360.0,8.891060137704915,36.020952953381865,7.751359219261349,30.0,90.0,150.0,6035.773013599999
364,17587.7137623,1,1.032209166651201,114.58245117589459,360.0,8.952127570349145,35.505209703932664,6.535955706743234,30.0,90.0,150.0,6051.337451700001
365,17604.1172427,1,1.035527788377574,111.97898761180754,360.0,9.104771347067407,37.3149666422177,5.421802370869487,30.0,90.0,150.0,6067.740932099998
366,17620.433725,1,-0.9224375733188032,120.0,360.0,6.315950656251542,48.6641523402607,4.250615252387526,30.0,90.0,150.0,6084.057414399998
367,17637.2433549,1,-0.9775893141733416,106.93394656845885,353.7314571262074,8.66917777389505,36.58783978361814,5.764597361174092,30.0,90.0,150.0,6100.867044300001
368,17652.6652301,1,1.0327104462154155,112.74913475143924,360.0,9.103720850424896,34.540065523701855,7.019697484993405,30.0,90.0,150.0,6116.288919499999
369,17669.6804014,1,-0.9711825963155921,110.62317065542337,352.8227842175157,8.572306356179103,35.40954313589709,6.664761594465592,30.0,90.0,150.0,6133.3040908
370,17686.8019875,1,-0.9602716052026011,106.47875467982469,360.0,9.400785124749412,37.09467804529298,4.959802686345864,30.0,90.0,150.0,6150.4256768999985
371,17703.0261127,1,1.036923671202021,110.6070847462325,360.0,10.449256185965357,32.614086867902174,6.146529805108672,30.0,90.0,150.0,6166.649802100001
372,17718.9764413,1,1.0243926011807802,111.88314193509858,360.0,8.47134573273249,32.570264498326736,5.877569478312081,30.0,90.0,150.0,6182.600130700001
373,17735.3988031,1,1.0408090332591464,102.15654678266161,353.136063053928,14.97123845029935,25.89582938698631,6.057334508067325,30.0,90.0,150.0,6199.0224925
374,17751.3377338,1,1.030226577188864,116.30751500508353,355.6882467994835,9.121472626892164,34.85126838886114,6.201828671074566,30.0,90.0,150.0,6214.9614231999985
375,17768.3005951,1,-0.9148220917407786,109.12171091732134,358.86378901808155,8.236198702101214,34.82761921411839,9.763412916659128,30.0,90.0,150.0,6231.924284500001
376,17784.080864,1,1.0495399395234897,102.29131237772391,360.0,8.433842239475222,50.0,5.2691217530049075,30.0,90.0,150.0,6247.704553399999
377,17800.1128646,1,1.0341956294282155,102.360213615515,360.0,8.82393370454152,34.152587447757924,7.2682283972,30.0,90.0,150.0,6263.736553999999
378,17816.4888891,1,-0.97398983702291,104.21868627171426,353.76891306606694,8.649358220886917,37.40241401400075,5.520702501489225,30.0,90.0,150.0,6280.1125785
379,17833.4360293,1,-0.9323758337164848,111.69493454863445,360.0,8.49204146229315,35.426112802970636,10.0,30.0,90.0,150.0,6297.0597186999985
380,17849.9023256,1,-0.9500553420405979,102.43753440747724,352.72618089966534,8.974498257016734,38.83278711542427,6.2246313630780685,30.0,90.0,150.0,6313.5260149999995
381,17866.5964196,1,-0.9698268560544018,107.49522174763867,348.38131611216414,8.306890513734213,35.58285486343482,5.016949254371371,30.0,90.0,150.0,6330.220108999998
382,17882.5571617,1,1.0446291899472948,119.14624704408233,360.0,12.448151354850689,49.049503727684964,6.544062351033844,56.09354125209439,90.0,150.0,6346.180851099998
383,17899.7007153,1,-0.9112093867813277,89.02814410449689,360.0,8.408293435959212,36.90115367422736,8.025174217700823,30.000090989861235,90.0,150.0,6363.324404700001
384,17916.6231683,1,-0.9560712856241751,103.28112162465723,360.0,8.86832510771093,38.32567473575013,6.097810234925006,30.0,90.0,150.0,6380.2468577
385,17933.3618371,1,-0.9677719831033015,102.1590641206551,359.9439338698973,8.995301908683027,35.50699589913731,5.950129277202945,30.0,90.0,150.0,6396.985526500001
386,17949.9379144,1,1.046841928831081,120.0,360.0,8.95460453007555,50.0,7.036428254182061,30.0,90.0,150.0,6413.561603800001
387,17965.6026139,1,1.0017159024035198,110.25433641552408,360.0,9.242207533164935,26.882920767194193,5.596649607017369,30.0,61.689637288597154,160.1286652488308,6429.226303299998
388,17981.6266614,1,1.0326972937586705,111.9339505884941,360.0,8.813496144994753,35.21380429110385,7.703676162346918,30.0,90.0,150.0,6445.250350800001
389,18002.7638589,1,-0.9455985531072303,110.7056240413786,351.51648297465283,7.7817737863192065,37.968183479574435,7.242768746946985,30.0,90.0,150.0,6466.387548300001
390,18019.9845624,1,-0.9387521750244304,104.70611540155515,360.0,9.404499806357597,38.11192688331785,6.000407070431846,30.0,90.0,150.0,6483.6082518
391,18037.0964112,1,-0.9719753295502691,110.75880458771798,354.2961023860764,8.19255762384816,37.62444257813641,5.714415167011302,30.0,90.0,150.0,6500.7201006
392,18053.0959458,1,1.0426896073028384,105.5072668173643,360.0,8.667689949570264,42.177530431403035,6.289442093628534,30.0,90.0,150.0,6516.719635199999
393,18068.557972,1,1.0634595542798284,97.59928074586048,354.2617736711587,15.08576523136584,43.247699126817665,6.950428144018997,30.0,90.0,150.0,6532.181661399998
394,18085.6483591,1,-0.9633456281849597,101.11366919922372,360.0,9.204820852515903,35.349257757410975,6.62409689462443,30.0,90.0,150.0,6549.272048499999
395,18103.0618427,1,-0.9425581965447852,106.91362898801464,346.5658232684566,8.536078530144593,36.67252950034601,10.0,30.0,90.0,150.0,6566.6855321
396,18120.065291,1,-0.8697530036601433,108.18100473625194,360.0,8.657992173322565,45.91564784839984,4.975480280752285,30.0,90.0,150.0,6583.688980399998
397,18136.2556818,1,1.0387453714062003,95.128266136354,360.0,8.38028614618033,38.46684642149481,5.2831892329364685,30.0,90.0,150.0,6599.879371200001
398,18153.0700938,1,-0.966044227618499,103.88422115107159,350.2854434565022,8.293082965222464,37.9724939732471,6.339745427051055,30.0,90.0,150.0,6616.6937832
399,18168.9644447,1,1.007179184098163,109.42840290663625,355.67909034057675,8.641876898570523,37.42920131908025,1.0,30.0,90.0,150.0,6632.588134099999
400,18186.0778705,1,-0.9802757864080119,106.38247736152854,353.70553472208485,9.050753436208403,35.936728671516185,5.7811275999264335,30.0,90.0,150.0,6649.701559900001
401,18203.8847957,1,-0.9737295689421795,104.82791479237926,353.46222445332086,8.791635914965486,34.72617654408543,5.599729198507658,30.0,90.0,150.0,6667.508485099999
402,18220.7876097,1,-0.9404714167840958,108.99343681037675,360.0,7.82783119563845,38.283108702526754,3.8067427166917334,46.69831178004894,90.0,150.0,6684.4112991
403,18239.013086,1,-0.9401983025638967,102.61795441121433,359.0059977776166,8.190737599440833,37.204721947314,7.578999855995262,30.001840686052645,90.0,150.0,6702.636775399998
404,18255.6845995,1,-0.9599863777713494,102.82221173188927,359.8097336624612,8.476271215555833,39.07006944841894,5.633488147063778,30.0,90.0,150.0,6719.3082889
405,18272.5992259,1,-0.9719254830325514,102.0411497608169,351.9490567512862,8.692376448849888,36.47143719894505,5.7790215979705755,30.0,90.0,150.0,6736.222915300001
406,18288.5043762,1,1.0515346555526381,97.59301500552183,360.0,10.27668257687471,41.289918884227106,5.553832037637692,30.0,90.0,150.0,6752.128065599998
407,18305.2755271,1,-0.27217547273943654,99.2992342871922,360.0,6.209277028474542,10.079867672680606,9.981424710152917,30.0,50.56680541451456,150.0,6768.899216499998
408,18322.0849759,1,-0.9677007315254343,110.13798050041407,350.5310727245503,8.570900218398586,38.92992235834355,6.884108589964131,30.0,90.0,150.0,6785.708665300001
409,18339.4230407,1,-0.9701815847232664,105.22691846250632,353.56749110235523,8.104071023365584,39.16441269305749,4.892604021314771,30.00123745128674,90.0,150.0,6803.046730099999
410,18356.4319266,1,-0.9579677017907844,106.08950587562828,360.0,8.239505626553958,37.6573473995731,6.414090406765726,30.001076002348285,90.0,150.0,6820.055615999998
411,18373.9381674,1,-0.9082228972549035,105.37255600708647,350.5491873214944,6.992037565435149,38.46487115129352,5.478151992020658,30.0,90.0,150.0,6837.561856799999
412,18390.6104268,1,-0.9706206726140975,104.98506972641964,358.13818469313435,8.77805686411245,35.675231285311554,5.992353124602759,30.0,90.0,150.0,6854.234116200001
413,18406.7578791,1,1.0528801462592527,113.22577107473856,354.49113312596256,12.37029775416515,42.027519075646175,6.733809615092147,30.0,90.0,150.0,6870.381568500001
414,18423.8526233,1,-0.9656372863696883,103.32313414966251,349.4731478144373,8.140926974505653,38.713554132628985,5.955879977363831,30.0,90.0,150.0,6887.476312700001
415,18440.6816243,1,-0.9682604286551494,105.71073838126534,347.30924273760445,8.845665612562371,37.497705838365874,3.2236291006139126,30.000952267179912,90.0,150.0,6904.305313699999
416,18456.8062988,1,1.0304075765860663,109.43960071093592,360.0,8.79553843070346,34.26533738442396,5.833897861902883,30.0,90.0,150.0,6920.429988199998
417,18473.8409585,1,-0.9726029907078843,111.01358130663971,356.8561325349156,8.85673183357193,38.41263342901416,4.471332221664771,30.0,90.0,150.0,6937.4646479
418,18490.6713042,1,-0.9768481418457181,106.97731911474915,353.64374653391013,8.990359441883415,36.89219728236526,5.7866057157166555,30.0,90.0,150.0,6954.2949936
419,18507.5306647,1,-0.9771356012559435,107.31565888176338,353.288500009968,8.788108444604669,37.80242163569735,4.267281947575615,30.0,90.0,150.0,6971.154354099999
420,18523.3970442,1,1.0327306012827016,110.76418981846518,329.2795183663269,9.189563221307255,50.0,9.81154390395517,30.0,68.00498431968686,170.2499838860928,6987.0207335999985
421,18540.2986385,1,-0.9580250247342801,106.37700623013306,356.73258616487226,9.561528595743546,36.47502965516067,6.229122939185387,30.0,90.0,150.0,7003.9223279
422,18557.4128559,1,-0.8692237969159995,98.81633347957427,351.34789836939814,8.063371723709079,28.869264480509838,6.554853067384055,30.0,90.0,150.0,7021.036545299998
423,18572.9599144,1,1.02529574725318,119.23385035649044,347.9435829692751,8.563967927109353,36.40925526882672,5.514533217584519,30.000683515759746,90.0,150.0,7036.583603799998
424,18589.6891114,1,-0.9803670672679945,105.14253413853143,355.6428787852659,9.121338685401188,34.530019732004796,5.597595335867232,30.001196940979966,90.0,150.0,7053.3128007999985
425,18606.2922064,1,-0.9791678716734121,107.09407854162113,350.2656271551215,9.312705174046279,36.062392489859505,5.689382841435402,30.0,90.0,150.0,7069.915895800001
426,18623.2209935,1,-0.9473049977167445,86.02654778900776,356.7761482715956,10.601111709660026,31.21340544827272,4.845936037133162,30.0,90.0,150.0,7086.844682899999
427,18639.2412428,1,0.8917406212812203,104.72812965992577,360.0,11.469226508172248,5.0,10.0,30.0,90.0,150.0,7102.864932199998
428,18655.9391452,1,-0.9063980329345306,106.00370149423757,350.4194475623183,9.296242695218593,40.87587689136219,5.91066934767997,30.0,90.0,150.0,7119.562834600001
429,18674.1164662,1,-0.9372822157468573,104.30382833983298,354.9174008156827,8.45283901506334,32.207076995293846,3.9211233455211847,30.0,90.0,150.0,7137.7401556
430,18691.0385897,1,-0.9742853906178923,107.03227145392225,357.1402712565496,8.949643996360315,37.393027533977836,5.145137309417275,30.00412325832839,90.0,150.0,7154.662279100001
431,18707.9730835,1,-0.9818425494396319,104.25108400581072,352.4966395904802,9.117333750695503,35.21395398251911,5.477849987056704,30.0,90.0,150.0,7171.5967729
432,18725.2144921,1,-0.9765294108139038,107.288304098417,348.63147427263107,9.08416655245391,32.214148896074455,5.347119258676527,30.0,90.0,150.0000670801962,7188.838181499999
433,18742.5569589,1,-0.8714493084374596,109.19781830630762,353.85445574913297,6.8028364758365605,35.32893690156096,5.412413225790305,30.0,90.0,150.0,7206.1806483
434,18760.3759687,1,-0.957778394588699,107.12438428783373,345.290988199925,9.322457190429809,38.021670490848805,5.250916018881436,30.0,90.0,150.0,7223.999658099998
435,18776.1086988,1,1.0138727587324188,106.20990844155068,357.52310884090673,9.151563070701371,36.28393414459237,1.1878956906788787,30.0,90.0,150.0,7239.732388199998
436,18793.3673307,1,-0.9573605024339574,104.51522604272492,358.72910782703286,9.301453460985927,31.079021662769087,6.285879221433411,30.0,90.0,150.0,7256.991020099998
437,18809.7768261,1,1.0289879801009845,118.24858750571542,349.4185608467655,9.40396207115374,34.36607600140088,6.385420708429634,30.0,90.0,150.0,7273.400515499998
438,18826.1147831,1,-0.9843754520731147,107.19609477057149,355.50443593494504,9.432672411361073,34.80480523911403,5.481947894261157,30.0,90.0,150.0,7289.738472500001
439,18843.0245901,1,-0.9700207409043103,105.27550059563099,352.29071492415534,8.880345383533182,36.511744295714735,6.97279227814597,30.0,90.0,150.00008597891932,7306.648279500001
440,18858.763529,1,1.0311782663534024,111.38471720635248,356.2520141701472,9.283114704892071,33.84524771206809,7.215860180659625,30.0,90.0,153.3354208989806,7322.387218399999
441,18874.8299335,1,1.0379753389579212,108.12073833333739,356.28774142015027,9.786549537130007,36.468557987694346,5.134523596775127,30.0,90.0,150.0,7338.4536229000005
442,18891.8895877,1,-0.9743971610660945,106.43080360156176,347.44749283299785,8.845147661215744,34.075582985763745,6.375220234444263,30.0,90.0,150.0,7355.513277099999
443,18908.1017708,1,1.0208900643405232,120.0,352.2651434491701,8.843766092355873,32.882487637357535,4.34155323362478,30.0,90.0,150.00045189748454,7371.725460199999
444,18924.3119807,1,1.0316396033306272,108.58590710951188,353.26292708613425,9.875021191497513,32.39169032786506,5.3673481716697005,30.0,90.0,150.00048283499115,7387.9356701
445,18940.1568216,1,1.0357633975751857,110.06037871992629,358.68332992863066,9.822908771246532,34.63356691904602,5.297611078741174,30.0,90.0,150.0,7403.780511000001
446,18957.1703905,1,-0.9513720656795209,100.3637449680074,352.4147219846608,9.153205568683129,30.718706330103863,5.348607581792271,30.0,90.0,150.0,7420.794079899999
447,18973.5991875,1,1.035376240434479,110.57399695976271,358.67973056248235,14.044112776111271,50.0,1.1866608866936312,30.0,90.0,150.0,7437.222876899999
448,18990.3086833,1,-0.8845777648124944,104.87573177924983,360.0,9.951892467284395,39.34935227868939,4.3241427661584275,30.0,90.0,150.00022179856154,7453.932372700001
449,19006.2048921,1,1.0373978334713398,104.47437079623427,356.3373506793946,10.85697107920701,32.66617632192251,4.468955327575504,30.0,90.0,150.0,7469.828581499998
450,19021.9844156,1,1.0357198060063713,107.59394733196875,353.1985553126984,10.008843000375377,34.49497836487187,5.236648253034032,30.0,90.0,150.0,7485.608104999999
451,19037.4663491,1,1.0382321443120404,108.118897063981,356.032593629282,10.820267434037353,33.07603236871621,5.485351638753446,30.0,90.0,150.0,7501.090038499999
452,19053.7117377,1,1.038600011952284,108.46130737907397,358.598504485199,9.8646267753971,36.1182717668854,5.270047925033112,30.0,90.0,150.00060692993398,7517.335427099999
453,19070.6439213,1,-0.9839829710398348,106.61868468557836,356.91119111924945,9.74425281793235,30.933973710600885,4.823598057130878,30.0,90.0,150.0,7534.267610700001
454,19086.4753746,1,1.035822469570223,109.30445489581123,358.91315602347686,10.037065807617225,33.9277301360039,5.100420338955159,30.0,90.0,150.00049534556436,7550.099063999998
455,19102.4331695,1,1.0225271806222662,108.7098458754505,360.0,9.32735068526036,32.84075699954805,2.316160888569705,30.0,90.0,150.0,7566.0568588999995
456,19119.6058878,1,-0.9468759033721212,104.25475435124693,357.3020580437365,9.66575507498366,36.83323035326515,5.798281313068713,30.0,90.0,150.0,7583.2295772
457,19136.6068272,1,-0.9636466205998713,97.87644308188236,352.1659533162623,9.738617085312859,32.67395170456646,7.385612195721739,30.0,90.0,150.0,7600.230516600001
458,19152.9464684,1,0.8595090701391224,76.00796766271742,360.0,5.0,11.313917150309159,5.391048432470495,30.0,83.64649550228616,169.02530661656465,7616.570157800001
459,19169.6910478,1,-0.968336149218995,104.17364237139437,353.09621270623325,9.71844786726938,32.49522603102121,8.032546074178242,30.0,90.0,150.0,7633.3147371999985
460,19186.8431719,1,-0.9008266186585112,103.01269328528522,360.0,9.540172345831813,25.562745014249824,3.4717357623665963,30.0,90.0,150.0,7650.466861299999
461,19202.878614,1,1.0356512925216206,109.04288392932611,355.7751111139654,9.729788926122215,35.408017988351055,5.0702438027629855,30.0,90.0,150.0,7666.5023034000005
462,19219.1456903,1,1.0412604314076157,111.40230798529242,358.3409578222369,10.540667973067741,38.37136691492101,4.116995518798835,30.0,90.0,150.0,7682.769379699999
463,19235.6580073,1,-0.9681739037228185,99.86176007029103,356.8508895436436,9.64413902635752,34.018186617034324,6.432760692097519,30.00015020693833,90.0,150.00059385182777,7699.2816967
464,19251.5867042,1,1.0363029222747888,109.70641861234655,355.11948527917684,9.503767916629162,36.62855751074896,5.440278462224054,30.000171457420464,90.0,150.0,7715.2103935999985
465,19267.2440498,1,1.0333336340531287,109.32305820089502,360.0,9.384586236314664,34.263070506199796,5.2312859545355135,30.0,90.0,150.0,7730.867739199999
466,19283.1465284,1,1.0251483674480981,120.0,350.49335410480995,8.37034810374362,36.81644793506446,5.703381316012354,30.0,90.0,150.0,7746.7702178
467,19298.5918669,1,1.0182448071405945,109.32446442251843,350.4057599632708,9.01215568653749,50.0,1.0,30.0,90.0,150.0,7762.215556299998
468,19315.7618041,1,-0.977560070949561,108.25963939361267,356.19908498848844,9.363158145884992,31.479598582873656,5.090902844791927,30.00012317317126,90.0,150.0003824578953,7779.385493499998
469,19331.7709182,1,1.0407791847157652,108.38439887593483,355.81111896885557,11.391977179257395,34.018554667986315,4.88354240830922,30.0,90.0,150.0,7795.394607599999
470,19347.7214351,1,1.0345312544916778,107.2350682280186,353.71150174593765,10.12040062875763,32.92796447995873,5.543936051272154,30.0,90.0,150.0,7811.3451245
471,19363.8722161,1,1.042483533066306,108.62441773772142,357.2695749598268,10.942232551496408,35.60289050267825,5.488573949762304,30.0,90.0,150.0,7827.4959055
472,19380.8045336,1,-0.9694885763283163,107.39779444865283,358.77661516872956,9.577286163869449,35.81367401467417,5.570893608282348,30.0,90.0,150.0004370184128,7844.428222999999
473,19396.7231985,1,1.0418101088793017,105.78607030060141,356.95403748440333,11.071530163296558,34.132468168391235,5.481652976332481,30.0,90.0,150.0,7860.346887899999
474,19413.554046,1,-0.986787860907515,107.4600173644162,358.9330099995227,9.473895943040462,33.72543180024187,5.206461223050906,30.0,90.0,150.0000944567607,7877.1777354000005
475,19430.8547023,1,-0.9704989943323454,107.19968108630935,353.89965295908553,9.465254132092552,31.771113105328233,3.1741902098947197,30.0,90.0,150.0,7894.478391699999
476,19447.1934031,1,1.0365991563114691,110.79124943198076,352.5113414807474,9.446490971771135,38.505867070441525,4.908626048496053,30.0,90.0,150.0,7910.817092499998
477,19464.2200859,1,-0.9459637138610318,91.86304961442309,356.79502628100937,9.52728704513515,35.34856925493531,6.245492449662069,30.0,90.0,150.0,7927.8437753
478,19480.3238745,1,0.7418871186840215,36.15169224314652,360.0,5.0,5.903307981200722,4.486440420238377,58.277084356593875,90.0,150.0,7943.947563900001
479,19496.4747522,1,1.0288935096139684,107.16771022649235,354.8616885437443,9.657435150784368,31.176169972341306,5.093857355357679,30.0,90.0,150.00029062680906,7960.098441599999
480,19513.1824857,1,-0.9691909440731284,103.39126761437194,360.0,9.643849742587928,35.22646925838759,4.483974537540765,30.0,90.0,150.0,7976.806175099999
481,19530.3521051,1,-0.9810289125598328,106.72416410459303,360.0,9.16576146104044,34.119052314134706,5.181197652431295,30.0,90.0,150.0,7993.975794499998
482,19545.6036608,1,1.0300416107398627,105.50636558797652,360.0,10.27853199702683,29.516871946849395,4.474845753685069,30.0,90.0,150.0,8009.227350199999
483,19561.8042345,1,1.0421646056444092,97.50773824978614,360.0,9.921001376322957,34.34488380802317,6.807597384313137,30.001136759380515,90.0,150.00080272823723,8025.427923899999
484,19578.5838874,1,-0.9857827954211094,109.296647402682,360.0,9.23424943789267,34.100220272625464,5.24746814692167,30.000864852430894,90.0,150.00026593835662,8042.2075767999995
485,19596.1013545,1,-0.9743018512919644,106.25285986959663,359.99346022702724,9.144944139890093,32.95935950255401,5.175312867955339,30.0,90.0,150.0,8059.725043899998
486,19612.6142797,1,-0.9302095421965031,110.6871585341647,360.0,8.216541342299038,32.57288322401206,5.826321183404898,30.0,90.0,150.0,8076.237969099999
487,19630.216696,1,-0.6268589855933734,106.27349852966177,353.04776280945674,6.585872209081155,19.279486768311493,5.33956803342909,30.0,90.0,150.0,8093.840385399999
488,19646.1869621,1,1.0267949747500573,110.03032349440548,355.5437503460272,9.26793465962044,31.402076171781296,5.526452194269975,30.0,90.0,150.0,8109.8106515
489,19662.2625686,1,1.0347994918211358,109.66619263336935,360.0,9.64741410703817,34.278120890050765,5.304480668944551,30.0,90.0,150.0,8125.886257999999
490,19679.5223066,1,-0.9479494415429501,107.17174138654511,360.0,8.618874445675004,32.42868906956631,5.234285430206713,30.0,90.0,150.0,8143.145995999999
491,19696.5146302,1,-0.9860341622852462,107.25705902713592,360.0,9.51308565956148,33.539174783053284,5.194984068769187,30.0,90.0,150.0,8160.138319599999
492,19715.2533832,1,-0.9692412660168557,106.84646406786538,358.89364403928164,9.190373279833493,32.03263947149785,5.521093372971776,30.0,90.0,150.0,8178.8770726
493,19732.2687574,1,-0.9628971167961877,108.21685427915429,357.29466119991076,8.410141059597466,35.433789197780435,5.75453820672838,30.0,90.0,150.0,8195.8924468
494,19748.1975164,1,1.0379008317995624,119.99508531058387,360.0,11.688830258887567,43.910292159410226,6.229168397475727,45.91448181362401,90.0,162.76896617964306,8211.821205799999
495,19765.3294376,1,-0.9898664284113831,106.85092890092895,352.61576224581074,9.549436657515134,33.793423715325076,4.189911269225985,30.0006847464808,90.0,150.0,8228.953127
496,19781.5663519,1,1.0308353324850328,110.47837655781154,357.1248798962855,9.351285332805862,33.79211906629618,4.938904268268846,30.0,90.0,150.0,8245.1900413
497,19798.7607181,1,-0.9809284923146997,107.88085510760943,360.0,9.335547505268076,32.782171243708376,4.071661548877735,30.0,90.0,150.0,8262.384407499998
498,19816.7926657,1,-0.7707677034339766,115.55372118552853,360.0,5.569788283339364,36.39806420988377,5.003409027300124,30.0,90.0,150.0,8280.416355099998
499,19832.9418724,1,1.0262133622605232,109.37755653926263,357.77349848183496,9.274725532714095,32.396577442760254,3.6958159044295638,30.0,90.0,150.0,8296.565561799998
500,19850.5876123,1,-0.9210132841736582,104.52811507792393,360.0,9.492868495126494,39.14497116470528,4.531068934664558,30.0,90.0,150.0,8314.211301700001
501,19867.5163699,1,-0.986340531823702,105.62011065293362,359.1349598937146,9.73881492667808,33.007823515120464,4.5197549331843065,30.0004996283852,90.0,150.0,8331.1400593
502,19884.8086169,1,-0.9725345292218616,103.418424015326,360.0,8.99405063232054,34.23018959105632,4.541231137977354,30.0,90.0,150.0,8348.432306300001
503,19901.965234,1,-0.980551596875634,104.14984685692787,360.0,9.540585445456145,33.388517037778804,5.410339431792969,30.002816741820908,90.0,150.00092270434007,8365.588923399999
504,19918.1386127,1,1.024285403750525,104.65950786447587,348.92619811569455,9.705127830182516,32.52911896235142,2.6293896851854406,30.00222848162055,90.0,150.0006656343879,8381.7623021
505,19935.0208929,1,-0.9784634466538107,105.67150509919469,357.6558024556208,9.192835102634952,33.70869912180369,3.8954990596339396,30.0,90.0,150.0,8398.6445823
506,19952.4469423,1,-0.9298147035682396,97.92808540852766,350.10296110731906,8.550675042890042,31.347775663476625,4.518494518212181,30.0,90.0,150.0,8416.0706317
507,19969.9666961,1,-0.4529081275539945,105.65358673108508,354.361603458034,5.957883173860299,15.3133879030643,6.997457346489009,30.0,90.0,150.0,8433.5903855
508,19986.1512349,1,1.0275325075934765,110.29953846745993,351.476823970414,9.843481980233037,32.804936336126474,3.488966894575115,30.00022325501314,90.0,150.0,8449.7749243
509,20003.2681627,1,-0.9436358430555751,109.60642337274334,359.20255559785386,8.518776124341189,33.31460999545959,3.186775666918359,30.0,90.0,150.00013677201488,8466.891852099998
510,20019.2725816,1,1.0328607282245816,106.86348146546703,360.0,9.423508180987051,34.03661545897468,4.489542775141726,30.000152418893023,90.0,150.0,8482.896270999998
511,20035.5983044,1,1.0196474590944666,105.58467328801223,352.84210156313554,8.805757508243813,32.53470892630416,2.559862434735458,30.0,90.0,150.0,8499.221993799998
512,20052.9409636,1,-0.9903747377522933,106.54455102817205,344.2558346744627,9.025908754491775,34.333901274887026,5.161861897583082,30.000325402206826,90.0,150.0,8516.564652999998
513,20069.6263743,1,-0.8638048553870492,108.18399095595416,355.565412648952,7.047972467327984,33.151544966408466,5.870995003514148,30.0,90.0,150.0,8533.250063700001
514,20085.2903284,1,1.054224219896392,107.03442042645456,360.0,11.374479320672284,46.46258100658749,5.938263252004035,30.0,90.0,163.62379206238077,8548.914017799998
515,20101.375499,1,0.969901331790719,120.0,288.45965569826126,14.254393363278492,24.896909668907867,8.259107886062266,65.24127669206393,45.5396854141016,150.0,8564.999188400001
516,20117.0687806,1,1.026707070302562,107.4570442569113,352.8216760507248,9.715895196212884,31.201165090634184,3.9826668334109625,30.0,90.0,150.0,8580.692469999998
517,20133.5772688,1,1.0235779430556937,114.52044329759434,357.08539574207776,9.515735713764812,32.645228099478345,2.8810345132048285,30.0,90.0,150.0,8597.2009582
518,20150.1800032,1,1.0498719523158297,120.0,360.0,10.70431025354581,49.94595196046295,4.182779139470515,30.0,90.0,150.0,8613.803692599999
519,20167.1826219,1,-0.9888259508216257,107.21049361608553,349.9659065931554,9.372213322740869,33.49206000363931,3.8333975686469124,30.00098915256875,90.0,150.0,8630.806311299999
520,20183.9173456,1,-0.9681033573832382,109.87024181679836,338.5524806395473,8.488875276716751,33.42347797626303,5.794141286950168,30.0,90.0,150.0,8647.541034999998
521,20200.7563545,1,-0.9786764813114938,107.04639830140114,350.2695831775177,8.758096799074286,34.37075480808103,5.164947476365897,30.0,90.0,150.0,8664.3800439
522,20217.3671346,1,-0.984732830798122,108.00183530553528,337.55336791509467,8.346351109767035,36.907426861333185,5.526964431957178,30.0,90.0,150.0,8680.990824
523,20234.0987406,1,-0.9632823649376223,110.01396933658546,334.96416669284883,8.312515443291055,33.225474702779884,4.143659088752879,30.0,90.0,150.0,8697.722429999998
524,20251.2384167,1,-0.9741057080070625,106.48986517066308,339.19593222020427,8.486145778073471,35.84318082100765,3.289064939687918,30.002010309518482,90.0,150.0,8714.862106099998
525,20268.1961793,1,-0.9808262176910154,106.9005340368939,355.95714679504414,9.0539367348235,34.57827170983113,5.778860085552768,30.0,90.0,150.0,8731.8198687
526,20284.9059084,1,-0.9675623214206769,102.92109689342925,335.90730991015204,9.270879039629577,37.45565488702246,5.037325549436085,30.00016845142632,90.0,150.0,8748.5295978
527,20302.2077491,1,-0.9019086428681998,106.97296542550328,336.14903578396184,6.647954467967977,38.40447448815138,4.6132796212872655,30.0,90.0,150.0,8765.831438499998
528,20318.7551768,1,-0.9858902713122217,106.44090189970657,347.8487949365416,8.992722527516431,35.305520801721094,5.781209182363644,30.00100500344361,90.0,150.0,8782.3788662
529,20334.7966504,1,1.0219637072637069,102.49595185356483,348.9823868448014,8.889875650075988,34.8754291874105,2.2324489511390193,30.000915057696957,90.0,150.0,8798.420339799999
530,20351.4112387,1,-0.9807652843477045,106.61495877744117,357.10044862044765,8.890865151711953,35.47898335143427,5.096947372636407,30.001412362963052,90.0,150.0,8815.034928099998
531,20367.3211112,1,1.018949566970881,106.15908875923432,344.3108633542037,8.456661819976325,33.89748762408134,2.8967549086770346,30.0,90.0,150.0,8830.944800599998
532,20383.3297152,1,0.992067634219154,120.0,360.0,10.457365830622637,46.52598609318601,3.8885329790407024,89.68227921807645,57.4324150906032,150.0,8846.9534046
533,20399.6025382,1,1.0283913219385845,107.09995240368681,329.6642820266342,10.540878946715633,32.450860649662964,5.238254417903137,30.0,90.0,150.0,8863.2262276
534,20416.4186478,1,-0.9150138035248097,99.62528672966916,322.34082923142364,8.674641498695227,27.639486311841353,5.150054163781425,30.0,90.0,150.0,8880.0423372
535,20432.1767612,1,1.004418416492131,120.0,263.8308299974567,15.048770055142779,31.247374011784753,4.881630320318636,30.0,57.01705527495378,150.0,8895.8004506
536,20449.2437273,1,-0.9385524287256227,103.95290302620305,338.7523303970489,8.488818716794114,30.587081089009693,4.414012730255097,30.0,90.0,150.0,8912.867416699999
537,20465.2100576,1,1.0302186482504425,108.83798420440988,324.4302117996716,9.584189332906519,36.74891645078759,7.794710867717195,30.0,90.0,150.0,8928.833747
538,20481.5103089,1,1.0388881372121554,110.63477298823096,346.1868300804134,11.56320093109639,36.578207069855935,3.893694266649594,30.0,90.0,150.0,8945.1339983
539,20498.0921367,1,-0.9906655042779262,105.44570637150049,331.90600420874677,8.967285722840643,34.43063446445405,5.886794313462358,30.0,90.0,150.0,8961.7158261
540,20514.9078536,1,-0.9188957272789368,104.42617951555508,313.46593116439067,8.01154888799693,30.805932768778852,6.489049907196979,30.0,90.0,150.0,8978.531543000001
541,20531.5377528,1,-0.966225641537665,106.45548314636434,309.16585816974094,8.360160244322236,35.1646295025358,7.203523587923403,30.0,90.0,150.0002469163258,8995.161442199998
542,20548.7723524,1,-0.9720898246403419,104.40230565915215,321.4517194920454,8.200462568915196,36.467747106043205,6.507026634283427,30.0,90.0,150.0,9012.396041799999
543,20564.2499498,1,1.0169878188114374,109.88311484850557,315.24002203097155,8.549607416083155,33.817412753742246,6.882887983931148,30.0,90.0,150.0,9027.8736392
544,20581.9568082,1,-0.9546498536892307,105.23209403999238,319.0784604567693,9.001928376257636,34.90347930304433,9.958657577342708,30.00222650954177,90.0,150.0,9045.5804976
545,20598.8059951,1,-0.9777169244460138,106.92207614516656,347.3718529218798,8.974670874766897,35.025930997231384,7.028392482368557,30.0,90.0,150.0,9062.429684499999
546,20615.595913,1,1.0230366112937543,111.44505608730474,323.3915700208654,9.292801748853327,34.58563299070456,5.618449745090061,30.00115029973537,90.0,150.0,9079.2196024
547,20632.4896475,1,-0.9621430322866257,104.52767127155576,315.83901502064464,7.414658464073235,44.042826636917454,3.338531835006182,30.0,90.0,150.0,9096.113336899998
548,20649.853503,1,-0.9723202266616408,103.2240488046962,306.12527558132115,8.47548166485266,36.10749350635278,7.163638134022559,30.0,90.0,150.0,9113.477192399998
549,20666.6109215,1,-0.9858840618357949,99.08536378353142,309.6056271951716,9.105620289313231,35.136087554797925,5.752727031263807,30.0,90.0,150.0,9130.2346109
550,20683.2955806,1,-0.9895413994848072,105.41156798924486,316.8700917991053,8.654985481399507,35.39453257039614,5.753396218954358,30.000437756530772,90.0,150.0,9146.919269999999
551,20699.0360704,1,1.0268079851168692,105.45018694881068,320.54296884121936,9.26530463785555,35.932276389005345,6.70502933389164,30.0,90.0,150.0,9162.6597598
552,20714.8065136,1,0.9573459703639321,103.73585638815925,332.9783862431477,10.892785688646383,27.94887127172112,5.796376364212005,111.72249154890653,90.0,150.0,9178.430203
553,20730.6976109,1,1.0291541352595288,103.55071970485554,319.02862690551456,10.723560951759874,33.64535400923883,5.799839012781792,30.0,90.0,150.0,9194.321300299998
554,20747.5337729,1,-0.8840682493954806,109.18124702073891,312.80675171272617,7.771199939609161,27.602701660788103,4.9769840427454755,30.0,90.0,150.0,9211.157462299998
555,20763.4505948,1,1.01786996951854,109.61922866512066,267.4367314527542,11.581190193982337,42.200291764136814,5.493074322792339,30.0,85.34458681202088,150.0,9227.0742842
556,20780.3061308,1,-0.9214834275670797,104.12550901262259,316.91127751942037,8.125180209730297,31.359227587003886,7.272001155538939,30.0,90.0,150.0,9243.929820199999
557,20797.5624784,1,-0.950444160589608,103.2708963000045,320.99615229520896,8.435077030868026,35.39941094944516,8.607462232647684,30.0,90.0,150.0,9261.186167799999
558,20814.3508953,1,-0.8950279006024968,98.96632054494779,308.20334163126955,8.763076841306999,26.60133753688593,7.046493900870599,30.0,90.0,150.0,9277.974584699998
559,20830.6195906,1,1.0170828365729172,120.0,307.3676221405178,10.917912463591335,40.66196191103778,5.122211712152485,30.0,63.90281631063557,168.63392655510927,9294.243279999999
560,20847.6457022,1,-0.942350024211672,102.21684381713084,335.7922203990454,8.246017276090438,33.53382621951782,6.711155026955156,30.0,90.0,150.0,9311.269391599999
561,20863.7780686,1,1.0317147477812723,105.17803725627985,330.4182360727517,9.638358343278554,35.41748550086595,7.751305365621214,30.0,90.0,150.00001402737166,9327.401758
562,20879.8525209,1,1.0267729564890042,103.91877661329359,316.81896087367375,9.610950167432406,35.54169891676523,6.147690623449181,30.0,90.0,150.0,9343.4762103
563,20896.8953767,1,-0.9522189893907563,98.79457285039871,323.2986076723836,9.46155619184734,35.59140925893852,8.376397083185944,30.0,90.0,150.0,9360.519066099998
564,20913.6978019,1,-0.9712878721362127,104.78875997310332,324.85759050122033,9.2395574199091,33.89273357618071,8.306527792194142,30.000303682780952,90.0,150.0,9377.321491300001
565,20931.1030581,1,-0.9818583498570189,104.85930026813116,322.37889779148156,8.927436246185364,35.08506034294299,7.138452373669732,30.0,90.0,150.0,9394.7267475
566,20947.3569703,1,1.0187522479328224,108.98833020896248,321.74409227245576,8.813591621140503,32.77008813775614,6.522201978237843,30.0004342500049,90.0,150.0,9410.980659699999
567,20964.0542561,1,1.0229741077531467,105.1716637985989,326.9410994988957,10.642834416115559,32.26583992815221,2.8696378511088865,30.0,90.0,150.0,9427.6779455
568,20980.7107894,1,-0.9910401371921487,104.01914379333488,317.82788185054807,8.752743629981566,35.38967807907197,5.54973824496414,30.0,90.0,150.0,9444.3344788
569,20996.3627902,1,1.0278245244370552,110.22124058698198,336.09732404317845,9.028383147224206,34.908298387574696,7.883462220995506,30.0,90.0,150.0,9459.9864796
570,21013.7747561,1,-0.9791398638896142,104.80579052022901,327.88579283541594,8.793923652964427,33.85147057858733,6.349606056743523,30.0,90.0,150.0,9477.398445499999
571,21030.0756908,1,1.029068203517177,105.05018243401486,324.58571890448326,9.410578610422927,35.691678482283976,7.443196987832689,30.0,90.0,150.000026716413,9493.6993802
572,21047.0987251,1,-0.8536808130109237,95.26838185358635,317.1856583280729,8.8964099502806,29.294456331153565,6.995553908307616,123.17526589853853,90.0,150.0,9510.7224145
573,21064.3399837,1,-0.9683595477045451,103.87541455813545,320.806041562005,8.308174431616614,34.99388842759282,6.277330383826942,30.0,90.0,150.0,9527.9636731
574,21080.2036854,1,1.0351086516517618,112.82970911104263,349.42402108720705,9.35316177211686,37.47579571803717,6.518744261957488,30.0,90.0,150.0,9543.8273748
575,21096.4493756,1,0.9823710737256768,94.46503555698193,360.0,5.0,29.463572904426176,6.429207288655102,30.0,90.0,150.0,9560.073065
576,21113.4736375,1,-0.9576221418187273,105.3488223456149,323.8740653618274,7.948303022048296,38.25084625286769,7.868912493473179,30.0,90.0,150.0,9577.097326899999
577,21131.492924,1,-0.9591707267199376,104.91282990348756,325.55861491449514,9.020807731324581,33.08006504484007,8.532639487570854,30.00031492473215,90.0,150.0,9595.116613399998
578,21148.2360916,1,-0.8584722861649084,93.25056594443406,344.325337626821,7.533153042370294,31.423961095512794,6.901748452328083,30.0,90.0,150.0,9611.859781
579,21164.0594923,1,1.0100879087875196,103.82702426879302,360.0,11.909262103409482,34.296676362374214,2.548109028437088,52.64657130836969,73.18061075681214,158.3951850216676,9627.683181699998
580,21181.3727661,1,-0.9857373729847888,101.36360306247525,315.6724564009513,8.39847087915538,38.20177909351753,5.013050043761238,30.0,90.0,150.0,9644.9964555
581,21197.2743076,1,1.0282413239206685,104.410833055188,326.30315992749263,10.047880580451473,35.49049200550739,3.9650129970315313,30.0,90.0,150.000010924897,9660.897997
582,21214.3238325,1,-0.9943777020404014,103.80378326360248,315.05243082459657,8.956159231651132,34.83376005241419,5.181987806009783,30.0,90.0,150.0,9677.947521899998
583,21230.1090757,1,1.0229306866754737,93.65738521079822,317.91889308570927,9.600930169715092,36.51660706370437,2.4086434182750716,30.0,90.0,150.0,9693.732765099998
584,21245.9873117,1,1.013404050850971,104.41463974340286,319.0070733766746,8.525726068673867,35.36531327972774,2.359696240033059,30.0,90.0,150.0,9709.611001099998
585,21262.5963625,1,-0.9837644412001318,102.61011753660001,303.87543159811304,8.635361018002072,35.6483390367246,3.8129412627339474,30.0,90.0,150.0,9726.2200519
586,21279.9223952,1,-0.9562007652383597,102.37960314539814,317.94169282165007,8.49642596044081,32.89761141904206,6.650603385028434,30.00013372670078,90.0,150.0,9743.546084599999
587,21295.8172348,1,1.0128231830924785,104.55939233525805,311.08727288237935,10.52562938632004,26.513665190983932,4.743467366341731,30.0,90.0,150.0,9759.4409242
588,21312.8194441,1,-0.17282010681974713,73.81135190178065,319.1667832189405,15.606235163307055,45.407660672616245,3.1498305325563654,54.82081540577221,87.63420921899538,150.0,9776.4431335
589,21329.2421027,1,1.0182288666590726,112.70109570477229,316.88629886977674,8.403444954487945,35.230403143563656,7.676523584269651,30.0,90.0,150.0000159754071,9792.865792099998
590,21346.3916981,1,-0.9810284539861727,103.64788393742198,312.24084830681596,8.798080603220306,33.80295200292048,6.075728809694041,30.0,90.0,150.0001261742356,9810.0153875
591,21363.18763,1,-0.9813050149681295,104.22471710446328,326.1940392595489,8.368209230326563,35.510236241922925,4.622707847405498,30.0,90.0,150.00009002401524,9826.8113194
592,21379.7928953,1,-0.9547124275369282,91.13993535634792,308.9842247919881,7.446923419934718,40.371475494109305,4.835851266431314,30.0,90.0,150.0,9843.4165847
593,21396.3901195,1,-0.9499848148654034,104.1637884472882,320.2832206719783,7.660647545115437,35.93661805584764,5.433906674613775,30.0,90.0,150.0,9860.0138089
594,21413.2237814,1,-0.9399286953872711,105.9672331633422,360.0,8.809619111503467,40.56103733414512,5.276080520975973,30.0,90.0,150.0,9876.8474708
595,21429.0276589,1,0.9974783398949637,87.28892690776496,360.0,6.316366650036657,27.32544134714533,4.799583864079645,30.0,90.0,150.0,9892.651348299998
596,21444.8946164,1,1.0344383025105781,103.67630192973434,314.8829810006746,9.617214450723289,41.31452625675617,8.175707225732749,30.0,90.0,150.0,9908.5183058
597,21461.5429272,1,-0.989157537139209,105.17912567591496,327.8329665111209,9.229726356593718,34.5621218375713,6.622848925624234,30.000328631586754,90.0,150.0,9925.1666166
598,21478.6136839,1,-0.9334628013719967,109.50592277281177,354.2867022464332,9.110741419074163,39.99891290301198,6.2239490934474855,30.0,90.0,150.0,9942.237373299999
599,21495.3364495,1,-0.8684526375260784,95.04526841321344,360.0,8.10706206091544,30.83881863659721,7.88945885452199,30.0,80.43464954569971,150.0,9958.960138899998
600,21512.3873267,1,-0.9836068529543401,101.13496789297471,303.1056701533627,8.537716382823856,37.563861638885,4.277383162982967,30.0,90.0,150.0,9976.011016100001
601,21528.0591766,1,1.0066353305456957,103.0426223874129,317.3792682785466,7.810807810782353,34.18499658316951,2.214572983088641,30.0,90.0,150.00002602383296,9991.682866
602,21544.4448732,1,1.0326123901813697,93.24804455218982,299.54743360980444,13.879339220742835,34.425103114745994,7.512996216228716,30.0,90.0,158.52817165377914,10008.068562599998
603,21560.1019752,1,0.9916588367407043,115.14469328188422,312.1251547738659,8.346334112334867,33.67458443311255,1.0,30.0,90.0,150.0,10023.725664599999
604,21576.1568801,1,1.0068303703356012,103.33848104846774,312.21786362373126,8.333887243091176,35.968968078230674,1.6626793497000945,30.0,90.0,150.0,10039.780569499999
605,21596.130904,1,-0.9911354139052136,103.75945904521203,309.5069279449452,8.745995605994311,35.77942162344941,4.188652238780409,30.0,90.0,150.0,10059.7545934
606,21612.9831609,1,-0.9745729935755678,100.6836862721985,314.05325444126373,8.542221427676605,34.78861974383594,3.644073760470447,30.0,90.0,150.0,10076.606850299999
607,21630.850382,1,-0.8650476271467045,102.67636385043906,312.11396579874537,7.367462406407406,28.924582030035488,5.959298581037553,30.0,90.0,150.0,10094.4740714
608,21646.7271272,1,1.0183273803601125,114.64373967509397,309.9053425000042,9.404996876861272,44.82431767053495,1.8983345502869118,30.0,89.65276053074041,150.0,10110.3508166
609,21663.1834153,1,1.0083056509897157,94.58424035580802,304.96588743347564,8.069602246947841,35.3443196185892,2.067252708560642,30.00000552054378,90.0,150.0000560644603,10126.807104700001
610,21679.1293424,1,1.0207879013618006,103.26859810712767,307.7022058166149,9.06875136085694,35.274684204371475,5.65017124119067,30.0,90.0,150.0,10142.753031799999
611,21696.3159792,1,-0.9686628675734806,103.38930600183711,325.07124457801035,8.347441981956184,34.001683128577554,4.457262435517875,30.0,90.0,150.0,10159.9396686
612,21712.8588981,1,-0.9415322582725095,90.80246263373016,313.9585621774594,8.918027375791416,39.27581005274817,3.9457162941790744,30.0,90.0,150.0,10176.482587499999
613,21730.3187911,1,-0.9942257837316876,103.85010556013742,311.0550859604987,8.937197495113658,35.02157118782725,4.772234459958972,30.0,90.0,150.0,10193.942480499998
614,21747.6075195,1,-0.9416989315267984,100.88356368636133,294.7388340861726,8.844772704739873,29.13775336594654,4.36871253919011,30.0,90.0,150.0,10211.2312089
615,21764.1624518,1,1.0544905086894316,96.3542902638858,360.0,12.397973950406785,40.71285417937682,3.965356611187503,30.0,90.0,150.0,10227.786141199998
616,21781.6297828,1,-0.9780883995136322,102.80725934160853,310.0878121525441,8.904656395080476,33.87920458165564,6.77004627406647,30.0,90.0,150.0,10245.253472199998
617,21797.7026875,1,1.01457305642171,103.79844565251916,317.74809164065334,8.835201658493807,35.70265213114811,2.227494488460077,30.000062758654067,90.0,150.0,10261.3263769
618,21814.1018606,1,1.0055587801994743,109.89568748159935,268.6333513660601,9.681533590605724,35.358634109191485,3.343167873906988,30.0,90.0,150.0,10277.72555
619,21831.8481268,1,-0.8460034284024559,97.5038237902659,352.426749553194,7.056341287850128,33.961196900796324,7.457650169700937,30.0,89.77099531332527,150.0,10295.471816199999
620,21849.2911836,1,-0.9943777020404014,103.80378326360248,315.05243082459657,8.956159231651132,34.83376005241419,5.181987806009783,30.0,90.0,150.0,10312.914872999998
