iteration,timestamp,success,NPV_over_CAPEX,clearance,sp,p_rated,Nwt,wind_MW_per_km2,solar_MW,surface_tilt,surface_azimuth,time_sec
0,1152.8883135,1,-0.6577921580707962,97.7402208571975,292.11703023027394,7.270785363720254,16.153386038114803,5.686897351569085,58.4515310811185,14.738267981063839,157.41964685726353,0.0
1,1171.3152678,1,0.9645449014007537,110.07208815650641,329.6347577594543,9.65221353978999,45.44772295855971,5.249284439074421,103.80921202714323,82.17099479141083,178.620586593163,18.426954299999807
2,1189.1252521,1,0.9365544998859102,38.654154143115534,287.7918886136943,15.795570296059312,42.11802397167048,1.0102853738298547,177.49247183377275,29.268392647265106,161.46402549014343,36.2369385999998
3,1207.5557894,1,0.6892415550319188,36.24775214767422,328.5087150847792,6.206687278288031,27.857328913425825,1.9815206133799332,150.11543967737123,73.30201769622025,207.83031275842805,54.6674759
4,1226.8444641,1,-0.8086769216203323,74.637877059298,295.405897853297,13.634765212473328,13.522609784946026,6.51495861881746,111.01026864159473,68.18435297697931,205.40286095677683,73.9561506
5,1244.2330006,1,0.9034147492066295,108.79904334936668,286.4959879916887,15.579250997816093,41.52329188285454,9.055350706840077,191.46002844946048,40.55067959680397,209.77547036121436,91.34468709999987
6,1262.3024076,1,0.8338022025468277,97.26575925432465,298.04529680651393,14.452210106172092,15.93660299278353,2.054208638876662,165.07910519079792,73.43217868802935,158.78150933473825,109.41409409999983
7,1281.50658,1,-0.4534937263442943,14.97574746521736,345.60256235184636,15.208836988433848,33.57499594601562,6.183576532283866,92.92378985698187,3.275283385033724,207.66187681437668,128.6182664999999
8,1299.1411332,1,0.6199609758035414,23.62846808668749,328.11945445666896,5.341738635029875,9.56750987183764,2.987463441846856,89.54997445741049,45.32728546888985,156.055274471338,146.25281969999992
9,1316.3992324,1,0.9406985609516163,31.929136951376925,317.0557289960577,18.77723092992997,35.26882536078737,1.5224584944384878,173.72218092927477,22.56186053566005,176.53884202194473,163.51091889999998
10,1333.833045,1,-0.721663978127343,61.87879566059168,291.05803832388483,9.671690015003103,42.694752846604054,6.045401969681715,156.0676441598128,4.112684421157496,164.40782446958124,180.9447315
11,1351.0010069,1,-0.39086890696504833,48.74481176670582,257.4721915605994,14.506217783738789,37.202870763565535,4.729761894495225,30.259117715642432,30.09615215962514,188.24396406775801,198.1126933999999
12,1366.5638052,1,0.9827987860411139,106.2965730884319,266.3050234693831,15.52744435900513,34.79881500382179,5.008169707469468,56.806717260792844,43.85390409621289,195.32908603552096,213.67549169999984
13,1381.9781708,1,0.8114181888877872,64.40409374128154,274.7027576564038,18.125244972204065,13.46005823228726,6.697798839264704,153.34424042842312,36.163513999128924,168.97062823328054,229.08985729999995
14,1399.1208373,1,-0.8475003571194094,88.90565576421409,331.6370256850265,6.466765127009889,34.216944120326914,3.519844689941853,47.03071714083053,35.7026559597814,166.48283060515573,246.23252379999985
15,1414.1916601,1,0.931292178176382,97.15756843042175,221.34728867240784,14.76174857224606,44.23387260697638,1.1671689479103566,145.76945091891136,85.18522987529963,204.59107064430614,261.30334659999994
16,1429.4081245,1,1.0002073094372061,92.40483057299494,304.85789834795673,18.54065225928996,21.76021683375152,2.8705969332174224,31.512503948343394,30.006754922687975,193.10996536629239,276.5198109999999
17,1446.1522559,1,-0.8915571047105788,78.25919191482068,226.21768730809214,9.342962804538004,29.681793345763104,5.302582022359188,38.20358158901006,47.074520853008835,174.1901487867056,293.2639423999999
18,1462.306112,1,-0.7677293309992791,55.61937698685866,345.38520870348486,17.612724989415074,20.46432171459955,7.2963576203555665,81.32352975729052,80.4959800393117,187.60452280841204,309.4177984999999
19,1477.8439619,1,0.7061294398655021,117.20165736276635,210.53354836436816,16.24804357674629,5.3532952399063305,5.671033558311963,113.06519675261593,61.13723106349124,172.09988738006555,324.9556484
20,1493.9791769,1,-0.7768212372427342,75.49968573232137,260.38121206666335,11.164488040144132,15.307042982492595,6.059187886571474,51.481306306105,71.57119114995328,190.39941225240008,341.0908634
21,1509.6960514,1,0.8790262157284683,85.20429421218066,200.0,11.162808400023174,25.96732396400943,3.4010115846189346,108.3598498418372,36.46430618652142,182.7217201595127,356.8077378999999
22,1526.2688273,1,-0.772297182235799,65.48907425587676,210.37811517441259,5.0,41.65293194500164,6.397517033032455,30.0,81.34249324365662,192.50957284322024,373.3805138
23,1541.5778392,1,0.9732304123621011,120.0,200.0,11.397046369669104,38.571063918664656,4.3479817026662255,30.0,22.182914088562168,200.5277059209738,388.6895256999999
24,1558.881065,1,-0.5879189770644863,71.81241543937553,200.20493882238526,5.0,22.37839036187045,7.147868578332454,66.74958951568973,81.27770170182035,186.78556555127722,405.99275149999994
25,1574.3593733,1,0.9559495690941515,67.11038868991392,200.0,5.0,46.410163228436716,1.0,30.0,51.56741978233288,156.22345169508938,421.4710597999999
26,1590.8035902,1,-0.7809827887826668,68.41945779075466,209.55219405894803,8.785674337479662,24.87808227671134,6.999909000926699,52.57981552692449,16.36531017521443,181.31580380825721,437.9152766999998
27,1606.4381122,1,0.9439341737542424,120.0,200.0,5.0,35.522354636872045,4.878867188775416,30.0,2.369489528507181,150.0,453.5497986999999
28,1623.0027286,1,-0.6553312877214507,56.53296475153918,200.0,8.173644233908202,50.0,5.4084401249310385,30.0,22.97461190381923,210.0,470.11441509999986
29,1639.6970542,1,-0.3680484898124673,59.95989965416491,280.73027489856617,12.931160873047117,45.79332812271065,9.396190972550897,30.0,49.98165416243283,163.4085409052568,486.8087406999998
30,1655.8245905,1,0.8733023538598352,69.55986733368718,215.48356591594558,8.265572255680251,10.645700442337219,2.206414607524003,30.0,42.934081203723906,184.34127165504648,502.936277
31,1671.2684438,1,0.9769119881743868,81.5654138407304,236.74169826473258,13.488578202398182,21.67971020367787,6.567599764784617,30.0,28.087839293133662,170.3178171697317,518.3801302999998
32,1686.6766101,1,0.9438700746177372,90.55549454848526,200.0,10.127808709615238,20.395664390453327,4.121670924780555,32.69015154177491,50.20105757410015,166.85265344774697,533.7882966
33,1702.1886682,1,0.9366800349341916,65.91208116003128,217.4096875818143,17.639120541261235,44.98935156503703,2.212833163444956,181.52701599206853,46.42950899540328,165.66982863060747,549.3003546999998
34,1718.419944,1,-0.6843670287539908,44.776149737886314,200.0,5.0,32.13056933291027,9.129065446982523,73.77006763251632,24.366608373613175,182.21864420979188,565.5316304999999
35,1734.9876317,1,-0.8474954235800214,85.53060798824865,234.26838990019613,8.231858392742382,30.74006851009355,4.9573144023424085,88.29181010149091,90.0,150.0,582.0993182
36,1751.2904386,1,-0.9415724776070231,86.4743685833312,254.13141082236004,7.8289396210940465,41.11186371711166,6.282278455603105,30.0,44.50842606811661,150.56284006405212,598.4021250999999
37,1767.194723,1,-0.4761625951132225,10.0,285.1838075668164,5.0,26.651928877453187,5.458593477844513,75.84734408849637,0.0,150.84392270346146,614.3064095
38,1782.635591,1,1.0311047999665302,57.17801877323539,329.8841667049695,10.697590437402901,35.44745584671158,2.6461178518889854,30.0,90.0,181.9064755308827,629.7472774999999
39,1798.5274927,1,-0.7169507987054081,80.77015790599648,200.0,5.0,28.691796127139963,5.380079798654877,97.03057599283746,46.091615772134254,189.71099063852776,645.6391792
40,1813.6590645,1,1.0101110777735027,71.40686958090035,234.5528966780064,12.315537313103972,50.0,6.67434199054683,30.0,59.18058567217611,172.79344026620925,660.770751
41,1829.6787398,1,0.8948034986522149,73.62752298814867,200.0,10.04644340346904,21.740525128580472,4.746195546380502,85.43216769014536,21.595107830585757,150.0,676.7904262999998
42,1846.7189598,1,-0.7841868911890749,116.74993415874577,257.0722733877878,5.0,41.24957150117298,9.257217618323379,30.0,64.42486964107448,176.66032977185526,693.8306462999999
43,1864.7911665,1,0.9955643355733874,119.48527858206077,218.28458886325262,13.909877524316212,46.64366025732562,8.830846116130662,30.0,34.94364414548345,150.0,711.9028529999998
44,1881.4336117,1,-0.8571353472313032,78.53255264170576,200.0,6.385864290952149,44.01857914588648,5.360352112692382,30.0,20.855328702741055,172.74574189198654,728.5452981999999
45,1898.4591385,1,-0.7579170610249445,63.081260756103966,259.9114107929197,5.0,38.22880730914301,7.163538392284309,30.0,41.25509660527306,150.0,745.570825
46,1914.9919107,1,-0.748661133723305,63.94667762250387,200.0,5.455025415625092,39.380342272329514,8.994161353156787,30.0,23.702716114882307,150.0,762.1035972
47,1931.137704,1,0.9603912235776362,120.0,200.0,5.0,47.43681272161318,4.8878606640491,30.0,61.50341000851403,150.0,778.2493904999999
48,1946.4950692,1,0.9979608754132151,120.0,233.7243414416601,9.722898347568542,50.0,7.445361041215346,30.0,13.031156714870967,150.0,793.6067556999999
49,1962.3349056,1,0.9696645647482507,120.0,248.27202216613324,5.0,43.872200324316566,9.803553861102113,30.0,59.19228824041311,150.0,809.4465920999999
50,1977.8894228,1,0.9832432868803569,115.654963753539,250.38803286858703,7.322415190561377,35.9221700899175,5.817547526010297,30.0,66.36445420953949,150.0,825.0011092999998
51,1992.9190826,1,0.9973188977540077,108.58953591962543,237.26554658490966,11.826389965271169,34.986300548695006,7.07513891395814,30.0,65.58984180702683,150.0,840.0307690999998
52,2009.5424335,1,-0.4169954250639767,81.59564614224276,265.62046222940114,5.0,14.463730411904084,4.318898885926894,30.0,53.09958048655808,151.009425269615,856.6541199999999
53,2026.2125042,1,-0.8342724299745116,94.53739244732816,263.47194144937384,5.0,50.0,3.8584787992807823,149.5364772287087,48.99068279147518,150.0,873.3241906999999
54,2041.6676449,1,0.9156860678713693,98.0776258394735,200.0,7.2548023012980005,36.841688939355365,10.0,71.48751988140145,20.07478126067861,188.19727203148724,888.7793313999998
55,2058.6614817,1,-0.7498381427407553,79.30323693122409,253.22994961950678,5.0,37.73301071430889,8.179046785415084,30.0,4.155776437892932,150.0,905.7731681999999
56,2075.3459523,1,-0.8443906599172943,103.3545455772327,302.59576243898,5.0,50.0,4.6852566594921,66.63166407097202,60.2390790728602,153.4395627874511,922.4576388
57,2092.4788272,1,-0.8118589141473439,40.732186112204936,262.39458748881265,5.0,50.0,6.702927931267363,93.02896926077639,12.503000801042148,150.0,939.5905137
58,2108.4145311,1,0.9880349751755683,105.89854712196066,216.42530613576503,6.317955905422745,50.0,5.97939389111253,30.0,90.0,156.2798081203958,955.5262176000001
59,2124.7650129,1,-0.7956180344801808,62.969234023784026,205.6509809360418,5.0,50.0,6.750679533713464,41.03138577909985,36.91857468191279,150.0,971.8766993999998
60,2141.3555434,1,-0.22749479524757413,69.6587135040384,239.42735056101105,12.729329803362448,50.0,6.413101126069753,30.0,18.85247786816447,155.44994285445094,988.4672298999999
61,2158.1273249,1,-0.8671968839910879,69.60734455570261,300.20857883298913,6.820974193036499,50.0,8.694437612201837,30.0,40.60308628373953,150.0,1005.2390114
62,2173.8383187,1,1.00438232850164,120.0,277.51554110481794,9.082783776235175,40.781754376873295,8.297742015691698,30.0,8.644068673528551,150.0,1020.9500051999999
63,2189.2839356,1,1.025021486227314,103.04747642320436,280.6519464978601,10.866470063179113,47.361547206396494,10.0,30.0,58.956422988683876,150.0,1036.3956220999999
64,2206.0613416,1,-0.6346261843120939,86.3505183256633,286.6588553396967,9.802606063270083,50.0,5.319278381976093,30.0,28.726132260991413,150.0,1053.1730281
65,2221.7690408,1,0.986353516703638,118.9179610913829,285.4639026519754,7.546756770783972,33.76410258829784,8.492339631181242,30.0,43.57124125700984,150.0,1068.8807272999998
66,2238.161875,1,-0.8548808590214253,62.073175224796024,239.95746743031933,7.090928713726213,50.0,4.482897560507885,30.0,71.9246769619121,150.0,1085.2735614999997
67,2254.5124234,1,-0.9288628236857098,98.3156912411972,241.05329679678076,7.075161118918853,44.6893784117279,6.480803645848528,30.0,73.94682618911703,150.0,1101.6241099
68,2270.2589475,1,1.0099649138515951,120.0,272.32835906287227,9.318125672005735,48.13073561611325,6.052958851659652,30.0,51.49270973621679,150.0,1117.3706339999999
69,2286.5355874,1,-0.7315868747504317,85.00293431150456,230.49942633708184,5.0,36.2811070436373,9.34527869320177,30.0,55.75146040829122,150.0,1133.6472739
70,2302.0360298,1,1.0088364912547225,112.97290628089786,273.3400252436685,7.634785594620181,50.0,8.693559771118567,30.0,60.45627966974923,150.0,1149.1477163
71,2318.6285874,1,-0.8460332491329345,102.22854825821217,278.8696552541889,5.0,49.75864720764588,7.172288712747584,30.0,55.895100703200804,150.0,1165.7402739
72,2335.3444024,1,-0.6168284827009638,86.39254942069874,300.45846574877737,5.0,24.481978426648702,4.4343802551975315,30.0,34.756379400171596,150.0,1182.4560889
73,2351.9031731,1,-0.7548016678217574,97.87144296843954,272.3653989555426,5.0,37.06726155797613,8.958780848405276,30.0,48.139575399215126,150.0,1199.0148596
74,2367.2073327,1,0.9555089805193465,101.48173157739697,223.24336345564996,9.306118223671607,41.92723488480925,1.9912783250293162,69.61063210430115,44.96321568117522,150.0,1214.3190191999997
75,2384.4234074,1,-0.8497086683438697,87.58929719516395,265.84196797300115,5.0,49.5732310191477,5.825102935772754,30.0,0.0,150.0,1231.5350939
76,2400.7631757,1,-0.8126297289415779,53.115082161907246,251.6532783275801,5.0,48.78880093506352,8.255084163913354,30.0,34.02839351847383,150.0,1247.8748621999998
77,2416.4625789,1,0.9467682606929866,120.0,238.0745592642424,5.0,50.0,7.246263800579562,67.18001127686185,79.96983392367532,150.0,1263.5742654
78,2431.8700166,1,0.9861988533937172,99.41268054380464,200.0,6.414007947839096,50.0,8.535047205685968,30.0,89.96812936940017,150.0,1278.9817030999998
79,2448.5834359,1,-0.8137674874071407,65.55150673162521,225.28647384909038,5.0,50.0,7.013241049955366,30.0,50.24428610745755,150.0,1295.6951224
80,2464.0790335,1,0.9993080395624179,111.22045048713315,243.0023236165108,8.15364395179608,50.0,6.365158907632767,30.0,0.01841150318931284,150.0,1311.19072
81,2480.5533171,1,-0.8065155062052792,75.93092170349476,315.1002296016914,5.284057029872279,50.0,7.810125365405662,30.0,79.73266025005648,150.0,1327.6650036
82,2495.8677564,1,0.9987325821823033,100.13645494842044,235.32410016872308,7.4041340914662985,47.43298603840796,3.400960623189211,30.0,90.0,150.0,1342.9794428999999
83,2512.3902536,1,-0.8606342610539887,82.37311406020855,238.7732588007229,6.26959033957771,47.52138951273032,9.88396359706277,30.0,87.70141611979786,150.0,1359.5019401
84,2528.9027423,1,-0.8885011850747262,95.86183829971407,254.66270974566703,7.328895800856062,47.293726727455436,8.14057650849288,30.0,90.0,150.0,1376.0144288000001
85,2544.5249064,1,1.0049734104311954,107.98229954289494,285.87621665482476,8.674696250252804,37.82320829336682,4.676014626849853,30.0,63.56839309096015,150.0,1391.6365928999999
86,2560.0128293,1,1.0081135084282953,120.0,262.6208364863838,7.984878262792854,50.0,4.086058075879187,30.0,90.0,150.0,1407.1245157999997
87,2576.7274617,1,-0.7195279437892528,45.94199337711475,216.43063599009315,5.0,33.19088798328285,4.747085512685162,30.0,90.0,160.46466572500165,1423.8391481999997
88,2593.6964487,1,-0.7799949030002469,120.0,283.6545685138262,5.0,38.637353033539135,5.582195206997539,30.0,81.50202721892664,150.0,1440.8081352
89,2609.4766557,1,0.9747573591526678,67.98612454217796,241.24685046500696,5.0,35.21083736175119,2.192094010441839,30.0,90.0,150.0,1456.5883421999997
90,2626.0060894,1,-0.8732840074508573,100.65203525890693,257.79140649068273,6.9966158894884805,50.0,9.231120633809567,30.0,87.56003436270471,150.0,1473.1177758999997
91,2642.7550469,1,-0.8336776941373227,94.49062871937494,296.8176315961678,5.0,50.0,7.2236043306769036,30.0,66.82417677591258,150.0,1489.8667333999997
92,2658.2435051,1,0.9636153236279187,116.70267987204053,200.0,5.3518863839394495,50.0,4.570892210074855,30.0,42.74436124572878,150.0,1505.3551916000001
93,2675.1886766,1,-0.8777215120600518,100.74621828270466,273.0115887608293,6.314125996921663,37.94521467522463,6.027523666944376,30.0,90.0,150.0,1522.3003630999997
94,2691.9146629,1,-0.8717864819446788,102.73438886870858,240.82487132838486,7.043347171202598,50.0,6.710198855892159,30.0,90.0,150.0,1539.0263494
95,2708.0536347,1,1.0113962924356243,109.18230899734115,268.1539956888498,9.002324907615378,50.0,5.043734378078373,30.0,0.0,150.0,1555.1653212
96,2724.9358318,1,-0.7709605226759516,88.79255403222422,200.0,5.0,46.63065967104886,9.298536972332423,30.0,59.84813937141705,150.0,1572.0475182999999
97,2740.6676467,1,0.9843505320773026,120.0,230.8989564752987,5.508901503818782,48.27429126458971,7.42545664039573,30.0,90.0,150.0,1587.7793332
98,2757.6723905,1,-0.9367110022002315,95.64521394773405,269.22259758870484,6.583774821476439,46.58291552308016,7.037664465418972,30.0,60.15042065559213,150.0,1604.7840769999998
99,2774.3209259,1,-0.812718697201077,98.4105160699135,256.2838392545478,5.077551732573529,43.6639870956886,7.10417546890175,30.0,90.0,150.0,1621.4326124
100,2791.3397418,1,-0.8710515978881599,105.1506849317104,300.4997831652394,5.465226510423418,48.057755065784384,6.822335438813937,30.0,79.82075415573715,150.0,1638.4514282999999
101,2808.023214,1,-0.8843147691838198,107.39377897237526,264.5227786756285,5.398378148105262,48.14484424179422,5.504233362595184,30.0,64.05416992506414,150.0,1655.1349004999997
102,2824.9240013,1,-0.8625989934697841,83.82217362905612,263.40711383648784,5.462504138921466,50.0,7.3529797898988285,30.0,90.0,150.0,1672.0356877999998
103,2841.8490381,1,-0.8493176848340086,102.03164879608286,281.4703870003645,5.0,46.29904514120038,3.7522006761791364,30.0,49.075087487757095,150.0,1688.9607246
104,2858.6510157,1,-0.8111209308593477,100.69521819164294,257.58318448572874,5.0,44.760640972397056,7.232202252928622,30.0,90.0,150.0,1705.7627021999997
105,2875.7489893,1,-0.9143766547808954,86.67136069437143,274.8130595423053,5.82435710499177,50.0,5.4097865529117914,30.0,67.28060587101854,150.0,1722.8606758
106,2890.9164216,1,1.0071466782797642,120.0,277.18454046243585,7.360422878558984,50.0,8.657767181899306,30.0,66.00566102961183,150.0,1738.0281080999998
107,2908.2017426,1,-0.8677750673926046,120.0,315.4014646873546,5.456032928303805,44.816282616317686,4.1854668685663174,30.0,60.534154884047894,150.0,1755.3134291000001
108,2924.8774721,1,-0.7608905122698335,119.40102959503484,269.12276583170774,5.0,35.83085103470494,5.934546906672715,30.0,68.7570034573489,150.0,1771.9891585999999
109,2940.3519408,1,1.0218307914319122,67.63454772328716,291.852476609839,7.498003170589963,50.0,2.441471405253546,30.0,71.16403215859299,150.0,1787.4636273
110,2957.1934998,1,-0.8633415118165476,83.41418482514354,269.83206889422297,5.740709319912705,46.733727592924076,8.265291034640475,30.0,67.02543390388988,150.0,1804.3051863
111,2974.0325185,1,-0.9073618950867685,92.32788466920769,293.46278329235486,5.842224454899662,50.0,6.944443074679297,30.0,63.2831343152627,150.0,1821.144205
112,2989.9438066,1,0.9837207191131115,105.14010381983655,200.0,6.6741146436738905,50.0,8.861541329704833,30.0,81.64788152762732,150.0,1837.0554930999997
113,3006.1645664,1,-0.8692599250904518,95.71996904640476,267.4245762759559,7.441743891698195,50.0,6.489070393796601,30.0,54.84580379660954,150.0,1853.2762528999997
114,3023.1387596,1,-0.8659421990024551,102.38615315763309,278.22365210634723,5.520575994399685,50.0,9.56702202884736,30.0,63.70299921264794,150.0,1870.2504460999999
115,3039.1683205,1,1.0085101121404465,105.99180799259344,271.1492410314846,8.97907096968489,45.50082112381111,6.036267936441364,30.0,20.64409226483602,150.0,1886.2800069999998
116,3055.7678771,1,-0.8054203444336825,116.48113493691582,257.65822324182255,5.0,45.34246629333295,8.11939172803002,30.0,74.53533489317655,150.0,1902.8795636
117,3071.6190033,1,1.0073767598112089,120.0,282.90560570509217,7.006160331604825,45.10486177225492,7.293708913449983,30.0,87.221100316133,150.0,1918.7306897999997
118,3087.990826,1,0.9654269878011176,120.0,360.0,5.0,46.84845685088672,8.928534534947877,46.31539345366471,28.499767426026903,150.0,1935.1025125
119,3104.8320691,1,-0.8468074379376812,110.00251460396035,276.7948704263642,5.553025989857,40.92565632128013,7.113050024769383,30.0,61.928358742064205,150.0,1951.9437555999998
120,3121.2937517,1,-0.8312866964623578,98.89822350198722,302.30106679158496,5.2815220569617525,45.6328810564476,7.390509907877072,30.0,81.76690983387809,150.0,1968.4054382
121,3136.7328275,1,0.9925479771904545,119.88359162158942,240.51327272726104,7.797357018885,47.04394207234965,7.374210559460376,30.0,55.110344139720375,150.0,1983.844514
122,3153.3388917,1,-0.8962338671165553,91.61539643441898,288.44092765132683,7.0325048909263845,50.0,8.940159520897359,30.0,56.471304834817886,150.0,2000.4505782
123,3169.0483364,1,0.9758610405394866,107.31614541442858,285.2010750396642,5.154653153855344,46.071856780194814,1.6445688243750585,30.0,55.268905348338826,150.0,2016.1600229
124,3185.9133265,1,-0.8292198260137635,98.06318077210437,264.1402484349399,5.153865394518221,44.877662905841575,6.656489633863657,30.0,90.0,150.0,2033.025013
125,3203.069575,1,-0.8287493674035037,84.76066065474629,262.56692311518066,5.165266085974643,50.0,9.060865983399108,30.0,68.2543075760244,150.0,2050.1812615
126,3220.1703066,1,-0.9328661545975,98.81223975032222,276.76203023489165,6.301067479183045,50.0,7.657092442080285,30.0,41.16599677972335,150.0,2067.2819931
127,3235.813228,1,1.0112260666115636,112.46966617297218,286.98869104524164,8.210350509620383,50.0,4.452337266453322,30.0,43.37077098303223,150.0,2082.9249145
128,3253.112914,1,-0.8262340255883409,65.10061465189395,261.1695970033123,5.828956878599716,44.33300160101295,8.170552392832386,30.0,51.33814323916676,150.0,2100.2246004999997
129,3268.7313122,1,1.0102239462679283,113.41336326398351,263.945274549826,8.541696593354168,50.0,10.0,30.0,59.92468214610595,150.0,2115.8429987
130,3285.3701113,1,-0.9424192445111813,98.38382020560626,274.9567784679268,6.417517021102347,44.84996186112946,5.092204059493895,30.0,52.795404550756146,150.0,2132.4817978
131,3302.0630743,1,-0.9304731491935875,96.76659509977439,254.84828336123644,6.73957332959362,43.636770423902114,6.9985561369428435,30.0,54.89913030947385,150.0,2149.1747608
132,3318.211482,1,-0.8725924556198807,77.39018406162512,307.4824502855954,7.258195849040511,50.0,7.809103202169835,30.0,58.58142777467842,150.0,2165.3231685
133,3334.878417,1,-0.8403585093204948,92.79029864362127,267.7232376976812,7.68393863723342,50.0,7.379610556614218,30.0,35.816890134195425,150.0,2181.9901035
134,3351.3012476,1,-0.9204287933043008,89.36281459251383,289.4712332409284,6.577395713533683,45.178668973846015,8.155255804171677,30.0,44.02855045382494,150.0,2198.4129341
135,3367.7927364,1,-0.7904153934567139,83.846491760668,268.3004165475622,5.0,45.31309611296935,8.392765763506457,30.0,84.84550378484353,150.0,2214.9044229
136,3384.214252,1,-0.9401909451998656,83.06645183769994,302.9825739088461,7.168222206045273,44.88553508380393,6.205563622247784,30.0,58.969103067172,150.0,2231.3259385
137,3401.5648857,1,-0.947035407046836,98.20804692566281,302.38244055711965,6.893596514390113,46.17674391133801,7.175619504400288,30.0,74.70727705685385,150.0,2248.6765722
138,3418.1023768,1,-0.8308980517448773,120.0,312.1620020110123,5.376023542204658,50.0,10.0,70.23442294215779,63.23462488559565,156.1658737653541,2265.2140633
139,3434.3355793,1,-0.9115303667880376,112.19287133397644,282.2085793432554,6.301951805143113,41.82023081814691,7.072400823764092,30.0,46.09252219277665,150.0,2281.4472658
140,3451.2986908,1,-0.8910770939928055,94.36566121372535,303.3162302940797,6.054353580761202,45.42074672419645,7.325325838983778,30.0,79.71227204385215,150.0,2298.4103772999997
141,3467.6097391,1,-0.9419016954816064,107.37398025373356,329.18913349836237,7.315359240004249,46.317014157216505,7.941583458902068,30.0,56.125840911144564,150.0,2314.7214255999997
142,3484.2403971,1,-0.8950678238965007,105.62028408794373,319.78436054452646,7.793068347583584,48.687687712286035,6.1375218570721675,30.0,65.96149522901824,150.0,2331.3520836
143,3500.6909853,1,-0.8436429124616133,105.06120088145057,309.56994288469684,8.449494565580494,46.0959999299491,10.0,30.0,90.0,150.0,2347.8026718
144,3517.5071431,1,-0.8465461593394545,96.80599631653807,307.7804254457184,8.443191137159292,47.33883337009363,6.422045194470167,30.0,82.69134313614272,150.0,2364.6188296
145,3533.3864304,1,1.0274896535101614,112.96164955047644,295.78234579747914,8.66967553504465,50.0,9.660843215596572,30.0,84.3949984197367,150.0,2380.4981169
146,3550.5529843,1,-0.8994206065328534,85.84779046931548,287.01765158677085,5.897728630910069,48.24680883655424,7.06052973592173,30.0,39.020294503753924,150.0,2397.6646708
147,3566.9253886,1,-0.7366363562208111,96.357142821865,279.97241352231424,8.780952829256002,50.0,5.48559434976205,30.0,89.59147591016716,150.0,2414.0370751
148,3585.6524206,1,-0.8852654358156711,108.45271081826834,317.5031817376928,7.597864234590899,49.28206864272237,8.006274434033589,30.0,84.67232036843417,150.0,2432.7641071
149,3603.3819166,1,-0.8302788103448816,108.51023649151333,275.81421375127314,5.386322013770127,46.95838942004379,10.0,30.0,85.2038259509679,150.0,2450.4936030999997
150,3619.906987,1,-0.9436090277327245,106.23436550780896,321.77169960191,7.93219316543599,45.00626807319446,3.8312581510887873,30.0,55.45610157043091,150.0,2467.0186734999997
151,3636.8445839,1,-0.9533619084545361,101.07471847283281,337.4199254221609,7.570170755884732,43.449650742487826,7.343918024810569,30.0,58.34520206023842,150.0,2483.9562704
152,3653.3396137,1,-0.8599404111064163,81.80143685490513,353.860632567968,7.55365560612973,48.91193610472337,7.108469634556017,30.0,74.76899141212809,150.0,2500.4513002
153,3673.0068254,1,-0.882878307227313,99.41496851271214,290.4303234507386,7.784439087376228,47.618778734463476,7.575875405824376,30.0,90.0,150.0,2520.1185118999997
154,3689.5235398,1,-0.939749304169641,82.47008716282893,326.73622805568556,7.237973629208098,44.33040563393672,5.37500280335886,30.0,46.66773035786287,150.0,2536.6352263
155,3706.8023838,1,-0.8698253756377824,74.93090792885779,329.27272566511584,6.803752616495426,45.57983201766651,7.771553280318223,30.0,90.0,150.0,2553.9140703
156,3723.2020519,1,-0.8482028485610772,71.65771713107004,327.7288600917767,8.151940894594528,45.97573002246113,7.111337289916989,30.0,81.30979082382176,150.0,2570.3137383999997
157,3739.7836854,1,-0.7538165084514828,72.69924877019487,262.8910826743177,5.0,40.31658979822248,6.887399346550479,70.80922500396952,76.86276278143048,166.01453901905012,2586.8953719
158,3756.2550009,1,1.01564026891335,112.76470924708596,285.16722883523187,8.001976017961567,49.215009335053715,8.986941513205371,38.652865050042706,90.0,150.4740137707494,2603.3666874
159,3773.0745671,1,-0.9454805478099717,89.12263130777399,299.9989022335736,7.245483215840395,44.937827913719644,7.147677114636279,30.0,39.30434516212158,150.0,2620.1862536
160,3790.0363222,1,-0.8910987578400881,95.2456241037794,360.0,8.574836487349463,43.88804958600406,7.303181769909957,30.0,41.740952453801846,150.0,2637.1480087
161,3808.0941897,1,-0.8807199465898619,86.49374501392433,360.0,7.089895477139868,42.46008046489932,8.043334925915723,30.0,57.31154540126816,150.0,2655.2058761999997
162,3824.9648739,1,-0.9163161330567655,102.37926299783337,360.0,7.919825102081106,45.83017423921653,6.210777135504673,30.0,59.788685137647875,150.0,2672.0765604
163,3841.480958,1,-0.9218061324561279,102.32773690806205,340.228372638137,8.12959465191353,42.64855820531479,10.0,30.0,55.905915102321245,150.0,2688.5926445
164,3858.5941094,1,-0.8891817640398669,105.74153403549181,341.2141652835156,8.704757591784729,44.379188244398044,6.852092550640075,30.0,77.60814778295776,150.0,2705.7057959
165,3876.6317317,1,-0.9773349038884759,103.0787330609318,328.97123460168376,8.085564458755183,41.388959410989536,5.5659642662420765,30.0,63.259542412344246,150.0,2723.7434181999997
166,3892.0123541,1,1.037360912174313,111.65885801208458,360.0,8.467669678479215,43.53863600973553,7.1120968429245845,30.0,78.57576053376992,150.0,2739.1240405999997
167,3908.6932255,1,-0.8940911408580955,87.984594316863,360.0,7.733479811077753,41.51433254295839,9.321371429894628,30.0,55.84548717490571,150.0,2755.804912
168,3923.9124629,1,1.0351395972164985,118.68226456694381,360.0,8.539911155101146,47.468052793733705,6.481709962334754,30.0,64.24911096480798,150.0,2771.0241493999997
169,3940.4925708,1,-0.9161489026416733,100.0489627987237,360.0,8.33122282476208,42.96728127488477,7.855527326122616,30.0,58.75684137715659,150.0,2787.6042573
170,3956.8848743,1,-0.9357255690273237,106.053530703355,360.0,7.889057196400499,44.768460682195695,3.5964632008345934,30.0,58.17788760484726,150.0,2803.9965607999998
171,3973.6393643,1,-0.8730566912892544,56.71956013173017,341.5802150957276,6.124894911950885,50.0,4.671635934166577,30.0,32.48611320802773,150.0,2820.7510508
172,3989.3743293,1,1.022672950760761,120.0,360.0,7.725361356758783,42.23472734759656,7.215000068731593,30.0,64.56938165362796,150.0,2836.4860158
173,4005.0935067,1,1.0355164866387399,103.10271602794123,360.0,7.581911162766259,45.816228664471126,7.273472416526916,30.0,73.0136761181935,150.0,2852.2051932
174,4021.5808292,1,-0.9688626359994812,111.95039612428586,358.8113898680946,7.900644028125951,42.24255040605665,3.87255419324913,30.0,57.75579118275732,150.0,2868.6925157
175,4038.3785891,1,-0.8641480734235555,80.15612798723978,360.0,9.287538298522428,40.83109441328161,7.063544739014905,30.0,28.678695677684296,150.0,2885.4902756
176,4054.244943,1,1.0268658476538626,120.0,349.05968217603953,8.553654185220113,44.92014522503709,7.666389462173708,30.0,47.86455548856759,150.0,2901.3566295
177,4069.7568805,1,1.0082947045824007,69.85742357544424,360.0,5.0,44.68241264204805,7.68845969768501,30.0,49.65571797467182,150.0,2916.868567
178,4086.4884008,1,-0.8436743962561037,97.00046337045399,292.1767961545825,8.774214986398391,45.501053864970366,4.713324571392801,30.0,69.18196247431935,150.0,2933.6000873
179,4103.1709674,1,-0.9259053124595592,95.05689887139515,310.4047304305759,7.872725289271712,44.50473202285595,7.631328396027522,30.0,78.06002726445959,150.0,2950.2826539000002
180,4119.4374982,1,-0.958011334861865,103.48615062473883,343.8445622499026,9.474732808937054,37.783249040470096,4.282366264018602,30.0,31.75153048976792,150.0,2966.5491847
181,4135.3350559,1,1.0081158060581772,83.69125316398241,324.3391958781346,7.226080251967459,39.57232172080738,2.2489899001107116,30.0,61.84228503303472,150.0,2982.4467424
182,4151.8825162,1,-0.969908612084834,101.3385357121428,331.2768412924846,8.164153437857438,34.57085704242323,4.819549770126307,30.0,56.63614395822482,150.0,2998.9942027
183,4168.6438765,1,-0.9240927581309006,101.56990672429393,354.1338345164676,7.883037480008601,37.91859660356046,9.372627205564264,30.0,54.32334183474419,150.0,3015.755563
184,4185.611994,1,-0.9701473531244356,109.21946024841432,333.36364419038944,8.20022600697748,41.98996380149357,4.253873099511549,30.0,72.97468922911058,150.0,3032.7236805
185,4201.0981763,1,0.9957262838151126,120.0,360.0,13.546671964759488,46.41709317208483,1.0,72.6838342814348,25.725680832396215,150.0,3048.2098628
186,4217.1283442,1,1.040576918822105,117.45860769631267,360.0,9.829399828999389,38.669621055994156,6.764564234221488,30.0,90.0,150.0,3064.2400307000003
187,4234.1361833,1,-0.9311428773249287,98.62480437785237,360.0,7.859659448316955,36.578626375887026,3.2684396483796085,30.0,52.39284121209237,150.0,3081.2478698
188,4249.7087804,1,1.0072009668530477,120.0,355.3731608958646,8.035439933844552,34.3874987927436,5.50004793711026,30.0,52.98105453149124,150.0,3096.8204669
189,4265.7664454,1,1.0328913820222547,99.88053048244075,360.0,9.804090537525198,39.74756794322634,3.882899971590554,30.0,46.98049047995412,150.0,3112.8781318999995
190,4282.7474198,1,-0.9244872230675996,104.04522988934883,347.4132796662858,8.209218002739608,44.230852125225496,6.747483408042076,30.0,70.37812157221853,150.0,3129.8591063
191,4299.8641647,1,-0.6255736054408245,67.5213198110779,334.66530556352205,10.15213849769732,50.0,5.3101896053027335,30.0,58.482440766231555,150.0,3146.9758512000003
192,4316.8840224,1,-0.9882641565986351,103.4928046241634,311.0472451482572,7.9987751471298045,37.683340261058966,4.299218458460624,30.0,58.67959773144189,150.0,3163.9957088999995
193,4332.8074024,1,1.0309038706149276,105.11396586902276,360.0,7.809600047677801,44.67750008655483,5.819733088613143,30.0,62.73186417690877,150.0,3179.9190888999997
194,4348.1769143,1,1.0185715154668116,120.0,338.4744913744111,8.465298398194472,39.312096550865675,5.229500843571384,30.0,69.35733134689676,150.0,3195.2886008
195,4363.8040034,1,1.018371027207155,120.0,336.3900232359947,9.27479469554016,38.82699081092166,6.013970300610731,30.0,12.13210649776562,150.0,3210.9156898999995
196,4379.7342375,1,1.016430000010244,118.1955820294346,337.9451866209384,8.448266543215402,43.185078439890546,3.6473223753768966,30.0,43.019524507609525,150.0,3226.8459239999997
197,4396.4304588,1,-0.8444151245073686,73.53908606068653,343.2672318171482,6.630625811530117,43.33160858510479,7.149199755394817,30.0,67.81087881320245,150.0,3243.5421453000004
198,4411.7779283,1,1.0157997553884521,98.4483893852996,360.0,8.32641732181107,36.06164733178615,2.928111443006308,30.0,53.28527506853568,150.0,3258.8896148
199,4428.44674,1,-0.9214396089095597,98.53076716433429,335.57375932344365,8.431547864222017,43.55659177726518,5.866082410740709,30.0,78.35871637738273,150.0,3275.5584265
200,4443.6954869,1,1.007411782151163,108.02357106931069,315.96072101045155,9.867758626669517,34.202444375340946,2.633549615247932,30.0,50.7444765849209,150.0,3290.8071734
201,4459.7152539,1,0.9828021916681813,97.50718619681973,302.46198118704893,7.688839384252533,34.78706274426521,1.0,30.0,61.80199652099206,150.0,3306.8269404
202,4476.2877498,1,-0.9550053075817045,101.80503380723732,312.9015472700624,8.17663113422405,32.96917504288106,3.440535800798643,30.0,56.47527529696325,150.0,3323.3994362999997
203,4492.2949128,1,0.9793687439902834,104.46458191413248,292.00625305292925,7.940131959556528,34.88682202493382,1.0,30.0,53.50853641143141,150.0,3339.4065993
204,4508.3167083,1,0.9942831267646118,110.665190777728,292.67933704863606,7.62250257009275,38.80403456001596,2.853582783768193,30.0,47.52754546493877,150.0,3355.4283947999998
205,4524.3376763,1,0.9936576194371747,118.33971086696252,360.0,5.0,48.972293702199444,1.9052960775786474,30.0,74.85416966972306,150.0,3371.4493627999996
206,4540.0235503,1,1.0113826139954687,110.21382700434594,360.0,8.250946081374249,33.63245383048483,5.4251296133057005,30.0,51.60637609594041,150.0,3387.1352368000003
207,4555.394653,1,0.9925235702611864,107.31548341571312,294.84716154957096,7.961072179220307,35.9688155878411,2.2628713835632532,30.0,52.34897397161058,150.0,3402.5063395
208,4571.1688549,1,0.9711799426739259,83.76095928811338,253.38670655343745,7.739317974599482,27.795368325123253,2.4383640749137094,30.0,51.87416791039119,150.0,3418.2805414
209,4587.01039,1,0.9858940072226356,108.5244546330822,293.4121416435826,7.467812033025171,33.875444595564026,2.619800561489109,30.0,51.42398234715699,150.0,3434.1220765000003
210,4603.8264563,1,-0.9524132325904404,102.01389078929108,306.2484890617801,8.207618057779897,42.90216229774495,5.123218977190086,30.0,54.63956499824469,150.0,3450.9381428
211,4619.9570168,1,1.0198488563845662,115.18722375953988,310.0611481063836,8.579090184655085,45.895963200411856,4.106830437381322,30.0,72.89430042867188,150.0,3467.0687033
212,4636.8011023,1,-0.8936625656115371,78.16829489592877,236.91093455400608,6.67414685207211,41.65610326731352,7.129727872505212,30.0,23.9161538882152,179.28294801750747,3483.9127888
213,4653.4288809,1,-0.9559696468783674,104.82439722024156,308.05831103254053,8.247008052403094,32.77715831607867,3.250537971233522,30.0,56.0712272433812,150.0,3500.5405674
214,4670.3370524,1,-0.9632390169639343,92.7125993305935,263.6379705848245,8.568306088556419,37.51580693440849,5.072256956682433,30.0,58.31333109908603,150.0,3517.4487389
215,4685.9117542,1,0.9710616430059829,120.0,275.0493462927643,6.302035907540868,37.05137202986513,1.3699540065418478,30.0,65.11760957742464,150.0,3533.0234407000003
216,4702.2915425,1,0.997271715357291,107.78591632443718,306.9779786993669,7.6302030052057415,35.49466523070655,2.7233589300426715,30.0,66.65032256877804,150.0,3549.403229
217,4718.4162095,1,1.0011929838411087,120.0,254.7424988499808,10.029367322010252,40.95166872796067,5.327179665637645,30.0,63.242590765881644,150.0,3565.527896
218,4734.5120651,1,1.0049318283411188,108.72765502666452,360.0,7.917869635640582,33.41636218928089,2.9918418432026863,30.0,56.022095294761876,150.0,3581.6237515999997
219,4750.506577,1,1.0059535289154984,105.86974839675165,296.8450562265109,8.203822138842085,42.04734560285573,2.800153790425691,30.0,56.13552311367123,150.0,3597.6182635
220,4766.1394938,1,0.9894757103530334,104.3825912086586,289.5710252134444,7.729511895110058,32.74656918690142,2.5374908187000687,30.0,66.3961642967599,150.0,3613.2511803
221,4782.0441371,1,0.9986172702587561,114.04792335749963,299.15457479161336,8.355672788701707,33.93901822871958,5.799156911562056,30.0,56.186651517946544,150.0,3629.1558235999996
222,4798.9770444,1,-0.946092253985904,102.94265601490704,299.5974998189409,8.140554051757897,32.4309107397015,3.305141469329141,30.0,56.98779031147276,150.0,3646.0887308999995
223,4815.5095934,1,-0.9558444205269442,105.70308812511085,299.73639807510773,8.049624569365728,33.7526082659104,3.4575818239803997,30.0,64.27433521856987,150.0,3662.6212799
224,4832.412092,1,-0.9519665596621205,97.5771944121519,289.23160263996186,7.533874185901259,36.107515808559604,3.8665493585116577,30.0,46.60306423598249,150.0,3679.5237784999995
225,4848.8617715,1,-0.8915020691115071,100.3771722805167,253.73010060380793,7.531621268099077,46.08068915779635,7.963704306826942,30.0,88.29673281992402,150.0,3695.973458
226,4865.7247496,1,-0.8675369405895629,89.68914933416575,254.027419553331,6.776077942462995,32.06086542322591,3.110108045037474,30.0,44.21687033355241,150.0,3712.8364361
227,4881.3557689,1,1.0010441528354688,109.95184373442055,293.12817470129374,8.103789441506017,37.59297882096449,3.3202550150539176,30.0,65.74084169668683,150.0,3728.4674554
228,4896.9526965,1,0.9510542243036667,105.65453891782445,220.53940842042348,7.793747427538657,25.645475785382594,1.2387178424538465,30.0,55.5943482179952,150.0,3744.0643829999995
229,4913.5406116,1,-0.8897264247940865,102.73153729589148,269.0534556357039,6.840558095690526,32.548268536769925,3.578240089804708,30.0,54.7339260067134,150.0,3760.6522981000003
230,4929.6016935,1,1.0030146990927886,103.02976139077037,286.0895658092361,8.022282610313347,41.943747413178414,2.990691597781487,30.0,55.39431634901497,150.0,3776.7133799999997
231,4945.0242315,1,0.9673120547153667,120.0,297.1242317330763,6.808043142955542,27.19034560543781,3.6332330597439193,30.0,59.92578431988396,150.0,3792.1359179999995
232,4962.1576879,1,-0.6328682721986304,52.85196453041093,320.80039880550567,5.0,30.253033623536187,6.457520760389344,45.102134997360906,65.94443133421593,150.0,3809.2693744000003
233,4979.1876182,1,-0.9712281060800069,101.59224954547284,285.3316829007669,8.149911701907264,34.899808033966316,3.981874722584748,30.0,55.637688617313046,150.0,3826.2993046999995
234,4996.2928776,1,-0.9637559885936192,94.12960023384497,305.04009072858946,7.849265180482917,36.91672598580788,3.7518231775023376,30.0,52.53435971209488,150.0,3843.4045641
235,5012.1426965,1,0.993664692354455,120.0,324.24626849952983,8.149752824344905,37.124512804858504,1.0,30.0,83.55228537113797,150.0,3859.254383
236,5029.2097325,1,-0.9414859111767097,101.13668011092929,290.70294453790683,7.386533054547178,35.860606914759295,5.4850841340875816,30.0,65.13519549335666,150.0,3876.3214190000003
237,5045.2129482,1,0.9699150527982858,120.0,210.1602636778004,9.137206385794395,31.592979635629028,3.663060661218227,30.0,58.17240535758334,150.0,3892.3246347
238,5061.1093017,1,-0.9485248923909295,113.36069637289572,360.0,7.874051592945571,35.23690660475364,3.922326087596579,30.0,62.07406514348992,150.0,3908.2209882
239,5077.0212378,1,0.9871266927412072,106.79006187600504,308.31110685803213,7.850833200553988,34.51920524758724,1.5084462547418571,30.0,49.85246037984328,150.0,3924.1329242999996
240,5093.5710729,1,-0.8975038426297998,98.92089080804148,269.30945985285916,6.943415279024559,33.16476952060791,3.3529221005648533,30.0,49.026884839910075,150.0,3940.6827594
241,5109.1550809,1,0.9907674140818358,111.50742633878394,262.8914738878921,8.65541321524169,33.9425440787119,6.354234321937933,30.0,53.09516724436637,150.0,3956.2667674
242,5124.6965941,1,0.9922405455890755,102.51932426325504,260.2180196121638,8.130168951590708,37.87033077762011,3.6160006718389117,30.0,54.16081627449392,150.0,3971.8082805999998
243,5141.2950903,1,-0.9548519781716197,97.27583966825357,279.5443408245737,8.140160310346397,33.573161016080796,5.196044161936635,30.0,53.72642522962685,150.0,3988.4067768
244,5157.4894565,1,-0.9498349397131693,97.40084967459887,285.27713844213923,8.289614960189315,32.01301674438048,4.4741708653737,30.0,67.91877950616482,150.0,4004.6011430000003
245,5173.6287349,1,0.9599621741417721,91.11939780270251,208.25361251099426,9.51842059316635,23.890963241759895,3.55129906162479,30.0,42.369527538120224,150.0,4020.7404214000003
246,5190.1424452,1,-0.940680713918665,89.21431531986283,247.75390253582404,9.097918316263595,34.75331516458583,3.1224443648738065,30.0,51.42130932472021,150.0,4037.2541317
247,5206.0550965,1,0.9943245482885297,108.87306770002075,280.0741334511229,8.193867863642955,35.15444988537746,4.772357751162958,30.0,53.49540918263887,150.0,4053.166783
248,5221.5681975,1,1.0240118792742046,113.58613914621586,351.2165052876679,8.523398361831362,40.34074189793043,6.084338681810394,30.0,57.73096167278062,150.0,4068.6798839999997
249,5238.8186552,1,0.9944041073723879,98.36452014045817,258.829243297306,9.218873572450104,33.59418805239663,4.711483563223829,30.0,57.04131677613809,150.0,4085.9303416999996
250,5254.4657673,1,0.9895997774476428,103.03176788597986,273.62672408553334,8.137212053778851,35.585954027128956,2.3004243585704574,30.0,55.85623831370624,150.0,4101.5774538000005
251,5271.3425262,1,-0.7951959428994558,100.95832394487675,264.7831972630496,6.631162808745982,24.931796440898395,3.410922983389497,30.0,45.91023700452666,150.0,4118.4542127
252,5286.9052421,1,1.0106003642945351,120.0,301.2914720976596,11.34560194987978,35.13783610709903,5.135577173866258,37.99276303925559,72.46934791058213,150.0,4134.0169286
253,5302.6448751,1,0.9600561762300897,120.0,239.09499305087166,5.0,50.0,5.524150023704365,54.43687676310572,84.95773124220898,150.0,4149.756561599999
254,5318.7744927,1,-0.9649708528547125,107.04074731310854,307.35519089999735,7.794822291173834,35.68940585933382,3.5615442041071903,30.0,53.40758161961118,150.0,4165.886179200001
255,5334.0680183,1,0.9924361503704536,120.0,284.3783616275337,9.165825576671516,34.420924807184576,1.9914352702324516,30.0,63.459758339576254,150.0,4181.179704800001
256,5350.7883543,1,-0.9411191048823891,98.49778938231455,281.6947633434096,7.839647794955218,33.92978343096727,5.90230173684596,30.0,61.66667716099896,150.0,4197.900040799999
257,5366.1422417,1,0.9913177961547043,115.94458462652793,281.33401674109217,8.626749279862496,33.72597853974446,3.474214298789718,30.0,52.38396151521392,150.0,4213.2539282
258,5382.6865424,1,-0.9385334136273553,89.35992161837092,244.35840692050724,8.058634565523786,35.88492117403126,4.544337640337554,30.0,65.08288452825269,150.0,4229.798228899999
259,5398.0876968,1,0.9754482041788128,101.63811754966767,286.3832845044815,8.379570801071381,30.526627897515535,1.058648192299838,30.0,52.198662957378936,150.0,4245.1993833
260,5414.911205,1,-0.9467102440111816,99.71258657412332,295.9575314360464,7.375371461915156,35.916433334176816,4.830683517898235,30.0,42.85429894341116,150.0,4262.022891500001
261,5430.669474,1,0.9855760733731884,107.69365274773071,264.3904966635027,7.766365564846082,36.09370065387733,2.5047348213245884,30.0,57.55278045245132,150.0,4277.781160500001
262,5446.6072167,1,0.9936731153165246,100.2261517596998,256.24774877177055,8.135707813420339,38.86326237112084,4.047522626520661,30.0,54.91460120523946,150.0,4293.718903200001
263,5463.409038,1,-0.9581310858457013,95.10289372801836,275.2137786586918,8.21284530079359,33.86411009266718,4.5028723466748595,30.0,52.36636243357657,150.0,4310.5207245
264,5478.9398165,1,1.0016645730523368,106.00917763216222,283.1129143240399,8.543256147188,35.83466270271735,4.575332643932922,30.0,66.00041104729297,150.0,4326.051503000001
265,5494.7079727,1,0.9450395472146301,103.23388218140852,200.0,7.55517687091348,24.700901501423402,1.8977709902254452,30.0,50.02268939321747,150.0,4341.8196592
266,5511.0125599,1,1.0201912831054225,106.52125013910242,334.7605247160303,9.32885148438378,36.46844979763262,4.774068816542838,30.0,58.922015814837394,150.0,4358.124246400001
267,5527.6755916,1,-0.9501660414236038,95.3306419065468,281.97743659524644,8.142467628448784,33.22590191003071,5.531622263308899,30.0,48.80704821691182,150.0,4374.787278100001
268,5543.8169173,1,1.0246737760364526,117.41076622652541,360.0,8.83328470315773,38.42402677195181,7.385841861625481,30.0,55.22595620717777,150.0,4390.928603799999
269,5559.5320125,1,0.999677222658962,103.56570926182968,274.20056910364104,8.985744929172736,35.03879807847804,5.115759308038363,30.0,58.18157225598179,150.0,4406.643699
270,5575.9941942,1,-0.9400777786778778,101.25217935600513,287.7194924270307,8.224603050466348,30.897833298462444,3.537486866167709,30.0,55.8429202290374,150.0,4423.105880699999
271,5592.6754726,1,-0.9604941122002307,91.57240474303197,255.68879378339594,8.09586492326568,39.04986376978851,3.866826741001257,30.0,54.85925445987117,150.0,4439.7871591
272,5608.4502258,1,0.9862895048600702,120.0,260.20209401380197,7.843729302590752,37.40613536809454,2.262699547380461,30.0,72.50363964652249,150.0,4455.5619123
273,5624.1156331,1,0.9221139490834935,120.0,318.93089822133805,5.0,32.6995220478365,1.156271267724227,68.72529320565388,90.0,150.0,4471.227319600001
274,5641.3014158,1,-0.9657477147029464,106.42827135162025,296.34174382528164,7.9050266189491545,34.791026593244666,4.204196648345844,30.0,58.07546854988448,150.0,4488.413102299999
275,5656.6667969,1,0.9884294592219397,119.1917415821161,262.974493232898,9.306725139443177,34.058270645488584,3.693897248904779,30.0,38.70283052981837,150.0,4503.7784833999995
276,5672.3178577,1,1.000019604913228,101.89956050790224,283.5729278507246,8.74031387809559,34.48556967412279,4.737952460909707,30.0,56.608802733694596,150.0,4519.4295442
277,5689.6099336,1,-0.9803307552845076,96.40568956341131,327.61830577879346,8.27177546862065,36.57051944962478,3.8821169005464324,30.0,49.643850379616346,150.0,4536.721620099999
278,5706.0452348,1,-0.9399534061364891,90.11253810941561,240.9984174223598,8.179087553093364,35.95785995638446,4.1058223562882885,30.0,56.38890958048461,150.0,4553.1569213
279,5722.9445289,1,-0.9228689918578237,98.73668630990971,274.1570662680505,8.615978198243578,28.934107950522662,6.496058543442287,30.0,54.32667424217461,150.0,4570.0562154
280,5738.8683628,1,1.027437529380354,96.81708550583679,360.0,9.267492024618925,38.43476440343394,3.672189754019872,30.0,40.875067723889615,150.0,4585.9800493
281,5754.4455293,1,1.0042920402950524,104.37376977891518,360.0,7.730180408275477,38.427052462345216,1.682739305889147,30.0,45.77943645949311,150.0,4601.5572157999995
282,5771.6329322,1,-0.9816636251229031,93.01010387495666,308.27890441333574,8.447201308282619,36.25510085405992,3.919690566977226,30.0,47.89745030300961,150.0,4618.7446187000005
283,5787.0938699,1,1.00187100253799,94.63228555442497,306.03578188103774,8.329805960368505,35.67827545063875,2.791840385688429,30.0,47.21238212979022,150.0,4634.2055564
284,5803.7372962,1,-0.9634082868282415,89.9494736236186,342.6426338053428,8.602607011907981,38.87187557307492,4.454104482387361,30.0,42.90194716235306,150.0,4650.848982699999
285,5820.4694154,1,-0.8999925966333598,94.6258935796292,265.69064484580485,7.342796846287395,31.606354165940594,4.968598420661122,30.0,54.03247579429821,150.0,4667.581101899999
286,5836.7169532,1,-0.9749447890008456,102.75202891778254,360.0,8.939373551427341,37.430899647480906,4.116698014498801,30.0,49.41662107638637,150.0,4683.828639699999
287,5853.2911164,1,-0.942268647905871,90.41845154372042,355.2255086931814,8.366966974295568,35.23464011393548,3.905794337666742,30.0,48.23206950723727,150.0,4700.4028029
288,5870.0980027,1,-0.9132214522139029,85.12518311770329,327.16672190907747,7.687531222844277,33.755910692935586,4.86085715840583,30.0,52.15614857472008,150.0,4717.209689199999
289,5886.2264282,1,1.0179879868691482,95.96063677007052,360.0,7.851004044624872,37.037853983065055,4.818971437054064,30.0,48.707496464266356,150.0,4733.3381147
290,5902.9352078,1,-0.9140425810312109,88.42955057466268,360.0,8.34621043242904,32.827503261080246,4.358519438030163,30.0,43.07833844021292,150.0,4750.0468943
291,5919.9650072,1,-0.8401601167792719,93.41815035587855,270.19481960193195,9.095661456643985,42.84890969367268,4.154563772779048,30.0,47.00522927135465,150.0,4767.076693700001
292,5935.4998666,1,0.9931025559831301,101.08911212514715,331.43268612868275,6.924370988004844,38.04626092473741,1.8022705765402014,30.0,45.50964643141454,150.0,4782.6115531
293,5951.2983209,1,0.9725044826843153,120.0,360.0,9.969423531822782,31.374195137650453,2.2526785583479176,59.14156768258755,29.639995717454433,150.0,4798.4100074
294,5967.5708929,1,-0.9603607240014163,81.42842285807576,328.3964798066828,8.827442455230782,35.711935306207295,3.9599243013825722,30.0,42.188569738446645,150.0,4814.6825794
295,5983.6987625,1,0.994149342930591,93.72963719898769,252.63924249980056,9.383000243672843,35.37016350277696,5.0003751476407015,30.0,26.71111401958799,150.0,4830.8104490000005
296,5999.9091,1,1.0221845147128408,93.70543712729986,353.50789275146656,9.228505162807387,36.86343210527351,2.9707506366770566,30.0,44.63719372438729,150.0,4847.020786499999
297,6016.5813328,1,-0.6362630515179928,39.09424805785021,301.6924736686427,9.500355844218815,17.749438179855872,8.088811023468365,30.0,61.27121464096244,150.0,4863.693019300001
298,6033.5007883,1,-0.9843268898814673,95.10009564100753,306.8755788963462,8.464545434785341,37.20322374905653,3.6559659925147114,30.0,37.30632450323748,150.0,4880.6124748
299,6049.2352476,1,1.0307907283389013,96.10100391131803,360.0,8.223598339223898,43.0034500259391,4.785196166697267,30.0,47.79025118951207,150.0,4896.3469341
300,6065.6955913,1,-0.9145280200008408,91.98698965018048,360.0,9.763215683332373,36.746328903064295,3.011682323190797,30.0,36.497484861332126,150.0,4912.8072778000005
301,6081.5772577,1,1.0232355380278806,91.67214414823634,360.0,8.76148743895881,38.69576675201855,2.9324361720404095,30.0,33.98126905718839,150.0,4928.688944199999
302,6098.2719357,1,-0.9771242593096992,91.92773275575492,334.38131285233,8.657287933307087,36.335456587811066,3.722722512960703,30.0,21.510746408040205,150.0,4945.383622199999
303,6114.8653073,1,-0.9817532117363048,95.24588937938573,323.32587881775953,8.479009830290945,37.72830455026339,3.4970364779422853,30.0,23.8925869464323,150.0,4961.976993799999
304,6131.8011697,1,-0.9644424575511521,85.18122199837816,304.15518109203884,8.427258151933959,38.419196837261346,3.6257159713868514,30.0,26.077945874835905,150.0,4978.9128562000005
305,6148.3484604,1,-0.9583175325616333,90.3150118913688,335.9679388704464,8.11440514118388,36.168927436086236,5.0171768924644535,30.0,37.48942337739215,150.0,4995.460146899999
306,6165.0638214,1,-0.9495895897567372,88.99146359400409,344.80142048760837,8.709719432590862,37.65132698678008,3.0555505873441065,30.0,23.86530288024714,150.0,5012.1755078999995
307,6181.1043989,1,1.0229567360875955,95.27022807647087,360.0,8.646203303709495,39.86177309780256,2.915187333778375,30.0,25.87781684606175,150.0,5028.216085399999
308,6198.3736645,1,-0.9406205051343778,77.35072408672315,286.81952271698896,8.731153993489535,33.98225814828038,3.1177878420436587,30.0,38.896666806243644,150.0,5045.485350999999
309,6214.0985711,1,1.0192816239801756,89.76192737661518,360.0,8.057641941631612,38.31992460598139,3.2698318060336815,30.0,18.45438812178016,150.0,5061.2102576
310,6230.8468747,1,-0.9274749196328022,84.78421079751853,337.18647365871294,8.607821206003784,41.51870261514192,4.40953509482779,30.0,31.66599624698305,150.0,5077.958561199999
311,6247.6294988,1,-0.9675855181505124,97.7828414517303,291.6848472849859,8.988057608642851,37.771093772960114,3.8641378365172256,30.0,28.055150277159964,150.0,5094.741185299999
312,6264.0517078,1,-0.967414308149621,84.09708052186582,323.0788368062565,8.497918721933459,37.785453417698804,4.875077101575746,30.0,23.154375484378043,150.0,5111.1633943
313,6280.3607217,1,-0.6406234867653766,75.4392088712421,358.5324032237413,11.731394274211542,42.32493259791873,4.029325468383187,39.26415906022707,0.32540729506854404,150.0,5127.472408199999
314,6297.2078798,1,-0.9700339045973179,95.4142246584826,344.8666066966323,8.535368266765829,38.10700315667895,3.452926818192596,30.0,26.796776031264887,150.0,5144.319566300001
315,6314.0869869,1,-0.939957643722282,80.40866454094422,250.9345359571113,7.960539448370104,37.66682400307594,5.511590391495565,30.0,33.77506657032406,150.0,5161.1986734
316,6330.5055675,1,-0.9261191627082134,91.12956643009849,360.0,7.776334897055806,38.57176379376932,3.2483646797043724,30.0,36.824324034316184,150.0,5177.617254000001
317,6346.0709622,1,1.0007038255164087,120.0,297.9984617434645,9.945018328255358,31.56028680601264,4.9140824466781865,30.0,52.485698194342305,150.0,5193.1826487
318,6361.7323723,1,0.8840329781784989,107.96458330301779,360.0,5.0,17.115183490207425,1.0,30.0,47.93942697943012,164.06881336013646,5208.844058799999
319,6377.5978049,1,1.00098144316327,93.62749297161324,298.54205855044887,8.467735465396073,42.6834073154944,1.467096696067716,30.0,36.32442607012621,150.0,5224.709491399999
320,6394.196342,1,-0.9433640165851481,91.26223899541614,360.0,9.432818153271054,36.72859032855314,3.757309077764527,30.0,34.106388659220976,150.0,5241.3080285
321,6411.4047295,1,-0.978071908427658,88.75044906417854,333.73860524785226,8.923151492054473,35.312177337658056,4.955981387144902,30.0,29.08495933428543,150.0,5258.516416
322,6428.3319775,1,-0.986109870413103,96.67504820521707,311.89099344322346,8.4312471481055,37.45810495376644,3.6000218179478343,30.0,36.500668751355576,150.0,5275.443664
323,6445.503574,1,-0.9829170684122471,95.45186551327217,326.5109473232495,8.556860336670937,38.22053053423575,3.8945600603689763,30.0,19.086877739201654,150.0,5292.615260500001
324,6462.5589979,1,-0.9785764297947489,98.68751917009791,288.6315225832038,8.394519993568764,37.89029590143532,3.2263502544033127,30.0,23.904005288649966,150.0,5309.6706844
325,6479.6043658,1,-0.9396845441170869,94.34036355882075,312.83248326763476,9.22515245342301,38.97066559923404,3.979439204481954,30.0,28.00268347607402,150.0,5326.7160523
326,6496.8351532,1,-0.9720235720661476,93.89113528932,271.0533860876405,8.050267976687277,37.56105346813348,3.8781104676221494,30.0,21.99998952833737,150.0,5343.9468397
327,6513.5848471,1,-0.9431866813791004,97.88252576352724,344.5534522582693,8.48503868265631,41.86590741762471,3.697792198869424,30.0,38.977417680150864,150.0,5360.696533599999
328,6529.3736994,1,1.0077610656366682,83.70685620617337,286.4630040502234,9.263614844214533,40.60156491946472,2.3112372891888278,30.0,29.370456559958733,150.0,5376.4853858999995
329,6545.2276375,1,1.0214356567829141,89.09143088515633,360.0,8.837133769745448,36.63323930837589,2.754157223498912,30.0,45.94184002645799,150.0,5392.3393240000005
330,6561.7856926,1,-0.9624207431167201,86.13818581890393,304.3903566550375,8.470492910510558,36.83672863577445,3.2053135029174014,30.0,33.66789532098868,150.0,5408.897379100001
331,6578.6127706,1,-0.9658009397555225,95.96431970741324,314.8811295568456,8.454705387742692,34.13833745582576,3.2084848768314695,30.0,25.174905314831662,150.0,5425.724457099999
332,6595.522375,1,-0.96179485068486,92.06782048589598,307.3054828419848,9.285676360037955,36.77565323412359,6.365744460596041,30.0,13.554537216699323,150.0,5442.634061499999
333,6612.2388035,1,-0.5764773715681527,76.88596159241754,267.32821724156815,10.9512531480746,45.078703791939304,4.759064470130653,30.0,64.05793713200276,150.0,5459.350490000001
334,6628.2454873,1,0.9956702890534139,102.8779496237626,273.88554485671455,8.299332072552144,38.0437693623044,3.595164272921729,30.0,40.73717141495548,150.0,5475.357173799999
335,6645.3384863,1,-0.9711578725987231,95.23138981027311,272.575634228646,8.298289976411015,38.00918066630948,5.600775353117794,30.0,41.42174929982977,150.0,5492.4501728
336,6662.234656,1,-0.9019219510276508,91.94713142075746,360.0,7.431309086167647,37.07830970372754,3.4156367343303446,30.0,33.46671646564891,150.0,5509.346342499999
337,6678.0909074,1,1.0057434314614089,120.0,297.65948544350476,8.618746462637958,46.750087405141045,2.2955888407696663,30.0,46.47034028217315,150.0,5525.2025939
338,6693.7232473,1,0.9560882229347065,120.0,360.0,5.0,43.580715993264135,1.7745040096515043,42.97177735048507,31.812041468041265,150.0,5540.834933800001
339,6710.2376373,1,0.9841659931670181,93.51072905689276,270.7025543097427,8.595688779594042,39.670410475859924,1.0,30.0,32.40730292933986,150.0,5557.349323799999
340,6727.0785707,1,-0.935047724985441,93.51398234173756,320.36464598721915,7.0908555938030595,38.182370371904675,4.115043494656428,30.000258144989033,36.092190244451636,150.0,5574.1902572
341,6742.7233627,1,0.9966713943885448,103.07119924811548,271.8771670725835,8.7371705746634,37.62801803877572,3.7988355691952496,30.0,26.541302609090653,150.0,5589.835049199999
342,6758.0240714,1,0.9724853530196664,79.26686384067115,247.04914387028273,13.825907702508697,20.41202818792184,6.487509196000725,42.86929517080027,0.0,150.0,5605.1357579
343,6774.7221075,1,-0.9821304359370686,95.68985601704676,306.17513007199443,8.35788076192079,38.332603226314895,3.620938645623653,30.0,43.017558123946635,150.0,5621.833794
344,6791.4065206,1,-0.9854108588043877,102.95437094991357,293.91433181877403,8.426453946483687,36.70233091563438,3.3888485362606935,30.0,53.844721822997585,150.0,5638.5182071
345,6807.2139718,1,1.0088623657146334,97.30779728516033,300.0340092807401,8.745863246576716,40.29898674708155,2.97610732756646,30.0,42.26564708358467,150.0,5654.3256583
346,6823.8021389,1,-0.9821845302522829,96.78421019924488,280.43769246594366,8.205526854262978,37.41766427549079,3.9647483261387086,30.0,23.20589187632291,150.0,5670.913825399999
347,6840.5633286,1,-0.9719577180931364,98.15361969595145,264.8956754123761,8.356004037958954,38.29087135889568,4.093683649668415,30.0,45.65771900638576,150.0,5687.6750151
348,6855.9820944,1,1.0100993336523885,112.07654961766326,341.55179150053823,8.417310671149345,38.04005434909802,3.203143328613688,30.0,34.59396354196271,150.0,5703.093780900001
349,6873.0904826,1,-0.9869615016562193,106.70522221092767,339.2513849915876,8.302593273869615,37.121658484743406,3.416652894870728,30.0,42.46169442209963,150.0,5720.202169099999
350,6888.8414222,1,0.994453065013839,108.02931098725495,288.8649599324776,8.353041558965176,35.56195003081695,3.4561741687146394,30.0,35.30735988981755,150.0,5735.9531087
351,6905.5829565,1,-0.9471264705875717,95.08700928832332,324.6575964179784,8.127351536951528,33.39540673247301,3.501376934246899,30.0,49.66979963269293,150.0,5752.694643000001
352,6922.1716163,1,-0.9805990361631557,100.16530741782954,309.28652910449625,8.290445423920687,36.949574450767855,3.2396166229623278,30.0,50.73592040488825,150.0,5769.2833028000005
353,6937.613522,1,0.9455588476777298,113.87242254375002,312.85411755185623,5.0,28.27946957201544,2.7497840188765674,30.0,55.86297321788102,150.0,5784.7252085
354,6954.6890959,1,-0.9709544743912771,92.16895266922138,270.1749330257366,8.246237009660131,37.148145279622845,3.6736433762762166,30.0,42.021606851272374,150.0,5801.8007824
355,6970.6121254,1,-0.9908752097668027,104.5854147332192,301.997075217815,8.633188070895851,37.94133574838589,4.123437163879446,30.0,41.616954968275095,150.0,5817.723811899999
356,6987.677938,1,-0.9709052410497645,102.19075448657571,331.87650431078924,7.846702595394289,36.953932678181815,3.7357083789888392,30.0,34.36130817248436,150.0,5834.789624499999
357,7004.0521238,1,-0.9222553829629708,77.95650965072463,323.6930860806477,7.7165533810074844,44.37368222020194,3.590553726364912,30.0,40.35494987644328,150.0,5851.1638103000005
358,7020.1084358,1,0.9845069116738036,101.83506053386475,305.4688423801837,5.0,50.0,2.274629221453128,30.0,28.881193350452325,150.0,5867.220122299999
359,7037.181052,1,-0.9692589307452777,100.6230710734193,352.4626270457523,8.535204602944487,35.11258646656863,6.132154383470702,30.0,36.817790047466154,150.0,5884.2927385
360,7052.7874453,1,0.9920342415298244,120.0,271.74377507188535,8.206150141667333,38.49539592727062,4.317095948654342,30.0,43.748117901902994,150.0,5899.899131800001
361,7068.7061757,1,0.9879400002005427,112.41983585759567,245.0880041174105,8.561288028271973,39.47990242322453,3.918156828714536,30.0,37.17745408111134,150.0,5915.8178622
362,7084.3924851,1,0.9937743616318089,85.44252649192778,218.75416450884583,15.788094598242646,37.79141385703507,6.324240727557752,36.45632346817119,3.430730181503961,150.0,5931.5041716
363,7100.8743394,1,-0.9893609175171298,99.23486687343473,294.3212683971879,8.29443564440296,38.047112319650104,4.66456962937494,30.0,52.809764916484596,150.0,5947.9860259
364,7117.5991899,1,-1.0033465973584768,105.60340152941959,316.985813489699,8.685680932243926,36.82228625403699,4.977026217538451,30.0,49.01949493500697,150.0,5964.7108764
365,7134.0193832,1,1.0025995826768173,116.53787409164747,296.3693738976461,8.31413941452529,38.80219215665383,5.142890706556231,30.0,49.75658710883649,150.0,5981.131069700001
366,7150.0325126,1,1.010956447207306,112.08140955482712,330.4988143117553,8.704425277806406,37.5362976623804,4.238303629185343,30.0,36.21298820932472,150.0,5997.144199099999
367,7165.8379224,1,0.9903048582429573,103.98289315777306,253.26371541171787,8.75632936911494,35.752829946093485,4.314324670390774,30.0,48.34269202899659,150.0,6012.9496089
368,7181.7250681,1,1.0035968938753617,112.04981834218253,317.68967327825163,8.076205356225902,36.43000553277217,5.917135222771696,30.0,39.11432229008129,150.0,6028.836754599999
369,7200.116815,1,1.0067005250418393,112.79277547717152,309.0805653192384,8.458799035343656,38.66307884855934,5.12984353629019,30.0,38.60804933958396,150.0,6047.2285015
370,7215.8141505,1,0.9997139072029753,115.41509027229935,287.990813784085,8.457640415497975,37.89505377851421,4.7870229617972795,30.0,48.66527548704545,150.0,6062.925837000001
371,7231.7133998,1,1.0126207252141954,110.409022353236,292.6280530330134,9.151560883118595,43.37560755446487,4.1486226228607865,30.0,53.6229043114351,150.0,6078.825086299999
372,7251.2060643,1,0.9960865734094515,110.32267091990138,294.04322078965714,7.971340108695274,37.2408848819281,3.1646267851011047,30.0,49.68351616101597,150.0,6098.317750800001
373,7271.4111147,1,-0.7577526329459485,120.0,337.4243719719841,5.318541733880861,32.94255202500392,4.4053481596444986,30.0,21.343894021197023,150.0,6118.522801200001
374,7288.6491927,1,1.0030088803994015,110.97114911809481,295.3799333295303,8.637206988617889,37.833325471571925,4.565922422890821,30.0,42.047835459336554,150.0,6135.760879199999
375,7305.5502618,1,0.9745456730004884,108.77685296790335,289.8847994024347,7.695794420716295,37.672140468646646,7.027251876239864,49.457927553786604,51.393846512701614,152.5239440608267,6152.6619482999995
376,7321.634016,1,0.9949911395359468,109.6184097421719,274.78724474445636,8.32684051840074,37.592406795420594,4.318582627922454,30.0,42.26183624844769,150.0,6168.7457025
377,7337.7916671,1,1.0117444278749315,117.77606597946352,316.40098368035456,9.265085908949027,38.770474235102895,4.784959211684027,30.0,37.9269797979666,150.0,6184.903353600001
378,7354.4825031,1,1.022696040179218,92.49166579217358,269.1777799946667,12.53220051833464,50.0,4.691351097988946,30.0,46.54147873447511,150.0,6201.5941896
379,7371.2950859,1,-0.9753711357415125,107.86534004623891,345.3404380143884,8.534768485115208,37.109730288734454,7.965992687464326,30.0,46.960271445387505,150.0,6218.4067724
380,7387.1612315,1,0.9973460373298048,120.0,277.07406970641733,8.944828510826905,36.42743058669402,5.22646134531635,30.0,53.71119001211884,150.0,6234.272918000001
381,7404.1402848,1,-0.9834488525854301,112.71086959313814,360.0,8.543203458987163,35.06464785393073,4.424878453713872,30.0,57.95969539705694,150.0,6251.2519713
382,7420.7258939,1,1.0184515716077582,120.0,284.60545393676284,11.272192918109525,45.604728629591804,4.644918042292881,30.0,62.908551981631106,150.0,6267.837580400001
383,7436.6802992,1,1.005102591897241,105.55554047916446,288.2584357146504,8.915243405546972,36.54075781107025,5.333661360322366,30.0,56.34003573820984,150.0,6283.7919857
384,7452.6261088,1,0.9954698476974153,75.50668318334786,311.1548915179401,10.245404616665512,28.726036754126444,2.195294004037529,30.0,32.68950242490112,172.84875968726718,6299.7377953
385,7468.1429124,1,1.0065731175117945,111.21009577603667,299.40147286272565,8.613901425884567,37.76253886668638,5.9929193826018885,30.0,52.11015610246997,150.0,6315.254598899999
386,7484.619011,1,-0.9815840841161451,104.81620414144083,348.7987413954822,8.972358000676332,37.223882996096734,5.872512370567791,30.000585959034524,63.0628100271918,150.0,6331.730697499999
387,7505.3169867,1,-0.9900607884671719,108.39441269248465,360.0,8.827771182347751,36.24550947952491,5.124447819516549,30.0,51.05878429150793,150.0,6352.4286732
388,7522.6078869,1,1.0084980757955353,109.00112234399874,304.19649841574534,8.803183205995355,35.76109175857529,7.268225891635799,30.0,56.94891626278931,150.0,6369.7195734
389,7537.9725143,1,1.0014313075027463,115.82376107592083,295.2225664997583,8.790128473297045,35.8517533102645,5.956613050160105,30.00006735113695,46.21935768613199,150.0,6385.0842008
390,7554.4748059,1,1.0110894197054066,107.18192254399978,307.24077632598505,8.520204243639554,38.46139483156836,5.769206697607057,30.0,56.66378092835316,150.0,6401.5864924
391,7570.4122004,1,1.0135058852532606,116.20431119341055,311.6473964895099,8.778696963026022,40.99901632583291,5.7111871468351385,30.0,51.194181061571555,150.0,6417.5238869
392,7586.2304182,1,1.0071870110267014,109.06949780219216,302.35801756335877,8.83758119762548,36.40483378885031,6.708081280567583,30.0,47.58290944708022,150.0,6433.342104699999
393,7603.3507075,1,-0.9181421448429389,111.15826273524698,328.6502979304544,6.289716952568786,42.371402007857604,5.596925658254049,30.0,26.83574403040065,150.0,6450.462394
394,7619.3649133,1,1.0162250927966794,111.72457439668628,333.84484229889676,8.86335821099504,37.77489592786959,5.807048562711779,30.0,44.91976016643121,150.0,6466.4765998
395,7636.3221583,1,-0.9860674207159525,106.2593468988992,344.86550675873514,8.889155136791691,36.15896673264909,7.124457480527848,30.0,52.20376336401644,151.59086736680806,6483.4338448
396,7652.2096979,1,0.9933707823147312,109.19333857891556,244.31407013813896,9.124249199820536,37.59318341107265,5.996175337058779,30.0,60.06494656925432,150.0001194417253,6499.3213844
397,7668.8477776,1,1.006532758330683,120.0,312.876298731067,9.55508600760839,32.08813225426379,5.729771975250581,30.0,63.10534582031904,150.0,6515.9594641
398,7684.5641543,1,1.0449661447821352,91.20464126249911,318.1300062080295,14.302811214216499,43.69630734349934,6.498693023077242,30.0,62.40222747764602,150.0,6531.6758408000005
399,7700.8755907,1,0.994357088050083,110.83372485838825,294.8074270150283,8.674562184744584,38.093951543458424,1.5518576447293748,30.0,53.68219789251023,150.0,6547.9872772
400,7716.79204,1,1.0234960988203656,107.08420482159187,360.0,8.93945003884747,35.89403107714192,5.269007677637029,30.000731803893146,58.04460202313359,150.0,6563.903726500001
401,7733.6367471,1,-0.977194969694347,98.08957216714992,355.79744988628795,8.885002280013525,35.66043290529399,5.15992059190865,30.0,55.817044341088945,150.0,6580.7484336
402,7748.8806371,1,1.010489360245562,118.19788663394166,344.16272192475355,7.58237916095703,36.04606382648018,4.077829154237345,30.0,79.05119398192187,150.0,6595.9923235999995
403,7764.798101,1,1.0105165286479034,109.07665107381858,311.2217838032245,9.2141206999167,35.873913607373666,5.6074543411192925,30.000793987574355,49.29820235524146,150.0,6611.909787500001
404,7780.074949,1,0.972182106116699,120.0,292.8920764196191,5.0,50.0,1.394590421489152,30.0,11.910113791960761,150.89136451547233,6627.1866355
405,7797.2110027,1,-1.0002539715193677,108.00548362410339,334.7781582414052,8.841755423847026,37.02182115200535,5.378508097163582,30.0,49.77327988789032,150.0,6644.3226892
406,7814.0217294,1,-0.9864909666473939,101.07064829903543,296.8495788916927,8.885727384714501,37.01545887115415,4.732151233456207,30.0,59.61687654201542,150.0,6661.1334159
407,7829.6285649,1,1.0214201423331308,105.97564712151197,360.0,8.619696346874154,36.81678580653889,5.569326508324593,30.0,47.60664229878157,150.0,6676.7402514000005
408,7845.6998778,1,1.0202296412706842,106.40830334688903,321.14466944843326,9.135484719417441,37.97692804940529,6.598417500152615,30.0,62.36542718621851,150.0,6692.8115643
409,7862.606869,1,-1.0011635194733874,102.52125622691605,314.788477789088,8.883015690317754,34.45425634305319,4.643164208787868,30.001285544021457,51.868553458581204,150.0,6709.7185555
410,7879.0657733,1,-0.9884347594068537,100.98154546041727,321.38284441295,8.817568217173143,37.682232521617415,5.776178339931636,30.0,46.30522310387767,150.0,6726.177459799999
411,7896.5669556,1,-0.9650710336647521,104.23493733036557,327.8910061695083,8.565457667695684,31.974826030760166,6.552649774739007,30.0,44.734964259032616,150.0,6743.6786421
412,7913.3138209,1,-0.9798453898272008,101.1227006308917,320.0767305684442,9.084400710708728,36.8249611581369,6.929817982402,30.0,47.077175908970695,150.0,6760.425507399999
413,7931.1023524,1,-0.9728254620330079,95.50200830592313,315.213069607537,7.861405432110528,38.58875965590251,5.882280957759557,30.0,58.79212041319177,150.0,6778.2140389
414,7947.8404126,1,-0.9942218978810407,101.02712963149608,317.44448934041475,8.619700044103059,35.366860161016454,5.620086436102732,30.0,50.799934995092734,150.0,6794.952099099999
415,7964.8342956,1,-0.967286625306119,104.56835465102888,345.8989761542322,9.32443405006302,36.816039959339186,3.2138646917031375,30.0,51.264209324906254,150.0,6811.9459821
416,7980.3357118,1,0.9913828534232781,103.25413875320228,240.32214794572212,9.00488694105618,36.816611890010265,5.6017096412392835,30.0,58.55800246414009,150.0,6827.447398300001
417,7997.2913877,1,-0.9399427866510479,106.0551217333062,314.05031215532773,7.547456328584392,34.527282475286604,5.811551007681303,30.0,75.41425362340416,150.0,6844.4030741999995
418,8013.8855281,1,-0.7102741901927205,105.97623071510773,343.30025022689847,5.0,33.30685701662756,4.837628997916532,30.0,49.28841551823815,150.0,6860.9972146
419,8029.742844,1,0.9952648247096878,110.64877804373914,267.1822931653178,8.777337516701266,37.53442115422399,3.93130803994553,30.0,50.161907802195124,150.0,6876.854530500001
420,8046.7666832,1,-0.9572966209321582,92.49697314939213,360.0,8.913915725431373,33.930962593716366,4.643875012209246,30.003513084986537,50.22170294743603,150.0,6893.8783697
421,8063.4436161,1,-0.9951445594458688,101.11563474212946,341.66711554605536,9.071337258813791,34.88146224078572,5.506004579099746,30.000199438174775,45.73827464090399,150.0,6910.5553026
422,8079.6796466,1,0.9735112185170253,81.0508557041265,360.0,5.787975068553803,28.06129734743352,4.9463907377085325,30.0,53.410073075414545,150.0,6926.7913331
423,8095.506794,1,1.0093649435317726,107.25089853842277,325.9501854747393,8.917654230712692,35.43577339743061,3.630878467292497,30.0,48.00648360500577,150.0,6942.618480499999
424,8112.5077517,1,-0.6121894738389088,120.0,320.0008173434623,5.0,24.84826715815499,7.13872891434969,30.0,2.1137000175267033,150.0,6959.619438199999
425,8129.0362461,1,-0.9954292115479655,103.79979435032797,323.9193652932953,8.998279393083893,36.45247065209601,3.833576742738651,30.0,51.92914885710053,150.0,6976.147932600001
426,8145.6561748,1,-0.9781111091681135,102.07275182029571,302.3488178141661,8.83629918556081,32.19609285587268,3.9406970948587237,30.000808763258433,56.596127180793125,150.00033624412654,6992.767861300001
427,8162.6676341,1,-0.9838188979388685,96.76899294859358,281.57073801392414,8.819318232898794,34.551845268551844,4.758563091384232,30.0,55.31185480268098,150.0,7009.779320600001
428,8178.9221111,1,-0.9370801897270454,97.49272409316953,319.65147677908277,9.07396390110625,39.01864370863858,3.0541843606047725,30.0,63.278472146763406,150.0,7026.033797599999
429,8195.6602058,1,-0.5055378909694925,114.5507462188228,296.07034533622385,5.756079135831145,14.153190851147064,6.138582529774573,30.0,54.62844846423676,173.2747548198961,7042.771892300001
430,8212.1710698,1,-0.9674234052849593,98.52435037661827,321.3633574722502,9.089959842572744,37.227489065667896,3.101238099974431,30.00303686246795,48.57040853395328,150.0,7059.282756300001
431,8228.6657281,1,-0.9543600546392962,94.52389139606211,320.1982243023306,8.877971781348323,30.654537871480652,6.199226393777512,30.0,51.031464028803796,150.0,7075.777414600001
432,8244.4416847,1,1.003858439387034,99.344532381172,319.7023456702388,9.038997559239778,36.01629150028589,1.8366363951339397,30.0,47.07060637102859,150.0,7091.5533712
433,8259.8845238,1,1.0118001270842674,99.83975297689969,307.411508984763,9.979444276956718,32.41673965683581,4.475537214650389,30.0,62.999213115420154,150.0,7106.9962103
434,8276.2194752,1,-0.9822118005552476,96.40715499201356,307.4168799188599,8.997038847029827,33.206729881405536,3.6301462834995286,30.0,55.05677747025515,150.0,7123.3311617
435,8292.2828943,1,0.9995373532152707,100.10533648102017,298.79285474748895,9.272091085671422,34.65398264667885,2.0081780293757223,30.0,51.558882707545685,150.0,7139.394580800001
436,8309.0318069,1,-0.9696501012339673,98.64227394837138,330.5303841700168,8.733527415126321,31.837532729779245,5.02091217620192,30.0,54.7327103723195,150.0,7156.143493400001
437,8326.0051434,1,-0.9775294539315822,97.23903373548282,316.0347615088818,8.407270877513168,35.75094727177432,3.7510052069192437,30.0,75.9308117233015,150.0,7173.1168299
438,8342.7171111,1,-0.6573480580164162,105.48849371082095,350.78996149385284,5.0,29.38526126531402,3.9127283228261143,30.0,47.03818292098234,150.0,7189.828797600001
439,8358.1577319,1,1.0019986592463452,102.91065032382366,287.8889211789922,8.838685718660987,34.75700774646445,5.667179172292823,30.0,51.735525230012755,150.00008597891932,7205.269418400001
440,8376.0369235,1,-0.9779728463566127,89.50092798090309,315.1124407207236,8.897935333771686,33.72588154951559,4.299175377725861,30.003149130013057,49.02097647151383,150.0,7223.14861
441,8391.8820244,1,0.9988415493375247,104.3111596996689,284.81435084373504,8.883769439987223,34.204883635072505,4.032538404139113,30.00225989737116,54.82423718653155,150.0,7238.9937109
442,8408.6836968,1,-0.8136562860810594,94.47167986035095,360.0,6.2751724333089065,34.85388307643797,4.946199766831005,30.0,36.48299065295872,150.0,7255.795383300001
443,8425.2583472,1,-0.987353915531352,104.30555988356437,318.68925918867876,8.751719339250883,33.305198228782956,3.706826533458958,30.002507078625044,53.189647376240174,150.00054053893248,7272.370033700001
444,8440.9238988,1,1.0045755575511834,114.45596677210948,331.56686057093077,9.61954206204784,23.549118162234777,5.754598561443286,30.0,89.20588454006486,150.0,7288.0355853
445,8457.5026673,1,-0.9928276897663426,99.16017425406488,301.6572299514945,8.921788342533391,34.22641388829396,4.321109379777361,30.0,53.05503569740974,150.0,7304.6143538
446,8474.7265723,1,-0.9897482399134175,103.06404258574129,330.70048455717614,8.874245825031121,32.71932029099622,4.490608443316513,30.00361779672899,50.45686235766701,150.0002081856584,7321.8382588
447,8491.0245209,1,0.996005517640053,98.3712028216514,271.6430014250122,8.938953553374233,33.10188641170025,4.0866635214531914,30.00087304901379,59.44775314186619,150.0,7338.136207400001
448,8507.4762529,1,-0.9899121289104612,97.41753199647505,309.2611280047209,8.680481905803196,37.639298704244,5.000244884143338,30.000623477803558,40.74219760225613,150.0,7354.5879394
449,8523.3619869,1,0.8223195135446412,74.81042122113551,360.0,6.0149301026498225,7.677757939526824,5.807982875149732,30.0,11.866837373624627,150.0,7370.4736734
450,8540.3180112,1,-0.9778418647760201,98.46492147907728,320.33537449268954,8.817698648086202,32.93020895082723,3.554215179276258,30.005515742255582,52.350981498932555,150.0,7387.429697699999
451,8556.6535179,1,-0.9835438049151765,99.7644981133113,303.42980045584756,9.051378251927336,36.94236969607078,4.822990267868849,30.0,55.34920426731311,150.0,7403.765204400001
452,8572.4962416,1,0.9865787582928918,102.9019223659655,307.56901873262706,9.011767396090768,33.58967893073792,1.0,30.0,51.843359265853174,150.0,7419.6079281
453,8589.0525315,1,1.0169362446015149,104.07061690832829,319.91969538187476,10.8411761634676,31.936856276181384,4.001597708320126,30.0,64.26286898556788,150.0,7436.164218
454,8605.0436012,1,1.006255123497823,102.9095018430499,303.56394927835845,9.060070615400225,34.306995078132445,4.639678291313654,30.00005087714024,53.22124718176655,150.00013436775515,7452.1552876999995
455,8622.2202198,1,-0.9650016911828079,100.80039989508722,277.41730664210877,8.428061142462896,33.062491984508824,4.880879094034778,30.0,51.72912738682718,150.0,7469.3319063
456,8638.9940821,1,-0.9398528146529099,101.25136654829947,360.0,8.828220344639403,30.352054833835687,4.0073138267416235,30.001562629531293,47.80422883945049,150.0,7486.1057686
457,8656.1604333,1,-0.9927421874330039,98.76884023160898,315.80930642714,8.965309754061442,34.44748955382477,4.227726830738582,30.0,72.07752236005007,150.0,7503.2721198
458,8671.9456318,1,1.0066487631846224,99.43345362434249,285.38814507694195,10.250595196127112,33.76323306973938,4.016582647152055,30.0,57.83432512773771,150.0,7519.0573183
459,8688.5179453,1,-0.9798572341863524,98.64901525844927,310.63079364224825,8.935432337709775,32.6433160623467,6.327756034942579,30.001198478942555,52.64415174117271,150.0,7535.6296318
460,8704.4132079,1,0.9907342691998038,107.94710953293246,261.59530650387387,8.92200270817374,33.92733117614833,4.138797180557035,30.000749805032882,53.046592688256744,150.0,7551.5248943999995
461,8720.1732654,1,0.9897630611512485,105.86198539986898,259.2798378908246,8.799839537673721,33.84646489168745,3.6687673425831067,30.00078196227726,56.79507946203731,150.0,7567.284951900001
462,8736.1577232,1,1.007963579103348,106.64772241833204,267.8243616178337,12.24412287262732,37.35779422438164,3.4349553141497604,30.0,58.37332903439092,150.0,7583.2694097
463,8753.0402384,1,-0.9807784517618584,93.66579689958692,303.06843193424504,8.847185819121243,33.6074291134328,5.222562480632641,30.0,55.72860692459679,150.00056878723197,7600.151924900001
464,8768.6978911,1,1.0225530414311943,102.88708918271175,295.6898686319887,10.920813758642156,46.78441417891085,2.496916686929266,30.0,71.02800240420909,150.0,7615.809577600001
465,8785.7465166,1,-0.7529960166220432,57.58558189669975,316.465983509322,13.127952578688696,30.655338246762028,6.782870229369565,50.07107581231659,51.67474022088932,150.0,7632.8582031000005
466,8802.2447417,1,-0.9926744791245462,99.04576349241694,297.94079971979585,8.958614447883633,35.61999611795233,4.37459008258356,30.00046322942279,48.53168485860736,150.00065457563375,7649.356428200001
467,8817.9114041,1,0.998422268675462,99.46877201577004,277.91150566880435,8.963102599730071,34.13543152795605,4.214980345658783,30.0,53.745926712119385,150.0,7665.0230906
468,8834.6842001,1,-0.957324113335193,98.2344376477094,302.0461184198336,9.037660626317361,29.600847934692936,5.989105991585333,30.0,53.027759726167304,150.0,7681.795886600001
469,8850.5932524,1,0.9131348520932389,107.3551151005328,306.96523263957226,9.476741503893747,10.635095885657595,3.696342507689993,30.0,47.23745989192738,150.0,7697.7049389
470,8866.7366861,1,-0.9844419284879883,99.16201706609758,306.8665263399928,8.76142963349223,33.72599196883898,3.864610889436503,30.0,54.62870514772246,150.00015507051756,7713.8483725999995
471,8882.7214882,1,1.0043673250598133,101.74746988318981,290.7294572021729,8.989710112429748,36.10737270230843,3.5981416551021344,30.0,57.33727605233304,150.0,7729.833174700001
472,8898.6217776,1,0.9828180044283901,103.56023031424408,288.2046295681911,8.875812198256485,33.84345523250841,1.0,30.0,55.89549373636128,150.0,7745.7334641
473,8914.5474293,1,1.0215031242672912,94.92028036295218,320.17867562875597,11.143248739120443,35.1054526769661,3.8773741528306136,30.0,39.25163836423191,150.0,7761.659115800001
474,8931.4499888,1,-0.9947607899228832,100.23160826331033,297.2470529264592,8.872140804184092,34.85190472885138,4.96740378932027,30.0,51.925453351393955,150.0,7778.5616752999995
475,8949.0202689,1,-0.957953157377376,99.51188807448985,293.2797060721862,8.073538829510738,33.84779675075333,5.755560237925,30.0,54.0675558646077,150.0,7796.1319554
476,8964.5343013,1,1.000973945166099,102.5291999191884,269.39052986813397,8.97596996600029,38.49008402386899,3.962476330574193,30.0,55.15000941023497,150.0,7811.6459878000005
477,8979.9292738,1,1.0041047853226202,99.80902465597643,284.1492523228499,9.269514941736073,33.510590300756526,4.577103751355307,30.0,66.47644876640359,150.0,7827.040960300001
478,8995.6935676,1,1.008260864976409,96.0357677501965,262.104234903165,12.373067160651061,36.59503026289349,4.1708538083351305,30.0,53.55449185392205,150.0,7842.8052541
479,9012.8463807,1,-0.9781200463013787,96.91419635703838,318.2063899838645,8.963818830609373,32.090917707676795,3.920549318952257,30.00188605746395,53.911444997935995,150.00029062680906,7859.958067200001
480,9028.8445015,1,0.9847946183664629,109.44921626319524,233.0628837870339,8.906896133001677,35.64854937088832,5.517699282388827,30.0,53.78647842202443,150.0,7875.956188
481,9045.7726595,1,-0.9906889888167294,96.6649412344236,303.46657981032456,8.904407553612337,34.07092761695147,4.8639779826515195,30.00048215917785,50.3000542639652,150.0,7892.884346000001
482,9061.9276912,1,1.002020250761209,99.29898033268053,254.3397115619259,11.750812268968506,32.6845562313669,4.854128780566333,30.0,67.24649083741357,150.0,7909.039377700001
483,9078.9681768,1,-0.9806677376464552,95.35084141724255,285.83764144533524,8.923760972023834,35.04239405046727,5.894869995316448,30.0,54.195864746552914,150.0006889902545,7926.0798632999995
484,9096.2681531,1,-0.9472106993182974,95.31150730689973,279.75807867280935,7.151634208804081,39.59260259523842,3.167261624441062,30.0,46.775234758865714,150.0,7943.3798396
485,9112.2811432,1,1.0185700116868361,95.74055185495426,298.7756033998915,15.370019293124543,37.27838970108997,6.705018020284201,48.09020222982451,51.45615493426014,150.0,7959.3928297
486,9128.3029762,1,1.0014062533236052,98.82316079489345,278.6960591744477,8.983285574297312,35.32776884967492,4.3968872306888125,30.000323129241266,55.94918392795478,150.00085131134918,7975.414662700001
487,9145.0821179,1,-0.9915560154192447,101.03911058074385,297.666656224622,8.908998450163992,36.389041204641345,5.128234086753924,30.000460318352467,50.22186159313595,150.00027448358796,7992.1938044
488,9161.2412992,1,-0.984989046492551,98.90680932398122,295.5535148363331,8.892705349369127,35.11847498807522,6.411254556563557,30.0,57.67953327428491,150.0,8008.352985700001
489,9176.7422399,1,1.0096834375880057,118.55688023110471,258.82408394491944,10.738106020576566,50.0,3.29418160153832,30.0,71.79768674846036,150.0,8023.853926400001
490,9192.5453992,1,1.0012416107278583,100.18743477126053,281.0202623542832,8.99820982042624,34.67566325823121,5.599824064465478,30.0,50.99885044665422,150.0,8039.657085700001
491,9208.8771576,1,-0.9863907351669048,100.69597528551088,298.50026849220103,8.835930297912439,33.338587592834486,4.3580310586606394,30.0,56.46067293613511,150.0,8055.9888441
492,9225.0342583,1,0.9963844579113403,102.18995298615789,278.6694841601994,8.792777851747056,35.72756892045624,2.9807863610176324,30.0,49.88823328043367,150.0,8072.1459448000005
493,9241.1389009,1,-0.8920103222111558,99.05058922437276,316.6531752090875,6.488344360902041,36.56313596321826,4.161701410000707,30.0,54.22494274808452,150.0,8088.2505874
494,9257.526376,1,1.0163878930065242,112.30827538288852,312.81148752555936,11.293457149379545,45.44772948058427,6.112037501396068,45.91429929834537,60.87441709288169,162.76897954164855,8104.6380625
495,9274.5317691,1,-0.9900294187429957,100.13391428967242,303.6370284769788,8.637714634886043,35.62107160919382,6.025592098442117,30.0,52.162072748097955,150.0,8121.6434556
496,9290.1428342,1,0.9972160381038823,100.53661159473884,250.99377168632785,8.960579392948745,38.67852208209288,5.69098380597297,30.0,54.712690223132405,150.0,8137.2545207
497,9306.1490142,1,1.0056128534228708,100.90545105265367,286.7994265735684,8.873795670347944,36.33182033270759,5.350248790252955,30.0,57.384296616416066,150.0,8153.260700700001
498,9322.0638673,1,1.0061789736436504,100.12896862409526,270.81449072383083,10.501096154146934,36.05590735990115,5.378034789797398,30.0,50.604386921727894,150.0,8169.1755538
499,9339.0264172,1,-0.9954766572925904,102.34617336155459,312.38294915335325,8.805075118825108,33.89463203369007,4.626117074222668,30.0,53.912510898313,150.0,8186.138103700001
500,9354.8777353,1,0.9848784442096276,108.36651509787237,240.23936657349088,8.674255930164538,34.88590711432776,4.730876649279822,30.0,54.247055463193924,150.0,8201.9894218
501,9372.1154795,1,-0.9856042615839261,99.30992355885904,331.84170293257284,8.733085799058811,33.97677513058555,5.34798031998248,30.000180084531436,53.20631170933332,150.0,8219.227166
502,9388.5810645,1,-0.8863768433236625,97.87421028263361,261.7543175501139,6.872022683480455,32.826087208059604,5.530314043184656,30.0,46.3670225351496,150.0,8235.692751
503,9404.3770212,1,0.9969499686039305,102.21971409784163,277.81733782615214,8.795807522090424,33.46722145587153,5.487507423576669,30.00138720014833,53.091289713883846,150.00077393332506,8251.4887077
504,9421.1525341,1,-0.9421733671107803,103.83403234455679,345.0121844506942,8.32692650907287,32.27737302801939,7.001275016634853,30.0,43.42323602905425,150.0,8268.2642206
505,9437.1999627,1,1.0101930583178835,120.0,293.3548383168628,13.686392022258172,34.97222994607256,4.027065591636184,37.4892463862829,56.052159219567656,150.0,8284.3116492
506,9454.362089,1,-0.9921836877176582,105.71365832810659,348.0249902038351,8.940799098086497,33.86432666537768,4.601831865927932,30.000347921100328,58.34572568783224,150.0013292241902,8301.4737755
507,9470.9308332,1,-1.0034267605201053,104.29916008558405,313.2643607959623,8.854586367805952,35.40668791189031,5.312172432505612,30.0,49.7047564089215,150.00017265916557,8318.0425197
508,9487.6760316,1,-0.9877578217586578,100.03850665745364,313.2799888089745,8.61769820638762,37.41278541936033,3.6021487296624555,30.0,56.131065691274095,150.0,8334.7877181
509,9503.5718866,1,0.9868568864893023,120.0,261.27453692323644,8.09253048394435,36.13012978072753,5.880430965515919,30.0,46.99770433095854,150.0,8350.683573100001
510,9519.0389364,1,1.0007863731006672,102.58916886440059,285.91770472663023,8.79018074558807,34.12049476057678,6.018622515407657,30.0,53.53849042075352,150.0,8366.1506229
511,9535.3593465,1,-0.9787766262073554,103.85271278358883,320.82730325088625,8.684697281924022,32.10131169526235,5.435746606414194,30.0,51.86634722290831,150.0,8382.471033
512,9552.6129862,1,-0.9620450926707383,101.5165083226562,352.3852733675607,8.74888833817226,32.20338390494242,4.480349225951955,30.0,56.09003393997506,150.0,8399.7246727
513,9568.9310869,1,-0.7279234299916746,104.63032309014693,312.9649455611709,5.0,32.48796325916523,4.328030004414603,30.0,61.942095603995256,150.0,8416.0427734
514,9584.6409285,1,1.035142970320606,103.90229453271667,320.8069408110249,10.842597943324082,47.7931776376159,6.119764894462699,30.0,61.518712563675564,163.6238582701579,8431.752615000001
515,9600.6938187,1,1.0120418691562771,105.4352821353389,311.73801106542584,9.18197579026035,36.18702252285422,5.018514895557032,30.0,53.220724225770205,150.0,8447.8055052
516,9617.1756559,1,-0.9113406154559647,99.69483058462214,360.0,8.6185332152336,29.471414186406076,6.600010816152993,30.0,53.88101221896714,150.0,8464.2873424
517,9634.1699705,1,-0.975123944206946,105.10595489184033,342.87909674409275,8.50250903129986,33.82442775406905,5.723927585615393,30.0,48.858733457174395,150.0,8481.281657
518,9649.8268753,1,1.0033847202806314,107.4426849419341,311.8985989652248,9.360153836682212,30.63780741623177,5.312359548665062,30.0,54.172791090794625,150.0,8496.9385618
519,9666.6705881,1,-0.5836830588989033,114.44392113838128,360.0,5.563599218599231,20.98950756741085,7.015395676661292,30.0,23.198980332150782,159.8335860457219,8513.7822746
520,9683.6610948,1,-0.9832316944478311,98.25455528599166,348.41593506744493,8.90193741349242,35.31887973311642,5.438213579328095,30.0,52.037422916745754,150.0,8530.7727813
521,9699.3408861,1,1.0144775214618238,111.74356258771701,336.97300324852705,8.859829367478312,36.053676515228034,5.557915626817086,30.0,48.76225728338868,150.0,8546.452572600001
522,9716.4274963,1,-0.9581721467878723,108.87162192619304,342.55126873611454,7.841116255002516,35.02171560829265,5.568678757749305,30.0,41.30418873583615,150.0,8563.539182800001
523,9733.5526851,1,-0.9987758921488573,107.91748487112281,333.0935785330475,8.8419046149244,33.34569985015441,4.911897059721108,30.0,44.211028657984876,150.00006881434246,8580.6643716
524,9749.7143803,1,1.0281218272387835,109.601834125078,356.16228447230026,10.121478511816177,35.498355630164184,7.709477134417094,30.0,42.11875154503938,150.0,8596.8260668
525,9765.4873533,1,0.992516775249283,110.4129437379693,290.9840387811705,7.974940436088556,34.021776094623576,5.179744897661483,30.0,46.13968908749232,150.0,8612.599039800001
526,9782.2448177,1,-0.9984159816038595,107.53249746411282,334.122543362023,8.820196092149185,36.56212085076306,6.08157908395413,30.000577821671612,51.836483024158255,150.00093548109032,8629.356504200001
527,9798.771045,1,-0.8447196289208392,56.76787495848161,282.57299154257555,8.278128708897079,30.023423609541485,3.168262920620881,30.0,56.741579315267906,171.90056170727996,8645.8827315
528,9814.6988153,1,1.0014460266456071,100.88214978865498,323.02381542569253,8.772787836190007,34.01899646313983,2.2709790967041577,30.0,41.31734944976092,150.0,8661.8105018
529,9831.579351,1,-0.9107108421412187,110.05927446951748,349.6854024011037,8.388577631148205,28.006861510185633,6.738961403150119,30.0,34.18388543974763,150.0,8678.6910375
530,9847.8980117,1,-1.00142976369172,106.28253543869077,326.27104972599346,8.758985886901922,36.97568886164931,5.285863985801642,30.0,53.02125376532563,150.0,8695.0096982
531,9864.8437706,1,-0.9875927641746307,106.11375238623677,330.59914370173794,9.016914283465141,37.52858712179623,5.942226377283601,30.0,45.36631400511401,150.0004739151418,8711.9554571
532,9881.3626837,1,-0.9705138901034481,102.7618771137536,360.0,8.762675744932391,38.267986880599764,5.53857331658525,30.0,55.39525019916829,150.0,8728.4743702
533,9896.8533015,1,1.0182359239497087,107.4841161894719,311.5963607759571,11.972523839568222,31.615560038460856,5.386681471275412,30.0,58.901457356858124,150.0,8743.964988
534,9913.4483435,1,-0.9282115703913492,99.50530594078234,306.9713477609766,8.455629381322034,28.426372492879814,5.470564987278143,30.0,51.81482933451596,150.0,8760.56003
535,9929.5112015,1,1.0125635850075523,107.15659482007877,316.4856648030953,9.368918319848571,35.56873718153326,4.997111849874872,30.0,50.961340136215824,150.0,8776.622888
536,9946.1852011,1,-0.906194615994091,108.52807802619844,359.00921530913604,8.918943420367532,25.944098824332865,6.0543972584161265,30.0,53.254258072487374,150.00011500457683,8793.2968876
537,9961.8237219,1,1.0025256618231175,106.47163571141999,302.04382226073005,8.320418736196212,36.3610455501989,4.924112006939835,30.0,44.76172857415974,150.0,8808.9354084
538,9979.0779113,1,-0.9658624032279796,105.04386399432354,335.8632000984447,8.140774347674416,34.016909868944,5.276273024452387,30.0,54.08404950376791,150.0,8826.189597800001
539,9995.0561671,1,0.9517675828757178,112.36479595795129,285.22480139704356,8.137817848320154,19.646353866072445,5.793781610140498,30.0,33.025520200406014,150.0,8842.1678536
540,10012.2167817,1,-0.9981068065383807,104.14455341002693,337.6267970099673,9.01973603421478,35.603369579737155,5.826953063060518,30.0,47.81925476646539,150.0,8859.328468200001
541,10027.7007989,1,1.0033916232957634,112.1876671032886,293.02281975092444,8.925921195751435,36.718149323135094,5.100194399305005,30.0,48.03278087656204,150.00033005700254,8874.8124854
542,10044.7318603,1,-0.9802856854931895,103.97169815356142,360.0,8.717384915849209,36.526403453153556,5.277642723201144,30.0,58.95443334980962,150.0,8891.8435468
543,10060.0366136,1,1.0094967857105095,108.3929361416706,324.8851639980675,8.88485277341443,34.44449345498228,5.384340104520653,30.0,47.94355526594772,150.0,8907.1483001
544,10075.5144811,1,0.9916529411120028,101.27620912103025,275.4072939395209,7.984880882833479,37.090441895217296,2.2787745465520812,30.0,56.04591700638466,150.0,8922.6261676
545,10092.4598501,1,-0.7446727993176198,102.38885436773965,296.7667450066675,5.0,33.785682565732166,6.075894205116843,30.0,48.04692987087081,150.0,8939.5715366
546,10109.6290314,1,-0.9888309507906251,101.13179272211752,301.9328445386968,8.796263788084632,35.66658674332968,6.6275737221097435,30.001195224834547,43.964718064623696,150.0,8956.7407179
547,10125.5015346,1,0.9545566754775636,95.82808534169536,243.53438556940137,5.0,48.33083254840833,1.0,30.0,60.63409023606644,188.0397312564723,8972.6132211
548,10140.7147085,1,0.9984497104089389,105.14785913359933,304.6038857241248,8.860195622699852,35.30742028883078,2.308491393575547,30.0,36.192194023602454,150.0,8987.826395
549,10156.3496034,1,1.0049319754231079,100.70915723160672,360.0,9.078233930930597,27.405011049209435,7.048617735504309,30.0,34.86876031560522,150.0,9003.4612899
550,10172.9809048,1,-1.0062244533712492,105.9679563526101,333.3989004915647,8.979429759905225,35.12553536775144,4.911848866581557,30.0,50.84394644908946,150.00030887372472,9020.092591300001
551,10189.404302,1,-0.9996202738835459,103.79682224557519,313.42642751012414,9.10666082708735,35.32988015086088,5.924960583674023,30.0,49.8850090334918,150.000409136243,9036.515988500001
552,10205.2163864,1,1.0245947792820236,105.09595474432814,360.0,8.926912679279985,37.2959120094043,5.936868772567184,30.0,42.54898774925478,150.0,9052.3280729
553,10220.8729928,1,1.0269068101991703,102.71236406234797,314.54797813419054,13.843318286546836,33.64435149568087,5.87098885504565,30.0,42.4934273736479,150.0,9067.9846793
554,10238.0094068,1,-0.8151226016278038,101.27666027058235,300.5731452000185,7.243941387913659,23.875188046226413,4.89630023765633,30.0,44.074893848993014,150.0,9085.1210933
555,10254.2604102,1,1.0128549765409296,105.72972010920142,317.61143983701123,9.394217287929793,34.99033878969661,5.581489902706011,30.0,49.17612683003679,150.0,9101.3720967
556,10269.8854408,1,1.0047463358521602,111.81940371297557,274.47535488511556,9.066925358239411,41.76317964019114,5.452557940040759,30.0,44.04386659974362,150.0004915447071,9116.997127300001
557,10285.7385992,1,1.0061530471955864,103.75604640300597,288.68434135284105,9.301126334485707,36.633691352138214,4.541285575015848,30.0,51.785437507987616,150.0,9132.8502857
558,10302.4951003,1,-0.9499834719712367,102.51602955761567,347.30152397725556,7.751447375163733,36.167107194330015,5.2892325571041825,30.0,52.072717272610575,150.0,9149.606786800001
559,10318.4443362,1,1.0032332575980052,101.14145861333719,248.65690997032308,9.83479801297742,43.305156953155176,4.974902610651846,30.0,53.98314905337091,150.0,9165.5560227
560,10334.6609996,1,1.011770134677022,108.78810211812022,323.4096087683368,9.063500220908427,35.210211100276176,5.797509289738102,30.0,46.97218700049448,150.00008260663492,9181.772686100001
561,10351.2027854,1,-0.9923148853564153,106.56454123952712,346.7243206998022,9.094163247110425,36.68492759207975,4.766409548823125,30.0,53.20674949906184,150.00033851713485,9198.314471900001
562,10366.8651247,1,1.028342639082976,104.13944082430395,360.0,9.708719417986359,36.883473690011535,4.587731492102806,30.0,48.81498213866085,150.0,9213.9768112
563,10383.582226,1,-0.9918294535068041,102.63423153261832,330.02935212506947,9.085469835249087,36.65746143776021,5.63799912121248,30.0,51.4241756245321,150.0,9230.6939125
564,10399.1193576,1,1.0000337531680834,102.15356729907938,307.13954694539797,8.13352681923745,35.91365305983634,2.732311434312184,30.0,53.36261601100398,150.0,9246.2310441
565,10415.8768586,1,-0.7299715485797483,103.00675113639906,347.9623963668191,5.258333156163405,34.07689822179159,5.9802448977124145,30.0,54.438194670419996,150.0,9262.988545100001
566,10431.6059911,1,1.0016502207292797,103.37123140790689,303.5801017319382,9.05961459941611,34.34707506136107,3.1931871246807857,30.00023558194323,40.08676060481902,150.00001356553085,9278.7176776
567,10447.4808225,1,0.9928625515548143,120.0,346.63637413995053,8.379380833637288,37.96028893919419,1.0,30.0,54.87266670615878,150.0,9294.592509
568,10463.4437633,1,1.0164704208593067,108.4404057545667,333.1747992795917,9.044490335215002,35.89033945302502,7.16988254266248,30.0,46.415532726466,150.0005897893471,9310.5554498
569,10479.2786259,1,1.0026036132047633,106.3248109892382,312.86690271782703,9.317621443584564,31.13708552911148,4.1177120178339495,30.0,51.479921532347596,150.0,9326.3903124
570,10495.2767335,1,0.9661304405769592,120.0,312.0061208048734,7.903005886811773,27.77744902154238,1.270824670382778,30.0,20.390415028061735,159.3526395952271,9342.388420000001
571,10511.8882008,1,-0.9919191969762561,104.77102064437123,342.46493147646027,8.861026104385306,33.96183636286572,4.094026297908871,30.0,53.33207415118646,150.00033960799138,9358.9998873
572,10527.9147331,1,1.0030380971677888,106.47304972643038,319.49536617445517,9.017855110584634,31.463802988929253,4.8030515684746655,30.0,46.45056169860365,150.0,9375.0264196
573,10544.6064141,1,-0.8274734942607551,101.12658433701318,359.39838641667006,6.1338150458141,37.11223982524059,5.843892160790459,30.0,35.80064021018816,150.0,9391.718100600001
574,10560.1799922,1,0.9754192860952146,106.33097048271459,360.0,8.105521938896121,21.97846270053907,4.6173809390455265,30.0,49.438657647271505,150.0,9407.2916787
575,10576.8939111,1,-1.0022320056038885,104.9722383497531,340.88520600093415,9.253993745467067,34.904932808828725,4.43136392551575,30.0,50.69057654129861,150.0,9424.0055976
576,10592.3488742,1,0.9886032094103039,112.24674897189601,229.95451980065633,8.98389080341477,42.41368048684421,4.243422130850131,30.0,47.911914456996854,150.00097157838113,9439.460560700001
577,10608.6655902,1,1.0085611040284175,106.6017992048844,311.09423197134106,9.445250642690159,33.73810462287646,4.476921295962532,30.0,54.13460926257597,150.0,9455.7772767
578,10624.2529687,1,1.0172605569120292,105.98471793443596,329.7189973597907,9.39957662834811,36.50401477537201,4.604826636621331,30.0,48.33840854695925,150.0,9471.364655200001
579,10639.9418576,1,1.0142506493710752,106.6945026626515,263.735244238093,10.313777119169835,50.0,4.406759663087987,30.0,60.96447811374441,150.0,9487.053544100001
580,10657.6737109,1,1.0123529442697279,110.77628843553006,333.6061204061845,9.083686443155262,34.84932158393404,4.393241768998991,30.0,51.48973261891251,150.000277514378,9504.7853974
581,10675.007426,1,-0.9816316501316182,103.43864909948955,359.5335699511721,9.148704880200565,32.96057169687325,4.852838047935154,30.0,54.88784497498958,150.00046001384086,9522.1191125
582,10691.999239,1,-1.005069091629539,106.98458683288624,341.0230612202255,9.038290730240544,34.78382711172971,4.624653399657974,30.0,48.100206170776026,150.0,9539.110925500001
583,10709.1900541,1,-0.9747423638072628,100.08038737836972,338.90285652673697,9.141624240177377,37.49122250305895,4.033402136160316,30.0,53.04717578055639,150.00053526002583,9556.3017406
584,10725.7071241,1,-0.9783719329972825,103.28064172805313,358.31877313457665,9.68285519470691,34.19839054036241,6.964941149540967,30.0,48.995549274104015,150.0,9572.8188106
585,10741.5853314,1,1.0324549930270452,107.2749623204303,360.0,11.068135643127246,36.064476731662964,3.650554385014609,30.0,57.63725597536126,150.0,9588.6970179
586,10757.622169,1,1.0014171652491208,107.34980577058056,326.541541760127,9.133822794866184,33.95602106419873,1.9557903037117215,30.0,45.41356394590552,150.00022001698392,9604.7338555
587,10773.8135707,1,1.0176866996592133,120.0,360.0,10.838982105444247,31.598552469555745,3.3188378452127636,30.0,47.78384462041271,150.0,9620.9252572
588,10793.7005746,1,-0.9814424257199045,106.96414427700627,349.2632228613687,9.030990479216266,34.8018319794852,7.586616057235503,30.0,57.02556155967674,150.0005008620974,9640.8122611
589,10809.8568395,1,1.0082988927574335,109.05553836487262,303.06026161682803,9.319504554568471,35.07159163680302,4.416465265448938,30.0,60.559173215467005,150.0,9656.968526
590,10825.9760646,1,0.9430878158996291,112.83449816800032,313.1554514741992,8.22650785887462,43.831583953313384,2.0702916178520034,77.02723426430336,35.97749010995682,185.06092754927684,9673.0877511
591,10842.450829,1,-0.9820983022537566,106.00921160835117,357.6108509551501,8.92797563316332,33.399166788653986,4.48063421085754,30.0,53.867308071621224,150.00034159579675,9689.5625155
592,10858.5170128,1,1.0063285674036757,107.19986375629328,307.7106449559573,8.973889499171996,34.46613439137941,4.391618290229972,30.0,56.718181144571034,150.0,9705.628699300001
593,10874.4434534,1,0.9980813395477383,103.95935487406481,360.0,6.252012047744342,38.010919888032674,4.412148879824438,30.0,44.12291199174219,150.0,9721.5551399
594,10891.7084927,1,1.031905702238186,108.74531331683994,360.0,10.636802482860102,35.71313187576699,5.0992582196162,30.0,54.94311528484778,150.0,9738.8201792
595,10909.1179666,1,-0.9888965863720894,104.67625612977773,351.2242478233054,8.744566558982228,35.03907250060821,4.970448041190812,30.0,51.69065398976791,150.0,9756.229653100001
596,10925.1194337,1,1.0286399673689433,101.40700042371017,360.0,8.928473391182653,40.920260063724555,3.58461825883276,30.0,50.85005565463385,150.00006198119797,9772.2311202
597,10940.9104902,1,1.010362207026221,107.7154186451438,324.09945223323,9.327765219751834,33.802077870183055,4.713976396250533,30.0,47.49736593270136,150.0,9788.0221767
598,10956.948644,1,1.01228818754781,107.86207132429202,321.4243006508766,9.5295643057543,34.6305201422351,4.364224765896355,30.0,51.26176714125225,150.0,9804.0603305
599,10972.652295,1,1.0141715764988268,109.32052425486073,274.74418521983836,8.739437078390736,50.0,5.231324923265139,30.0,63.50934227354175,150.0,9819.7639815
600,10988.543691,1,1.0166530306544022,111.49621117926353,357.1689057865156,9.090286108901324,34.58852008026949,3.8925153173333547,30.0,52.52272010685016,150.00025494724096,9835.655377500001
601,11006.1294511,1,-0.9923862688483895,107.24718633847093,355.6201885297518,8.929649634384297,34.64787805508198,4.838108982972526,30.0,55.33609676115448,150.0,9853.2411376
602,11022.7919119,1,1.0364826031480312,98.05692476852394,316.05233920354976,13.952869955751753,33.60973093139957,7.507105408623918,30.0,88.09358685987104,158.56592876097352,9869.9035984
603,11038.7311442,1,1.0061801706906688,115.21963718642274,345.8803136469144,8.959173125721387,32.55886887052447,3.5488688619402264,30.0,44.66965410877285,150.0004002536792,9885.8428307
604,11054.7158897,1,1.0263021346002636,109.17919152149392,360.0,10.23439723216077,33.48212002347663,7.15869013398593,30.0,45.28974147877538,150.0,9901.827576200001
605,11070.6263696,1,1.0310053167066116,109.04201572703809,340.27250256291256,12.54696406217239,36.87663615335235,3.9379365983671106,30.0,35.629834550879366,150.0,9917.7380561
606,11086.2911797,1,1.0184432972385489,109.04066374360974,348.179130179048,9.128857625669383,34.51943932645194,6.867183990353884,30.0,48.887964003918576,150.0,9933.4028662
607,11103.1312615,1,-0.9550211964547106,100.03388773594898,326.9988569331584,8.642278518501026,30.233746757200997,5.145744033092157,30.0,44.45195273794719,150.0,9950.242948000001
608,11120.2362732,1,-0.9844312209213347,106.191412751265,338.088095640749,9.034502939212082,34.192715437722704,7.716023097162569,30.0,50.33747854930696,150.0,9967.3479597
609,11136.1383931,1,1.0188316294417827,106.02311622872512,325.6986832938264,9.31550169236445,37.18967106181995,5.03940501999036,30.0,57.006316569343035,150.0,9983.2500796
610,11152.9364333,1,-0.8849952143270244,99.22919659742217,354.08839233818003,9.782626920559093,39.50949878963763,3.295711581936047,30.0,51.889923237849445,150.0,10000.0481198
611,11170.756176,1,-0.9907061879227785,107.57376086291495,360.0,9.06845717566977,35.97332360034931,5.050125594184685,30.0,47.35968829145776,150.0,10017.867862500001
612,11187.789449,1,-0.9915340222041614,107.56678001785615,353.2992619799244,9.046517358021806,36.52985338668997,4.365752382628084,30.0,52.09193577074201,150.0,10034.9011355
613,11203.9418273,1,1.0152740255752573,109.48637131147646,333.92580500124876,9.828457862814407,34.310482187183375,3.7915206009023876,30.0,51.583751654745434,150.0,10051.0535138
614,11220.5785144,1,-0.9709554701854629,109.00760761497344,349.052608224283,8.384591474437524,41.13827614428185,4.234890604958501,30.0,47.822830409978174,150.0,10067.6902009
615,11237.4683562,1,-0.996561716292794,106.33208098145954,351.6210834116531,9.06050620661286,34.61779835822963,5.210830635496352,30.0,52.00423157585363,150.0,10084.5800427
616,11252.6871175,1,1.0155211030836393,97.67575130382576,360.0,9.168860704058488,31.463108907195338,3.769237521141493,30.0,52.411216066552456,150.0,10099.798804
617,11269.8128814,1,-0.9968573403856406,107.5164890504347,346.26337925516503,8.724096012786827,35.01349730088643,4.636996783451558,30.0,44.15687613727687,150.0,10116.9245679
618,11286.6158429,1,-0.9749310265715022,107.57862603871281,360.0,8.657526544500897,33.87784825159309,4.858735351270573,30.0,50.47951753982381,150.0,10133.727529400001
619,11303.7002694,1,-0.9757884148481085,108.82087285833569,324.1856542713061,8.239768343566631,33.43283219495697,4.929808095009533,30.0,56.29570483499004,150.0,10150.8119559
620,11319.9656442,1,-1.005069091629539,106.98458683288624,341.0230612202255,9.038290730240544,34.78382711172971,4.624653399657974,30.0,48.100206170776026,150.0,10167.0773307
