iteration,timestamp,success,NPV_over_CAPEX,clearance,sp,p_rated,Nwt,wind_MW_per_km2,solar_MW,surface_tilt,surface_azimuth,time_sec
0,1153.4191294,1,-0.7075552694935191,45.38562853553055,356.9718814297125,7.311935985863693,28.70355634206955,7.234710381576028,34.46175779224126,83.48752694950916,171.8979694483181,0.0
1,1171.6191374,1,0.9645449014007537,110.07208815650641,329.6347577594543,9.65221353978999,45.44772295855971,5.249284439074421,103.80921202714323,82.17099479141083,178.620586593163,18.200008000000025
2,1189.5115518,1,0.9365544998859102,38.654154143115534,287.7918886136943,15.795570296059312,42.11802397167048,1.0102853738298547,177.49247183377275,29.268392647265106,161.46402549014343,36.09242240000003
3,1207.9397335,1,0.6892415550319188,36.24775214767422,328.5087150847792,6.206687278288031,27.857328913425825,1.9815206133799332,150.11543967737123,73.30201769622025,207.83031275842805,54.52060410000013
4,1227.3716836,1,-0.8086769216203323,74.637877059298,295.405897853297,13.634765212473328,13.522609784946026,6.51495861881746,111.01026864159473,68.18435297697931,205.40286095677683,73.95255420000012
5,1245.3226539,1,0.9034147492066295,108.79904334936668,286.4959879916887,15.579250997816093,41.52329188285454,9.055350706840077,191.46002844946048,40.55067959680397,209.77547036121436,91.9035245
6,1263.8755751,1,0.8338022025468277,97.26575925432465,298.04529680651393,14.452210106172092,15.93660299278353,2.054208638876662,165.07910519079792,73.43217868802935,158.78150933473825,110.45644570000013
7,1283.0015166,1,-0.4534937263442943,14.97574746521736,345.60256235184636,15.208836988433848,33.57499594601562,6.183576532283866,92.92378985698187,3.275283385033724,207.66187681437668,129.58238720000008
8,1300.8538457,1,0.6199609758035414,23.62846808668749,328.11945445666896,5.341738635029875,9.56750987183764,2.987463441846856,89.54997445741049,45.32728546888985,156.055274471338,147.4347163
9,1318.1286883,1,0.9406985609516163,31.929136951376925,317.0557289960577,18.77723092992997,35.26882536078737,1.5224584944384878,173.72218092927477,22.56186053566005,176.53884202194473,164.70955890000005
10,1335.6551056,1,-0.721663978127343,61.87879566059168,291.05803832388483,9.671690015003103,42.694752846604054,6.045401969681715,156.0676441598128,4.112684421157496,164.40782446958124,182.2359762000001
11,1352.9605024,1,-0.39086890696504833,48.74481176670582,257.4721915605994,14.506217783738789,37.202870763565535,4.729761894495225,30.259117715642432,30.09615215962514,188.24396406775801,199.54137300000002
12,1368.6675613,1,0.9827987860411139,106.2965730884319,266.3050234693831,15.52744435900513,34.79881500382179,5.008169707469468,56.806717260792844,43.85390409621289,195.32908603552096,215.2484319
13,1384.1446722,1,0.8114181888877872,64.40409374128154,274.7027576564038,18.125244972204065,13.46005823228726,6.697798839264704,153.34424042842312,36.163513999128924,168.97062823328054,230.72554280000008
14,1400.5786039,1,-0.8475003571194094,88.90565576421409,331.6370256850265,6.466765127009889,34.216944120326914,3.519844689941853,47.03071714083053,35.7026559597814,166.48283060515573,247.1594745
15,1415.5438736,1,0.931292178176382,97.15756843042175,221.34728867240784,14.76174857224606,44.23387260697638,1.1671689479103566,145.76945091891136,85.18522987529963,204.59107064430614,262.1247442000001
16,1430.7003406,1,1.0002073094372061,92.40483057299494,304.85789834795673,18.54065225928996,21.76021683375152,2.8705969332174224,31.512503948343394,30.006754922687975,193.10996536629239,277.2812111999999
17,1447.2786732,1,-0.8915571047105788,78.25919191482068,226.21768730809214,9.342962804538004,29.681793345763104,5.302582022359188,38.20358158901006,47.074520853008835,174.1901487867056,293.8595438
18,1463.1624948,1,-0.7677293309992791,55.61937698685866,345.38520870348486,17.612724989415074,20.46432171459955,7.2963576203555665,81.32352975729052,80.4959800393117,187.60452280841204,309.74336540000013
19,1478.0241059,1,0.7061294398655021,117.20165736276635,210.53354836436816,16.24804357674629,5.3532952399063305,5.671033558311963,113.06519675261593,61.13723106349124,172.09988738006555,324.6049765
20,1492.9825016,1,0.9781435815120397,112.08397227600213,319.0571661506735,10.195720548960988,24.068191197376578,7.484760751296291,35.995244236622355,56.35833832378225,168.17105382981813,339.5633722
21,1508.7361335,1,0.8954099166464683,96.01955726110141,200.0,11.23991181260575,30.77412422590092,3.3753603514977137,109.5233086822975,50.22504694842982,184.3125389695356,355.3170041000001
22,1525.6117895,1,-0.7942514250609078,63.81292694018209,217.30800378515568,5.0,42.57830869643307,5.313712788992605,30.0,74.59533832225401,186.74603426070132,372.1926601
23,1541.2612206,1,0.9686734475155099,114.83123145386911,200.0,10.06206464910259,38.570844347540074,3.9254440584386128,30.0,32.80554251909998,202.66925243300977,387.8420911999999
24,1558.6096632,1,-0.618918504575754,71.71187498129376,217.21939079768646,6.123549728101258,19.056545411350562,7.176379381529188,67.93144089522833,82.38905862799761,192.76926210510234,405.19053380000014
25,1574.1641149,1,0.9604636683690092,80.56741714362862,200.7005775257412,5.215329693411578,47.16274448699279,2.6181338607617413,30.0,50.95050099358875,169.6856674667676,420.7449855
26,1591.2736312,1,-0.8407534630995519,69.1354312406481,227.01223256311857,10.48835949107615,24.235658062840475,5.734024860015841,71.94809945010672,23.824698327916764,178.1135711388156,437.8545018
27,1606.828153,1,0.9238795994822873,112.38009454746073,200.0,5.0,35.659258066584144,5.032106372706705,48.219662400676924,0.0,150.0,453.40902359999995
28,1623.7715556,1,-0.8208116220544664,46.45004118819726,200.0,7.484534186877785,42.50721192029406,5.069701250951171,30.0,22.88499581697181,204.72549237542478,470.3524262000001
29,1641.1497858,1,-0.32568503170794977,52.642266259477694,293.9499132654686,13.55492548448451,45.99784464038975,7.9958842433848,30.0,45.455930232425445,163.88840972597393,487.73065640000004
30,1657.1925231,1,0.9066703165874094,66.93350828652449,230.74982268663575,8.311096083818756,15.822627614060167,2.491524035596567,33.83562340933531,33.00054517297227,183.3452358608169,503.77339370000004
31,1672.7131059,1,0.9890690550934446,72.43461619568792,248.7533396314848,13.891882913937105,24.230027630452305,6.349356724367451,30.0,25.909719872272948,173.10212381346938,519.2939765000001
32,1688.3162363,1,0.9428071807939095,94.5283424494879,209.96773120812225,11.072809652425786,21.032853958613167,4.060605335531088,38.02908221971289,49.53953564210552,175.0815159833432,534.8971068999999
33,1703.6656748,1,0.9364991340907487,63.336388457925494,234.3075086862746,18.25183006585,41.15562367779096,2.697458678282877,184.99402255917533,46.14360854804389,164.43925132076907,550.2465454000001
34,1720.4039255,1,-0.7037995212789618,47.58057747625605,200.0,5.0,34.39743071870029,8.480951330480055,75.04084018364938,22.489137516852338,178.7611375086629,566.9847961
35,1736.1372521,1,0.9440895303796669,92.22845491069383,232.05140295472836,9.285473902732459,32.3419579147911,3.744541952394507,100.87859052998978,90.0,152.34067761947972,582.7181227000001
36,1751.554276,1,1.00574673442517,90.09649127416175,268.01420301176523,10.202515128392049,37.429281819912134,5.686196400774161,30.0,44.47536111239613,158.00475452667627,598.1351466000001
37,1767.9583959,1,-0.4761625951132225,10.0,285.1838075668164,5.0,26.651928877453187,5.458593477844513,75.84734408849637,0.0,150.84392270346146,614.5392664999999
38,1784.1528829,1,-0.7169254820579104,52.019034508648325,332.52685696468905,12.86639595292628,32.34730729009151,3.50343577589089,41.8285124289235,90.0,182.22485587215695,630.7337534999999
39,1800.5390557,1,-0.6675741915086678,89.73688785910618,200.0,5.0,23.498445311012695,5.387329393326882,101.82491887206739,48.33881575812913,189.41259977029063,647.1199263000001
40,1816.1330805,1,0.9585725302228761,120.0,200.0,11.578894735205045,29.74808289263677,4.409618364075309,39.10859829130514,29.46082420932253,170.44079839901377,662.7139511
41,1833.3665766,1,-0.7757710991862895,64.82833091834141,200.0,11.22669289927725,22.32788499211776,3.6084408026477446,94.1499163680678,29.44193388657383,171.6213593889549,679.9474471999999
42,1850.721039,1,-0.763371327659772,97.7537954954137,200.0,5.0,40.04400696619288,7.672653192633195,30.0,72.29217603263942,192.765440686556,697.3019096
43,1869.3489023,1,0.9787868777111135,113.84857670994097,200.0,12.12712808610096,38.36270460974346,6.806659425526002,30.0,31.434255765108112,164.07335808683183,715.9297729
44,1886.2294191,1,-0.8201402609131339,73.05738612760456,200.0,7.7389870112591215,29.71003948528239,3.8418348439568177,30.0,38.24266786547491,184.25995738859365,732.8102897000001
45,1903.4927009,1,-0.5824378827523722,63.24351094303108,200.0,5.0,21.573761839529922,3.4077902701813745,30.0,49.47844968416587,151.76001220222375,750.0735715000001
46,1920.554847,1,-0.792829395675795,58.267502421646206,200.0,8.103242845983074,31.37292171601793,7.408904385215239,30.0,22.13208896855465,184.27096354855294,767.1357176000001
47,1936.5085232,1,0.9219304001994936,120.0,200.0,5.0,27.53047640247214,4.510802237299123,30.0,50.2902028255374,161.72834084165848,783.0893937999999
48,1951.8794035,1,0.970904915179793,102.34818947234697,200.0,8.6964071564982,36.1971787523377,6.365128133507068,30.0,12.654385079515308,173.56206511692503,798.4602741000001
49,1968.5147893,1,-0.7101881508848225,105.96067387859344,255.8204331160495,5.0,30.400251209535384,8.841575377069843,30.0,59.431189576086474,176.42657502087604,815.0956599000001
50,1984.3080014,1,0.9143320908811923,92.14379649484539,200.0,7.883101730796068,16.656888205889693,3.6943407916404074,30.0,63.77796620459344,182.20803544425382,830.888872
51,1999.9784242,1,0.9746492374501532,93.98126479303914,231.58024859249775,12.845129006069067,21.99774249807721,5.763799498731736,30.378909434094936,63.41570315732298,166.45660505145588,846.5592948000001
52,2016.7263,1,-0.561675457806569,87.08049494820541,203.76036038582703,6.458389752368649,14.126263021502357,3.8542605856425727,30.0,52.461038048102345,163.93913577392559,863.3071706000001
53,2031.8026236,1,0.8024180084792123,78.88919905758765,200.0,5.0,50.0,2.603439201052525,165.5975205327295,52.82545605504658,178.01443799458593,878.3834942000001
54,2048.7906017,1,-0.7942325035086295,70.5092390363861,200.0,8.152996293187893,32.034598681387976,9.5612253686778,79.00566240552106,17.119006266371073,185.2037521772073,895.3714723
55,2065.2547525,1,-0.7243256369706617,87.51425790484086,235.15404082313216,6.3116619570113945,22.843537979792377,6.231833145561655,30.0,27.989629247183256,161.25009448339955,911.8356231
56,2081.973196,1,-0.8184947786128338,88.2864019524267,200.0,5.510161327515919,45.236785985890975,6.9599058823822695,30.0,56.36395614469212,164.71592192415181,928.5540665999999
57,2098.2385628,1,0.8851119944356136,86.14109078580206,210.26436761914246,10.031696627030207,33.070719645568744,6.66990419783753,122.93549455491295,29.870476503939315,180.72451176986644,944.8194334000002
58,2113.7893432,1,0.982078105447165,84.33645850891408,207.64725940643504,9.689641510847002,34.665989574566034,3.7493645255245776,30.0,90.0,174.65549750899288,960.3702138000001
59,2130.7565155,1,-0.8033530039324912,71.02995563019189,200.0,5.0,45.17229180435645,5.11669601789708,59.819653905164756,40.72483293345057,172.2513744194769,977.3373861000002
60,2146.6110696,1,0.9637618222298702,120.0,200.0,12.18935561255064,32.867954275770124,2.0236863248885975,33.908211564203356,30.71643910053357,175.49851291084752,993.1919402000001
61,2163.8496178,1,-0.7631454131340413,48.876339482057176,200.0,7.933453989713754,27.209773557383343,4.126256612103966,38.000694146566715,26.36621984372435,172.7679353783311,1010.4304884000001
62,2179.7971151,1,0.9525640694642513,111.14915118730741,200.0,9.043490794957565,23.909432648992752,6.3613901025921,30.0,7.459850929829422,183.04274669750473,1026.3779857000002
63,2195.0510215,1,0.9741274581754964,97.33832033070851,200.0,10.708142135533565,33.59094708724648,7.607593558013959,30.0,40.356957055553686,164.8452007208937,1041.6318921
64,2210.9175799,1,0.9755514842017603,110.1817869381635,223.768041998567,12.703735159758029,34.43080243341918,1.0,30.0,0.0,165.42714368210187,1057.4984505
65,2227.5004182,1,-0.558735202407132,60.297954381804516,200.0,7.463898814869363,12.898070242650654,4.696568572810722,30.0,27.34967447254392,206.62967951446905,1074.0812887999998
66,2243.6366936,1,-0.7857247654554681,56.85093660018045,200.0,6.283561510937739,33.15360314508746,3.4178288464674136,30.0,47.5377288053406,187.64709415310188,1090.2175642
67,2260.1646599,1,-0.7058873131137274,86.67061553867157,200.0,5.3166622436808035,26.665300119633265,3.5320950761270247,30.0,74.71557786025906,193.63472351133913,1106.7455305
68,2275.6531047,1,0.9520413636285119,120.0,200.0,9.16752900239905,24.35852705280285,4.347692614024911,30.0,10.533627002554795,168.32255369374874,1122.2339752999999
69,2291.3759028,1,0.887629141856479,120.0,219.3666222920566,5.0,20.631355165364077,4.403346733705657,30.0,62.98859807730783,196.46156424298852,1137.9567734
70,2308.5535897,1,-0.8656286725380166,87.08525549120478,200.0,7.582676415553353,36.91024839277735,4.574901516120559,30.0,40.94505346196646,183.51448247621084,1155.1344603
71,2325.4126006,1,-0.6780976441084509,67.50587792765587,200.0,5.0,27.649810041369406,4.722772425314673,30.505810603672387,58.185516074111504,182.95053289688167,1171.9934712000002
72,2342.2530887,1,-0.8380753510431652,68.89888295460848,200.0,6.202809879920284,41.00148329797483,3.7386996479616297,30.0,47.42507284759817,157.9961352401095,1188.8339592999998
73,2358.9359581,1,-0.8188783807329647,76.5414779200468,200.0,5.0,45.39591122975182,4.551498504291982,30.0,39.50075280307278,193.93867262579897,1205.5168287
74,2374.6547201,1,0.9093694238092859,83.58455100328997,200.0,9.34177255398987,27.66774936787782,8.779145597838479,68.9730363110456,33.38519746139649,188.0347664302192,1221.2355906999999
75,2392.1520957,1,-0.7427490692400854,61.15778566052293,203.06733706139568,6.741849733857649,28.114493944313207,6.389488639061459,30.0,12.941318966445074,170.1807210022212,1238.7329662999998
76,2407.5923678,1,0.9526939980060649,66.78305515525005,200.0,6.34284954812506,36.75464996732133,2.752058144653769,30.0,36.66836393144518,196.25977855877613,1254.1732384
77,2423.4866281,1,0.9004064961412298,111.43934046756772,200.0,11.684450359830576,32.86646918163502,6.577291749156164,107.19630034844803,58.97939863364653,204.1453160727949,1270.0674987
78,2440.2987094,1,-0.7665899646536839,86.65208554541736,200.0,5.354465536620008,34.48726359561543,4.0611190768779295,30.0,90.0,181.7365761006339,1286.87958
79,2456.6536322,1,-0.6661978681657699,61.59965175252209,200.0,5.0,27.095110688786388,3.8984222932799524,30.0,31.73577313032014,175.12702057387474,1303.2345028000002
80,2472.8358152,1,0.9677644024729083,85.26005460977115,200.0,9.394221414828317,35.304625464826714,3.5873166200997595,30.0,31.904503987183638,193.703752441538,1319.4166858
81,2489.3886469,1,-0.8260022428794248,49.189971102842335,200.0,5.859563651269037,45.89064032438668,4.906845080079595,30.0,34.70205622109616,182.3736528214807,1335.9695175
82,2504.9847195,1,0.9618952260279896,91.05928454948854,200.0,8.983203187310618,33.42671096471649,2.2035334485245768,30.0,36.95432650819482,178.50089166893667,1351.5655901000002
83,2521.3152948,1,-0.8042740285101707,68.08950338851328,200.0,7.9998794519144445,31.199102853842724,7.352486134097907,30.0,45.75185493614772,168.26811763416006,1367.8961654000002
84,2537.0981109,1,0.9726701687402075,120.0,203.63218614455718,8.895748477113937,40.30682853490988,5.414057929124149,30.0,16.64138202732188,176.13958259939338,1383.6789815
85,2552.8803907,1,0.9313176590492704,101.99682602306223,200.0,8.873505631732158,19.58053502155678,5.185014846909451,30.0,21.884051219917673,210.0,1399.4612613000002
86,2568.863033,1,0.9391141639434473,98.95082157934384,200.0,5.660184581875333,34.33880946843573,2.1882819896851897,30.0,53.847288869956735,181.3421094883841,1415.4439036
87,2585.3513231,1,-0.8272887391552494,68.9963461923846,200.0,6.251337894128385,37.11506289591408,3.1734833847414987,30.0,37.784816161191145,202.8358335461082,1431.9321937000002
88,2602.0470229,1,-0.795964778194418,86.3031838522115,200.0,6.719066799050868,29.05001201127117,3.5843916989562996,30.0,49.927910748940334,180.68491722102414,1448.6278934999998
89,2617.8950212,1,0.9398838334366001,100.55377831914524,200.0,5.0,41.586946624917104,2.1812734996786576,30.0,31.56204006878039,201.87762479759655,1464.4758918
90,2633.6949234,1,0.9583086847013066,83.24078585671583,200.0,7.156691905266676,30.047235369858445,2.560784392127206,30.0,0.0,185.68167069434074,1480.275794
91,2650.3304679,1,-0.7377262893570721,69.91717102318532,200.0,5.0,32.671048454159305,4.149594573763778,30.393447331206545,42.88014661622702,193.14231715312656,1496.9113384999998
92,2666.9762071,1,-0.8246108865863323,92.66600493993276,200.0,7.064987392700213,49.382798832373,3.6989861272185864,30.0,42.267090882797916,185.94863845242435,1513.5570777
93,2684.0446724,1,-0.8212389225834524,95.08111020704399,200.0,6.3567852039758845,35.74791623529072,5.6661755686928625,30.0,34.0718684274039,190.00187974631356,1530.6255429999999
94,2700.0364853,1,0.9637961129006561,91.3183742197514,200.0,7.8566156710928565,42.34045519465849,1.5134433239834917,30.0,49.62198593165413,182.68299212069314,1546.6173559000001
95,2716.6406144,1,-0.8541429314900628,79.60425388018925,200.0,8.283134641343437,37.785420520345596,5.338959649471323,30.0,7.393411128565724,175.8283390466376,1563.2214849999998
96,2732.6989275,1,0.9423464025100231,77.70356658167111,200.0,6.936205060504523,32.13293702649506,1.1931750833992023,30.0,29.28796203559716,210.0,1579.2797981
97,2748.6394025,1,0.957919533844314,120.0,200.0,11.65424551555659,35.370436442949526,6.275862656478376,47.3105963520416,71.94813706954235,200.38585423152077,1595.2202731
98,2765.5764081,1,-0.7672418971705163,87.99259214975702,200.0,5.0,37.12727217578582,4.813576601386767,30.0,17.59161782591758,186.85721697039654,1612.1572787000002
99,2781.9338784,1,-0.6966834231935346,75.97489816624396,200.0,5.0,27.865776912531587,3.2829553385296477,30.0,43.62655059746241,187.57845007285837,1628.5147490000002
100,2798.7667624,1,-0.8628970026639715,68.86108258558667,200.0,7.698284370922524,39.850493013316026,5.015439323908503,30.0,43.39888936911828,194.71543178570872,1645.347633
101,2815.614509,1,-0.8583346878067194,92.39892116778515,200.0,5.736687121045835,46.52842620139441,4.710792218914484,30.0,48.77397112044131,189.27985362498555,1662.1953796
102,2832.2304705,1,-0.8663528832938284,76.19436737092501,200.0,7.5590452871767955,42.22715486256358,3.3833912101415597,30.0,53.822260039269864,180.21302726088285,1678.8113411000002
103,2848.4365249,1,0.9412882556684603,87.53198315330147,200.0,5.689616017147198,36.26689033431404,2.4750182488554673,30.0,41.123855183213315,196.2067211104396,1695.0173955000002
104,2865.1500564,1,-0.7706919486226231,78.55826947550793,200.0,5.0,39.544051549896395,6.3442379664602395,30.0,40.15364340449568,185.36703539479834,1711.7309269999998
105,2881.0203638,1,0.9754315461733535,110.14059561610355,200.0,7.934366755392256,50.0,4.8685573543548335,30.0,51.36879265492583,175.61790920254822,1727.6012343999998
106,2896.3479475,1,0.9505236546532957,117.18954184441282,200.0,6.543265940329101,36.61745037159427,4.610438956112738,30.0,43.41440493239194,180.2765377886102,1742.9288181
107,2912.3262194,1,0.9713150856936802,93.79149983030332,200.0,7.992512928197087,42.641787502924636,3.1681008131106987,30.0,22.123174701798575,180.46591805167523,1758.90709
108,2929.0639952,1,-0.7940659254272405,67.82323076430033,200.0,6.049027427667723,33.54132812318509,3.4974797392758536,30.0,61.749945123054836,187.9961817267431,1775.6448658000002
109,2944.9769443,1,0.9738736860268542,86.35338375401962,200.0,7.980260292714943,47.125481877521096,2.6123186803816916,30.0,23.99949143705617,196.16712399380043,1791.5578149
110,2960.9160397,1,0.978654197277959,73.50094657483343,200.0,10.498102154943222,40.82859123229806,1.4812993520096374,30.0,0.0,162.0693502287095,1807.4969103
111,2977.1165985,1,-0.8649883894399328,75.51780240002904,200.0,8.212678553653962,37.8313081334132,4.463404655433708,30.076378130440986,31.3253228269272,188.7075253574381,1823.6974690999998
112,2993.0007473,1,0.9752089368539228,101.51386873920694,200.0,8.398664330472652,50.0,4.047485238198194,30.0,37.21330328692288,200.9080242732077,1839.5816179
113,3008.6739161,1,0.9563521702548219,103.6651753646151,200.0,8.245008432335151,32.073954121837254,4.914353321379487,30.0,40.02267193728048,185.97369287869196,1855.2547867
114,3025.9201834,1,-0.8757762419793087,94.34934907294985,200.0,7.002857550146886,45.32848542297239,3.5908089900810514,30.0,47.494301221884925,180.23390669296603,1872.501054
115,3041.7209282,1,0.9703223543226732,98.61899917449671,200.0,8.058940072482198,41.38972512422952,3.7586764708202,30.0,20.23770915696809,183.6433735192044,1888.3017988
116,3057.5488361,1,0.9493408064025731,90.95710620752729,200.0,7.810443337999672,34.5373896092508,1.0594114650731097,30.0,28.322779449730465,209.71065005645357,1904.1297066999998
117,3073.9058913,1,-0.7743550580592702,80.73559277192783,200.0,5.0,37.139772102414,3.5202858628049034,30.0,53.64946585910031,179.5021867995465,1920.4867619
118,3091.4200807,1,-0.7645879431316838,87.00638187010138,200.0,5.0,38.319283557280954,4.9609747275765494,30.0,0.0,185.19815315798402,1938.0009513000002
119,3108.6374571,1,-0.7520171209085482,104.71489321774453,200.0,5.516905542225267,30.1407159766854,3.579396179351021,30.0,45.720636320842985,189.78583626705176,1955.2183277000001
120,3125.5777005,1,-0.8588250983852046,66.09827768511167,200.0,6.121274531332987,46.38299949562128,4.122295754784663,30.0,56.705187308130654,174.48256145918467,1972.1585711
121,3141.7003306,1,0.9685018307621116,116.7993621270924,200.0,7.665296833557645,46.83026805343378,2.7696743739814167,30.0,56.42991025275229,175.82876967299848,1988.2812012000002
122,3158.7362473,1,-0.8628905260586825,88.61400602564953,200.0,5.729136250651175,47.55742914005779,4.340647471162791,30.0,53.35992316234221,181.18617606194212,2005.3171178999999
123,3174.7020037,1,0.9461069629890315,102.94345823546539,200.0,5.16215766416272,50.0,1.0,30.0,51.20294083901326,192.38413340264486,2021.2828743000002
124,3191.4782648,1,-0.7827595354106155,68.98626336052803,200.0,5.0,42.95891527933749,5.996574482596312,30.0,53.55385486277598,183.72345733831128,2038.0591354
125,3207.6596103,1,0.9740004701105046,100.81064740226427,200.0,6.525266596324068,50.0,2.655531382530907,30.0,67.12047948145796,158.73437923891885,2054.2404809
126,3223.9290406,1,0.9613802729163753,102.18166188850739,200.0,7.368255866011333,38.44901299800097,4.172814784187187,30.0,44.17135575888191,179.62613479855744,2070.5099112
127,3240.2209782,1,0.9720768320475633,108.47201374417173,200.0,7.192507900359842,47.681825771906475,3.233400273436275,30.0,63.97672283391371,168.011059120443,2086.8018488
128,3256.1554449,1,0.9617528289403684,105.87561003173172,200.0,6.375832147231301,44.82203561323061,3.5877684227677578,30.0,54.45813896287985,179.32661474604708,2102.7363155000003
129,3271.7524153,1,0.9853130229817687,89.03957983937798,200.0,9.337027517017887,49.75506786393949,4.413313999054522,30.0,21.344571544706447,162.2337059006897,2118.3332859
130,3286.8935905,1,0.977912172831552,101.48705304028792,200.0,7.802759153213844,48.79702999731107,4.518981673829437,30.0,15.458672457960834,170.63708607435822,2133.4744610999996
131,3302.7709867,1,0.977761581716822,104.15015340221566,200.0,9.412899745128225,50.0,3.0813200501742894,30.0,51.55180410020327,185.98607362266455,2149.3518573
132,3318.5658586,1,0.9716520590234271,93.46695147671842,200.0,7.368827399028343,50.0,3.5556944408673994,30.0,51.4426889526611,200.2614100627068,2165.1467291999998
133,3334.2579974,1,0.9724990729807258,91.46324068469927,200.0,8.845679928377153,41.21821561090065,3.2725312803499884,30.0,43.64071493197216,177.99442416698625,2180.838868
134,3351.0680078,1,-0.6458880294123475,70.6057431236472,200.0,5.0,26.02905848491306,5.5028879813224005,80.53878291867193,19.473832500735277,166.13854021746852,2197.6488784000003
135,3366.6067382,1,0.9594957937858793,104.86592927499322,200.0,6.36373591013966,44.82925157830343,2.7702281555660604,30.0,34.31550421428613,184.93879015367605,2213.1876088
136,3382.3532325,1,0.9579716448279565,103.55223080826946,200.0,7.039290281225333,44.35961710557615,1.4725608555472691,30.0,28.8265491641196,206.5712985843282,2228.9341031000004
137,3398.1639817,1,0.9472061615152787,74.47717665010359,200.0,5.0,39.914753704950066,2.0560387980119423,30.0,38.44416741545811,168.9938261020283,2244.7448523000003
138,3414.7292308,1,-0.8487681827216288,98.35391421776113,200.0,5.938205235565518,43.792758140171614,3.11017461014684,30.0,19.93187746459659,181.58275481456656,2261.3101014000003
139,3430.410586,1,0.9489248727319337,118.10506316477807,200.0,6.363367461401196,36.54812183846292,3.7477738919166557,30.0,47.18925564803736,177.4978629477816,2276.9914565999998
140,3446.2545691,1,0.9642254186116161,100.29438010724347,200.0,5.636060881056574,48.232501790094894,2.883962397261749,30.0,60.761705265211155,165.78630426411073,2292.8354397000003
141,3461.1646516,1,0.9705186217834659,114.16211218919916,200.0,7.66945032451639,46.82783888400967,3.2287019954223006,30.0,58.47947451379038,173.25123950809638,2307.7455222
142,3477.293372,1,-0.8551462573472344,102.20828553071823,200.0,5.476561056204488,49.686881966398104,3.617680133439837,30.0,45.91799211423165,180.0650848072381,2323.8742426
143,3493.092595,1,0.9730840786627348,107.52401605319282,200.0,7.590084690472848,50.0,4.228009689868548,30.0,51.119642986749646,181.53786918551666,2339.6734656
144,3509.0696065,1,0.9769998439670071,90.61328955500866,200.0,7.635192482712407,48.33444093780748,5.500160710915831,30.0,57.34777001378025,179.93549928809358,2355.6504771
145,3525.2462267,1,0.9728484314224635,84.43573902199972,200.0,6.605303852196843,50.0,1.9972962778285295,30.0,37.81502714764504,156.79109774695112,2371.8270973
146,3542.2311984,1,-0.8630309854438687,80.31066509395644,200.0,7.7327582229084,41.98254878664432,3.887446635479955,30.0,45.499985466742025,179.71549410683858,2388.8120689999996
147,3557.9570546,1,0.9708951697423076,107.06221768073203,200.0,6.644085149962599,50.0,3.3621158176490127,30.0,63.57456008532618,170.85101941447977,2404.5379252000002
148,3574.162437,1,0.9713615021919711,106.40868999067594,200.0,7.1743665321569505,50.0,3.6405151701917466,30.0,40.212600930092265,175.90673972671107,2420.7433075999998
149,3593.685866,1,-0.838820670419862,98.91707053914082,200.0,5.857794880850012,43.95465817436951,4.599166035760462,30.0,64.4078622186374,150.0,2440.2667365999996
150,3610.7786677,1,-0.8135730825584994,104.5477568278234,200.0,5.0,50.0,6.017496072867282,30.0,36.227325566657,180.4219900642879,2457.3595383
151,3626.3229983,1,0.9633182297575038,109.71682490902695,200.0,5.849980281285177,50.0,3.0480010386526564,30.0,61.35410982619695,175.18145236096865,2472.9038689
152,3643.58057,1,-0.8711641111607988,89.70995266864455,200.0,6.781604681033939,42.50287829856747,3.2905581388002183,30.0,53.61049502214469,167.44258556378486,2490.1614406
153,3659.2490715,1,0.980242548488096,88.26022660491851,200.0,9.114571608312115,50.0,2.735120469462373,30.0,52.440706158012205,177.61019604863407,2505.8299421
154,3678.4184343,1,0.9719915991343858,72.40557858839324,252.02865013252412,6.2209141311351415,50.0,1.0,30.0,45.94551981984986,196.45460331330125,2524.9993049000004
155,3695.0209085,1,-0.8565871740686338,100.89382840378221,200.0,5.729873781889731,47.53365333653146,3.1092994587581986,30.0,57.8118983860836,184.63785049702813,2541.6017791000004
156,3711.3980999,1,-0.8656229421400103,95.45673918422962,200.0,6.547517312011866,50.0,4.369635885685593,30.0,30.4384875803054,187.4654803035159,2557.9789705000003
157,3727.1694528,1,0.9731043897910133,93.94371147693997,200.0,7.3583123595552395,50.0,2.4390292473878348,30.0,41.72545517580028,172.19810207487822,2573.7503233999996
158,3743.3854152,1,0.9760009362574349,100.27084705122124,200.0,7.811919820820909,48.482561234398375,2.4448025823402704,30.0,78.37998485837792,178.00588527101095,2589.9662858
159,3759.4230262,1,0.9703387063753641,92.48068327596224,200.0,7.288662010864397,44.30632036379582,3.721548861876564,30.0,48.01314406329799,173.11471919252475,2606.0038968
160,3775.3347985,1,0.964807291928745,114.84911789317562,200.0,6.6361946882544345,45.95841340638211,2.442531710723114,30.0,53.13078589260182,162.1913078156547,2621.9156691
161,3792.4346384,1,-0.8566512104734083,69.22913926869892,200.0,7.5600963567699,42.65511656804817,3.4989191778458326,30.0,58.507990954377874,170.5857166210035,2639.015509
162,3809.3352176,1,0.9710978192415717,85.61763855342308,200.0,6.705039154885039,48.51478438321264,2.8700755940152236,30.0,51.025316468703714,174.8687538215021,2655.9160881999996
163,3825.345285,1,0.9712010204165061,104.70542315446878,200.0,7.357332651610769,43.555873851912935,5.466068484717012,30.0,54.61600165125176,165.97856193061423,2671.9261556
164,3841.3784364,1,0.9752560901528625,100.87536985011758,200.0,7.873933688771542,46.11688744488239,4.155568067188586,30.0,59.301015113468736,170.15011301501784,2687.959307
165,3858.6832786,1,-0.8766563801049794,84.44752760714354,200.0,6.971765624211724,44.378910566605896,3.6109980054228843,30.0,36.25445503083032,159.13798858162684,2705.2641492000002
166,3877.0490612,1,-0.8736929422929716,84.55036651479239,200.0,6.662429659380473,44.24977403845405,3.08983775683229,30.0,59.909920385890416,174.53906762400445,2723.6299318
167,3893.1548975,1,0.96148343126368,104.84493069894162,200.0,6.466754808159049,41.74103015089034,3.332459365404522,30.0,48.25936824663291,166.10405337896916,2739.7357681000003
168,3909.6688179,1,-0.8048269390185746,82.05365935702872,200.0,7.258792591539899,48.78112958890172,3.0632147143531863,30.0,48.15577969009219,162.71948544749804,2756.2496885
169,3926.4820117,1,-0.8043090100646724,98.63927184265029,200.0,5.52811013257935,39.996053530093306,3.5318882769296467,30.0,75.11666840870377,150.0,2773.0628822999997
170,3943.2423088,1,-0.8302601001744128,95.88298841274941,200.0,6.790473418699879,49.79266131278837,6.557064494647917,30.0,53.70167653960043,171.77140754014343,2789.8231794000003
171,3960.2973941,1,-0.8468280270112931,82.45348037472097,200.0,5.439216438252853,48.14580765690283,3.106314192644109,30.0,60.875371447385035,164.21670393077827,2806.8782647
172,3976.1658506,1,0.9522671120085453,92.13015001641222,239.55822703650207,5.0,39.944854835829666,1.3847403875715818,30.0,49.22566575389269,163.53227425816166,2822.7467212
173,3992.6464044,1,-0.8152937299920906,86.52963514746654,200.0,7.015448184674179,50.0,3.225272003294201,30.0,59.009310901677125,162.48731006126877,2839.227275
174,4008.4202346,1,0.9768873979362237,98.15214366757681,235.53503785880773,7.29669130150124,50.0,1.0,30.0,65.5649865468298,167.02990469480756,2855.0011052
175,4024.3122845,1,0.9637459364751878,95.24691389778855,200.0,7.018912652372739,39.77155125155309,3.4195622293096517,30.0,62.775768051667505,177.15391162337784,2870.8931550999996
176,4041.4233167,1,-0.8572696008090518,80.21181581836743,200.0,6.322401195147258,49.762182758038314,5.753058753844517,30.0,68.24448625055463,150.0,2888.0041873
177,4057.3643328,1,0.9739557242741573,103.31524066632878,200.0,8.653987187354623,41.0292331073962,4.081742353369139,30.0,58.109619146735135,165.96009366350998,2903.9452033999996
178,4073.4484978,1,0.9813162194144615,92.80811910385175,200.0,7.559291805572445,48.33879265174225,3.6090112781021695,30.0,82.41218786279457,170.30861057725133,2920.0293684
179,4089.8714831,1,0.9795517678695904,74.92895713372687,200.0,7.662908134935963,46.49110595359286,2.9303080142303117,30.0,58.45685153363996,162.56152135817325,2936.4523537000005
180,4105.5839499,1,0.9705413935466821,98.75981322465816,200.0,7.452286719145496,42.04665664047926,3.8186544221389633,30.0,42.10045685149821,159.58153048239924,2952.1648205
181,4122.8110866,1,-0.8364254490728151,50.889814890212406,200.0,7.376150110410153,41.349266140799514,3.859366016179325,30.0,46.925049404454036,156.35999197667184,2969.3919571999995
182,4139.7388499,1,-0.8656686010621684,75.50030216761755,200.0,7.605559527029207,40.652506862980076,3.774413523577099,30.0,52.99970382617802,150.0,2986.3197204999997
183,4156.901173,1,-0.8563397232982244,86.98510099747412,200.0,6.734000470830384,41.49084309168291,5.376050585034814,30.0,22.237675463111348,154.19633151227433,3003.4820436
184,4173.0400182,1,0.9722111776884572,99.44012324792325,200.0,7.249523572052139,44.5427448543337,2.4556571325546948,30.0,58.01470743705241,155.2509465961579,3019.6208888
185,4189.0312087,1,0.9671832980176832,120.0,227.50231944953538,12.955688196783424,50.0,1.0,72.85425849207259,9.486779590700053,150.0,3035.6120793
186,4204.7791156,1,0.9710469629632678,86.80449623429467,200.0,6.107298836191531,45.6071704398959,2.752788736812013,30.0,55.446753589539824,151.08244598937722,3051.3599862
187,4221.3545304,1,-0.8755025889945632,87.14546196887824,200.0,7.175101359248288,41.73268963313483,3.8001495106088,30.0,20.267162235884477,163.1395548503046,3067.9354009999997
188,4237.4842776,1,0.9738340005674986,68.76703462100878,200.0,6.78848240634762,41.11148118638201,2.8140541809104076,30.0,52.19238453812635,150.0,3084.0651481999994
189,4254.3092973,1,-0.8287704389172402,81.68230464989452,200.0,6.037177310342175,40.09815241053318,3.02238199857125,30.0,61.864528422427476,150.64916862171899,3100.8901679
190,4270.668702,1,0.9797437848022734,85.25234888037411,200.0,8.02897171168238,49.157092251729544,2.9284041454855414,30.0,33.9189302502472,161.01459459393965,3117.2495725999997
191,4287.6701434,1,-0.7573096749098926,68.66696204868671,200.0,8.228527998407799,44.84214077246288,4.090310098071742,30.0,34.871210565712126,152.24117235346762,3134.2510139999995
192,4304.4520728,1,-0.7974534843232229,78.32694159147064,200.0,5.0,42.22709967536446,3.5495800219015763,30.0,44.57982519416262,156.46837965902654,3151.0329433999996
193,4321.7124641,1,-0.8687156711675044,84.19739678017163,200.0,5.837261790939518,50.0,3.7274970812017676,30.0,60.869868999685146,151.49566056595077,3168.2933347
194,4338.2050104,1,0.9699379355901421,111.59567577985716,200.0,7.607101757217391,43.01071251490985,2.185981307376579,30.0,52.917746562263524,150.0,3184.785881
195,4355.4109545,1,-0.8672807619087066,72.76879357203444,200.0,7.685125166245276,39.51151829484803,3.657965393074795,30.0,54.96392229409393,171.1940591047583,3201.9918251
196,4370.9113251,1,0.9803545670043994,79.10068482580962,200.0,6.5611443820639614,48.22347015821913,2.985938369953386,30.0,66.51561322107352,150.0,3217.4921956999997
197,4386.4612267,1,0.969053059499359,106.08482318915355,200.0,7.821278467539542,39.14739562834563,4.811180768350091,30.0,24.554112049727276,158.2494155035222,3233.0420973
198,4403.6174209,1,-0.8686977981492944,77.5666941465644,200.0,6.8249507603921264,42.56104792359249,4.250370911262662,30.0,56.89426322101082,165.1333665728956,3250.1982915
199,4419.8237851,1,-0.8127685876195034,65.4750102071589,200.0,7.313808225454681,47.30815279462762,3.0304675102505167,30.0,38.97876059380069,151.38742845555984,3266.4046557
200,4436.4718953,1,-0.8189535085168147,84.64102176580707,200.0,7.874503734128176,44.05314295687337,4.451805345265984,30.0,31.78003074708132,158.0557735047144,3283.0527659
201,4453.4170156,1,-0.8535024262213501,61.62467792979847,200.0,7.11303398894033,44.733727292874505,3.977327619980622,30.0,33.722220454076336,152.8006819459329,3299.9978862
202,4470.343606,1,-0.8617724548310653,73.38742141361155,200.0,7.72746694751419,40.72541830330643,4.117469029234822,30.0,43.761344992914616,150.0,3316.9244766
203,4486.3900294,1,0.9753619645667416,73.7367472013541,200.0,6.70772263914522,44.568310336976644,2.6176203223392265,30.0,4.574148029680153,151.19489770431886,3332.9708999999993
204,4502.1995433,1,0.9661033806932041,97.6702510074481,200.0,6.574892683825371,43.61967522576377,2.101988236811955,30.0,29.422287279719825,150.0,3348.7804139
205,4517.9298715,1,0.9483818963466845,120.0,200.0,16.8371628584594,40.89386318752599,5.728316805180789,129.01998607189503,45.979272562185,150.0,3364.5107421000002
206,4535.3482924,1,-0.8748642839537772,86.80292579199266,200.0,7.055437176124235,43.94522875532448,4.0732844711365015,30.0,45.881556154527715,152.305707063355,3381.929163
207,4551.8728257,1,-0.8601382372619296,76.80896248125372,200.0,7.182558279398544,45.217446808592214,3.937916203035855,30.0,8.45299693853179,153.74017178616054,3398.4536963
208,4569.0844565,1,-0.8317615685292908,63.26431213302221,200.0,6.887394617558314,37.77657215190706,3.93335485634808,30.0,45.49072485072807,150.0,3415.6653270999996
209,4585.6526344,1,-0.8462460429270752,75.31199757420008,200.0,8.105007233234044,40.655661473186285,3.406667071355049,30.0,36.56891280092108,163.20580201678635,3432.233505
210,4601.867437,1,0.9697279825527643,77.95440555298998,200.0,8.042909056442802,40.67670376747881,1.462031808190103,30.0,23.358533562627617,154.37336362758685,3448.4483075999997
211,4618.6525597,1,-0.6626684841368075,73.00876965940968,200.0,9.37866296338477,42.74629787304181,4.221835474027986,30.0,23.287196082123522,158.49467680234466,3465.2334303
212,4635.3873155,1,-0.8611755595599249,74.72154973694276,200.0,6.168346161197103,46.23203994424265,4.748565521436365,30.0,36.098582781572205,157.1250598073617,3481.9681861
213,4652.229089,1,-0.8716455246190367,83.08772014275347,200.0,6.686900634260732,43.96551239198685,3.8951290521486337,30.0,56.99712265961625,154.1205389215099,3498.8099596
214,4669.041785,1,-0.8623600327447022,71.77460438707072,200.0,7.55167398304344,39.29057144911655,3.945068450009283,30.0,24.207059589084615,152.86082044487165,3515.6226556
215,4685.8507856,1,-0.8573510011106352,71.74034448228444,200.0,6.72500138787562,41.65995372210453,3.699683472778179,30.0,30.70163617032005,150.0,3532.4316561999995
216,4702.0335381,1,0.9735460087487608,81.23212889500215,200.0,7.2473061593276356,43.61201746547435,2.450890831286344,30.0,24.92229260028892,151.0394983661033,3548.6144087000002
217,4719.0397001,1,-0.8229573431463758,70.35311041221472,200.0,6.1202785949629135,39.32696196503139,4.698281835570294,30.0,21.019823703971095,154.28574761425102,3565.6205707
218,4735.7477053,1,-0.8544019608257418,79.53202549260872,200.0,6.478592500906862,41.66671099374869,4.213325801579902,30.0,7.727754074841627,159.12102698972947,3582.3285759
219,4752.7740584,1,-0.8683512979846576,76.87278524955084,200.0,6.7834290117971525,47.364183933533916,3.7064117872243694,30.0,25.788594891458825,160.33299325635738,3599.354929
220,4769.8012674,1,-0.8541871269219502,79.21679323479914,200.0,7.281330468319852,45.14457218411955,4.652610444658994,30.0,33.50405332312162,150.0,3616.382138
221,4785.7618693,1,0.9745527177358462,97.6282974209527,200.0,6.906822101751526,46.20491816788697,4.183816733887037,30.0,43.89424851934667,150.65255100634892,3632.3427399
222,4802.7525715,1,-0.8654552401589831,77.82318778000517,200.0,7.665700717226727,40.95295666145327,4.2805059368425535,30.0,39.14252093262689,150.0,3649.3334421
223,4818.9066593,1,-0.8531726466871019,70.25543169858923,200.0,7.064369613946191,46.167302952094715,3.715260509598745,30.0,66.50970946889593,150.66153158489405,3665.4875298999996
224,4835.6414545,1,-0.8627047288153613,79.86871609935683,200.0,6.437946170407932,43.3313089909834,3.8526563155632303,30.0,29.130652131952125,150.0,3682.2223250999996
225,4852.2450424,1,-0.7088705938568934,95.51238016628365,200.0,5.0,36.81431443526958,5.253329799162126,152.38187575202383,65.98541702519123,150.0,3698.8259129999997
226,4868.1388197,1,0.9335070095560668,88.3941224576467,200.0,6.401250367793636,25.55392139133484,1.0,30.0,32.24431071351434,150.0,3714.7196902999995
227,4884.7697273,1,-0.8603108180901057,81.88988968201787,200.0,6.957941664287894,47.027417106603664,4.2277527284341385,30.0,48.87895297695982,150.0,3731.3505979
228,4901.3821837,1,-0.8420310246287688,81.2507516205439,200.0,7.005850798786467,36.46748037587536,4.594874058796027,30.0,42.51365103921513,151.3121698800059,3747.9630542999994
229,4918.1770483,1,-0.7786291338263348,87.33759368359625,200.0,7.733482479569624,47.12123375106185,4.317276040883148,30.0,26.808383838938944,154.1538786996259,3764.7579189
230,4934.3797149,1,0.9613882150610168,90.19291914224794,200.0,6.88688634857887,36.65710996990386,1.7589217430670656,30.0,47.542320872620024,150.41201934147168,3780.9605855
231,4951.1413183,1,-0.869729406646693,92.34418424447381,200.0,6.790305999784919,42.18157457588498,4.071026157059471,30.0,48.222375273145104,158.0236953257555,3797.7221889
232,4968.066713,1,-0.7660981836381769,74.87449126437096,200.0,8.23741174088834,44.42853097523515,4.66713299224796,30.0,45.39800633465325,155.490834135408,3814.6475836
233,4985.17797,1,-0.8728239876113212,89.33289254765693,200.0,7.555259328044631,40.61912888328098,4.278764861075469,30.0,43.846394522913634,154.91992293244934,3831.7588405999995
234,5001.9589231,1,-0.8541978937567924,68.1914756272484,200.0,6.980382126927251,45.87057835102377,5.076602417452102,30.0,22.341386378114155,154.07124717507412,3848.5397937
235,5019.2016558,1,-0.8710198663543482,73.37615381168371,200.0,6.739474643496299,45.87821938800486,3.876669087544814,30.0,37.56290619009203,150.0,3865.7825263999994
236,5036.0732591,1,-0.8665780676145449,83.35606510467927,200.0,7.538669489189118,41.63428330574087,4.849773840236415,30.0,32.57568639992923,151.67747572798118,3882.6541296999994
237,5053.2374563,1,-0.8482739612280751,56.31784263290617,200.0,6.201659081668828,48.52394379242746,4.314336499819254,30.0,30.22063236948548,150.9300825262802,3899.8183269
238,5070.1275026,1,-0.8719615870892065,81.74731324704523,200.0,7.320139599265308,42.57402638426105,4.116298245888178,30.0,32.928358205789046,152.07740275793248,3916.7083732
239,5086.9810696,1,-0.8709886132217038,93.55148350344233,200.0,6.733735302432125,43.19717148276847,4.1552294411962905,30.0,56.06063560081193,157.1880152656561,3933.5619402
240,5103.9912767,1,-0.8723485291848793,83.74860399057411,200.0,6.787499801250313,45.20114684718574,4.484640944954007,30.0,58.36360012166513,150.0,3950.5721472999994
241,5119.9343467,1,0.9717687993040777,109.33787844546208,200.0,6.831820304634164,46.13155414482659,4.195714276628725,30.0,49.50387967227317,152.3342718844765,3966.5152172999997
242,5136.6801201,1,-0.8503332075846884,85.82736888231518,200.0,7.159321070557127,46.63914418244288,4.275741290203009,30.0,49.02578515648281,152.24523466255553,3983.2609906999996
243,5152.574116,1,0.9800797427786954,97.66163488986956,200.0,7.25866037338767,46.358053290614336,4.53030631295624,30.0,69.10526570067175,151.51395370332042,3999.1549865999996
244,5169.7425291,1,-0.8666365670453079,79.77950618911501,200.0,7.007817844778701,44.235035988064844,4.892650682681019,30.0,61.34182360598385,150.38579973656684,4016.3233996999998
245,5186.1204701,1,-0.7828263364793704,78.45989145894171,200.0,5.0,45.079454946549525,3.155987547460041,131.81125130795672,50.731287283906816,150.0,4032.7013406999995
246,5202.3804053,1,0.9672497345390028,120.0,200.0,13.977571161408008,49.704829340460336,1.0,58.29291581671427,71.94312086189763,150.0,4048.9612759
247,5218.7420691,1,-0.8692953093864824,88.03660757250164,200.0,6.935014159502798,45.72438940605178,4.1333605381490335,30.0,66.36896297407412,150.0,4065.3229396999996
248,5235.7139154,1,0.9692249649669562,100.41306051761399,200.0,7.073876428159027,40.83934156612489,4.136105124147144,30.0,46.1307458473419,153.20326347643555,4082.2947859999995
249,5251.7505068,1,0.9792471157427703,93.15175336200386,200.0,7.422189532784668,48.23674865699219,4.445580809085453,30.0,23.585064003719907,150.0,4098.3313774
250,5268.3940668,1,-0.8715576992534708,90.95405526836184,200.0,6.532058006426301,47.4950307420395,4.77566538656952,30.0,57.733763507237185,151.42939167296493,4114.974937399999
251,5285.2940793,1,-0.8343699808954306,93.19695305757926,200.0,5.7878007418856505,42.383283135199775,3.9904791052638933,30.0,58.89022343273444,150.0,4131.8749499
252,5301.2105525,1,0.9811507955911521,85.87092029041072,200.0,8.72529823682246,42.47451941803003,3.88599323880659,30.0,51.156091422198855,150.0,4147.7914230999995
253,5318.0474574,1,-0.8707787538653825,89.80535488554031,200.0,7.505407154574576,39.36424886725385,4.2800759125090995,30.0,37.30518807296757,154.4619345986778,4164.628328
254,5334.7185146,1,-0.8610512516618678,90.42723972337569,200.0,6.734250979577595,48.80426752983588,3.8302072654593697,30.0,45.91097367393135,153.23344426828362,4181.2993852
255,5350.9292153,1,-0.8480202887960624,74.39062001918342,200.0,7.192314348434671,46.29136262583354,4.05679137661542,30.0,48.54176076270818,150.0,4197.5100858999995
256,5368.1337398,1,-0.84502327390314,90.67708885376982,200.0,7.4019911635217115,44.648731029372115,5.7140000924159,30.0,39.74403024447593,153.10814179135545,4214.714610399999
257,5384.8715824,1,-0.8632418051050754,75.49519689162862,200.0,6.260194791373482,45.517306601915244,3.6637665367117553,30.0,50.1254579778737,150.0,4231.452453
258,5400.7811535,1,0.9774727176046087,92.0858958773117,200.0,7.622890440810655,44.223676424435624,3.998944195075908,30.0,47.300845292381624,150.0,4247.3620241
259,5416.5862498,1,0.9749864746283906,96.8476915523091,200.0,7.328392708910409,41.137255306325905,4.394955543723419,30.0,64.54550705144457,151.71062046745283,4263.1671203999995
260,5432.4691165,1,0.9701781649398844,90.84828965447497,200.0,7.977354355063583,50.0,1.0,30.0,59.78817872935537,161.1731668164971,4279.0499871
261,5449.4716958,1,-0.87121735521464,87.49369004134742,200.0,6.763178830577559,46.08690881754751,4.660154297338942,30.0,59.00838257647101,150.41809257755295,4296.0525664
262,5466.182992,1,-0.8680434451726871,88.92753376077096,200.0,6.570629222164127,48.78696286497973,4.334579086586956,30.0,59.58381758336367,150.85525893181125,4312.7638626
263,5482.8420477,1,-0.8660227366331564,87.66657118293409,200.0,7.1058288932077085,44.290280124192066,4.937604333722527,30.0,64.89051890753389,150.0,4329.4229183
264,5500.0441153,1,-0.855479156201919,80.45502818001135,200.0,7.193566233660598,45.05258869286928,4.746334767594763,30.0,77.51577263119266,150.28921816115547,4346.6249859
265,5516.6233601,1,-0.8205989362332226,69.81204174141507,200.0,5.0,49.857907652148654,3.5052006860666007,53.497471922488906,46.87348190137727,150.0,4363.2042307
266,5532.6282523,1,0.9893120472122642,84.43218457044541,200.0,16.30495924143912,50.0,3.7087106148989895,48.32796043198219,90.0,150.0,4379.2091229
267,5549.3503054,1,-0.8691794325118782,87.42552495372098,200.0,6.801036033071938,44.033796413269215,4.357099453345739,30.0,75.38915039037609,150.0,4395.931176
268,5566.2510993,1,-0.8712501176116344,79.88425591903604,200.0,6.5564956080484595,47.9523603461262,4.196925092207028,30.0,58.487294935372866,150.0,4412.831969899999
269,5583.1200341,1,-0.8655843956123325,80.88239148673128,200.0,6.221006594202517,46.197091340787644,4.5518650650582195,30.0,41.080613320494436,150.0,4429.7009047
270,5599.9167345,1,-0.8309735940249158,77.02188835853102,200.0,6.697482348733914,50.0,6.321336814091782,30.0,63.973313945716235,151.53101700758307,4446.497605099999
271,5616.3927778,1,-0.8266025410417491,84.16937256380818,200.0,5.343472998025188,45.699644745073954,4.548530367902796,30.0,63.894447245208426,150.0,4462.9736484
272,5633.2535392,1,-0.869643020242204,90.38739206817762,200.0,7.052871444792052,41.86715636721452,4.086777134966022,30.0,64.64860825438782,150.0,4479.8344098
273,5650.2092436,1,-0.8618739448928142,80.04231725772841,200.0,7.341898101895587,43.77330673194162,4.294030925173741,30.0,65.07380396268786,152.36114695953304,4496.7901142
274,5667.2212455,1,-0.8565792730725695,95.0928413232203,200.0,6.61561016837685,49.602326421960036,4.075557447766814,30.0,77.57858902084891,152.75274174813444,4513.8021161
275,5684.2229831,1,-0.8548962473840883,75.53036674807512,200.0,7.308224377669187,44.469291727555614,4.354797229287781,30.0,68.3493155049408,150.0,4530.8038537
276,5701.5406655,1,-0.863549038318814,86.01737520364759,200.0,6.29505631282955,47.043152195062746,5.475437739290624,30.0,51.47044116898023,150.6058503900701,4548.1215360999995
277,5718.3096881,1,-0.8594735132644119,94.00428591950002,200.0,6.3574890170415435,43.504465912865456,3.967972657461714,30.0,61.96949236788042,150.0,4564.8905587
278,5734.3457861,1,0.9819057343216647,90.16242002658402,200.0,7.651429791427198,45.35728644176923,4.473620658322875,30.0,64.90783510403767,150.0,4580.9266566999995
279,5751.4249062,1,-0.8653413849818398,82.99233919131065,200.0,7.552724519558114,40.45280563568603,4.666346227503293,30.0,68.00243342702183,150.0,4598.0057768
280,5767.0283678,1,0.9881887606750571,47.65553042820231,209.37639882333582,14.8602338598441,48.35607007040164,1.0,30.0,82.16578866829144,150.0,4613.609238399999
281,5783.8450961,1,-0.8605000102343813,69.3396345569233,200.0,6.738839968134765,45.670069369208306,4.794668856265986,30.0,63.12915119642405,150.0,4630.4259667
282,5800.8390315,1,-0.8687842927778617,84.13289871765654,200.0,6.33027471233831,46.45932412533223,4.379975017746437,30.0,63.23780222000943,150.0,4647.4199020999995
283,5817.4432638,1,-0.8621313891892971,74.96803679868201,200.0,6.597646414139395,43.785228998373796,4.415537235187454,30.0,55.95405588645181,150.0,4664.0241344
284,5833.8461459,1,-0.8641651707582156,82.56989327071192,200.0,7.035338168471316,45.74511905424836,4.158093271673556,30.0,65.76955940531728,150.1143307346393,4680.4270165
285,5850.1328967,1,-0.8358304920467994,65.49944070025937,200.0,5.880011905494322,44.79692137032835,4.223426004688969,30.0,58.02460974661017,150.0,4696.7137673
286,5865.8770925,1,0.9946431550155607,64.34432413492205,200.0,16.21725391214272,50.0,5.498418127142971,30.0,50.79265120056435,150.0,4712.4579631
287,5882.777658,1,-0.8709377061017081,81.23926449626738,200.0,6.714730165280824,44.87981755019816,4.524228308528971,30.0,56.30564981652848,150.0,4729.3585286
288,5899.5299302,1,-0.8561422106877553,69.67120310873888,200.0,6.439176777053935,50.0,4.725590648507493,30.0,65.19787181985616,150.0,4746.1108008
289,5916.6860857,1,-0.8446027451043944,79.2379119477261,200.0,5.950468708762966,44.421198332292136,4.574043536838916,30.0,68.17231803852243,150.0,4763.2669563
290,5933.3766759,1,-0.8658908402065434,75.72647906936608,200.0,6.888084060406563,46.09456323277601,3.7610090270197025,30.0,65.55948201551722,150.06240438019648,4779.9575465
291,5949.7117624,1,-0.8021434755086383,78.70793445425511,200.0,7.553332757743146,46.7886260380495,4.775826446982934,30.0,61.73130205667765,150.0,4796.292633
292,5966.8617049,1,-0.850280038968504,82.20067654549064,200.0,5.8983624793928815,46.22924015429203,4.697044567482846,30.0,69.27655995737106,150.0,4813.4425755
293,5983.8090433,1,-0.8683595326589826,78.59766605577136,200.0,6.456330754970624,48.57925568400451,4.50373821032777,30.0,67.30466289542633,150.0,4830.3899139
294,6000.7050921,1,-0.8512167995787195,82.77533547755132,200.0,6.676503211815347,49.51173137149599,4.870498695187486,30.0,69.53726758617304,150.0,4847.2859627
295,6017.5089168,1,-0.8688713137485795,81.80934016434314,200.0,7.0315356817684,43.6754430564428,4.597774683335583,30.0,66.05853866895299,150.0,4864.0897874
296,6034.6165293,1,-0.8684554964227539,80.73371884604049,200.0,6.549732433568639,44.76545631861448,3.568510292450481,30.0,62.6698506202012,150.0,4881.1973999
297,6050.339313,1,0.9757356878856293,95.4103212086974,200.0,6.9949282667625905,43.53301266463153,4.239743329229539,30.0,61.613044569990436,150.0,4896.9201836
298,6067.4053925,1,-0.8546866379941129,85.37414752590658,200.0,6.032599845485533,45.73575350196873,4.742858274573379,30.0,63.49196738068234,150.0,4913.9862631
299,6084.017057,1,-0.8631656490066074,75.6386266994634,200.0,6.746906372184836,47.51046509233672,4.554012664594186,30.0,57.213917427181116,150.0,4930.5979276
300,6099.5653041,1,0.994610261408843,74.52380603098224,209.85570710321298,14.224880387653695,40.51006541363174,3.2797764241186678,30.0,75.40253670980272,150.0,4946.146174699999
301,6116.5617659,1,-0.8615952370560792,70.52145174072068,200.0,6.697858360228809,44.916847781037276,4.682019664015749,30.0,61.966915707517586,150.0,4963.1426365
302,6133.8352702,1,-0.8682813303882789,78.29753475101244,200.0,6.886727488448735,43.15820531046789,4.460337526707665,30.0,53.45268797698191,150.0,4980.4161408
303,6151.0780124,1,-0.8604914369208212,77.34133555343556,200.0,6.3772501971131685,44.11128659645115,4.2938932545693165,30.0,51.619956852486574,150.0,4997.658883
304,6168.0436179,1,-0.8722487347264827,82.89212788589235,200.0,6.5618654812378665,45.24545474192526,4.114357044063702,30.0,53.73521300292734,150.00842145286197,5014.6244885
305,6185.031055,1,-0.8565955897336751,74.42311543779041,200.0,6.892772456648372,42.02152937463623,4.919103553875447,30.0,62.616107009998274,150.0,5031.6119256
306,6201.0743041,1,0.9914453439151919,73.94247309158594,200.0,15.92273765193043,46.07605775086553,5.299331335805825,30.0,36.63265521781194,150.0,5047.655174699999
307,6217.1916489,1,0.974252972162828,115.70892263935545,200.0,13.384141418859823,35.94975149080327,7.907759354645618,41.20505587015727,19.088589426899663,150.0,5063.772519499999
308,6234.1170027,1,-0.8612133518279824,77.00684884144715,200.0,6.4841868224868975,44.38318823739972,4.721328979438162,30.0,55.240254313225314,150.0,5080.6978733
309,6251.1283097,1,-0.848823043876717,80.19331481490237,200.0,6.079473083273281,44.123525665016956,4.545225809920146,30.0,65.53242219250785,150.0,5097.709180299999
310,6266.924899,1,0.9746796084784058,79.31579157083625,200.0,6.983661075373808,43.197742367672674,2.7770372518748503,30.0,50.38923362144722,150.0,5113.505769599999
311,6283.5683029,1,-0.74582495281191,75.92761876803259,200.0,8.363794760398555,44.62334897335374,4.581137165263409,30.0,57.357970282307306,150.0,5130.1491735
312,6300.8675815,1,-0.8502784168237479,76.39495201994771,200.0,6.801828575351099,48.578944659097914,4.939411154448494,30.0,53.436523518760296,150.0,5147.4484520999995
313,6317.8929711,1,-0.8714989780264253,79.59633766903633,200.0,6.390181977935099,47.67280855297262,4.625601854100795,30.0,51.29526128059437,150.0,5164.4738417
314,6334.8178632,1,-0.8610362816816599,74.40357883110977,200.0,6.753738377273285,44.8505417355215,5.27798241099005,30.0,56.46237339589176,150.0,5181.3987338
315,6351.9635436,1,-0.8538872743036696,84.78346007222135,200.0,6.301250011992265,43.24491174877701,4.721999975254742,30.0,58.7702430308312,150.0,5198.5444142
316,6369.3672988,1,-0.8684851683556222,78.7647758448342,200.0,6.838664969863813,43.52256367128169,3.5727204295567736,30.0,66.02571176325507,150.0,5215.9481694
317,6386.4297032,1,-0.8689064788559078,89.48006119703149,200.0,7.104654878908801,44.196213708911365,4.664237700180989,30.0,61.358046039361795,150.0,5233.0105738
318,6403.8113807,1,-0.8505576778941154,75.35411011234348,200.0,6.065853830334339,44.50418356909579,4.473578685136014,30.0,48.89089316821512,150.0,5250.3922513
319,6421.3145113,1,-0.870616560427921,76.17084050612957,200.0,6.2542319032967635,48.4682742921215,4.442155937088044,30.0,50.73384749700032,150.0,5267.8953819
320,6437.5669878,1,0.9934930981549219,93.45376468792433,209.28753069066153,11.028880756572422,43.75061163455013,5.682807340594998,30.0,71.35115813025193,150.0,5284.1478584
321,6454.4979221,1,-0.8709799579372234,82.90847072650936,200.0,6.526720446734764,45.12513977259155,3.7817088226995743,30.0,58.17124936657706,150.0,5301.0787927
322,6471.3909747,1,-0.8682354413773807,81.27833523212877,200.0,6.732113925801697,43.41733669920373,4.444280766552456,30.0,48.49268927835564,150.0,5317.9718453
323,6488.4214516,1,-0.8661854271131338,82.56730110393568,200.0,6.296117473414226,45.390392112808726,4.2180223807186366,30.0,50.24843720832366,150.0,5335.0023222
324,6504.5513857,1,0.9321080107150609,80.6280460151758,200.0,5.0,50.0,1.1233076912493072,70.07788151186566,73.38867807279388,150.0,5351.132256299999
325,6520.2008482,1,0.9758415753408672,92.04515961247081,200.0,7.401341712436188,41.223514440429355,3.990040020497394,30.0,61.42433195779679,150.0,5366.7817188
326,6537.5338168,1,-0.7934792038713264,88.51032729265535,200.0,5.0,43.22669526896345,5.015047180755111,30.0,55.93859003515935,150.0,5384.1146874
327,6554.1596592,1,-0.7016333402233009,96.22343521621437,200.0,5.0,31.314661968652352,5.472141328956937,44.28231727822465,60.670040559083496,150.0,5400.740529799999
328,6570.8327306,1,-0.8644392706029113,90.65231217839683,200.0,6.557671922214411,42.85387228012458,4.225873404184423,30.0,47.62239113222928,150.0,5417.4136012
329,6587.7563773,1,-0.8659929016518302,86.0234925400311,200.0,6.192686198834932,46.10855173933414,4.44782771776261,30.0,45.64862535678098,150.0,5434.3372479
330,6603.7282179,1,0.9690526740914703,87.75337653054964,200.0,6.521405554991796,43.583914965999554,2.255044650942465,30.0,45.326626535376924,150.0,5450.3090885
331,6620.8664883,1,-0.8279076393003301,78.91668066655075,200.0,5.525008943118043,43.675055766331575,4.3722261490559635,30.0,49.57562438873654,150.0,5467.4473589
332,6637.6453669,1,-0.8682232932242995,77.57312657663905,200.0,7.179911556243816,43.96009984093921,3.529610150624218,30.0,45.31724918107563,150.0,5484.2262375
333,6654.7607884,1,-0.8599825052053,83.67707449686364,200.0,6.372965327836345,42.99240772099695,4.1031418888625,30.0,43.844286598118785,150.0,5501.341659
334,6671.8859554,1,-0.8539090246185177,78.17660379360245,200.0,6.41815995949463,42.729098328201914,4.716726143287933,30.0,49.186287166224275,150.0,5518.466826
335,6689.1037629,1,-0.8609935189060826,83.96571760255223,200.0,6.056696382077319,45.7835721162981,3.580639471899288,30.0,52.83573804584664,150.0,5535.6846335
336,6706.6050166,1,-0.8705255269421827,84.21423060938103,200.0,6.759474970329182,43.81103814899936,4.327085060287034,30.0,57.656069505319216,150.0,5553.1858872
337,6723.8505185,1,-0.8695550925472574,81.19084737103081,200.0,6.98803287016782,45.299277333591014,4.350872104024073,30.0,48.73876755548657,150.0,5570.4313891
338,6740.6972793,1,-0.87170356088473,76.58876301611915,200.0,7.004977362219984,44.10192935950308,3.8997798633165273,30.0,41.95256878725472,150.0,5587.2781499
339,6757.7845049,1,-0.8734666497434054,81.00862654723403,200.00235134651587,6.46383848115875,47.66011696738474,4.3646307594814,30.0,53.013073379001476,150.0,5604.3653755
340,6774.5594814,1,-0.8101236570740766,98.98709127624784,202.47936972982586,5.0,50.0,6.652928663700253,30.0,48.90254522252364,150.0,5621.140351999999
341,6791.6992547,1,-0.8732517169972546,86.66434553507467,200.0,6.404304961802523,49.18692785081554,4.067475172786344,30.0,56.001795266671714,150.0,5638.2801253
342,6809.0578634,1,-0.8646884889207669,82.47305301777524,200.0,6.312823661430136,45.07505424537308,4.414329607847769,30.0,48.480560970930675,150.0,5655.638734
343,6825.5388355,1,-0.8716807824369235,82.580562144495,200.0,6.564354464026956,48.08217640274087,4.404692715420673,30.0,49.804716370016635,150.0,5672.119706099999
344,6842.5601779,1,-0.8213711189687765,79.71502687285788,200.0,5.0,50.0,4.269121714985741,36.332715272066494,78.35328303113668,150.0,5689.1410485
345,6858.3496219,1,0.9716373841383573,96.67664553803863,200.0,6.995678498444039,41.731285268776844,4.0334641063806815,30.0,49.80758522248913,150.0,5704.9304925
346,6875.2701957,1,-0.8282124863547231,90.114153882974,200.0,5.0,49.68226789504064,3.8659488087546796,30.0,62.19436338991457,150.0,5721.8510663
347,6892.2987068,1,-0.6914557348099452,64.55874881882676,200.0,5.0,31.167707363692003,3.982681939940238,30.0,81.7829705818227,150.0,5738.8795774
348,6908.8347384,1,-0.8614855718135003,97.41076216716456,200.00229817882644,6.527925812851536,50.0,4.002506412021684,30.00012190947254,45.48198218254722,150.0,5755.415609
349,6926.1359996,1,-0.8755935787268833,87.92425334733444,200.0,6.493173015666656,47.81139641113967,4.26688941084751,30.0,42.80561227260589,150.0,5772.7168702
350,6943.25061,1,-0.8714873981890491,83.4157936680076,200.0,6.259498783707213,47.16662271523961,3.2695994426108923,30.0,45.49233393330673,150.0,5789.8314806
351,6960.1916054,1,-0.8215336716604024,84.08727470018393,200.0,5.268335320083903,44.474335235048386,4.257313875789811,30.0,47.79384676687512,150.0,5806.772476
352,6977.4136004,1,-0.858665360985914,81.38533454571647,200.0,6.1880359868889645,44.220865438270266,4.002210124874972,30.0,47.13713077884123,150.0,5823.994471
353,6994.0725459,1,-0.8483691357629598,82.01680034694596,200.0,6.423493962097901,40.43552301966381,3.961170108018224,30.0,51.683222286351764,150.0,5840.653416499999
354,7010.805269,1,-0.8654774670105063,82.55004193442007,200.0,6.318823794111308,44.86188712104308,3.792271904160386,30.0,51.288250374807404,150.0,5857.3861396
355,7027.5359662,1,-0.8481218507801973,79.87417204589376,200.0,6.726235823195742,50.0,3.852842248822439,30.0,49.57166949765492,150.0,5874.1168368
356,7044.1124314,1,-0.86390991418219,87.18800165624873,200.0,6.476791998269296,50.0,4.776497520532757,30.0,45.033170894568634,150.0,5890.693302
357,7062.381518,1,-0.8717432615963887,76.33046586931677,200.0,6.3288635298825815,47.52443467157569,4.2045269091285595,30.0,46.41861123118851,150.0,5908.9623886
358,7079.236344,1,-0.849578615182628,85.50597540435112,200.0,6.801692743001159,49.35843963565326,3.9234788688775306,30.00096666702406,48.97607295598283,150.0,5925.8172146
359,7096.0487404,1,-0.7695941469722414,86.09955493183871,200.0,5.0,40.850202673153994,5.694821243134597,30.0,90.0,169.44362669815976,5942.629610999999
360,7112.890416,1,-0.8154381464057064,80.87084759598568,200.0,5.0,50.0,5.948478544218101,30.0,30.763938455032708,150.0,5959.4712866
361,7130.1587196,1,-0.8716992735496455,89.70980378667912,200.0,6.387227480329785,49.390665999383515,4.596009581850684,30.0,46.37801446740409,150.0,5976.7395902
362,7147.0560868,1,-0.8744327201140674,85.84452445566355,200.0,6.110084459426235,49.32862526905153,4.310543026435429,30.0,45.901622748096074,150.0,5993.6369574
363,7164.318304,1,-0.8575250205508355,84.22931679033059,200.0,6.7023779017616745,49.370143533853565,4.245313382549927,30.0,36.094426189605784,150.0,6010.8991746
364,7181.3698883,1,-0.8230453163231967,80.42671119348131,200.0,5.154937819809185,50.0,5.995739874908596,30.0,31.56434492207246,150.0,6027.9507588999995
365,7201.4256144,1,-0.8665568972941365,82.2913852824264,200.0,6.173450002998106,46.60603940571847,4.499719236959227,30.0,40.36163972489939,150.0,6048.006485
366,7218.3149075,1,-0.8314927456815658,87.9164437056696,200.0,5.0,50.0,3.690400471120056,30.0,55.23228370085232,150.0,6064.8957781
367,7235.159716,1,-0.8101201501773501,63.65383110381588,200.0,5.0,50.0,3.184422299873893,30.0,85.77039826412897,150.0,6081.7405866
368,7256.925168,1,-0.8650671939156604,85.2932015927302,200.00064030371362,6.49562708233924,50.0,4.390618571121223,30.0,43.80431048008129,150.0,6103.5060386
369,7275.6823966,1,-0.28624349862958187,56.83382387286862,200.0,11.08655723933311,50.0,6.8544691274066585,69.5113758930487,63.54159570792551,150.0,6122.2632672
370,7293.8553135,1,-0.8766089499032368,86.19917068757113,200.0,6.1286548093140905,49.756223305511476,3.8905732820630967,30.0,42.11318807951778,150.0,6140.4361841
371,7311.5075865,1,-0.864412678530085,93.10945540042367,200.0,7.125186976341207,45.464337356143275,4.209374217219288,30.0,39.790794916189235,150.0,6158.0884571
372,7328.301756,1,-0.8534666702564839,87.15364505438721,200.0,5.926469533117061,45.09610038824186,4.374990069946063,30.0,43.18088811615626,150.0,6174.8826266
373,7344.9738969,1,-0.8743022509594034,90.22305333319628,200.0,6.469018917543702,46.20323163933515,4.161240975048028,30.0,51.663314213128146,150.0,6191.5547675
374,7362.1718367,1,-0.8702914970169465,85.81634510496725,200.0,6.499085753973911,49.38235802183774,4.1085240195750705,30.0,37.506569011615994,150.0,6208.7527073
375,7379.0871289,1,-0.832540169683975,82.88080627598026,200.0,7.092606863708355,48.26285372844433,4.791485594399477,30.0,40.94225533467651,150.0,6225.6679994999995
376,7396.1067649,1,-0.8716926522744085,89.2661613194087,200.0,6.325499554828217,50.0,4.595689682825121,30.0,36.272021127486575,150.0,6242.6876354999995
377,7413.017768,1,-0.8747519850206111,95.58012472203642,200.0,6.259554718809,48.902190699887534,4.169080946058139,30.0,43.00126244664048,150.0,6259.5986385999995
378,7429.7548809,1,-0.8750880557154844,90.86532632676298,200.0,6.105603313925816,50.0,4.254759344495741,30.002668845224207,45.36772120909563,150.0,6276.3357515
379,7446.6228528,1,-0.8046662786023425,90.12561867366368,200.0,5.0,45.97203108231868,5.864100118667127,30.0,52.55157940154693,170.95615228316007,6293.2037234
380,7463.3978675,1,-0.8306265785895681,73.65097981102129,200.0,5.0,50.0,3.5700262894319854,30.0,30.694379834961953,150.0,6309.9787381
381,7480.6059786,1,-0.8730596528592394,89.38542252287215,200.0,6.247081843851321,50.0,4.651509101605587,30.0,36.782316821454984,150.0,6327.186849199999
382,7499.8313163,1,-0.8755091668260504,88.22273577196557,200.0,6.01020716334205,50.0,3.8571724161194023,30.00237928068053,40.6563152407339,150.0,6346.4121869
383,7520.1342857,1,-0.8754688778316615,86.2174853709855,200.0,6.008775673878224,50.0,4.071508453244706,30.0,30.9108359041985,150.0,6366.7151563
384,7537.0304401,1,-0.8559158173155591,87.92735422681903,200.0,5.472114716883366,50.0,3.5271792237606614,30.0,16.53786992926047,150.0,6383.6113107
385,7554.4211173,1,-0.8648589753028622,81.09790544408,200.0,5.718855547021965,49.78418610692944,4.060589725651233,30.0,37.10520577964316,150.0,6401.0019879
386,7571.5931188,1,-0.8678905831687382,86.19712318638587,200.0,5.750611449348783,50.0,3.8672750011210053,30.0,36.73834931484053,150.0,6418.1739894
387,7588.4090117,1,-0.8384636721305809,69.89856305264354,200.0,5.325261326029742,50.0,3.877300761525002,30.0,70.84401119100527,150.0,6434.989882299999
388,7605.2752996,1,-0.8667140419342046,80.14789062050511,200.00124855906824,5.787368536232917,49.90632455262787,4.206155522331327,30.0,41.121816647737425,150.0,6451.8561702
389,7622.4873023,1,-0.7931542850689909,41.47354692817025,200.0,5.0,50.0,6.019180892914937,80.50494557846551,47.02842949962103,150.0,6469.0681729
390,7638.1322096,1,0.9495378477311861,120.0,200.0,5.0,40.48771073662254,1.0,30.0,79.8760411058398,150.0,6484.7130802
391,7655.2636914,1,-0.8618344030445653,95.04406480045385,200.0,6.54453982575639,50.0,3.8113418723610866,30.0,37.24854086443393,150.0,6501.844562
392,7672.6231233,1,-0.8756027174810528,89.22076516867618,200.0,6.018711924982767,50.0,3.813452752532638,30.0,39.04763445663916,150.0,6519.2039939
393,7689.6517844,1,-0.8688019626279828,91.1940460437173,200.0,6.429464593797518,50.0,4.16476907508956,30.0,44.89666604461988,150.0,6536.232655
394,7706.4219991,1,-0.8644901477725073,88.16060899264785,200.0,6.531573672556846,50.0,3.964206937203297,30.0,31.43797140649231,150.0,6553.0028697
395,7723.0730437,1,-0.8681938927236703,88.572587484181,200.0,5.962504718168131,49.22616397469813,4.780554889531447,30.0,37.99975092999784,150.0,6569.6539143
396,7740.1398121,1,-0.8742941640659401,87.65207485174135,200.0001158605017,6.00845816661349,50.0,3.3336288054690204,30.00215324680103,40.759973782395654,150.0,6586.7206827
397,7755.9457234,1,0.9713346757726419,104.18451321052477,200.0,6.119932563428222,50.0,3.815741562612076,30.0,39.42491441266164,150.0,6602.526594
398,7772.5633134,1,-0.866085081352546,92.71804030582813,200.0,5.7340182697657225,50.0,3.9492967150890834,30.004100973231203,36.92569027053501,150.0,6619.144184
399,7788.1981237,1,0.9591871159598676,90.92985539244776,200.0,5.0,49.98595339806435,2.036392108108619,30.0,27.313321641709184,161.83381024562874,6634.7789943
400,7803.472643,1,0.9701774618299496,80.97793088326421,200.0,5.523201474685572,49.83055921491192,2.7321595466773707,30.0,32.88520336479406,150.0,6650.0535136
401,7820.9129955,1,-0.8729202071505738,83.90675910685026,200.0013218832919,5.936397736776841,50.0,4.179009175468716,30.0,37.98126909238689,150.0,6667.4938661
402,7837.8987929,1,-0.8753695934115058,86.81111389276262,200.0,5.9996027781319246,50.0,3.6365735097353293,30.006506266955753,39.16120982346264,150.0,6684.4796635
403,7854.9733788,1,-0.8636779324157968,87.29772534948223,200.0,5.644806030317561,50.0,3.937638041181348,30.001492974261367,39.05585209842019,150.0,6701.5542494
404,7870.8201314,1,0.9747840518449399,89.8719949952272,200.0,6.5584678137648895,50.0,2.364182272180553,30.0,45.430502682117144,150.0,6717.401002
405,7888.2831998,1,-0.8660050317375889,84.95666914933486,200.0,5.713178833510409,50.0,3.480624081114974,30.0,39.638426389180665,150.0,6734.8640704
406,7905.4301588,1,-0.8748321034538495,85.25289816587828,200.0,6.29999459151323,50.0,4.008737206231874,30.0,35.73208022137618,150.0,6752.0110294
407,7922.6830834,1,-0.8556404378645617,90.10275232852868,200.0,6.636810475770891,50.0,4.2815751257198436,30.0,18.007647017246992,150.0,6769.263954
408,7940.424762,1,-0.8623129800442128,87.1223689936041,200.00296051725252,5.644565261885519,49.73369195206574,4.077699371219165,30.0,40.38527753293736,150.0,6787.005632599999
409,7956.0126354,1,0.9106430512460362,59.087883860971885,200.0,5.0,50.0,2.2124619102334373,84.63174561182122,37.20615021409412,150.0,6802.593506
410,7972.6693856,1,-0.7229201394404207,120.0,267.73694758007616,5.0,32.40478285774746,6.261663710752995,30.0,84.1799761236442,150.0,6819.2502562
411,7990.1193884,1,-0.8761020587744586,85.9906725077192,200.00034005406064,6.19647374547113,50.0,3.5941496412127028,30.0,45.017241108645344,150.0,6836.700259
412,8007.2859102,1,-0.8763268644266753,85.29563379443533,200.0,6.202598428310451,50.0,3.566233102698783,30.0,37.88291370599303,150.0,6853.8667808
413,8023.963233,1,-0.8745087035189281,83.96342851175339,200.00173815242985,6.30354968289523,50.0,4.035783532051088,30.0,38.2703220539203,150.0,6870.5441036
414,8040.905635,1,-0.872360404477875,86.60163790950939,200.0,5.881674177733347,50.0,3.8231404651246654,30.0,37.057610366368344,150.0,6887.4865056
415,8057.2987756,1,-0.85612776144541,90.81245542552553,200.0,5.485407027049703,50.0,3.4601818484223568,30.00112954334358,37.810165592094236,150.0,6903.8796462
416,8074.4190446,1,-0.8719912677824211,84.9183027221321,200.00136808719566,5.956454736926194,50.0,3.2153856530246583,30.001923780207633,44.33559417524769,150.0,6920.9999152
417,8091.7367214,1,-0.8762245435680633,84.70942190565059,200.00000725621328,6.060793722929986,50.0,3.6561506383749798,30.0,37.6918734465692,150.0,6938.317591999999
418,8108.7665068,1,-0.8752831471457311,88.12781163607622,200.0,6.279480704204343,50.0,3.699230376710057,30.00165830554684,39.05445427652728,150.0,6955.3473773999995
419,8124.5237066,1,0.9743133822025013,90.05740038468724,200.0,6.65586316352859,50.0,2.4893946866706567,30.0,31.75763295645726,152.5232080132682,6971.1045772
420,8140.4277067,1,0.9725637360119482,90.67285542955379,200.0,6.029285382404569,49.89517624952853,2.963001458185468,30.0,40.69735391982161,150.0,6987.0085773
421,8157.1308148,1,-0.8745391976220531,83.66933047091555,200.00253773558566,5.9643122922730605,50.0,3.8639285405192276,30.0,38.46217893497367,150.0,7003.7116854
422,8174.325277,1,-0.874783097325296,83.23731268801498,200.00051304192493,6.02298035472325,50.0,3.397858110073912,30.006400638046927,37.0415948746097,150.0,7020.9061476
423,8191.3445533,1,-0.8741020499701784,86.97302205893736,200.0,6.06596794555749,50.0,3.208617070665875,30.0,42.593542225039236,150.0,7037.9254239
424,8207.6952542,1,-0.8193764492512609,88.65826125041445,200.0,6.975830278879185,50.0,3.5553072398733945,30.0,61.07646842699114,150.0,7054.2761248
425,8225.3557635,1,-0.8740295783795637,87.19984545777659,200.0,6.00712423845864,50.0,3.274055241204847,30.0,38.72691867417079,150.0001907422553,7071.9366340999995
426,8241.7330158,1,-0.862569203614092,84.80561550432675,200.0,6.546253253471195,50.0,3.433410606367312,30.0,35.4269115625423,150.0,7088.3138864
427,8258.3191048,1,-0.8245300088784903,92.44667332666478,200.0,6.944267506430053,50.0,3.8517879806567583,30.0,24.778262392105358,150.0,7104.899975400001
428,8275.2430868,1,-0.8731947985584516,88.14275763134108,200.00035133922245,5.998110001254958,49.649892912795664,3.3423566751240603,30.0,39.58692720511889,150.0,7121.823957399999
429,8291.0462665,1,0.9527410787182267,104.64009619711467,200.0,5.0,50.0,1.0,30.0,33.12540585540435,150.0,7137.627137099999
430,8307.82909,1,-0.8169599321049441,119.98023949328449,281.68373142786095,5.0,50.0,8.8493221681751,30.0,84.1463273173946,150.0,7154.409960599999
431,8325.092592,1,-0.8734462899349893,79.89203196993712,200.0017217084074,6.015597687692028,50.0,3.4253618888979647,30.0,46.397927823730704,150.0,7171.673462600001
432,8340.8131154,1,0.9042165908440715,120.0,200.0,5.0,50.0,1.0,81.16329918714926,59.47706914688629,161.30167349882092,7187.393986
433,8357.8646407,1,-0.876038692516306,81.95332166072207,200.00394737937108,6.1350513963055695,50.0,3.4907158309890827,30.0,34.028760345669866,150.0,7204.445511299999
434,8375.6595085,1,-0.8745493459346235,84.8627258679523,200.0,6.022811245428868,50.0,3.348659652186069,30.0,40.77992532465899,150.0,7222.240379100001
435,8391.1253279,1,0.9705888980033621,84.42618806580981,200.00208387984185,5.602332923756909,50.0,2.7899622032909455,30.0,37.78391885227235,150.0,7237.706198499999
436,8408.1684322,1,-0.8735255709045917,83.9709963117927,200.0024751123309,6.259791478704419,50.0,3.256729297588559,30.00072218892602,43.9897156997574,150.0,7254.7493028
437,8424.759084,1,-0.872189505135205,74.14866059770662,200.00104473803736,6.194949030552683,50.0,3.4388582767284888,30.0,36.7794070649803,150.0,7271.339954599999
438,8441.8552585,1,-0.8639207914159484,79.95556948560723,200.0,6.519218100277836,50.0,3.555450550291039,30.0,38.42436395715418,150.0,7288.4361291
439,8458.4847764,1,-0.7443580025196417,85.9975110782183,200.0,7.550562428572855,50.0,3.255514031524878,30.0,44.27805880844257,150.0,7305.065647
440,8475.5114558,1,-0.8728727875849999,93.84772027731657,200.0,6.317540016606464,50.0,3.62626925729745,30.0,40.75454338649077,150.0,7322.0923264
441,8492.3436316,1,-0.8734431276856626,84.95591976892288,200.0,6.273549589451783,50.0,3.2314487407860035,30.0,37.6210408488018,150.0,7338.9245022000005
442,8508.9822196,1,-0.8761274494489241,83.86761441527355,200.00287276031543,6.104366500383712,50.0,3.4789394940253118,30.0,37.1078724471117,150.0,7355.5630902
443,8525.7113376,1,-0.8718247503079111,86.24377061779757,200.00003480723592,6.307061916673374,50.0,3.13630293618559,30.0,38.790831538410174,150.0,7372.2922082
444,8542.6378127,1,-0.8703213474617362,85.15151729859267,200.0,6.412577018813288,50.0,4.226382090891776,30.0,35.192725438038174,150.0,7389.2186833000005
445,8559.4565631,1,-0.8714845626262991,85.66131862544833,200.0,6.389146699292732,50.0,3.5466207381394836,30.0,37.56083612399856,150.00097176044736,7406.0374337
446,8576.3622642,1,-0.8731277740716338,84.94451475176908,200.0,6.299110251334183,50.0,3.2660690850745615,30.0,37.12044825093549,150.0,7422.943134799999
447,8593.8847124,1,-0.81332792102154,87.1065021305931,200.0,7.020624334118337,50.0,3.167960068978568,30.0,28.815442617505184,150.0,7440.465583
448,8610.8171029,1,-0.8671229289379393,86.51874788068926,200.0,6.500407290504818,49.72382428822935,3.37689914975091,30.00041998569617,36.394975231095714,150.0,7457.3979735
449,8626.9349623,1,0.9652927662472003,120.0,200.0,6.662293336844121,50.0,1.5857811778104898,30.0,31.67248248835998,150.0,7473.5158329
450,8642.9642852,1,0.9587557563198509,112.84909282843923,200.0,6.0712250047597225,50.0,1.0,30.0,33.503791597650704,150.0,7489.5451557999995
451,8659.5403258,1,-0.876407847668456,83.12045462203005,200.00251272632465,6.169495426126955,50.0,3.5448251016918197,30.0,31.27541065928697,150.0,7506.1211964
452,8675.5062151,1,0.9252019161840976,120.0,200.0,5.0,50.0,1.0,58.75828346413472,16.735019203204136,150.0,7522.0870857
453,8692.3926667,1,-0.8746918903227296,82.68759722302775,200.0,6.057205877225344,50.0,3.29895041197782,30.001017791631668,31.985708623117404,150.0,7538.973537299999
454,8708.4609371,1,-0.8744209499422504,84.41844238176566,200.0,6.282831023130868,50.0,3.449239693232437,30.0,39.79087920801704,150.0,7555.0418077
455,8725.2251229,1,-0.8514556085589173,81.82065358007571,200.00318655685956,6.672562301288755,50.0,3.254640544934411,30.0,37.77166893825195,150.0,7571.805993499999
456,8741.8780789,1,-0.8734336166087157,84.85512260920044,200.00328028178234,6.351979582600946,50.0,3.7342475994521953,30.000087759203055,35.56934878573667,150.0,7588.458949499999
457,8758.696919,1,-0.8738576841796262,79.10953953202326,200.00137360735027,6.2697086228089445,50.0,3.503293406866641,30.0,36.42948621280172,150.0,7605.2777896
458,8775.2042641,1,-0.8759781870479378,83.79240893870316,200.00057429103782,6.200471033847595,50.0,3.4836456187972074,30.0,36.998719169691725,150.0,7621.7851347000005
459,8792.2397666,1,-0.8652501210886286,83.75697791063239,200.0,6.504761464705588,50.0,3.7483549389232964,30.0,49.4970582122515,150.0,7638.8206371999995
460,8809.2259653,1,-0.8727705173430271,77.74155580113369,200.0,6.313398637528192,50.0,3.9039270495018386,30.0,31.977273883129566,150.0,7655.8068359
461,8826.240096,1,-0.8696256867345438,85.60479089598708,200.0,6.401053556057741,50.0,3.271591444389361,30.0,28.475320992081343,150.0,7672.820966599999
462,8843.4136265,1,-0.8756337073933116,83.60428928338246,200.00387474000223,6.261331118765911,50.0,3.650865862804359,30.0,28.361018658073327,150.0,7689.9944970999995
463,8860.0904494,1,-0.8738130088954054,81.46322931343641,200.0,6.3189071119352835,50.0,3.8807348957411882,30.000012153622762,22.78108847363849,150.0,7706.67132
464,8876.9720985,1,-0.8671081415552592,82.3185368648628,200.0,5.757345887135397,50.0,3.6459275773055437,30.0,15.228494684884186,150.0,7723.5529691
465,8893.5343084,1,-0.8752375469318467,83.1343182667164,200.0,6.275432684695999,50.0,3.6954562313674457,30.0,36.64254893391955,150.00109897512428,7740.115178999999
466,8910.4763002,1,-0.8751545304911587,82.16283928149085,200.0,6.158168801097708,50.0,3.304920738087758,30.0,33.107682509362995,150.0,7757.0571708
467,8927.0888494,1,-0.8727388408735233,79.9545190654872,200.0,6.1105463217883855,50.0,3.0848440434676334,30.0,34.114381141275274,150.0,7773.669719999999
468,8944.2648852,1,-0.8741876911908639,80.9367636413006,200.00434107280927,6.292668187715479,50.0,3.5860400660205327,30.00095125946207,24.98280702243185,150.0,7790.8457558
469,8960.3930976,1,0.9764578422339893,90.41361107380786,200.0,7.358644127284687,50.0,2.08316952049024,30.0,30.612632485523548,150.0,7806.973968199999
470,8976.5942,1,0.9710136741685161,69.07445049089962,200.0,6.724501253798336,50.0,1.0,30.0,3.3389577956936733,150.0,7823.175070599999
471,8993.3952602,1,-0.8324118886488036,53.262418112573414,200.0,5.579107467503911,50.0,3.2755572807802475,91.66585248243757,34.99333831177674,165.8956701788165,7839.976130800001
472,9009.4851479,1,0.9510147912201996,120.0,200.0,5.0,50.0,1.0,30.0,6.9313338693398165,150.0,7856.066018500001
473,9026.6824937,1,-0.8743059885511648,83.9000579191474,200.0,6.022595478439105,50.0,3.2774974912439587,30.001506831635297,29.55879984220008,150.0,7873.2633643
474,9043.1394988,1,-0.8748296499810164,82.44179656764433,200.0,6.279851394109102,50.0,3.5592847821569302,30.0,27.55067483539457,150.0,7889.720369399999
475,9059.7605439,1,-0.7984208455451065,81.44474755548907,200.00446761218672,7.171510029557049,50.0,3.802624216529834,30.0,28.963846232173285,150.0,7906.3414145
476,9076.8595757,1,-0.8759175724336987,85.23742188219543,200.00454271675568,6.25375678385322,50.0,3.7494026081397287,30.0,23.637892263561845,150.0,7923.4404463
477,9093.642686,1,-0.8743721153861215,83.4636558338932,200.00236611606135,6.305676196394231,50.0,3.569797264635675,30.0,35.482570088289414,150.0,7940.223556599999
478,9111.0126027,1,-0.8752199432651321,85.77056339087312,200.00271742928646,6.010977193335927,50.0,3.459853096769934,30.0,26.42584920606339,150.0,7957.5934733
479,9128.2696669,1,-0.8551245219333843,81.91847130681381,200.0,5.439686235308747,50.0,3.7946441305901417,30.0,25.094856554687837,150.0,7974.8505374999995
480,9144.5652834,1,-0.8717185774904239,73.70479439704953,200.0,6.2455611341719095,50.0,3.5479289637523337,30.0,26.41112714840153,150.0,7991.146153999999
481,9161.2651549,1,-0.8760152307173802,82.41362550374254,200.0025192186361,6.0855088448745995,50.0,3.528480707159671,30.000403516779528,26.93226161082945,150.0,8007.8460255
482,9177.8960083,1,-0.8752610312101287,82.61171148165664,200.0037313532115,6.265371319592926,50.0,3.6209378507048164,30.0,24.696089067566117,150.0,8024.4768789
483,9194.7394484,1,-0.874917482582345,80.356061213406,200.00292714545037,6.210769900611526,50.0,4.120246455777668,30.00117343676513,19.210453124047902,150.0,8041.3203189999995
484,9211.5811358,1,-0.8737669241950792,81.05199434025768,200.0,6.118855871472738,50.0,3.2461642387212533,30.0,13.826748911414096,150.0,8058.162006399999
485,9228.5091239,1,-0.8760758363400118,81.72965311667451,200.0,6.211410653748018,50.0,3.682356005513273,30.0,26.876394743766006,150.0,8075.089994499999
486,9245.7678366,1,-0.8751511708098094,81.91695355490316,200.0,6.0828826879384295,50.0,3.354163742741999,30.0,27.23930236871475,150.0,8092.3487072
487,9263.0096935,1,-0.862354625298225,79.23118109387435,200.0,5.64474680206859,50.0,3.451298584178738,30.0,36.544836736052275,150.0,8109.5905641
488,9280.0445732,1,-0.8730761009512404,78.0616948306169,200.00411319303555,5.97520681282251,50.0,3.6971947260076257,30.0001602636638,28.315106849549988,150.0,8126.6254438000005
489,9297.2939196,1,-0.8383555188848961,68.65532203979954,200.0,6.730455711141547,50.0,3.055206957723681,30.0,30.606826773471404,150.0,8143.8747902000005
490,9313.7382639,1,0.9790776606915639,51.754862128112244,200.0,6.010475268326231,50.0,2.4945062212207096,30.0,27.12224636785475,150.0,8160.3191345000005
491,9329.3879621,1,0.9014583010962397,63.81881060207693,200.0,7.584703890885849,50.0,1.0,127.46149553770232,35.665128904977976,164.28780032971912,8175.968832699999
492,9345.2326087,1,0.9581652254195018,120.0,200.0,5.0,50.0,2.384912424113422,30.0,3.4806057686782523,150.0,8191.8134793
493,9362.0665675,1,-0.8754007268125398,83.75872290696378,200.0001776287208,6.124653467810913,50.0,3.296998568811111,30.0,30.058046259100664,150.0,8208.6474381
494,9378.919291,1,-0.8761106053689139,81.5872963201167,200.00196432265275,6.168952264955886,50.0,3.613380460965094,30.0,22.839063563517822,150.0,8225.5001616
495,9395.7772193,1,-0.8529039206670387,83.71593180144946,200.00632987462333,6.684151414453362,50.0,4.048714401448949,30.0,26.874462831680656,150.0,8242.3580899
496,9413.0132976,1,-0.8762147316017226,83.46085433081095,200.00474888927488,6.136950590004188,50.0,3.4722074504833293,30.00027625371709,25.55949510436405,150.0,8259.594168200001
497,9430.3790658,1,-0.8767071907712051,85.5189925108073,200.0014719957539,6.171214841002184,50.0,3.576608208461817,30.00062045289127,33.570925782260154,150.0,8276.9599364
498,9446.9828804,1,-0.8752604995262551,83.84608816206878,200.0029972523779,6.016997156086249,50.0,3.542548027735175,30.000924822294166,22.027250057868372,150.0,8293.563751000002
499,9463.7879337,1,-0.8728493456281861,82.75869652963577,200.0,5.964949485471456,50.0,3.432555200981036,30.0,13.404472722594367,150.0,8310.3688043
500,9480.6408453,1,-0.8717901663421834,74.02277510614849,200.0,6.077249025008749,50.0,3.3919088947917504,30.0,25.778383448114685,150.0,8327.221715900001
501,9497.420322,1,-0.8764001069625494,84.02664490807993,200.00263539214063,6.069700702121031,50.0,3.69782226624799,30.00094818512129,35.607705193980976,150.0,8344.0011926
502,9513.9360526,1,-0.8766204435260625,84.06332375928616,200.00421938135293,6.1498819993627745,50.0,3.5883092484644186,30.0,36.395760442684036,150.0,8360.5169232
503,9530.5160048,1,-0.8765300202032199,83.25514646393725,200.00403592400679,6.106039896093892,50.0,3.9856146171679754,30.00296071491043,27.828957673836936,150.0,8377.0968754
504,9547.459762,1,-0.8714041396569918,86.80136530629125,200.0,6.399855394562199,50.0,3.6542635417831333,30.0,35.15796148574238,150.0,8394.040632600001
505,9564.2819971,1,-0.8767544241713291,86.56823288241907,200.0,6.161893351928529,50.0,3.567968526470503,30.0,31.78723002863196,150.0,8410.862867700002
506,9580.7199141,1,-0.8761692596641512,87.51785653890353,200.0,6.063615568029508,50.0,3.530831074303315,30.0,28.19903225787849,150.0,8427.3007847
507,9598.1269159,1,-0.8573917009833881,88.05853241516137,200.0,5.489056915308127,50.0,3.716379565333022,30.0,36.966437573773796,150.0,8444.707786500001
508,9614.5873262,1,-0.8749269817511219,77.80210444623067,200.00032087787372,6.150439625863095,50.0,3.5939365670167156,30.0,34.73196629882393,150.0,8461.168196800001
509,9630.9818927,1,-0.8406534437951718,60.35872546175819,200.0,5.61218174307834,50.0,4.469050899461074,30.0,35.68299778952627,150.0,8477.5627633
510,9647.7503723,1,-0.857946569432771,65.22726678944491,200.0,5.843171481275718,50.0,3.7925554703195283,30.0,48.23493732526684,150.0,8494.331242900002
511,9663.5402542,1,0.9097105826528603,108.92622092072858,200.0,6.242133105804577,50.0,4.132394180219393,98.38200020890584,33.33099480620899,159.27762337337683,8510.1211248
512,9680.5672964,1,-0.8180654053891105,106.2839692758728,200.0,5.0,50.0,3.3842524394873172,30.0,58.446777743663816,150.0,8527.148167000001
513,9697.7260874,1,-0.8754149491347746,85.09506475208681,200.0005248533394,6.1841603737452004,50.0,3.312502539284554,30.000310536232092,34.99733172974095,150.0,8544.306958000001
514,9714.3650121,1,-0.8767832361314453,85.86927264350018,200.00331041169173,6.109370091795553,50.0,3.6308623206895576,30.0,25.52098721598098,150.0,8560.9458827
515,9731.1614224,1,-0.8710896379712478,88.19887888925541,200.0069493246197,5.8421755645749105,50.0,3.8722304288780194,30.00176667931477,32.173685627455654,150.0,8577.742293000001
516,9747.8524768,1,-0.875420142246285,82.71494950100791,200.0,6.131666415822842,50.0,3.3230180424244224,30.001304881992183,31.345366222325012,150.0,8594.433347400001
517,9763.8660726,1,0.9399109601329464,42.773808942789884,200.0,9.514019218148722,50.0,1.0,107.72579498898013,47.893573325642976,150.0,8610.4469432
518,9781.0903577,1,-0.8767353526539388,84.43604817803295,200.00386963736275,6.16983330716714,50.0,3.6250760210162207,30.0,34.770754897768015,150.0,8627.671228300002
519,9797.9276696,1,-0.8687594980409373,86.17521246201822,200.0,6.438895936921409,50.0,3.4448342078729075,30.0,39.597462603969085,150.0,8644.5085402
520,9815.1903414,1,-0.8737443467012316,96.36935308732076,200.0,6.0353422616412615,50.0,3.681001666371771,30.0,25.318865386892764,150.0,8661.771212000001
521,9831.5727856,1,-0.8769032112221892,88.15696132576366,200.00369047477216,6.118792854217891,50.0,3.706786585201276,30.0,26.454696601470165,150.0,8678.1536562
522,9848.354065,1,-0.8758602666619854,87.5102610233812,200.00392811026086,6.026731840301023,50.0,3.6224986269931687,30.000042767844093,26.095958107231834,150.0,8694.9349356
523,9865.9929171,1,-0.8752426126760284,86.78047960832717,200.00387341784824,6.053815445211517,50.0,3.3425646520616725,30.0,28.059004739837032,150.0,8712.573787700001
524,9883.0240144,1,-0.8756476913709162,88.22961300826609,200.0,6.048720845667962,50.0,3.863132629019921,30.0,46.22947137150642,150.0,8729.604885
525,9899.6122476,1,-0.8765110504539994,88.23746442306297,200.0,6.093132323669457,50.0,3.607894421596704,30.0,24.66310556672734,150.0,8746.1931182
526,9915.9828544,1,-0.8767425015012993,88.76071199431684,200.00297960157883,6.09439755730303,50.0,3.781963953924943,30.0,26.786422050505944,150.0,8762.563725
527,9932.92667,1,-0.8601642250919925,89.64959325978307,200.0,5.570966355776632,50.0,3.739339201852747,30.0,17.204461559426864,150.0,8779.507540600001
528,9949.9081978,1,-0.8763395180339699,84.5479194288059,200.0,6.199861275367974,50.0,3.5973537840752994,30.000365151187864,21.800597267853302,150.0,8796.4890684
529,9967.1360969,1,-0.8553607973387306,102.97621900124432,200.0,5.775037241861439,50.0,5.1752639646791945,30.0,33.81295909387069,150.0,8813.7169675
530,9984.7163083,1,-0.8701220625409716,76.76534123503579,200.0,6.2736142548392575,50.0,4.31085162557909,30.0,57.957211989338994,150.0,8831.2971789
531,10001.4935689,1,-0.837060987462489,105.00922127709325,200.0,5.484421340699847,50.0,5.579847488815102,30.0,21.230079607237805,150.0,8848.0744395
532,10018.8517958,1,-0.8154225947452088,91.1226842070497,200.0,7.013310167530376,50.0,4.288234768710705,30.0,55.84557847402584,150.0,8865.4326664
533,10035.8458936,1,-0.8762772191759554,86.95245494177837,200.00456314796273,6.147804897538976,50.0,3.425287058490676,30.0,29.947713128395346,150.0,8882.426764200001
534,10051.8644584,1,0.973301305264441,96.49020099361358,222.5499797204026,7.105386455797166,50.0,1.0,30.0,23.25186374780243,150.0,8898.445329
535,10068.8895948,1,-0.8552310509178018,88.704660471962,200.00733192058976,5.452286440444479,50.0,3.4251267328457367,30.000116457834608,30.786936829718083,150.0,8915.470465400002
536,10085.8658824,1,-0.8760614801213321,87.3995860573963,200.0000725562599,6.091949831188855,50.0,3.440851889554249,30.0,34.338710606132445,150.0,8932.446753
537,10102.7886302,1,-0.273975237729238,59.6094864242439,200.0,11.181900139041208,50.0,4.388263210499655,119.02813710100617,43.23748066343734,150.0,8949.369500800001
538,10119.5750171,1,-0.876604870434848,87.10326218082139,200.0044177117983,6.197349720523776,50.0,3.6712991243451034,30.0,38.382711807010814,150.0,8966.1558877
539,10136.6284606,1,-0.8731159785025174,87.84398198234743,200.00304991166013,6.350489573595482,50.0,3.6731152124325672,30.0,42.65170489195848,150.0,8983.209331200002
540,10153.1189039,1,-0.8737687243079948,96.21331594228073,200.0,6.02272892556535,50.0,3.840052020159353,30.0,26.236410552651076,150.0,8999.6997745
541,10168.7452658,1,0.9452271762045783,69.95454360958983,225.03619771110138,5.0,32.59574970724538,1.1097113058510049,30.0,0.0,163.76197794252388,9015.3261364
542,10186.0744448,1,-0.8761534001392846,89.61192911820852,200.00283232683284,6.067909563210825,50.0,3.800308643979606,30.0,20.527593975872506,150.0,9032.655315400001
543,10203.2291211,1,-0.8761740820204447,89.58058988803997,200.00362002206606,6.100427195980213,50.0,3.498611306229034,30.0,28.127963900670515,150.0,9049.8099917
544,10220.3722298,1,-0.8719554548722876,88.94168056069239,200.0,5.871635199214491,50.0,3.693030250236591,30.0,29.45885520844388,150.0,9066.9531004
545,10237.2703103,1,-0.8763705428457792,89.01676235541551,200.00474825828857,6.071808874132482,50.0,3.683079384728762,30.0,24.284949158565404,150.0,9083.851180900001
546,10255.0032207,1,-0.8769224406990908,88.74451879315609,200.00483200278978,6.129217111616543,50.0,3.7980825773530995,30.0,25.56493564097353,150.0,9101.584091300001
547,10272.1896194,1,-0.8755058534583765,88.1081521029839,200.0,6.087397861931015,50.0,3.7132416085873725,30.0,9.054404110424983,150.0,9118.77049
548,10289.0518137,1,-0.8751880616010161,91.47035500872292,200.00778002146455,6.225418066233552,50.0,3.6213385670035145,30.000213586475525,16.029690532187345,150.0,9135.6326843
549,10305.2206039,1,0.9692309725184634,118.42410190113885,200.0,6.175500286228055,50.0,5.429844935590487,30.0,29.85125613024968,150.0,9151.8014745
550,10322.4344587,1,-0.874434441568711,93.89015392428873,200.0,6.202443321288554,50.0,4.064219937951684,30.0,48.92179672011128,150.0,9169.0153293
551,10339.9307945,1,-0.8349241447280114,76.39998784185245,200.0,5.358315970549078,50.0,5.672413865593974,30.0,22.37212581846034,150.0,9186.5116651
552,10355.9833716,1,-0.8281750305048267,80.23705451355708,200.0,6.901068768696386,50.0,4.407910078671667,30.0,2.9148423826541574,150.0,9202.5642422
553,10372.3590854,1,-0.8765937728636571,89.89194263958228,200.00518661427515,6.113273762277531,50.0,3.783422080626802,30.0,22.692873540855214,150.0,9218.939956
554,10388.5018555,1,0.9873377465035116,96.50592560822932,231.47810622508757,7.453078237731529,50.0,2.184949494913864,30.0,24.921657294678965,150.0,9235.082726100001
555,10405.1353111,1,-0.8496011060058677,88.61873919124966,200.0069632568426,5.318134275406374,50.0,3.6055861000988916,30.0,28.526966198341633,150.0,9251.716181700001
556,10422.0581789,1,-0.8758745270526965,90.19990974056897,200.00439709277913,6.075875210496145,50.0,3.592115706772778,30.0,20.231677096532955,150.0,9268.639049500001
557,10438.6976829,1,-0.8045519505351867,105.31915822506255,200.0,5.0,50.0,6.171540672103426,30.0,15.47708520187955,150.0,9285.2785535
558,10455.6104783,1,-0.8765540332450064,89.93777639444365,200.00489574690926,6.187777618044297,50.0,3.7226715640816987,30.0,36.09347449226797,150.0,9302.1913489
559,10472.3601644,1,-0.8763383749324054,89.07473230819511,200.00445943390872,6.229240398642886,50.0,3.806907261901933,30.0,32.24839769910655,150.0,9318.941035
560,10489.5073234,1,-0.8758728554333931,91.52512988485606,200.0,6.060035031704565,50.0,3.9185915373506024,30.0,26.479239112887765,150.0,9336.088194
561,10505.9621459,1,0.9181329230448768,74.12422325942855,200.18158638254477,5.0,26.508287005913946,1.0,30.0,25.526815088190617,161.78993607086704,9352.543016500002
562,10523.094903,1,-0.8766816901481473,89.77256343813687,200.00363610885324,6.185853053008431,50.0,3.8954993733303764,30.000235560155588,27.326526917846163,150.0,9369.6757736
563,10540.1627714,1,-0.8765579539314258,89.46047227827974,200.00526615302346,6.169191784449235,50.0,3.5876116037105383,30.0,27.15709869020975,150.0,9386.743642000001
564,10556.8798635,1,-0.8754547106145131,89.14989221304043,200.0,6.048562772868183,50.0,3.7092715278264468,30.0,14.041205710461973,150.0,9403.460734100001
565,10574.0962943,1,-0.8766004678346019,89.13975501896387,200.00789347612937,6.082838443327608,50.0,3.770913330607634,30.0,26.03261193169641,150.0,9420.6771649
566,10590.8634917,1,-0.6999895714474988,53.244870004822126,203.78401654097212,7.77194791788378,50.0,6.092921944434773,30.0,6.873559241518045,150.0,9437.4443623
567,10607.4403667,1,-0.870760825939522,88.02593033351022,200.0,6.4165110078839165,50.0,3.8355268868696704,30.0,34.84852984058383,150.0,9454.021237300001
568,10624.7485471,1,-0.875775261606282,92.01744348843906,200.0073566954881,6.107045337612787,50.0,3.6884674456854776,30.0,17.61112436239811,150.0,9471.3294177
569,10640.4286184,1,0.972336166706495,106.93912391194246,200.0,6.378794729290313,50.0,4.2436645861141855,30.0,23.918190417113326,150.0,9487.009489
570,10659.3371155,1,-0.8703535506473082,101.65754504205057,200.0,6.051968731739522,50.0,3.718627090713106,30.0,14.02352908849759,150.0,9505.917986100001
571,10676.2940571,1,-0.8406862272148898,70.89295889445748,200.0,6.7186735904125,50.0,3.027511052231151,30.0,25.56223172389066,150.0,9522.8749277
572,10693.3879398,1,-0.8347256747556155,74.9775414181175,200.0,6.831567255519826,50.0,3.829837674253624,30.0,0.0,150.0,9539.968810400002
573,10709.9049254,1,-0.8760758447408948,91.21549483009687,200.00461813783704,6.117271341200062,50.0,3.983975360311705,30.0,19.344432419643557,150.0,9556.485796
574,10727.1061386,1,-0.8372149802920948,91.11481578057243,200.0,6.711858146958288,50.0,5.904988021357876,30.0,26.57115411167943,150.0,9573.6870092
575,10743.4978508,1,-0.8567134233415976,88.58296232057587,200.0039623176151,5.485452360153487,50.0,4.043267648153118,30.0,23.736651810212827,150.0,9590.078721400001
576,10760.5193154,1,-0.8760977285838765,91.46451300351161,200.0066121548253,6.1471645905914585,50.0,3.942910827849657,30.0,18.078160623523186,150.00001289639488,9607.100186000001
577,10777.6750153,1,-0.80368952002826,104.443930884606,200.0,5.0,50.0,6.403497970127988,30.0,13.187724445987957,150.0,9624.2558859
578,10798.4667688,1,-0.876210629239743,90.15282548458616,200.00574834934247,6.111485217395128,50.0,3.8615178602670275,30.000481094837895,16.822208398143584,150.0,9645.047639400002
579,10815.1965986,1,-0.8765272891032007,89.10981626250036,200.00512162654456,6.119982248640953,50.0,3.867315932317384,30.0,18.784999703921535,150.0,9661.7774692
580,10832.2607318,1,-0.8766655234671895,88.50040197789512,200.00408855855505,6.083130453596924,50.0,3.810701185128179,30.0,25.670990151723178,150.0,9678.8416024
581,10848.585487,1,-0.8272525138801516,77.07160838562895,200.0,5.0,50.0,4.885546568953008,30.0,39.58159855572244,155.78725610588913,9695.166357600001
582,10866.0839174,1,-0.8769291892702084,88.62246666765213,200.00432576181566,6.175213101977342,50.0,3.8477745614318204,30.0,27.68874134693105,150.0,9712.664788
583,10883.0757138,1,-0.8764926270380305,89.28874447790646,200.0060429893619,6.190671685671655,50.0,4.040958316354795,30.0,25.98329500463466,150.0,9729.656584400002
584,10901.2898866,1,-0.8753122663872424,89.20939214684674,200.0,6.257848290661668,50.0,3.8480373189604364,30.0,16.144543726335034,150.0,9747.8707572
585,10918.7855124,1,-0.8769745198920476,88.78785922072252,200.00748559323907,6.145401877243739,50.0,3.8655497501381593,30.0,26.960660435898863,150.0,9765.366383
586,10935.7752686,1,-0.7240017339072061,56.32167123532849,214.374118319215,5.0,35.51207327424743,6.897543103051792,62.042878563487754,27.31402805271636,155.43248098740006,9782.356139200001
587,10953.1845125,1,-0.8770119358736984,88.33725695096486,200.00340273714926,6.160523795483581,50.0,3.8690092428018743,30.0,30.735364634703707,150.0,9799.7653831
588,10969.9591888,1,-0.8759514460616534,91.96719513718233,200.00706452519756,6.083635050157975,50.0,3.8044112225019813,30.0,22.753676959675772,150.0,9816.5400594
589,10987.2794209,1,-0.8745666369025266,92.06846789270355,200.0,6.068689333065988,50.0,3.380647136596681,30.0,20.681990852089967,150.0,9833.860291500001
590,11004.9091674,1,-0.872327051795228,95.09631518843818,200.0,6.077582625078209,50.0,3.5763987288486385,30.0,0.0,150.0,9851.490038
591,11021.1203169,1,0.9779880791029408,76.24710555294776,200.0,6.662389827531417,50.0,2.623303796901242,30.0,27.31788710262713,150.0,9867.7011875
592,11037.7579824,1,-0.8498459979481666,72.75019669969292,200.0,5.41860655059845,50.0,3.4623781557103284,30.0,34.9724788240033,150.0,9884.338853000001
593,11054.8346548,1,-0.8765364728567003,90.43039058909943,200.00461237776568,6.134131964409026,50.0,3.8682161442034584,30.0,21.47366860754886,150.0,9901.415525400002
594,11071.6691525,1,-0.8428529399897389,86.24078090037727,200.0,5.206762915376924,50.0,4.314506205921538,30.0,26.015572718649274,150.0,9918.250023100001
595,11088.2329658,1,-0.871887575814207,88.5788215124517,200.00232552802524,6.388241396099951,50.0,3.80572501369526,30.0,22.69345578181491,150.0,9934.8138364
596,11105.0207113,1,-0.8761686439183802,88.32193453897062,200.004439141705,6.154896627262584,50.0,4.134790135159041,30.0,18.54951182387742,150.0000945626239,9951.6015819
597,11121.6132465,1,-0.8220301453699765,95.01006800658249,200.0,5.0,50.0,5.225343529441913,30.0,35.788557693656976,150.0,9968.1941171
598,11138.8101235,1,-0.8764902546125917,88.24125683740732,200.00595065337066,6.0957653855376845,50.0,3.915415241772357,30.0,20.117024073900893,150.0,9985.3909941
599,11155.4939602,1,-0.8756162580269168,88.95697507361395,200.00565191216998,6.070074486541656,50.0,3.7758745931752538,30.0,12.073693136543184,150.0,10002.0748308
600,11173.6789127,1,-0.8769282838793124,86.82407581367673,200.00503027000607,6.101988330196722,50.0,3.8061107233650477,30.0,26.96187434073038,150.0,10020.2597833
601,11190.7419352,1,-0.8064129766689981,92.7422145783533,200.0,6.954746820645397,50.0,6.800713474708672,30.0,46.81507640122301,150.0,10037.3228058
602,11207.9827165,1,-0.8770247182573986,87.65301951841437,200.00428179756528,6.158862805056517,50.0,3.8347987845321114,30.0,33.455418998110225,150.0,10054.563587100001
603,11224.9118622,1,-0.8768724340200913,87.86851200581958,200.0014157267982,6.173937473347022,50.0,3.9785110789408957,30.0,31.56952024833082,150.00000376216533,10071.492732800001
604,11241.9670673,1,-0.8745541168470161,88.74085983370179,200.00503541184534,6.307483080876799,50.0,3.9515461423186053,30.0,21.356999606408156,150.0,10088.5479379
605,11258.7148154,1,-0.8767629932436737,87.96575623302579,200.00479083718807,6.19839017415977,50.0,3.918242947630417,30.0,33.05621418890918,150.0000876072556,10105.295686000001
606,11275.888104,1,-0.7007924830824963,91.97079349820591,201.4781302429854,5.0,29.387222115843336,3.343316368894461,65.1251978945444,45.071464663585516,155.3856315582029,10122.4689746
607,11291.7285206,1,0.9529457243550364,115.64127509050539,200.0,5.0,40.264148359386986,7.50633792715988,30.0,0.0,150.0,10138.3093912
608,11308.5922491,1,-0.877011103440497,86.37747475807225,200.00003168894034,6.162976505818542,50.0,3.869912118012013,30.000066582238446,34.54191999953928,150.0,10155.1731197
609,11326.3548107,1,-0.8707434799701621,77.35402593849898,200.0,5.899435021449011,50.0,3.766662527252561,30.0,24.419116896794897,150.0,10172.935681300001
610,11342.9416137,1,-0.8747444298789248,82.5546629910648,200.0,6.204329910381691,50.0,3.570168966833989,30.0,7.081351048118435,150.0,10189.522484300001
611,11359.5068623,1,-0.8715987675322391,87.95401816484897,200.0,6.2541009822729485,50.0,4.870351926166462,30.0,31.50816005273069,150.0,10206.087732900001
612,11376.8277472,1,-0.8541914279004299,73.42868528129681,200.0,5.533546335815164,50.0,3.540059481573947,30.0,50.16646295536867,150.0,10223.408617800002
613,11394.0663149,1,-0.8770337304184024,87.80172669593858,200.00314107637848,6.170027317172808,50.0,3.805039522161664,30.0,28.016749876053765,150.0,10240.6471855
614,11410.2194199,1,0.9732551353610227,84.57496291520329,200.0,6.118539992668853,50.0,2.591636562060623,30.0,31.309194589332286,150.0,10256.800290500001
615,11428.0065544,1,-0.8654197074273029,88.42411196013774,200.00202480804933,6.515037038139836,50.0,3.6832981996122385,30.0,22.54367707031619,150.0,10274.587425000002
616,11445.3913527,1,-0.876231935117385,86.59827643588636,200.00240943278936,6.170259424692105,50.0,4.128508868081962,30.0,19.00248626102848,150.00018607575748,10291.972223300001
617,11461.726968,1,0.9723748727728184,83.89353377533865,200.0,6.063398957528536,50.0,2.058367685343957,30.0,46.141351882639995,150.0,10308.307838600002
618,11478.3109378,1,-0.8769527510289844,87.30487823352378,200.00150155166693,6.186628635047455,50.0,3.8556937245230762,30.0,28.350687892837737,150.0,10324.891808400002
619,11495.6032065,1,-0.8765216249078861,88.46027985362781,200.00491877360116,6.131296454994015,50.0,3.8183071113333984,30.0,16.72739554807829,150.0,10342.1840771
620,11512.8651973,1,-0.8770337304184024,87.80172669593858,200.00314107637848,6.170027317172808,50.0,3.805039522161664,30.0,28.016749876053765,150.0,10359.4460679
