iteration,timestamp,success,NPV_over_CAPEX,clearance,sp,p_rated,Nwt,wind_MW_per_km2,solar_MW,surface_tilt,surface_azimuth,time_sec
0,11430.3125894,1,-0.7621479827565146,45.07200019549192,310.53164562357665,11.083864784661184,35.542217521211164,3.7082699963333914,33.175640507927326,49.48896199109295,208.61866012976552,0.0
1,11446.3916588,1,0.9645449014007537,110.07208815650641,329.6347577594543,9.65221353978999,45.44772295855971,5.249284439074421,103.80921202714323,82.17099479141083,178.620586593163,16.079069399998843
2,11462.8009946,1,0.9365544998859102,38.654154143115534,287.7918886136943,15.795570296059312,42.11802397167048,1.0102853738298547,177.49247183377275,29.268392647265106,161.46402549014343,32.48840519999976
3,11478.9666438,1,0.6892415550319188,36.24775214767422,328.5087150847792,6.206687278288031,27.857328913425825,1.9815206133799332,150.11543967737123,73.30201769622025,207.83031275842805,48.65405439999995
4,11495.9395367,1,-0.8086769216203323,74.637877059298,295.405897853297,13.634765212473328,13.522609784946026,6.51495861881746,111.01026864159473,68.18435297697931,205.40286095677683,65.6269472999993
5,11511.8340722,1,0.9034147492066295,108.79904334936668,286.4959879916887,15.579250997816093,41.52329188285454,9.055350706840077,191.46002844946048,40.55067959680397,209.77547036121436,81.52148279999892
6,11528.7966296,1,0.8338022025468277,97.26575925432465,298.04529680651393,14.452210106172092,15.93660299278353,2.054208638876662,165.07910519079792,73.43217868802935,158.78150933473825,98.48404019999907
7,11545.6641242,1,-0.4534937263442943,14.97574746521736,345.60256235184636,15.208836988433848,33.57499594601562,6.183576532283866,92.92378985698187,3.275283385033724,207.66187681437668,115.35153480000008
8,11561.3260238,1,0.6199609758035414,23.62846808668749,328.11945445666896,5.341738635029875,9.56750987183764,2.987463441846856,89.54997445741049,45.32728546888985,156.055274471338,131.01343439999982
9,11577.4266055,1,0.9406985609516163,31.929136951376925,317.0557289960577,18.77723092992997,35.26882536078737,1.5224584944384878,173.72218092927477,22.56186053566005,176.53884202194473,147.1140161000003
10,11593.9382776,1,-0.721663978127343,61.87879566059168,291.05803832388483,9.671690015003103,42.694752846604054,6.045401969681715,156.0676441598128,4.112684421157496,164.40782446958124,163.6256881999998
11,11610.283866,1,-0.39086890696504833,48.74481176670582,257.4721915605994,14.506217783738789,37.202870763565535,4.729761894495225,30.259117715642432,30.09615215962514,188.24396406775801,179.97127659999933
12,11626.2842042,1,0.9827987860411139,106.2965730884319,266.3050234693831,15.52744435900513,34.79881500382179,5.008169707469468,56.806717260792844,43.85390409621289,195.32908603552096,195.97161479999886
13,11642.1091929,1,0.8114181888877872,64.40409374128154,274.7027576564038,18.125244972204065,13.46005823228726,6.697798839264704,153.34424042842312,36.163513999128924,168.97062823328054,211.79660349999904
14,11659.1009538,1,-0.8475003571194094,88.90565576421409,331.6370256850265,6.466765127009889,34.216944120326914,3.519844689941853,47.03071714083053,35.7026559597814,166.48283060515573,228.7883643999994
15,11674.8635841,1,0.931292178176382,97.15756843042175,221.34728867240784,14.76174857224606,44.23387260697638,1.1671689479103566,145.76945091891136,85.18522987529963,204.59107064430614,244.55099469999914
16,11690.7667578,1,1.0002073094372061,92.40483057299494,304.85789834795673,18.54065225928996,21.76021683375152,2.8705969332174224,31.512503948343394,30.006754922687975,193.10996536629239,260.4541683999996
17,11707.6943434,1,-0.8915571047105788,78.25919191482068,226.21768730809214,9.342962804538004,29.681793345763104,5.302582022359188,38.20358158901006,47.074520853008835,174.1901487867056,277.381754
18,11724.6445788,1,-0.7677293309992791,55.61937698685866,345.38520870348486,17.612724989415074,20.46432171459955,7.2963576203555665,81.32352975729052,80.4959800393117,187.60452280841204,294.33198939999966
19,11740.5032341,1,0.7061294398655021,117.20165736276635,210.53354836436816,16.24804357674629,5.3532952399063305,5.671033558311963,113.06519675261593,61.13723106349124,172.09988738006555,310.1906447000001
20,11757.4235889,1,-0.9385584954636105,86.46801338617414,283.93220320399513,8.727518289796668,29.977342773634945,4.188133904434736,34.34972327855989,60.83204055565221,166.5425142093623,327.1109994999988
21,11773.1714553,1,0.9399149034811046,117.65008335894292,270.18708103414855,11.3941186377709,40.3877247496839,3.3240578852552725,111.85022636321808,77.74652847224661,187.49417658958137,342.8588658999997
22,11789.7196053,1,-0.6636177579514023,60.46063230879274,231.1677810066418,9.515156192006188,44.429062199295934,3.1461043009129086,73.61407829090913,61.10102847944876,175.21895709566346,359.40701590000026
23,11806.4126616,1,-0.9415060934670975,89.6825843720485,243.0137211026979,7.392101207969562,38.570405205290925,3.0803687699833873,49.024211652537275,54.050799380175626,206.95234545708175,376.100072199999
24,11823.3827226,1,-0.627800024639399,71.51079406513024,251.2482947482888,9.01426666769867,12.41285551031079,7.233400987922655,70.29514365430553,84.61177248035213,204.7366552127526,393.07013319999896
25,11839.1015201,1,0.9537397971859806,107.481474051058,238.81530896903848,9.47178109602636,48.66790700410496,6.05900021304053,74.7353457037432,49.71666341610048,196.610099010124,408.7889306999987
26,11854.8061838,1,0.8978540059677015,70.56737814043495,261.9323095714596,13.89372979826912,22.950809635098743,3.2022565781941275,110.6846672964712,38.74347463332144,171.70910579993236,424.493594399999
27,11872.9281419,1,-0.7627346165420744,65.91236861921135,266.6640439493361,5.659692184127827,35.93306492600834,5.338584740569282,93.03587954658921,0.0,165.86069142192954,442.61555249999947
28,11890.1912608,1,-0.6457627650564824,26.284194061513432,279.0212276081407,6.106314092816952,23.066369532252146,4.392223502991437,30.0,22.705763643276967,188.44626337730264,459.8786713999998
29,11907.0388878,1,-0.22933973725106493,38.00699947010327,320.38918999927347,14.802454707359296,46.40687767574795,5.195270785052605,72.65765830276737,36.40448237241067,164.8481473674081,476.726298399999
30,11924.0807061,1,-0.8190604373599626,61.68079019219911,261.28233622801616,8.402143740095763,26.176481957506056,3.0617428917416945,87.28073270620834,13.133473111469002,181.35316427235776,493.76811669999915
31,11941.4960614,1,-0.6353308833485432,54.17302090560297,272.77662236498935,14.69849233701495,29.330662484001177,5.912870643533117,30.0,21.553481030551517,178.67073710094476,511.1834719999988
32,11960.4378023,1,0.942910742916862,102.4740382514932,233.83612864399217,12.96281153804688,22.307233094932855,3.9384741570321546,48.70694357558885,48.216491778116264,191.53924105453564,530.1252129000004
33,11976.2519637,1,0.9292912941946478,58.18500305371393,268.10315089519514,19.47724911502754,33.48816790329882,3.66670970795872,191.92803569338895,45.57180765332512,161.9780967010923,545.9393743
34,11993.2235101,1,-0.7630238658771126,53.189432952995524,261.7825463437918,5.0,38.93115349028034,7.184723097475114,77.58238528591552,18.734195803330664,171.8461241064049,562.9109207000001
35,12009.1858462,1,0.9304017786709756,105.62414875558417,227.61742906379286,11.392704922712616,35.5457367241862,1.3189970524987027,126.05215138698752,90.0,170.90894890935405,578.8732567999996
36,12025.5978112,1,1.0123150870199378,97.34073665582285,295.7797873905756,14.949666142988054,30.064118025513107,4.494032291116271,30.0,44.409231200955176,172.88858345192452,595.2852217999989
37,12042.8362706,1,-0.4761625951132225,10.0,285.1838075668164,5.0,26.651928877453187,5.458593477844513,75.84734408849637,0.0,150.84392270346146,612.5236812000003
38,12059.2319568,1,-0.5769967606595092,41.701065979474194,337.812237484128,17.204006983973038,26.147010176851353,5.218071623894698,72.55062993257727,90.0,182.8616165547055,628.9193673999998
39,12075.3565995,1,0.6542393606419109,107.67034776532557,200.0,6.28019575731331,13.111743678758168,5.401828582670896,111.41360463052723,52.833215730118894,188.81581803381636,645.0440101000004
40,12091.1584672,1,0.9581037487819396,110.19001403465134,247.36714756926693,7.272562265629635,33.21548111021571,3.636512620665059,42.55108291669001,62.69881883965898,157.90289644049113,660.8458778000004
41,12107.1108198,1,0.9123787090220699,103.345375117282,230.9652737281453,11.41709612251655,37.29192178577545,2.1852070216659785,108.11824749412276,63.22069094372404,207.5785240359379,676.7982303999997
42,12123.9196077,1,-0.8273470251440584,92.78691736568139,209.6888491689486,5.0,45.065864249593886,4.297269646670983,30.0,75.11729338780242,192.74464842179947,693.6070182999993
43,12139.9415273,1,0.9184933540672543,120.0,200.0,5.0,29.986263724686438,1.1164165044705472,30.0,83.13640176970476,210.0,709.6289378999991
44,12156.9643668,1,-0.6862678710267667,87.2682202160874,220.98253470481566,5.38385361943207,25.913826187649708,7.537119483649111,46.94992129679959,90.0,205.30443385920915,726.6517774000004
45,12173.8472686,1,-0.8613046736927278,99.01200912875981,213.9638996666864,5.3169766635976075,47.23124723229736,3.0333426078072714,30.0,55.35384103174765,196.946207058573,743.5346792
46,12191.290919,1,-0.8761883180394,71.93924239979269,241.649684754828,8.465087463978982,28.032723884328913,3.7580872845839393,43.65405503403706,30.88476716810427,180.10155925831765,760.9783295999987
47,12208.5250005,1,-0.7817464083853124,97.51507981605093,205.85452690146107,5.0,39.60481820170654,3.128374773981046,62.86911839897079,13.811259890648074,173.27885944723135,778.2124110999994
48,12225.836096,1,-0.8594677639620263,64.64000687562175,227.31659342041908,6.963664962680786,33.73032931251847,3.8938907943044434,30.0,38.98383753340451,210.0,795.5235066000005
49,12242.4411917,1,-0.7930204701960836,70.53496814397774,273.81048854806846,8.164199397657297,50.0,5.249368418121111,30.0,57.20741598578675,176.26275162839013,812.1286022999993
50,12258.579495,1,0.9173679987560889,66.3265503315881,242.8951112022178,7.092402033393729,20.62355058869702,1.4337140159653554,30.0,50.11387897339063,209.8758354337167,828.2669055999995
51,12274.7446152,1,0.9683760513644275,89.95815985709731,252.93263215203802,10.316702817758195,25.14581180774224,4.6366346119731805,30.0,45.836596202774714,199.61072740333498,844.4320257999989
52,12290.2911184,1,0.9409670254506586,90.85487361281048,223.3797672304837,10.635345498049087,25.75797858092312,2.5932372591869886,44.28854327367846,52.07546531652375,201.4061389219761,859.978529
53,12306.0979813,1,0.9313885388080754,82.49190135115924,243.65861712065808,16.256212676591907,47.156988620211166,1.7963270942175464,197.31318672183716,58.61299550725528,172.28779376471456,875.785391899999
54,12322.5146413,1,-0.7525695051220953,61.45536205345901,212.18416672671398,5.0,41.34987013134347,9.008394727633837,78.5335226726242,42.94231915609037,177.7023509358614,892.2020518999998
55,12338.4299539,1,0.9337622091337581,107.06941834140932,234.97857085541568,5.545455919222966,32.44108345447866,2.532915517818069,52.22121596151773,84.33168128396835,158.1296932071001,908.1173644999999
56,12354.1158824,1,0.9987227129529201,96.4058914343415,247.48971864088983,12.370220961154455,38.47108751091699,3.9909726969062094,30.0,52.51236135332189,175.8661844722584,923.803292999999
57,12371.2061681,1,-0.5751748699714192,10.0,287.61969259710787,5.0,35.73296235429409,4.205823472784941,95.7232801130407,0.0,157.68732892342922,940.8935786999991
58,12387.0090447,1,1.0068694779675766,65.40393913940451,281.1179850937036,16.190489974806503,39.09447339536164,2.69014024364218,59.86933795672029,90.0,187.1717020868405,956.6964552999998
59,12403.8796913,1,-0.8171896392200119,99.6060434713064,200.0,5.0,41.45265817088258,3.6791823854963406,92.9432707084952,48.53793849517223,210.0,973.5671019000001
60,12419.8559638,1,0.9360557474090856,120.0,225.55442900979287,6.474214906388463,35.19975511618075,2.9928195123024954,49.52831991762855,55.82530266465603,159.9115757103641,989.5433744000002
61,12439.8622027,1,0.9119924856316076,94.48068974697858,221.03371287053133,9.53380684858038,36.4146227603267,2.306402055719404,84.10228451567247,50.882110823603625,210.0,1009.5496132999997
62,12458.594812,1,-0.8153152818914893,110.23138846018102,221.65899346742242,5.0,40.78313797358982,4.516135648434376,30.0,63.16306280023686,210.0,1028.282222599999
63,12479.6159434,1,0.9028594787788146,92.54016922375378,256.66167799838405,5.0,48.38872608275317,1.2470644395769526,63.95423873066819,57.94980842089682,210.0,1049.3033539999997
64,12498.2986358,1,-0.7686143292258771,97.58430916005123,211.9839864827514,5.0,34.30251186262149,4.237688485488881,34.46572895877921,74.96594127693967,207.06863827340834,1067.9860463999994
65,12514.9083631,1,0.9452333555132564,91.23075722501626,225.1232718172579,5.0,43.56668530358955,1.4153254812051657,30.0,57.21798001994556,207.09398687139935,1084.595773699999
66,12531.5330879,1,-0.8000260024239861,75.43158198900795,231.44864598756845,5.0,37.61518254510068,3.597059652780577,30.0,45.49771980612868,196.87036941977414,1101.220498499999
67,12547.3845301,1,0.9286124398941178,111.08298467723685,200.0,5.0,40.76685064405813,1.8878425569369512,36.47489156111402,26.81123861503834,196.38009723051758,1117.0719406999997
68,12564.3388505,1,-0.8880356830921765,87.90836856158805,206.8349365232498,7.478358815186047,42.71741066326166,3.1799779000840664,34.44006607478313,48.969640022519826,210.0,1134.0262610999998
69,12581.5814953,1,-0.8478746924972257,90.55199330007864,243.91730352443142,5.0,42.91070567687194,4.215403320282038,30.0,68.34531340489968,208.27772901298852,1151.2689059000004
70,12597.0076566,1,0.9474505256555745,80.45309123274102,232.828877498592,6.440038625941126,31.17758956718566,1.760770835310916,30.0,73.51904555528426,210.0,1166.6950672000003
71,12614.0657759,1,-0.7675540283969542,109.38829628270244,238.03818708147287,5.372536834190814,28.831993935895735,3.6433920979555556,30.0,63.40655414365399,210.0,1183.7531865
72,12631.0566968,1,0.9421519472494537,83.87572017223746,231.06295070188094,6.465959721029885,40.26517433964292,1.899144887489443,42.38935034448605,54.663435870359606,206.86007565514757,1200.7441073999998
73,12646.9045426,1,0.9150738135851583,102.58667801931776,230.09406837985046,6.985246979691101,50.0,1.8043823970280553,86.78050443238726,63.12504020896854,201.43144816061948,1216.591953199999
74,12663.9456208,1,-0.7861075569576875,68.59539505660702,200.0,5.709762992063981,40.846894790533284,9.298357022132626,75.37510561316577,61.31140926241331,191.9569568590866,1233.6330313999988
75,12680.8505823,1,-0.7806381577875725,93.5754941816617,242.88200550568504,5.0,35.41782274151549,3.3392159699364297,30.0,53.06270951401329,155.3769642785433,1250.5379928999992
76,12696.9190261,1,0.9566946576603746,91.36126476899463,220.760454327204,7.139583448551681,43.13708028564049,2.9973486403599745,40.872093618345204,58.08546088854784,199.65460602230317,1266.6064367
77,12713.9473553,1,-0.8441703597410427,53.49600367832868,263.50546198588654,5.0,42.30591089494138,3.3658460231653597,96.19161438709922,35.606693458868506,210.0,1283.6347659000003
78,12730.3511959,1,0.9782953380102505,95.08570291384588,236.35160564206672,9.79718997783796,46.137690292996936,1.6720845997039415,47.02557658113547,90.0,201.12120402592655,1300.0386065000002
79,12746.1543932,1,0.921903802289044,93.08719746139326,200.0,5.0,50.0,2.4804023711392724,50.059661724483675,51.51579940744035,210.0,1315.8418038
80,12761.9859016,1,0.9227863535586973,107.97682741346635,209.4496409506573,6.375867217929892,36.961403679860794,2.7446175080730764,46.134640909896845,51.87886456044858,209.2068239223869,1331.6733121999987
81,12778.0874309,1,0.9200860215553118,88.82432025158577,211.71103574100226,7.729383803992982,41.12855947367,2.8557533983001155,69.79770193079202,43.43390893141401,210.0,1347.7748414999987
82,12793.3753694,1,0.9576517778869487,107.09026591970962,219.5529176503279,6.6585016900532334,39.793917207705306,3.3513821146051237,30.0,42.78163121393647,210.0,1363.0627800000002
83,12809.1635555,1,0.9031527048227753,72.8835070003904,249.485478381686,5.0,50.0,1.540374718286968,67.49919471961802,40.373585245983605,210.0,1378.850966099999
84,12825.3797272,1,0.9467473968509862,101.57580617626073,203.4437227924363,5.667517679575313,44.481039054689205,1.3876172744413244,30.0,51.17121175556825,209.74758993751894,1395.0671377999988
85,12841.6036772,1,0.9505731942304066,84.26478836944044,229.01539330401468,5.341701826031294,41.3494093053281,2.12054219217394,30.0,56.211532008816576,210.0,1411.2910878000002
86,12858.3509172,1,-0.8358332531182662,86.1970171752775,219.7079281077623,5.0,43.02566119388506,3.334106287227405,30.0,55.556177977906614,210.0,1428.038327799999
87,12874.4076727,1,0.9384110513905365,100.11883096705839,200.0,5.211553625774314,42.44606985533837,1.3170188415796362,30.0,50.485069927397234,210.0,1444.0950832999988
88,12890.4511975,1,0.9018131643672745,112.11350212983766,200.0,5.0,50.0,5.103290598942918,86.19962837000674,90.0,197.39037519907262,1460.1386081
89,12906.5598829,1,0.9344671383451244,101.38467440955816,200.0,5.0,38.982361463902365,2.6488967430522825,30.0,58.32432144474936,210.0,1476.2472934999987
90,12922.3584981,1,0.966301718992442,90.42565063336181,218.21855943889773,6.68190465181327,44.76582597008504,2.208842143670984,30.0,64.29388551881206,210.0,1492.0459087
91,12939.6054337,1,-0.7592118720129668,110.76540070596455,228.21546646415948,5.0,32.293550822171454,3.096319792755724,30.210333874966196,67.86472827555524,210.0,1509.2928443
92,12955.847634,1,0.9388057401430497,83.7780201248566,215.37286582845866,5.0,50.0,1.5356500841805953,39.68001659263183,55.039058485947066,210.0,1525.5350445999993
93,12972.7937199,1,-0.8641345418085067,99.8291589976278,221.368179625823,5.0,49.97425560847991,3.0824754775858385,30.0,56.308081262755806,210.0,1542.4811305000003
94,12989.5181392,1,-0.8757660281909655,74.02389098938151,200.0,7.175559849277192,42.29707242216778,4.48392828658202,41.975508230477146,65.4607437571423,210.0,1559.205549799999
95,13006.3508769,1,-0.8731396159589135,82.5535113100262,244.54167911036072,5.88888668330484,39.86389434186353,3.7325346416312706,30.0,35.66612346743994,155.3706076086929,1576.0382874999996
96,13022.2526639,1,0.9260321599129033,86.65015807850062,200.0,5.0,45.6405663519645,2.4883480330929455,43.14659852233281,57.47970415384697,210.0,1591.9400745000003
97,13038.037139,1,0.8783547578070982,77.77381507709651,203.05655225614368,5.0,46.055514952699625,2.892330771736437,75.95949769426623,56.31913325997548,210.0,1607.7245495999996
98,13054.2438093,1,0.9544456206546238,110.88213096692313,200.0,6.117938438088826,48.07763035086249,1.9646716883550206,30.815098072764584,61.74702695124096,210.0,1623.9312198999996
99,13069.7455475,1,0.9509010863247184,87.50907834539234,203.17740259807843,5.0,50.0,1.8493522289159232,30.0,50.82228516386302,210.0,1639.4329581000002
100,13085.4047013,1,0.9528373757393586,86.45260461585823,200.0,6.3696364842469135,43.67533813194339,2.7331005921662155,33.580321451456214,47.959717731140096,210.0,1655.0921118999995
101,13101.9513342,1,-0.8927872163841105,85.1896843516894,204.08655042766242,6.663219243981029,44.57215481621171,3.463617569616593,39.54647393726631,43.54338110779438,210.0,1671.6387447999987
102,13117.6278912,1,0.9671729598912622,96.15690260226903,210.6943242442716,7.978304511174676,40.746500853771906,2.5858497079130953,30.0,32.072662317380576,210.0,1687.3153017999994
103,13134.5609885,1,-0.8941374559897523,76.12131122275196,208.7193334357019,6.105777239156725,50.0,3.0998819845597914,47.084552770966255,37.50398477868515,210.0,1704.248399099999
104,13150.3468495,1,0.96488302307603,93.75296478256753,200.66422278359363,7.525736218172984,49.04247378724426,1.4186809054437264,30.0,37.43039348008778,210.0,1720.0342600999993
105,13167.7171254,1,-0.9159233883228336,82.2426197536167,225.14410367848592,6.947418439588569,41.32248180568048,3.0169592164760957,30.0,49.48242400210488,210.0,1737.404536
106,13184.2640388,1,-0.8391746863309465,92.4717435650192,211.61385683439573,5.0,45.90234384651704,3.0892456148546508,30.0,57.53685700203311,210.0,1753.9514493999995
107,13200.0149496,1,0.9539612230654018,82.4337593307081,204.98552641923183,6.372587675806248,43.51410244636544,1.1306007215321392,30.0,62.39182456177008,210.0,1769.702360199999
108,13216.3036251,1,-0.8683855174281225,120.0,255.1684461802846,5.0,50.0,3.5587023817970858,77.21141907908809,77.31165319904969,209.5791335789063,1785.991035699999
109,13232.6238703,1,0.9383646681913304,100.13232083261113,200.0,5.314508148853245,40.13655442324404,1.9036752448001182,30.0,47.41566450028482,210.0,1802.3112808999995
110,13248.8469153,1,0.9702019459609649,93.89426360151728,209.85630826379492,6.978739121257172,50.0,2.462301044954866,30.0,54.17596859423881,210.0,1818.5343259
111,13264.567484,1,0.9444349250490975,108.6774538624094,208.83231709975843,6.320100042608908,37.14638067882164,2.8575472935021424,31.677042655071418,54.99250390406025,210.0,1834.2548945999988
112,13280.3621727,1,0.95608034131152,85.2934767487945,204.28391772011636,5.99844387834242,50.0,1.6833219400055235,33.38918523856553,50.15477679199253,210.0,1850.0495833000004
113,13297.5601562,1,-0.8263298489825359,97.11095244873704,204.05576864179613,5.0,44.85945549068618,3.8462558018407753,30.0,47.78640794876033,210.0,1867.2475667999988
114,13313.5427148,1,0.959829356977457,79.01120792607256,200.0,8.002599108898982,43.290226192100796,1.0,30.0,57.2347550393028,210.0,1883.2301253999995
115,13330.3281955,1,-0.9027969406164906,79.66785636609978,237.42551827459926,7.59416735758386,45.10248635589468,3.5861222235120866,30.0,29.24846095329588,172.0994530233216,1900.0156060999998
116,13346.1090411,1,0.9301882233881308,84.5437520193954,200.0,5.0,45.50590626645186,2.2824758053835175,40.177104965212436,56.01719009131476,210.0,1915.7964517
117,13362.4496603,1,0.9587750250630761,98.30349694569466,200.0,6.986280547297859,47.69158336800065,2.8505266703408214,36.30106865458123,64.69604416148343,210.0,1932.1370709000003
118,13378.0775483,1,0.945490568689559,97.75356628758468,200.0,5.0,45.925048281391796,2.8034782727845866,30.0,40.43058859616944,210.0,1947.7649588999993
119,13393.6160106,1,0.9517985728300358,84.8164109459231,205.3137204615972,5.0,50.0,1.8291259424862356,30.0,48.90673327492517,210.0,1963.3034212000002
120,13409.5694264,1,0.9667635652416139,74.09945497017807,203.50186898384888,6.633671279106113,46.50238807615427,2.8936105042023024,30.0,47.10116163220055,210.0,1979.256836999999
121,13426.752654,1,-0.8938770794832834,82.70440609841756,206.712914794769,6.300631846590248,46.39933361814971,3.432568494412447,30.0,43.79976350189621,210.0,1996.4400645999995
122,13442.4002194,1,0.9693247595895317,82.25672034671979,215.35158775018294,7.734255083052709,41.31754945764677,2.485244340134291,30.0,39.58232304672612,210.0,2012.08763
123,13459.359327,1,-0.8809552633899718,80.01957394362802,200.0,6.951703802796726,45.31444495150499,3.944709282330174,30.0,47.79455339542839,210.0,2029.0467375999997
124,13475.3232663,1,0.97283583553055,84.62676152180276,203.3014659169658,8.293338335030352,48.993315762963284,1.6848418511243883,30.0,30.257312873081673,210.0,2045.0106768999995
125,13491.6210373,1,-0.6222204822464862,35.12797803367362,233.05385952004764,8.858009877503655,50.0,4.046262522703103,30.0,87.37404478847674,210.0,2061.308447899999
126,13507.3113419,1,0.9477556813046008,94.83581809979792,210.98485373050332,5.0,45.3734540077606,2.8948604104252196,30.0,51.57056638540054,210.0,2076.9987524999997
127,13523.0869231,1,0.9657754584637998,72.70016374973365,225.3606266573147,7.0583108855883,42.87154568266369,1.1510781274339026,30.0,67.45263705336791,210.0,2092.7743336999993
128,13538.7817971,1,0.9242139356202053,120.0,270.16085621563644,5.0,45.41770792002991,2.422929525185367,46.45581652961373,51.03734663776617,210.0,2108.4692077
129,13555.0953061,1,0.9548828109811884,93.13136806672665,200.0,6.553386772471494,41.35199407236713,2.568800582998919,30.0,42.080890424989356,210.0,2124.7827166999996
130,13570.5902072,1,0.9702322089784922,93.5973213031092,208.9673904545195,7.111667618382837,48.77962787517391,2.819933366274552,30.0,48.388436561284735,210.0,2140.2776178000004
131,13586.7151899,1,0.9645227817302021,89.60018376930236,213.37072963896054,7.204580246765924,42.46402018128963,2.8165261377822515,31.116900023679392,47.74643395687357,210.0,2156.4026004999996
132,13602.5653506,1,0.9738908093519534,85.51884691839686,213.88924366328558,7.066493710430511,49.49211022884589,2.7936490709467927,30.0,46.97402167870144,210.0,2172.2527611999994
133,13619.6662589,1,-0.7910491513272905,84.25807790740235,200.0,5.0,38.51008115638993,3.7333632097215217,30.0,44.642837730185256,210.0,2189.3536695000003
134,13634.9474085,1,0.9617086975266238,84.6723503706599,210.6210793795527,8.125270602608712,42.64201554041102,1.0,30.0,45.22702908433175,210.0,2204.6348190999997
135,13651.6559465,1,-0.8031904442325326,79.34680213248176,229.2174315062489,8.050577413124484,47.28401505815158,3.3032615237543164,30.0,28.319914203012925,197.98418551478534,2221.3433570999987
136,13667.5690174,1,0.9502103735405908,81.58143296669513,212.55040729372882,6.2228288050449105,43.78411558615665,2.2396039753019554,37.057974251317916,55.03673379866147,210.0,2237.256427999999
137,13683.6471444,1,0.9706959533743132,100.5539844882464,200.0,8.065439537529151,47.88987183571184,2.8881279947470846,30.0,62.94943353600773,210.0,2253.3345549999995
138,13700.7815533,1,-0.8126947382912403,77.97002826845619,200.0,5.0,43.160992744891026,3.415075723779714,30.0,31.588575129037647,210.0,2270.468963899999
139,13716.79641,1,0.9569714365869542,83.03636440236043,212.62518788378128,5.282375471322203,49.042410109253,2.1037985701865862,30.0,47.90483148581793,210.0,2286.4838206000004
140,13733.7592738,1,-0.8882868969627828,72.45008684524753,207.46572590818118,6.8466464777187,43.7775310985338,3.068373647640386,30.0,47.05335571741663,210.0,2303.4466844
141,13750.8530818,1,-0.9157025199221854,81.17030341326743,220.3024190609436,6.616127859938441,47.119193429535144,3.029536211523675,30.0,44.63146268113532,210.0,2320.5404923999995
142,13767.007545,1,0.971892442300378,74.60209455740147,222.84940713253275,7.366983057571519,41.63361042223724,2.8730940594050214,30.0,49.77773636358098,210.0,2336.6949556
143,13784.0454198,1,-0.8949398078587678,82.66915826697684,206.5555934437031,7.413431686741843,40.49567327062505,3.6014387061341067,30.0,54.73274526843343,210.0,2353.7328304000002
144,13800.0939205,1,0.9707620699908766,78.3417920941837,213.89939025951347,7.723701752890214,43.30622397935207,1.9156023836182086,30.0,31.978014895086893,210.0,2369.781331099999
145,13815.8353631,1,0.9817315760875052,82.04470544564879,200.0,8.843241070358154,44.9860296588199,4.471034963576678,30.0,78.99951618105075,188.1618456849339,2385.5227737000005
146,13831.91491,1,0.9646987263853468,87.36453738861547,217.25279602810204,6.431893916142348,44.55502617707437,2.904314290422603,30.0,46.53550241364289,210.0,2401.602320599999
147,13848.1838243,1,0.976767987961986,71.4911141456527,236.561063874049,7.4251969245712495,41.06384197053726,2.3679615235176925,30.0,66.58714863731485,210.0,2417.8712348999998
148,13864.153982,1,0.9458741920360841,93.71180615975602,236.07573310385683,5.0,41.07187998377449,2.2465761742552712,30.0,35.14569413935428,210.0,2433.8413925999994
149,13881.4424948,1,-0.9160389852752623,79.79771321266914,220.58645219491666,7.236845298006728,41.994366802917305,3.085807598248855,30.0,41.15995006623876,210.0,2451.129905399999
150,13898.6253742,1,-0.8854067487466045,91.93436456441016,218.29486031137088,7.084259808115598,47.90834307282045,3.1759130363824384,30.0,46.21472118540082,210.0,2468.3127848000004
151,13914.4072827,1,0.9779652426068357,72.24468809317058,225.44914856722937,7.567541254330388,44.64292067473194,2.8695411399593973,30.31385727825183,43.82502841758798,210.0,2484.0946932999996
152,13931.7997084,1,-0.8589383583849775,84.09047344728921,223.62090365708661,7.6132537118535595,46.81509498056768,3.4668762892793326,30.0,45.8623299712179,210.0,2501.4871189999994
153,13948.626958,1,-0.8391501755027305,75.52567690227085,207.3016028837962,6.017867786725075,37.787874863429394,3.117456939660399,30.0,45.034860744624396,210.0,2518.3143686000003
154,13964.0347486,1,0.9700053690901157,87.32899621362802,224.02796628866355,8.089661835977896,41.24082527536905,1.6995568351304562,30.0,38.921093897543415,210.0,2533.7221591999987
155,13979.6082873,1,0.9776699766648836,80.18789862029453,222.2672226333962,8.044144163046465,43.63985110076415,2.993572058979468,30.0,40.45745092286511,210.0,2549.295697899999
156,13995.6565843,1,0.9699795603343674,80.49481682767527,227.8947239105569,7.5639074056711575,41.16927230818101,2.705715919058717,32.11614454633933,54.30204808560305,210.0,2565.3439949000003
157,14011.5349821,1,0.9648299662597827,91.23816277971274,201.40117404249128,7.568769054248283,42.794060266368284,2.9586423381828166,30.0,53.32493592706048,210.0,2581.2223926999995
158,14028.5722056,1,-0.8414328711195274,69.40057619745134,200.0,6.0143982968834235,40.63691369092773,3.605899482300746,30.0,42.138230034268595,210.0,2598.259616199999
159,14044.2028015,1,0.9653338978360694,81.5082186856719,220.31856212369786,6.036085521218404,46.6526437896848,2.6004315889145015,30.0,47.395924350796406,210.0,2613.890212099999
160,14060.7419613,1,-0.9120710698874841,73.02144035597709,222.34958909184985,7.1798737050385855,41.76569026219831,3.169640698538319,30.0,42.96507253064905,210.0,2630.4293718999998
161,14076.770394,1,0.9731761092554909,79.10938216241239,227.90675583315823,6.828262989078607,45.043239266214215,2.816113984159093,30.0,44.69767403101615,210.0,2646.457804599999
162,14093.9511525,1,-0.9185538908572093,75.38964608949475,225.6934725764504,7.097134983222801,41.86574336046822,3.2005217428745505,30.0,50.227600979382785,210.0,2663.6385630999994
163,14111.0293904,1,-0.9019828513211253,83.69611845171636,213.63621903668258,7.4965360232894485,38.62846758198372,3.264669457867043,30.0,48.905202389696015,210.0,2680.7168009999987
164,14126.7247653,1,0.9656521584205866,76.19622960948232,220.57749713417795,7.064754310696564,39.596826417270876,2.3263994368634298,30.0,33.08113566155562,210.0,2696.412175899999
165,14143.3239579,1,0.9632990598119758,105.93182193702917,200.0,7.367458296697009,40.269577605472975,3.6463682384146807,30.0,56.95465317331081,179.652414112635,2713.0113684999997
166,14159.867957,1,-0.8902264527409599,76.71075931680119,223.7410856225884,7.756573282080936,43.30472042135701,3.0065288886925687,30.0,39.23714729878513,210.0,2729.5553676
167,14176.9245225,1,-0.9246335385178358,71.17063518937353,231.11386452997218,7.5428014373306285,40.66090210502346,3.5422908998791116,30.0,46.85193285670239,210.0,2746.611933099999
168,14193.0070837,1,0.9527146676159226,68.98274874443247,202.23375722647594,5.925143614111353,38.96796049485843,2.8762099079888532,30.0,29.94636692129174,210.0,2762.6944943
169,14209.3469549,1,0.9713769821732035,120.0,262.28883418466745,8.173851519056853,41.59054097348155,1.0,30.0,64.36675206107442,190.24902582869558,2779.0343654999997
170,14226.2434706,1,-0.9255034522306015,81.50294712548734,224.3454259057467,7.119391451770046,43.85976074171015,3.341192895735722,30.0,41.554953754714774,210.0,2795.9308812
171,14243.4628106,1,-0.8995916846584888,66.29607961752394,231.25908126922442,7.447860109645526,44.06712818538957,3.0016407156172185,30.0,41.4658968187905,210.0,2813.1502211999996
172,14260.0213836,1,-0.9031598676370919,79.44762220723707,228.97196882688448,7.825719187040449,43.19708356631205,3.518912220669195,30.0,43.06193969205618,210.0,2829.7087942
173,14276.1524148,1,0.9646230965021575,70.76832226388936,222.30239421354227,7.164962825580438,37.58948311618424,2.7561962447602317,30.0,42.38634915615745,210.0,2845.8398254000003
174,14291.63801,1,0.9725126855394259,83.4020633322705,229.9104723255423,7.7622688493896925,41.02443944147676,2.091652287578437,30.0,36.191444893285144,210.0,2861.3254206
175,14307.5741992,1,0.9673239311580446,80.59309245146184,217.76568362941092,7.41165790140556,40.12325914137432,2.8544844654216757,30.0,47.79794208760183,210.0,2877.2616098
176,14323.7256748,1,0.978166509957993,79.24255721796577,234.0039300036717,8.270466702465828,39.94859200871623,2.9993411272656654,30.0,43.43052207249204,210.0,2893.4130853999995
177,14340.9607618,1,-0.9011416576260003,84.31053746356105,214.81166979983198,7.295496019805648,39.216299072919604,3.104039362199376,30.0,40.571030422891624,210.0,2910.6481723999987
178,14357.6435131,1,-0.8692699916515048,68.88106034930568,201.54949752960653,7.334169429467515,39.55920147202916,3.2401101323279793,30.0,47.38853752268604,210.0,2927.3309236999994
179,14374.1371277,1,-0.9123189745394576,79.5975679843184,224.54739125782737,6.610695950718589,42.64914257322596,3.3111187038570735,30.0,41.547336222066576,210.0,2943.8245382999994
180,14394.6784709,1,-0.9307064415721957,76.69362816610827,232.1299513820654,7.3385802899010315,42.42144162962319,3.344182413859709,30.0,40.4323466715681,210.0,2964.3658815
181,14411.6199067,1,-0.927623950444928,78.4798625928136,228.97857241563963,6.974884861267639,43.563305996192426,3.1948133790999114,30.0,43.917498062564235,210.0,2981.3073172999993
182,14428.6939092,1,-0.9277139029101057,78.4158996094746,226.35177868490754,6.9579232487470195,43.7318056779458,3.5053058782162667,30.0,50.22855125653285,210.0,2998.381319799999
183,14446.0603705,1,-0.9150793841216519,83.38225534870382,218.6547956963687,7.300048911754551,42.30560443421591,3.095407061465302,30.0,38.83318469678034,210.0,3015.747781099999
184,14463.3334618,1,-0.8923262170507781,76.15634196453038,227.4870680309234,6.724891548373262,37.989543964005264,3.4467012324397444,30.0,34.11865844179073,210.0,3033.0208724000004
185,14479.7483159,1,0.9530042693663179,111.0643933925262,206.80463138915104,6.36054845986376,38.21169461491463,3.1505711946429207,30.0,41.01766353047525,180.2741543592689,3049.4357265
186,14496.8538752,1,-0.8716425799232234,71.81739126014924,227.59554186073544,8.100749771131163,42.85608515616345,3.2624009595265004,30.0,35.86526066740805,210.0,3066.5412858
187,14513.7094384,1,-0.9223777371004053,76.98388554028273,225.22887727802015,7.271000648277804,40.59393291345479,4.0969719331484065,30.0,35.76735214885026,210.0,3083.396848999999
188,14530.9987078,1,-0.858889330313783,63.1485010091696,200.0,7.3353929985366815,39.82632874152113,3.2792723845177565,30.0,29.455965798692183,210.0,3100.686118399999
189,14547.0485624,1,0.9715289513041914,109.14572387713787,252.0658563521678,7.769336098562001,43.21139021740278,1.0,30.0,70.13316128721934,191.1639776280164,3116.735972999999
190,14564.3004286,1,-0.7697563923581388,94.23586630711856,205.27719359956603,6.644250274411362,26.225184964629896,5.242214549274705,30.0,62.630439779510944,184.91107845800397,3133.987839199999
191,14581.066383,1,-0.9190443170377965,67.63998371761124,232.43717673000936,7.058508402314329,43.68855759362545,3.3946706914347775,30.0,40.2158239773118,210.0,3150.753793599999
192,14598.0022793,1,-0.9206033522538164,78.91721996216533,228.163593794203,7.801988899287141,41.48336225458841,3.4196008381171286,30.0,41.39411177130579,210.0,3167.6896899000003
193,14614.0274694,1,0.9718630705683848,71.72064035393622,232.0870143302975,7.783455855700709,37.562707880363924,2.733912312960886,30.0,40.89666128858489,210.0,3183.7148799999995
194,14630.2286349,1,0.9755138644011349,81.1912298731445,230.3153644637821,7.303954756357005,43.272263316596,2.9517009289066527,30.0,36.83618719963345,210.0,3199.9160455
195,14646.0776561,1,0.9637074168501483,81.62875846823471,219.24007634850818,6.9301566286221306,39.815444824206025,2.864060668513105,30.0,50.593834836835796,210.0,3215.7650667
196,14662.1783091,1,-0.9161149221464102,80.4930803796217,232.9658750309157,8.338087333683452,39.78802696560635,3.4426391622746073,30.0,36.79188357644355,210.0,3231.8657196999993
197,14679.0962888,1,-0.9165900172983563,80.32174584504712,231.07310964472188,7.064752845523844,39.36386418507338,3.2275465484350256,30.0,34.51411504714051,210.0,3248.783699399999
198,14697.1597637,1,-0.8889604300330335,76.99956164694652,221.3989985404216,7.9515429829105955,42.05875443101327,3.0657235435481356,30.0,48.52535233450689,210.0,3266.847174299999
199,14715.5947925,1,-0.9222256765082385,78.56909867570178,226.78422300193307,7.131173215622497,40.558640729445855,3.7136551873870136,30.0,38.33449234527896,210.0,3285.2822030999996
200,14731.9008969,1,1.0037770969066329,116.03784275449637,288.0422087471804,11.452915393429738,50.0,5.854698783919849,46.72148372499041,27.32603825370794,210.0,3301.5883075
201,14749.8080541,1,-0.9312257968916017,76.8622289399294,231.35831642302716,7.2782353886127975,41.989455675946,3.409966079542965,30.0,40.800459698499104,210.0,3319.4954646999995
202,14766.6059621,1,-0.9326348266955338,78.6640881560237,229.44943320982884,7.081595210916323,43.60829271316575,3.6598660125495392,30.0,42.43970424742525,210.0,3336.2933727
203,14783.247784,1,-0.9206187073886649,76.99184781415047,228.05955579992215,7.21848019638421,44.33673183391929,3.246423900212756,30.0,33.39557341733252,210.0,3352.935194599999
204,14800.195137,1,-0.9084398329040959,76.17620286071597,233.99762555066735,6.8681084164630635,38.33842179522445,3.9706292855680116,30.0,39.552642196262354,210.0,3369.8825476
205,14817.7577895,1,-0.8638793997676149,81.56379421069632,212.24703174689057,6.551554904333133,37.99309980078832,3.0055849859389987,30.0,31.869443609888407,187.40296472392538,3387.445200099999
206,14834.9781894,1,-0.915414872238736,70.41780085092181,233.94613433277536,7.737286226259219,42.18228743358822,3.474807838411647,30.0,34.859790986253536,210.0,3404.6656000000003
207,14851.924683,1,-0.9313850931708101,80.14546958271157,228.65641487266987,7.185586474468324,41.761839385803356,4.164483340067395,30.0,30.19210481535118,210.0,3421.612093599999
208,14868.9791155,1,-0.8497318955595151,60.71808221497037,205.93074904315455,8.113951039785995,40.649970237735815,3.551867935514836,30.0,32.25507867739155,210.0,3438.6665261
209,14885.0109466,1,0.9745381632120222,85.85280095117145,234.1094567875905,7.134839281531924,44.05708958448318,2.199770198821823,30.0,62.862103965680646,205.20225675689682,3454.698357199999
210,14902.2482862,1,-0.7955191260855508,85.44710590249593,206.1713213595816,6.602138222395475,30.307478752857584,5.551670503339015,30.0,72.70515895822922,175.96369703181296,3471.9356967999993
211,14919.0908767,1,-0.923644211368063,71.80216861848122,232.84298361367436,6.887317112796054,43.09930427740379,3.5894571783460796,30.0,39.74189033734715,210.0,3488.7782872999996
212,14936.4025871,1,-0.9280117471380392,77.90407755241674,228.86604567127358,7.585862440529187,41.14084492326347,3.3603001000837054,30.0,40.13743703529669,210.0,3506.089997699999
213,14953.2192426,1,-0.924076939493823,73.95856486065298,237.4866165872626,7.830020687022793,40.68270021795987,3.0056076861060896,30.0,40.03348142398975,210.0,3522.9066531999997
214,14970.2267459,1,-0.9311984367056196,76.0640226205403,232.22142800421517,7.058377851498264,44.46998424154761,3.5769621810920533,30.0,39.54106881314595,210.0,3539.914156499999
215,14986.988149,1,-0.9211433261453398,79.80372777666321,229.88243850561577,7.0447574629848555,40.25936572189441,3.3244628766639295,30.0,46.708747888296145,210.0,3556.6755596000003
216,15003.4954967,1,-0.9344568547492157,80.20939106442593,232.08712311135397,7.6991618143018234,40.99090333972975,3.60881974381941,30.0,35.58859816046372,210.0,3573.182907299999
217,15020.5514344,1,-0.9238759577910634,75.00504831231893,241.05269208812604,7.138001909372656,39.80061004216802,3.3201703965508687,30.0,34.95749352514275,210.0,3590.238845
218,15037.3064317,1,-0.8627922299983019,81.23480106192827,232.345118426813,8.169556936331542,43.66034212170401,3.054933662823442,30.0,42.26455744266266,210.0,3606.9938423000003
219,15054.5225841,1,-0.932116328377153,77.18663741398309,232.59974021870661,7.519834329909654,39.535622700052386,3.7373570486040757,30.0,37.52460934724282,210.0,3624.209994699999
220,15070.7053366,1,0.994669514164805,118.26863353927592,268.4593792362747,11.8243308326832,50.0,6.798160732340305,54.00008812592906,22.286278594875995,210.0,3640.3927471999996
221,15087.7263418,1,-0.9346013269245625,77.9699757025382,232.96362898688628,7.668986569188903,40.876197941802374,3.67504163861289,30.0,35.35236305432472,210.0,3657.4137524
222,15106.3942298,1,-0.9366345807513621,79.1238146742048,232.97063245950085,7.208093176749139,43.46481269020882,3.7300630255234726,30.0,37.40697289875179,210.0,3676.0816403999997
223,15123.3913941,1,-0.9125313438565499,73.9458084121193,236.77702855071772,7.430066042895404,45.200451468374624,3.6551121430278766,30.0,32.309165751718425,210.0,3693.0788046999987
224,15139.4171256,1,-0.9301433800977287,79.30945774580348,236.7917329288932,7.149239744668365,39.42407346353907,4.080495538770315,30.0,40.67953693498638,210.0,3709.1045362000004
225,15156.0898902,1,-0.9110239375203419,64.71610789757028,234.19576556400202,7.799137392536819,38.328992680644426,3.486208798277771,30.0,28.08775841262123,210.0,3725.7773008000004
226,15173.8669753,1,-0.9390898305487655,79.28573183934643,235.63920243689626,7.501131941172816,41.669594478087795,3.6669025671268694,30.0,34.8710249786248,210.0,3743.554385899999
227,15190.8788388,1,-0.9363138030482325,81.8962505534335,233.43102253118607,7.612614896083459,42.05150788159381,4.025883388858263,30.0,31.70161133118701,210.0,3760.566249399999
228,15207.5485805,1,-0.8510684254970106,75.90880871306642,213.4134936165555,8.402776823734436,41.124481252340146,3.7076873869442553,30.0,34.642981498440136,210.0,3777.2359911000003
229,15224.4339588,1,-0.911107401978945,68.3096666750184,223.6749695707119,7.065572643524548,43.91093622379895,3.4144942332957555,30.0,57.567888388020194,210.0,3794.1213694
230,15240.9449472,1,-0.8445549952400703,77.59359761266153,212.02645299353526,6.9667699705385475,32.741689792991906,4.553162626713663,30.0,43.6528096167892,181.8063108583737,3810.632357799999
231,15257.6773809,1,-0.929797039071095,74.37071255575327,232.87682651974524,7.300692589251147,41.08585327597682,3.704094424990162,30.0,37.03771965983248,210.0,3827.3647915
232,15274.5606773,1,-0.9318942354053674,77.76998527494895,230.64974390845782,7.573450407618128,40.85718635848016,3.542640386004518,30.0,39.06398880075032,210.0,3844.2480878999995
233,15290.977445,1,-0.9209442899046107,78.29368783327769,235.78831950607207,7.801698703066315,42.67951899510047,3.7119261207252405,30.0,38.55273523577989,210.0,3860.6648556
234,15307.9691224,1,-0.9315410404066383,76.73266761290441,233.2310095612476,7.558579363507902,42.39376718880468,3.9403488644441875,30.0,39.148411414326155,210.0,3877.6565329999994
235,15324.8001644,1,-0.9361826873475703,79.08642668367398,235.7745216030827,7.708147336376565,41.23550334513404,3.5957132964522893,30.0,34.1027176797394,210.0,3894.487574999999
236,15341.7922309,1,-0.7171022532708864,43.90587996228898,200.0,5.0,31.37911223581411,4.5627928541594756,30.0,77.59268445714345,210.0,3911.4796415
237,15358.6481419,1,-0.9393687501630689,72.97134915708563,246.27552534558822,7.483161900244202,41.21270901671272,3.4457905968849696,30.0,35.34213314041414,210.0,3928.335552499999
238,15375.9204577,1,-0.9028773083289889,83.48437809241244,238.35825846862753,7.8685760853558175,43.72146886439215,3.200804479640939,30.0,34.248474458576936,210.0,3945.6078682999996
239,15392.3282884,1,-0.9379778292632327,78.00977543074691,235.32616962282762,7.813480680790718,39.86705908323188,3.736603092549612,30.0,35.27176351957065,210.0,3962.0156989999996
240,15408.6063081,1,0.9928045249345918,97.04830299146522,245.65960710025288,10.418086877897876,50.0,6.511254466786249,41.73325446392734,32.12572695639808,210.0,3978.293718699999
241,15425.3875446,1,-0.946139031457878,76.7091300081754,247.10847334639027,7.859564699661702,40.33025395540145,3.715406151909381,30.0,32.35746630286009,210.0,3995.0749551999997
242,15442.3794207,1,-0.9471903247149424,77.46700203106325,246.86590572508106,7.384617111649068,41.29283144646881,3.7038862703120032,30.0,32.73782638998642,210.0,4012.0668312999987
243,15459.0740828,1,-0.9147916505058421,71.4045581722032,248.01330930218253,7.553075248273387,45.05752480256906,3.818224305389001,30.0,34.02577107754989,210.0,4028.7614933999994
244,15475.5336704,1,-0.9427808066872354,76.60018317659603,240.32824675897604,7.478624852112241,41.56859793394499,4.0306559906354575,30.0,36.14061358825172,210.0,4045.2210809999997
245,15492.4470341,1,-0.8849618538763098,57.14424081976112,248.25010957411132,8.363429043370632,40.63790215553585,3.7191339524939417,30.0,30.746345209222213,210.0,4062.134444699999
246,15509.544569,1,-0.9494075099331298,81.87259526482867,243.64116123728422,7.355177772222257,41.15754613590711,3.641824224181576,30.0,35.06316119605209,210.0,4079.2319795999992
247,15526.2775311,1,-0.9403965906443605,81.77835912611033,244.03258128618336,7.835179995537409,41.79654088623724,3.644359954077371,30.0,35.35968894065536,210.0,4095.9649417
248,15543.3561804,1,-0.9481207837333349,83.07707261496104,247.7043150623814,7.839750320220474,41.44699566848669,3.5832934175415554,30.0,36.539677525727384,210.0,4113.043591
249,15560.6578942,1,-0.8924333320195762,60.58709200545414,219.7002612083299,7.374687479491686,43.01434144171147,4.101225350778518,30.0,49.884325353560385,210.0,4130.345304799999
250,15577.7121014,1,-0.9159747030797082,72.55765220954908,240.0660646779475,7.518171593961241,36.88339813866978,3.788011263777609,30.0,27.065401610710264,198.64893262100838,4147.399512
251,15594.7580195,1,-0.9417465095666382,74.78185843526967,244.3661413607083,7.570988551442049,40.029963232898666,3.755543513655072,30.0,34.459844738836736,210.0,4164.445430099999
252,15611.3836048,1,-0.9400361968807318,74.04603686147348,243.1942460228437,7.478743799848063,41.042193544678014,3.628118562384864,30.0,36.077727510705714,210.0,4181.071015399999
253,15628.1788439,1,-0.9349815320646987,76.89248268971659,238.77092557584234,7.576715228512665,42.69834064164299,3.9676130084434655,30.0,37.73602081450029,210.0,4197.866254499999
254,15645.0641297,1,-0.9419419149694496,74.95667622436916,244.2730179262093,7.778155390765276,40.91528717692739,3.9348054060621385,30.0,38.44537821484031,210.0,4214.7515403
255,15661.6857548,1,-0.9293660155062718,74.33677908464765,247.45526494533644,7.9333931163908415,41.76699983309459,3.7123833219177005,30.0,27.841348925255897,210.0,4231.3731654
256,15678.4783234,1,-0.690252893145808,42.94788287690504,200.0,5.271954458887925,27.96682321616993,5.073867485528267,30.0,75.22521952588386,210.0,4248.165734
257,15695.4190656,1,-0.9445247153521252,92.15780844803506,302.4445779788556,6.911454131507485,43.166500112233706,7.92409566411757,108.55810047801891,61.000596377917375,210.0,4265.106476199999
258,15712.2098725,1,-0.9363997087271999,75.23303041470069,247.03712141997158,7.586495948616785,42.702938724277466,3.462570649841687,30.0,29.860271905312544,210.0,4281.897283099999
259,15728.8985217,1,-0.9429540532855689,76.27059248703995,242.2024711639192,7.654995950213653,40.25807089970693,3.7237106406955816,30.0,34.06173798048494,210.0,4298.5859323
260,15745.7500325,1,-0.735606979710362,76.75419345655412,231.21445859003074,8.766723862678669,46.820337607073284,4.475778874357983,31.424800466889266,38.136689349777015,210.0,4315.4374431
261,15762.9554809,1,-0.951299411806249,76.51710758121537,253.564168281361,7.543565037728827,40.773728086856956,3.685816994459935,30.0,33.3319978892738,210.0,4332.6428915
262,15779.8487442,1,-0.9541498758910185,80.46768805798041,253.6032989926329,7.47556289224276,40.06149644723217,3.6720190844671903,30.0,31.622866709821842,210.0,4349.5361548
263,15796.8886959,1,-0.932481055873461,72.39530024955755,252.14691841285628,7.434558482134048,44.52130310072624,3.811980784004639,30.0,35.934516106961034,210.0,4366.576106499999
264,15814.064157,1,-0.942654029146298,79.49085108931787,242.59654235307553,7.602756662672625,42.40198854163346,3.9296739586212484,30.0,33.164625522497545,210.0,4383.7515676
265,15830.8872747,1,-0.9328230689100606,69.23076645008527,255.86002241656644,7.773080584300915,42.15463114400046,3.7918638944991043,30.0,36.490970651916,210.0,4400.5746853
266,15846.6599872,1,0.9845139441573816,88.6753419774104,237.21307964354665,10.138208479111519,50.0,1.0,30.0,18.27724234487609,210.0,4416.3473978
267,15862.9965647,1,-0.95236712098553,81.75642864578117,249.79111201711058,7.760163426282506,41.06179147937439,3.4337456499863213,30.0,37.35952014886459,210.0,4432.6839753
268,15879.6867045,1,-0.9581522237489135,85.89415359871603,263.6729426997968,7.060697040075462,41.46848001271516,3.5413061427964476,30.0,36.95835216758196,210.0,4449.3741150999995
269,15896.58972,1,-0.9349622951291989,73.84252732392186,235.87600805549448,7.52903744687618,41.70939044145906,4.27024851620559,30.0,41.55387610413524,210.0,4466.2771305999995
270,15913.0890567,1,-0.9516910162772271,79.06650838031517,257.01965738317114,7.7067204838788586,39.931627998910564,3.3388258678827114,30.0,21.975508214277614,209.72574315362195,4482.7764673
271,15929.5916397,1,-0.9534592581016132,78.56969956781617,250.56597207196518,7.707832985508112,40.09057238350724,3.714264754990095,30.0,33.53921543594011,210.0,4499.2790503
272,15945.8370776,1,-0.9449007880838363,74.81968848710622,250.2243780209777,7.364396093122935,41.15334428771056,3.682441574014591,30.0,33.70703508373852,210.0,4515.524488199999
273,15962.4755448,1,-0.9511297069429074,80.24056231198968,244.73649719307787,7.431922165859598,42.036926694605036,4.097473201224723,30.0,35.29388577554916,210.0,4532.162955399999
274,15979.7916208,1,-0.9517060270896076,77.9003845648308,250.20084552104123,7.832008018674524,40.129576433745626,3.7231234454994535,30.0,35.51929640649143,210.0,4549.4790314
275,15996.4993743,1,-0.9322289425669118,71.96017820632046,253.0368251597023,7.962217863245064,41.4861087756944,3.760081190379282,30.0,29.46005805662609,210.0,4566.186784899999
276,16013.0581837,1,-0.8506510385142219,66.8301703166809,210.8605772433728,7.170888997822156,34.89397049153837,4.939092790440041,30.0,65.52877660298401,210.0,4582.7455943
277,16030.4401647,1,-0.9191133566985266,97.74837351561337,291.3284090197017,6.624232325917313,43.09819649878794,8.66029876792441,147.78589479754925,73.7066840200905,210.0,4600.127575299999
278,16047.5995117,1,-0.943833665968651,73.72338738201778,249.81091037452867,7.412316347094647,41.96513777764558,3.7060249111149743,30.0,29.73030556756148,210.0,4617.2869223
279,16065.0295347,1,-0.9485403532104583,78.66529143272356,246.07063448476453,7.539549583415419,40.52250499497144,3.6529347834280474,30.0,33.49188878505143,210.0,4634.716945299999
280,16080.9054946,1,0.9758263997620997,69.28148226076283,255.60288629239767,6.599380171252571,41.77910544153738,2.5795899885351194,30.0,41.344717118064004,210.0,4650.592905199999
281,16097.2663313,1,-0.9511453657563108,76.8216472606658,266.36896395084807,7.196631685814593,41.688254812895806,3.6150063909783228,30.0,36.478770437907116,210.0,4666.953741899999
282,16114.110585,1,-0.9531881314204725,85.50046956583641,260.3695225922157,7.148865799493773,40.15957091422679,3.539129522333149,30.0,34.017522872096606,210.0,4683.7979956
283,16131.2397074,1,-0.9500905536612424,75.94784643067268,257.34148021822716,7.17489183569851,43.47869519434047,3.576661311367745,30.0,37.64591882999355,210.0,4700.927118
284,16148.0509907,1,-0.961554652153395,86.62360590373905,255.34923397719524,7.607044113971993,42.38766025043385,3.8346001903335742,30.000139737522858,33.570787156763345,210.0,4717.738401299999
285,16165.0154475,1,-0.9695784789753414,90.79126801860896,261.921486174162,7.103020567023601,42.839659908918286,3.6307396686213504,30.0,39.751423633687125,210.0,4734.7028580999995
286,16180.9920829,1,0.9927220070838869,90.95460601546482,259.8777684673968,11.067359102712363,50.0,1.0,30.0,20.024727624056194,210.0,4750.6794935
287,16197.1793936,1,-0.9569084233500107,85.6498317813155,261.73844419552205,7.1722440881346525,40.80626138027055,3.3713593665418236,30.0,38.07257611792683,210.0,4766.866804199999
288,16213.05357,1,0.9990367247425871,120.0,247.667170273734,13.65045692187606,48.47887447242029,2.9794236734696145,32.5546391291347,42.909903243057634,183.8170501051093,4782.7409806
289,16230.5499229,1,-0.9755349035512275,91.86469650262529,263.15429902389405,7.452553529165991,40.91340792922493,4.166186469874579,30.0,34.64712466055693,210.0,4800.237333499999
290,16248.0813183,1,-0.9618976394661407,85.8783586764284,271.5828510249561,7.452772526908011,42.685982214877754,3.2794948225532505,30.0,21.638289965306885,210.0,4817.768728899999
291,16265.2558095,1,-0.961175084009404,84.98338712878609,262.3416352619321,7.232880974083543,41.137783170376835,3.583780021232384,30.0,34.55483972326447,210.0,4834.9432201
292,16282.6900458,1,-0.9566120657543481,84.14380094121975,255.5163985943849,7.1671254490912695,41.43525584537059,3.623888272703029,30.0,33.1252004788905,210.0,4852.3774564
293,16299.7065684,1,-0.9513539632441324,85.075938602943,248.4227408321928,7.0859189995384835,41.19928145558997,3.873954554643017,30.0,35.57059476073378,210.0,4869.393979
294,16317.1673659,1,-0.961522346042872,84.76039896261264,256.53365414007834,7.579485858528661,39.777480838036766,3.4599702720371854,30.0,34.863341949087854,210.0,4886.8547765
295,16334.3840685,1,-0.9528974985535285,75.44478290366524,262.2302725303339,7.683345453564457,41.32814116335771,3.719984681001467,30.0,35.30408913412582,210.0,4904.071479099999
296,16350.9702385,1,-0.8947223504020889,91.40503852699123,262.96579192725613,8.11861600610461,45.122026409248804,3.612393887591245,30.0,50.35022126400257,210.0,4920.6576491
297,16367.7590159,1,-0.9341592611304774,95.75267976947336,266.518456103215,6.762665095144569,42.51513062096598,8.54736709170211,60.60417710416121,45.67565599065964,210.0,4937.446426499999
298,16385.0035615,1,-0.9397614778799676,76.43101664840705,255.67350620398713,6.983895597628251,41.169313397869296,3.778425211226664,30.0,35.79119871262204,210.0,4954.690972100001
299,16401.9491018,1,-0.9556738106828135,81.26669434035536,262.5454363976521,7.185394941068685,41.40796234867657,3.533545747571694,30.0,35.45890092912566,210.0,4971.6365124
300,16417.4992154,1,0.9576811907286118,82.19106951239583,270.90482423609103,5.638631725433694,38.14302032802652,2.4495034394318305,30.0,40.64032538950552,210.0,4987.186625999999
301,16434.4594772,1,-0.9639525312399626,84.04772406806961,272.46493711278026,7.152366434318167,41.93455496093098,3.7661724279546127,30.0,37.75070923666628,210.0,5004.146887799998
302,16451.2750035,1,-0.9679602418272237,91.78444090180152,266.0850049816799,7.241125337850665,40.694693401226544,3.5864631510741196,30.0,35.87221759609049,210.0,5020.962414099999
303,16468.3347951,1,-0.9675551572902237,89.7767896585845,261.13811996382196,7.102095683912994,42.19568986498136,3.896350660227089,30.0,36.10606156496192,210.0,5038.022205699999
304,16485.1302009,1,-0.977985940442444,92.20057289699929,268.5787175829916,7.5163352961447,41.62971744599702,3.9091096109554657,30.0,34.109921422093066,210.0,5054.817611499999
305,16501.9969253,1,-0.9705510864532971,103.03283336265326,265.6604410329695,6.844961309917431,43.11012308978548,3.8097056501339486,30.0,39.25591655735783,210.0,5071.684335900001
306,16518.1721485,1,1.011233235736911,92.76510877076782,273.1270622491626,11.531498673791713,49.84707041538581,2.6400677811490185,30.0,30.804287651702108,210.0,5087.859559100001
307,16535.1752025,1,-0.9594047099543943,91.80332262978094,268.5001408817369,7.027833177348204,40.743089461906706,3.459422003786016,30.0,35.6998082989512,210.0,5104.862613099998
308,16551.3186037,1,0.9973824217148791,120.0,245.66619604853128,11.93582432953221,49.880553947840966,2.809861705960387,31.631808209033522,43.606196442650166,176.41020755272893,5121.006014300001
309,16568.2277593,1,-0.8171304370854581,66.08855556836593,208.19302196134953,8.67413450917278,29.71421654237374,7.817944474336294,30.0,75.01984630602493,208.6159056981462,5137.9151698999995
310,16584.5294835,1,-0.9721598108501106,91.96069004676094,272.7803314099333,7.313205135361748,43.65427914743279,3.4933559805290897,30.0,32.72905739778621,210.0,5154.216894099998
311,16601.2950096,1,-0.9627903783542322,88.81508536401546,269.3790224470049,7.024765947211105,41.55172822532763,3.8823373116545428,30.0,35.14221528490692,210.0,5170.982420199998
312,16618.2143658,1,-0.9733809464742951,94.50401354963353,260.52857402023767,7.327756933178736,41.58054688895642,3.7374383617599083,30.0,33.88241178671571,210.0,5187.901776399998
313,16634.9190749,1,-0.9575573439276566,90.03929467697179,250.49710150861623,7.19413778714837,40.601733619255874,3.7972374899743278,30.0,35.000583105954966,210.0,5204.6064855
314,16652.0245434,1,-0.9678605091107347,92.22089127623184,266.4166383643281,7.368610181089256,40.1500730867173,3.3456205891697515,30.0,34.43415213079221,210.0,5221.7119539999985
315,16668.8174699,1,-0.9655845865514657,84.26361613521942,268.02660564298793,7.319610490383189,41.24008395857247,3.727363956095102,30.0,38.31745062103597,210.0,5238.504880500001
316,16685.1703897,1,1.0031701567459224,105.34772170276327,291.8113452021071,8.338398179128074,50.0,3.187884983349961,30.0,38.54238690256989,210.0,5254.8578003
317,16702.2028219,1,-0.9504242256222519,93.73558591815899,249.94043381129455,7.135195734987002,41.811073359725555,6.366868148788262,30.0,30.19739946752167,210.0,5271.890232499998
318,16719.0399723,1,-0.9616122699450044,91.70550294664963,262.2724078213496,7.065704003582807,40.516890539161594,4.1880392390593615,30.0,38.023218438407824,210.0,5288.7273829000005
319,16735.9624725,1,-0.9686152855275004,87.02766368005825,272.14948512064785,7.194432846779641,41.619945749778346,4.000693748794947,30.0,36.29606368032605,210.0,5305.649883099999
320,16753.0247043,1,-0.8552479677992245,91.77538640622248,279.2216985844758,5.4589302471819705,38.924607780549515,3.382817454860251,30.0,40.20383416833424,210.0,5322.712114900001
321,16770.0172398,1,-0.978624090785791,91.88839865644333,274.38599564502715,7.326836497307441,41.781966428506266,3.9550918339656134,30.0,37.75170244572446,210.0,5339.704650399999
322,16786.7327332,1,-0.9800017099280462,95.52096767033119,270.56349030708344,7.487291755630044,41.45411207590135,3.6409109855055144,30.00160560935157,35.575308425055894,210.0,5356.420143799998
323,16803.8379526,1,-0.9709710124869186,98.23658800218628,264.3672010342787,7.107061099060281,41.216547990458395,4.072372493066419,30.0,34.782285412092165,210.0,5373.5253631999985
324,16819.571545,1,0.9009765238872358,92.82659383422666,251.77352816555253,5.0,50.0,1.0,70.0809026395906,60.678800859205424,199.03333320628207,5389.258955599998
325,16837.0638485,1,-0.9674897471057307,101.63846032746693,269.11111181797526,6.751948893974521,43.09231370946972,3.989336073816362,30.0,37.90534205443965,210.0,5406.751259100001
326,16853.9465393,1,-0.7459153335629606,93.47011535693449,277.09106105514417,9.38246587576107,46.34699964340835,3.6354905525130494,30.0,39.350673070938726,210.0,5423.633949899999
327,16870.813544,1,-0.9793426524906579,95.42215217416125,272.2235006107058,7.421003288516443,40.72182287914509,3.7627479559044534,30.0,32.97237907035593,210.0,5440.5009546
328,16887.9555504,1,0.9903460923434864,105.84600110083747,254.10820716121268,9.605051590704111,43.18310382551915,3.162759315161594,31.000782495358592,37.23351028478509,198.93183221428492,5457.642961000001
329,16904.7377522,1,-0.8108850206419822,77.58065025016526,200.0,9.294525641623293,34.965693752992955,9.457054058073176,30.0,65.26478068030039,208.15575143578073,5474.425162799998
330,16921.4840222,1,-0.976778356628484,95.52084464062462,270.4814473445322,7.360468970827468,43.20685274356741,3.613848296271085,30.0,39.506840850443666,210.0,5491.171432799998
331,16938.5358093,1,-0.9785878659248569,92.01911962359395,273.1060404373176,7.358167297270237,41.79442122643609,4.049339138266079,30.0,34.69996307380751,210.0,5508.223219899999
332,16955.7149454,1,-0.9834013640849808,99.42666031964805,270.6091676920036,7.4626102624741035,41.70444732053291,3.960209530150672,30.0,34.52524725678221,210.0,5525.402355999999
333,16973.0331124,1,-0.9671296490185408,93.92670519741068,253.80804980995572,7.271638845878086,41.15974526369938,3.8197017865570317,30.0,34.43884972895807,210.0,5542.720523
334,16990.1522711,1,-0.9788610276904255,96.31548267612676,273.55738963657404,7.398537530155578,41.184142690172266,3.472823838553901,30.0,34.19160056665518,210.0,5559.839681699999
335,17007.2224404,1,-0.9746589237567383,94.26014529860547,271.27453854464034,7.178862023314001,41.46121483400524,3.9125348668341404,30.0,39.17097822021085,210.0,5576.909851
336,17024.1889948,1,-0.8334757574483319,102.60798050168894,296.01603058319427,8.10572916627601,50.0,3.4551454278028895,30.0,30.207569146644953,210.0,5593.8764053999985
337,17041.4613327,1,-0.9635430512145311,92.03943819376097,249.15868963536465,7.402224098081492,41.35935556264528,3.9455119409532684,30.0,24.88926972880513,210.0,5611.1487433
338,17058.6165567,1,-0.983116545906347,100.32778238916922,266.57185338277674,7.528992298139484,40.36482368513243,4.248160747661636,30.0,38.8093759178903,210.0,5628.3039672999985
339,17075.7251732,1,-0.9814040798061132,91.9442880578437,276.41444196487055,7.450793985580776,41.738097422283445,4.25540821570998,30.0,34.62739085561135,210.0,5645.4125838
340,17092.3888822,1,-0.9778242288886422,98.54483656345647,280.7850948428884,7.088858930440109,41.58521458710415,3.9732381412759996,30.0,36.83366294187111,210.0,5662.0762928
341,17109.3347073,1,-0.9863064544642,102.26010782317115,272.16530814497446,7.452926666667963,41.637346466760704,4.062583238087656,30.0,37.72720551421671,210.0,5679.0221179
342,17126.9241135,1,-0.983443031235094,100.8116685855956,273.03506437955787,7.60728789348984,41.91568671283213,3.7134684600955943,30.00332173799731,35.0963900399085,210.0,5696.611524100001
343,17143.1147085,1,-0.9827596442871332,103.98294952010399,266.5913614143203,7.441414536630825,40.89157467860517,4.081637406218793,30.0,34.03931390132824,210.0,5712.802119100001
344,17159.0136672,1,0.9176648431838119,96.05520172004024,251.84098607861432,5.0,50.0,1.578271568885099,64.2297929374718,71.5399212254458,194.1094386987329,5728.7010778
345,17175.8997842,1,-0.9758108331278562,100.36501278773005,271.2656576836342,6.960136614039396,42.98008206177012,4.066753305603607,30.0,34.961252080639944,210.0,5745.5871947999985
346,17192.7040517,1,-0.9767942543879052,96.3992670296247,276.24317492880357,7.2689228778483,40.222631409038364,4.430890380453794,30.0,40.453468769959066,210.0,5762.391462299998
347,17209.5264066,1,-0.987068623484137,100.17078645284141,274.0355467196525,7.63963180373652,40.78213946198555,3.9429254228666863,30.0,31.652459433192426,210.0,5779.213817200001
348,17227.1220179,1,-0.9686074023726723,97.81315849610917,265.19399319253284,7.523676834726825,38.21344980646434,3.49788185589222,30.097438829377765,33.21129651270611,210.0,5796.809428500001
349,17242.810493,1,0.975055263728417,86.75214608699314,214.15535397193992,8.829740542637978,39.17995948449408,6.1546796844880145,30.0,43.00419606534223,208.6347282895203,5812.4979036
350,17259.6876964,1,-0.9821504790063109,100.07706101365011,269.2956469808877,7.393481921765768,42.340208390145364,3.7869698384437402,30.0,42.27899188903712,210.0,5829.375107
351,17276.3264871,1,-0.9849822063760427,100.02686558374415,273.560190227085,7.614256769996211,41.9131450575987,4.140403757493968,30.0,34.39511054420913,210.0,5846.013897699999
352,17292.254615,1,0.9316599313253887,119.5072233716341,282.4127733342118,5.0,30.963334213261785,2.2580836139228064,30.0,23.8764205541397,189.7234562491388,5861.942025600001
353,17308.6789601,1,-0.9827248360793408,100.08871404238711,270.05810120401924,7.497348348203452,41.990460301993046,3.948826145225168,30.0,34.18315006138708,210.0,5878.366370699998
354,17325.5529642,1,-0.9845267250215114,101.54267870120461,276.3902716781037,7.430061693231345,42.05836133120485,3.5510520809623607,30.0,34.258908294417125,210.0,5895.2403748
355,17343.3716347,1,-0.98205628369503,101.47786172633951,272.93949049420655,7.2287945507469145,41.62732431719506,4.029070887958916,30.0,38.12719433451155,210.0,5913.0590453
356,17360.1576763,1,-0.9582107776085831,98.46278361604645,291.3079616405933,7.82227774160715,44.26871058531521,3.852037392482935,30.0,27.18389447690281,210.0,5929.845086900001
357,17376.0163822,1,0.9833045979503875,96.8811718821532,264.536930334077,7.571609487723442,41.26954672807039,2.626269540514262,30.0,23.05701598360304,210.0,5945.703792799999
358,17391.5467827,1,0.9843161305811435,104.68145410991796,270.94022606276064,7.775179330502212,40.94286946105763,4.276358722101243,30.0,37.072580740845495,210.0,5961.234193299999
359,17408.5680698,1,-0.9857530660953251,101.43625707984205,273.28854876486866,7.5954904650425945,41.785453454220125,4.120101856586877,30.0,33.64474104073459,210.0,5978.255480399999
360,17424.2840182,1,0.9931679391425386,103.82106187904915,277.7037810213588,8.32849392414419,42.40039012028953,4.289961684307948,30.0,32.51998550695963,210.0,5993.9714288
361,17439.995498,1,0.9819898919657158,107.15084502703151,271.1211810189036,7.5750650618628015,40.926734932690735,4.010119935217326,30.0,35.772000858765935,210.0,6009.6829086
362,17456.8550394,1,-0.986804441690811,103.56392540807343,274.4493821878115,7.675740627880328,41.47829721153142,3.8214470436542065,30.006086220604175,34.05113983548341,210.0,6026.542450000001
363,17473.4674509,1,0.9822148471094461,106.55985988016694,268.2872095435249,7.6385586768813765,40.67335388396678,3.954816354906203,30.0,31.333176068207234,210.0,6043.154861499999
364,17490.4958042,1,-0.8830087055770128,98.13600328256418,274.0274394500694,5.0,50.0,3.8261727335767994,32.46264980141777,49.73077337122476,196.06769433283097,6060.183214799999
365,17507.1908183,1,-0.9848929224577032,99.47610039184458,274.3557467761757,7.479255273626674,42.08779476266986,3.9918283574347635,30.0,32.620025946763135,210.0,6076.878228900001
366,17524.1798218,1,-0.9057915261075064,100.65956898839605,273.935557210757,6.249962620329898,36.939009474303916,4.5908434374510385,30.0,38.697604643439746,210.0,6093.8672324
367,17541.2179849,1,-0.8625197066349625,120.0,298.4973575590541,5.0,50.0,5.419367531515795,30.0,30.760080176768287,199.20199919243774,6110.905395499998
368,17558.1896584,1,-0.9119367588466342,93.60764829840127,276.7548616425833,6.486249797166245,36.537119714022296,4.031303392481992,30.0,30.89173236808997,210.0,6127.877068999998
369,17574.1391808,1,0.9827665356775191,93.41853788377043,260.7691437946429,7.460522637172297,42.0935594924599,2.9218917210628153,30.0,28.616103908505337,209.24240714262115,6143.8265914
370,17591.2533119,1,-0.9848307324512965,102.63613649004732,271.7804306744585,7.418645817076424,41.113721297644915,3.887131508377876,30.0,36.939816161143156,210.0,6160.9407224999995
371,17608.067845,1,-0.9825548296079877,104.54695026825675,274.0514989853827,7.775786168756351,41.88451113479609,4.034795280284882,30.0,32.29626096609283,210.0,6177.755255600001
372,17623.7933771,1,0.9149550150770313,120.0,288.34245201049265,5.0,26.056325779548143,1.6813062148506592,30.0,22.466252318454902,197.17039331926034,6193.4807876999985
373,17640.5587909,1,-0.9902558416692547,103.54315872211282,281.88741358940564,7.639597088388184,41.858794018881696,4.017257525052337,30.0,33.42677624322354,210.0,6210.246201499998
374,17657.025229,1,-0.9885399887425856,104.30734652067329,277.1306087881833,7.588511114626921,41.81416818446579,3.934644148375695,30.0,32.001494451325286,210.0,6226.7126395999985
375,17674.1086341,1,-0.9817345269809131,105.02034007948076,274.1612011928163,7.257523862297858,40.89625721809846,4.010928067003938,30.0,34.28399249311401,210.0,6243.7960447000005
376,17690.9015883,1,-0.9865550307266707,96.69599552302878,279.0950172354604,7.642989705668246,40.11623839549878,4.108382467378279,30.0,27.346581006051526,210.0,6260.588998899999
377,17707.0112355,1,0.984685281180042,102.65329593451591,276.77620735172127,7.725482249767966,41.09048730213932,2.3772306556135767,30.0,24.597223489792448,210.0,6276.698646099998
378,17722.7300179,1,0.9860485505158018,106.64882288018362,275.5883082562964,7.7819918644354935,41.24545070491605,4.137370300718002,30.0,32.835409462262405,210.0,6292.417428500001
379,17738.8490821,1,0.9842978437086638,106.22972515839106,271.8781629164072,7.680850439314302,41.17207465949421,4.010851857396351,30.0,31.82411861247985,210.0,6308.536492700001
380,17754.9358178,1,0.996626458379677,106.65115164227768,277.19465638425606,8.93840599333121,42.5579162800819,4.332334119022195,30.0,30.54467025514414,210.0,6324.6232284
381,17771.012486,1,0.9857275430570642,108.81276724181954,281.21491845957814,7.658573560611887,41.29899473029576,3.982387688284173,30.0,33.5134141677465,210.0,6340.699896599999
382,17787.7621775,1,-0.9890830369548712,105.0611810421191,277.69086499986025,7.701926603286177,41.51148710226369,3.9734111626015647,30.00897215874194,33.16241684864531,210.0,6357.4495881
383,17803.7834689,1,0.9839224378773614,107.14862743341324,269.33132909968145,7.747548028337078,41.075719653474515,3.8927744824116983,30.0,30.254743983685934,210.0,6373.470879500001
384,17821.279033,1,-0.8739043939902084,102.61032380650565,293.34960559977935,5.306486266246348,44.58839601572322,5.217667666810769,30.0,29.46097006186484,202.16539769611708,6390.9664435999985
385,17837.9715878,1,-0.9861432338248948,102.4838029918082,277.18902430176684,7.769828548038081,41.57852848892593,3.9651463016424264,30.0,31.779728817468186,210.0,6407.658998399998
386,17855.0608707,1,-0.9260970336882157,103.42768444025987,274.1823062867406,6.660676543765472,36.211600367020026,4.287487555762292,30.0,34.787272053443004,210.0,6424.748281299999
387,17871.6061566,1,-0.8638324756126697,120.0,302.6499352689816,5.0,50.0,5.107547420919733,30.0,30.791044821138826,201.7973601585357,6441.2935671999985
388,17888.6270717,1,-0.9669845391500828,99.62848194306747,284.0836223992023,7.000676559973911,40.1253358821841,4.319020546048742,30.0,30.93382861519785,210.0,6458.3144823
389,17904.6055838,1,0.9848985533444609,97.38372306536132,307.2403046725378,6.884504267572482,43.578865079750294,1.5609920337602183,30.0,23.83501159065947,209.7874501782691,6474.292994399999
390,17922.0554175,1,-0.9931977327730606,104.50807561440539,282.5333756959776,7.614753101715416,40.77521049348954,4.011493925959313,30.0,31.269670708567276,210.0,6491.742828099999
391,17938.0984925,1,0.9869350427330883,106.18355274540096,275.5960260056136,7.756789776172586,41.86443386127468,3.9672390027191913,30.0,31.3442284978618,209.9992912715869,6507.785903100001
392,17953.9605202,1,0.9357372149670541,111.27944948692742,287.0056386800245,5.290842474714261,32.1664527387187,2.144889928005717,30.0,31.220193715100002,209.4941782630345,6523.647930799998
393,17970.4502904,1,-0.8363268553081495,80.39240112389695,296.3945871830022,5.0,48.36726135317985,6.982267641501773,108.769884119451,57.1461384860965,194.46132028892424,6540.137701
394,17991.2839061,1,-0.9903026933017302,105.28259971688888,279.70167979499513,7.680451706013605,41.688332547304995,4.205935113145498,30.0,30.99519218495776,210.0,6560.971316700001
395,18008.6124356,1,-0.9925331716740258,106.07237967035645,281.863084022807,7.537033082631376,41.11244068058862,4.002929733900246,30.0,31.511700347114292,210.0,6578.2998462
396,18025.6875134,1,-0.9753595929019389,98.79744471782305,272.4043475449235,7.542518251622794,38.150910451648016,4.174219699580771,30.0,32.280512285260926,210.0,6595.374924
397,18042.8817197,1,-0.9838842660935067,105.9214800588517,285.2039548784043,7.776827192314164,41.560868853027955,3.223420661931804,30.0,33.88710191001087,210.0,6612.5691302999985
398,18059.1942099,1,0.9877996176708002,107.367378493699,281.77440696935537,7.750507345007625,41.54037519762305,3.9804969661783973,30.001082100970763,31.092585565718455,209.99953659021048,6628.8816205
399,18075.5622343,1,0.9852383260738504,108.38500115067782,277.68359746444594,7.712693253030421,40.9428522828876,3.957139606827928,30.0,31.17821356449962,210.0,6645.249644899999
400,18092.2107727,1,0.993202743262204,107.24478347698815,281.4166408562943,8.4330136751779,41.55383305675892,4.120157764479474,30.0,29.52809138355945,210.0,6661.8981833
401,18108.749067,1,-0.995105004321043,106.14689995084227,287.89959800457893,7.661427049852899,41.1429498390852,3.9768042657756495,30.0,30.90983244796388,210.0,6678.4364776
402,18125.6204588,1,-0.9928654775848518,105.51329596686428,280.8684645955154,7.700205918492044,41.06500352869769,4.073416305633241,30.013226863098666,31.769789171428116,210.0,6695.3078694
403,18141.8855791,1,0.9861140908092515,106.49293779191169,274.74041771140156,7.797495536680697,41.227568557929615,3.8711164126986892,30.0,30.15900000753666,210.0,6711.572989699998
404,18158.6762754,1,-0.9712605954660822,106.26648435976247,296.1016228546243,7.078207096083323,40.90376630493652,5.659640686837218,30.0,19.6264064566909,208.42725422102532,6728.363686000001
405,18175.2859579,1,-0.9917898864210761,105.03305567934629,281.4893323523228,7.883621924626595,40.715562598019275,3.9966786927571887,30.0,31.096939256275792,210.0,6744.973368499999
406,18192.3754014,1,-0.9540135993114602,105.7436230373743,281.6229090999546,7.05891463772582,37.25702031729071,3.8589513550543657,30.0,29.635495316878668,210.0,6762.062812
407,18210.4272784,1,-0.9462320513009609,120.0,304.5057790522329,6.031300227163805,47.80826798698463,3.9830827853830986,30.0,31.180394823130055,205.5580045735712,6780.114688999998
408,18228.18675,1,-0.9933945781627624,106.89320417469258,287.59092712020464,7.5055671029422815,42.36236577623245,4.464082407497862,30.0,31.0832232680115,210.0,6797.8741606
409,18244.4154395,1,0.9954332105353483,101.63937616086858,323.5454984114997,7.156257894298963,42.529278900426235,2.739006577944263,30.0,21.767191903133654,210.0,6814.1028501
410,18260.2482587,1,0.9940086662765043,118.69105516866333,357.4564189766653,9.475456061433048,28.335271016328992,8.386692464151741,30.0,49.44830958929983,188.03411120391206,6829.935669300001
411,18276.579515,1,0.9867047829509588,106.12392265344943,279.4523600262142,7.741280742953934,41.04839090380269,3.930681722051557,30.0,30.7497504255914,209.9998783862957,6846.266925600001
412,18294.1427247,1,-0.9665654322531833,100.81137320862514,284.66596586496075,6.856845753973005,42.787501326892425,3.1449181539878897,30.0,36.04434789779536,210.0,6863.830135299999
413,18311.2119416,1,-0.830661841490726,86.39783253442647,300.281183017674,5.0,47.038813807539825,7.903723624414301,141.68289531282443,56.69059343479104,193.7759961091455,6880.899352199998
414,18328.1902759,1,-0.9950344984377518,105.25681714019336,283.63590937651634,7.676669326595776,40.708495339812906,4.27368363931663,30.0,30.558031542448887,210.0,6897.8776865
415,18345.2450725,1,-0.995072110489379,106.35884603854964,286.38063324568293,7.724570331034592,40.92914234354676,4.004749079845654,30.001595061046345,29.943624358273077,210.0,6914.932483100001
416,18362.3268998,1,-0.9756905151578229,103.58653471407862,269.4374792741842,7.524052238368541,38.12849373063183,4.126345142102315,30.0,34.58044470784074,210.0,6932.014310399998
417,18378.9732685,1,-0.9955520416847572,106.76803167491289,289.0327960874008,7.6437075554086915,41.41353044549541,3.872090277523896,30.0,38.88128459159491,210.0,6948.660679100001
418,18396.4433154,1,-0.9934520867762137,106.53087481768748,285.6398594188972,7.604384448674833,41.3950359099595,3.9157568347309013,30.000761971176942,30.249720683460442,209.9990985804174,6966.130725999999
419,18412.4460829,1,0.9850805743982215,109.03242131080339,280.8918410875186,7.638197259776984,40.75836492389788,3.9650734140797015,30.0,30.879166312304243,210.0,6982.133493500001
420,18428.343956,1,0.9887840432721643,107.25854159486208,283.92925918900613,8.02835955402907,40.93703965776673,3.900725368495344,30.0,35.15164361343183,210.0,6998.0313666
421,18445.184882,1,-0.9965275977112409,105.30236493463192,291.7076108293725,7.656585054068806,41.15568809272983,3.968936139480086,30.0,36.66313417951293,209.9998747513748,7014.872292600001
422,18462.3387193,1,-0.9945711945329363,106.91813900224962,283.5550458175447,7.695023953205807,41.057643715923454,3.960384971848626,30.013153894580242,34.61778690707112,209.99981383492022,7032.026129900001
423,18479.213149,1,-0.9910784329336566,106.19602695750766,281.079118390688,7.739434713565346,41.31547851220304,3.8601275272681184,30.0,33.610030187877896,210.0,7048.900559599999
424,18495.1786175,1,0.9965772536210891,108.40340889154447,292.81675788239926,8.195471976449596,39.364328684304546,4.541553712301798,30.0,14.533178763901812,210.0,7064.866028100001
425,18511.651629,1,-0.997898686466338,106.7443650755484,288.4314988491972,7.873256326172077,40.25854125489893,3.9322177541587653,30.0,35.83471442777352,210.0,7081.3390395999995
426,18528.6807586,1,-0.9897290656838478,107.88228413158966,291.34567346317743,7.44645185342956,40.8872088458135,3.6328501757423144,30.0,27.33721564477535,210.0,7098.368169199999
427,18544.5593861,1,0.9877235246607976,110.7659452885456,293.6544834543043,7.367508041713054,43.810417939213366,3.3140829024154934,30.0,38.335812342263,209.33447598366155,7114.246796700001
428,18560.6255956,1,0.992869880771394,110.79266994549049,290.5017694735902,7.836778812744494,43.57403678037952,4.15914833050856,30.0,31.780556600890236,210.0,7130.313006199998
429,18577.0482578,1,-0.9912203945310544,107.48847129228508,323.76107179130884,7.36053899085155,41.606758226423736,3.6257625677797014,30.0,37.334441030501495,210.0,7146.735668400001
430,18592.7978885,1,1.0181656581994045,120.0,360.0,10.427573472455878,33.39758169736324,10.0,30.0,59.17215425850989,178.53605764513168,7162.485299100001
431,18609.5810387,1,-0.994437770174387,106.60903948941046,284.7903308768775,7.647177782967701,40.70838639703532,3.8588127397517837,30.0,32.07228969010296,209.99966536875945,7179.268449299998
432,18626.8050257,1,-0.8794610916304746,100.33254888606645,287.7383794901754,7.962963539856521,48.23997291245428,3.702843214110184,30.0,40.33352994408521,210.0,7196.492436299999
433,18643.5500483,1,-0.8408215585427543,96.15242798184961,302.187960362759,5.0,45.42555759942269,7.059284182691856,120.57773981910584,43.97699284526163,193.42545192508453,7213.237458899999
434,18660.3693088,1,-0.9978409058127004,106.67125598378487,290.32070827616195,7.656575540495518,40.31372924965301,4.306444208919141,30.0,31.08673360298966,210.0,7230.0567194
435,18678.430269,1,-0.9963885735206132,106.76999535895837,290.3040657272541,7.782413818976026,40.86850634495568,3.9836605845806905,30.000438000949217,30.785125505731052,210.0,7248.1176796
436,18694.2815416,1,0.9847438147416718,108.40596241896574,281.55067843587955,7.6131439084499934,41.021380422855636,4.022621908998166,30.0,36.20875295919467,210.0,7263.968952200001
437,18711.4593689,1,-0.8591736155270908,120.0,331.8716943055697,5.0,50.0,4.576077323578641,78.01804258584505,31.576431540422934,206.44894567105848,7281.146779499999
438,18728.6319569,1,-0.9950441985757192,106.30765145896888,288.0681545722465,7.539196994563581,41.326394850933255,3.879028317241635,30.0,36.426146710423694,209.99920563182746,7298.3193675
439,18745.8931285,1,0.9849654569647283,108.53611659524393,285.1144505847534,7.597439794371875,40.86691497837862,3.9470517343406795,30.0,37.29667660307299,210.0,7315.580539099999
440,18762.1916431,1,0.9861970815852173,107.1628928301815,288.08560277417877,7.801687701716473,40.14388188333858,3.7939523937455264,30.0,38.75969901832401,210.0,7331.879053699999
441,18779.7374307,1,-0.9967220385713698,105.46545110921778,291.4082051384673,7.787610496820544,40.954149254629314,3.9363559139542965,30.0,39.036916904801735,210.0,7349.424841299999
442,18795.2885595,1,0.9857072134725375,107.58084119297831,285.436572937683,7.726220824539378,40.49379746435317,3.8805146242276596,30.000945637779168,37.07502693502166,210.0,7364.9759701
443,18812.3619849,1,-0.9969758133297268,106.12288194364619,288.6130276639667,7.7121772273782705,40.55027323564682,3.887135350752307,30.0,36.86699323304838,210.0,7382.049395499998
444,18827.9186521,1,0.9921091025512304,108.87824642952482,289.8852383496989,8.644718045183716,38.98450546297727,3.4829034325462955,30.0,27.56882677811367,210.0,7397.606062700001
445,18843.8322892,1,1.0070161086672857,93.97304852331054,255.72002118063568,14.415915356020857,50.0,1.974902846132769,30.0,81.25077124715118,206.1994453773126,7413.519699799999
446,18859.7620757,1,0.9920760077432176,108.04704809247163,294.99973169419997,7.857303329789859,42.39500423224552,3.7211760344761236,30.0,34.47314827673477,210.0,7429.4494863
447,18875.7635945,1,0.9893249382057268,105.37096951092224,283.60784513560145,8.325550366150559,40.679130763853976,3.3399289876693223,30.0,40.603188551377514,210.0,7445.4510051
448,18891.8370256,1,0.9925474175958351,112.7061572432732,291.8925477288324,8.02796697032905,43.04731133439083,3.8929248411450046,30.0,34.5892775315644,210.0,7461.524436200001
449,18908.04551,1,0.9863418583210237,110.14111605838993,289.28276906049376,7.819920866666684,40.2071384091937,4.3539197518927075,30.0,44.626398548686595,210.0,7477.7329205999995
450,18923.9569636,1,1.0196951765420157,120.0,360.0,8.867468126273216,40.18804220323859,8.153705754074771,30.0,57.34524920303761,173.56815107407894,7493.644374200001
451,18941.0373389,1,-0.9957175387478985,106.94772073249113,291.09899414445755,7.622305047627595,40.18916537695347,3.8415476928269428,30.0,34.335883958939306,209.9994383693986,7510.724749500001
452,18956.6827602,1,1.003055070437058,103.73093455593353,290.0998830291313,8.570748310786357,47.18884053398068,4.043885609384123,30.0,40.89972099028287,210.0,7526.370170800001
453,18973.8026515,1,-0.8529495548908242,104.43347967634008,290.70332550276856,5.118613464321601,41.58251629813576,4.357747938882391,60.12350962761932,36.676581171034755,209.76815891188002,7543.490062099998
454,18990.299835,1,-0.9996197028613409,107.49231301807421,293.8253885774696,7.755455696137303,40.05608273639109,4.013604162240503,30.0,33.8650605050922,210.0,7559.987245600001
455,19007.1143895,1,-0.9979075908427719,106.98288816724019,292.25014437936153,7.890227115709934,40.343718201957344,3.944411377597869,30.0,31.300561391229998,210.0,7576.801800099998
456,19022.8778568,1,0.990070748701842,110.17401015679704,289.88039890693244,7.831932767953524,42.46634510891435,3.8990008705817516,30.0,36.8533487097654,210.0,7592.565267400001
457,19039.3512035,1,-0.85232766622859,120.0,337.06411798227924,5.0,50.0,4.498575764729662,72.6319138052046,27.851785274082225,205.21446326849804,7609.038614099998
458,19056.5107219,1,-0.9973137307289073,106.52560048562356,289.686670699934,7.740780164191667,40.738138156500746,3.8767090755474687,30.00052218233732,39.23383751615634,210.0,7626.198132499998
459,19072.3434969,1,0.9858583996832739,108.25381526273962,287.9946120650562,7.7321347330778,40.45559093124959,3.935492214473734,30.0,40.63555325989122,209.99977703751597,7642.0309075000005
460,19089.3166917,1,-0.9965862174400589,107.38455532970409,295.28843101922615,7.651681697434871,39.685384279161134,3.8525079702190137,30.0,38.469933194917424,210.0,7659.004102300001
461,19106.1327078,1,-0.9975116463534771,105.58796587725848,291.5715774270058,7.852972268088763,40.61510308082483,3.9661544815463596,30.0,36.803739151257595,209.99994837375826,7675.820118399999
462,19123.218619,1,-0.9997090888225457,107.91024310701889,291.9018173997325,7.768536685136073,39.84007771423655,3.9651922748438446,30.0,36.010259436846994,210.0,7692.906029599999
463,19140.349241,1,-0.9990187908498434,107.04433197041415,294.1776644318853,7.71623586776829,39.813665532653616,4.023392268287264,30.0,35.87846247306527,210.0,7710.0366515999995
464,19155.8170788,1,0.9882809105053867,108.83144408950025,290.49868732925114,8.259937643756217,39.73727609807749,3.2703214327892267,30.0,39.341950706246685,210.0,7725.504489399998
465,19171.6300663,1,1.0015249056899271,91.42343937695009,247.49427232665653,13.107140620488204,50.0,1.5579008953525388,30.0,90.0,204.53898277336125,7741.3174769
466,19187.1378268,1,0.9931804085867421,107.70422610727842,296.93807225146816,8.081298994430986,41.76570509541126,3.838459757383923,30.0,38.140426567490806,210.0,7756.8252374
467,19202.9826111,1,0.9902126086537283,103.52471233207748,287.7972556608765,8.533640873480488,38.77604688826247,3.616027061530277,30.0,37.63524240602337,210.0,7772.6700217
468,19219.0042825,1,0.9896879054974971,110.16198894514125,294.2529133089987,7.933862863424296,40.90672500881789,3.8147722736743463,30.0,35.45139133278048,210.0,7788.691693099998
469,19234.7033535,1,0.9832750207370539,110.11436719346932,273.17701364181613,8.058328812776379,39.405700894222065,4.739287016705791,30.0,45.11846649684467,210.0,7804.3907641000005
470,19250.9883669,1,-0.9871018541109531,112.96477459330485,335.67896449655757,7.645762840831083,43.91826848445526,5.40412670128257,30.0,44.1674132034306,201.91698391217275,7820.675777500001
471,19267.2913087,1,-0.9961614544827718,107.51666917112324,296.03497802673377,7.639895779832535,39.79009317519476,3.8479217583466716,30.000488176618035,35.553764545488306,209.9993692056338,7836.978719300001
472,19282.9276375,1,0.9948734697730204,107.63343366144893,293.950840388607,8.364045869803334,41.285087934317424,4.2118688963868935,30.0,34.49665137161058,210.0,7852.6150481
473,19298.3438722,1,0.9649835049812573,110.22861087299232,285.83795600747845,6.1664301615116415,38.5832186529053,2.6667084515499764,30.0,29.879325785186758,210.0,7868.031282799999
474,19314.1307744,1,0.9820653912530725,106.62551273513773,283.3382786388907,12.679583019947597,31.512400765149497,1.0,30.0,62.599354846322115,202.03804842221558,7883.818185
475,19330.0528134,1,0.9893736875428976,107.30611335519589,294.039675736376,7.937386504697493,39.89049623654058,3.9576280662800434,30.0,33.32064216886316,210.0,7899.740224000001
476,19346.1998339,1,0.9906093313616788,111.06629156430023,297.51084348280733,7.921164437652369,41.03326002161701,3.9059480549451537,30.0,34.66702413246441,210.0,7915.887244499998
477,19363.022076,1,-0.8589392205209455,120.0,301.3794775976368,5.0,48.11726843154305,4.275065973300967,53.78632953550436,26.24382563419673,206.63463185780657,7932.709486600001
478,19379.767977,1,-0.9989144932676345,106.73960960639192,291.86840503187216,7.8551240077741395,40.164309694973696,3.8929866735247067,30.00065318943919,36.18673443712173,210.0,7949.455387599999
479,19395.9752446,1,0.987384235492398,107.73604069959362,290.8594349903446,7.823360027956907,40.16799423382238,3.972310129901202,30.0,37.404250710432194,210.0,7965.662655199998
480,19413.1944287,1,-0.9952403880961685,107.7427284174626,299.2158112829725,7.595924942598798,39.5408282725509,3.964480381375836,30.0,37.01677458848899,210.0,7982.8818393
481,19430.0640808,1,-0.9995319411806965,107.31253250873932,291.86496231281734,7.81872453740535,40.298568174885254,3.982077221337188,30.000036065958923,35.08194684845762,209.99950442582661,7999.7514913999985
482,19447.1450116,1,-0.8122894896740435,96.7134003267524,235.35921907876877,5.204575924200576,37.115921734981555,3.9587972905342106,61.12327387720714,11.842873694667148,210.0,8016.832422200001
483,19463.6008775,1,-1.0000155821713808,108.22274457864222,296.22261201164906,7.7509936787920815,39.42560084598189,4.0839325762843455,30.00007072903638,35.43579289174476,210.0,8033.2882881000005
484,19480.3573694,1,-0.9959834610072487,107.97198537853538,292.03696927556274,7.670435097675133,40.20042242942364,3.58839125464756,30.0,42.71855750241957,210.0,8050.04478
485,19496.4658872,1,0.9939326518202842,100.23221565166915,279.6022633618602,7.4588463845807995,42.43842168869728,2.800216590183468,30.0,90.0,205.8495385221713,8066.1532978
486,19512.376003,1,0.9902674608425066,107.69119606647507,294.7031808270595,7.915260967757523,41.112543042170515,3.9212657432576297,30.0,39.832134929315245,210.0,8082.063413600001
487,19527.9864165,1,0.9920913043631058,106.19001878743856,293.2843709664828,8.644043676427447,38.57138969539466,3.828881412332079,30.0,35.43846329785653,210.0,8097.6738270999995
488,19545.1564306,1,-0.9988222723743315,106.78413527045754,294.92900686593947,7.805723671908004,39.36838011628814,3.822346286623059,30.0,36.159800259166836,210.0,8114.8438412
489,19561.0279334,1,0.9827520564785432,109.0810738952125,272.11904764246225,8.052978561887569,39.10736609932016,4.749681784302297,30.0,44.327964956634716,210.0,8130.715344
490,19577.2027579,1,0.9829718571294559,106.54863304778675,283.5514392568184,7.060385185704753,43.128096319276196,2.9291044363154963,30.0,30.977272674889964,210.0,8146.890168499998
491,19593.738397,1,-0.9997908680881268,108.09069584786982,296.3901101465517,7.758262660006152,39.592615421308324,3.948333933367582,30.000240640310068,36.27734601347543,209.9997595156173,8163.425807600001
492,19609.7680033,1,0.9858868168538063,109.79183934460377,295.70338888583865,7.9143341186459555,37.63971097406832,4.191770736989261,30.0,31.036230765459962,210.0,8179.455413899999
493,19626.2228375,1,0.9722756294067909,112.21448633161609,284.87487876731086,7.403528756924752,37.51101553402033,1.81272671301488,30.0,29.41529498800191,210.0,8195.9102481
494,19642.4091402,1,0.98245280232282,106.36899256367249,285.74391862362086,12.959844385248466,29.709182067697427,1.0,30.0,71.19255261202211,200.78551998621356,8212.0965508
495,19658.1494754,1,0.9881604566800383,107.93119986435755,294.67412059608466,7.8992519186165655,39.61439093838233,3.965603234984556,30.0,36.034345102565446,210.0,8227.836886000001
496,19673.8580349,1,0.9891845848395339,110.07599515424536,299.1769360773727,7.913370872770017,39.68291134343511,3.951102680167966,30.0,34.21051750601843,210.0,8243.5454455
497,19690.7773297,1,-0.8983320593285447,116.2170936161504,275.94368696278394,5.989412432831853,38.846141695249706,3.9675934090171756,33.41194781275594,26.97285157973,208.33537070348103,8260.464740299998
498,19707.7722894,1,0.9881237767963263,107.52266293661248,293.0757433545214,7.888085675075067,39.69306360259,3.9426352034596954,30.001446579143035,34.484032035053,210.0,8277.4597
499,19724.7251089,1,-1.0005894353185714,107.58584098211267,292.6340378496202,7.831897654025252,39.9092867059459,3.986964736559204,30.0,35.4312581030876,209.9998075219159,8294.412519499998
500,19741.494284,1,-1.000882129060835,107.92211777240297,300.6176619544491,7.77339260856815,39.60527969337416,4.041667432298935,30.0,35.9488587864853,210.0,8311.1816946
501,19757.373092,1,0.9875253320162507,108.40863525481265,292.1659733072427,7.81189465650903,39.932323436617544,3.99225138701978,30.000246789513483,34.38638338056264,209.99913130397107,8327.060502600001
502,19774.2367742,1,-0.8167362973986642,94.29014094604887,210.11533976618423,5.438317032289584,38.12165526394399,3.9605157162595823,59.5905715282088,16.77799492536428,210.0,8343.924184799998
503,19789.9316047,1,0.988206738848886,108.65334701890643,297.26810538443385,7.8166380332425005,39.61064390538748,4.093511212300269,30.00173975304085,35.19010762187328,210.0,8359.619015299999
504,19808.3297744,1,-0.9949453814960207,107.22052835071725,293.42447098579225,7.472971518437488,40.386883402605434,4.142063485560504,30.0,40.49677170953797,210.0,8378.017185
505,19825.8107607,1,-0.7959737135356046,110.52157107717429,298.91320467849687,5.0,36.50103571496625,4.085265870491005,30.0,50.55349549570458,206.5915997224101,8395.498171299998
506,19843.0699725,1,-0.9998318667163115,107.59985573402855,291.5121595265195,7.813400465911536,40.31558082272575,3.988904619975179,30.0,39.30789716048102,210.0,8412.7573831
507,19859.2702367,1,0.9931366471314538,108.67902207556115,296.2182953330826,8.627451553055813,38.93590463788048,3.986016225199344,30.0,34.22971132093343,210.0,8428.957647299998
508,19877.0543557,1,-0.9956630399596376,104.997185455627,294.13811117065325,7.758737844167147,38.65270915886471,3.938648920051211,30.0,36.23172449172372,210.0,8446.741766299998
509,19892.9273305,1,0.9836299041973179,108.35106787340213,275.9684592044794,7.897397510882535,39.67487072063336,4.112377430582318,30.0,36.27111792737445,210.0,8462.614741099998
510,19908.8630843,1,0.9729367516165304,103.37272443000344,257.0965637741864,7.279223627317543,40.91732350744477,1.8005232069863109,30.0,26.496170382286106,210.0,8478.550494899999
511,19924.7223076,1,0.9880333574627177,107.94834129428186,294.6305840080308,7.887149918748262,39.549065309501664,4.041569819593704,30.0,36.12930861913752,210.0,8494.4097182
512,19940.6604694,1,0.9829876069668914,110.5192501822485,293.79286973596584,7.662693655221422,37.89341124214271,4.16028523708243,30.0,33.285311476913634,210.0,8510.347880000001
513,19956.7008375,1,0.9756679571879628,111.44968768560611,285.6162325045016,8.099259583357703,38.67424905591097,1.3616897353283672,30.0,33.154386850322105,210.0,8526.3882481
514,19972.5209903,1,0.9787457458571992,106.96375594497947,290.7064375027734,11.644621261808389,29.946894001568168,1.0,30.0,67.13052590306985,201.8770501996504,8542.2084009
515,19989.2470569,1,-1.0013163172846586,107.96604496310135,294.79944419151985,7.840522181967614,39.49050921291378,3.9770918630824386,30.000861005266472,37.23601042859739,210.0,8558.9344675
516,20005.3374892,1,0.9867595865429049,109.39082779159097,294.78804125464893,7.839281000790525,39.116207221795776,3.9764997901517254,30.0,34.31912078763967,210.0,8575.024899799999
517,20020.5590843,1,0.9780182714517144,105.51733620799976,276.2089701746824,8.180867568289624,34.45537269735451,3.7989842278011983,30.0,30.808913527955433,209.7898056111751,8590.246494899999
518,20036.8249043,1,0.9882929539074221,108.01175023056099,293.58411072102257,7.904842093828462,39.6383657730311,3.987124769202472,30.00182516372152,34.142843226392436,210.0,8606.5123149
519,20052.7526051,1,0.9390918577029826,116.61339156184096,360.0,5.0,25.86983022002731,5.996241107261002,30.0,3.631995357678484,210.0,8622.440015699998
520,20068.6589908,1,0.9892325634826796,108.06119722283675,298.068253728173,7.92394256761851,39.565393030483094,4.0334260036534255,30.0,35.64084401506684,210.0,8638.346401399998
521,20084.3222938,1,0.9867693320801061,108.62099361163462,292.926218366655,7.8290496559651706,39.46778805316942,3.9883200176120392,30.0,35.970312209367634,209.99949640199614,8654.0097044
522,20100.4991813,1,0.9325462088964388,102.98789585790315,246.68269498225882,7.337122452585822,39.123988768558014,3.971674008072797,57.89445414640325,35.233959871206046,210.0,8670.186591900001
523,20116.4274648,1,0.9881568234437197,108.63632660010244,296.1805970995524,7.871759142994651,39.69376046862249,4.005355868698865,30.00130972318877,37.05482291863464,210.0,8686.114875399999
524,20133.6812182,1,-0.9999735508162941,107.49965804711218,294.6158573316394,7.68425563582218,39.65965693431849,4.391807877099694,30.0,39.16340085800071,210.0,8703.368628799999
525,20150.9529476,1,-0.7627035639353069,114.36728789273832,309.4824806586216,5.0,34.11021126728697,4.703685954313763,30.0,18.417453922754333,207.7622323989578,8720.640358199998
526,20167.7189165,1,-0.9991160406966121,107.7544128958721,291.7257892056767,7.769688277671896,39.127466450175504,4.016967659268899,30.0,38.26913990547857,210.0,8737.406327100001
527,20183.0834662,1,0.9928594846680581,109.51642673375638,296.7679045858255,8.512159780086515,39.4309438097562,4.066040568538853,30.0,36.190766759945355,210.0,8752.770876800001
528,20199.7272096,1,-0.9970743474031346,105.28259212580171,293.75490913349245,7.779553686606348,38.63796229297407,4.033929400218641,30.0,37.16929259403437,210.0,8769.414620200001
529,20215.3632087,1,0.985023260320094,107.59430937739958,283.0131048313599,7.76726090653925,39.835677779410844,3.7561215016069522,30.0,32.0611120342032,210.0,8785.0506193
530,20231.4069192,1,0.9751465789038563,102.08594405326625,245.9379435679931,7.950401704321488,38.6294717861354,2.496785807938773,30.0,24.479175015280745,210.0,8801.094329799998
531,20246.6100792,1,0.9882533358217538,107.88047363249893,293.69808688339793,7.954631553741835,39.50040237169772,4.075204082259851,30.0,36.81421973073439,210.0,8816.2974898
532,20262.4176983,1,0.9835887395213246,110.44315351038031,293.3666214035947,7.691844691707546,38.54580525365418,4.011332700823092,30.0,36.49151735076864,210.0,8832.1051089
533,20278.4857557,1,0.9829066002112381,108.50543388463532,293.661825266256,8.36235622780909,40.0083596250361,1.5418962945792338,30.0,36.88283789666154,210.0,8848.1731663
534,20294.2915455,1,0.9708040938829411,107.65091144809057,296.96180351472594,8.577875207316625,30.861308918955103,1.7028327428192531,30.0,55.77989894560311,203.24370137509626,8863.9789561
535,20310.5789142,1,1.0537637783013598,54.25220051730685,344.0410379341367,11.669235811588234,47.375616987508465,2.7724714050837536,30.0,0.0,185.7396119896814,8880.266324799999
536,20326.740063,1,0.9857727991751442,107.86325707304803,292.3804588600097,7.799656756473639,38.84307671458905,3.9906104089749093,30.0,34.425713943699726,210.0,8896.4274736
537,20342.6671536,1,0.996132236071706,100.77826553168715,294.35407307473105,9.377685821262268,37.02462649373906,3.8801360120327906,30.0,34.71860963364326,210.0,8912.354564199999
538,20358.9165659,1,0.9880368004934489,108.24382996880159,294.35109695077074,7.884026185212054,39.52913056081938,4.01099506258405,30.00137282558815,34.522403429810645,210.0,8928.603976499999
539,20376.011033,1,-0.5237815166715432,118.60124897306338,337.32087380615815,5.0,20.32284796150335,5.898901730444493,30.0,0.0,210.0,8945.698443599998
540,20392.493418,1,0.9887259015503046,108.06564407999228,294.0508812360623,8.001507555552653,39.52795165274655,4.028840974890424,30.0,36.293325879341005,210.0,8962.180828599998
541,20408.3665355,1,0.9866726992981486,108.5122055474881,294.8220591794786,7.841519692552414,39.219042236841574,3.9756927770186596,30.0,37.76257736720421,210.0,8978.0539461
542,20424.2613294,1,0.9830813997575901,112.53994371625538,279.59706149545553,8.449734565798828,39.788349803629,3.9804650904341425,32.682216133493384,47.33227987183032,210.0,8993.94874
543,20439.9874557,1,0.9876675658298556,108.42961900314131,294.5070299893802,7.884579738246284,39.69352010750974,3.934643167810693,30.00051577125099,38.1945742970028,210.0,9009.6748663
544,20455.7507866,1,0.988052192958952,108.05718406954423,295.41931507528875,7.9545319850372485,39.12717714414437,4.126409316620199,30.0,36.94219535369767,210.0,9025.438197200001
545,20472.3639678,1,-0.7518681139705267,115.33039667557401,313.4268069737382,5.0,33.24073788356968,4.468408133592764,30.0,16.281587827494555,209.44125610570242,9042.0513784
546,20489.7813283,1,-0.9986140004014111,108.03261536804516,293.2901157050853,7.780580592244407,38.77310643965616,4.026862053390012,30.0,36.8661337244216,210.0,9059.4687389
547,20505.6501976,1,0.9922000664306732,108.68899726583234,295.1599750110837,8.403973205123387,39.74583608399382,4.109086928419137,30.0,38.091825239461905,210.0,9075.3376082
548,20522.6416614,1,-1.000528337688552,106.62068534049621,294.5851078569318,7.838185108331942,38.853141950250794,4.060189353649659,30.0,37.74758625683694,210.0,9092.329072
549,20539.3124932,1,-0.9952557739154185,107.20277319436562,296.2081150317287,7.7000831413697,39.738597175252906,3.658033358395966,30.0,31.443170577713172,210.0,9108.999903799999
550,20555.1224368,1,0.9830525501689998,103.52407693958187,269.7733749351567,8.286869610154675,37.659529290961714,3.121392439144487,30.0,26.714213175299857,210.0,9124.8098474
551,20570.7333084,1,0.9876743515060601,107.8918152971562,293.863480431546,7.9023245946050995,39.46384267607251,4.046194878812865,30.0,37.43116250793936,210.0,9140.420718999998
552,20587.0371322,1,0.9860246971132205,108.73732273907152,294.15620003926335,7.722021207822511,39.69465181429101,3.9115116689878136,30.0,38.736700273373174,210.0,9156.724542799999
553,20603.3595645,1,0.991750101105096,106.50074535953021,298.82031017561513,8.276490134582126,40.57656065792489,3.0071621743444084,30.0,39.06117780647074,210.0,9173.046975099998
554,20619.6141762,1,0.9628575047605139,108.32370343116554,299.3907542797483,6.305025223458781,36.60755185587582,2.4109932347165275,30.0,45.51904631840106,206.06172095939306,9189.3015868
555,20636.4549871,1,-0.29966074137483695,32.52631150056475,323.5029167957385,13.21290413497347,50.0,6.907546145881339,55.62383170236718,55.90872374074202,210.0,9206.142397700001
556,20653.5437667,1,-0.999181298105625,107.03768002547537,292.8317693109511,7.782257934543177,39.17902370033828,3.9961439258522606,30.0,37.29156672550393,210.0,9223.2311773
557,20670.6343109,1,-0.9712851726638753,102.76102770485743,304.477914444579,8.7917336938625,39.59781930421237,3.930440523785258,30.0,38.75853799996155,210.0,9240.3217215
558,20686.3263499,1,0.9877849751931118,108.1910088281572,294.78698831545427,7.865778236158849,39.46568216229203,4.011764872614934,30.00065876525136,35.21706315689261,210.0,9256.013760499998
559,20703.2463092,1,-0.7287322058817869,114.37815051909865,322.08166008024074,5.3202579650218835,29.140733718490775,5.610734844686628,30.0,11.721733280829213,210.0,9272.9337198
560,20718.850351,1,0.9878296168640067,107.62257439843373,292.259331556505,8.010129414501286,39.196790120798944,4.029638478192998,30.0,36.9353021456534,210.0,9288.5377616
561,20736.2054049,1,-1.001075025154021,107.73876351149009,295.68215435949395,7.845033125963864,39.04553812707566,3.983450604739099,30.0,38.73666799239607,210.0,9305.8928155
562,20751.8070284,1,0.9931557106604028,114.397933840755,300.1221360332108,8.58605122003798,40.0281401007077,4.0314638611229014,30.0,44.60454119502394,210.0,9321.494438999998
563,20768.9449967,1,-0.9997100773097612,106.51990362602947,293.62268281940914,7.8569408369105025,38.89926505819821,3.8964369257669316,30.0001813161211,38.733758842262425,209.99983221045494,9338.6324073
564,20785.243793,1,0.9879841487366892,107.69558347373024,295.42329134870437,8.041299208891532,38.71981444061295,3.9458167983337242,30.0,36.3613818843674,210.0,9354.931203600001
565,20802.2233126,1,-0.808190418198017,110.9637995965098,305.7181106636423,5.417046612172266,33.468038949960466,4.256421868814938,30.0,31.50735885476473,210.0,9371.910723199999
566,20818.850468,1,-0.9995902395361945,107.51312143666306,294.46880803808654,7.821400898020823,38.62695353349601,4.061337649467269,30.0,36.1179727104666,210.0,9388.5378786
567,20836.1428344,1,-1.0028490788587232,106.44071250538548,293.95684573890657,7.935400170658778,39.366348074217484,4.131014298700492,30.0,39.02629460974837,210.0,9405.830245000001
568,20853.538511,1,-0.8752773962196894,102.7642299855393,301.16027952683436,5.0,50.0,3.7360741956085075,41.70805436816967,62.80308203492504,210.0,9423.225921599998
569,20870.7429227,1,-0.9964082802632062,106.7917310386852,302.3766142551486,7.6882530212036615,39.633926971674796,3.767490402423661,30.0,33.86356317783763,210.0,9440.430333299999
570,20888.0427829,1,-1.001144613895822,104.81232159420213,293.73175167662,8.130991895030938,37.78685314252363,3.8351621152092963,30.0,35.01197805087122,210.0,9457.7301935
571,20905.0930293,1,-1.000728793418583,107.37131639904449,294.5103037527123,7.814043358472664,39.25391587046391,4.040259106007369,30.0,37.89734603257453,210.0,9474.780439899998
572,20922.125612,1,-0.9992454993131114,107.70877569475525,294.8771504011285,7.7391547119745425,39.505121289366144,3.935132196007479,30.0,39.44859969211895,210.0,9491.8130226
573,20939.2804229,1,-1.0006742253687262,105.41324174518806,297.77249842200285,7.914352872725941,39.7941964506886,3.9419217900588235,30.0,40.11280418135404,210.0,9508.967833499999
574,20956.7088496,1,-0.8759225003145887,108.10147272700954,296.2249980323914,5.594914648456755,39.8164160716814,4.368916256448016,30.0,35.45691010610907,209.96052050476078,9526.3962602
575,20972.9352694,1,-0.2835927802143491,23.98404542859253,295.6078236993953,13.263043385793052,48.468654710874915,6.6790027508106,54.6368877518269,75.78412238110207,210.0,9542.62268
576,20989.3560879,1,-1.0002615422121794,106.5436951500709,293.1032981012135,7.814675427407879,39.20579092196864,4.040795087394386,30.0,39.10742284702823,210.0,9559.0434985
577,21005.9002735,1,-1.0017694877013328,106.88018514069665,307.41293669940563,8.000824162105458,40.411535555069634,3.9786156053608357,30.0,40.330410975875154,210.0,9575.587684099999
578,21023.4312351,1,-1.0012674639358305,107.27759394021487,294.8887341232721,7.839021901798203,39.23177748663918,4.047720734623015,30.00070071395453,37.76326492065785,209.99994737513154,9593.1186457
579,21040.4254632,1,-0.8762055074116761,104.51675552684964,309.13244479234544,6.03123605385422,35.63121191462599,4.2938420994455,30.0,33.240942600209436,210.0,9610.1128738
580,21056.4002708,1,0.987803439083075,107.28421071676462,292.49857171581806,8.013498233834738,39.130297536373014,4.093641720329526,30.0,38.36470628558365,210.0,9626.0876814
581,21073.1603157,1,-1.002157903174727,107.28452256376723,295.2890987221378,7.858980681366779,39.25511408690991,4.09728684151683,30.0,39.32952284867744,210.0,9642.847726299999
582,21089.8680771,1,0.9940275732864179,110.62743069079006,309.499028396697,8.227205398193536,39.814224823700066,4.110693413631399,30.0,37.75724886047383,210.0,9659.5554877
583,21106.8200208,1,-0.9994155915383579,105.46350026262536,293.3765315015862,7.857777145904199,38.509159760533564,4.100773287393987,30.0000871224167,39.0893365572898,210.0,9676.507431400001
584,21123.0090503,1,0.9878103540798515,107.41165934417731,294.6718132838802,8.015567459451479,38.84617574696101,3.981861747188602,30.0,37.26568206967137,210.0,9692.696460899999
585,21139.5478131,1,-0.9663406625446166,106.16190078603093,296.5605239102441,7.180724247913367,37.704685393602745,4.032919133052134,30.0,40.14553659833883,210.0,9709.235223700001
586,21156.2302601,1,-1.0009918026537388,106.77323370109781,294.96591792777804,7.884026327303556,38.67376088153446,4.090853437711694,30.0,36.513291790870724,210.0,9725.9176707
587,21172.3918763,1,0.9612744756643218,120.0,319.60669620124935,15.053217026372701,17.306029213124003,1.0,34.31008824309305,79.75343326737863,210.0,9742.0792869
588,21188.9679943,1,-0.909696434929417,100.84086786950135,304.41545376285916,5.43737884506818,50.0,3.7001719057920592,39.03165344947895,70.19694312075704,210.0,9758.6554049
589,21205.8298547,1,-1.0007854258835618,106.48297271069936,299.5418829444214,7.890604400285806,39.4769026089681,3.913596720758034,30.0,35.23701874177965,210.0,9775.5172653
590,21222.4374027,1,-1.0037483547591055,106.20416251513703,307.10264994684667,7.907999376605807,38.18562053677213,4.316796585485436,30.0,40.44568475489986,210.0,9792.1248133
591,21238.4579963,1,-1.0014716592438049,106.86630006871277,294.84573798379006,7.848349555172885,39.145889650936795,4.098882291230373,30.0,38.400595399580716,210.0,9808.1454069
592,21255.3187567,1,-1.0030245681282433,107.11235779736523,294.9957361153342,7.940674162730941,39.306798593210715,4.100924521824885,30.0,39.52799113256243,210.0,9825.006167299998
593,21271.9373517,1,-0.9995019502385677,105.12944278083194,296.42737814976226,7.728096814373702,39.27707771910954,4.571023264792872,30.0,40.34461210755717,210.0,9841.624762299998
594,21288.786616,1,-0.9935632899523625,107.31042898179601,294.37118218213135,7.408407069211501,41.378867312425605,5.240442207406641,30.0,32.517953262337585,210.0,9858.4740266
595,21305.8717509,1,-0.6552744648271412,23.28619486841489,280.0481869737281,9.935546242459658,44.636042549468655,4.068094706261619,38.03242699878153,70.72026714426545,210.0,9875.559161500001
596,21323.1180718,1,-1.0026943330843945,106.199343061402,293.9762076918524,7.938571248039244,39.23687407980729,4.065705437134806,30.0,40.097467327647486,210.0,9892.8054824
597,21340.7213822,1,-0.9999515633944502,109.02068992486552,308.863717779732,7.554752303328128,40.35972347190007,4.043295627788876,30.0,39.93803986369686,210.0,9910.4087928
598,21357.3574377,1,-1.0021112908892678,106.17193984287454,294.8053518408499,7.895579274776486,39.18341932547186,4.082221798427587,30.0,40.16721539176472,209.99979196254395,9927.0448483
599,21374.3667572,1,-0.9787338947015412,99.54677105271466,301.7739167641689,7.471319810759256,39.25982285946814,3.422948886085983,30.0,45.372267580874016,210.0,9944.0541678
600,21391.0819644,1,-1.0075091845430342,107.05566810052167,306.7714010642386,8.01116577407121,38.73412895029889,4.2336134436584665,30.0,39.507515721536066,210.0,9960.769375
601,21407.8735673,1,-1.0020627034338436,106.36109951475356,297.8703732038147,7.910851672190548,38.49380552087529,4.1838437718147,30.0,39.68682842832165,210.0,9977.5609779
602,21424.3462499,1,-1.0062881126301948,105.94036682529105,314.22012959422534,7.915818814187945,39.5361980115816,4.218707080697429,30.0,36.44771487908163,210.0,9994.033660500001
603,21441.3004303,1,-1.0026668067239934,105.3985895783851,306.05486314642974,7.881975677838315,38.25894211816502,4.409008697545213,30.0,40.174278444046074,210.0,10010.987840900001
604,21457.8411377,1,-1.0055748667521165,106.90851075675644,304.42768766392135,7.965235981726128,38.67182577798921,4.21879559901859,30.0,38.2050386161617,210.0,10027.5285483
605,21474.8246124,1,-0.9670620015819367,103.55050890735879,294.46401073217027,8.597526229602737,40.429640251206386,3.93659328648301,30.0,45.11872245587943,210.0,10044.512023
606,21491.7014917,1,-1.0041419638136133,106.06454530025678,303.14434060142594,7.922086554244007,38.66843452971907,4.256191419977241,30.0,40.474914494232806,209.99999380762054,10061.388902300001
607,21507.6478299,1,0.9134693164800263,120.0,332.48977050385,12.051194702141895,12.354298698067861,1.0,33.82751382439547,66.20179262842571,210.0,10077.3352405
608,21524.3222955,1,-0.9625996514487729,100.93155503231583,306.27154544964867,7.109394207439292,48.315160119376785,4.2124585377170245,31.22796882139548,46.74854847117564,210.0,10094.009706099998
609,21541.0873371,1,-1.0047189795759297,106.3008942292364,301.66271043702403,8.005112147630378,38.78321537167183,4.111175669347201,30.0,37.65301185306562,210.0,10110.774747700001
610,21557.6781108,1,-0.08519009436540327,53.6340232206485,254.5963426521894,14.508963112393863,50.0,3.534707994745289,51.06422959875809,18.5704343572289,196.1695327474898,10127.3655214
611,21574.6373083,1,-1.0012915614247964,106.34853140840372,295.91333351186256,7.889627543703621,38.28658251156637,4.347105964146646,30.0,39.64226924196805,210.0,10144.3247189
612,21594.816873,1,-1.0063757717660706,106.72890404956033,302.63061320783413,8.031883629684472,38.61565833691241,4.266367116428959,30.0,40.00916376376911,210.0,10164.5042836
613,21611.9000586,1,-0.9971406779818694,105.53736955030624,302.98646523442153,7.716358923816728,38.42516476823718,4.837184349137453,30.0,40.501279290407055,210.0,10181.5874692
614,21628.3803701,1,0.9982964578411696,106.60749900971848,301.7564364975809,8.86144053161022,39.31210372997926,4.8405965950862635,30.0,35.6039258207401,210.0,10198.0677807
615,21644.2442183,1,0.9780675640836317,49.03530733339341,277.10213873657074,6.459407996261601,37.52356537775132,2.6482453265551698,30.0,67.13736971606568,210.0,10213.931628899998
616,21660.9335593,1,-1.0034898985116742,106.0105779234209,299.10497955338155,7.976559061318611,38.66215676050926,4.132230729296241,30.0,40.64462854188977,210.0,10230.6209699
617,21677.6304085,1,-0.9981025564712681,108.94703858045528,309.03708160849715,7.572535475339039,39.28917697539086,4.332848100320296,30.0,39.826748126951664,210.0,10247.3178191
618,21695.1176424,1,-1.0048741219943607,105.58297805190301,306.18519475654807,7.936236594773394,38.43386620088552,4.327038357014146,30.0,41.573500033544235,209.9997690618544,10264.805053
619,21712.0367971,1,-0.9634520436148023,99.02925226360128,299.12216282260994,8.477411179131199,40.71522329415085,3.3889259579857796,30.0,50.94287583990686,210.0,10281.724207700001
620,21729.7530414,1,-1.0075091845430342,107.05566810052167,306.7714010642386,8.01116577407121,38.73412895029889,4.2336134436584665,30.0,39.507515721536066,210.0,10299.440451999999
