iteration,timestamp,success,NPV_over_CAPEX,annual_carbon_offset,clearance,sp,p_rated,Nwt,wind_MW_per_km2,solar_MW,surface_tilt,surface_azimuth,b_P,b_E_h,time_sec
0,158148.5316722,1,0.5724922826287856,-42690.309158411,25.35455684541877,280.8354612820835,10.396686843162751,32.72864275116916,1.056380402401246,183.77794401065918,4.727989183585855,178.91969300710423,107.33802758484903,35.131906837258136,0.0
1,158155.6340461,1,-2.028320668116608,-390300.0746733594,36.09610190093926,238.53903316750763,14.225805201015547,44.979727241983014,6.1186871699118175,52.61189558842038,50.770424174774405,186.7897015611046,31.384277158030645,4.955712426856126,7.102373899979284
2,158162.8925175,1,0.8568740874778589,-26980.843108805297,44.487380225642795,258.4016796861044,15.40761145448451,48.98488796761339,2.4731933404100266,131.84267537969237,73.83643873510489,159.93480817902443,113.2764214430458,32.54806079494296,14.360845299990615
3,158171.7827723,1,0.7283306453208318,-24035.604787774733,118.35766132644851,346.1831947047835,12.479485945007717,31.165174650269112,2.7663142125826115,139.60818915088197,86.6129219847668,154.34840693701864,192.79201305683165,10.028996453189208,23.2511000999948
4,158191.0267791,1,-1.956682100558813,-110039.47819752025,98.09841412613918,314.5770548106311,6.898275687176946,11.171326168479975,8.534153316919586,154.10356933297186,42.456543541629586,155.60590337771006,78.92773361640106,18.4333158019475,42.495106899994425
5,158208.0550566,1,0.08408096679615766,-45754.088081513444,118.82953497002221,252.98564362146362,7.482619903061575,20.640983508599447,3.9846269528411753,181.9599184319223,81.20637383482246,207.12423989313183,86.64471929515857,9.519997717600067,59.52338439997402
6,158224.7396641,1,-2.411174530837836,-357043.90235987393,39.65969024560195,354.658355031072,9.783088474516138,46.98365184605596,5.690176276978849,49.433931619138114,43.01217886913333,153.0786142098468,170.96996410450143,27.805784002072482,76.2079918999807
7,158239.4084258,1,0.5209393407208168,-17700.84861960989,61.775251132255846,245.72566317058912,14.934808179024428,6.673467136742891,9.841252292027082,63.915425765121405,31.163701709708157,188.74900427121003,68.56512964498867,29.084134664123518,90.87675359999412
8,158256.5066229,1,0.6540949326724363,-29328.78633025092,105.51676309438652,327.2530713261464,10.473036071253789,28.551566347750633,1.1660943653025304,131.11130832931622,50.90961197793438,150.89533977960855,141.52275871207524,23.095725124369288,107.97495069997967
9,158272.4639807,1,-2.048899927215299,-237307.80824870378,63.28979714132979,203.38611393912498,6.81850407936085,27.779015563895907,3.971895154045,103.15460361754464,41.78080504891511,155.99714537564944,173.85802049785008,23.098665696721273,123.93230849999236
10,158287.5137599,1,0.4038913156929062,-31783.33553327547,23.80236223901508,271.6183976173334,5.863550330951032,36.68647642227998,2.089226789824738,121.09085806377452,72.05750299084671,199.4525562144651,76.37065175077291,14.767940962904815,138.98208769998746
11,158305.0030674,1,-2.8698365775971606,-364305.79769089597,47.0293756028632,349.943733636062,15.426830048590276,33.03034074153847,8.066627617622267,190.72675616019373,17.787506370931723,175.60618170954675,36.34570994452971,27.403098793898497,156.4713951999729
12,158320.6456484,1,0.7513730436257602,-16727.763084957543,51.575674318027865,231.44695300594688,9.623052968407922,29.11080908662989,1.2076220448459278,68.79661336797257,86.23589622958661,204.96977758349226,100.3759020083098,18.35908896568702,172.1139761999948
13,158336.2143048,1,0.8782938487589372,-12483.83917909031,67.42594902979064,253.22343205587305,19.560452069205382,21.20678740171036,9.380672872512225,47.03564773334078,66.77753494444579,194.29123767951907,33.140616077610176,18.296803921364866,187.6826325999864
14,158350.9315129,1,0.6474127025057277,-45519.76764409631,25.278192616639664,324.5771050288666,13.76475406396213,44.61578291308849,1.9584282309974306,170.18535849150174,73.17270666571757,208.22427530302136,75.28546218398144,11.275809699909379,202.39984069997445
15,158366.4680522,1,-2.3991769235269556,-140144.68715821658,65.66599966806817,229.40631411241912,11.123509874128356,10.924470913792817,6.43079744439109,49.544650909051654,7.81858957047389,170.6395853607595,54.17107834625025,19.682279834680088,217.9363799999992
16,158382.3788183,1,0.8141994942098515,-14635.72757898036,16.45329427893447,213.7635160931894,8.60250297276356,45.58892130192494,2.77964224432738,56.95204289514518,9.972455907768879,194.55274377126665,142.1639877324967,8.349943035723014,233.84714609998628
17,158399.2303095,1,0.2788684151220266,-43182.55311914805,52.306977417483964,273.01841708406766,18.330555120415234,11.481419082708873,2.74754091174234,164.01260899536388,15.8893759828619,205.94242915289925,183.45810464027562,9.088317590910517,250.69863729999634
18,158416.9979759,1,-0.8572405420204842,-117536.65224615952,77.56018889699124,316.21178169264584,5.163708569575781,20.30887718390831,4.924288958559149,45.72152953471142,6.184869811382425,159.74476824009795,159.0760002671496,39.618566568658736,268.4663036999991
19,158434.0151252,1,-0.043356548387473604,-46956.013923633975,119.93695690700045,209.5197558276093,19.28257507491626,5.563605049099004,7.1427479803826195,174.4035997623219,62.60519366128137,194.1791517738395,184.2177463851018,5.307170481535078,285.48345299999346
20,158449.7168252,1,0.06952197370277922,-29832.152247090224,80.01295972349027,206.08492306699227,10.98561312864215,7.734365136248577,9.026839063088113,107.76919069600913,35.75880782731546,197.48745830651268,50.13016971663883,4.809602173389696,301.18515299999854
21,158467.6053614,1,-3.9842453009908168,-316992.5060462861,36.09610190093926,241.98941850029559,7.095930947381356,44.979727241983014,6.244995291517216,52.61189558842038,50.770424174774405,154.04823181227007,31.384277158030645,4.955712426856126,319.0736891999841
22,158483.4580208,1,0.14922385906532845,-42367.19005892069,97.28455492708359,311.1271052849026,14.029745664303988,11.171326168479975,8.180185450383316,154.10356933297186,42.456543541629586,188.48028835484308,78.92773361640106,18.4333158019475,334.9263485999836
23,158499.6441458,1,-1.882234950352229,-107036.25022552536,98.09841412613918,315.96535607139697,6.898275687176946,11.171326168479975,8.534153316919586,154.10356933297186,62.599198728394384,155.60590337771006,78.92773361640106,18.4333158019475,351.11247359999106
24,158514.5096089,1,-0.0869481102856544,-48903.15654513025,119.93695690700045,208.73760733645454,19.28257507491626,5.496919324174488,7.1427479803826195,174.4035997623219,42.46253823748252,194.1791517738395,183.9915677731499,5.307170481535078,365.97793669998646
25,158530.0759768,1,0.36495354672387287,-42721.13209511638,51.575674318027865,273.8044243449641,8.730642482096442,30.302552149974474,1.206839967665362,164.50638641147714,77.5770373900224,204.96977758349226,186.2917744324365,7.586940048685168,381.5443045999855
26,158546.1983633,1,0.7009069441056911,-19282.599207414332,52.306977417483964,230.66102376834704,18.330555120415234,13.705145635850915,2.74754091174234,68.30114417351425,24.13503150991575,205.94242915289925,97.37843084125515,19.863927678269686,397.666691099992
27,158564.6609929,1,-2.242481913191915,-378762.3687565631,104.65414538887856,345.94249366797777,9.783088474516138,46.98365184605596,5.690176276978849,129.20558344092046,49.886862980551584,152.9581733196525,170.96996410450143,27.805784002072482,416.1293206999835
28,158582.3193024,1,0.8031528917964224,-11820.181161983985,40.4969891823162,327.2530713261464,10.472916455536609,25.15385236969772,1.1660943653025304,51.364154854086294,50.90961197793438,151.0158414498,139.70927241541952,23.095725124369288,433.7876301999786
29,158599.6756548,1,-0.863906927830888,-118462.99384968335,77.56018889699124,306.7010561582769,5.274429120795789,20.30887718390831,7.082645963824937,41.179817961066036,8.22719993285542,159.48128964592323,159.0760002671496,39.618566568658736,451.14398259998416
30,158617.2425383,1,-0.04449759543119699,-47372.46581256249,119.93695690700045,209.5197558276093,19.378104476318498,5.563605049099004,4.959053517390823,174.4035997623219,60.7008754118733,194.44963931905008,183.39120057284643,5.307170481535078,468.7108660999802
31,158634.4153955,1,-2.4102458818051296,-400754.5809393152,25.278192616639664,324.5771050288666,13.76475406396213,44.61578291308849,4.993290358950757,170.18535849150174,12.353715110558603,209.40538045290998,177.6968310414608,11.275809699909379,485.88372329997947
32,158649.2883532,1,0.7212499352459733,-9913.224362753655,77.56018889699124,316.21178169264584,5.163708569575781,20.30887718390831,1.890098438778634,48.32906821097425,74.15938456690068,159.01089625887425,72.71666614824076,39.618566568658736,500.75668099999893
33,158668.5444079,1,0.6347669070239578,-29693.195582966662,118.35766132644851,346.7230787781876,12.479485945007717,31.165174650269112,6.81534247213791,139.15527550170557,86.6129219847668,182.97642769369006,192.79201305683165,8.737123867108371,520.0127356999728
34,158685.4787661,1,0.6317627424562733,-43906.89222122669,47.0293756028632,349.4038495625677,14.94822483219739,33.30409378444691,2.6609762190235537,191.12438478722137,17.787506370931723,155.70930425556597,36.34570994452971,28.706137170643814,536.947093899973
35,158707.3002153,1,-2.358873832684641,-140230.19591758997,65.66599966806817,229.40631411241912,11.123509874128356,10.924470913792817,6.43079744439109,49.544650909051654,7.81858957047389,170.6395853607595,54.17107834625025,21.072108942731045,558.7685430999845
36,158723.6910271,1,-2.0283965394348527,-390291.7247725925,36.09610190093926,238.53903316750763,14.225805201015547,44.979727241983014,6.1186871699118175,52.61189558842038,53.17962533657988,188.12797803278642,31.384277158030645,4.955712426856126,575.1593548999808
37,158736.3961133,1,-3.100472648343235,-355363.27018754516,23.80236223901508,271.3129403396362,10.051510628388158,36.68647642227998,5.650832067853557,121.09085806377452,43.12593477460823,199.33448467906354,79.57725544191204,27.79032491669917,587.8644410999841
38,158743.5911572,1,0.7994422969648881,-10127.978487703931,35.78036727082429,352.0656455659055,5.60784194910797,44.70530490913809,2.31008287140397,49.433931619138114,71.94365325671102,153.4626607166203,167.7533360869542,8.84801452293242,595.0594849999761
39,158753.3716063,1,-2.5427116801917817,-382359.97408815176,61.74995285012789,281.8299580582529,15.426830048590276,33.03034074153847,8.066627617622267,190.72675616019373,22.220518803110924,175.60618170954675,35.32688651895261,27.407401433557702,604.8399340999895
40,158770.7241434,1,0.16815423180026776,-43745.36126021948,52.306977417483964,341.0255879239783,17.272268679480828,11.481419082708873,2.74754091174234,164.01260899536388,17.953506571370188,205.94242915289925,154.4902222016567,9.087235650542768,622.1924711999891
41,158791.7617146,1,-2.2366410550142137,-406312.9143093371,25.278192616639664,324.6611275490212,14.477369017507474,44.61578291308849,4.993290358950757,170.18535849150174,13.611090795265104,154.39810738216914,177.6968310414608,12.911886906281378,643.2300423999841
42,158812.6628592,1,-2.1893060973361216,-111519.6688059323,98.39309789898276,314.49303229044284,6.207150405175578,11.171326168479975,8.534153316919586,153.5274539179784,41.20002802243683,209.1360282284084,78.92773361640106,17.747637407942804,664.1311869999918
43,158832.252708,1,0.9445249495786615,-10509.847654102583,76.56110605777187,238.53903316750763,14.225805201015547,44.979727241983014,4.924383649033361,45.82214392022902,50.770424174774405,156.0682687805922,31.384277158030645,37.50093232519006,683.7210358000011
44,158854.4365062,1,-2.6629466607505963,-107925.5866188475,37.09529536013973,316.21178169264584,5.163708569575781,20.30887718390831,6.1185924794369635,52.511281203864904,6.184869811382425,190.5212490306559,159.0760002671496,4.314818433895574,705.9048339999863
45,158872.0497837,1,-2.0239050131064467,-392420.70730939705,36.09610190093926,238.53903316750763,14.225805201015547,44.979727241983014,5.851394938653386,52.61189558842038,50.770424174774405,186.7897015611046,31.384277158030645,8.597093258544275,723.5181114999868
46,158889.912926,1,-2.239787865982054,-378884.70933826384,104.65414538887856,345.94249366797777,9.783088474516138,46.98365184605596,5.690176276978849,129.20558344092046,49.886862980551584,152.9581733196525,171.70986369254908,27.805784002072482,741.3812537999765
47,158909.5146758,1,-0.863906927830888,-118462.99384968335,77.56018889699124,306.7010561582769,5.274429120795789,20.30887718390831,7.082645963824937,41.179817961066036,8.22719993285542,159.48128964592323,159.0760002671496,39.618566568658736,760.9830035999767
48,158932.4233414,1,-2.8698365775971606,-364305.79769089597,47.0293756028632,349.943733636062,15.426830048590276,33.03034074153847,8.066627617622267,190.72675616019373,17.787506370931723,175.60618170954675,36.34570994452971,27.403098793898497,783.8916691999766
49,158952.0841782,1,-1.7993667842632453,-72578.07825022643,63.199156712447866,354.658355031072,9.783088474516138,6.733897520689506,5.750233688964225,49.433931619138114,48.243846821444954,153.0786142098468,50.22987617727253,20.927695568226323,803.5525059999782
50,158974.2520955,1,-2.0601858339190913,-407779.38595929416,42.12653420439804,229.40631411241912,11.123509874128356,43.353168537480876,6.370740032405648,49.544650909051654,3.1222467045181475,170.6395853607595,174.8627948728447,27.95019736053708,825.7204232999939
51,158990.9586124,1,-0.08141789135506142,-48903.15654513025,119.9472399404946,206.24389660689718,19.28257507491626,5.496919324174488,7.1427479803826195,174.4035997623219,42.46253823748252,194.1791517738395,183.9915677731499,5.307170481535078,842.4269401999773
52,159011.8270452,1,-2.4703492781377148,-355337.11302013916,39.65969024560195,354.658355031072,9.783088474516138,46.98365184605596,5.690176276978849,49.433931619138114,43.01217886913333,153.0786142098468,160.1008687111293,27.805784002072482,863.2953730000008
53,159032.4647847,1,-3.955669861536289,-317209.83848985174,36.09610190093926,238.3414403590542,7.095930947381356,44.979727241983014,6.244995291517216,52.61189558842038,71.16200604353934,152.8414943238685,31.384277158030645,4.1579296581540195,883.9331124999735
54,159051.306883,1,-2.055318571007113,-388470.5960967848,36.09610190093926,242.18701130874902,14.225805201015547,44.979727241983014,6.591427587888497,52.61189558842038,52.09341278177911,188.12797803278642,31.384277158030645,4.955712426856126,902.7752107999986
55,159070.5112045,1,0.718186493333611,-31105.963329606006,104.65414538887856,345.94249366797777,10.124363411534254,47.05234620969117,5.717800141967241,131.2362882174931,12.11648662522763,152.9581733196525,170.98910111244206,28.131389432536288,921.9795322999998
56,159091.9593657,1,-2.4876723718321356,-400885.43775345455,25.278192616639664,324.5771050288666,13.487018468957242,44.54708841128355,4.965666493962394,167.68993543864653,55.68154434009047,209.40538045290998,178.74480969453356,11.275809699909379,943.4276934999798
57,159112.6811023,1,-3.3541791179512948,-351721.6744925325,23.80236223901508,271.3129403396362,10.051510628388158,37.54877088531437,5.650832067853557,121.09085806377452,61.78432688722854,199.33448467906354,74.09028530026016,17.927820242022104,964.1494300999912
58,159132.5998718,1,-1.564017956207313,-105945.81073781087,98.09841412613918,305.83193807540925,6.898275687176946,10.333105489682803,8.534153316919586,154.10356933297186,43.94080645597822,155.60590337771006,79.57959295031444,27.960822866108824,984.0681995999767
59,159155.8586285,1,-2.3810229481287863,-140114.68238358674,68.06467198597346,229.40631411241912,11.105789599289704,10.924470913792817,6.43079744439109,49.68625100108591,8.57764299483567,170.6395853607595,54.17107834625025,20.141075297536112,1007.3269562999776
60,159178.8312593,1,-4.011920567158388,-315191.0731735699,33.69753149142224,245.2945530776784,7.113686703686893,44.979727241983014,6.244995291517216,52.47029549638615,50.04259561524147,154.04823181227007,31.384277158030645,4.72126314768867,1030.2995870999875
61,159200.6193402,1,-3.2623634897466696,-358425.7914065184,23.80236223901508,269.710322317316,10.051510628388158,39.79773737485713,5.650832067853557,121.09085806377452,61.78432688722854,199.33448467906354,74.09028530026016,17.927820242022104,1052.0876679999928
62,159221.0248078,1,-2.242481913191915,-378762.3687565631,104.65414538887856,345.94249366797777,9.783088474516138,46.98365184605596,5.690176276978849,129.20558344092046,49.886862980551584,152.9581733196525,170.96996410450143,27.805784002072482,1072.4931355999724
63,159243.3966004,1,-2.05435743084975,-389763.583483284,36.09610190093926,242.18701130874902,14.225805201015547,44.972827673388615,6.591427587888497,61.78463138428852,51.79781804004796,186.1286484958292,31.384277158030645,5.335558887292155,1094.864928199997
64,159265.3246704,1,-2.1326993707542554,-408377.0498363014,45.75066827550692,229.40631411241912,11.123509874128356,47.05846776109697,6.370740032405648,49.544650909051654,3.7309900865690437,172.63891507840552,164.76102187124727,21.160696079677983,1116.7929981999914
65,159285.7679913,1,-3.1111186220339073,-355284.4550616734,46.11264154869633,226.19310900689885,10.6962584334462,34.3653705082119,6.43079744439109,61.32854854486472,7.81858957047389,170.6395853607595,54.74906327206064,19.682279834680088,1137.2363190999895
66,159306.9160621,1,-2.7795242522318286,-177826.58792721044,66.5827337673931,352.0287569642106,15.572986763684376,9.619034542012411,8.066627617622267,178.39421996132498,17.787506370931723,168.11055790568847,35.767738648133104,27.403098793898497,1158.3843898999912
67,159326.7609509,1,-3.96836644899711,-316946.82373507856,36.09610190093926,238.3414403590542,7.095930947381356,44.979727241983014,6.244995291517216,52.61189558842038,71.16200604353934,152.8414943238685,26.78594119600516,4.1579296581540195,1178.2292786999897
68,159348.7205017,1,-2.5206071077659664,-399475.83308185305,28.58246399204477,324.5771050288666,13.487018468957242,44.54708841128355,4.965666493962394,167.68993543864653,55.68154434009047,209.40538045290998,178.74480969453356,9.963156962109842,1200.1888294999953
69,159367.3409009,1,-3.2495336928105076,-289163.28884970996,33.69753149142224,323.6309258910773,6.9241748441797615,44.61127965803706,5.11862041303597,52.47029549638615,12.016146841214805,154.59068889963854,180.35797735603563,11.426740108950593,1218.8092286999745
70,159386.7855974,1,-2.189220113904093,-401224.21740302746,25.278192616639664,246.2395673532577,13.956183068355536,44.984230497034446,6.200211865504848,170.18535849150174,50.385049536076636,205.18592556620385,29.688920364468956,4.607648026021078,1238.2539251999988
71,159406.8540218,1,-2.3981604125927314,-384217.38035745913,64.73173758987132,229.40631411241912,11.15119924821525,44.42484979233397,6.43079744439109,49.54064508394076,7.81858957047389,168.08610619637992,55.37963424041268,28.439155528672437,1258.3223495999991
72,159426.2772192,1,-1.9990089873602344,-133033.57186180848,40.59395347289359,350.09231950239416,9.783088474516138,13.379670481870896,5.690176276978849,45.90711926178026,43.01217886913333,155.64255590787408,158.8972788218973,15.827420062573527,1277.7455469999986
73,159444.2320146,1,-2.4212535292158934,-384296.66984307265,39.64323617887621,354.5011111509849,10.319096348661791,47.046732522421074,5.569820648394872,198.23171060031177,43.01217886913333,153.0786142098468,170.96996410450143,26.143069654047018,1295.7003423999995
74,159461.3679328,1,-2.993454948745088,-337363.18389443617,47.0458296695945,350.1009772944068,14.890821486649402,32.95971434693199,8.066627617622267,36.06789124889997,17.787506370931723,175.60618170954675,36.34570994452971,27.403098793898497,1312.8362605999864
75,159478.8961063,1,0.8117556908357353,-29428.142995159127,104.65414538887856,238.4159242961591,14.287498338158613,46.76219896675684,5.688298796727382,129.04715642538375,49.886862980551584,152.97852098153535,170.96996410450143,7.783448223043671,1330.364434099989
76,159501.0064675,1,-3.4735007221206717,-328306.8637346195,36.09610190093926,341.2697061962267,9.72139577970584,45.2011801130627,5.853272418904853,52.78084570982663,50.770424174774405,186.91571662359948,31.384277158030645,28.64468608367072,1352.4747952999896
77,159523.0383133,1,-2.305897281800541,-377696.3073913392,42.12653420439804,269.89928019540514,11.123509874128356,37.21479548760057,5.589228292183501,59.776938602850755,3.1222467045181475,170.6395853607595,174.8627948728447,27.95019736053708,1374.5066410999862
78,159543.6192577,1,-2.752386389338795,-385965.4430310132,23.80236223901508,230.82003170655733,10.051510628388158,42.82484873649884,6.432343808075115,121.09085806377452,43.12593477460823,199.33448467906354,79.57725544191204,27.79032491669917,1395.0875854999758
79,159563.4080063,1,-2.2701586897784063,-388086.4622425816,47.0293756028632,349.943733636062,15.426830048590276,44.93295403260213,7.77514056302835,190.72675616019373,17.011500907158762,175.60618170954675,31.518861985969338,27.403098793898497,1414.8763340999722
80,159583.1021029,1,-3.860388431318693,-244379.51039067213,33.69753149142224,245.2945530776784,7.153747801550662,33.07678512853434,6.244995291517216,35.19339461661163,50.81910769154335,168.64682916101054,36.21112511723247,4.72126314768867,1434.5704306999978
81,159603.548176,1,-4.393910022028766,-281777.3879249885,36.09610190093926,341.2697061962267,7.087932343597697,45.2011801130627,5.853272418904853,52.78084570982663,50.770424174774405,186.7263335374415,31.60000224055545,4.139451531589925,1455.0165037999977
82,159624.4850973,1,-2.983466261205745,-361779.88375505887,36.09610190093926,238.3414403590542,9.872498311757521,44.979727241983014,6.244995291517216,52.61189558842038,71.16200604353934,153.17738315304845,26.570216249499737,30.548188902909786,1475.953425099986
83,159640.8226743,1,-4.056503910048157,-311509.05463116674,33.189875040011735,253.32723531071613,7.113686703686893,44.979727241983014,6.244995291517216,52.47029549638615,50.04259561524147,154.04823181227007,31.384277158030645,4.72126314768867,1492.2910020999843
84,159665.3401343,1,-2.1326993707542554,-408377.0498363014,45.75066827550692,229.40631411241912,11.123509874128356,47.05846776109697,6.370740032405648,49.544650909051654,3.7309900865690437,172.63891507840552,164.76102187124727,21.160696079677983,1516.808462099987
85,159687.9806707,1,-3.2962981375197544,-348016.78847982816,23.80236223901508,271.3129403396362,10.036105911936748,37.54877088531437,5.650832067853557,121.09085806377452,69.76588220000906,171.41354650190783,74.09028530026016,17.927820242022104,1539.4489984999818
86,159712.3558817,1,-3.023176818911202,-358799.0500747153,46.11264154869633,215.94291215043893,10.71166314989761,34.3653705082119,6.43079744439109,61.32854854486472,0.5425455111575759,198.55919237433142,54.74906327206064,19.682279834680088,1563.8242094999878
87,159735.8894935,1,-2.591501943642557,-381844.0731723219,61.70570560027821,281.8299580582529,15.426830048590276,32.30156505168203,4.951894356659915,166.63632295025994,53.206941024178384,175.60618170954675,35.32688651895261,27.407401433557702,1587.3578212999855
88,159758.043242,1,-2.387440440028803,-401600.2927672467,28.626904058893146,324.5771050288666,13.883198466260412,45.274623412921976,8.080388212332279,191.77672169849646,24.69517857710187,209.40538045290998,178.74480969453356,9.963156962109842,1609.5115698000009
89,159779.8626727,1,-2.6455566096510967,-372917.6167617805,47.0293756028632,349.87612122556186,13.428618476463148,45.863220537156764,8.043544325171894,168.89459399389543,17.787506370931723,175.60618170954675,23.547571518864668,27.403098793898497,1631.3310004999803
90,159800.0947778,1,-2.7697430752366694,-386768.6616371784,28.58246399204477,324.6437849698319,15.485230040468949,31.710343666323638,4.965666493962394,189.52139017820832,55.68154434009047,209.40538045290998,178.74480969453356,9.963156962109842,1651.5631055999838
91,159821.3667574,1,-3.3597986360741685,-334883.6355996563,36.09610190093926,341.2697061962267,9.72139577970584,48.03200345701768,5.853272418904853,55.43600822508907,50.770424174774405,186.91571662359948,31.384277158030645,28.64468608367072,1672.8350852000003
92,159828.23239,1,-2.866743511087506,-365167.54800780735,47.564329744049715,349.943733636062,15.426830048590276,33.03034074153847,8.066627617622267,197.0877067771898,17.787506370931723,175.60618170954675,36.34570994452971,27.403098793898497,1679.7007177999767
93,159834.8680291,1,-2.7544455604504523,-386105.89094153984,23.80236223901508,230.82003170655733,10.051510628388158,42.82484873649884,6.432343808075115,121.09085806377452,43.12593477460823,202.33986569829977,79.57725544191204,27.79032491669917,1686.336356899992
94,159841.7880353,1,-2.1002061570187367,-408617.30803351547,57.20916155058379,229.40631411241912,11.123509874128356,47.05846776109697,6.370740032405648,49.544650909051654,3.7309900865690437,172.63891507840552,164.5744613092585,21.160696079677983,1693.256363099994
95,159848.4797711,1,-3.2721777236839293,-353249.1364356384,25.818491252161262,269.97899932199846,10.052164107244351,38.48827273261974,5.650832067853557,121.09085806377452,6.1867732347178155,199.33448467906354,74.09028530026016,17.927820242022104,1699.9480989000003
96,159855.1962921,1,-3.0814857593798726,-355700.8811470345,49.02970220738504,226.19310900689885,10.695604954590006,34.58263790537823,6.43079744439109,61.32854854486472,63.65626025728105,163.438013818261,55.47305608995258,19.60779495062437,1706.6646198999952
97,159867.6515296,1,-2.046483965784684,-406537.90963691025,25.7285439862194,202.99296607335384,11.123509874128356,39.33769124653561,6.370740032405648,49.544650909051654,3.5706714676208904,170.6395853607595,173.66506975138893,28.505327717368168,1719.1198573999864
98,159889.6632104,1,-3.085782786314404,-370356.5175723383,34.154186251327076,269.710322317316,10.051510628388158,43.81321457507498,5.650832067853557,121.09085806377452,61.8106008767034,199.33448467906354,75.26260170403353,17.927820242022104,1741.1315381999884
99,159910.0342684,1,-1.6969597258376934,-444270.6242368462,26.02330559841846,226.91148202862416,13.76475406396213,44.61578291308849,6.119802337716912,170.18535849150174,12.778257562161265,171.45353434018662,177.66076583858836,26.874566362431374,1761.5025961999781
100,159929.5723001,1,-2.8774611624186646,-360862.6926852747,41.38142521265638,327.08817080122924,11.123509874128356,43.353168537480876,5.244228053619552,49.544650909051654,7.159911713681228,207.8569411526261,174.8988600757171,12.351755374502467,1781.0406278999872
101,159948.8092307,1,-2.668216265537361,-395186.2855486508,34.154186251327076,269.710322317316,10.045375376731572,44.54409007678298,5.589409220093718,169.66731594148624,61.89725819037653,201.3684582535728,180.96919224103283,17.51909958075978,1800.2775584999763
102,159966.8353274,1,-2.7018322786972186,-378769.5937516892,28.58246399204477,324.5771050288666,13.493153741620382,43.816212909575555,5.02708934172224,119.11316466199,55.59488702641534,209.41114393689816,72.91578245479559,10.37188451468865,1818.3036551999976
103,159987.9513479,1,-4.075401316303695,-305644.92987904797,30.029349815656644,260.3884927513099,7.113686703686893,45.195809418883854,7.6014620605741765,52.77295161906458,50.023307832056254,154.04823181227007,31.588232922883524,4.72126314768867,1839.4196756999881
104,160006.8126478,1,-4.289375228038799,-295033.5359866274,41.5705772422608,334.1747149836146,7.6511475149539345,44.985097936161864,6.319025387702789,52.4781895871482,50.78971195795962,186.7263335374415,31.396046475702573,4.139451531589925,1858.280975599977
105,160025.951831,1,-2.036876219882854,-421522.9129914417,29.606399004105477,324.6437849698319,15.485230040468949,48.02988940405541,5.110821422367708,193.82994981689538,50.867969334988864,209.40538045290998,178.74480969453356,9.963156962109842,1877.4201587999996
106,160043.4389223,1,-3.796823052332489,-284960.0170213418,36.09610190093926,339.22197978943757,9.72139577970584,31.56298466375755,5.853272418904853,55.43600822508907,55.583999179876,182.87902381685007,31.384277158030645,28.64468608367072,1894.90725009999
107,160063.5012978,1,-2.193430471679597,-401359.629370249,35.68539667530685,229.40631411241912,9.72768138659201,47.05846776109697,5.846538702761821,49.302237114025424,0.6454774484168491,172.63891507840552,166.52196341959186,28.892109695246756,1914.9696255999734
108,160080.7793963,1,-3.3837786757721515,-337988.749480951,57.61986792808679,341.2697061962267,9.73109457723256,48.03200345701768,6.365855715999961,58.78007679379853,50.770424174774405,186.91571662359948,31.384277158030645,20.913272351689436,1932.247724099987
109,160100.9131197,1,-2.178745470890896,-416404.0234934645,57.42143986676635,226.96318165057951,11.123509874128356,43.541939856603506,6.759153097256298,179.2170912565702,3.8816741619679744,172.63891507840552,164.5744613092585,21.160696079677983,1952.3814474999963
110,160122.7057776,1,-1.7058802052332298,-430070.70636865724,25.811425668007583,229.35461449046377,13.76475406396213,44.86210782095334,6.124240905208024,41.3330944315738,12.627839683073246,171.45353434018662,177.66076583858836,26.874566362431374,1974.1741053999867
111,160140.895054,1,-2.5751219215843673,-382800.18695638445,28.614010175469463,270.36468143466556,13.959706491096881,38.48827273261974,5.650832067853557,122.37936904234492,6.1867732347178155,197.29819411398583,74.09028530026016,10.106615641989082,1992.3633817999798
112,160152.8005905,1,-2.783350563621687,-376015.53187629406,25.831385135585016,324.19129406952396,9.975656183218716,45.274623412921976,8.080388212332279,190.32953055204908,21.486232852025076,209.40538045290998,178.74480969453356,17.784368965002237,2004.2689182999893
113,160159.1121978,1,-2.387440440028803,-401600.2927672467,28.626904058893146,324.5771050288666,13.883198466260412,45.274623412921976,8.080388212332279,191.77672169849646,24.69517857710187,209.40538045290998,178.74480969453356,9.963156962109842,2010.580525599973
114,160171.9313136,1,-3.955669861536289,-317209.83848985174,36.09610190093926,238.3414403590542,7.095930947381356,44.979727241983014,6.244995291517216,52.61189558842038,71.16200604353934,152.8414943238685,31.384277158030645,4.1579296581540195,2023.3996413999994
115,160191.2780418,1,-4.31746714633945,-273648.22969109076,36.09610190093926,354.47297104350554,7.095930947381356,44.979727241983014,5.8854956311975775,52.76464513876219,71.16200604353934,152.10224065509442,35.49862450455324,4.1579296581540195,2042.7463695999759
116,160210.8226555,1,-3.015130871528263,-364879.467519522,36.09610190093926,236.70928907522145,9.72139577970584,45.2011801130627,6.21277207922449,54.40084419859469,50.770424174774405,188.0630841504729,31.384277158030645,28.64468608367072,2062.2909832999867
117,160230.1843571,1,-4.372979108738573,-285403.4638443004,36.09610190093926,341.2697061962267,7.087932343597697,46.474719595063696,5.853272418904853,52.78084570982663,51.87842328269397,186.7359480898185,31.60000224055545,4.484283119172394,2081.6526848999783
118,160250.0034844,1,-3.099024528439277,-346166.8769581438,36.09610190093926,341.2697061962267,11.392470649372418,45.2011801130627,5.853272418904853,52.78084570982663,50.770424174774405,186.90610207122248,31.384277158030645,28.36135784120372,2101.471812199976
119,160268.9199952,1,-2.300057220705986,-407836.3781498781,23.80236223901508,269.34099086997685,13.712626476929493,44.76279193118437,5.655454334848482,192.45754962434063,64.17143555784499,199.33448467906354,74.09028530026016,15.01443609877867,2120.388322999992
120,160286.5616853,1,-2.3164343088016346,-378313.59474833787,26.02330559841846,227.28093659168175,10.103638251154774,35.49748966736929,6.115180070721987,118.10685457463907,10.444407030316533,171.45353434018662,177.66076583858836,26.874566362431374,2138.030013099982
121,160309.9229975,1,-3.3636957865939685,-350767.61582374386,23.80236223901508,277.21176290849957,9.734868949785202,39.519384644846554,5.650832067853557,120.03106779770802,63.77452716275239,198.2657147383185,74.09028530026016,17.927820242022104,2161.3913252999773
122,160329.1065873,1,-3.286624792715713,-345723.23980806983,57.61986792808679,341.2697061962267,10.047736255835517,48.302008067938296,6.365855715999961,81.88143434955076,48.78022385546642,187.984482651788,31.384277158030645,20.913272351689436,2180.5749150999764
123,160351.8059298,1,-2.249193741731867,-410403.6706958849,23.80236223901508,269.34099086997685,14.01164553417677,44.76279193118437,5.671943972633967,192.45754962434063,52.52092600339969,199.33448467906354,75.11734560289824,14.786067868993884,2203.2742575999873
124,160373.546771,1,-4.390013826915135,-279962.2669432352,36.09610190093926,341.59395581966334,7.087932343597697,44.83668054950423,5.836782781119368,52.78084570982663,63.888940782788964,186.7263335374415,30.592663537571177,4.026212824325349,2225.0150987999805
125,160391.2730865,1,-4.387711067548568,-280726.1793499049,36.09610190093926,340.4008665363802,7.087932343597697,45.2011801130627,6.580748803730863,52.78084570982663,50.770424174774405,186.7263335374415,31.60000224055545,4.139451531589925,2242.7414142999914
126,160413.1068113,1,-1.7070056599797827,-430781.8286207502,25.811425668007583,229.35461449046377,13.76475406396213,44.86210782095334,5.755142507237321,41.3330944315738,12.627839683073246,170.21960082642372,177.66076583858836,26.874566362431374,2264.575139099994
127,160431.4091274,1,-4.017474404983442,-320598.24880648404,36.09610190093926,238.3414403590542,7.095930947381356,44.97668778363368,5.878491057617379,52.61403783327903,50.97142606700349,189.5864749971875,31.384277158030645,4.071698183070669,2282.8774551999813
128,160450.730261,1,-3.13150830731513,-337497.18278513005,36.09610190093926,341.2697061962267,9.72139577970584,49.2257297748039,6.219776652804689,52.77870346496799,70.9609996022911,151.21262120458428,43.53400451985599,31.4710713018615,2302.1985887999763
129,160468.1625023,1,-3.8813716359459502,-334843.3072943994,36.09610190093926,243.00749384473792,7.095930947381356,44.844671126338234,6.161498507695948,181.160764660553,71.16200604353934,172.4575713156381,31.384277158030645,4.1579296581540195,2319.630830099981
130,160490.69125,1,-2.1874174392585854,-401253.1854850044,57.42143986676635,226.96318165057951,11.123509874128356,43.67699597224512,6.842649881077341,47.9151524257206,3.8816741619679744,153.05074926225126,164.5744613092585,21.160696079677983,2342.15957779999
131,160511.3597881,1,-1.6929562547936141,-430299.28348927083,33.30249149394774,229.35461449046377,13.76475406396213,44.86210782095334,6.124240905208024,41.3330944315738,12.627839683073246,171.45353434018662,177.66076583858836,26.874566362431374,2362.828115899989
132,160529.612334,1,-2.8324660765456993,-383746.59223060845,28.58246399204477,324.6437849698319,15.485230040468949,31.710343666323638,4.965666493962394,189.52139017820832,58.4122818788672,209.40538045290998,178.74480969453356,8.258594553244496,2381.0806617999915
133,160544.409648,1,-2.8121865983389536,-387445.63651456445,28.58246399204477,324.6437849698319,15.485230040468949,31.710343666323638,4.965666493962394,193.91604887235974,55.789989071812876,209.74511804412998,178.74480969453356,9.963156962109842,2395.8779757999873
134,160559.6541397,1,-1.9766975343775863,-424474.9803585338,29.606399004105477,309.9901783945099,15.485230040468949,48.02988940405541,5.110821422367708,189.65903404021446,50.75952460326644,209.40538045290998,178.74480969453356,9.963156962109842,2411.122467499983
135,160575.4338379,1,-3.146625901834114,-367661.32208857377,34.154186251327076,269.710322317316,10.051510628388158,43.81321457507498,5.650832067853557,121.09085806377452,61.8106008767034,199.33448467906354,61.03259263851746,17.927820242022104,2426.902165699983
136,160592.4084152,1,-3.2623634897466696,-358425.7914065184,23.80236223901508,269.710322317316,10.051510628388158,39.79773737485713,5.650832067853557,121.09085806377452,61.78432688722854,199.33448467906354,74.09028530026016,17.927820242022104,2443.8767430000007
137,160608.9012276,1,-3.479564394158242,-327700.3552535577,35.221835845581815,342.674135182757,9.72139577970584,45.20534891349168,5.853272418904853,52.78084570982663,50.770424174774405,189.98657006246947,31.384277158030645,28.64468608367072,2460.369555399986
138,160629.9606801,1,-1.688007202010173,-443955.47551893216,26.897571681460548,225.3738890062676,13.76475406396213,44.6116141126595,6.119802337716912,162.4303418594411,12.778257562161265,171.45353434018662,177.66076583858836,26.874566362431374,2481.4290078999766
139,160647.0593315,1,-2.0291932452395676,-406715.88047906006,26.02330559841846,226.91148202862416,13.756262284184187,44.709941377700986,6.119802337716912,170.18535849150174,12.778257562161265,169.88474633935485,26.603874943450066,20.18218253302706,2498.527659299987
140,160671.9521727,1,-2.585079121895755,-366934.6595525448,57.61986792808679,341.2697061962267,9.739586495248732,47.93782900069156,6.3842222378065845,65.84225110454153,50.770424174774405,188.48450584779744,184.52738777890391,20.913272351689436,2523.420500499982
141,160691.4634798,1,-2.4529408106530814,-402914.74906557024,31.967121723750566,324.5771050288666,13.749769016589873,44.857931145333055,4.965666493962394,173.50860893999032,61.76829928569806,209.40538045290998,178.74480969453356,9.963156962109842,2542.931807599991
142,160714.0742952,1,-3.3730962532244564,-355735.41928411584,28.580855153124276,269.710322317316,9.021178679779137,44.62466121708442,5.650832067853557,115.27012929461166,55.72384593109469,199.33448467906354,61.03259263851746,17.927820242022104,2565.5426229999866
143,160732.0284711,1,-3.0988327701954415,-371620.03704985895,34.154186251327076,264.36811647340767,10.051510628388158,43.81321457507498,5.6659405072917295,139.34204852010933,61.8106008767034,186.99584406749742,61.03259263851746,18.189270004253643,2583.496798899985
144,160751.678279,1,-4.383034680590123,-282010.52041753544,36.09610190093926,346.46506336587737,7.087932343597697,45.58001996524234,5.83816397946668,52.78084570982663,50.770424174774405,199.0649690479531,39.00754672194743,4.277854177825672,2603.146606800001
145,160770.5021556,1,-3.4932496537268816,-343886.1287540384,41.36889095991317,334.1747149836146,10.123855579419336,44.985097936161864,6.319025387702789,121.21140879522044,50.78971195795962,186.7263335374415,26.55464849528496,18.086728792326866,2621.970483399986
146,160789.4241234,1,-4.010431026008606,-301239.04296021134,34.355872533711704,269.710322317316,7.5788030010128296,39.725252247314685,5.552245411030203,52.966967137825364,61.8106008767034,201.4297599507622,80.3220063150844,4.332540414734092,2640.892451199994
147,160811.5401282,1,-4.357716798307336,-283746.51182083454,41.5705772422608,341.4283973985864,7.34196468978614,45.04342594489105,6.319025387702789,34.91574811972176,50.78907368760101,186.72383214229947,31.396046475702573,4.663954283243209,2663.0084559999814
148,160833.9461045,1,-3.384570767688205,-339303.08603784797,57.61986792808679,334.01602378062597,9.656344317337606,47.97366817855538,6.365855715999961,58.78007679379853,41.983447532433935,186.9182180187415,31.384277158030645,20.784115613588156,2685.4144322999928
149,160851.3526648,1,-1.6921508855353775,-427849.1023668163,25.811425668007583,229.35461449046377,13.76475406396213,44.86210782095334,7.596027616986168,41.3330944315738,16.06731409729264,154.62818703429312,180.0708317711791,26.874566362431374,2702.820992599998
150,160869.3425746,1,-4.120902171032272,-309841.4094875458,30.029349815656644,260.3884927513099,7.113686703686893,45.195809418883854,5.760576919043366,52.77295161906458,50.023307832056254,169.64358300721634,30.06096806144356,4.72126314768867,2720.8109024000005
151,160884.2154768,1,-1.7071868567661352,-430465.91119956324,25.811425668007583,229.35461449046377,13.76475406396213,44.86210782095334,5.755142507237321,38.54808748636256,12.627839683073246,170.21960082642372,177.66076583858836,26.874566362431374,2735.6838045999757
152,160896.2198916,1,-3.8813716359459502,-334843.3072943994,36.09610190093926,243.00749384473792,7.095930947381356,44.844671126338234,6.161498507695948,181.160764660553,71.16200604353934,172.4575713156381,31.384277158030645,4.1579296581540195,2747.6882193999772
153,160917.1192016,1,-2.057473706869278,-398725.05284529267,36.33882995467565,309.9901783945099,15.485230040468949,48.12027140537526,5.909340524772534,189.65903404021446,50.759752264656136,185.56112193873898,28.496391261576775,4.111213627920095,2768.587529399985
154,160939.2907962,1,-3.237646019582574,-261738.84165692385,29.363670950625856,341.2697061962267,6.268214342796154,45.11078439891714,5.078329289104365,52.78084570982663,50.77019651338471,209.42565026317158,183.1194822231763,10.195319763860937,2790.7591239999747
155,160958.1959936,1,-1.696267001884199,-444176.04265370185,26.02330559841846,226.91148202862416,13.76475406396213,44.61578291308849,6.119802337716912,170.18535849150174,12.778257562161265,168.76806504026032,177.66076583858836,26.874566362431374,2809.6643213999923
156,160976.2469396,1,-2.795557199206067,-387813.67162168777,35.27289610681621,324.6437849698319,15.485230040468949,31.710343666323638,4.965666493962394,193.91604887235974,55.789989071812876,209.74511804412998,178.74480969453356,9.963156962109842,2827.7152673999954
157,160996.6875448,1,-3.794787660633023,-344588.0480438519,36.09610190093926,225.949342072738,7.095930947381356,44.844671126338234,6.15976617483657,181.160764660553,14.46076663361065,168.54012171331914,40.69818208670253,4.1579296581540195,2848.1558725999785
158,161016.6711323,1,-1.792578359240961,-437045.9168919051,26.02330559841846,243.9696340342155,13.76475406396213,44.61578291308849,5.853409338337176,172.14839229979032,66.48597724184368,171.01896610206293,168.81497452306996,26.874566362431374,2868.1394600999774
159,161037.838393,1,-2.682385638696803,-396145.1912743636,34.154186251327076,269.710322317316,10.045375376731572,44.54707542284901,5.264729684396241,169.66731594148624,55.613552916951384,201.3684582535728,178.94148612155237,17.51909958075978,2889.3067207999993
160,161056.8930409,1,-2.4674975397585666,-400012.94108152954,28.58246399204477,324.5771050288666,13.487018468957242,44.54410306521752,4.449492126226997,167.68993543864653,61.9652496135135,209.40538045290998,180.772515814014,9.963156962109842,2908.361368699989
161,161066.7244133,1,-3.595210279236466,-337218.56557898,24.738344193647563,243.00749384473792,7.095930947381356,44.60901186042955,6.162570782357752,181.160764660553,66.96563393954641,172.4575713156381,31.384277158030645,27.374684367084896,2918.192741099978
162,161072.9859747,1,-1.9420384888327689,-417802.724705581,37.38106428780197,226.6063835535732,13.76475406396213,44.851442178997175,6.11873006305511,170.18535849150174,12.788475627693547,165.1724142121541,177.66076583858836,6.2775211444356,2924.454302499973
163,161079.3018859,1,-2.847271726814228,-384769.87736995437,28.58246399204477,324.6437849698319,15.485230040468949,31.710343666323638,4.965666493962394,189.52139017820832,58.4122818788672,209.40538045290998,178.74480969453356,8.87512483252369,2930.770213699987
164,161085.5956567,1,-2.2941150747612324,-407790.47580482665,23.80236223901508,269.34099086997685,13.712626476929493,44.76279193118437,5.655454334848482,196.30078988289222,64.17143555784499,195.2762106564733,74.09028530026016,15.01443609877867,2937.0639844999823
165,161092.2106496,1,-4.248698825382626,-296388.2317066799,43.61788320496662,334.1747149836146,7.658015666034956,44.99112699271456,6.319025387702789,52.468662443305526,50.78971195795962,186.7263335374415,42.9140613689532,4.139451531589925,2943.678977399977
166,161098.8473666,1,-4.1219068820659786,-309689.82348931057,30.029349815656644,260.3884927513099,7.106818552606645,45.189780362331156,5.760576919043366,52.78247876290725,50.023307832056254,169.64358300721634,30.06096806144356,4.72126314768867,2950.315694399993
167,161105.326984,1,-1.6920675752845942,-444505.1990088196,26.02330559841846,226.91148202862416,13.76475406396213,44.61578291308849,6.119802337716912,170.18535849150174,12.778257562161265,171.45353434018662,177.66076583858836,27.199035619444302,2956.7953118000005
168,161111.8212979,1,-1.9766975343775863,-424474.9803585338,29.606399004105477,309.9901783945099,15.485230040468949,48.02988940405541,5.110821422367708,189.65903404021446,50.75952460326644,209.40538045290998,178.74480969453356,9.963156962109842,2963.289625699981
169,161118.4300154,1,-2.001194314156916,-427206.30186103855,28.580815470481376,324.6437849698319,15.535894449823928,44.47225406925015,5.657323366942545,189.52139017820832,55.7215290582979,209.55980148092203,194.2082457871636,17.779568234948467,2969.8983431999804
170,161125.2504247,1,-3.957790158156853,-304128.43617904885,28.582503674687665,269.710322317316,8.970528791151587,31.862384370649558,4.959175194873419,115.27012929461166,58.414598751663995,199.0042192812204,42.146621697096364,7.8785149179471645,2976.71875249999
171,161132.2607244,1,-3.348149499104347,-357375.7012977026,36.05104157697093,269.710322317316,9.021178679779137,44.62466121708442,5.650832067853557,117.99465753471654,50.683015285193285,186.2850325753061,61.85285081103393,17.61409920822634,2983.729052199982
172,161141.4361368,1,-4.421872340413318,-278975.32485266216,28.625915477607485,341.2697061962267,7.087932343597697,45.2011801130627,5.853272418904853,50.071288427534725,55.81125482067578,199.55994821463352,30.782848705509146,4.139451531589925,2992.9044645999966
173,161151.2182289,1,-3.9204443550083656,-312949.9524982493,36.11576044559274,265.68807006213945,7.087932343597697,45.2011801130627,5.8413776014043854,52.78084570982663,49.949135504805525,186.73194197064674,31.60000224055545,18.442111056156016,3002.686556699977
174,161162.4574085,1,-3.638662679575755,-339738.2545314265,34.134527706673595,341.7016300014152,10.051510628388158,43.81321457507498,5.010949644000157,139.34204852010933,56.23473602435219,186.99023563429216,61.03259263851746,4.288652057743918,3013.925736299978
175,161170.3344507,1,-2.877777609040368,-366480.9813229462,36.09610190093926,225.58788448115445,10.472498982634733,44.97668778363368,6.837820654058502,52.61403783327903,51.70857270594435,189.503200190736,26.206595399802566,4.071698183070669,3021.8027784999867
176,161180.8725797,1,-2.650145504037039,-359374.0634643539,45.52751811145274,238.95943559559893,7.364652591886235,43.541939856603506,5.891937386796306,179.2170912565702,3.4861092676422913,172.7221895903884,172.3718351089839,21.160696079677983,3032.34090749998
177,161188.7296796,1,-3.8580551123311984,-330181.34686687205,26.16020069857912,225.949342072738,6.593018917945446,44.84569877998668,6.15976617483657,181.160764660553,14.46076663361065,168.3428739080104,41.381853049512735,4.1579296581540195,3040.198007399973
178,161196.6781715,1,-1.7757138823203629,-437319.02726836776,35.9592068333679,243.9696340342155,13.76475406396213,44.614755259440045,5.853409338337176,172.14839229979032,66.48597724184368,171.21621390737172,168.22851824923055,26.874566362431374,3048.1464992999972
179,161206.2017016,1,-3.799802997483444,-345584.71780093276,36.09610190093926,243.10069448448257,7.5867913851139175,44.844671126338234,6.15976617483657,181.160764660553,14.46076663361065,165.9070905646166,40.69818208670253,4.1579296581540195,3057.6700293999747
180,161214.1172721,1,-1.7060478073871548,-442629.9789891704,26.02330559841846,226.81828174580986,13.76475406396213,44.61578291308849,5.853409338337176,172.14839229979032,66.48597724184368,171.01896610206293,168.81497452306996,27.08590935571702,3065.5855998999905
181,161221.9218228,1,-2.1079317704229927,-412463.86303723115,56.08085085648362,324.6437849698319,15.485230040468949,44.4908303666698,5.9377771605793,189.52139017820832,58.4122818788672,209.40538045290998,181.3998667037321,8.87512483252369,3073.3901505999966
182,161229.4959853,1,-2.5708142881714724,-376502.9058141172,29.923118864008543,226.96318165057951,11.123509874128356,30.760589366628736,6.759153097256298,179.2170912565702,10.223979404477735,172.63891507840552,161.91939740752287,21.160696079677983,3080.9643130999757
183,161236.8044748,1,-3.487598920562549,-328512.9916333034,31.967121723750566,323.31441573149016,7.354554805941438,44.857931145333055,6.9269662095715105,181.72242561177094,61.29847492424855,209.40538045290998,178.74480969453356,9.921211947233076,3088.272802599997
184,161244.4265438,1,-2.099220877222684,-402615.96250705747,36.09610190093926,244.36218293841597,13.982640628141887,44.844671126338234,4.990339036450205,182.3214164464152,17.06277550628872,165.9070905646166,40.69818208670253,4.283751602589981,3095.8948715999722
185,161252.3874945,1,-3.4906207048071147,-335645.6075031083,29.606399004105477,324.6437849698319,7.935568259221824,42.444442190404686,5.110821422367708,184.372818896598,50.867969334988864,209.40538045290998,165.50683409656185,9.963156962109842,3103.8558222999854
186,161263.7676595,1,-1.9207162254861165,-394998.37994901324,36.09610190093926,256.88356135790895,14.647316349342118,48.04793718373603,4.983878990400758,60.96034658181137,50.97142606700349,189.5864749971875,34.28534477519236,4.0378150375172375,3115.235987299995
187,161271.9869221,1,-3.0894496307427586,-368569.8626630977,30.900800504254264,266.3286007862065,10.051510628388158,43.82194520738842,5.651172625612851,137.59554359415858,5.587318588850604,186.99584406749742,61.03259263851746,18.189270004253643,3123.4552498999983
188,161279.9696684,1,-1.6596850820285516,-444053.0541158377,34.37315732309675,224.95125780013169,13.76475406396213,44.60705228077506,6.1345702193957905,170.18535849150174,69.5079568438,171.45353434018662,177.66076583858836,27.199035619444302,3131.437996199995
189,161288.5267016,1,-3.1149998418739226,-374668.7538822054,35.26820625250523,269.8594869996485,10.045150809799123,43.81321457507498,5.269291836745061,169.88960321057957,61.8106008767034,187.45850891002772,61.03259263851746,18.189270004253643,3139.9950293999864
190,161296.6036142,1,-2.6605427500512624,-393086.3939273518,34.154186251327076,264.2189517910752,10.051735195320605,44.54707542284901,5.661378354942909,139.119755942181,55.613552916951384,201.3684582535728,179.33484942753668,17.51909958075978,3148.0719419999805
191,161304.8418475,1,-1.8090675869869646,-435086.28697313997,33.712309706613595,269.710322317316,15.508234301230853,44.54292200453746,5.264729684396241,169.66731594148624,55.61338093313171,201.3684582535728,171.89354761356452,17.51909958075978,3156.3101752999937
192,161316.4451395,1,-2.755373186688453,-380054.93816537276,19.188462336156874,324.6437849698319,10.07303379505866,44.4764074875617,5.657323366942545,189.52139017820832,55.72170104211757,209.55980148092203,195.08118299406416,17.779568234948467,3167.913467299979
193,161325.8577977,1,-3.6194671132382337,-351329.21636133647,36.09610190093926,243.10069448448257,7.53264580333645,44.844671126338234,5.652346623057648,181.160764660553,14.46076663361065,166.7616358537608,40.088898335813475,17.79753607315011,3177.326125499996
194,161334.352021,1,-3.5144133728783196,-350692.24479803006,36.05104157697093,269.710322317316,9.075324267661792,44.62466121708442,6.122404224021999,117.99465753471654,50.683015285193285,185.4493745355451,93.56790964709626,4.316263516420699,3185.8203487999854
195,161344.1679235,1,-3.6722731341573445,-346184.3615360639,29.034191415262175,268.3395433313254,8.996263179106856,44.62466121708442,5.650832067853557,115.27012929461166,44.091019448565845,199.33448467906354,31.46395375782346,4.556264659520105,3195.6362512999913
196,161357.1033067,1,-3.4925837673836626,-329911.28197032935,40.068923927784695,238.3414403590542,7.120846575988583,44.97668778363368,5.878491057617379,52.61403783327903,56.25356301912763,189.5864749971875,68.81828437501048,17.79917667630188,3208.5716344999964
197,161365.3885716,1,-4.419406196597364,-279749.94592842564,30.724307056803777,341.2697061962267,7.087932343597697,45.2011801130627,5.853272418904853,50.071288427534725,55.81125482067578,199.55994821463352,30.782848705509146,4.139451531589925,3216.8568993999797
198,161376.6420691,1,-1.6627913413167648,-447178.2274472106,26.02330559841846,226.91148202862416,13.76475406396213,45.733479592123274,6.119802337716912,170.18535849150174,24.762521170617973,171.45353434018662,177.66076583858836,27.199035619444302,3228.1103968999814
199,161389.080275,1,-2.2799241498207476,-401857.8694230641,28.62383206296935,330.28116374734935,15.239290869116092,45.90351867999036,4.965666493962394,189.52139017820832,55.80973865439374,208.84981523880063,173.28410132803776,4.0192047896179695,3240.5486027999723
200,161398.0428786,1,-3.9577760073974235,-215233.92619119567,28.58454740668291,323.6706013604908,7.087932343597697,31.84317943638446,5.853272418904853,50.071288427534725,58.413798045149235,200.05399113834687,36.78422088809552,9.54685123131799,3249.5112063999986
201,161407.6967258,1,-1.8908824107466309,-429000.1518793144,26.02330559841846,225.46690597391955,13.76475406396213,45.77028181133504,4.913049344990847,173.38466141395241,61.80580414338557,170.4107187438054,177.66076583858836,9.811864377696415,3259.1650535999797
202,161416.3850413,1,-2.0458839660073314,-419641.3051052135,31.967121723750566,326.0439797935446,13.749769016589873,44.82112892612091,6.172419486684557,170.7225379916302,24.725060394258904,209.28141125122906,178.74480969453356,27.352050030519905,3267.8533690999902
203,161425.4614709,1,-4.383276918202047,-277090.5947093197,29.49791105427772,335.2188243793178,7.09619576185217,44.860807798340595,6.161498507695948,41.03205153573951,55.85163807276085,172.4575713156381,31.384277158030645,4.094590041118996,3276.9297986999736
204,161434.5735671,1,-3.9988636781787643,-338593.46769145696,35.224106324636594,249.00378122005628,7.087667529126883,45.18504344106034,5.702150759425924,189.97211170912516,71.12162237617657,199.55994821463352,30.782848705509146,4.046942800771918,3286.0418948999722
205,161442.7124885,1,-3.2624233481680864,-355362.4017803499,34.13983279008273,268.11766179542474,10.058532622411791,44.844671126338234,6.173370503838447,119.91282515509312,71.26402629986164,172.4575713156381,31.384277158030645,4.7586365820720165,3294.1808162999805
206,161451.1090321,1,-3.6333413151854677,-342693.06058220234,30.195189738390248,244.60015443703625,7.088913470065732,43.81321457507498,5.638960071711058,180.58263611306037,61.70858061396953,199.33448467906354,61.03259263851746,16.83260910472924,3302.577359899995
207,161459.3777357,1,-2.830783378647351,-366350.89967376494,35.016561891894966,232.85879395917695,7.22271340848366,44.844671126338234,5.571461028517113,181.44712093648363,56.6318373666504,195.39826440233895,182.0008453793011,17.78474851265559,3310.846063499979
208,161469.2012105,1,-3.057149298843973,-374237.8474421477,34.154186251327076,270.7820708965595,10.045375376731572,45.633382547743516,5.701609331069208,169.3809595902162,13.449179887123936,172.72610318843022,54.931823753847034,17.531887141254295,3320.6695382999897
209,161477.4441352,1,-2.300085495742173,-407159.4210414927,23.80236223901508,269.34099086997685,13.712626476929493,44.76279193118437,6.01393060466714,192.45754962434063,64.17143555784499,199.33448467906354,74.09028530026016,15.01443609877867,3328.912462999986
210,161485.9891382,1,-4.405839265232936,-282670.6686857203,39.50442343686676,341.2697061962267,7.087932343597697,45.2011801130627,5.853272418904853,50.071288427534725,55.81125482067578,199.55994821463352,30.782848705509146,4.139451531589925,3337.4574659999926
211,161494.6538204,1,-4.393241597369308,-276625.73995870614,30.029349815656644,355.76920647544074,7.106818552606645,46.37726968783818,6.735037310918866,52.78242221024799,50.023307832056254,186.74789740531816,30.06096806144356,4.484066752887724,3346.1221481999964
212,161507.0597528,1,-4.064327814010971,-313801.79462577304,50.93264090276299,263.22965919189846,7.087932343597697,45.28723026952774,5.842113147314806,52.780902262485895,51.87842328269397,169.63163427805904,31.60000224055545,4.721479514068425,3358.5280805999937
213,161514.8432311,1,-4.408959478741755,-278622.29819629196,34.1195337712702,341.2697061962267,7.087932343597697,44.12875654281959,5.853272418904853,52.78084570982663,50.0527250246884,200.63822606685258,31.60000224055545,4.564636975356512,3366.3115588999935
214,161524.3767677,1,-2.577055092635176,-400980.0668965206,47.11880069370172,269.710322317316,10.045375376731572,46.89303818177232,5.264729684396241,169.66731594148624,55.613552916951384,186.28180160139854,178.94148612155237,17.27201487525927,3375.8450955000008
215,161536.7519783,1,-3.7406778023171774,-317915.8613955481,60.683805884107045,334.1747149836146,7.658015666034956,49.54631131480925,6.319025387702789,52.468662443305526,52.29319185730148,186.7263335374415,164.46170245360068,4.139451531589925,3388.2203060999746
216,161544.677233,1,-2.4125632006417943,-396689.4013519948,43.916648468478776,226.96318165057951,11.798033184055546,43.56641339069076,6.759153097256298,179.2170912565702,3.8816741619679744,172.63891507840552,43.091627995652864,21.160696079677983,3396.1455607999815
217,161558.5073967,1,-4.042715330051839,-317379.32954063016,32.674119543271814,244.0743355651892,7.106818552606645,45.189780362331156,5.760576919043366,52.78247876290725,50.023307832056254,169.64358300721634,26.39299402382228,4.72126314768867,3409.975724499993
218,161566.5964093,1,-2.847271726814228,-384769.87736995437,28.58246399204477,324.6437849698319,15.485230040468949,31.710343666323638,4.965666493962394,189.52139017820832,58.4122818788672,209.40538045290998,178.74480969453356,8.87512483252369,3418.0647370999795
219,161575.0573029,1,-1.9710706518391197,-428552.71438175166,26.133998417214645,226.7924920530098,13.749769016589873,44.857931145333055,6.076348125987741,173.5090083392733,61.76829928569806,209.40538045290998,178.74480969453356,9.963156962109842,3426.5256306999945
220,161588.0277083,1,-1.8551192133241554,-426609.78993598174,51.54768491753558,324.70911482537144,15.32279496386284,42.93358871026226,5.0091207056907825,170.18495909221878,25.370469314825378,171.45353434018662,177.66076583858836,27.199035619444302,3439.4960360999976
221,161600.7908063,1,-2.5917261456979817,-397997.52135582245,57.57741343236146,271.90730354978814,10.021643386283767,43.541939856603506,5.361256128102038,175.2629681624966,55.309434827965376,205.32314280150305,165.8236618828255,21.160696079677983,3452.2591340999934
222,161610.2103163,1,-2.240584211493641,-415765.9248128513,33.99821570442625,224.76685917926733,11.147241864576547,44.54707542284901,6.662626653278993,169.66731594148624,1.9047715548744284,167.56849807742807,177.69228547021783,17.51909958075978,3461.6786441000004
223,161618.5440906,1,-3.946210333516187,-336000.86962284986,37.147446231486214,248.91462010506996,7.082637546438615,44.844671126338234,6.15976617483657,186.68594469994972,76.853031266242,198.0263075131771,40.6559048307331,4.168340071863503,3470.0124183999724
224,161627.1957861,1,-3.7924564513810988,-346468.14192340337,35.23094788757392,243.1898555994689,7.591821367802541,45.18504344106034,5.702150759425924,189.19906073017387,6.13413120892399,167.43775109574221,30.82512663752682,4.0152698199691255,3478.664113899984
225,161636.4540073,1,-3.480516575933444,-363658.3987217822,34.89306557248063,249.00378122005628,9.010653496410583,44.71727291976161,5.704020459710031,189.97211170912516,71.12162237617657,199.55994821463352,30.782848705509146,4.090709663518073,3487.922335099982
226,161644.9684034,1,-3.678544808705469,-326228.961301796,28.911895905412912,269.710322317316,7.0981928512995776,45.092431738383155,5.6489623675694505,115.27012929461166,45.149046685258014,199.33448467906354,61.03259263851746,18.83508175804303,3496.436731199996
227,161653.5868075,1,-1.6475772663389596,-448460.21526573267,26.357046645370527,226.63489187436252,13.76475406396213,45.733479592123274,6.119802337716912,170.18535849150174,24.982747378331677,171.45353434018662,184.27742948887519,27.199035619444302,3505.0551352999755
228,161662.0760845,1,-2.9762429581882714,-374313.69645018934,33.82044520833037,269.98707789033926,10.892834399671273,43.81321457507498,5.650832067853557,121.09085806377452,61.59041628679693,199.33448467906354,53.97918961722068,17.927820242022104,3513.5444122999907
229,161672.1432868,1,-3.068710044878675,-363494.2557167648,43.215362298072726,259.864268012686,10.051510628388158,43.81321457507498,5.650832067853557,56.90983127125904,61.626747143194,197.1615105212486,63.77952583972497,17.927820242022104,3523.6116145999986
230,161680.2481619,1,-4.22543995239386,-305807.55260509346,34.55670715866947,334.1747149836146,7.658015666034956,44.99112699271456,6.319025387702789,116.65501901514898,50.97356569092996,186.7263335374415,41.7326822249252,4.139451531589925,3531.7164896999893
231,161693.228405,1,-2.704834162792,-393869.54606356996,34.154186251327076,269.710322317316,10.045375376731572,44.54707542284901,5.264729684396241,158.6617167267933,55.613552916951384,201.3684582535728,178.94148612155237,16.882140346582613,3544.6967327999882
232,161702.7884974,1,-1.7813165640979958,-437452.35038885515,33.712309706613595,257.17471659346336,15.508234301230853,43.74179843146802,5.264729684396241,169.66731594148624,55.61338093313171,200.87050309123066,171.89354761356452,17.51909958075978,3554.256825199991
233,161711.6736558,1,-2.9127493370392306,-380265.46936896874,28.58246399204477,324.6437849698319,15.485230040468949,31.710343666323638,4.361843934301694,189.52139017820832,58.4122818788672,209.40538045290998,178.74480969453356,5.874941006151345,3563.141983599984
234,161720.1282118,1,-4.320498600795159,-290675.41033092805,28.625915477607485,341.2697061962267,7.71192546221007,45.2011801130627,5.853272418904853,50.071288427534725,55.81125482067578,199.55994821463352,30.782848705509146,4.139451531589925,3571.5965395999956
235,161728.719378,1,-4.185921143981571,-301288.59292658156,30.029349815656644,269.3669841107035,7.221794777673896,43.70200690804542,5.717071319893479,36.192794331794374,50.023307832056254,185.7038314036342,30.06096806144356,4.72126314768867,3580.1877057999955
236,161739.0229323,1,-2.923663324215857,-384428.39987122326,35.26820625250523,252.70423984037205,9.930178049627546,45.30098802932037,5.269291836745061,188.4853970392252,61.8106008767034,171.398261093785,61.03259263851746,20.981676533539748,3590.4912600999814
237,161747.4202976,1,-2.1148914892256516,-406619.7345354283,40.2616077091628,243.10069448448257,13.458825353660082,45.63279107504538,5.664662820626344,181.160764660553,14.46076663361065,171.23078575758058,39.6558916516763,17.79753607315011,3598.8886253999954
238,161758.4312184,1,-2.37935156737403,-367670.1571584185,37.46037496997158,226.91148202862416,7.237510409362406,44.94535964341603,6.107486140148216,170.18535849150174,24.762521170617973,166.98438443637605,178.14722683162609,27.199035619444302,3609.899546199973
239,161769.5474608,1,-4.299586359998717,-287628.54978303035,43.61788320496662,334.1747149836146,7.658015666034956,41.82245191016908,6.319025387702789,52.468662443305526,50.78971195795962,186.7263335374415,42.9140613689532,4.4478371103056125,3621.0157885999943
240,161785.2060525,1,-4.421872340413318,-278975.32485266216,28.625915477607485,341.2697061962267,7.087932343597697,45.2011801130627,5.853272418904853,50.071288427534725,55.81125482067578,199.55994821463352,30.782848705509146,4.139451531589925,3636.6743802999845
241,161793.6128734,1,-3.5717112137145506,-349551.0227434037,26.45416750524595,229.5926695511311,7.214553689145658,45.72127940200086,6.251519587445993,165.49371216847388,24.95983527010302,171.37372412928744,166.71542674527532,4.139451531589925,3645.081201199995
242,161802.8609004,1,-2.570020522752864,-368193.82886743115,28.52879461773206,323.2008594868246,13.638829997349374,45.213380303185104,6.119802337716912,47.45032457251899,55.834183131597214,199.6381782845488,33.084018088535615,26.759402970750145,3654.3292281999893
243,161812.4525415,1,-4.2184100526457335,-319121.56075833534,43.56066648279462,334.50867232783304,7.658015666034956,44.99370085400316,6.616547272040467,164.39406490234884,50.78971195795962,209.66558613869753,46.62862535723002,4.407234458177958,3663.9208692999964
244,161820.655161,1,-2.441625335996612,-386013.17731323326,32.02433845491703,324.24314768360637,13.749769016589873,44.85535728404445,4.965666493962394,61.612988283595605,61.76829928569806,189.82106151232367,175.0028356831735,9.85186888277276,3672.123488799989
245,161828.9104595,1,-3.9920842462723485,-326129.7657432783,35.214651292401996,269.6881221679686,7.087667529126883,43.53733715762422,5.821376990277325,189.97211170912516,71.12162237617657,191.30809902429527,61.73355092837166,4.095919484515503,3680.3787872999965
246,161836.841477,1,-3.0840068382626877,-372537.6007083702,34.163641283561674,249.02598137153214,10.051510628388158,45.460920858107876,5.707309717823972,121.09085806377452,64.65167378112181,204.24986055467218,30.086309252267775,18.793346534823428,3688.3098047999956
247,161847.6279553,1,-2.467737454333094,-403348.8908747821,31.08191098723915,227.33796702122396,10.045375376731572,44.54707542284901,6.65587541562449,158.04456333116744,63.93589403469559,170.79934988311277,177.86197781459097,17.488976601976045,3699.0962830999924
248,161857.733797,1,-2.4586546427373825,-402921.06102737365,33.99821570442625,267.13946985297054,11.147241864576547,44.54707542284901,5.271480921932237,170.28446933541835,0.20825968937115036,198.13119391700275,178.77179377717923,16.912263325366343,3709.20212479998
249,161865.3593887,1,-4.0310603593963865,-320991.2866312618,34.88555176524789,245.4664856865565,7.301429288549388,44.97668778363368,5.878340237142802,52.61403783327903,50.95840814346376,189.5864749971875,30.770131159431404,4.07152330184891,3716.8277164999745
250,161875.1761471,1,-3.412428951106287,-367838.13377748785,36.10361570817199,238.9939850080428,9.010653496410583,44.71727291976161,5.704171280184608,189.97211170912516,69.17144100897131,199.55994821463352,31.39699470410839,4.090884544739868,3726.6444748999784
251,161884.4997586,1,-1.6123721247821017,-450179.23190230515,26.692034393580908,219.89257805166278,13.76475406396213,45.6813661342161,6.169489633477991,170.18535849150174,24.727704270397314,171.45353434018662,184.27742948887519,27.199035619444302,3735.968086399982
252,161893.3181239,1,-2.057247031346471,-418165.401366747,31.632133975614444,331.48234264831257,13.749769016589873,44.873242384027954,6.122732190923478,170.7225379916302,24.98010350219327,209.28141125122906,178.74480969453356,27.352050030519905,3744.786451699998
253,161901.5143841,1,-2.3739562130269745,-405999.4635195388,31.967121723750566,325.5812529058169,14.258121469097123,44.84565399678004,5.246879223116278,173.50860893999032,56.59460287122183,209.40538045290998,178.74480969453356,9.963156962109842,3752.9827118999965
254,161910.2126945,1,-3.2454751310025727,-369525.0187685408,35.26820625250523,268.8550675374912,9.536799654783284,43.825491723627906,4.988079107591177,169.88960321057957,61.8106008767034,187.45850891002772,57.32284099740653,18.189270004253643,3761.6810222999775
255,161919.9095571,1,-4.421872340413318,-278975.32485266216,28.625915477607485,341.2697061962267,7.087932343597697,45.2011801130627,5.853272418904853,50.071288427534725,55.81125482067578,199.55994821463352,30.782848705509146,4.139451531589925,3771.3778848999937
256,161927.9118221,1,-3.9988636781787643,-338593.46769145696,35.224106324636594,249.00378122005628,7.087667529126883,45.18504344106034,5.702150759425924,189.97211170912516,71.12162237617657,199.55994821463352,30.782848705509146,4.046942800771918,3779.380149899982
257,161935.7947755,1,-2.0318682259166705,-420316.12474889774,31.967121723750566,326.0439797935446,13.749769016589873,44.82112892612091,6.172419486684557,170.7225379916302,23.69403257078377,209.28141125122906,183.0538928836942,27.352050030519905,3787.263103299978
258,161947.6644666,1,-1.8090675869869646,-435086.28697313997,33.712309706613595,269.710322317316,15.508234301230853,44.54292200453746,5.264729684396241,169.66731594148624,55.61338093313171,201.3684582535728,171.89354761356452,17.51909958075978,3799.1327943999786
259,161961.1790464,1,-4.022417927997157,-320680.6075004097,37.583367259464254,238.24279466401492,7.095930947381356,44.97132822303491,5.878491057617379,49.20208468108625,50.91760856430782,198.86115406506872,31.384277158030645,4.071698183070669,3812.6473741999944
260,161968.7917707,1,-3.4590180712979794,-362550.53823974443,34.91719600315386,249.10242691512755,9.010653496410583,44.72263248036038,5.704020459710031,189.33888767199753,71.17543520640491,190.28526836192694,31.541328963997934,4.090709663518073,3820.2600984999735
261,161982.2829408,1,-4.393758630921217,-280531.0193874813,34.76622033380959,341.2697061962267,7.087932343597697,45.299159088334626,5.853272418904853,50.071288427534725,62.030580024728735,187.16288529757537,30.25932548538728,4.139451531589925,3833.7512685999973
262,161990.710786,1,-3.2917136623751153,-370042.5291352348,29.127901396425226,268.8550675374912,9.536799654783284,43.727512748323115,4.988079107591177,169.88960321057957,55.59127567264724,201.5314021182674,57.848229584312534,18.189270004253643,3842.179113799997
263,161999.7575411,1,-3.7639942888881315,-299478.6538290531,32.07873498322318,334.2557167480123,7.658015666034956,44.81841444816654,5.855433788795981,45.83837193333912,50.78971195795962,186.7263335374415,183.65385528792967,5.2070306955505,3851.2258688999864
264,162007.7449145,1,-2.0656670746135504,-402855.0628900781,43.50626995440365,325.9629780290646,15.958271872567163,45.541329131591766,6.170274680042741,177.63972757778282,23.69403257078377,209.28141125122906,41.69522013098397,26.85191973053339,3859.2132423000003
265,162019.6877861,1,-4.421872340413318,-278975.32485266216,28.625915477607485,341.2697061962267,7.087932343597697,45.2011801130627,5.853272418904853,50.071288427534725,55.81125482067578,199.55994821463352,30.782848705509146,4.139451531589925,3871.1561138999823
266,162031.4386617,1,-3.7157395045161388,-348576.15288825694,36.84353133165505,243.10069448448257,7.53264580333645,44.844671126338234,5.652346623057648,181.160764660553,14.46076663361065,169.14139584759891,23.93732107281684,17.79753607315011,3882.906989499985
267,162041.8118624,1,-4.402328074584412,-281797.24523768935,28.625915477607485,333.97288872377203,7.087932343597697,45.2011801130627,5.854101632634344,50.68533891618445,55.81125482067578,198.1971952645132,30.782848705509146,4.507782894412831,3893.280190199992
268,162051.7313026,1,-1.6332663050468306,-448908.0267595338,26.692034393580908,219.89257805166278,13.76475406396213,45.6813661342161,6.22899759645398,174.15180870448324,24.727704270397314,167.48605345839678,184.3146242552742,25.59749018327162,3903.1996303999913
269,162063.9533399,1,-3.1279003450568483,-374236.1469292714,33.64362756864332,252.70423984037205,9.930178049627546,45.30098802932037,5.269291836745061,188.4853970392252,62.16451539843102,171.398261093785,61.03259263851746,4.657243294050025,3915.421667699993
270,162073.6952226,1,-3.670968861946944,-329229.86452373886,34.53602614743333,334.1747149836146,8.782025189784363,44.832366814561674,6.213963381820526,116.65501901514898,50.61965116769551,186.7263335374415,43.50863791826616,20.86168271643247,3925.1635504000005
271,162084.3236661,1,-3.1199861218719005,-379693.71339257935,34.89306557248063,248.91759784292753,10.025829639114988,43.86655816063517,5.685705318797111,189.97211170912516,62.8481101231814,199.55994821463352,33.169172983004344,20.213016850006873,3935.7919938999985
272,162093.8630416,1,-3.520011750107499,-356533.200798636,35.26820625250523,269.94567037952726,9.029974667095699,45.08453610293264,5.287606977657981,174.92405353092087,70.08411312671284,187.45850891002772,58.647823978836286,4.025749586332832,3945.3313693999953
273,162102.2636973,1,-2.617088929903985,-393583.2346510363,26.971227665297775,269.75432855457836,10.045150809799123,43.81119909877931,5.084014998259558,169.77085396157236,61.8106008767034,188.81798442374517,190.55265584286934,18.189270004253643,3953.7320250999765
274,162111.6315741,1,-1.8067161568398324,-420777.5332799154,34.98901298552655,215.33061178055058,13.76475406396213,45.68338161026103,6.169489633477991,170.30410774050893,20.590752782077494,171.45353434018662,53.39076160831182,27.199035619444302,3963.0999018999864
275,162122.2556497,1,-2.030114073459796,-421630.3671190425,33.78132053427575,325.244342677213,15.449992411338618,44.723077651017995,5.264729684396241,173.82025462432654,56.71868110354122,200.87050309123066,171.89354761356452,17.51909958075978,3973.7239774999907
276,162130.4134441,1,-2.183261080280075,-419316.4093712513,31.89811089608841,257.51093174314485,13.79417999542761,43.864374777229926,5.246879223116278,169.3556702571499,55.489302700812324,209.40538045290998,178.74480969453356,9.963156962109842,3981.8817718999926
277,162141.0721496,1,-2.9400441975067904,-369626.6544996852,34.154186251327076,291.5679792893903,8.815240430138573,44.33809148135093,6.686589786360345,169.58062144000417,55.037399540339564,201.3684582535728,177.6777224740424,16.860541587877197,3992.540477399976
278,162154.1731372,1,-2.1940745010310847,-420321.3479530756,33.99821570442625,221.02867151645026,11.147241864576547,44.54707542284901,5.240766551080004,158.74841122799978,3.113884563519722,167.56849807742807,178.9560491177278,18.793233557345893,4005.6414649999933
279,162161.8480817,1,-3.0134045462326013,-381308.387348094,35.26820625250523,253.88291996581881,9.702998324522925,44.86394912219019,4.723717628095254,181.44604042457289,13.81466908296023,166.77110731785226,59.80098342070049,20.981676533539748,4013.3164094999956
280,162173.3042988,1,-3.534058362101883,-357678.6565580509,36.09610190093926,241.92201435909547,7.759825694602709,45.281710033468414,5.148586365559394,188.2001212504078,62.466269955299154,171.3887896297025,41.32051076517588,17.79753607315011,4024.7726265999954
281,162181.5110119,1,-4.040257205020518,-320801.22076052916,34.12662071357332,245.4664856865565,7.301429288549388,44.97668778363368,5.878340237142802,52.61403783327903,41.31226877897423,189.5864749971875,28.66347139603768,4.07152330184891,4032.9793396999885
282,162194.2751532,1,-4.3997789370646565,-277647.1832069189,28.625915477607485,341.2697061962267,7.087932343597697,45.2011801130627,5.853272418904853,42.46764015751983,55.81125482067578,199.55994821463352,37.49610650320131,4.139451531589925,4045.743480999983
283,162202.2601553,1,-2.2195248107161145,-414821.92226797563,33.48494069703767,257.17471659346336,14.26736246452609,41.41396271376384,5.136971424184083,169.66731594148624,55.61338093313171,199.9701022383594,172.077747555539,8.917120813707523,4053.728483099985
284,162210.5198716,1,-2.017808624037239,-423537.1585825778,32.19449073332649,325.5812529058169,15.498993305799358,44.84433735613835,5.246879223116278,173.50860893999032,56.59460287122183,209.40538045290998,178.5606097525048,17.523812391452758,4061.988199399988
285,162220.1833107,1,-3.0058400442345623,-345452.51909339795,43.85378455595446,325.09159369242025,7.793301572769068,44.72672613018012,6.418579845505426,173.82025462432654,56.87235741241552,201.6362485028348,176.6780844584767,17.51909958075978,4071.651638499985
286,162229.4848894,1,-2.365226723985012,-371523.75376264786,33.79048317775541,334.3274639681231,15.315232448269208,44.98747851355244,5.1651752265615585,52.468662443305526,50.55390659869942,187.00670398751572,38.305721714266696,4.139451531589925,4080.9532171999745
287,162237.7644646,1,-4.241012421944766,-298660.65248054254,43.61788320496662,334.1747149836146,7.658015666034956,44.99112699271456,5.325966590285554,52.468662443305526,47.093493714148885,186.7263335374415,42.9140613689532,4.582993459562159,4089.2327923999983
288,162246.2534626,1,-2.923663324215857,-384428.39987122326,35.26820625250523,252.70423984037205,9.930178049627546,45.30098802932037,5.269291836745061,188.4853970392252,61.8106008767034,171.398261093785,61.03259263851746,20.981676533539748,4097.7217903999845
289,162258.1011361,1,-1.5965824554121915,-444047.80506820587,41.81398775747359,242.7421080224827,16.130128760325725,43.74179843146802,5.264729684396241,169.66731594148624,55.61338093313171,200.87050309123066,171.73524187628308,17.51909958075978,4109.569463899999
290,162266.7632531,1,-3.7885861943549908,-344522.757037959,36.09610190093926,242.9982662339513,7.554923333297449,44.844671126338234,6.104683039170398,181.58214718644567,58.322759650967214,165.9070905646166,41.16816227783536,4.268480114979745,4118.231580899999
291,162275.9478688,1,-3.2401893753922746,-368194.3420083016,29.127901396425226,268.95749585453063,9.568667761323486,43.727512748323115,4.961172200854211,169.46822059382498,11.749869509535571,201.5314021182674,57.37824989523127,18.500578306834466,4127.416196599981
292,162288.4902359,1,-2.689968105510946,-383000.2256138613,27.155628980125613,222.41099641614292,8.039314254021075,45.281710033468414,5.148586365559394,188.7838240898307,76.7003502445941,169.1540459208927,178.18547710506965,17.79753607315011,4139.958563699998
293,162296.9774364,1,-2.0430350838513722,-410980.8032664536,35.63250732552979,239.40360054286813,13.485360128199915,45.6813661342161,6.169489633477991,169.60152521012046,24.727704270397314,171.38793186495394,47.23958694584502,27.199035619444302,4148.445764199976
294,162306.1111211,1,-3.4405261772846063,-332583.01041198574,30.846608630614284,341.2697061962267,9.985017106211572,45.139731118114945,5.238072362215923,53.376736466023864,55.80742477498697,193.73433131899503,173.99493231773778,4.139451531589925,4157.579448899982
295,162316.1468364,1,-3.9195706980660177,-330409.33730096905,34.154186251327076,269.710322317316,7.148294625088143,44.60852441779676,5.87992974108517,155.42513849298555,55.61738296264019,201.3684582535728,36.271095161421385,16.882140346582613,4167.6151641999895
296,162328.312739,1,-3.802804063940649,-345479.3315278104,36.09610190093926,243.10069448448257,7.5867913851139175,44.844671126338234,6.15976617483657,181.160764660553,14.46076663361065,165.9070905646166,39.11696843010787,4.1579296581540195,4179.781066799973
297,162336.4133432,1,-2.5929923451923957,-398136.62395387725,57.57741343236146,271.90730354978814,10.021643386283767,43.541939856603506,5.361256128102038,175.2629681624966,53.279130332314296,205.32314280150305,165.8236618828255,21.160696079677983,4187.881670999981
298,162344.5621261,1,-2.127759108471376,-419848.8323356294,25.667869659278484,217.51280996637513,9.92465679164648,45.768465268547466,6.199776669583507,161.6677643129431,54.455593820556814,171.45353434018662,186.15037310345417,27.199035619444302,4196.030453899992
299,162353.144297,1,-2.117365855069035,-420289.3639322831,57.57741343236146,280.24203629259307,13.861740768005884,43.45484071856847,5.330969091996227,175.55155241088443,25.581560467544094,205.32314280150305,163.95059081419618,16.736489967170908,4204.612624799978
300,162362.4187962,1,-3.9305485680123136,-322210.27332445915,28.625915477607485,218.92293820240945,6.837898357221899,45.2011801130627,5.853272418904853,50.071288427534725,53.72460940624681,199.02232965029032,30.782848705509146,4.139451531589925,4213.887124000001
301,162370.95489,1,-2.612183856974171,-378890.9991597751,33.99821570442625,346.76026226413273,11.397543321742784,44.54707542284901,6.662626653278993,169.66731594148624,1.9047715548744284,165.80645937548613,177.69228547021783,17.502232977529843,4222.42321779998
302,162380.6470594,1,-4.2037836559515895,-297051.85279374453,33.92737994940578,353.2384908984117,8.24070718417003,45.25876491382861,5.853272418904853,50.071288427534725,54.45553717881373,201.42090737037546,30.76923055814479,4.2473719426199,4232.1153871999995
303,162388.5810993,1,-3.969255720330114,-264391.44471950136,28.852721779548133,269.710322317316,5.34555957939217,44.550939617030835,5.87992974108517,155.42513849298555,55.61738296264019,199.50749909783022,22.983478952033725,17.153109154445875,4240.049427099992
304,162398.1536374,1,-3.9246513305251214,-329075.6289223159,34.154186251327076,268.8841954256217,6.995138185506903,44.33851389775621,5.87992974108517,169.1682627148254,55.59164361269243,201.3684582535728,36.271095161421385,16.905894943239467,4249.6219652
305,162406.3504925,1,-3.2568441582697796,-371475.6143473986,29.127901396425226,269.6811944291855,9.689960947025183,43.76612484819232,4.988079107591177,169.88960321057957,55.617015022595005,201.5314021182674,57.848229584312534,18.165515407596793,4257.818820299988
306,162414.3426488,1,-2.1542720685315158,-411818.65113985806,32.204189569043166,327.7719370720202,15.420898729636907,44.84412817504514,5.246879223116278,170.88274916471838,56.59460287122183,209.69343037966723,178.7477680245091,9.963156962109842,4265.810976599983
307,162422.3494665,1,-2.215517886284101,-415061.29799404397,31.957422888033893,325.5812529058169,14.33621604525754,44.140274132993454,5.246879223116278,173.50860893999032,59.54628478405858,209.40538045290998,178.5576514225293,17.523812391452758,4273.8177942999755
308,162430.5960303,1,-3.224216868581999,-367458.8971048172,57.57741343236146,271.90730354978814,9.997477870394688,43.541939856603506,6.892549417925383,166.17316595752453,53.870735176383945,205.60020762170248,26.76894512364691,21.800119418988224,4282.064358099975
309,162440.3554745,1,-3.2646303565997594,-374737.0419917993,41.195596718117386,249.00378122005628,9.034819012300419,44.71727291976161,5.704020459710031,190.38893637184788,70.5300161247805,201.98334611148786,173.74510111399945,4.207712558054592,4291.823802299972
310,162449.3705589,1,-3.252469301563007,-354188.32884363225,35.26820625250523,332.7992211526215,9.759069920087775,44.98778852235517,6.4847702412405175,188.4853970392252,61.10512804142112,171.398261093785,61.03259263851746,21.547312572644437,4300.8388866999885
311,162458.4510632,1,-3.8723874076047475,-331829.7592418148,43.61788320496662,254.07184634159145,7.829123871677466,45.30432649967977,5.103546983097967,54.30138693047975,51.49518479275562,186.7263335374415,43.698580151320506,4.236498490928371,4309.919390999974
312,162467.4314269,1,-3.647427692637938,-345971.6922276274,34.154186251327076,333.36500833390164,10.045375376731572,44.54707542284901,5.264729684396241,158.6617167267933,55.597826815229084,201.3684582535728,33.84476179184651,4.5224490397027,4318.899754699989
313,162476.8177364,1,-2.8958632273785745,-317692.9181186244,28.625915477607485,270.3161088810586,7.087932343597697,45.2011801130627,5.854101632634344,50.68533891618445,66.7622192456379,194.86376403651138,176.44042746616645,17.033280652343805,4328.286064199987
314,162485.3613713,1,-1.9823372164374018,-414399.1732388681,54.72542734410379,258.5834344911532,14.905325419366902,43.74179843146802,5.434342675408466,169.66731594148624,55.61338093313171,198.35130121837372,171.89354761356452,5.393246825433893,4336.829699099995
315,162493.5414268,1,-4.154943484936232,-289386.50129463075,28.625915477607485,332.558571483696,7.278734413431691,45.2011801130627,5.854101632634344,50.68533891618445,55.81125482067578,200.7163971373622,30.782848705509146,16.76118321053896,4345.009754599974
316,162502.644201,1,-1.218361470848491,-461785.2575105575,35.12692993110345,219.89257805166278,16.771094722668483,45.6813661342161,6.251061549849722,170.1905410404849,20.461055213500288,202.40979543244657,177.17003939742204,27.199035619444302,4354.112528799975
317,162511.6932874,1,-2.0338608784980625,-426803.1355838814,25.277414248996855,257.17471659346336,13.471367593906184,43.74179843146802,5.183157768021208,169.6621333925031,59.88065244078065,169.89612118916037,198.30449938594822,17.51909958075978,4363.1616151999915
318,162522.4492378,1,-1.8700801994770304,-422551.8590107037,26.692034393580908,219.89257805166278,13.76475406396213,45.22498509174212,4.981756783781137,170.18819961343735,24.025103645008876,171.45353434018662,58.739452877487054,27.319727523446595,4373.917565599986
319,162532.4290315,1,-2.792736379816361,-367787.813766762,26.51746865695381,268.8550675374912,9.536799654783284,37.454182792832775,6.175811957285409,169.88676208864393,55.59127567264724,201.5314021182674,191.13206012842858,18.068578025325465,4383.897359299997
320,162542.0509991,1,-2.2627247941947286,-404956.0943047831,25.277414248996855,326.77440452204945,13.471367593906184,43.74179843146802,5.176499497525457,169.6621333925031,59.87363958234954,167.52249255169085,199.5733169954727,17.51909958075978,4393.5193268999865
321,162550.6372802,1,-2.0671416446458597,-422568.455375688,31.967121723750566,255.9801723144669,14.258121469097123,44.84565399678004,5.253537493612029,173.50860893999032,56.601615729652934,209.58574472140558,178.74480969453356,8.80405712036596,4402.1056079999835
322,162559.027801,1,-1.094480369635125,-461644.3187588324,26.692034393580908,219.89257805166278,17.991363563792557,45.6813661342161,6.269936103787853,170.18535849150174,24.727704270397314,171.13984216834456,161.45914921978988,27.199035619444302,4410.496128799976
323,162567.3886723,1,-1.5640595251153637,-452246.4763929501,40.28825452894799,219.89257805166278,13.7712395072121,45.6813661342161,6.15061507953986,170.1905410404849,10.602687586598025,204.62146237084104,196.50627233605354,27.199035619444302,4418.85700009999
324,162577.2782903,1,-1.3733845766514623,-420269.1463938317,35.11991858081047,219.89257805166278,16.771094722668483,45.6813661342161,6.251061549849722,48.74307161867933,20.461055213500288,202.40979543244657,177.17003939742204,4.922850943414799,4428.746618099976
325,162585.7661685,1,-3.700511051497278,-327707.05229419016,43.62489455537486,334.1747149836146,7.658015666034956,45.43660717582678,6.319025387702789,174.06621442041353,50.78971195795962,186.7263335374415,42.9140613689532,26.844461950776093,4437.234496299992
326,162607.7707978,1,-4.239946925211187,-317340.5073023113,43.56066648279462,334.50867232783304,7.658015666034956,44.247093330615336,6.616547272040467,164.39406490234884,50.78971195795962,209.66558613869753,46.62862535723002,4.407234458177958,4459.239125599997
327,162623.9911517,1,-2.8180434366731597,-388417.51740881766,32.87302483309855,252.70423984037205,10.399328005459346,45.30098802932037,5.269291836745061,188.4853970392252,61.8106008767034,171.398261093785,61.03259263851746,20.981676533539748,4475.459479499987
328,162632.6416419,1,-3.6691119860221604,-305030.99660626135,34.293921153545085,243.10069448448257,6.412892075159612,41.68139573868072,5.2557718075528905,181.160764660553,14.184077346937272,166.7616358537608,35.31556280759885,17.799349139216957,4484.109969699988
329,162641.0645863,1,-1.6060370899899947,-441933.8635011324,33.712309706613595,257.17471659346336,16.657973822609673,43.74179843146802,5.661304499900999,161.32431169041135,55.61338093313171,200.87050309123066,178.9252515137697,17.517286514692927,4492.532914099982
330,162650.7077101,1,-2.0290680470046634,-430025.439423748,26.083350530383317,257.17471659346336,13.471367593906184,43.77686712334937,5.183157768021208,189.0843422990071,59.366780264004,175.35744689847274,198.30449938594822,17.824154390768904,4502.176037899975
331,162658.7030588,1,-3.4759085482671286,-360634.129545309,34.08712931798665,249.00378122005628,9.010653496410583,44.68220422788022,5.704020459710031,170.54968238366266,71.63549444351392,194.0974464997895,30.782848705509146,4.9468752050453375,4510.171386599977
332,162667.4764126,1,-4.176986839192814,-310204.94960187917,39.635579816206786,268.1234345304484,7.087932343597697,45.21541970765595,5.286964576156088,50.071288427534725,55.64479472423979,199.55994821463352,30.782848705509146,4.139451531589925,4518.94474039998
333,162675.7544495,1,-2.864900595658392,-370367.0351821461,34.154186251327076,340.06618946959134,10.045375376731572,44.53283582825576,5.831037527145005,158.6617167267933,55.780013013387375,201.3684582535728,178.94148612155237,16.882140346582613,4527.22277729999
334,162687.0034566,1,-3.2646303565997594,-374737.0419917993,41.195596718117386,249.00378122005628,9.034819012300419,44.71727291976161,5.704020459710031,190.38893637184788,70.5300161247805,201.98334611148786,173.74510111399945,4.207712558054592,4538.471784399997
335,162695.3690756,1,-2.4367522979342633,-403664.0283971146,57.57741343236146,266.62891871036214,10.021643386283767,43.541939856603506,5.361256128102038,175.2629681624966,53.279130332314296,205.32314280150305,165.8236618828255,25.716398793618545,4546.837403399986
336,162703.2022226,1,-1.5405422143138345,-453471.2183649096,26.692034393580908,219.89257805166278,13.815369059315293,47.25925642426482,6.169489633477991,170.17980600577317,24.727704270397314,171.45353434018662,183.96295370931,28.392771181756515,4554.670550399984
337,162711.4509902,1,-2.2780647451669696,-413990.8867679113,33.99821570442625,224.76685917926733,11.096626869297634,44.52645683617699,6.662626653278993,169.67286842721484,1.9047715548744284,166.648169770682,178.0067612492151,16.32536262277898,4562.919318
338,162724.5024016,1,-4.391099802221816,-304254.43892661016,27.151710065903913,341.2697061962267,7.087932343597697,45.194711788383096,5.853272418904853,173.342200593154,55.81125482067578,209.9984364904273,30.782848705509146,4.139451531589925,4575.970729399996
339,162736.210155,1,-2.321841942218839,-388159.3523817055,31.99878644950444,325.5812529058169,14.258121469097123,44.85212232145964,5.246879223116278,50.31017481239667,56.59460287122183,195.29031607956026,178.74480969453356,9.963156962109842,4587.6784827999945
340,162743.6422996,1,-2.1043041118380392,-383507.5079833917,18.681239243693263,341.2697061962267,16.671818945237025,45.2011801130627,5.867608934370025,50.071288427534725,55.80112996259794,199.55994821463352,162.1428901164511,4.266711413514621,4595.11062739999
341,162752.7886972,1,-3.8023657256667476,-298425.7405940958,33.712309706613595,257.17471659346336,5.997919075462365,43.74179843146802,5.250393168931069,169.66731594148624,47.25703344357201,202.83472895685264,41.07230044720917,17.78227117001712,4604.257024999999
342,162760.8396133,1,-3.2683295618390784,-371947.33751625684,30.2559971139597,261.9461585169904,9.984803133345657,43.4680481418534,5.361256128102038,176.9301609531738,57.184463905493,205.32314280150305,28.932460276964804,21.160696079677983,4612.307941099978
343,162770.1294986,1,-3.9125882796424,-296249.1453314526,55.94739711052769,341.2697061962267,7.124776435666148,45.235657838178845,4.574281556329776,48.50821998461633,58.39702294835864,199.55994821463352,168.88636474901602,4.139451531589925,4621.597826399986
344,162778.2109012,1,-1.676045385753788,-444371.2884419655,26.692034393580908,250.61988665054542,13.815369059315293,47.25925642426482,6.169489633477991,170.17980600577317,59.44574564908251,171.45353434018662,186.51802856836684,28.392771181756515,4629.679228999972
345,162788.00965,1,-2.7423917459334444,-396518.15889460646,35.26820625250523,221.9770359055243,9.930178049627546,45.6923791473158,5.269291836745061,188.4853970392252,27.092597067339497,171.398261093785,57.97419564025843,20.981676533539748,4639.477977799979
346,162801.0430436,1,-1.9107345761169205,-406295.2065512524,33.712309706613595,257.17471659346336,15.858957369987658,43.74179843146802,5.34097471770366,168.24137444639337,55.51102875731542,199.05748690942124,32.50301348848585,4.196883722396423,4652.511371399974
347,162814.0124934,1,-2.795945324568384,-357094.0793208054,28.625915477607485,218.86215907782156,7.520776241814456,45.2011801130627,4.859611535347769,50.071288427534725,53.8269615820631,200.83534583209956,170.7887889347639,17.97001690583432,4665.480821199977
348,162827.9109734,1,-3.967671213992934,-338394.4788508534,36.09610190093926,241.58090676239638,7.086165717184652,44.78362039548849,5.957194995292633,173.42299032950743,14.46076663361065,208.74267230274862,31.106646406365783,4.1579296581540195,4679.379301199981
349,162835.8236557,1,-4.1309690179789476,-308913.8316335894,27.151710065903913,342.6769147311689,7.588558011527234,45.25576251923284,5.853272418904853,181.07997492352783,55.81125482067578,165.81032582051938,38.79317086709294,4.139451531589925,4687.2919834999775
350,162843.8607524,1,-2.3937968837934687,-358720.86923619325,35.12692993110345,219.7579355589774,6.712141493806184,45.6813661342161,6.251061549849722,170.76498814249186,20.461055213500288,202.40979543244657,177.17003939742204,27.199035619444302,4695.329080199997
351,162854.691298,1,-1.432397140077057,-416545.4360829768,36.09610190093926,243.23534848561582,17.660050946151884,44.844671126338234,6.15976617483657,180.5863175414339,14.46076663361065,164.06156074834627,39.11696843010787,4.140413646960306,4706.159625799977
352,162866.1970905,1,-3.3329124802133245,-366791.9253712172,31.967121723750566,259.79361404688245,8.074158677104744,44.84565399678004,4.794665564569831,173.3572812056927,56.601615729652934,209.58574472140558,191.44336014719087,8.80405712036596,4717.665418299992
353,162874.0519307,1,-2.1178539884212277,-390868.7507835979,28.625915477607485,215.1159608375144,13.023206645204095,45.2011801130627,5.853272418904853,50.29511195734328,53.72460940624681,199.02232965029032,31.91390397261226,4.139451531589925,4725.520258499979
354,162888.9982023,1,-3.9252650287667112,-311275.32373235753,27.151710065903913,341.2697061962267,7.087932343597697,45.188085249807266,5.853272418904853,189.71824452929533,70.76186932673129,209.2129483279867,171.17720664521306,4.20261395597552,4740.466530099977
355,162904.4502204,1,-3.4173779319719393,-367945.6241660614,41.195596718117386,249.00378122005628,9.272774192730555,44.723899458337435,5.704020459710031,174.01280416746764,55.57940120486062,202.56060075440084,33.95316147488579,4.144550133691409,4755.918548199988
356,162921.5004137,1,-3.5920615347222857,-352987.7264763446,36.02499948329173,243.10069448448257,7.53264580333645,45.8042596330466,5.652346623057648,175.7518378285684,14.46076663361065,166.7616358537608,41.245966009274255,17.79753607315011,4772.9687414999935
357,162939.0072165,1,-1.3047335245580098,-458063.26444189803,35.19803234875098,230.44653090486798,16.805950860196756,44.721777627505666,6.251061549849722,166.22467189183425,21.250637833679583,202.40979543244657,177.17003939742204,27.199035619444302,4790.4755442999885
358,162957.9577878,1,-3.618583768851367,-350773.86533552763,36.09610190093926,243.10069448448257,7.53264580333645,44.844671126338234,5.652346623057648,178.18551969125008,14.46076663361065,164.63580198703667,40.088898335813475,17.79753607315011,4809.426115599985
359,162974.0459433,1,-1.5787123895807305,-451896.3190238748,26.692034393580908,219.89257805166278,13.76475406396213,46.57642348936931,6.169489633477991,170.18535849150174,24.727704270397314,169.65841958852891,187.0710239623997,27.199035619444302,4825.5142710999935
360,162991.3492795,1,-3.1848662504317957,-373087.7663548093,36.09735117678536,239.8147975480501,9.612023660255202,45.68855195617376,5.957194995292633,173.42299032950743,14.46076663361065,208.74267230274862,31.106646406365783,4.158542382760473,4842.817607299978
361,163008.6185512,1,-3.3566870188615154,-362296.19090833067,35.266956976659124,223.7431459978817,7.404322541667733,44.78744758663041,5.269291836745061,177.38741071896473,27.092597067339497,171.398261093785,57.97419564025843,21.916804648490995,4860.08687899998
362,163025.9680609,1,-3.0764249159131087,-376196.64655746083,31.53264998439488,252.70423984037205,9.142366514899082,45.30098802932037,5.269291836745061,188.4853970392252,61.8106008767034,171.398261093785,61.03259263851746,23.241321667129373,4877.436388699978
363,163043.5060395,1,-4.2187729587698515,-319161.6374570602,43.56066648279462,334.50867232783304,7.658015666034956,44.99370085400316,6.616547272040467,164.39406490234884,49.981815717919915,209.66558613869753,46.62862535723002,4.407234458177958,4894.97436729999
364,163059.5316829,1,-2.0486363813203727,-422807.82731140277,30.012705552163858,258.57374449940494,14.258121469097123,45.72726656832371,5.253537493612029,170.24249550753814,56.601615729652934,209.58574472140558,178.75038726063372,8.80405712036596,4911.000010699994
365,163078.9986735,1,-1.237797946296631,-461550.4806298661,32.17143536407217,217.3010568289721,16.771094722668483,44.799753562672144,6.251061549849722,173.4566544729371,20.461055213500288,202.40979543244657,177.1644618313219,27.199035619444302,4930.467001299985
366,163103.95859,1,-1.218361470848491,-461785.2575105575,35.12692993110345,219.89257805166278,16.771094722668483,45.6813661342161,6.251061549849722,170.1905410404849,20.461055213500288,202.40979543244657,177.17003939742204,27.199035619444302,4955.426917799981
367,163126.4931553,1,-2.5929923451923957,-398136.62395387725,57.57741343236146,271.90730354978814,10.021643386283767,43.541939856603506,5.361256128102038,175.2629681624966,53.279130332314296,205.32314280150305,165.8236618828255,21.160696079677983,4977.961483099993
368,163147.4583049,1,-3.5509146243063676,-360886.1757517613,31.29778688282817,251.4114182001232,8.87876199831132,44.71727291976161,5.704020459710031,190.38893637184788,71.3838770402806,201.98334611148786,29.85755335169084,4.208511086556062,4998.926632699993
369,163167.7830064,1,-3.917346029752095,-289789.660617788,40.75335622676657,347.93145534943045,7.243989482422672,45.2011801130627,5.853272418904853,50.071288427534725,54.95739250002925,196.7359293366263,178.5320140765464,4.13865300313104,5019.251334199973
370,163188.9434554,1,-4.239527346359959,-317264.26700112317,43.56066648279462,334.50867232783304,7.658015666034956,44.247093330615336,6.661768800743322,164.39406490234884,50.78971195795962,209.66558613869753,46.62862535723002,4.407234458177958,5040.41178319999
371,163211.7157738,1,-4.395192435993849,-279314.55642560555,28.625915477607485,341.2697061962267,7.087932343597697,45.2011801130627,5.853272418904853,50.071288427534725,55.81125482067578,199.55994821463352,38.499905294522975,4.072714899361378,5063.184101599996
372,163234.4658068,1,-4.14710470017516,-323663.4516148472,43.56066648279462,325.0830286664089,7.658015666034956,44.96586488715488,6.135582216631295,162.74560767612013,50.78971195795962,207.98700351191363,66.2461170260824,4.373676950068825,5085.934134599986
373,163257.697307,1,-3.02553673775966,-378028.2548934989,35.26820625250523,262.1230924061118,9.930178049627546,45.32882399616865,5.315025684237606,190.13106161812237,61.8106008767034,171.398261093785,46.39380334855956,21.48939802356322,5109.1656347999815
374,163279.1798496,1,-3.270712460291999,-374399.45032035396,41.195596718117386,249.00378122005628,9.009603301496561,44.71727291976161,5.704020459710031,189.99183966319043,70.5300161247805,201.98334611148786,173.74510111399945,4.211011986393684,5130.6481773999985
375,163302.3199962,1,-4.446456617105408,-298005.20373113273,27.151710065903913,341.2697061962267,6.782762463888757,45.194711788383096,5.853272418904853,173.342200593154,49.17974638099275,209.9984364904273,21.83861073935992,4.113706650498774,5153.788323999994
376,163323.6019196,1,-1.7857075123282151,-436973.49814997235,33.663547133935175,257.17471659346336,15.508234301230853,43.74051246962964,5.264729684396241,169.66731594148624,55.60900048941951,200.87050309123066,168.88569727870458,17.51909958075978,5175.070247399999
377,163345.7421997,1,-4.366144096257552,-304755.12913676666,27.200472638850627,341.2697061962267,7.087932343597697,45.19599775021459,5.853272418904853,173.342200593154,55.81563526438797,209.9984364904273,39.082893542348344,4.139451531589925,5197.210527499992
378,163368.8391391,1,-3.975680297389924,-339763.83185617166,36.111425212428166,242.06248997667026,7.086165717184652,44.846633281631924,5.278679218105859,173.42299032950743,14.46076663361065,208.8497674255988,31.106646406365783,4.1579296581540195,5220.307466899976
379,163389.6864222,1,-2.0691135015801336,-421417.3844767266,31.951798412261866,255.49858910041405,14.258121469097123,44.782641110636604,5.9320532707987965,173.50860893999032,56.601615729652934,209.58574472140558,178.74480969453356,8.80405712036596,5241.154749999987
380,163409.3369329,1,-3.268552385373433,-365069.72272368456,26.710587962595305,243.02895870795103,8.647611655800308,47.246498677255246,6.199367204166042,175.7518378285684,56.02106134666944,166.7616358537608,23.31153045705334,28.462935385809487,5260.805260699999
381,163431.3511877,1,-1.8387333082746566,-437003.4490399666,36.00644592571772,250.6916224270772,13.815369059315293,45.81701737893241,5.622469052369594,170.17980600577317,17.88906770760294,171.45353434018662,199.5563968124068,19.008641932693777,5282.819515499985
382,163452.4918659,1,-3.8111781967001526,-348385.7036744033,35.278039965437834,243.10069448448257,7.5867913851139175,44.84149882579586,5.3513170954648634,189.29186897258163,14.46076663361065,171.70973790626164,40.4831395831694,4.02718917547218,5303.9601936999825
383,163475.0710236,1,-2.9184422298273716,-381234.8170840862,36.08626818800665,252.70423984037205,9.930178049627546,45.304160329862746,6.077740916116604,181.13247851649038,61.8106008767034,165.59561375267916,59.666428034941795,20.981676533539748,5326.539351399988
384,163499.0300795,1,-3.915176201954288,-343457.8079330822,57.57741343236146,271.90730354978814,7.512199911555454,43.507161225386724,5.361256128102038,181.62216472145536,53.279130332314296,205.32314280150305,76.92991446304345,4.936060274698737,5350.49840729998
385,163521.7249803,1,-2.718527155746487,-383011.3912007162,43.56066648279462,325.0830286664089,10.16746001791957,45.00064351836313,6.135582216631295,162.74560767612013,50.78971195795962,207.98700351191363,166.30568719569052,20.866624400223277,5373.193308099988
386,163543.2381504,1,-4.144883075639019,-324337.87069165386,47.10609891762451,325.0830286664089,7.650717372119974,44.96586488715488,6.135582216631295,162.74560767612013,50.78971195795962,207.96915040707015,67.42531930562045,4.1020702266507,5394.70647819998
387,163565.0225535,1,-3.478613136458375,-363778.7871907665,34.89306557248063,249.00378122005628,9.01795179125472,44.71727291976161,5.704020459710031,189.97211170912516,71.12162237617657,199.57519276607604,29.61772947227856,4.349442259788619,5416.490881299978
388,163586.6299015,1,-2.0686807383064547,-419132.3934959431,26.098737708869468,255.60606898503698,14.258121469097123,44.782641110636604,6.498127069664007,173.50860893999032,71.92180582711681,208.92592445702158,178.74480969453356,8.929037377213033,5438.098229299998
389,163607.5000127,1,-2.066348809162729,-428832.77274394437,31.93641123393221,257.0672367088404,13.028907012928556,44.44645117834412,5.183157768021208,189.0843422990071,56.587007485716114,175.27094065503536,198.82967210819064,17.69924252995761,5458.968340499996
390,163629.6187956,1,-1.8095027048772834,-436866.22951164196,17.101318343574547,250.61988665054542,12.838471658973482,47.25925642426482,5.6806965142147545,169.3600295117885,70.38699671615527,171.45353434018662,186.51802856836684,28.392771181756515,5481.087123399979
391,163650.1952067,1,-3.6720503518816474,-349229.7435347739,41.195596718117386,249.00378122005628,7.220186899092679,44.71727291976161,6.192813578973266,190.81076264440344,60.74210297233941,200.45468309134748,180.74394891717384,4.010537311378778,5501.663534499996
392,163673.7122781,1,-4.2845834087751,-314667.7361039924,34.37916120217389,341.2697061962267,7.580655725546391,45.194711788383096,5.841753765461378,170.21653863580892,49.263029347575504,203.34859615228393,32.1771558656378,4.5119329118646,5525.180605899979
393,163695.2225796,1,-1.3198151564694316,-458697.79541372077,27.89947879641814,219.89257805166278,16.120220203121878,45.6813661342161,6.229245947842656,173.31620299783,20.37781553565845,209.64580859488277,169.6992425105135,27.480824015837516,5546.690907399985
394,163720.7068753,1,-3.870816846242075,-341991.1415375233,36.111425212428166,226.89025184102948,7.086165717184652,44.235724501967674,5.278679218105859,165.05859013197698,9.252549655453619,209.78933145453615,31.106646406365783,4.1579296581540195,5572.175203099992
395,163738.209163,1,-4.243044978056996,-315841.31148702314,43.56066648279462,348.8621462966313,7.658015666034956,44.85800211027958,6.616547272040467,172.75846509977345,50.36932549911802,208.78001751052852,46.62862535723002,4.399267163955879,5589.677490799979
396,163760.4598345,1,-3.9524569133139895,-340803.1576691502,36.09655676045227,242.02809709446234,7.086165717184652,45.06220029434345,5.278679218105859,173.42299032950743,14.46076663361065,208.8497674255988,39.65430667662792,4.1579296581540195,5611.928162299999
397,163780.1838944,1,-3.8154384758609265,-344668.6007460258,36.11097035291516,243.13508736669047,7.5867913851139175,44.844671126338234,6.15976617483657,181.160764660553,12.283480865231926,165.9070905646166,30.56930881385196,4.1579296581540195,5631.652222199977
398,163795.7766538,1,-1.633492307702123,-432198.6208140258,31.951798412261866,255.49858910041405,16.811493105143246,44.782641110636604,5.9320532707987965,170.25165909363267,65.91077069741704,209.5830035601994,178.74480969453356,8.804932391617374,5647.244981600001
399,163814.7847689,1,-1.5302500511269825,-453559.69745930325,35.12692993110345,219.89257805166278,14.217722996573189,45.6813661342161,6.251061549849722,173.44749088684256,20.288114456046948,202.349678369556,177.17003939742204,29.068435839588027,5666.253096699977
400,163835.2225172,1,-1.8387333082746566,-437003.4490399666,36.00644592571772,250.6916224270772,13.815369059315293,45.81701737893241,5.622469052369594,170.17980600577317,17.88906770760294,171.45353434018662,199.5563968124068,19.008641932693777,5686.6908449999755
401,163853.2335343,1,-1.5404185599036702,-453459.14660025085,26.692034393580908,219.89257805166278,13.815369059315293,47.25925642426482,6.169489633477991,170.17980600577317,24.727704270397314,171.23721143149464,183.96295370931,28.392771181756515,5704.701862099988
402,163870.7833007,1,-3.0592248166066054,-382164.31467994006,41.195596718117386,249.00378122005628,9.876070549054038,44.71727291976161,5.704020459710031,189.6207626885034,70.5300161247805,201.98334611148786,159.60434844170257,4.211011986393684,5722.251628499973
403,163886.723693,1,-1.218361470848491,-461785.2575105575,35.12692993110345,219.89257805166278,16.771094722668483,45.6813661342161,6.251061549849722,170.1905410404849,20.461055213500288,202.40979543244657,177.17003939742204,27.199035619444302,5738.192020799994
404,163907.5380966,1,-1.2382107091275043,-458601.7059724608,35.12692993110345,219.89257805166278,16.771094722668483,45.6813661342161,6.251061549849722,170.1905410404849,20.461055213500288,202.40979543244657,160.6565539659445,27.199035619444302,5759.006424399995
405,163928.5550479,1,-2.5575884051662183,-400622.8355560374,57.22985700385022,271.90730354978814,10.272114815960464,43.541939856603506,5.361256128102038,175.2629681624966,53.279130332314296,205.32314280150305,165.8236618828255,21.160696079677983,5780.023375699995
406,163949.2209631,1,-2.568851125207521,-402065.4956599494,57.57741343236146,262.1735591028819,9.912259265863412,44.84548611280587,5.361256128102038,175.2691361054796,53.279130332314296,205.32314280150305,159.47553788749428,21.160696079677983,5800.689290899987
407,163970.5877333,1,-3.926083867800552,-337531.6263593564,39.44292115436455,242.06248997667026,7.195553518628227,43.54308702542849,5.278679218105859,173.44922913226856,6.807443827893097,208.8497674255988,33.79930424577363,4.1579296581540195,5822.056061099982
408,163991.6802162,1,-2.7212134913591206,-388299.71778345737,32.22816318846726,271.90730354978814,9.508440855004006,43.541939856603506,5.909815127166453,175.2629681624966,53.279130332314296,209.4560719815444,165.21306426959265,21.160696079677983,5843.148543999996
409,164012.1880025,1,-1.9562781141783185,-423757.096380201,57.301058366653926,255.49858910041405,14.489010919670351,44.782641110636604,5.383494271734381,173.50860893999032,56.601615729652934,205.43939533679327,179.3554071516025,8.80405712036596,5863.6563303
410,164032.009944,1,-1.57364616792414,-453209.95468089724,36.00644592571772,214.8613200858012,13.815369059315293,47.12860988961008,5.610929217192587,191.70156903128924,17.88906770760294,170.84878911929556,199.5563968124068,20.826841336971967,5883.478271799977
411,164050.7518367,1,-2.957277720740576,-381229.44515489216,35.26820625250523,252.70423984037205,9.930178049627546,45.30098802932037,5.2808316719220665,166.9597316163356,61.8106008767034,171.398261093785,61.03259263851746,19.163477129261558,5902.220164499973
412,164069.6178118,1,-3.9660863263468418,-334607.12536531145,27.151710065903913,341.2697061962267,9.042834910485244,44.71692048622294,4.74956471218229,173.342200593154,49.17974638099275,209.9984364904273,30.16419703276179,4.021900267196913,5921.086139599996
413,164089.1517016,1,-3.692221569477112,-338869.0720693984,41.195596718117386,249.00378122005628,6.749533347484222,45.19506422192176,5.704020459710031,189.99183966319043,71.69049682831647,201.98334611148786,169.67592351551542,4.206458107433363,5940.620029399986
414,164109.9039835,1,-1.6342475552832956,-445343.53224811645,26.86123702072663,250.61988665054542,14.885095936770094,43.97010269698458,6.134400427038699,170.57519409534308,56.194735445529446,171.45353434018662,187.40532166448423,28.392771181756515,5961.372311299987
415,164128.6749152,1,-4.24248670865559,-311985.10753589607,46.936907005750456,325.0830286664089,6.59142495275781,47.96232911169846,6.3941516213355705,162.35021958652078,50.52725693587481,207.96915040707015,66.1108731129093,4.1020702266507,5980.143242999999
416,164145.9986067,1,-2.7423917459334444,-396518.15889460646,35.26820625250523,221.9770359055243,9.930178049627546,45.6923791473158,5.269291836745061,188.4853970392252,27.092597067339497,171.398261093785,57.97419564025843,20.981676533539748,5997.4669345
417,164165.2256522,1,-2.8319977434455637,-389104.1291202308,35.26820625250523,252.70423984037205,9.930178049627546,46.655042353888156,5.269291836745061,188.4853970392252,60.248991115456626,171.398261093785,70.69233110829263,20.981676533539748,6016.693979999982
418,164184.1168508,1,-3.4620163996195816,-350865.0444285848,27.04948567224319,341.2697061962267,10.889504622931373,45.16890924230401,6.389638359867794,173.342200593154,61.19434717355739,209.55187000054102,21.83861073935992,4.11345639517646,6035.585178599984
419,164202.7038319,1,-4.072571843713689,-337301.66298778943,34.99528996861897,249.00378122005628,6.924960918808512,44.74307546584069,5.7059265655694436,189.97211170912516,50.02012400044114,199.71335191816598,29.61772947227856,4.34969585613595,6054.172159699985
420,164221.7506308,1,-2.6959709425371616,-392975.91214287584,57.57741343236146,262.1735591028819,9.077681138755642,44.84548611280587,5.361256128102038,175.2691361054796,53.279130332314296,205.32314280150305,159.47553788749428,21.160696079677983,6073.218958599988
421,164243.4782244,1,-2.0691135015801336,-421417.3844767266,31.951798412261866,255.49858910041405,14.258121469097123,44.782641110636604,5.9320532707987965,173.50860893999032,56.601615729652934,209.58574472140558,178.74480969453356,8.80405712036596,6094.946552199981
422,164264.6329495,1,-2.945829684186587,-386101.60594516405,39.7428010672178,249.00378122005628,9.876070549054038,46.96935493126458,6.063541944288339,189.6207626885034,73.19724805850738,202.32002438778986,155.01778050363146,4.780913812268093,6116.101277299982
423,164282.2246188,1,-2.085522695799026,-419646.3705645943,31.119377592452018,255.49858910041405,14.258121469097123,44.72081169870946,6.046869202027331,173.50860893999032,56.601615729652934,209.58574472140558,178.74480969453356,8.07162631420037,6133.6929466
424,164301.3172856,1,-4.300522949565082,-302106.2226532897,29.70078933034071,341.2697061962267,6.782762463888757,46.345996868160285,5.853272418904853,161.40346255958886,49.17974638099275,209.9984364904273,59.92111682640386,4.70079222367353,6152.7856133999885
425,164318.4965356,1,-3.0549839976128603,-375094.6291624291,27.126695203594604,252.70423984037205,10.111221110359581,45.30098802932037,5.604679008102812,188.4853970392252,61.8106008767034,171.398261093785,23.29362088210179,20.80799808048885,6169.964863399975
426,164335.4636334,1,-4.141464530118346,-306127.54853458435,22.9523897755259,249.00378122005628,6.046476415038152,44.74307546584069,5.7059265655694436,189.97211170912516,50.02012400044114,201.22785855015997,29.61772947227856,4.34969585613595,6186.931961199996
427,164352.3042611,1,-4.452544256839155,-295707.486249448,27.151710065903913,341.2697061962267,6.782762463888757,45.380038577878466,5.853272418904853,159.053483092581,49.17974638099275,209.9984364904273,21.83861073935992,4.113706650498774,6203.772588899999
428,164369.261218,1,-3.1179840624151267,-374365.78581298137,40.57812780808172,219.89257805166278,7.6438478734834625,45.67330878424993,6.251061549849722,170.2414331512609,54.33321308393826,202.40979543244657,69.46692821717433,27.199035619444302,6220.729545799986
429,164387.0756076,1,-1.9649339716513867,-406924.0209011509,47.10609891762451,325.0830286664089,16.77876146981816,44.97392223712103,6.135582216631295,168.3064431407033,24.459592005626646,207.96915040707015,174.73968292206015,4.924029868218906,6238.543935399997
430,164404.3719638,1,-2.5981541169892246,-397096.2922926352,54.40145999247308,262.1735591028819,9.75305660597198,44.87937849287989,6.018851643559769,162.7274850400753,56.1971238599782,205.34715863945166,159.47553788749428,21.160696079677983,6255.840291599976
431,164422.3535061,1,-1.1921022291568706,-462470.6431086306,36.41940925150635,219.89257805166278,16.930065393957292,45.82819058173984,6.251061549849722,170.17849787988183,20.461055213500288,202.38577958177714,177.17003939742204,27.199035619444302,6273.821833899972
432,164440.2607857,1,-4.293894568365817,-318546.11928879976,38.536504044154185,334.80128341674435,7.384841850348237,45.194711788383096,5.841753765461378,190.7645766387802,49.263029347575504,203.4258553281997,32.1771558656378,4.5119329118646,6291.729113499983
433,164460.8997422,1,-3.2616892492480964,-371398.0703226119,41.195596718117386,255.43008450639047,9.205417233811142,44.71727291976161,5.704020459710031,169.4430096774663,70.5300161247805,201.90608693557124,173.74510111399945,4.211011986393684,6312.368069999997
434,164481.7695374,1,-2.983108640016589,-384060.66633208375,41.195596718117386,249.00378122005628,9.009603301496561,44.71727291976161,7.058857123553075,189.99183966319043,70.5300161247805,201.98334611148786,173.74510111399945,11.572214811851342,6333.237865199975
435,164500.8035927,1,-2.0290680470046634,-430025.439423748,26.083350530383317,257.17471659346336,13.471367593906184,43.77686712334937,5.183157768021208,189.0843422990071,59.366780264004,175.35744689847274,198.30449938594822,17.824154390768904,6352.271920499974
436,164517.9647338,1,-3.0592248166066054,-382164.31467994006,41.195596718117386,249.00378122005628,9.876070549054038,44.71727291976161,5.704020459710031,189.6207626885034,70.5300161247805,201.98334611148786,159.60434844170257,4.211011986393684,6369.433061599993
437,164537.0774909,1,-4.044509486617048,-306178.60441755125,36.111425212428166,248.24570182101826,6.13897108748896,44.846633281631924,6.085713033172471,169.98561947846042,14.46076663361065,208.8497674255988,31.106646406365783,4.1579296581540195,6388.5458186999895
438,164554.5812453,1,-3.644485470143416,-351689.48658542254,36.02499948329173,239.65340589724326,7.53264580333645,45.8055211738952,5.652346623057648,175.7518378285684,14.85686448208403,165.73179746937248,27.595091985803123,17.79753607315011,6406.049573099997
439,164573.0159939,1,-4.3675301531631785,-303623.1655642364,27.200472638850627,344.50977473832734,7.087932343597697,45.194736209365985,5.853272418904853,173.342200593154,55.81563526438797,209.31282248114204,39.082893542348344,4.139451531589925,6424.4843216999725
440,164589.7819698,1,-3.985644083822868,-338581.3597181634,36.111425212428166,242.06248997667026,7.019240961972768,44.846633281631924,5.278679218105859,173.42299032950743,14.46076663361065,208.8497674255988,31.106646406365783,4.1579296581540195,6441.250297599996
441,164605.2646924,1,-1.5398999120629033,-456093.7590177692,26.692034393580908,219.89257805166278,13.815369059315293,47.25925642426482,5.874101047348466,194.08953169230722,24.727704270397314,171.45353434018662,183.96295370931,28.392771181756515,6456.733020199987
442,164621.4648291,1,-3.759266248814768,-337857.26605514507,36.02499948329173,248.9584545525198,6.800421076834834,45.8042596330466,6.276542021525557,176.17900205387795,16.93794026963768,204.71942507996988,41.245966009274255,17.79753607315011,6472.933156899991
443,164638.1793763,1,-4.207878903275771,-309878.1854251758,27.151710065903913,341.2697061962267,7.5149871904612136,45.380038577878466,5.853272418904853,187.89006947559525,51.23421903428998,170.9806060288692,21.83861073935992,4.113706650498774,6489.647704099974
444,164655.1969579,1,-1.3198151564694316,-458697.79541372077,27.89947879641814,219.89257805166278,16.120220203121878,45.6813661342161,6.229245947842656,173.31620299783,20.37781553565845,209.64580859488277,169.6992425105135,27.480824015837516,6506.665285700001
445,164673.4024957,1,-1.151823849491403,-465303.85228746413,36.41940925150635,219.89257805166278,16.930065393957292,45.82819058173984,6.251061549849722,170.17849787988183,22.233656519252886,202.38577958177714,177.17003939742204,31.668441497270173,6524.870823499979
446,164691.5156579,1,-1.9000299297781222,-433154.133775948,57.8590117891137,254.62343557936646,14.173285514887537,43.54427054921603,6.029034599688265,175.2691361054796,50.129356686825574,209.56676824157307,159.47553788749428,21.160696079677983,6542.983985699975
447,164709.0600644,1,-3.0156846088759024,-385818.40017768403,30.837805074297926,263.0487126239296,9.99709537096036,44.76680638881117,5.3790907304410975,173.50860893999032,56.601615729652934,205.32795689775259,178.74480969453356,8.07162631420037,6560.52839219998
448,164726.3876408,1,-3.3866643330209794,-371084.5769611315,39.195182352409574,262.52271333408885,9.059760382390674,44.701001359710006,5.704020459710031,189.82944567897394,52.1761925104949,205.03079741087168,159.62543357816796,4.211011986393684,6577.8559685999935
449,164743.5442666,1,-2.2215545356888464,-412947.23519970867,59.57782810550928,248.6546269889007,9.862102184969505,44.86175767285748,5.361256128102038,175.43150416427596,71.45679544584024,202.27569147592496,173.59520540986134,29.20915390571856,6595.012594399974
450,164762.1317244,1,-1.5833889965163646,-450968.31386777613,55.40463990104928,220.75967297249375,13.864426271679864,44.458571258503994,5.852915179026574,191.5256410290033,49.21288208411268,170.11372710754154,180.7698017510957,27.85215799943164,6613.600052199996
451,164779.855401,1,-4.2102547652423485,-314965.79998222453,26.178629724927823,334.80128341674435,7.384841850348237,47.26133704966281,6.158328219912795,169.4172574589205,24.77785443736571,204.69896285047955,35.63247403751653,5.4377981217033415,6631.323728799995
452,164798.7108125,1,-4.295130530897059,-318334.0058124209,37.82338724519759,334.80128341674435,7.384841850348237,45.194711788383096,5.841753765461378,190.7645766387802,49.263029347575504,203.4258553281997,32.1771558656378,4.5119329118646,6650.179140299995
453,164816.419063,1,-4.452544256839155,-295707.486249448,27.151710065903913,341.2697061962267,6.782762463888757,45.380038577878466,5.853272418904853,159.053483092581,49.17974638099275,209.9984364904273,21.83861073935992,4.113706650498774,6667.887390799995
454,164833.0663669,1,-1.824195368613999,-435824.5721356279,36.012310141334304,250.6916224270772,13.937697013987082,40.89019454966084,6.251218968281901,170.1798621918773,17.6962622500375,173.31222452051136,199.5563968124068,27.148325419082244,6684.534694699978
455,164848.2969337,1,-1.2783924564035385,-456048.82961064926,36.41354503588976,219.89257805166278,16.807737029994765,45.82819058173984,5.622311633937407,170.1784416937777,18.50327228805672,200.519545065561,177.17003939742204,19.059352109956553,6699.765261499997
456,164866.6755543,1,-1.8377856861154633,-437042.855934392,36.00644592571772,250.6916224270772,13.815369059315293,45.81701737893241,5.622469052369594,170.17980600577317,17.88906770760294,171.45353434018662,199.8276691832555,19.008641932693777,6718.143882099976
457,164882.3141633,1,-3.6630050937366323,-357009.0425797501,34.89306557248063,249.00378122005628,9.01795179125472,41.04996789983148,5.331809638448042,189.97211170912516,70.96872883804937,199.57519276607604,29.61772947227856,4.349442259788619,6733.782491099992
458,164900.3588732,1,-4.0179976571280225,-332758.19254535565,36.18581744200469,242.2691764332541,6.643155852017694,45.47090531762011,5.278679218105859,173.42299032950743,15.328084456271156,207.31971746703366,32.33794027586178,4.1579296581540195,6751.827200999978
459,164917.8689499,1,-3.2677839730470963,-374623.34615044325,41.12120448854115,248.79709476347253,9.008141951090249,44.84353776338754,5.803491039905291,189.99183966319043,69.67171640865149,202.0689261026982,173.09780000587966,4.211011986393684,6769.3372776999895
460,164936.4978911,1,-2.2761848699661944,-406152.085081303,59.57782810550928,261.5776940406936,9.667202094732406,44.86175767285748,5.361256128102038,175.43150416427596,72.349102079253,202.27569147592496,173.59520540986134,29.20915390571856,6787.966218899994
461,164954.6594622,1,-2.4045910291580395,-411106.03226420673,57.57741343236146,249.25049205111392,9.912259265863412,44.84548611280587,5.361256128102038,175.2691361054796,52.38681351779376,205.32314280150305,191.54045857257884,21.160696079677983,6806.127789999999
462,164971.2149877,1,-2.39249951340986,-411104.18085873825,31.119377592452018,245.74374245271235,12.396186190772365,44.72081169870946,6.046869202027331,173.50860893999032,56.601615729652934,209.58574472140558,178.74480969453356,8.07162631420037,6822.683315499977
463,164988.0183743,1,-1.14997531104285,-466385.6027251589,36.41940925150635,219.89257805166278,16.930065393957292,45.82819058173984,5.342053226098323,170.17849787988183,22.233656519252886,202.38577958177714,177.17003939742204,31.668441497270173,6839.4867020999955
464,165004.689945,1,-4.354158418520515,-309315.4028262798,27.200472638850627,341.2697061962267,7.087932343597697,47.22284154851262,5.853272418904853,173.342200593154,55.81563526438797,209.9984364904273,32.22137342080619,4.139451531589925,6856.158272799978
465,165022.2047753,1,-3.052284163799754,-383272.8406019663,41.195596718117386,249.00378122005628,9.876070549054038,44.71727291976161,5.704020459710031,196.2324269028596,70.5300161247805,201.98334611148786,163.8513655807891,4.211011986393684,6873.67310309998
466,165039.9084479,1,-4.411486879289477,-296232.5724252533,28.645228141464507,341.2697061962267,6.782762463888757,45.38569623535131,6.143361306625838,159.053483092581,50.57868159237873,209.9984364904273,33.02734792181238,4.1013268519731385,6891.376775699988
467,165056.0659575,1,-4.2238329621242325,-317944.82752084243,45.612587261536376,342.7445894626551,7.650717372119974,44.960207229682034,5.84549332891031,162.74560767612013,50.732451745171254,207.96915040707015,52.173409671131175,4.1144500251763345,6907.534285299975
468,165071.6480504,1,-3.720033845346615,-356330.1518232136,34.89306557248063,249.00378122005628,9.01795179125472,41.107935827869376,5.331809638448042,164.9901319805424,51.41649395902788,207.8731272260917,29.475559529897847,4.349442259788619,6923.1163781999785
469,165086.4220442,1,-4.141586919277383,-319069.57957396423,47.10609891762451,327.08375237277227,7.650717372119974,42.31807789738614,6.135582216631295,187.72639411690884,63.92734590752486,197.7894111980712,67.57858759109591,4.1020702266507,6937.890371999994
470,165103.8104768,1,-2.220003542766991,-412580.2047450325,59.57782810550928,248.6546269889007,9.862102184969505,44.86175767285748,5.361256128102038,171.65565374402033,68.92259658956631,199.33732424143452,173.59520540986134,29.20915390571856,6955.278804599977
471,165119.5289818,1,-2.46768447163432,-405039.89894054685,57.57741343236146,262.1735591028819,9.912259265863412,44.84548611280587,5.361256128102038,175.2691361054796,53.279130332314296,205.32314280150305,159.47553788749428,24.65733044715913,6970.997309599974
472,165135.7495837,1,-1.3141695758290075,-429881.617448022,36.13600366703223,219.89257805166278,16.941782549002124,45.82819058173984,6.251061549849722,170.17849787988183,10.431133158184748,202.38577958177714,39.24457942985238,30.447617767825577,6987.217911499989
473,165153.8924264,1,-3.6466084665834955,-346047.7897547554,36.3948307969023,242.06248997667026,7.0781417268482345,44.846633281631924,5.278679218105859,173.42299032950743,13.924017824028306,208.8497674255988,172.25005465554432,4.2054864143039925,7005.360754199995
474,165171.5726883,1,-3.632013737953028,-361895.4104246974,36.240808252584316,249.00378122005628,9.01795179125472,42.09353365499184,5.363212255076066,189.97211170912516,54.73634080589066,199.57519276607604,29.61772947227856,5.09622318907175,7023.0410160999745
475,165189.2917206,1,-2.6995294456659606,-390905.0102312211,56.22967203570495,262.1735591028819,9.077681138755642,44.84548611280587,5.329853511474015,175.2691361054796,69.51151726284095,205.32314280150305,159.47553788749428,20.68660154896481,7040.7600483999995
476,165205.9926449,1,-3.4386296307741415,-367022.64683250687,34.97180669812092,249.00378122005628,9.186268898071539,44.71727291976161,5.6997126112837355,197.0321092785778,71.74528692351474,206.90560575029778,29.61772947227856,4.148753937411399,7057.460972699977
477,165222.6113009,1,-4.4217111574214805,-290633.51461651904,27.072968942477665,341.2697061962267,6.61445894245611,45.380038577878466,5.857580267331149,159.053483092581,48.556058539637874,199.4664397578673,21.83861073935992,4.113706650498774,7074.079628699983
478,165239.2594974,1,-3.2310466401339397,-371413.42296691803,27.200472638850627,248.60493066723524,9.840100633739205,45.26803900892914,5.853272418904853,173.45101327414,70.37653712456054,209.9984364904273,42.0272645901388,4.217884146000261,7090.727825199981
479,165257.0242577,1,-3.950257973930649,-314337.61280335195,41.195596718117386,341.6101475270345,7.1239048742097655,44.64523166104706,5.704020459710031,178.21781133445973,55.969114048532056,201.98334611148786,167.52008648935538,4.132579372622424,7108.492585499975
480,165273.4068103,1,-3.9619993968432854,-340705.0639579132,35.04375513594563,248.489646540531,7.318482577547676,44.85035220773153,5.278679218105859,173.42299032950743,14.46076663361065,199.9060282979239,31.106646406365783,4.351483758707962,7124.875138099975
481,165290.6791102,1,-4.058835619087484,-340708.76876716845,36.062960045101505,242.57662465619563,6.924960918808512,44.73935653974108,5.7059265655694436,189.97211170912516,50.02012400044114,208.63994148277308,29.61772947227856,4.1561418996044495,7142.147437999985
482,165308.5105986,1,-4.017412548170887,-339791.73183881445,30.639125865956508,242.06248997667026,7.086165717184652,44.846633281631924,5.278679218105859,173.42299032950743,22.346211404014674,208.8497674255988,31.106646406365783,4.1579296581540195,7159.978926399985
483,165324.9821322,1,-1.1472202678088346,-466331.9340640795,38.322764507851105,219.89257805166278,16.930065393957292,45.82819058173984,5.342053226098323,170.17849787988183,22.233656519252886,202.38577958177714,177.17003939742204,31.668441497270173,7176.450459999993
484,165341.1431528,1,-3.640819651218618,-342885.8477237661,39.8805214667413,334.9584766623899,9.008141951090249,44.84073035051566,5.804152317219421,158.59361623764335,49.11573091122905,202.0689261026982,173.09780000587966,4.211011986393684,7192.611480599997
485,165358.3548143,1,-4.137281950192529,-329611.4525403003,28.392393398907785,255.06564305224575,6.782762463888757,45.38284599075035,5.852611141590723,190.44644669422527,69.73572867716544,209.9984364904273,21.83861073935992,4.113706650498774,7209.82314209998
486,165374.7166809,1,-4.067455638802112,-336382.13045967196,34.99528996861897,249.00378122005628,6.924960918808512,44.74307546584069,6.136344046890057,189.97211170912516,50.89887612631776,199.71335191816598,29.61772947227856,4.34969585613595,7226.185008699977
487,165392.5744981,1,-2.568851125207521,-402065.4956599494,57.57741343236146,262.1735591028819,9.912259265863412,44.84548611280587,5.361256128102038,175.2691361054796,53.279130332314296,205.32314280150305,159.47553788749428,21.160696079677983,7244.042825899989
488,165408.0689002,1,-1.14997531104285,-466385.6027251589,36.41940925150635,219.89257805166278,16.930065393957292,45.82819058173984,5.342053226098323,170.17849787988183,22.233656519252886,202.38577958177714,177.17003939742204,31.668441497270173,7259.537228000001
489,165424.0496295,1,-1.1518539470670561,-465308.25089435367,36.41940925150635,219.89257805166278,16.930065393957292,45.82819058173984,6.2466155598941135,170.17849787988183,22.233656519252886,202.38577958177714,177.17003939742204,31.668441497270173,7275.517957299977
490,165440.1081099,1,-2.2749464571627622,-404203.3338983405,59.57782810550928,248.6546269889007,9.862102184969505,41.410298711459845,5.361256128102038,175.43150416427596,71.45679544584024,202.27569147592496,173.59520540986134,29.20915390571856,7291.576437699987
491,165455.8822007,1,-3.720033845346615,-356330.1518232136,34.89306557248063,249.00378122005628,9.01795179125472,41.107935827869376,5.331809638448042,164.9901319805424,51.41649395902788,207.8731272260917,29.475559529897847,4.349442259788619,7307.350528499985
492,165473.5816605,1,-2.413058036304165,-415544.60206202196,35.92524586909314,249.44532544209736,9.930178049627546,46.655042353888156,5.365903828922704,188.4853970392252,60.419210831350675,209.68406466248152,194.43150016930778,20.981676533539748,7325.049988299987
493,165490.8108771,1,-2.8436473009425804,-383903.9138364211,56.92037487591479,252.5094064493886,9.912259265863412,44.84548611280587,5.264644135924396,175.2691361054796,56.606011290477795,163.11735894274045,65.60380340210828,21.160696079677983,7342.279204899998
494,165509.034919,1,-1.6060707933819247,-443968.72864794784,57.8590117891137,254.12091801895144,15.299811434882598,46.90416402574646,6.029034599688265,175.2691361054796,50.129356686825574,209.56676824157307,159.47553788749428,21.160696079677983,7360.5032467999845
495,165527.1904706,1,-1.28060001494199,-460726.9905238026,26.82568098828075,219.89257805166278,16.930065393957292,42.29565254237314,6.251061549849722,166.4751836492313,22.233656519252886,202.38577958177714,177.17003939742204,31.668441497270173,7378.6587983999925
496,165545.1255153,1,-2.6890450703639783,-393587.7422711446,60.375491097364346,255.29696590202911,9.124647895738718,43.573158069716264,5.2673270694254555,175.72254110761145,50.129356686825574,207.88351476442165,159.47553788749428,21.160696079677983,7396.593843099981
497,165562.2857718,1,-2.4416088366730704,-391940.3536485327,32.42907270901419,248.33025089739365,14.066592805323126,39.914200459924565,6.093517168710726,164.53672697436312,51.41649395902788,209.55597588556984,29.475559529897847,4.003713991471801,7413.754099599988
498,165579.4875391,1,-4.452544256839155,-295707.486249448,27.151710065903913,341.2697061962267,6.782762463888757,45.380038577878466,5.853272418904853,159.053483092581,49.17974638099275,209.9984364904273,21.83861073935992,4.113706650498774,7430.955866899982
499,165596.2860985,1,-3.269845061347662,-374415.19629535626,40.127866299331664,248.79709476347253,9.008141951090249,44.84353776338754,5.803491039905291,189.99183966319043,69.67171640865149,202.0689261026982,173.09780000587966,4.211011986393684,7447.754426299973
500,165613.3385146,1,-3.293690558690121,-373691.75556806155,41.195596718117386,249.00378122005628,9.667068819456418,44.71727291976161,5.440215121514917,189.6207626885034,55.763282555316906,201.98334611148786,28.38938247882399,4.140417697580839,7464.806842399994
501,165630.8287229,1,-3.9458107450384197,-312114.5739544663,27.200472638850627,341.2697061962267,7.000346845020887,47.22284154851262,5.853272418904853,174.48007939363,70.58236857554421,209.9984364904273,164.91751722429194,4.210045820443478,7482.297050699999
502,165648.3683263,1,-4.354156663816617,-309315.41622503306,27.200472638850627,341.2697061962267,7.087932343597697,47.22284154851262,5.853272418904853,173.342200593154,55.81563526438797,209.99861950870215,32.22137342080619,4.139451531589925,7499.836654099985
503,165665.9121931,1,-2.4380639927440324,-407143.35150141816,57.57741343236146,262.1735591028819,10.119023973028709,44.84548611280587,5.361256128102038,175.2691361054796,53.279130332314296,205.32314280150305,159.47553788749428,24.65733044715913,7517.380520899984
504,165683.231981,1,-4.453517318861124,-295690.3052157272,27.151710065903913,341.2697061962267,6.782762463888757,45.380038577878466,5.853272418904853,159.053483092581,49.17974638099275,209.9984364904273,21.83861073935992,4.047404225914733,7534.7003087999765
505,165701.2444419,1,-1.9000299297781222,-433154.133775948,57.8590117891137,254.62343557936646,14.173285514887537,43.54427054921603,6.029034599688265,175.2691361054796,50.129356686825574,209.56676824157307,159.47553788749428,21.160696079677983,7552.712769699981
506,165716.4056463,1,-1.4356389674388006,-430920.69066080794,40.0197712842895,230.46282370617146,16.930065393957292,45.40470156200063,5.808492989240331,186.44969145452066,22.233656519252886,202.38577958177714,177.17003939742204,4.121040855532906,7567.873974099988
507,165733.8437947,1,-2.243643623774484,-412235.43176383944,36.52750426654852,218.03968416438423,9.008141951090249,44.84353776338754,5.337051276763284,171.20568118707186,69.67171640865149,202.0689261026982,173.09780000587966,30.0719899564276,7585.312122499978
508,165752.083135,1,-1.676045385753788,-444371.2884419655,26.692034393580908,250.61988665054542,13.815369059315293,47.25925642426482,6.169489633477991,170.17980600577317,59.44574564908251,171.45353434018662,186.51802856836684,28.392771181756515,7603.55146279998
509,165768.5061065,1,-2.357468639530127,-420435.8864256264,35.92524586909314,235.62097079533524,9.930178049627546,46.655042353888156,5.365903828922704,188.4853970392252,60.419210831350675,209.68406466248152,194.43150016930778,20.981676533539748,7619.974434299977
510,165785.4943509,1,-1.904140547546818,-434368.11354067945,26.692034393580908,250.61988665054542,11.626251706273052,49.996025293998635,6.169489633477991,170.17980600577317,59.122220488132605,171.45353434018662,186.51802856836684,28.392771181756515,7636.962678699987
511,165802.8606857,1,-2.084757917236887,-419612.5835730822,31.119377592452018,255.49858910041405,14.258121469097123,44.72081169870946,6.046869202027331,173.50860893999032,56.601615729652934,208.91059540274836,178.74480969453356,8.07162631420037,7654.329013499984
512,165821.2952347,1,-2.077312307003536,-419572.5857619185,31.119377592452018,255.49858910041405,14.258121469097123,44.832472958995005,6.046869202027331,173.50860893999032,56.58308270722689,204.5661609208067,178.74480969453356,8.07162631420037,7672.763562499982
513,165838.687365,1,-2.5322585566622458,-398927.3686774925,57.57741343236146,273.7908359660769,9.912259265863412,43.66619955373987,5.361256128102038,175.2691361054796,53.29766335474034,209.95225545578728,159.47553788749428,24.65733044715913,7690.155692799977
514,165854.6461321,1,-3.6682748471397986,-356236.8767052936,34.89306557248063,254.64433836446446,9.307874890994219,41.107935827869376,5.999888325465637,164.96736417649362,50.14902561688974,207.8731272260917,29.475559529897847,4.349442259788619,7706.114459899982
515,165872.3733283,1,0.6556166206421778,-51512.061243325064,68.41793162649084,238.82229629415033,14.173285514887537,43.54427054921603,5.3609559126706605,175.29190390851875,51.39682502896371,209.56676824157307,159.47553788749428,21.160696079677983,7723.841656099976
516,165888.7615337,1,-1.2593892573157486,-461431.3868708864,37.126115028464774,219.89257805166278,16.930065393957292,42.50228130290506,6.2177158391325245,170.17849787988183,22.028414965068755,202.38577958177714,177.17003939742204,31.668441497270173,7740.2298614999745
517,165903.3679705,1,-1.2169587109986049,-466060.5468965846,26.11897534063167,219.89257805166278,16.930065393957292,43.47582550805244,3.73582130777118,166.4751836492313,22.233656519252886,202.38577958177714,177.17003939742204,32.84317048093556,7754.836298299982
518,165916.4387886,1,-1.609862512081732,-439180.3189755514,26.83964590638963,337.7115969807417,16.852327761080932,45.399698323841946,5.858571498316979,166.81741870484834,22.233656519252886,202.38577958177714,183.41291489692193,31.66695819982582,7767.907116399991
519,165932.8982224,1,-3.98809937006971,-327951.4782419553,27.137745147795034,222.69272607038613,6.867595742792603,42.27599277416094,6.245762470437595,158.71124803695636,49.17974638099275,209.9984364904273,21.83861073935992,4.113706650498774,7784.3665501999785
520,165948.3869064,1,-3.7154316420528817,-356459.2012970211,34.89306557248063,248.15867663131746,9.01795179125472,41.107935827869376,5.331809638448042,164.3037776630168,51.41649395902788,207.8731272260917,29.614865635890677,4.1600022444034686,7799.855234199989
521,165965.837166,1,-4.057606681838929,-340127.8970037129,36.062960045101505,243.42172924493445,6.924960918808512,44.73935653974108,5.7059265655694436,190.6560846345157,55.83763897523668,209.18345449270697,29.47842336628573,4.213583144744314,7817.305493799999
522,165982.2060726,1,-2.342012467907656,-412077.8108322235,35.0896909296531,250.60982076070408,9.978140271113528,49.996025293998635,6.169489633477991,170.17980600577317,59.14849695804465,171.44694762181493,186.27378719116385,19.751441464068595,7833.674400399992
523,165999.587659,1,-2.425000053601504,-404251.2308493881,26.870549721290214,252.7143057302134,11.578289484811673,46.655042353888156,5.269291836745061,188.4853970392252,60.22271464554458,171.4048478121567,70.66942445528645,25.970154901534613,7851.055986799998
524,166018.2646619,1,-2.3587193596134,-420333.83585772983,35.92524586909314,235.95042437943437,9.930178049627546,46.655042353888156,5.365903828922704,188.4853970392252,60.419210831350675,209.68406466248152,194.43150016930778,20.981676533539748,7869.732989699987
525,166036.9691833,1,-1.676045385753788,-444371.2884419655,26.692034393580908,250.61988665054542,13.815369059315293,47.25925642426482,6.169489633477991,170.17980600577317,59.44574564908251,171.45353434018662,186.51802856836684,28.392771181756515,7888.437511099997
526,166053.0413328,1,-3.709896718427482,-359728.9984776439,34.89306557248063,249.00378122005628,9.00472670375212,41.107935827869376,5.331167039352395,190.46974738351395,55.762717592728194,207.8731272260917,29.475559529897847,4.349442259788619,7904.509660599986
527,166068.6241347,1,-3.3172395638571914,-368913.11169484543,38.511311065102745,249.00378122005628,9.680293906959031,44.71727291976161,5.4408577206105635,153.0203322528634,51.41705892161659,202.36865535363793,28.38938247882399,4.140417697580839,7920.092462499975
528,166085.4061298,1,-4.405061181547268,-291786.82826344814,27.116156746405103,339.75531216355535,6.554699956719668,45.367742846620565,6.169489633477991,170.17980600577317,49.242849672805164,205.42840874097456,22.34209255180764,5.797607223522643,7936.8744575999735
529,166101.5282694,1,-1.636595461341889,-445917.47546048474,26.72758771307972,252.0901939506312,13.700881642748513,47.271552138530765,5.739240883145575,159.053483092581,59.38264235714573,172.54435927633435,190.3386074555824,31.527694710639196,7952.996597199992
530,166119.3029548,1,-2.6220469526001624,-380040.763929796,57.57741343236146,343.8575395659324,9.912259265863412,43.66619955373987,5.361256128102038,170.25221582661013,49.13813939032001,209.99161278870315,159.47553788749428,26.253089353116582,7970.771282599977
531,166135.8263907,1,-4.250286396541443,-318080.6742276644,27.151710065903913,271.1574730034309,6.782762463888757,45.380038577878466,6.581009502295782,159.053483092581,53.33927034541308,209.95882561805234,21.83861073935992,4.148001934800785,7987.294718499994
532,166151.8353499,1,-1.246967347240511,-461238.9284259864,34.961185424623444,251.37434535529854,17.052776545394615,47.93914364035563,5.342053226098323,170.17849787988183,50.42584996688896,207.7955594744632,166.26413657604294,31.668441497270173,8003.303677699994
533,166167.9924402,1,-3.4135646789411807,-366902.8768840225,36.35128939936353,217.52257496141837,9.01795179125472,41.282247994082084,6.0356809662031585,164.9901319805424,23.22432346962491,202.46312756155518,41.04162352505113,4.349442259788619,8019.46076799999
534,166184.0107267,1,-4.348334622435538,-308809.5548377418,27.200472638850627,341.2697061962267,7.087932343597697,47.18781161883843,5.853272418904853,173.342200593154,59.86474764763936,209.9984364904273,32.22137342080619,4.139451531589925,8035.4790545
535,166200.9153005,1,-4.058835619087484,-340708.76876716845,36.062960045101505,242.57662465619563,6.924960918808512,44.73935653974108,5.7059265655694436,189.97211170912516,50.02012400044114,208.63994148277308,29.61772947227856,4.1561418996044495,8052.383628299984
536,166218.4762801,1,-3.294866368638889,-372675.796292523,27.147706884502714,249.00378122005628,9.793734179970746,44.71727291976161,5.440215121514917,189.6207626885034,55.763282555316906,201.97578655230072,28.38938247882399,4.140417697580839,8069.94460789999
537,166237.4135494,1,-1.2757821852563158,-460276.2534671863,40.87357135931376,219.89257805166278,16.803229421648222,42.29565254237314,6.251061549849722,166.4751836492313,22.233656519252886,202.3933391409643,177.17003939742204,31.668441497270173,8088.8818771999795
538,166253.8553238,1,-1.678755184357797,-445111.6025925189,21.466528627316535,250.61988665054542,13.815369059315293,48.40892977319898,6.169489633477991,170.17980600577317,21.923488046547366,172.378029881931,176.96277091395123,28.392771181756515,8105.323651599989
539,166270.3294749,1,-1.139976938956117,-468569.8048731775,36.2124674056898,219.89257805166278,16.930065393957292,45.82819058173984,5.342053226098323,170.17849787988183,59.75609779070709,201.41135619391318,186.72529688947574,31.668441497270173,8121.797802699992
540,166286.3869417,1,-3.93044786154484,-337180.76474553073,26.673187827662144,246.04138609547996,6.794942567179842,49.996025293998635,6.165472455424795,166.81482673981932,59.122220488132605,173.34348172469456,25.126642859792938,4.130354763673653,8137.855269499996
541,166302.5749513,1,-2.097724205339481,-409243.2200395383,27.219319204769395,345.6169463907945,11.919830626887252,47.22284154851262,5.85728959695805,173.342200593154,55.81563526438797,206.7305155636092,194.14591006729447,30.32107589202994,8154.043279099977
542,166319.2187102,1,-2.06298401162077,-400281.57177148835,35.95026640703497,242.9862355010696,13.623619536504004,47.271552138530765,5.739240883145575,159.82971726348862,56.05760078452841,172.20221964862333,25.94448963938264,4.021996341793795,8170.687037999975
543,166336.9665923,1,-2.0357804468312812,-356873.9681044718,26.840281362179084,251.68058310575935,7.003290275248264,44.73935653974108,5.7059265655694436,177.90268496191607,50.02012400044114,208.50346027382977,194.0274151548405,36.51364827515127,8188.4349201
544,166355.1003171,1,-3.0880734166330206,-384451.0235694457,41.195596718117386,249.00378122005628,9.90998650269923,44.33555688614048,5.440215121514917,189.6207626885034,53.27656041300569,202.29164130511373,158.50490419025797,4.34325672030675,8206.568644899991
545,166372.891672,1,-3.4264710231638347,-362928.46312778274,57.57741343236146,273.7908359660769,8.924491641697182,44.684476612988824,5.361256128102038,166.54693897874253,55.78438549705155,209.45599864920322,30.17726841703361,25.160897759547147,8224.359999799985
546,166389.1443173,1,-1.1367564590367047,-468392.2988562423,35.80104363065749,219.89257805166278,16.930065393957292,45.95354295734225,5.342053226098323,166.5472734284908,59.75609779070709,201.41135619391318,186.71033281395603,31.668441497270173,8240.612645099987
547,166404.8722297,1,-1.2391738586894854,-462754.6028302635,20.567166307927543,210.44049381799056,16.930065393957292,42.17029971588428,6.251061549849722,170.1064081006223,22.233656519252886,202.38577958177714,177.18500337635948,31.668441497270173,8256.340557499992
548,166420.4159172,1,-2.8006080256536148,-397846.1736829369,35.92524586909314,233.995613869335,9.930178049627546,46.876483278159164,5.365903828922704,188.4853970392252,60.419210831350675,209.68406466248152,62.11993760325919,20.954126602831174,8271.884244999994
549,166436.3013046,1,-2.3756278136422933,-410528.6152642557,35.26820625250523,252.70423984037205,9.930178049627546,46.655042353888156,5.269291836745061,188.4853970392252,60.248991115456626,171.398261093785,194.61079066444418,20.981676533539748,8287.769632399984
550,166454.1743354,1,-3.2626380449758634,-369601.8568223319,41.195596718117386,275.53684426800925,9.876070549054038,43.725642762157605,5.513629675928916,175.9666691916813,70.5300161247805,201.98334611148786,159.60419488551577,4.020473174273283,8305.642663199978
551,166471.1817677,1,-2.3257212426177762,-414848.50367546815,57.57741343236146,247.25777302717236,9.912259265863412,44.65782971134381,5.3616386964379545,188.9232139275095,53.29766335474034,209.95225545578728,159.47569144368106,28.53528399929143,8322.650095499994
552,166488.9661491,1,-1.6604350126319483,-443249.41558367765,41.125189266758,248.67933914138501,13.72095665457492,47.00094801965753,5.704020459710031,189.6207626885034,70.5300161247805,172.08731966779953,162.88887778536272,31.340088985346753,8340.434476899973
553,166506.5077743,1,-3.056785265473092,-379880.9474785608,26.797995782743655,252.41463602930247,9.855995622160309,44.98787688025479,5.739240883145575,159.053483092581,59.38264235714573,203.1936224925083,190.36763995815738,5.0514054322435324,8357.976102099987
554,166521.9039715,1,-3.6564672774951936,-344367.53780368634,26.290787531616747,341.2697061962267,9.920016273322705,46.72718994496502,5.368125361959486,159.28202904628532,49.17974638099275,209.9984364904273,21.83861073935992,4.047404225914733,8373.372299299983
555,166537.2378152,1,-2.6456381125703126,-359798.3373711435,37.07646820189451,235.62097079533524,6.792941346863076,45.30789098648758,5.39175338195844,188.25570944431593,60.419210831350675,209.68406466248152,194.43150016930778,20.981676533539748,8388.706142999989
556,166555.0449564,1,-1.1913554397714863,-465499.0018733253,36.005414116102145,219.89257805166278,16.930065393957292,45.65524182292808,5.342053226098323,170.17849787988183,58.947164887380936,201.41135619391318,186.72529688947574,26.95435217516671,8406.513284199988
557,166572.6548227,1,-1.3552431168459818,-458190.61992727465,19.68651261031188,219.89257805166278,16.930065393957292,39.82452192886427,6.251061549849722,166.4751836492313,23.34413224845212,202.38577958177714,177.17003939742204,33.38194694365269,8424.123150499974
558,166589.5964762,1,-4.2386402422825675,-323090.9621538276,37.82338724519759,334.80128341674435,7.370031342341209,47.538344563482724,5.841753765461378,190.4963024750725,50.58490011965563,203.8494841903315,32.322378815052105,4.057796278289787,8441.064803999994
559,166606.1172983,1,-3.6867910202270195,-358229.0623839839,32.5598905544972,249.00378122005628,9.019537226782026,41.45245315445278,6.029550452245829,190.73802154722162,61.12183901772528,207.44944746920797,27.564516098420462,4.360015201171549,8457.585626099986
560,166623.4991618,1,-4.198471359141988,-324386.45394651225,27.151710065903913,257.9443126896478,6.782762463888757,45.38418800790896,5.853272418904853,158.07894695724468,55.86704574246072,209.9984364904273,21.83861073935992,4.140236274197499,8474.967489599978
561,166639.9250364,1,-3.908611432867129,-341785.2910104323,43.69445194862297,332.5409040958828,9.667068819456418,41.08861880787,5.440215121514917,190.588036452945,49.0759831938483,201.98334611148786,28.38938247882399,4.000446707566892,8491.39336419999
562,166655.3669896,1,-3.116238694301199,-383446.93706589204,35.92273849462822,250.64473681159623,9.90998650269923,44.33555688614048,5.4505266837430995,189.6207626885034,53.27656041300569,202.2544148630674,158.50490419025797,4.34325672030675,8506.835317399993
563,166671.4781089,1,-2.3690928119821417,-416944.4679731882,14.95254753462999,233.9800152162914,9.930178049627546,46.655042353888156,5.355592266694522,188.4853970392252,60.419210831350675,209.68406466248152,194.43150016930778,20.981676533539748,8522.946436699975
564,166688.1724887,1,-2.205567077585487,-413227.66117589246,26.692034393580908,250.61988665054542,11.626251706273052,41.043616143524,6.169489633477991,179.11253967352684,59.122220488132605,171.45353434018662,160.97125256364413,28.59049399713875,8539.640816499974
565,166706.243811,1,-3.270996357161218,-376206.97178838623,34.89306557248063,249.00378122005628,9.00472670375212,49.78045804003904,5.331167039352395,190.63816166541432,55.762717592728194,207.8731272260917,30.822402044315595,4.67443735330111,8557.71213879998
566,166723.2117795,1,-4.378649351129725,-309123.51404545706,27.86679463773193,334.3357690495383,7.076957159204669,45.380038577878466,5.747786066025602,180.16298249967005,49.17974638099275,209.9984364904273,32.29316485714398,4.209606720501977,8574.680107299995
567,166741.912626,1,-1.209005894053469,-464460.51379176445,35.497382839609195,226.80732722650285,16.60887039390845,45.82819058173984,5.342053226098323,158.92845564346354,60.92087028118217,201.41135619391318,178.91137102339957,33.215092986950545,8593.380953799991
568,166757.0916472,1,-1.1271901689960844,-468488.1304797774,41.865160630461325,219.89257805166278,16.930065393957292,45.817864699838644,4.904347229276656,170.17849787988183,59.69347609386191,190.21754496372597,186.72529688947574,31.668441497270173,8608.559974999982
569,166772.1109586,1,-4.113756282410459,-266713.2902510682,36.872455181649926,255.06564305224575,5.0176714163784535,45.39317187265154,5.852611141590723,190.44644669422527,69.79835036868573,209.9984364904273,21.83861073935992,4.113706650498774,8623.579286399996
570,166787.5057759,1,-3.7824062012932824,-337498.935301792,26.079308612135794,242.57662465619563,6.924960918808512,44.60461413019682,5.7059265655694436,171.22173821105991,59.80571203521944,207.65597368619052,24.409651480041603,30.287070868659715,8638.974103699991
571,166802.6698479,1,-2.3703285171718944,-404392.3593550741,36.67568591742125,250.61988665054542,11.626251706273052,49.91973359113265,6.169489633477991,188.92999679856652,49.33663245304586,172.01428205610932,197.67467660863866,4.067211576308962,8654.138175699976
572,166819.5315605,1,-2.357468639530127,-420435.8864256264,35.92524586909314,235.62097079533524,9.930178049627546,46.655042353888156,5.365903828922704,188.4853970392252,60.419210831350675,209.68406466248152,194.43150016930778,20.981676533539748,8670.999888299993
573,166837.4026552,1,-2.800396345108576,-398209.68954281334,35.92524586909314,233.995613869335,9.930178049627546,46.876483278159164,5.365903828922704,191.29603890286936,60.419210831350675,209.68406466248152,62.11993760325919,20.954126602831174,8688.870983
574,166854.8872912,1,-4.130046124628977,-315491.3377580522,27.967810771205922,255.06564305224575,6.782762463888757,43.015170012674304,5.852611141590723,168.1395810768391,69.07267959335707,202.6797799320543,21.83861073935992,4.113706650498774,8706.35561899998
575,166871.1941618,1,-1.359727828912173,-460493.2306858769,20.111095692526906,219.89257805166278,16.930065393957292,39.76300835299827,6.219643166519163,188.78130588196595,24.006638560032737,209.49129000527816,177.17003939742204,33.38194694365269,8722.662489599985
576,166887.7287823,1,-2.2538520510356785,-349813.0994679454,26.714482857982482,252.0901939506312,6.68698523730237,48.36695477456674,5.739240883145575,152.4957641162025,55.90689848742418,172.54435927633435,178.05206328018824,31.527694710639196,8739.19711009998
577,166905.2932525,1,-2.567375535945239,-381779.7304856264,27.213577493947867,341.2697061962267,14.106539981991432,47.22284154851262,5.853272418904853,173.342200593154,61.300585021758735,209.9984364904273,44.24614657911228,4.139451531589925,8756.761580299994
578,166921.6343232,1,-4.29923308306612,-304493.42929027457,22.151318072091545,346.15465800498555,7.087932343597697,47.22284154851262,5.853272418904853,161.0492136492627,59.43038120200474,209.9984364904273,37.870557208254155,6.104360244453604,8773.102650999994
579,166937.9944531,1,-1.634581415635538,-447883.6068672682,26.72758771307972,252.0901939506312,13.700881642748513,48.721152352549645,5.739240883145575,172.44222420062238,55.76789641952895,172.54435927633435,184.40275560773114,30.209500515007306,8789.46278089998
580,166955.5676103,1,-3.8039841344865986,-355765.1981499407,33.35405622796407,249.00378122005628,8.694515758847635,41.107935827869376,5.331167039352395,190.46974738351395,55.762717592728194,207.8731272260917,29.475559529897847,4.349442259788619,8807.035938099987
581,166972.2930595,1,-3.908611432867129,-341785.2910104323,43.69445194862297,332.5409040958828,9.667068819456418,41.08861880787,5.440215121514917,190.588036452945,49.0759831938483,201.98334611148786,28.38938247882399,4.000446707566892,8823.76138729998
582,166989.9970085,1,-4.181179391136959,-325975.86044674955,32.10085840097767,257.9443126896478,6.782762463888757,45.38428904811822,5.853272418904853,158.07894695724468,55.86704574246072,209.9984364904273,24.28336646568744,4.140236274197499,8841.465336299996
583,167007.4037556,1,-4.463444436207248,-289679.84838506195,27.151710065903913,359.0640943170084,6.782762463888757,45.37993753766921,5.853272418904853,159.053483092581,47.898759923106645,209.9984364904273,21.83861073935992,4.047404225914733,8858.872083399998
584,167030.1805606,1,-1.6684886802962542,-445014.91446253605,31.363493397422154,238.1751021671821,13.700881642748513,48.7127206914718,6.442072593429869,169.72295897178873,60.47089563710588,172.54435927633435,194.37790351616593,21.92847332877798,8881.6488884
585,167048.181453,1,-2.165652536839962,-426763.8964093556,35.92524586909314,235.62097079533524,9.930178049627546,46.66346741029366,5.323026359075669,188.4853970392252,55.71621161377369,209.68406466248152,184.456291320908,29.26270311979132,8899.649780799984
586,167067.2281574,1,-1.1007176794327305,-469838.3136032863,36.2124674056898,219.89257805166278,17.272156547964133,45.82819058173984,5.342053226098323,175.03066695578306,59.75609779070709,198.18173586020686,186.72529688947574,31.668441497270173,8918.696485199995
587,167085.7498993,1,-2.458834957404291,-404529.76396825357,57.57741343236146,259.55195801778177,9.912259265863412,43.66619955373987,5.361256128102038,175.2691361054796,53.29766335474034,209.95225545578728,159.47553788749428,25.792629594214368,8937.218227099977
588,167102.9037135,1,-1.359497648411724,-460492.2180159485,20.111095692526906,219.89257805166278,16.930065393957292,39.76300835299827,6.219643166519163,188.78130588196595,24.793858324045853,205.74755263877114,177.17003939742204,33.38194694365269,8954.372041299997
589,167119.6462501,1,-3.080894965416422,-384049.5159521974,41.195596718117386,249.00378122005628,9.90998650269923,44.33555688614048,5.440215121514917,189.6207626885034,53.27656041300569,197.21684603091774,158.50490419025797,4.34325672030675,8971.114577899978
590,167137.328439,1,-2.1218341524149857,-431110.7501211245,26.692034393580908,249.90769938257637,11.626251706273052,48.63317861412805,6.169489633477991,188.41635601232014,59.122220488132605,209.04811058270022,186.51802856836684,21.149209069151702,8988.796766799991
591,167153.1949269,1,-2.0017877415959213,-424857.27810597204,35.92524586909314,236.33315806466288,10.214371498947008,46.66520064266332,5.365903828922704,162.65166443609468,62.4737807619865,171.2644934695673,194.43150016930778,31.005626041632194,9004.66325469999
592,167168.8027193,1,-2.4810028530305503,-397690.11971554795,26.72068118941771,250.11220665172235,11.57569588056872,49.93808681168046,5.549974625792457,159.053483092581,49.17974638099275,209.99933900159533,22.924855421122786,27.73656250262894,9020.271047099988
593,167186.6729019,1,-3.65462317404939,-298759.38750510314,27.123063270067114,341.7200236389922,6.833567923911481,45.236845379918776,6.076151809002094,170.17980600577317,59.122220488132605,171.45353434018662,189.09503466916482,5.366221675827788,9038.141229699977
594,167203.8485863,1,-1.280617904736254,-463277.0663781011,19.864414562869896,210.86021325340533,16.964860497397424,39.76300835299827,6.219643166519163,188.78130588196595,23.207919183585684,203.88842014228726,177.17003939742204,35.406212479340326,9055.316914099996
595,167220.5738539,1,-4.335685632251475,-315129.9574032816,38.07023070327324,344.4057596644344,7.351919101877861,45.194711788383096,5.841753765461378,190.7645766387802,50.061763073938266,209.6647360155648,32.1771558656378,4.262077372931682,9072.042181699973
596,167236.7406696,1,-3.050492602659879,-381128.92576115986,65.11124340330295,223.6023151982112,8.924491641697182,44.684476612988824,5.340551722494231,166.27845298321662,56.10478058752509,209.45599864920322,36.23929287968096,24.332128486574337,9088.208997399983
597,167252.1872228,1,-1.3866083590175269,-455471.89298579824,36.9544950333189,270.08351471762495,16.930065393957292,46.31433420871257,5.362757631706129,170.10894623013806,59.435702700233534,201.41135619391318,180.96687066545047,29.280948488661153,9103.6555506
598,167270.5147969,1,-3.8008470594722303,-347954.43314047623,57.1171731341405,273.7908359660769,8.924491641697182,41.077760716686754,5.361256128102038,154.43848215601554,49.00141852327123,209.45599864920322,30.17726841703361,4.874147388305696,9121.983124699997
599,167287.2666097,1,-3.5124102449345513,-356267.9340394238,44.15469224790557,332.5409040958828,9.667068819456418,44.69533467903477,4.30896552162163,189.16533047799095,55.85895016762796,201.98334611148786,28.38938247882399,24.918053252758224,9138.734937499976
600,167306.6599857,1,-4.463444436207248,-289679.84838506195,27.151710065903913,359.0640943170084,6.782762463888757,45.37993753766921,5.853272418904853,159.053483092581,47.898759923106645,209.9984364904273,21.83861073935992,4.047404225914733,9158.128313499998
