iteration,timestamp,success,NPV_over_CAPEX,clearance,sp,p_rated,Nwt,wind_MW_per_km2,solar_MW,surface_tilt,surface_azimuth,time_sec
0,56895.978625,1,-0.7845069741450116,64.10029554716044,327.80238167962904,13.867548752415862,26.939712702730418,7.018782493567059,134.9015274208353,44.52564937211904,151.51743848627927,0.0
1,56910.4118474,1,-0.18343366254850726,36.09610190093926,238.53903316750763,14.225805201015547,44.979727241983014,6.1186871699118175,52.61189558842038,50.770424174774405,186.7897015611046,14.43322239999543
2,56924.9421478,1,-0.647388818613678,16.95705826324095,204.24761078602722,9.702824576224018,21.425472411716864,7.244566872690705,196.16513232209505,14.731933404100264,185.94447366342084,28.96352279999701
3,56937.1932083,1,0.8868896361860995,100.24453623179487,226.4928218107318,12.773035120253816,40.6850759936787,9.865626835800333,185.31964437383246,44.8769156700463,184.88689953369214,41.214583299995866
4,56949.6230582,1,-0.5467497707689981,31.58828482045414,303.1606486125948,19.435486997461133,8.261305202763987,9.639600652841581,58.47026102894904,72.08052064865933,192.96639555398667,53.64443319999555
5,56963.5480872,1,-0.0327761848912358,23.92068837263094,221.94249304348435,17.556922194865976,37.85094482343373,5.2456543541629586,45.88339290351182,29.463866808200528,174.05552633657916,67.56946219999372
6,56977.071847,1,0.6692285140163923,118.82953497002221,252.98564362146362,7.482619903061575,20.640983508599447,3.9846269528411753,181.9599184319223,81.20637383482246,207.12423989313183,81.09322199999588
7,56991.6881581,1,-0.5880527071086724,50.727328458152456,224.53332318933363,9.044503215309357,48.49766235248901,3.869853084709683,188.6049069739892,46.90176276978848,156.85903468910757,95.70953309999459
8,57006.8764617,1,0.9710734145900665,62.57044084005185,208.20963789292475,17.580830342041786,34.7572300025906,5.236156910820933,78.58351711875093,59.60884907414657,152.23128951565718,110.89783669999451
9,57023.2199151,1,0.869845761710822,118.05975023588657,231.92040072011426,10.19395028495136,34.06175320340752,3.428256482249434,148.45285813613884,78.15007889540715,197.7199017473049,127.24129009999888
10,57042.3666343,1,-0.7292240030233312,50.13559785586112,283.73890256978,5.276823942170884,31.764758087171945,6.090961197793438,32.536796042224246,60.76137935603763,181.82620854061548,146.38800929999707
11,57058.1547325,1,-0.7536503036192326,63.28979714132979,203.38611393912498,6.81850407936085,27.779015563895907,3.971895154045,103.15460361754464,41.78080504891511,155.99714537564944,162.17610749999585
12,57073.4294115,1,0.7730782604766565,104.02434585979726,284.88295865209454,6.882140305320238,25.142674329875025,1.518130198570619,149.7044664841688,10.892267898247379,182.14971461074396,177.45078649999778
13,57091.9834992,1,-0.8439669847458029,98.07028143325711,331.87348323857356,9.697554312564408,18.45992620363102,4.029676185688807,189.3152169883159,62.560980291541654,187.37378765538463,196.0048741999999
14,57106.2560571,1,0.7872837751549511,96.36989310427215,351.2722410919471,7.9645843951552875,24.204636282160056,1.8172854972264854,140.51463319340957,34.016460805659165,161.79260737723007,210.27743209999608
15,57125.194328,1,-0.496915915371818,43.90238843499143,285.72732119690625,5.34603674140988,15.269691773875092,9.623589622958661,185.7477031532281,40.1879510041549,173.9318149428117,229.2157029999944
16,57140.5841021,1,0.9770540304287377,67.42594902979064,253.22343205587305,19.560452069205382,21.20678740171036,9.380672872512225,47.03564773334078,66.77753494444579,194.29123767951907,244.6054770999981
17,57160.5052321,1,-0.787203068229398,18.030376491872886,263.54135076162163,7.083389902269045,40.037310789368725,6.258852438377278,179.65962433833428,9.584282309974304,199.4771853499418,264.52660709999327
18,57175.6419359,1,-0.7051482627879707,99.43330814698814,355.26473414139025,9.60712184866512,14.094762124886724,5.55449088193285,61.24420874444533,36.74105924477014,157.89929455172376,279.66331089999585
19,57189.0065296,1,0.8094896557128466,76.37641320922444,218.39496556146037,6.303098261745648,20.479689020569616,2.7085539173125124,104.05521033043374,5.279968046400931,155.16131853494602,293.0279045999996
20,57203.1927399,1,0.6286775890114232,36.41835513359944,344.3161646290664,7.9660704072123,12.134364295773725,1.9972455907768878,156.23277401858883,61.08199386624836,157.24990505953835,307.21411489999446
21,57217.8215668,1,-0.6636945293910902,93.09458283066171,353.0605069159663,9.058263316048482,14.094762124886724,5.317889094631346,69.93366073245373,47.22852497565468,157.7885120783994,321.84294179999415
22,57232.9443522,1,-0.24944586555999254,57.06509616259462,225.29503937662412,12.266798028223644,48.49766235248901,4.082773749525498,188.6049069739892,36.41429703895292,155.95724316290259,336.96572719999676
23,57247.616987,1,-0.8065841238156121,57.33591825138811,263.77826197972763,5.276823942170884,39.98322369454487,6.090961197793438,36.57955617193623,61.58505827712381,181.82620854061548,351.63836199999787
24,57264.4617501,1,-0.7323594269057,18.030376491872886,283.5019913517935,7.083389902269045,31.818844924933494,6.258852438377278,178.10906439498785,8.825659174518574,199.4771853499418,368.4831250999996
25,57279.6799138,1,-0.503773210842127,43.90238843499143,285.72732119690625,5.34603674140988,15.269691773875092,9.623589622958661,188.04436200712937,40.1879510041549,175.77360834268353,383.7012887999954
26,57294.6649952,1,-0.8439400523711623,98.07028143325711,331.87348323857356,9.697554312564408,18.45992620363102,4.029676185688807,191.40388727694474,62.560980291541654,187.37378765538463,398.6863701999973
27,57309.8957064,1,-0.7945346838775438,50.727328458152456,223.93756588005792,9.044503215309357,28.718975000219597,3.8725833139871617,188.6049069739892,42.04858712826908,156.85903468910757,413.91708139999537
28,57324.9244123,1,-0.8369096838728726,63.28979714132979,204.00345448995597,6.81850407936085,47.45584577940346,3.969164924767521,103.15460361754464,46.63398069043453,155.99714537564944,428.9457872999992
29,57340.548081,1,-0.6501144262073825,16.95705826324095,204.24761078602722,9.702824576224018,21.425472411716864,7.244566872690705,196.16513232209505,14.731933404100264,190.46343415134857,444.56945599999744
30,57358.9137327,1,-0.7537392302325551,63.28979714132979,203.38611393912498,6.81850407936085,27.779015563895907,3.9349076383263357,103.15460361754464,41.78080504891511,155.99714537564944,462.93510769999557
31,57374.7217878,1,-0.18214484324851965,36.09610190093926,238.53903316750763,14.225805201015547,44.979727241983014,6.144368387872232,52.61189558842038,24.940148619774902,186.7897015611046,478.74316279999766
32,57389.946671,1,-0.18009485704438638,23.92068837263094,221.94249304348435,15.645781320262454,37.85094482343373,5.21997313620216,45.88339290351182,55.294170567458295,174.05552633657916,493.9680459999945
33,57405.7053895,1,-0.7353104149765951,50.13559785586112,283.73890256978,5.276823942170884,31.764758087171945,5.511852134040096,32.536796042224246,60.783675041665035,181.82620854061548,509.7267644999956
34,57420.9126109,1,-0.032756769926483194,23.92068837263094,221.94249304348435,17.556922194865976,37.85094482343373,5.2456543541629586,47.33854823599793,29.463866808200528,174.05552633657916,524.9339858999956
35,57436.371754,1,-0.7268953457140008,46.780802416621164,330.68968803994727,9.697554312564408,18.45992620363102,4.029676185688807,185.08257808074282,62.560980291541654,187.6778871964248,540.3931289999964
36,57452.6062813,1,-0.538144525839233,95.19039896851177,285.72732119690625,5.34603674140988,15.269691773875092,9.623589622958661,185.68025082898447,40.1879510041549,173.62771537687954,556.6276562999992
37,57469.097785,1,0.7884340240811394,96.36989310427215,353.0149522101205,7.9645843951552875,24.204636282160056,1.5795555050563754,140.51463319340957,33.41252478156334,161.79260737723007,573.1191599999947
38,57485.6615983,1,-0.7671722143596812,18.030376491872886,263.54135076162163,7.083389902269045,39.98076613638075,7.067376695109989,179.65962433833428,5.120193376941098,200.5123464764771,589.6829732999977
39,57500.6152363,1,0.823989055034235,96.34518835747332,355.2549625530971,9.646782526059896,24.204636282160056,1.9021851213756158,140.51463319340957,34.016460805659165,161.74318199685138,604.6366112999967
40,57516.6008294,1,-0.602353676503626,93.25494905312492,351.2820125393836,7.924923722384157,14.094762124886724,5.471097106010193,61.24420874444533,35.90374355248268,157.9487199336586,620.6222043999951
41,57532.7894829,1,-0.8187456246718834,63.28979714132979,204.00345448995597,6.81850407936085,47.45584577940346,3.969164924767521,164.40501309078775,41.72201044904415,158.19078029866614,636.8108578999963
42,57548.6994747,1,-0.811399648699159,50.727328458152456,223.93756588005792,9.044503215309357,28.718975000219597,3.8725833139871617,110.62487069872898,46.960557369659455,156.00373480417494,652.7208496999956
43,57564.4758199,1,-0.808717219423272,57.33591825138811,263.77826197972763,5.276823942170884,39.98322369454487,5.7729267042446475,35.269266302001824,61.58505827712381,178.7884133087341,668.4971948999955
44,57580.6246035,1,-0.6709284109836622,19.170156216898587,204.24761078602722,9.702824576224018,21.425472411716864,7.244566872690705,167.9703438562889,26.776042069431842,185.94447366342084,684.645978499997
45,57596.495057,1,-0.8308501530388192,98.07028143325711,356.6573830224825,9.697554312564408,18.45992620363102,4.679390487578835,60.57480398282911,57.07187367137499,187.81511161920704,700.5164319999967
46,57612.5329784,1,-0.6537077013683971,99.43330814698814,330.3930583566542,8.549925246743886,14.094762124886724,5.55449088193285,191.2338863256469,36.74105924477014,157.4687373375548,716.5543533999953
47,57627.9141189,1,-0.7399107972774495,51.14539744151006,203.38611393912498,6.81850407936085,27.779015563895907,3.9349076383263357,101.63592652028272,41.78080504891511,162.57444543692418,731.9354938999968
48,57645.4213155,1,-0.7646628064092312,18.030376491872886,263.54135076162163,7.083389902269045,39.74306979155142,7.067376695109989,179.65962433833428,4.652897570131199,200.5123464764771,749.4426905
49,57666.5075905,1,-0.8483598501534682,100.10176070746141,331.87348323857356,9.697554312564408,18.45992620363102,4.184360531294007,189.3152169883159,62.560980291541654,187.98660278882676,770.5289654999942
50,57684.0139902,1,-0.8065841238156121,57.33591825138811,263.77826197972763,5.276823942170884,39.98322369454487,6.090961197793438,36.57955617193623,61.58505827712381,181.82620854061548,788.0353651999976
51,57700.8998922,1,-0.8436415474286262,98.07028143325711,331.87348323857356,9.697554312564408,18.45992620363102,4.029676185688807,191.40388727694474,62.560980291541654,187.2377252047148,804.9212671999994
52,57720.4304638,1,-0.7648804181032638,50.727328458152456,200.55628684749175,9.044503215309357,28.718975000219597,3.8725833139871617,188.6049069739892,42.04858712826908,156.85903468910757,824.4518387999997
53,57736.6131232,1,-0.7945533627536081,18.030376491872886,263.54135076162163,7.083389902269045,44.20124884006748,6.294176882824447,179.65962433833428,9.584282309974304,196.79906937252656,840.6344981999937
54,57753.2567074,1,-0.7567606053580718,63.28979714132979,208.2221320664255,6.81850407936085,27.779015563895907,3.971895154045,109.71470662594542,41.78080504891511,155.99714537564944,857.2780824000001
55,57769.255164,1,-0.5759798677574195,95.34835299583403,339.19667356318126,5.097559981008911,18.073249677888455,5.467365296525632,189.3152169883159,62.560980291541654,187.37378765538463,873.2765389999986
56,57785.4678229,1,-0.8052405280400147,50.0473145533074,283.0988287702123,10.07721201810883,37.5439262683673,4.07416302372367,32.536796042224246,60.783675041665035,181.82620854061548,889.4891978999949
57,57801.502797,1,-0.6399931950421881,16.95705826324095,204.24761078602722,9.702824576224018,21.425472411716864,7.244566872690705,196.16513232209505,11.028648434494013,190.46343415134857,905.5241719999976
58,57818.2024212,1,-0.7223181863808533,50.13559785586112,272.4389139974198,5.276823942170884,31.764758087171945,6.997470933932085,32.536796042224246,72.21642374394959,185.36416662599112,922.2237961999999
59,57833.9000089,1,-0.6023832105691205,93.25494905312492,347.814544057758,7.924923722384157,14.094762124886724,5.433673824917069,61.24420874444533,46.643334904428315,157.59159211740075,937.9213838999931
60,57849.9753723,1,-0.8451517969294877,63.28979714132979,208.54494871882073,6.81850407936085,47.45584577940346,4.0065882065806795,103.15460361754464,35.89438933852707,155.99714537564944,953.9967472999997
61,57866.1280908,1,-0.7922454233052806,50.727328458152456,223.93756588005792,9.044503215309357,28.718975000219597,3.8725833139871617,188.6049069739892,42.04858712826908,155.26243984744661,970.1494657999938
62,57882.2955801,1,-0.7989800794700718,57.33591825138811,263.77826197972763,5.276823942170884,39.98322369454487,7.001285844464555,36.57955617193623,61.58505827712381,181.82620854061548,986.3169550999955
63,57898.1253417,1,-0.5449332653561255,57.33591825138811,263.77826197972763,5.245243411484858,18.728345835313778,5.805875502676651,47.67759119485379,61.58505827712381,179.17847783479718,1002.1467166999937
64,57914.2739647,1,-0.8581087722212339,98.07028143325711,331.87348323857356,9.778106426586621,39.7145244343301,3.99672739267234,180.36086477746932,62.560980291541654,186.84766067843685,1018.2953396999947
65,57930.0422704,1,-0.7160854976711182,60.463720395471285,208.54494871882073,9.787249116696449,18.71576418954395,4.0065882065806795,103.15460361754464,64.63468338031689,160.0421335818282,1034.0636453999978
66,57946.8097387,1,-0.9138973521680279,100.89525686739975,331.87348323857356,6.728834428299095,47.086701184713164,4.029676185688807,189.3152169883159,19.003020583276655,183.34392462084244,1050.8311136999982
67,57963.2843341,1,-0.8698722177845702,63.28979714132979,207.02041983251797,7.061860878330317,43.80479159603542,3.977103501313534,102.96972442303328,35.96046103920314,193.96250481779896,1067.3057090999937
68,57979.3795558,1,-0.7770258866973867,15.935169127100469,265.2538042159406,6.840033103299579,47.85224149568166,6.3236616382014645,174.57693615625493,10.28372038102491,157.47438673417682,1083.400930799995
69,57995.7105977,1,-0.8422512437863794,98.07028143325711,331.87348323857356,9.697554312564408,18.35264168300525,4.029676185688807,191.40388727694474,62.560980291541654,187.37378765538463,1099.7319726999995
70,58012.3611874,1,-0.8354473159239246,63.28979714132979,204.00345448995597,6.81850407936085,47.45584577940346,3.969164924767521,103.15460361754464,46.63398069043453,153.07368231884277,1116.3825623999946
71,58028.5210134,1,-0.8736432397683721,100.10176070746141,331.87348323857356,9.697554312564408,18.45992620363102,4.184360531294007,189.3152169883159,62.560980291541654,201.55123728625512,1132.5423883999974
72,58044.6756025,1,-0.8289571958633365,60.18918114685781,204.00345448995597,5.6710366282026605,47.45584577940346,3.969164924767521,103.15460361754464,46.63398069043453,159.14878881042395,1148.6969774999961
73,58061.1070493,1,-0.7650280428006678,50.727328458152456,200.43441452013417,9.044503215309357,28.718975000219597,3.8725833139871617,188.6049069739892,42.04858712826908,157.11319166904528,1165.1284242999973
74,58076.9210841,1,-0.8521671757134809,100.10176070746141,319.1949661582745,9.697554312564408,18.45992620363102,4.184360531294007,189.3152169883159,63.37471418671701,187.98660278882676,1180.9424590999988
75,58093.0415765,1,-0.8447220137544518,98.07028143325711,331.87348323857356,9.697554312564408,18.45992620363102,4.029676185688807,195.6372840410725,62.560980291541654,187.75455023065751,1197.0629514999964
76,58108.8305855,1,-0.8053818084477833,57.33591825138811,263.77826197972763,5.276823942170884,39.98322369454487,6.253313716573062,36.57955617193623,61.58505827712381,181.82620854061548,1212.8519604999965
77,58124.9207922,1,-0.781009381098429,47.771825918571245,222.50293084404447,9.044503215309357,25.868952065724624,3.8725833139871617,110.62487069872898,43.093408226007355,156.00373480417494,1228.9421671999953
78,58141.1760296,1,-0.8436415474286262,98.07028143325711,331.87348323857356,9.697554312564408,18.45992620363102,4.029676185688807,191.40388727694474,62.560980291541654,187.2377252047148,1245.197404599996
79,58157.5340287,1,-0.820150147342237,63.28979714132979,204.00345448995597,6.81850407936085,47.45584577940346,3.969164924767521,164.40501309078775,43.581148423915664,160.20814415437005,1261.5554036999965
80,58173.4443871,1,-0.8329153956496774,98.07028143325711,356.6573830224825,9.697554312564408,18.45992620363102,4.679390487578835,60.57480398282911,57.07187367137499,190.43111694691464,1277.4657620999933
81,58190.835732,1,-0.8698722177845702,63.28979714132979,207.02041983251797,7.061860878330317,43.80479159603542,3.977103501313534,102.96972442303328,35.96046103920314,193.96250481779896,1294.8571069999962
82,58209.3644918,1,-0.9138973521680279,100.89525686739975,331.87348323857356,6.728834428299095,47.086701184713164,4.029676185688807,189.3152169883159,19.003020583276655,183.34392462084244,1313.3858667999957
83,58225.7114789,1,-0.8698722177845702,63.28979714132979,207.02041983251797,7.061860878330317,43.80479159603542,3.977103501313534,102.96972442303328,35.96046103920314,193.96250481779896,1329.7328538999936
84,58241.6834478,1,-0.8521076255970842,100.10176070746141,319.1949661582745,9.697554312564408,18.45992620363102,4.374557110352326,189.3152169883159,63.37471418671701,187.98660278882676,1345.7048227999985
85,58257.6882514,1,-0.9040289127957633,98.07028143325711,331.87348323857356,9.203842269694992,39.7145244343301,3.99672739267234,180.36086477746932,56.00604373870806,186.84766067843685,1361.7096263999993
86,58273.2687537,1,-0.846438684197528,98.07028143325711,331.87348323857356,9.697554312564408,18.45992620363102,4.029676185688807,191.40388727694474,59.76330208988791,186.65862151195907,1377.2901286999986
87,58288.8247958,1,-0.9094484076886915,100.89525686739975,331.87348323857356,6.728834428299095,43.0950655171711,4.029676185688807,189.3152169883159,19.003020583276655,181.21305603140104,1392.846170799996
88,58305.150296,1,-0.8791953098156531,100.10176070746141,331.87348323857356,9.870928980220695,18.45992620363102,4.184360531294007,195.48563592856434,62.560980291541654,201.55123728625512,1409.1716709999964
89,58320.9211838,1,-0.8483598501534682,100.10176070746141,331.87348323857356,9.697554312564408,18.45992620363102,4.184360531294007,189.3152169883159,62.560980291541654,187.98660278882676,1424.942558799994
90,58337.6585932,1,-0.8490927811410334,98.07028143325711,331.87348323857356,9.911256766193695,18.45992620363102,4.029676185688807,187.45977721335743,63.639290200001355,187.37378765538463,1441.6799681999983
91,58353.4886969,1,-0.6746404790739043,59.15150302438294,208.54494871882073,6.949196312366903,22.057018646726142,4.007631696788346,103.15460361754464,67.4230090445132,155.99714537564944,1457.5100718999965
92,58369.8274832,1,-0.7937734357784996,101.96786542047589,331.87348323857356,9.566869533449667,43.7720288770779,3.705373700690929,198.6013400189183,31.032161711466514,188.58346922359942,1473.848858199999
93,58385.7864287,1,-0.8416086031044717,106.59894870806703,356.1474800149401,9.697554312564408,18.45992620363102,4.029676185688807,64.1841572761272,62.560980291541654,188.24237580201557,1489.807803699994
94,58402.4118853,1,-0.8525726365803838,98.07028143325711,332.3435480479008,9.636387091656685,18.655700124234436,4.679390487578835,187.06710170403335,57.07187367137499,187.81511161920704,1506.4332603000003
95,58418.1989263,1,-0.7601718136167842,63.532961598338304,327.2662594925556,9.680178282552982,44.03843903074343,4.029676185688807,101.99683062410828,46.661538518915144,190.3780038260748,1522.2203012999962
96,58432.8093852,1,0.7288541286269622,97.82701841377195,204.00345448995597,6.835888208560862,21.680209240546965,3.969164924767521,190.56991803528217,62.53342243637849,155.99714537564944,1536.8307601999986
97,58448.5026053,1,-0.8782847895383095,100.10176070746141,319.1949661582745,9.697554312564408,18.45992620363102,4.184360531294007,189.3152169883159,63.37471418671701,202.29899687669732,1552.5239802999931
98,58464.3710512,1,-0.8466412895678495,100.10176070746141,331.87348323857356,9.697554312564408,18.45992620363102,4.184360531294007,195.02489088182358,62.560980291541654,187.2385946220591,1568.3924262
99,58480.228553,1,-0.8530543343499897,98.07028143325711,331.87348323857356,10.19175441315618,18.45992620363102,4.029676185688807,198.17625785776582,62.560980291541654,184.79859802794462,1584.2499279999975
100,58496.304839,1,-0.9300092015316203,98.07028143325711,322.89412945937585,7.021531535548814,39.7145244343301,3.99672739267234,177.17504688518085,62.560980291541654,186.84766067843685,1600.3262139999933
101,58512.6126676,1,-0.8496515415560255,97.39460543591285,332.3435480479008,9.636387091656685,18.744633967579503,4.679390487578835,115.46696430606406,57.07187367137499,187.81511161920704,1616.6340425999952
102,58529.0382753,1,-0.851719417613631,63.96537706174858,207.02041983251797,7.061860878330317,43.7090887923452,4.812270388097562,184.70637085057422,35.96046103920314,193.96250481779896,1633.0596502999979
103,58545.3174655,1,-0.8754049495560308,100.10176070746141,318.4547575340111,9.680343059273651,18.45992620363102,4.184360531294007,183.80935040154185,64.8690346767773,202.29899687669732,1649.3388404999932
104,58562.4844353,1,-0.8667591142598723,63.28979714132979,207.02041983251797,7.061860878330317,43.80479159603542,4.001140160029786,102.96972442303328,35.96046103920314,186.32516328679782,1666.5058102999974
105,58579.8440662,1,-0.7705359549745652,100.10176070746141,359.04680647758437,10.12762875873275,12.714936010564404,4.184360531294007,195.48563592856434,62.560980291541654,201.55123728625512,1683.865441199996
106,58596.3440697,1,-0.9308081237205925,98.07028143325711,320.54673746588514,7.021531535548814,39.7145244343301,3.99672739267234,177.17504688518085,62.560980291541654,186.84766067843685,1700.3654446999935
107,58612.6136009,1,-0.7650419726862269,100.33646372736925,331.87348323857356,7.220549458264952,17.852244922233005,4.184360531294007,195.48563592856434,62.672862004804614,201.55123728625512,1716.6349758999932
108,58628.636047,1,-0.5917270125558615,63.054747223700986,205.35148987966755,9.712243137085585,44.39531310014327,3.977103501313534,91.89484535452382,35.96046103920314,193.4383313322194,1732.6574219999966
109,58644.5150328,1,-0.8573981881962982,98.12490159066377,331.9864847781436,9.689224864100595,19.310307912185817,4.04235053653513,173.16792353767977,63.34321323823287,187.99336465032212,1748.5364077999984
110,58659.1722296,1,0.6718231790038306,100.04714055005476,311.80933674271137,10.200083861619994,18.45992620363102,4.171686180447685,198.17625785776582,62.59248124002578,184.7918361664493,1763.1936045999973
111,58674.2959857,1,0.627260346539139,108.24013510996501,331.87348323857356,9.697554312564408,17.98280665322496,4.580218347399545,189.3152169883159,62.560980291541654,201.55123728625512,1778.317360699999
112,58689.7084153,1,-0.8862178848673158,98.07028143325711,332.7553997310187,9.203842269694992,40.53962891214862,3.8578782102046545,180.36086477746932,60.997955674055305,186.84766067843685,1793.7297902999999
113,58706.064162,1,-0.8514948725045849,100.86100937350132,319.4037642756469,9.697554312564408,18.59992184805252,4.032472279596539,189.3152169883159,20.812356391013612,202.29899687669732,1810.085536999999
114,58722.4453645,1,-0.917320620238388,100.13600820135984,331.6646851189302,6.728834428299095,42.95108690215774,4.1815644373862755,189.3152169883159,61.56624581440605,181.21305603140104,1826.4667394999997
115,58739.0750559,1,-0.9224892429573875,100.89525686739975,331.87348323857356,7.091147769592906,43.0950655171711,4.029676185688807,189.3152169883159,19.003020583276655,181.21305603140104,1843.0964308999974
116,58755.1207802,1,-0.91200578634688,100.89525686739975,331.87348323857356,6.728834428299095,47.086701184713164,4.029676185688807,189.3152169883159,19.003020583276655,180.2709681336413,1859.1421551999956
117,58771.0130478,1,-0.9061402079397899,100.89525686739975,335.7544694923269,6.728834428299095,48.77157974873286,4.029676185688807,189.3152169883159,19.003020583276655,183.34392462084244,1875.0344227999958
118,58786.9319255,1,-0.9209898637361921,105.6792160334662,331.87348323857356,6.728834428299095,43.0274750019248,4.029676185688807,189.3152169883159,19.003020583276655,193.08632574514309,1890.9533004999976
119,58803.3486554,1,-0.8610606400678207,100.89525686739975,331.28176392553115,6.078875605461165,39.87062630659811,4.029676185688807,189.3152169883159,19.003020583276655,183.34392462084244,1907.370030399994
120,58819.2151486,1,-0.8952258803219889,98.07028143325711,323.4858487723587,7.717725348089903,46.93033434237203,3.99672739267234,177.17504688518085,62.560980291541654,186.84766067843685,1923.2365235999969
121,58835.3165149,1,-0.8903599173876673,98.07028143325711,323.26342773865406,7.717725348089903,46.93033434237203,4.023673720175511,177.17504688518085,64.56356345934375,183.41746485570823,1939.3378898999945
122,58851.6761966,1,-0.9178165333692483,100.89525686739975,332.09590427218893,6.728834428299095,47.086701184713164,4.002729858185637,173.71778593268095,17.004489856846238,186.77412044357104,1955.6975715999943
123,58869.4642534,1,-0.9334595680957423,100.39410545130298,321.6030078858142,7.286814333617456,43.12628107955381,3.9972732447141284,175.93584463549496,19.003020583276655,181.48027982792559,1973.485628399998
124,58888.0348536,1,-0.928186577172735,98.5714328493539,330.40684317446824,7.021531535548814,39.683308870022806,4.02913033364702,172.0665844560149,62.560980291541654,186.58043688190963,1992.0562285999986
125,58905.186273,1,-0.9209898637361921,105.6792160334662,331.87348323857356,6.728834428299095,43.0274750019248,4.029676185688807,189.3152169883159,19.003020583276655,193.08632574514309,2009.207647999996
126,58922.3167707,1,-0.9157947156848915,100.13600820135984,331.6646851189302,6.728834428299095,42.95108690215774,4.890371308591781,189.3152169883159,62.971350844480725,181.21305603140104,2026.3381456999996
127,58939.5474645,1,-0.922568636871196,100.89525686739975,331.87348323857356,7.091147769592906,43.30696647367836,4.029676185688807,189.3152169883159,19.003020583276655,181.21305603140104,2043.568839499996
128,58956.2064135,1,0.6548977734639091,107.84663444252509,319.1949661582745,10.094162263402096,18.45992620363102,4.184360531294007,186.7433167703897,63.37471418671701,202.29899687669732,2060.227788499993
129,58973.3782615,1,-0.9477299042026502,98.07028143325711,322.89412945937585,7.795202160697996,39.7145244343301,3.99672739267234,192.2188396839946,62.560980291541654,186.84766067843685,2077.3996364999985
130,58990.7168252,1,-0.8769240316863364,100.10176070746141,318.4547575340111,9.680343059273651,18.45992620363102,4.184360531294007,183.63315431521914,64.8690346767773,203.32523628745219,2094.738200199994
131,59007.521786,1,-0.8938161133788929,99.9781682694327,335.7544694923269,7.114913794695168,48.77157974873286,4.029676185688807,189.3152169883159,19.003020583276655,183.34392462084244,2111.543160999994
132,59024.8116964,1,-0.9119698637755653,100.89525686739975,336.0200467503227,6.728834428299095,47.086701184713164,4.029676185688807,189.3152169883159,19.003020583276655,183.34392462084244,2128.8330713999967
133,59040.4690834,1,0.7874865596558975,84.85839206829334,321.18853311359607,6.9920103215233524,39.7145244343301,2.18405016754214,177.17504688518085,62.560980291541654,186.84766067843685,2144.490458399996
134,59058.1113373,1,-0.9262348990338045,100.89525686739975,331.87348323857356,7.091147769592906,43.0950655171711,4.168490034556819,179.9504646438167,19.003020583276655,181.21305603140104,2162.1327122999937
135,59074.7437964,1,-0.9259168233591946,98.07028143325711,323.4130068789959,6.929497665708617,39.7145244343301,3.99672739267234,177.17504688518085,62.560980291541654,186.84766067843685,2178.765171399995
136,59091.7723272,1,-0.8794027369519897,98.07028143325711,332.2365223111792,9.29587818619446,40.53962891214862,3.8578782102046545,180.36086477746932,60.997955674055305,186.84766067843685,2195.793702199997
137,59108.7080497,1,-0.9129583599741399,100.89525686739975,331.87348323857356,6.728834428299095,48.40367153044899,4.029676185688807,189.3152169883159,23.461917048565414,180.2709681336413,2212.7294246999954
138,59126.2024624,1,-0.9153921190019797,100.89525686739975,331.87348323857356,6.728834428299095,47.086701184713164,4.029676185688807,191.76878416635464,20.6797218079373,183.34392462084244,2230.2238373999935
139,59142.2895078,1,0.7924485297801632,98.07028143325711,323.4858487723587,6.668699174198436,46.78234003002904,2.7916074209418764,188.55809696605775,61.36930286655787,190.92108303132142,2246.3108827999968
140,59160.1647729,1,-0.9237855032665395,105.6792160334662,331.87348323857356,7.777860612259999,43.17546680942585,3.9965121848237124,177.93216349937808,13.293835627549665,192.69511208225424,2264.1861479
141,59177.4998782,1,-0.9220448322250303,100.89525686739975,331.87348323857356,7.091147769592906,43.30696647367836,3.9873257691149275,189.3152169883159,19.003020583276655,181.21305603140104,2281.521253199993
142,59198.2079136,1,-0.9262348990338045,100.89525686739975,331.87348323857356,7.091147769592906,43.0950655171711,4.168490034556819,179.9504646438167,19.003020583276655,181.21305603140104,2302.2292885999996
143,59215.2795541,1,-0.9502710024529217,101.64990481182741,308.7028660186475,7.901070466808092,39.7145244343301,3.79942406185667,192.2188396839946,62.560980291541654,186.84766067843685,2319.300929099998
144,59232.5946736,1,-0.9248910269963538,96.57198672677647,330.40684317446824,7.021531535548814,39.683308870022806,3.877326404495763,172.0665844560149,62.560980291541654,186.58043688190963,2336.6160485999935
145,59249.939172,1,-0.8932090066265234,98.07028143325711,322.89412945937585,6.23553086740722,39.7138405152781,4.027850425185289,175.91272037622002,62.560980291541654,188.0697193038284,2353.960546999995
146,59267.2136809,1,-0.9303007940948502,100.55966943043839,330.40684317446824,7.021531535548814,39.6839927890748,3.99800730113407,172.0665844560149,62.560980291541654,186.57665866641779,2371.235055899997
147,59284.1861377,1,-0.9309902766232975,98.30043206806354,321.6030078858142,7.292835355016838,42.95120080394821,3.446698103602314,175.93584463549496,22.50116971214608,181.48027982792559,2388.207512699999
148,59301.5127231,1,-0.9341836336754671,98.07028143325711,306.16948571544066,7.015510514149433,39.889604708599755,3.9937503044328215,177.17504688518085,62.08411100890394,186.84766067843685,2405.534098099997
149,59318.5803181,1,-0.9291234633384862,98.07028143325711,320.5783453366609,7.021531535548814,39.7145244343301,5.885706002008127,177.17504688518085,62.560980291541654,188.3244038908193,2422.6016930999976
150,59336.0221916,1,-0.9182139083998241,92.07092514733509,323.38139900822017,6.929497665708617,39.7145244343301,3.99672739267234,177.17504688518085,62.560980291541654,186.84766067843685,2440.0435665999976
151,59353.2146041,1,-0.9251468484110522,99.89669131899136,331.87348323857356,7.091147769592906,43.0950655171711,4.168490034556819,179.9504646438167,19.003020583276655,181.21305603140104,2457.235979099998
152,59370.4756222,1,-0.9185994029850523,100.89525686739975,331.87348323857356,7.091147769592906,45.5703626630563,4.029676185688807,189.3152169883159,19.003020583276655,182.1467701744661,2474.4969971999963
153,59387.2065251,1,-0.917320620238388,100.13600820135984,331.6646851189302,6.728834428299095,42.95108690215774,4.1815644373862755,189.3152169883159,61.56624581440605,181.21305603140104,2491.227900099999
154,59405.9139555,1,-0.918980581007447,105.6792160334662,337.5386956627112,7.777860612259999,43.55382258433915,3.9965121848237124,177.93216349937808,13.293835627549665,192.69511208225424,2509.935330499997
155,59423.3773743,1,-0.9228714735554612,98.42444633923043,322.7891745049121,7.021531535548814,45.61230536191559,3.7354645823784414,177.17504688518085,17.911494128097814,186.84766067843685,2527.398749299995
156,59440.2889861,1,-0.9217268236404529,118.21524315455497,332.2008592264999,6.728834428299095,39.69880977907149,4.002729858185637,173.71778593268095,66.13515344387054,186.77412044357104,2544.310361099997
157,59457.5595497,1,-0.9153323303678633,104.91348021451697,331.87348323857356,6.728834428299095,47.585992698404894,3.772793907249044,189.3152169883159,19.840785593144496,183.34392462084244,2561.5809246999997
158,59475.0124946,1,-0.9384385585868442,98.07028143325711,322.89412945937585,8.037127050966339,41.453526799112105,3.99672739267234,187.14277671250105,62.560980291541654,186.84766067843685,2579.0338695999963
159,59492.804496,1,-0.9023665704221161,99.48744496273223,331.87348323857356,6.694246467676192,47.086701184713164,4.029676185688807,189.3152169883159,13.038102502032984,183.34392462084244,2596.8258709999936
160,59510.7330515,1,-0.9218792050822189,105.6792160334662,331.87348323857356,7.777860612259999,43.17546680942585,3.9965121848237124,177.71271175488255,13.293835627549665,186.89515593793152,2614.754426499996
161,59528.3065608,1,-0.9227471855158322,98.07028143325711,325.74745333024543,7.021531535548814,39.7145244343301,5.996506331163398,177.17504688518085,62.560980291541654,185.72053522904568,2632.3279358
162,59544.5745526,1,0.8358817269484436,101.64990481182741,308.7028660186475,9.572145336673909,39.7145244343301,3.79942406185667,192.2188396839946,62.560980291541654,186.84766067843685,2648.5959275999994
163,59561.9746341,1,-0.9487356413417382,101.64990481182741,308.7028660186475,7.294392295499814,39.7145244343301,3.8057345139918493,192.2188396839946,64.02728470851116,194.6287458992462,2665.9960090999957
164,59578.9161109,1,-0.9288502113192998,100.39410545130298,321.6030078858142,7.893492504926607,39.48421859131301,4.013694797972353,175.93584463549496,9.496840075107635,181.48027982792559,2682.9374858999945
165,59596.8006788,1,-0.9358175385645916,98.30043206806354,321.6030078858142,7.292835355016838,42.95120080394821,3.446698103602314,175.93584463549496,22.50116971214608,189.2863105156465,2700.822053799995
166,59613.7366387,1,-0.9369877677139018,98.07028143325711,322.89412945937585,8.037127050966339,41.453526799112105,3.99672739267234,187.14277671250105,64.25773016837617,186.84766067843685,2717.758013699997
167,59631.3752504,1,-0.9477299042026502,98.07028143325711,322.89412945937585,7.795202160697996,39.7145244343301,3.99672739267234,192.2188396839946,62.560980291541654,186.84766067843685,2735.396625399997
168,59648.5360144,1,-0.9237855032665395,105.6792160334662,331.87348323857356,7.777860612259999,43.17546680942585,3.9965121848237124,177.93216349937808,13.293835627549665,192.69511208225424,2752.557389399997
169,59666.3675099,1,-0.8920539900693207,98.07028143325711,306.16948571544066,6.3068074904958875,39.71662971532619,3.9937503044328215,177.17504688518085,62.058442940762376,180.61947322613184,2770.3888848999995
170,59683.3828735,1,-0.932638875091036,98.07028143325711,320.54673746588514,7.051787769240945,39.88749942760366,3.99672739267234,177.17504688518085,62.58664835968321,186.84766067843685,2787.4042484999954
171,59701.0188756,1,-0.9291234633384862,98.07028143325711,320.5783453366609,7.021531535548814,39.7145244343301,5.885706002008127,177.17504688518085,62.560980291541654,188.3244038908193,2805.0402505999955
172,59718.0113082,1,-0.9268561365667795,98.30043206806354,321.6030078858142,7.292835355016838,42.95120080394821,3.317999570269232,175.93584463549496,22.50116971214608,178.0281518302485,2822.032683199999
173,59735.3184651,1,-0.9269315640530245,96.57198672677647,330.40684317446824,7.068545949979295,39.683308870022806,3.879691137106541,172.0665844560149,62.5410258293915,186.5809721183736,2839.339840099994
174,59752.5412333,1,-0.9302876839186566,100.55966943043839,330.40684317446824,7.021531535548814,39.6839927890748,3.995642568523292,172.0665844560149,62.560980291541654,186.57612342995384,2856.562608299995
175,59770.0488966,1,-0.9287983150210849,98.07028143325711,322.89412945937585,8.037127050966339,41.453526799112105,3.236391068139829,187.14277671250105,62.560980291541654,186.1030265605253,2874.070271599994
176,59787.0744865,1,-0.9290282167987685,98.07028143325711,320.54673746588514,7.021531535548814,39.7145244343301,3.99672739267234,177.17504688518085,62.560980291541654,185.51700355151584,2891.095861499998
177,59804.1098197,1,-0.868329197837851,98.07028143325711,322.03776962832154,5.894090980666681,39.7145244343301,3.99672739267234,192.91459869132217,62.560980291541654,186.84766067843685,2908.1311946999995
178,59821.278231,1,-0.9033132417184213,98.42444633923043,322.7891745049121,7.648795718965226,45.61230536191559,3.7354645823784414,177.17504688518085,17.911494128097814,186.84766067843685,2925.299605999993
179,59838.4157469,1,-0.9340479202162587,100.7713791149569,309.1075378399532,7.015509853124306,39.68615529246384,3.800528239141748,177.17504688518085,62.54777056959546,186.84766067843685,2942.437121899995
180,59855.1472469,1,-0.9320422951879764,96.52488623026451,327.46879053043733,7.021532196573941,41.25784798790099,3.994926999760605,172.0665844560149,62.09732073085013,185.9579108257062,2959.1686218999967
181,59872.5756826,1,-0.9421838936669896,111.6375881420866,320.54673746588514,7.021531535548814,39.7145244343301,3.99672739267234,177.17504688518085,62.560980291541654,188.04370055562674,2976.5970575999963
182,59889.9797541,1,-0.9307590345487858,98.07028143325711,322.89412945937585,8.037127050966339,42.177129269224956,3.99672739267234,187.14277671250105,63.68652523168574,186.84766067843685,2994.0011290999973
183,59907.5119353,1,-0.925224632573848,100.94309624014613,309.1075378399532,7.672732735597525,44.32990765249278,4.004020099744877,177.17504688518085,62.54710098290875,182.17338188550562,3011.533310299994
184,59924.7356257,1,-0.9278233826134805,98.13519457611443,322.0252897995294,7.018221900433663,39.71416714922993,4.520716390424148,192.2188396839946,62.56164987822836,186.84766067843685,3028.757000699996
185,59942.1893116,1,-0.9508734548672222,98.07028143325711,322.89412945937585,7.795202160697996,39.7145244343301,3.99672739267234,192.2188396839946,58.86999619189287,186.84766067843685,3046.210686599996
186,59959.3736173,1,-0.9274597930685838,96.52488623026451,324.1779248992098,7.021532196573941,39.52960201512068,3.994926999760605,172.0665844560149,62.09732073085013,185.9579108257062,3063.3949922999964
187,59976.8848691,1,-0.9469111735992217,98.07028143325711,321.1978893377721,8.037127050966339,41.453526799112105,3.99672739267234,187.14277671250105,62.560980291541654,194.77352605705943,3080.9062440999987
188,59993.8819585,1,-0.9362224136539129,101.64990481182741,308.7028660186475,7.672868359450281,42.72347610049906,3.79942406185667,192.2188396839946,65.18390653183722,186.84766067843685,3097.9033334999986
189,60011.5565876,1,-0.9477299042026502,98.07028143325711,322.89412945937585,7.795202160697996,39.7145244343301,3.99672739267234,192.2188396839946,62.560980291541654,186.84766067843685,3115.577962599993
190,60028.6030549,1,-0.9520422179234607,101.64990481182741,319.9778642336429,7.901070466808092,38.938529082082624,3.79942406185667,192.2188396839946,62.560980291541654,186.84766067843685,3132.6244298999954
191,60046.0644474,1,-0.9546549908315507,105.40808889933052,322.89412945937585,7.795202160697996,39.7145244343301,3.99672739267234,192.2188396839946,62.560980291541654,186.84766067843685,3150.0858223999967
192,60063.259918,1,-0.9303007940948502,100.55966943043839,330.40684317446824,7.021531535548814,39.6839927890748,3.99800730113407,172.0665844560149,62.560980291541654,186.57665866641779,3167.281293
193,60080.4063599,1,-0.9546220164811429,101.36486877098145,322.89412945937585,8.037127050966339,39.23879409253786,3.99672739267234,187.14277671250105,62.560980291541654,186.84766067843685,3184.4277348999967
194,60097.4211015,1,-0.9450812803565936,101.64990481182741,309.0913177777965,7.294392295499814,41.60045730407308,3.8057345139918493,192.2188396839946,64.02728470851116,189.1336434335066,3201.442476499993
195,60114.9995595,1,-0.9486968466294148,101.6019110745827,308.7028660186475,7.294392295499814,39.7145244343301,3.8057345139918493,192.2188396839946,64.02728470851116,194.6287458992462,3219.0209344999967
196,60132.058126,1,-0.9322892227036602,96.52488623026451,327.46879053043733,7.021532196573941,41.25784798790099,3.994926999760605,193.69932755444975,54.974029277372594,185.9579108257062,3236.079501
197,60149.4353048,1,-0.9347710970006905,100.37796258843443,305.71448988267207,7.286814333617456,43.12628107955381,3.9933928674349803,175.86978245724558,19.003020583276655,181.84475725548876,3253.456679799994
198,60166.8410546,1,-0.9307124406293167,98.08642429612567,322.05800371563305,7.015510514149433,39.889604708599755,3.99763068171197,177.24110906343023,62.08411100890394,186.48318325087217,3270.862429599998
199,60184.5065869,1,-0.928000331766049,98.07028143325711,328.6982149938273,7.016573660545404,39.88749942760366,3.9938978173087256,177.17504688518085,62.58664835968321,186.84766067843685,3288.5279618999994
200,60201.5432302,1,-0.9355774393057688,98.07028143325711,298.8706465337319,7.0507246228449745,39.889604708599755,3.996579879796436,177.17504688518085,62.08411100890394,186.84766067843685,3305.564605199994
201,60223.4407251,1,-0.9369939208803715,109.09586494300045,308.7028660186475,7.677403875591027,43.97188994988956,3.79942406185667,192.2188396839946,50.11067129088934,186.84766067843685,3327.4621000999978
202,60241.4848429,1,-0.9442648350929534,98.07028143325711,322.89412945937585,7.795202160697996,39.7145244343301,3.3452415727823337,192.2188396839946,58.86999619189287,186.84766067843685,3345.506217899994
203,60259.4080178,1,-0.9534548958393564,101.74463699587692,322.89412945937585,7.801099327659414,39.71100579255185,4.642591541820849,192.2188396839946,62.560980291541654,186.84766067843685,3363.429392799997
204,60276.3797811,1,-0.9338768856605116,89.04473647005034,319.9778642336429,7.895173299846674,38.942047723860874,3.582740580337392,192.2188396839946,62.560980291541654,186.84766067843685,3380.4011560999934
205,60293.7802218,1,-0.9382163007475144,111.6375881420866,323.7211381203868,6.616172464331957,46.454973451618535,3.99672739267234,177.17504688518085,63.86841316553929,188.04370055562674,3397.8015967999963
206,60310.8070657,1,-0.9024675775808302,98.07028143325711,322.89412945937585,8.710102541922868,41.453526799112105,3.99672739267234,187.14277671250105,62.560980291541654,186.84766067843685,3414.8284406999956
207,60328.135075,1,-0.9549097260693415,105.40808889933052,319.8518774090598,7.795202160697996,39.7145244343301,3.99672739267234,192.2188396839946,62.560980291541654,186.84766067843685,3432.156449999995
208,60345.0850883,1,-0.9487356413417382,101.64990481182741,308.7028660186475,7.294392295499814,39.7145244343301,3.8057345139918493,192.2188396839946,64.02728470851116,194.6287458992462,3449.1064632999987
209,60362.3980685,1,-0.9436437811255219,96.64908645493745,308.7028660186475,7.294392295499814,39.7145244343301,3.7328986629700776,192.2188396839946,64.02728470851116,194.6287458992462,3466.4194434999954
210,60379.9212191,1,-0.9477299042026502,98.07028143325711,322.89412945937585,7.795202160697996,39.7145244343301,3.99672739267234,192.2188396839946,62.560980291541654,186.84766067843685,3483.9425940999936
211,60397.8679135,1,-0.9351201201630144,98.07028143325711,321.1978893377721,8.037127050966339,41.453526799112105,3.99672739267234,189.56724962107702,62.560980291541654,184.5587883260954,3501.889288499995
212,60416.9419935,1,-0.9532596245406789,101.64990481182741,308.7028660186475,7.901070466808092,39.7145244343301,3.79942406185667,192.2188396839946,62.560980291541654,189.42744808550833,3520.9633684999935
213,60435.2062169,1,-0.9541775709445726,101.63472644295793,308.3920920909219,8.037127050966339,39.23879409253786,3.99672739267234,186.9677368953155,62.560980291541654,186.84766067843685,3539.227591899995
214,60452.3612584,1,-0.9511278662564807,101.38004713985093,323.20490338574734,7.901070466808092,39.7145244343301,3.79942406185667,192.39387942341142,62.560980291541654,187.51267255315892,3556.382633399997
215,60469.8578393,1,-0.944625644197398,111.6375881420866,320.54673746588514,7.021531535548814,39.7145244343301,3.99672739267234,177.17504688518085,59.85910421230106,188.04370055562674,3573.8792142999955
216,60487.5671382,1,-0.9148940581750031,98.32906747596218,308.7028660186475,7.964627188827731,42.72347610049906,3.223083205159645,192.2188396839946,65.18390653183722,186.84766067843685,3591.5885131999967
217,60505.114781,1,-0.9577869914688936,105.4533078745454,323.38980267407203,7.795202160697996,39.7145244343301,3.96964868599616,181.66079571128085,62.560980291541654,186.84766067843685,3609.136155999993
218,60522.5679745,1,-0.9573508678728418,101.60468583660658,319.48219101894676,7.901070466808092,38.938529082082624,3.82650276853285,175.74402674657895,62.560980291541654,186.84766067843685,3626.589349499998
219,60540.0786822,1,-0.9469880700874459,95.88596455814974,322.89412945937585,7.795202160697996,40.89663965750571,3.99672739267234,187.13131951412345,58.86999619189287,186.84766067843685,3644.1000571999975
220,60557.0372679,1,-0.9574908358991342,101.34564113943296,322.89412945937585,8.12895185682808,36.93477546826519,3.99672739267234,184.94485408191045,62.560980291541654,186.84766067843685,3661.058642899996
221,60574.9875901,1,-0.9162786331295751,101.60585774899171,308.61075222225253,7.776618576228723,28.969479124788286,3.994816800843264,192.2188396839946,62.086410760471075,194.32339298512807,3679.0089650999944
222,60592.0676966,1,-0.936789779629939,98.8658761057805,323.40525657181206,7.312975879969175,39.7145244343301,3.8076451058209253,192.2188396839946,62.560980291541654,187.15301358883602,3696.0890715999994
223,60609.7287988,1,-0.9417848620556724,101.64990481182741,342.7794830474486,7.294392295499814,39.7145244343301,3.8057345139918493,192.2188396839946,59.99847106116353,194.6287458992462,3713.750173799999
224,60627.4442235,1,-0.9550172050302194,101.34564113943296,332.5492770315156,8.12895185682808,36.93477546826519,3.99672739267234,184.94485408191045,62.560980291541654,186.84766067843685,3731.465598499999
225,60644.948637,1,-0.9460636776535142,101.64990481182741,308.7028660186475,7.294392295499814,38.75758941877358,3.8057345139918493,192.2188396839946,64.02728470851116,194.6287458992462,3748.970011999998
226,60661.8234476,1,-0.9508987987066877,101.64990481182741,300.98368704024165,7.269135739738878,39.95291789680469,3.8057345139918493,192.2188396839946,61.346031308563795,195.33385914513894,3765.8448225999964
227,60679.7175562,1,-0.9485844783131633,97.9220957591206,304.79376424151747,7.294392295499814,39.215580438026755,3.9800082057645794,190.51126562311043,60.79798524153067,194.6287458992462,3783.738931199994
228,60696.8601804,1,-0.9521012826233997,101.63388648930396,308.4134966229928,8.037127050966339,39.737738088841205,3.99672739267234,186.9677368953155,62.560980291541654,186.84766067843685,3800.8815553999957
229,60714.2870641,1,-0.9497700042135587,95.00423420791502,322.89412945937585,8.12895185682808,36.93477546826519,3.99672739267234,184.94485408191045,62.560980291541654,186.84766067843685,3818.308439099994
230,60731.5264784,1,-0.9541951371164408,101.64588889446786,308.3920920909219,8.037127050966339,39.23879409253786,3.99672739267234,186.9677368953155,62.560980291541654,186.84766067843685,3835.5478533999994
231,60748.86832,1,-0.9487011743838923,101.64990481182741,319.9778642336429,7.6283185988196465,38.938529082082624,3.79942406185667,192.2188396839946,62.560980291541654,187.89392325560857,3852.889694999998
232,60765.8010637,1,-0.9244604127086556,110.09555861631068,323.38980267407203,7.795202160697996,30.733185880600228,3.96964868599616,181.66079571128085,62.55258704502629,186.84766067843685,3869.8224386999937
233,60783.4268833,1,-0.956990281993679,107.42450195031086,322.89412945937585,7.795460364583559,39.71100579255185,5.268763204577252,192.2188396839946,62.560980291541654,186.84766067843685,3887.448258299999
234,60800.2784218,1,-0.9556697589737976,101.25994723478966,319.8518774090598,7.800841123773851,39.7145244343301,4.010600387038699,192.2188396839946,57.4667216415928,186.84766067843685,3904.299796799998
235,60817.8234956,1,-0.9573508678728418,101.60468583660658,319.48219101894676,7.901070466808092,38.938529082082624,3.82650276853285,175.74402674657895,62.560980291541654,186.84766067843685,3921.844870599998
236,60835.2381181,1,-0.9305964649968509,98.07028143325711,322.89412945937585,6.872562206478709,41.8370760394464,3.99672739267234,192.2188396839946,58.86999619189287,186.84766067843685,3939.2594930999985
237,60852.9774392,1,-0.9658603206776015,105.4533078745454,321.6824225606417,7.795202160697996,39.7145244343301,3.96964868599616,155.85342546752474,62.560980291541654,186.84766067843685,3956.9988142
238,60870.3417823,1,-0.9554016049951336,99.87127048756355,319.48219101894676,7.901070466808092,38.938529082082624,3.82650276853285,176.6057131650034,62.560980291541654,186.84766067843685,3974.363157299995
239,60887.936673,1,-0.9577494688534265,106.67886126568779,322.893024351294,7.795202160697996,39.7145244343301,3.99672739267234,192.2188396839946,62.560980291541654,188.6271806464603,3991.958047999993
240,60905.3298098,1,-0.9479870230362587,105.40808889933052,319.85298251714164,7.795202160697996,41.51273739941592,3.99672739267234,192.2188396839946,63.25282488327845,186.84766067843685,4009.351184799998
241,60922.7047001,1,-0.9318960935100659,106.67886126568779,322.893024351294,6.916777594170082,39.7145244343301,3.99672739267234,192.2188396839946,62.560980291541654,188.6271806464603,4026.7260750999994
242,60939.9983009,1,-0.9522283872531075,99.75457215593818,319.48219101894676,7.662491273421427,39.75405440809817,3.82650276853285,175.74402674657895,62.560980291541654,186.84766067843685,4044.0196758999955
243,60957.1756099,1,-0.9541951371164408,101.64588889446786,308.3920920909219,8.037127050966339,39.23879409253786,3.99672739267234,186.9677368953155,62.560980291541654,186.84766067843685,4061.1969848999943
244,60974.2750178,1,-0.9558329080779504,105.4533078745454,323.38980267407203,7.795202160697996,39.7145244343301,4.011693283799043,188.65889743327017,62.560980291541654,186.84766067843685,4078.2963927999954
245,60991.7661096,1,-0.9541838217266466,105.40808889933052,322.89412945937585,8.076875457770285,39.7072303676046,3.99672739267234,192.18840432766913,62.560980291541654,186.84766067843685,4095.7874845999977
246,61009.1120703,1,-0.9540448197473137,101.36486877098145,314.61656587778043,7.8297533372376105,39.24608815926336,3.99672739267234,187.1732120461174,62.560980291541654,186.84766067843685,4113.1334452999945
247,61026.7008552,1,-0.9574908358991342,101.34564113943296,322.89412945937585,8.12895185682808,36.93477546826519,3.99672739267234,184.94485408191045,62.560980291541654,186.84766067843685,4130.722230199994
248,61042.9574678,1,0.7958423583099897,101.53917424022839,322.893024351294,7.795202160697996,39.7145244343301,2.9927399801738015,192.2188396839946,66.55967273198179,188.6271806464603,4146.978842799996
249,61061.7143131,1,-0.9002231636445637,101.34564113943296,322.89412945937585,6.600072571177023,36.93477546826519,4.4651022911418,184.94485408191045,62.560980291541654,186.84766067843685,4165.735688099994
250,61078.7170302,1,-0.9685285467012195,105.4533078745454,323.38980267407203,7.795202160697996,39.7145244343301,3.96964868599616,146.03748976881184,62.560980291541654,186.84766067843685,4182.738405199998
251,61096.2542398,1,-0.9604345390308342,101.63472644295793,308.55649313953353,8.037127050966339,39.23034942966802,5.066561721304771,186.9677368953155,56.47356925785288,186.84766067843685,4200.275614799997
252,61113.0781116,1,-0.9500260150776194,101.74463699587692,325.6938446975629,7.801099327659414,38.02323657545286,3.9787277759376294,192.2188396839946,62.560980291541654,186.84766067843685,4217.099486599996
253,61129.3817396,1,0.7935965283166891,113.42271968234351,322.89412945937585,7.795460364583559,39.71100579255185,5.268763204577252,192.2188396839946,62.560980291541654,186.84766067843685,4233.403114599998
254,61145.6873829,1,-0.9608677381106081,105.4533078745454,321.6824225606417,7.795202160697996,39.7145244343301,3.96964868599616,155.85342546752474,68.14322258971764,186.84766067843685,4249.7087579
255,61162.8518344,1,-0.9613451854540492,101.58163605717716,324.0908375652208,7.901070466808092,40.06901643844995,3.82650276853285,154.37374575670404,62.560980291541654,186.84766067843685,4266.873209399993
256,61179.819555,1,-0.9595236775388991,105.47635765396856,321.6824225606417,7.795202160697996,38.98780164337083,3.96964868599616,177.22370110664818,62.560980291541654,186.84766067843685,4283.8409299999985
257,61197.1327515,1,-0.9549097260693415,105.40808889933052,319.8518774090598,7.795202160697996,39.7145244343301,3.99672739267234,192.2188396839946,62.560980291541654,186.84766067843685,4301.154126499998
258,61214.1745137,1,-0.9573508678728418,101.60468583660658,319.48219101894676,7.901070466808092,38.938529082082624,3.82650276853285,175.74402674657895,62.560980291541654,186.84766067843685,4318.1958887
259,61231.5420898,1,-0.9571665707574951,107.42450195031086,320.3545036594634,7.795460364583559,39.71100579255185,5.268763204577252,192.2188396839946,62.560980291541654,186.84766067843685,4335.563464799998
260,61248.7098053,1,-0.954566664651196,101.34564113943296,331.97373916874767,8.12895185682808,36.54260936826044,3.99672739267234,184.94485408191045,62.560980291541654,186.84766067843685,4352.7311802999975
261,61266.1263326,1,-0.9608245605208585,101.34564113943296,332.5492770315156,8.12895185682808,36.93477546826519,4.9059011470131555,184.94485408191045,58.15473433109027,186.84766067843685,4370.147707599994
262,61283.3588376,1,-0.965016905956624,110.62917521520228,321.6824225606417,7.795202160697996,39.7145244343301,3.96964868599616,153.45654308044433,68.14322258971764,186.84766067843685,4387.380212599994
263,61300.7947018,1,-0.9551089692285634,101.41130794145862,319.4600550841083,7.795202160697996,38.98780164337083,3.80683134965027,177.22370110664818,62.560980291541654,186.84766067843685,4404.816076799994
264,61317.2806621,1,-0.9617873271606516,105.66973554908944,321.70455849548017,7.901070466808092,38.938529082082624,3.98932010487874,175.74402674657895,62.560980291541654,186.84766067843685,4421.302037099995
265,61335.7177079,1,-0.9597620763903597,100.48886081711827,308.55649313953353,8.037127050966339,39.23034942966802,4.655438716604514,186.9677368953155,56.47356925785288,186.84766067843685,4439.7390829
266,61352.6110288,1,-0.9527563884010345,101.58163605717716,324.0908375652208,7.901070466808092,40.06901643844995,3.82650276853285,154.37374575670404,62.560980291541654,178.56792687382332,4456.632403799995
267,61370.091135,1,-0.9455608537336269,101.63542937232849,320.3331653438398,8.644646589518604,38.938529082082624,3.82650276853285,175.74402674657895,62.560980291541654,186.84766067843685,4474.112509999999
268,61388.2323507,1,-0.960218995494469,101.60398290723602,307.7055188144717,8.035661572601073,39.23034942966802,5.066561721304771,186.9677368953155,56.47356925785288,186.84766067843685,4492.253725699993
269,61405.6946446,1,-0.9602918645859774,106.67886126568779,322.893024351294,7.795202160697996,39.7145244343301,3.99672739267234,192.2188396839946,62.560980291541654,190.7645341269989,4509.716019599997
270,61422.7771509,1,-0.9491555662212025,96.12346840689187,319.48219101894676,7.901070466808092,38.938529082082624,3.82650276853285,175.74402674657895,64.93960178316397,186.84766067843685,4526.798525899998
271,61440.3136693,1,-0.9577869914688936,105.4533078745454,323.38980267407203,7.795202160697996,39.7145244343301,3.96964868599616,181.66079571128085,62.560980291541654,186.84766067843685,4544.3350442999945
272,61457.2738318,1,-0.9526645323115656,99.54898462231591,321.5793658267317,8.12895185682808,36.93477546826519,3.99672739267234,184.94485408191045,62.560980291541654,184.4208497180017,4561.295206799994
273,61474.6407968,1,-0.9692962829691658,105.4533078745454,312.42047045743357,7.795202160697996,39.7145244343301,3.96964868599616,146.03748976881184,61.877368730833,186.84766067843685,4578.662171799995
274,61491.3110449,1,-0.9566767067980652,107.42450195031086,322.89412945937585,7.795460364583559,39.71100579255185,5.355876941557197,192.2188396839946,62.560980291541654,186.84766067843685,4595.332419899998
275,61508.8118605,1,-0.9535772103829091,105.4533078745454,321.5224802615145,7.217096428920065,39.71437988758739,5.282364968113818,139.33005439905168,63.33606262126908,186.76141911521907,4612.833235499995
276,61525.8010993,1,-0.955823497539266,107.42450195031086,323.054071758503,7.795460364583559,39.71115033929457,3.956046922739648,192.2188396839946,62.560980291541654,186.84766067843685,4629.8224742999955
277,61543.7394496,1,-0.9573508678728418,101.60468583660658,319.48219101894676,7.901070466808092,38.938529082082624,3.82650276853285,175.74402674657895,62.560980291541654,186.84766067843685,4647.7608245999945
278,61561.2100244,1,-0.9657547058692497,105.4533078745454,321.6824225606417,7.795202160697996,39.7145244343301,3.96964868599616,160.61243972825824,60.82465805066161,186.84766067843685,4665.2313994
279,61579.0163801,1,-0.9676739376144887,105.4533078745454,323.38980267407203,7.901668882541752,40.0907400153876,3.9470733538771445,147.61692120354152,62.560980291541654,186.84766067843685,4683.037755099998
280,61596.1258006,1,-0.9617685036635224,101.58163605717716,324.0908375652208,7.794603744964337,39.69280085739245,3.8490781006518655,154.08491347846717,62.560980291541654,186.84766067843685,4700.1471755999955
281,61613.6211551,1,-0.9562670283924433,105.4533078745454,321.6824225606417,7.367371372242403,39.7145244343301,4.491726227547579,159.86142696274507,62.560980291541654,186.84766067843685,4717.642530099998
282,61630.8378316,1,-0.9606649938291077,101.63472644295793,308.55649313953353,8.037127050966339,39.23034942966802,4.563727246835637,186.9677368953155,56.47356925785288,186.84766067843685,4734.859206599998
283,61648.3249217,1,-0.961417364481749,101.69463819008973,323.38980267407203,7.901668882541752,39.648445523054185,4.990067659756956,147.6340258798691,62.560980291541654,180.88357871941835,4752.346296699994
284,61665.3246722,1,-0.9312923472484619,105.34030574162799,320.210931979629,6.840114803387509,38.76517844914651,4.2660616796634105,154.06780880213952,62.560980291541654,186.84766067843685,4769.346047199993
285,61682.6233376,1,-0.9678063517446396,105.4533078745454,321.74603333127175,7.901668882541752,40.0907400153876,3.9470733538771445,147.61692120354152,62.560980291541654,186.84766067843685,4786.6447125999985
286,61699.984207,1,-0.9664898800241385,105.4533078745454,321.6824225606417,7.795202160697996,39.7145244343301,3.96964868599616,160.61243972825824,60.695528901010555,187.4552838464394,4804.005581999998
287,61717.5781577,1,-0.9679977456572055,105.4533078745454,323.38980267407203,7.795202160697996,39.7145244343301,3.96964868599616,146.03748976881184,63.25464473980777,186.84766067843685,4821.599532699998
288,61734.5092234,1,-0.9602918645859774,106.67886126568779,322.893024351294,7.795202160697996,39.7145244343301,3.99672739267234,192.2188396839946,62.560980291541654,190.7645341269989,4838.530598399993
289,61752.1930078,1,-0.9627104287307524,105.26874019221722,312.52525689436646,8.035661572601073,39.527951687111724,5.066561721304771,186.9677368953155,56.47041932577892,186.84766067843685,4856.214382799997
290,61769.7732442,1,-0.9675833242834623,101.78855058955983,307.9784988661436,7.795202160697996,37.69245422593623,3.96964868599616,130.6146192810919,61.88051866290665,186.84766067843685,4873.7946191999945
291,61787.8563118,1,-0.9595225897969761,105.47574936586852,321.6824225606417,7.795202160697996,38.98780164337083,3.96964868599616,177.22370110664818,62.560980291541654,186.84766067843685,4891.877686799999
292,61805.0884256,1,-0.9658576412507403,105.45391616264544,321.6824225606417,7.795202160697996,39.7145244343301,3.96964868599616,155.85342546752474,62.560980291541654,186.84766067843685,4909.109800599996
293,61822.4304904,1,-0.9610864241809091,105.4533078745454,321.6824225606417,7.795202160697996,39.7145244343301,3.96964868599616,155.17630798274496,68.14322258971764,186.84766067843685,4926.4518653999985
294,61840.0918159,1,-0.9461959692204673,101.3795438044618,355.7158166317101,8.12895185682808,36.93477546826519,4.828794862267165,184.94485408191045,58.15473433109027,186.84766067843685,4944.113190899996
295,61857.0659478,1,-0.9637699134954217,101.58163605717716,312.80072202184374,8.048843119262472,40.30013660236085,3.82650276853285,162.29885401345754,56.01789790292669,190.73026643102057,4961.087322799998
296,61874.1918871,1,-0.953117468828336,101.63472644295793,308.55649313953353,7.8893543985119585,38.999229265757116,5.45976653662952,185.86391885215576,64.73234056955232,186.84766067843685,4978.213262099998
297,61891.5347939,1,-0.9613451854540492,101.58163605717716,324.0908375652208,7.901070466808092,40.06901643844995,3.82650276853285,154.37374575670404,62.560980291541654,186.84766067843685,4995.556168899995
298,61908.6741796,1,-0.9522863294188257,105.4533078745454,323.38980267407203,7.795202160697996,40.93537706165898,3.96964868599616,146.03748976881184,74.51116748948117,184.5124463301428,5012.695554599995
299,61926.4900773,1,-0.9306144377735476,105.66973554908944,321.37938377216307,6.982043384347598,38.200711568014384,4.176382342029379,175.74402674657895,62.560980291541654,186.84766067843685,5030.511452299994
300,61943.421498,1,-0.9685542065814507,105.4533078745454,312.74564518074595,7.795202160697996,39.7145244343301,3.8607891503993343,146.03748976881184,61.877368730833,186.84766067843685,5047.442873
301,61960.8125574,1,-0.9607207606629496,105.45332918911184,321.6824225606417,7.795202160697996,39.7145244343301,3.817158093023851,155.85342546752474,62.560980291541654,182.98538284568485,5064.833932399997
302,61978.316511,1,-0.9646547037963802,105.453894848079,321.6824225606417,7.795202160697996,39.7145244343301,3.96964868599616,159.84335238101772,62.560980291541654,186.84766067843685,5082.337885999994
303,61995.5475743,1,-0.9611421317547243,101.69463819008973,321.53818633228195,7.796382516510874,39.648445523054185,4.990067659756956,147.42681120386118,61.8720980650375,180.88357871941835,5099.568949299995
304,62013.1947308,1,-0.9718027154205897,101.78855058955983,309.8301152067648,7.900488526728873,37.69245422593623,4.327568685171922,130.8218339569498,62.56940088941081,186.84766067843685,5117.216105799998
305,62030.8285527,1,-0.9567616234956179,101.58163605717716,312.75449366917917,7.804122245434969,41.42288258228784,3.82650276853285,166.51775472944303,56.01789790292669,186.69570517367708,5134.849927699994
306,62048.172142,1,-0.9576873799165605,96.06132860942078,312.79187353341047,8.0399230345255,37.48182841405139,3.1800793970267316,146.03748976881184,61.877368730833,190.88222193577903,5152.193517
307,62065.475958,1,-0.9715671891199708,105.4533078745454,323.38980267407203,7.982445976593482,35.999436041942374,3.96964868599616,123.19639477869609,61.911175271760655,186.84766067843685,5169.497332999999
308,62082.9834335,1,-0.9690242419739066,105.4533078745454,314.4958582143576,7.806176561578412,39.7145244343301,3.96964868599616,146.19981363101235,62.527173750614,186.84766067843685,5187.004808499994
309,62100.3753702,1,-0.9678066191340656,105.4533078745454,321.7211757683061,7.901668882541752,40.0907400153876,3.9470733538771445,147.61692120354152,62.560980291541654,186.84766067843685,5204.3967452
310,62118.1113391,1,-0.9665046940202798,105.4533078745454,323.41466023703765,7.901668882541752,40.0907400153876,3.9470733538771445,147.61692120354152,62.560980291541654,185.64519593811514,5222.1327141
311,62135.3403041,1,-0.9627104287307524,105.26874019221722,312.52525689436646,8.035661572601073,39.527951687111724,5.066561721304771,186.9677368953155,56.47041932577892,186.84766067843685,5239.361679099995
312,62152.9405474,1,-0.9679977456572055,105.4533078745454,323.38980267407203,7.795202160697996,39.7145244343301,3.96964868599616,146.03748976881184,63.25464473980777,186.84766067843685,5256.961922399998
313,62169.9921423,1,-0.9659192018198403,105.4533078745454,313.20606421120846,7.795202160697996,39.7145244343301,3.96964868599616,160.61243972825824,60.695528901010555,186.84226550416315,5274.013517299994
314,62187.655159,1,-0.9713572721437714,105.4533078745454,320.89682880686286,7.795202160697996,39.7145244343301,3.6081679321161846,129.64061038271473,61.877368730833,187.4606790207131,5291.676533999998
315,62205.048461,1,-0.9595250202967208,105.45337888007354,323.2856464245597,7.905193738800039,39.731553086228836,3.96964868599616,146.95400030806908,72.88370320935303,186.84766067843685,5309.069835999995
316,62223.0369801,1,-0.9735147615761031,105.4538451571173,321.7865788101541,7.791677304439709,39.83302504991134,3.9470733538771445,156.51634636299366,62.560980291541654,195.24807109531247,5327.0583550999945
317,62239.8493424,1,-0.9687382898537258,105.7114673602093,323.38980267407203,7.795202160697996,39.7145244343301,3.96964868599616,146.03748976881184,62.560980291541654,186.84766067843685,5343.870717399994
318,62257.2277485,1,-0.9636336699444793,105.66973554908944,321.70455849548017,7.901070466808092,38.938529082082624,3.98932010487874,175.74402674657895,60.30067608548343,186.84766067843685,5361.249123499998
319,62273.8333702,1,-0.9695794443599268,105.4533078745454,321.74603333127175,7.901668882541752,39.33513164093044,3.9470733538771445,147.61692120354152,62.560980291541654,186.84766067843685,5377.854745199998
320,62291.2923586,1,-0.9649708365875268,99.787175556369,312.74564518074595,7.795202160697996,39.7145244343301,3.9423219966441945,144.28765698904644,61.877368730833,186.84766067843685,5395.3137336
321,62308.2544534,1,-0.9715671891199708,105.4533078745454,323.38980267407203,7.982445976593482,35.999436041942374,3.96964868599616,123.19639477869609,61.911175271760655,186.84766067843685,5412.275828399994
322,62325.2368977,1,-0.9687527102778459,105.7114673602093,323.38980267407203,7.795202160697996,39.20776924864335,3.96964868599616,146.03748976881184,62.560980291541654,186.84766067843685,5429.258272699997
323,62342.4774444,1,-0.9248865648681835,105.4533078745454,350.57224952551417,7.787648149026653,44.31587232164904,3.0490569688842926,129.64061038271473,61.877368730833,187.93336851601643,5446.498819399996
324,62359.7504126,1,-0.9720851580163193,105.4533078745454,320.8756051855687,7.989999988264826,35.999436041942374,3.96964868599616,123.19639477869609,61.911175271760655,186.78024714853396,5463.771787599995
325,62376.5316109,1,-0.9640929883259085,98.47751462254375,309.81821752332235,7.9017811317297655,40.0907400153876,4.325549377397404,144.91569816794106,62.560980291541654,186.84766067843685,5480.552985899994
326,62394.1386626,1,-0.974101655223189,105.40596602422531,323.40170035707973,7.900376277540858,38.526918262150744,3.9490926616516626,130.8218339569498,62.56940088941081,186.84766067843685,5498.160037599999
327,62411.3351204,1,-0.9575849286115193,100.90149579591845,321.74603333127175,7.77824013401318,40.081498563686836,3.947144682149268,147.61692120354152,69.3667951095429,186.84766067843685,5515.356495399996
328,62429.3097844,1,-0.9649953587042094,106.31189062755067,323.38980267407203,7.918630909226567,39.72376588603086,3.5008931769591465,146.03748976881184,63.25464473980777,186.84766067843685,5533.331159399997
329,62445.857362,1,-0.9685542065814507,105.4533078745454,312.74564518074595,7.795202160697996,39.7145244343301,3.8607891503993343,146.03748976881184,61.877368730833,186.84766067843685,5549.878736999999
330,62463.8878636,1,-0.9735147615761031,105.4538451571173,321.7865788101541,7.791677304439709,39.83302504991134,3.9470733538771445,156.51634636299366,62.560980291541654,195.24807109531247,5567.9092385999975
331,62480.7128754,1,-0.9624900117701443,101.79995092871313,323.1296626233087,7.904589046102639,37.85637388618312,3.968861102848276,145.7374868463919,61.9307839477295,182.6977423658445,5584.734250399997
332,62498.3136447,1,-0.9749247519581417,105.44190753538926,310.09025525712644,7.7911016413242296,39.5506047740831,4.328356268319807,131.1218368793358,63.25464473980777,187.83238096135207,5602.335019699996
333,62515.309041,1,-0.9679977456572055,105.4533078745454,323.38980267407203,7.795202160697996,39.7145244343301,3.96964868599616,146.03748976881184,63.25464473980777,186.84766067843685,5619.330415999997
334,62531.7769439,1,0.89611665771632,105.4533078745454,320.89682880686286,9.473233302726204,39.7145244343301,3.6081679321161846,129.64061038271473,61.877368730833,187.4606790207131,5635.798318899993
335,62548.9069878,1,-0.9665556816663657,105.4533078745454,322.3900015240723,7.795202160697996,39.834256035589256,3.662550283236191,146.03748976881184,61.857895369483565,186.84766067843685,5652.928362799998
336,62565.9400525,1,-0.9757224040429363,105.4538451571173,311.8170477434738,7.791677304439709,39.71329344865219,4.552900248138976,156.51634636299366,62.58045365289109,195.24807109531247,5669.9614274999985
337,62583.126109,1,-0.9692746901006871,105.4533078745454,312.42047045743357,7.795202160697996,39.7145244343301,3.96964868599616,146.09519955048253,61.877368730833,186.84766067843685,5687.147483999994
338,62600.2547969,1,-0.9336043594116906,104.54576055903192,301.0421057907526,7.795202160697996,31.72086453277369,3.96964868599616,146.03748976881184,63.25464473980777,186.84766067843685,5704.276171899997
339,62616.6358725,1,0.8600214041823443,105.4533078745454,321.75287275847364,9.190984370517127,39.7145244343301,3.96964868599616,158.0876468831305,60.29269132616375,187.4552838464394,5720.657247499999
340,62634.044775,1,-0.9689187393419326,105.4533078745454,321.74012906546557,7.925102509925694,39.33513164093044,3.85060289504217,148.01442409799253,62.560980291541654,186.84766067843685,5738.066149999999
341,62650.9116188,1,-0.9711461138323562,105.44190753538926,310.09025525712644,8.271877235001652,39.5506047740831,4.328356268319807,131.1218368793358,63.25464473980777,187.83238096135207,5754.932993799994
342,62668.1879476,1,-0.9757825956868696,105.40596602422531,323.40170035707973,7.900376277540858,38.526918262150744,3.9490926616516626,124.66275859566035,62.56940088941081,186.84766067843685,5772.2093226
343,62685.3082342,1,-0.9669914845089909,100.94186068473178,323.38980267407203,7.982445976593482,35.999436041942374,3.96964868599616,123.19639477869609,61.911175271760655,186.84766067843685,5789.329609199995
344,62702.8089883,1,-0.9689187393419326,105.4533078745454,321.74012906546557,7.925102509925694,39.33513164093044,3.85060289504217,148.01442409799253,62.560980291541654,186.84766067843685,5806.830363299996
345,62720.2854421,1,-0.9538671899259016,105.4533078745454,295.69621497583887,7.806176561578412,39.7145244343301,3.96964868599616,146.19981363101235,75.59130867721741,186.84766067843685,5824.306817099998
346,62737.6703123,1,-0.9687527102778459,105.7114673602093,323.38980267407203,7.795202160697996,39.20776924864335,3.96964868599616,146.03748976881184,62.560980291541654,186.84766067843685,5841.691687299994
347,62754.7489608,1,0.8625878123117002,111.05312572995277,310.974422509316,7.900376277540858,38.526918262150744,3.9490926616516626,130.8218339569498,62.56940088941081,186.84766067843685,5858.7703358
348,62771.884459,1,-0.9770451220350462,105.40334435144615,312.671357841858,7.7911016413242296,39.5506047740831,4.328356268319807,134.91181945527006,59.99518350312681,188.74795862706276,5875.905833999997
349,62789.081663,1,-0.9751907718781423,105.35722416039383,321.8429267696326,7.901668882541752,39.33513164093044,3.9470733538771445,127.91211932987217,62.560980291541654,186.84766067843685,5893.103037999994
350,62806.6624415,1,-0.9630703982310874,101.88463430370871,308.6145836252221,7.900488526728873,37.69245422593623,4.327568685171922,148.02585565201358,62.56940088941081,182.9633315608374,5910.683816499994
351,62823.4603242,1,-0.9773318250719188,105.45320447270257,321.7865788101541,7.791677304439709,39.036777383590334,3.9432350204008095,140.15244667765538,61.89538005207242,194.17990633122008,5927.481699199998
352,62840.4060605,1,-0.9701509524613818,105.45394855896012,320.89682880686286,7.795202160697996,39.34105806257351,3.6120062655925196,132.68522359852923,62.54296897030223,187.4606790207131,5944.427435499994
353,62857.422541,1,-0.9523617179420427,105.4538451571173,311.8170477434738,6.813812234885285,40.092168821116225,4.552900248138976,156.51634636299366,53.916938479193945,195.24807109531247,5961.4439159999965
354,62873.8890834,1,-0.9725053544950338,105.4538451571173,328.40845501138733,7.791677304439709,39.83302504991134,3.9470733538771445,156.51634636299366,62.560980291541654,195.24807109531247,5977.910458399994
355,62891.0892559,1,-0.974196243799876,105.4538451571173,312.2996413366028,7.791677304439709,39.83302504991134,3.9470733538771445,155.6945738170275,62.560980291541654,195.9712745511619,5995.110630899995
356,62908.3140784,1,-0.973100647367278,105.4538451571173,321.3039852170152,7.791677304439709,37.41340549406448,4.552900248138976,156.51634636299366,62.58045365289109,195.24807109531247,6012.3354533999955
357,62925.0833421,1,-0.9628482139009313,105.45380556946945,320.87079485056506,7.7917170823172075,43.28412574595733,4.252223088269905,130.05596994420404,60.465298205828574,195.32059290935186,6029.1047170999955
358,62942.6880255,1,-0.9546433172814556,105.45334746219324,321.8126127664518,7.795162382820498,39.713696747983974,3.6438323092791434,156.100986726405,71.90189582374387,187.38815719806513,6046.709400499996
359,62959.7839745,1,-0.9465348179240103,102.70492400133138,320.8756051855687,7.4757328080192575,35.999436041942374,3.96964868599616,127.44713362453687,61.911175271760655,184.3234164646285,6063.805349499999
360,62976.620861,1,-0.9618987526289308,97.70765767276757,312.42047045743357,7.795202160697996,39.7145244343301,3.96964868599616,146.03748976881184,62.648010536246915,186.84766067843685,6080.642236
361,62993.0257398,1,-0.9562046260746733,105.4538451571173,309.83098111789263,7.791677304439709,43.31652854445057,4.1981581782586215,160.55096128938192,48.80054446235837,195.24807109531247,6097.0471148
362,63009.6993715,1,-0.9759997064872319,99.8632854418483,321.5632593561677,7.7911016413242296,39.5506047740831,4.535938600942797,131.1218368793358,57.31490960930181,190.41126499999856,6113.720746499996
363,63027.1672809,1,-0.97333400775145,105.4538451571173,312.2000716676189,7.791677304439709,39.83302504991134,3.9470733538771445,156.63105675354058,62.560980291541654,195.24807109531247,6131.188655899998
364,63044.4169553,1,-0.970875854792251,105.4538451571173,321.8861484791281,7.791677304439709,39.83302504991134,3.9470733538771445,155.6945738170275,62.560980291541654,192.1044608335715,6148.4383302999995
365,63062.196165,1,-0.9708306850278748,105.4538451571173,330.26809160282835,7.791677304439709,39.83302504991134,3.9470733538771445,156.14486923333794,62.560980291541654,193.79197174149678,6166.217539999998
366,63078.697988,1,-0.9757224040429363,105.4538451571173,311.8170477434738,7.791677304439709,39.71329344865219,4.552900248138976,156.51634636299366,62.58045365289109,195.24807109531247,6182.7193629999965
367,63095.963405,1,-0.9748522013727192,105.40334435144615,312.671357841858,7.7911016413242296,38.480147580879944,4.324338142822503,135.09834800897528,62.55733530742873,188.9005113235909,6199.984779999999
368,63112.8879391,1,-0.9751435599091092,105.40596602422531,310.5588798519266,7.900376277540858,39.58006439847056,3.953110787148967,130.63530540324456,60.007249085108896,186.6951079819087,6216.909314099998
369,63129.7579372,1,-0.9761931670860092,105.35674639111899,323.40170035707973,7.902008984188859,38.526918262150744,3.947020636817374,123.10394605858441,62.561194819458855,186.84766067843685,6233.779312199993
370,63146.352241,1,-0.9754497047705227,105.40644379350015,318.3451042422532,7.900036175893751,39.33513164093044,3.9491453787114335,127.7730276802941,62.569186361493614,186.84766067843685,6250.373615999997
371,63163.9732262,1,-0.9424751098022335,105.4533078745454,320.6679849879593,6.875381581769458,39.80285157574711,3.9692148642688405,123.10174825930456,62.57413772716918,186.78024714853396,6267.9946012
372,63180.8786764,1,-0.9843015630749398,105.4538451571173,312.02466794108017,8.455425111041713,33.92228443969445,4.553334069866335,156.6109922499639,54.08777654565155,195.24807109531247,6284.9000514
373,63197.8909379,1,-0.9741951542993221,105.45359714838654,297.64732437463744,7.7911016413242296,39.83848250695194,4.097777402235171,154.13702382218096,59.99518350312681,196.39822992255208,6301.9123129
374,63214.9936503,1,-0.9702759129667765,104.06027037749033,312.2867071313299,7.791677304439709,39.5451473170425,3.9470733538771445,142.08892202937864,62.560980291541654,188.32100322728732,6319.015025299996
375,63231.9235503,1,-0.9782496887579725,105.45550772868046,323.3895779630206,7.981720715268469,38.524208467091654,3.9490926616516626,122.90150620119356,61.84500525701665,186.84766067843685,6335.944925299998
376,63248.2447118,1,-0.9819167463783177,105.40376617009025,323.4019250681311,9.00995202985036,36.00214583700094,3.9870871107007444,124.95764717316287,62.635570904154804,186.84766067843685,6352.266086799995
377,63264.4107824,1,0.8624260128497162,105.40596602422531,326.5089548279958,7.900376277540858,38.526918262150744,2.7475363136887343,130.8218339569498,62.549045178866194,186.84766067843685,6368.432157399999
378,63281.6363683,1,-0.9754547218596326,105.45320447270257,321.7865788101541,8.289012397425234,39.036777383590334,4.227491733552024,154.0702341869194,61.89538005207242,194.17990633122008,6385.657743299998
379,63299.1514957,1,-0.978714544214318,102.35807195155903,321.7865788101541,7.791690643919007,39.004738250144285,4.962961262308436,130.93089993154828,61.89538005207242,194.14925052970418,6403.1728707
380,63316.0385102,1,-0.9698113129386842,105.44190753538926,310.09025525712644,7.791088301844931,39.582643907529146,3.845580389421938,140.3433836254428,63.25464473980777,187.86303676246303,6420.059885199997
381,63333.4345053,1,-0.9756973847324903,105.45320447270257,321.7865788101541,8.289012397425234,39.00621199752501,4.227491733552024,154.0702341869194,61.89538005207242,194.17990633122008,6437.455880299996
382,63350.2288798,1,-0.9752666286770219,102.35807195155903,319.2009856083301,7.791690643919007,39.03530363620961,5.000885273924541,130.93089993154828,66.95624543361131,194.14925052970418,6454.2502547999975
383,63367.5574063,1,-0.9749127424952885,105.40334435144615,315.2855977430019,7.7911016413242296,38.480147580879944,4.324338142822503,135.09834800897528,62.55733530742873,188.9005113235909,6471.578781299999
384,63384.2573247,1,-0.9757825956868696,105.40596602422531,323.40170035707973,7.900376277540858,38.526918262150744,3.9490926616516626,124.66275859566035,62.56940088941081,186.84766067843685,6488.278699699993
385,63401.980259,1,-0.9748420707648064,105.4538451571173,311.8170477434738,7.791677304439709,39.71329344865219,4.552900248138976,156.51634636299366,63.77343189960963,195.24807109531247,6506.001634
386,63418.8234919,1,-0.9824623469777645,102.35807195155903,321.7865788101541,8.276208503585703,39.004738250144285,4.962961262308436,130.93089993154828,58.06314989045302,194.14925052970418,6522.844866899999
387,63436.1329559,1,-0.9757224040429363,105.4538451571173,311.8170477434738,7.791677304439709,39.71329344865219,4.552900248138976,156.51634636299366,62.58045365289109,195.24807109531247,6540.154330899997
388,63453.085231,1,-0.9786466429267813,105.4059915543963,321.2666265226739,7.900376277540858,39.58006439847056,3.953110787148967,130.63530540324456,60.01843656376656,190.25066180428374,6557.106605999994
389,63470.1358117,1,-0.9737759981564836,105.40641826332914,318.15785749893297,7.900036175893751,39.33513164093044,3.7424549468781563,127.7730276802941,62.55799888283595,186.8446715919009,6574.157186699995
390,63486.5934931,1,-0.9349093450127537,105.45550772868046,323.3895779630206,7.981720715268469,44.13675678898538,3.9490926616516626,122.90150620119356,56.06891699411614,182.48244199900043,6590.614868099998
391,63503.0227726,1,0.8824628014699137,115.43261497221833,323.4019250681311,8.206107430566716,36.00214583700094,3.9870871107007444,110.97407159778498,62.635570904154804,186.84766067843685,6607.044147599998
392,63520.403008,1,-0.9892498833804919,105.4032349647035,334.0819683622308,9.00995202985036,33.83496585681332,4.536199416578885,124.95764717316287,62.5814072873682,187.15642642797994,6624.424382999998
393,63537.4942707,1,-0.9859541484921064,105.45437636250406,312.02466794108017,8.455425111041713,36.089464419882034,4.004221763988219,156.6109922499639,54.14194016238579,194.93930533456634,6641.515645699998
394,63554.3129708,1,-0.975880845652787,104.34479032255756,312.02466794108017,8.609639916678795,38.22845576129859,4.553334069866335,156.6109922499639,54.08777654565155,195.24807109531247,6658.3343457999945
395,63571.6075775,1,-0.9760467128702057,99.8632854418483,321.24419285750776,7.7911016413242296,39.5506047740831,4.535938600942797,131.1218368793358,57.31490960930181,190.41126499999856,6675.628952499996
396,63588.2082448,1,-0.9610551835704695,92.77334739174059,323.40170035707973,7.902008984188859,38.526918262150744,4.529523799354467,131.33168483623575,62.561194819458855,186.84766067843685,6692.229619799997
397,63605.6306484,1,-0.9758402637130806,99.8632854418483,321.5632593561677,7.7911016413242296,39.5506047740831,3.953435438405748,122.89409810168445,57.31490960930181,190.41126499999856,6709.652023399998
398,63622.3182956,1,-0.9655240366968726,99.6393278620632,315.07907082421315,7.902008984188859,37.293828992076214,3.947020636817374,135.6588351325826,62.561194819458855,186.84766067843685,6726.3396705999985
399,63639.8071864,1,-0.9822654156896029,105.40334435144615,323.35645211144254,8.280085023966846,38.90758655112634,4.328356268319807,122.0259885370285,59.99518350312681,188.74795862706276,6743.828561399998
400,63655.4073074,1,0.8433173742344787,105.4032349647035,312.284191295456,9.156851715389564,36.04276890727739,4.451415086537548,158.59501117016492,62.5814072873682,187.61540411433904,6759.428682399994
401,63672.4698752,1,-0.9289725546648663,105.45437636250406,333.82244418717596,7.145332298379354,33.89256151892951,3.68871572105678,120.41858746417124,54.14194016238579,194.88256030814904,6776.491250199993
402,63689.5029472,1,-0.9760385019837677,105.4538451571173,312.02466794108017,8.455425111041713,33.92228443969445,4.515410596624994,159.2461054136646,54.08777654565155,187.52418095239778,6793.524322199999
403,63705.8924009,1,0.8616542168192058,112.72660993169656,333.5174877287983,8.835136013541396,34.18434715510625,4.536199416578885,123.9998163611619,62.5814072873682,194.8803165632205,6809.913775899993
404,63722.6996873,1,-0.9828763517161012,105.40597402435738,323.37902442830904,9.00995202985036,35.960434992333205,3.9519586782309766,130.7774807260371,62.635570904154804,190.093098116914,6826.721062299999
405,63739.8520262,1,-0.9719825671306264,105.40378370012915,321.289527162496,7.900376277540858,36.87114514180408,3.988239219618735,124.81547185037029,62.745481940146995,187.00522436580655,6843.873401199999
406,63757.3051565,1,-0.9820440592264494,102.48475679060275,321.7865788101541,8.082064065296821,38.520298323299244,3.9490959490801005,130.47063020081004,60.042608534301856,194.14925052970418,6861.326531499995
407,63774.4850212,1,-0.9789801701045896,105.230061552075,327.0075328696934,7.897712365986213,39.011358188995786,4.960885950061579,118.1545036843292,62.561194819458855,186.84766067843685,6878.506396199999
408,63791.8987723,1,-0.9638802443419787,105.50496591664091,312.02466794108017,7.767565933851064,33.921432407322236,4.553334069866335,156.6109922499639,54.08777654565155,195.24807109531247,6895.920147299999
409,63809.0822485,1,-0.975777384268072,104.29366956303394,312.02466794108017,8.61137051900194,38.22930779355152,4.553334069866335,156.6109922499639,54.08777654565155,195.24807109531247,6913.103623499999
410,63826.4919246,1,-0.9915224240513056,105.56226345185144,323.5768481786669,8.581282008389566,35.60206834637944,4.498498583128533,131.1218368793358,57.31490960930181,190.41126499999856,6930.513299599996
411,63843.5597784,1,-0.9299084727129509,99.70478815947814,321.069269746972,7.698515755642584,44.94064173686489,3.286449598258032,124.16815231188244,62.635570904154804,186.84766067843685,6947.581153399995
412,63860.9421279,1,-0.9771219673651057,102.35807195155903,323.37700486289776,8.276208503585703,39.01228747964413,4.95957937543598,130.93089993154828,60.067008736181464,188.79670502876746,6964.963502899998
413,63876.7128403,1,0.8907724770530849,105.40334435144615,321.76602605869886,9.250064434184742,38.9000373216265,4.64487195981913,122.0259885370285,57.991324657398366,194.1005041279245,6980.734215299999
414,63892.7578502,1,0.8925282409004276,105.40334435144615,313.6573285610351,9.058386822653604,38.90758655112634,4.328356268319807,122.0259885370285,59.99518350312681,188.74795862706276,6996.7792252
415,63909.6837906,1,-0.9477701194469724,105.40596602422531,323.40170035707973,7.0779681485224115,38.526918262150744,3.9490926616516626,129.840709699005,57.62398559570309,186.84766067843685,7013.705165599997
416,63927.1093999,1,-0.9632875596594163,105.45550772868046,322.2119155398632,8.437280592278574,39.59182756054052,3.9167676586703366,123.41348763491126,68.66859255552319,186.90513187466405,7031.130774899997
417,63943.8273156,1,-0.9705287776214906,100.4894524919304,312.35752436106895,7.789241226116514,38.48298568063423,3.889271680634421,134.399838021552,60.01295058069505,188.74795862706276,7047.848690599996
418,63963.1328225,1,-0.9757272139701665,105.45550772868046,329.4134029113137,7.981720715268469,37.0017712785192,3.9490926616516626,122.90150620119356,59.557541972038784,186.84766067843685,7067.1541975
419,63980.7068284,1,-0.9861214347474689,105.45437636250406,312.02466794108017,8.69843170534036,36.089464419882034,4.004221763988219,156.6109922499639,54.14194016238579,194.93930533456634,7084.7282033999945
420,63998.5775059,1,-0.9845130439556807,102.4433322890303,321.6384602984864,8.605429453633212,36.53860341631377,4.951457674213252,131.0024279568065,57.67480115350644,186.75762184170432,7102.598880899997
421,64017.5930643,1,-0.9701466297018285,105.31850583261864,323.55004357979885,9.00995202985036,38.108568185842174,3.998590698804933,107.32827259857417,60.53908710375051,194.23928936372025,7121.6144392999995
422,64036.2119358,1,-0.9845127267821928,102.48475679060275,316.724853808367,8.082064065296821,37.59841785039277,4.093998962966183,130.47063020081004,60.042608534301856,195.8233778791924,7140.233310799995
423,64053.6890229,1,-0.986829489043569,105.45437636250406,317.379302551535,8.455425111041713,36.089464419882034,4.004221763988219,156.6109922499639,54.14194016238579,194.93930533456634,7157.710397899995
424,64069.6755483,1,0.8550856593266519,109.48774998718197,330.47118764973237,9.00995202985036,31.667534231755816,4.536199416578885,124.95764717316287,59.9129621966626,188.33641557862992,7173.696923299998
425,64086.0361268,1,0.8236711007806863,105.4538451571173,312.02466794108017,9.384792153770611,33.61028001993431,4.553334069866335,156.6109922499639,54.08777654565155,195.24807109531247,7190.0575017999945
426,64103.2908942,1,-0.9753790375626519,99.8632854418483,304.0954990416364,7.7911016413242296,38.78798466898063,4.535938600942797,131.1218368793358,57.31490960930181,190.41126499999856,7207.312269199996
427,64120.0908556,1,-0.9703013447627876,105.40334435144615,323.35645211144254,7.526451467693658,38.90758655112634,4.328356268319807,128.36626350705774,59.99518350312681,188.74795862706276,7224.112230599996
428,64137.814951,1,-0.9779031260021013,105.59696748889408,312.02466794108017,7.925678670663352,35.45067209028673,4.005543796353232,130.02351404174783,52.893363175304664,194.16000414123792,7241.836325999997
429,64154.6747627,1,-0.9727039537517715,99.06016579476925,321.7865788101541,8.082064065296821,38.520298323299244,3.9477739167150876,157.05810828990084,59.94058424809097,194.9285517230326,7258.696137699997
430,64172.6676008,1,-0.9963249069377241,105.4032349647035,334.3898624131259,9.00995202985036,33.85432572446618,4.545790016760641,124.39321023330243,62.5814072873682,195.3126119594911,7276.688975799996
431,64190.4225751,1,-0.9711396512972481,102.35807195155903,321.4786847501101,7.791690643919007,38.985378381105896,4.953370662126681,131.87406447640257,61.89538005207242,185.99306493261537,7294.443950099994
432,64208.8664385,1,-0.9847998665946721,105.45437636250406,312.02466794108017,8.455425111041713,36.04839989350044,4.161173626170716,165.21939244825185,54.14194016238579,194.93930533456634,7312.887813499998
433,64226.2917036,1,-0.9364692918103674,102.35807195155903,321.7865788101541,6.6583295677453105,39.004738250144285,4.593342376399075,130.93089993154828,58.06314989045302,194.88715059670318,7330.3130785999965
434,64243.8593602,1,-0.9813805202644654,105.4538451571173,312.02466794108017,8.455425111041713,33.92228443969445,4.553334069866335,156.6109922499639,54.08777654565155,192.0883948651466,7347.880735199993
435,64261.2269016,1,-0.9782496887579725,105.45550772868046,323.3895779630206,7.981720715268469,38.524208467091654,3.9490926616516626,122.90150620119356,61.84500525701665,186.84766067843685,7365.248276599996
436,64277.2215524,1,0.8606601709219877,107.13813900338083,323.5768481786669,9.686056288052091,34.81499751376694,4.892728923939868,140.7522031271045,57.31490960930181,190.514540800334,7381.242927399995
437,64294.2982323,1,-0.9657873545544672,105.45320447270257,321.7865788101541,7.778661337505934,35.76354025226742,3.922475987351007,130.52208042988636,61.89538005207242,191.13163668061367,7398.3196073
438,64311.7950404,1,-0.9900561326526723,105.45437636250406,312.02466794108017,8.69843170534036,35.626095627720716,4.0607276842029645,132.30777974316894,61.94271180198198,194.93930533456634,7415.816415399997
439,64328.306723,1,-0.9840474768708236,104.56015893847656,323.5768481786669,8.581282008389566,36.06543713854076,4.4419926629137905,155.42504934273657,57.31490960930181,190.41126499999856,7432.328097999998
440,64345.3356434,1,-0.9771396893207938,105.56726788014635,312.02466794108017,8.69843170534036,36.089464419882034,3.5780883443869063,156.6109922499639,57.11400548430041,190.5316912348242,7449.357018399998
441,64362.3669486,1,-0.9961803805297545,105.44937193420915,323.5768481786669,8.581282008389566,35.60206834637944,4.556325397874006,131.1218368793358,54.34284428738718,194.8188790997222,7466.3883235999965
442,64380.495925,1,-0.9844886705996805,105.45437636250406,312.02466794108017,8.746765037808224,36.04927508427827,4.165243335081568,165.74190418153742,54.14194016238579,194.93930533456634,7484.5172999999995
443,64396.9561665,1,-0.9860511635188709,105.45437636250406,312.02466794108017,8.455425111041713,36.088589229104194,4.000152055077367,156.08848051664,54.14194016238579,194.93930533456634,7500.977541499997
444,64413.8959603,1,-0.9789860865462329,105.46015802370022,323.5768481786669,8.991715811988183,36.06543713854076,4.626048192390836,155.42504934273657,57.32734721434819,187.51683757613975,7517.917335299993
445,64431.252597,1,-0.9538261411684071,97.70347673714468,334.0819683622308,10.289354466764932,33.83496585681332,4.418549179338859,124.95764717316287,62.56896968232155,190.05085385183872,7535.273971999995
446,64449.3170364,1,-0.9836473793308754,102.48475679060275,316.724853808367,8.082064065296821,37.648575875425735,4.007881515274893,129.5554689090542,61.093921936533086,195.81463719049643,7553.3384114
447,64465.7171903,1,-0.9743012434942454,105.45437636250406,312.02466794108017,8.69843170534036,37.652151192322016,3.76390564939138,157.52615333296143,53.090626760123904,194.94804602326232,7569.738565299995
448,64483.3557794,1,-0.9807694433507457,105.40225078728645,309.87275129179136,8.455425111041713,36.089464419882034,4.018778962016805,156.6109922499639,62.73434819470091,194.93930533456634,7587.377154399997
449,64500.4001066,1,-1.0007752331765702,105.45536053992112,334.3898624131259,9.00995202985036,33.85432572446618,4.53123281873207,124.39321023330243,57.76682089696711,197.8511622210144,7604.421481599995
450,64517.9734077,1,-0.9892494921803449,105.4538451571173,311.20222122956994,8.455425111041713,33.92228443969445,4.553334069866335,129.32866425692066,54.08777654565155,195.24807109531247,7621.9947827
451,64533.5840753,1,0.8762530686479487,105.4032349647035,334.3898624131259,9.424975394613229,35.35937961040666,4.545790016760641,124.39321023330243,62.5814072873682,196.689009820248,7637.605450299998
452,64551.2536887,1,-0.9819254552347784,105.4538451571173,312.02466794108017,8.453783723345838,36.64311089960892,4.235618424761776,157.52554626491772,58.31332384833445,191.8641868309933,7655.275063699999
453,64568.6266904,1,-0.9808552021489181,102.4433322890303,321.6384602984864,8.607070841329088,33.817776956398674,4.951457674213252,132.04082840422674,57.67480115350644,186.75762184170432,7672.648065399997
454,64585.6537482,1,-0.9881597898909608,102.16537165570878,317.49388889794983,8.581282008389566,35.60206834637944,4.498498583128533,131.1218368793358,57.31490960930181,190.41126499999856,7689.675123199995
455,64602.5925688,1,-0.979546872032369,104.56015893847656,312.49770109158794,8.837209750124584,36.06543713854076,4.4419926629137905,155.42504934273657,60.40697691175803,190.41126499999856,7706.6139437999955
456,64619.7654268,1,-0.9855311784791625,104.36314251052822,314.2219747230549,8.455425111041713,36.089464419882034,4.004221763988219,156.6109922499639,54.14194016238579,194.93930533456634,7723.786801799994
457,64636.1457344,1,-0.9785986302823966,102.35807195155903,319.17664782309566,8.276208503585703,39.56824847878812,4.962961262308436,130.93089993154828,58.06314989045302,194.14925052970418,7740.167109399998
458,64653.2408406,1,-0.984892986694378,105.45437636250406,316.4881082292824,8.69843170534036,35.626095627720716,4.058008040341185,155.80429143895876,61.94271180198198,194.93930533456634,7757.2622156
459,64669.9468347,1,-0.992281761642062,105.45437636250406,312.91586226333277,8.564064673802571,36.089464419882034,3.4417739136664016,133.11448052582895,54.14194016238579,204.4767902854137,7773.968209699997
460,64687.8738535,1,-0.9833551775811723,105.44937193420915,333.54231471510803,8.581282008389566,35.60206834637944,4.556325397874006,131.1218368793358,62.40100177315909,186.9321902670663,7791.895228499998
461,64703.7400729,1,0.8604797781846636,118.53924589161298,315.9537684287703,9.00995202985036,33.83496585681332,4.599503735072076,124.95764717316287,59.679600064790776,195.04311524940422,7807.761447899997
462,64721.5330583,1,-0.9991902250442305,105.45536053992112,334.3898624131259,9.00995202985036,33.85432572446618,4.53123281873207,132.25273009658954,57.54344262036678,197.8511622210144,7825.5544333
463,64738.4734739,1,-0.9876385714380241,105.45437636250406,312.02466794108017,8.455425111041713,36.088589229104194,4.000152055077367,149.36898971592097,54.14194016238579,194.93930533456634,7842.494848899994
464,64755.585619,1,-0.9812777399790356,105.45437636250406,317.379302551535,8.455425111041713,37.86938782150897,4.004221763988219,158.4395145986953,54.14194016238579,194.93930533456634,7859.606993999994
465,64772.0754198,1,-1.001267371876388,105.90935573137294,334.3898624131259,9.00995202985036,33.85432572446618,4.53123281873207,124.39321023330243,57.76682089696711,197.8511622210144,7876.096794799996
466,64789.296051,1,-0.9900561326526723,105.45437636250406,312.02466794108017,8.69843170534036,35.626095627720716,4.0607276842029645,132.30777974316894,61.94271180198198,194.93930533456634,7893.317425999994
467,64805.3379305,1,0.8967700621253748,105.4032349647035,334.3898624131259,10.832884632996898,31.354252305571613,4.545790016760641,124.39321023330243,79.63395068358886,195.3126119594911,7909.359305499995
468,64822.1730425,1,-0.9852688380033754,102.41670412474808,312.02466794108017,8.981120076836625,35.626095627720716,4.0607276842029645,132.30777974316894,61.94271180198198,194.93930533456634,7926.194417499995
469,64839.1557865,1,-0.9923723752392682,106.52680398011778,323.5768481786669,8.581282008389566,35.60206834637944,4.498498583128533,131.1218368793358,57.31490960930181,190.41126499999856,7943.177161499996
470,64856.3902544,1,-0.9805275108622922,105.34041231630049,332.53783747315896,8.539773697561257,39.17486266093667,4.525570477815551,124.7855470254932,54.14194016238579,196.54804878537345,7960.411629399998
471,64873.6764486,1,-0.9758731124233948,104.42596515893122,320.8764767672504,8.92560344333082,33.66128959667996,4.014850702751565,156.78309194521518,62.5814072873682,185.5476823691079,7977.6978235999995
472,64890.9347851,1,-0.912961026640341,105.45437636250406,316.4558334159012,8.687224976466048,42.313281423850825,3.4417739136664016,133.22559200210566,62.62717495868288,204.4767902854137,7994.956160099995
473,64907.7131549,1,-0.9859272952747984,104.33877825867879,312.9481370767139,8.575271402676883,35.29700050309173,4.058008040341185,155.6931799494982,53.457477005482936,193.48150135134478,8011.7345298999935
474,64925.2539657,1,-0.9215403475030973,105.45412219315293,323.2895358171578,6.64051492598573,35.60206834637944,4.556325397874006,131.1218368793358,49.700140937066564,194.8188790997222,8029.275340699998
475,64941.7709926,1,-0.9863611101904628,105.44962610356029,316.77542059079104,8.583300659257644,35.626095627720716,3.790689566806388,155.80429143895876,54.240763176115955,194.93930533456634,8045.792367599999
476,64958.4791613,1,0.8339711507602381,112.68805735942452,312.02466794108017,8.69843170534036,38.05160075192875,4.004221763988219,156.6109922499639,54.14194016238579,194.93930533456634,8062.500536299995
477,64975.2727465,1,-0.9963249069377241,105.4032349647035,334.3898624131259,9.00995202985036,33.85432572446618,4.545790016760641,124.39321023330243,62.5814072873682,195.3126119594911,8079.2941214999955
478,64993.3448514,1,-0.9813290896071859,105.45437636250406,312.91586226333277,8.451793207319652,37.82397180304342,3.4417739136664016,151.17177292744324,54.14194016238579,201.80748678126866,8097.366226399994
479,65010.1850187,1,-0.9904045690416768,105.45437636250406,317.379302551535,8.56769657752463,36.089464419882034,4.004221763988219,131.32301866905317,54.14194016238579,190.73761439056628,8114.206393699998
480,65026.513963,1,0.8645503351928421,106.15803760968572,321.1129446241479,9.00995202985036,37.37794044825635,4.53123281873207,132.27247926972976,57.54344262036678,197.8511622210144,8130.535337999994
481,65044.3421014,1,-0.9911608671313491,105.56226345185144,323.5768481786669,8.581282008389566,35.15777957026701,4.498498583128533,131.1020877061956,57.31490960930181,190.41126499999856,8148.363476399994
482,65061.6564523,1,0.8550305342178524,110.0454046273402,311.20222122956994,8.800505649003643,36.137499442220374,3.374914488495757,133.1494061136767,54.08777654565155,195.03991931264082,8165.6778272999945
483,65077.5212434,1,0.8334539463112752,107.72914604325945,312.91586226333277,8.564064673802571,33.92690948447058,4.620193496542272,133.11448052582895,37.90294449916758,204.68485639695,8181.542618399995
484,65094.6345568,1,-1.0006184926942328,105.45152522313097,336.89183628165057,9.00995202985036,33.85432572446618,4.529375793958066,124.45818823898615,57.77255602604694,199.019436010098,8198.6559318
485,65111.8117879,1,-0.9937494825570274,105.90720244245111,324.0295641232669,8.581282008389566,35.60206834637944,4.456606711628115,132.5512210046171,54.337109158307356,191.74544158182843,8215.833162899995
486,65128.798971,1,-0.9963249069377241,105.4032349647035,334.3898624131259,9.00995202985036,33.85432572446618,4.545790016760641,124.39321023330243,62.5814072873682,195.3126119594911,8232.820345999993
487,65145.6671189,1,-0.9834236604688326,105.4032349647035,334.0819683622308,8.722042372136617,33.83496585681332,4.536199416578885,124.95764717316287,62.5814072873682,187.157206519207,8249.688493899994
488,65162.7399001,1,-0.9899705083271282,105.45437636250406,317.379302551535,8.852343121995187,36.089464419882034,4.004221763988219,131.32301866905317,54.14194016238579,192.19088946540202,8266.761275099998
489,65178.7377008,1,0.8734767577179263,105.45437636250406,311.48572281742815,9.700510197925142,35.626095627720716,4.0607276842029645,132.30777974316894,61.94271180198198,194.93930533456634,8282.759075799993
490,65195.9339234,1,-1.0024496163374625,105.90935573137294,334.3898624131259,9.00995202985036,33.85432572446618,4.53123281873207,118.74112389671139,57.76682089696711,197.8511622210144,8299.955298399997
491,65212.2622377,1,0.8457192425536426,113.55215051277793,323.5768481786669,8.581282008389566,35.60206834637944,4.498498583128533,136.72269684533268,49.42514668123746,190.41126499999856,8316.283612699997
492,65228.0868471,1,0.8366340091634483,110.1906214632852,317.379302551535,8.455425111041713,36.089464419882034,4.045669914789191,137.6463851729788,54.14194016238579,201.2561823186346,8332.108222099996
493,65245.7204585,1,-0.9885476187083041,105.4538451571173,311.20222122956994,8.455425111041713,33.92228443969445,4.553334069866335,129.32866425692066,54.08777654565155,194.33362665954624,8349.741833499997
494,65262.6634372,1,-0.9896103701696661,105.45437636250406,312.02466794108017,8.69843170534036,35.626095627720716,4.0607276842029645,134.16297496011134,61.94271180198198,194.93930533456634,8366.684812199994
495,65280.1261727,1,-0.9983188201416124,105.45536053992112,334.3898624131259,9.00995202985036,33.66791964375297,4.53123281873207,132.25273009658954,57.54344262036678,196.85568552316397,8384.147547699999
496,65297.0241385,1,-0.9997692274133668,105.4032349647035,334.3898624131259,9.00995202985036,33.85432572446618,4.545790016760641,124.39321023330243,55.7771561496198,195.29275812686544,8401.045513499994
497,65313.7598394,1,0.8601963964253935,108.65624504447781,334.3898624131259,9.00995202985036,33.85432572446618,4.53123281873207,124.39321023330243,62.60105766404464,197.87101605363958,8417.781214399998
498,65330.7324336,1,-0.9675694160861329,104.71735120179633,323.5768481786669,8.581282008389566,30.650659785525065,4.498498583128533,131.1218368793358,57.030816714637666,189.99441073220666,8434.753808599999
499,65347.8778871,1,-0.9961558745577168,106.4432158260684,334.3898624131259,9.00995202985036,35.64245890107254,4.53123281873207,124.39321023330243,57.76682089696711,195.3234266331196,8451.8992621
500,65364.5355699,1,-0.9961475149572939,106.4432158260684,334.3898624131259,9.00995202985036,35.64245890107254,4.53123281873207,124.39321023330243,57.76682089696711,195.31171802870927,8468.556944899996
501,65382.207035,1,-0.9865394782837875,105.4032349647035,334.3898624131259,9.00995202985036,34.01186255544586,4.545790016760641,124.39321023330243,74.34987618993232,195.32432056390144,8486.228409999996
502,65400.4510553,1,0.8620576249257,116.76402695341021,334.3898624131259,9.00995202985036,33.85432572446618,4.5591230426760925,124.39321023330243,61.903136529603074,195.3126119594911,8504.472430299997
503,65417.8436843,1,-0.9991902250442305,105.45536053992112,334.3898624131259,9.00995202985036,33.85432572446618,4.53123281873207,132.25273009658954,57.54344262036678,197.8511622210144,8521.865059299998
504,65434.7850797,1,-0.985113493806842,97.75953268356601,323.5768481786669,8.581282008389566,35.547857155732174,4.500029344847232,131.46293880294974,55.55054455788241,192.364288051427,8538.806454699996
505,65452.5222256,1,-0.9980572870729494,105.39782616817433,334.3898624131259,9.00995202985036,33.908536915113444,4.5442592550419425,124.05210830968849,48.616802713405534,190.31643976820934,8556.543600599995
506,65469.2510151,1,-0.9774812648645073,105.56226345185144,323.5768481786669,8.069800605729371,35.15777957026701,4.498498583128533,131.1020877061956,57.31490960930181,190.41126499999856,8573.272390099999
507,65486.6650904,1,-0.9892965509776587,105.4032349647035,334.3898624131259,9.00995202985036,36.45198696559103,4.545790016760641,124.39321023330243,55.7771561496198,193.9912422183121,8590.686465399995
508,65502.6135817,1,0.8576838002808823,105.90935573137294,321.73510047210436,9.00995202985036,33.85432572446618,4.53123281873207,124.39321023330243,57.76682089696711,197.8511622210144,8606.6349567
509,65520.3142319,1,-0.9994941616366744,104.30108099484563,334.3898624131259,9.00995202985036,33.85432572446618,4.53123281873207,124.39321023330243,57.76682089696711,197.8511622210144,8624.3356069
510,65536.9632078,1,-0.9952868971688646,105.45536053992112,334.05767691211145,9.01971033996981,33.692560928478414,4.53123281873207,132.25273009658954,57.54344262036678,192.69899509117343,8640.984582799996
511,65554.0502809,1,-0.9544296473529984,105.44937193420915,323.9090336786403,8.571523698270116,40.97836783279196,4.714126893584057,131.1218368793358,54.34284428738718,196.85343616404703,8658.0716559
512,65570.8058315,1,-0.9960206290307818,105.45536053992112,334.3898624131259,8.853040735100492,33.85432572446618,3.8617287058899894,122.20158826731353,57.54344262036678,197.8511622210144,8674.827206499991
513,65587.1167602,1,0.87821046473133,105.90935573137294,334.3898624131259,9.857234518626624,33.85432572446618,4.53123281873207,118.74112389671139,46.47266271353615,197.8511622210144,8691.138135200003
514,65604.1717852,1,-1.0027937163150846,105.90935573137294,334.3898624131259,9.230516562359806,33.85432572446618,4.53123281873207,124.39321023330243,57.76682089696711,197.8511622210144,8708.193160199997
515,65621.4678427,1,-1.0037630954430936,105.90935573137294,334.3898624131259,9.00995202985036,33.85432572446618,4.53123281873207,112.28162433497172,57.76682089696711,197.8511622210144,8725.4892177
516,65638.401129,1,-0.9892915108865525,105.4032349647035,334.3898624131259,9.00995202985036,31.981736415462805,4.545790016760641,128.69725164003532,62.5814072873682,195.3126119594911,8742.422504000002
517,65655.7113108,1,-0.9938084101398025,105.45536053992112,334.3898624131259,9.00995202985036,35.46613000982778,4.5878144874963915,132.25273009658954,60.91952078574902,196.85568552316397,8759.732685800001
518,65672.6456018,1,-0.9883079858276228,106.52680398011778,315.7898783385041,8.280803990713993,35.60206834637944,4.498498583128533,131.1218368793358,57.31490960930181,192.4259734581195,8776.6669768
519,65690.5889042,1,-1.0006413854701248,105.45536053992112,334.3898624131259,9.00995202985036,34.56915467409403,4.53123281873207,124.39321023330243,57.76682089696711,197.8511622210144,8794.610279200002
520,65707.7226084,1,-0.9924464007162963,99.0610178948294,334.3898624131259,9.00995202985036,33.85432572446618,4.53123281873207,126.11804816058459,57.76682089696711,197.8511622210144,8811.743983399996
521,65725.2883547,1,-1.009170748379143,105.90935573137294,334.3898624131259,9.00995202985036,33.85432572446618,4.523350248379641,88.12304770253283,57.76682089696711,199.55492941515118,8829.309729699991
522,65742.6204711,1,-1.0010328204349894,105.69630240901957,334.3898624131259,9.00995202985036,33.85432572446618,4.53123281873207,124.39321023330243,57.76682089696711,197.8511622210144,8846.6418461
523,65760.5050398,1,-0.9979275560020432,105.45536053992112,334.3898624131259,9.00995202985036,33.66791964375297,4.546632829360565,132.25273009658954,58.420782600144406,196.85568552316397,8864.526414799999
524,65777.1982248,1,-1.0007674432478035,105.45156236797116,334.3898624131259,9.00995202985036,33.85432572446618,4.5293356566675085,124.39321023330243,57.76682089696711,197.8511622210144,8881.219599799995
525,65794.6220319,1,-0.9908205687451758,105.45532339508092,336.89183628165057,8.884333146268066,33.85432572446618,4.531272956022627,124.45818823898615,57.77255602604694,188.65282118403144,8898.643406899995
526,65811.7324454,1,-0.9717918248026259,105.45966420902526,344.65813943257336,9.00995202985036,29.267244411632664,4.546019325391294,123.98614145108195,57.732490963940755,197.66006804752865,8915.753820400001
527,65829.4567566,1,-1.0022959025991967,105.85292648705116,334.3898624131259,9.00995202985036,33.85432572446618,4.531003510101417,115.3218489023789,55.81148608264616,195.4838523003509,8933.4781316
528,65846.3273926,1,-1.0027937163150846,105.90935573137294,334.3898624131259,9.230516562359806,33.85432572446618,4.53123281873207,124.39321023330243,57.76682089696711,197.8511622210144,8950.348767599993
529,65863.5881712,1,-0.9958783236039734,106.4432158260684,335.4515791559618,9.00995202985036,35.64245890107254,4.53123281873207,124.39321023330243,57.76682089696711,195.3234266331196,8967.609546199994
530,65880.5154389,1,-0.9963398091808837,105.44101649249457,334.3898624131259,9.00995202985036,33.85432572446618,4.530716614088868,124.39321023330243,62.5814072873682,195.3126119594911,8984.536813899991
531,65897.768099,1,-1.0045701692758362,105.87157420358186,334.3898624131259,9.00995202985036,33.85432572446618,4.546306221403843,107.04132198688616,57.76682089696711,197.5021870608067,9001.78947399999
532,65915.4759552,1,-0.996536343838403,105.45536053992112,334.3898624131259,9.00995202985036,33.66791964375297,4.0723829883598714,132.25273009658954,57.54344262036678,196.85568552316397,9019.4973302
533,65932.2279021,1,0.8606019286452141,113.84530696078897,334.3898624131259,9.103461437406937,33.85432572446618,4.545790016760641,124.39321023330243,55.7771561496198,195.29275812686544,9036.249277099996
534,65948.8330502,1,-1.0006184926942328,105.45152522313097,336.89183628165057,9.00995202985036,33.85432572446618,4.529375793958066,124.45818823898615,57.77255602604694,199.019436010098,9052.8544252
535,65966.1525692,1,-1.0034049694592695,105.90935573137294,334.3898624131259,9.230516562359806,33.85432572446618,4.53123281873207,124.39321023330243,57.76682089696711,198.79330260519046,9070.173944199996
536,65983.1639123,1,-1.0005777034929595,105.40226095686643,334.3898624131259,9.00995202985036,34.56915467409403,5.021608420924343,124.39321023330243,57.76682089696711,197.8511622210144,9087.185287300003
537,66000.1990815,1,-0.9551176066518368,105.45633454775819,334.3898624131259,7.72046504871912,33.85432572446618,4.546075207907149,124.39321023330243,63.15964126886137,195.3126119594911,9104.2204565
538,66017.4393959,1,-0.9819733684129917,105.4032349647035,344.3827405629717,9.045029175902753,36.46431317365874,4.322236900613643,125.88463704361244,62.5814072873682,195.3126119594911,9121.460770899997
539,66034.6544262,1,-1.001441738768481,105.45536053992112,334.3898624131259,9.00995202985036,33.85432572446618,4.544835813533738,124.39321023330243,56.19169120815225,197.8511622210144,9138.675801199992
540,66051.9117072,1,-1.0027937163150846,105.90935573137294,334.3898624131259,9.230516562359806,33.85432572446618,4.53123281873207,124.39321023330243,57.76682089696711,197.8511622210144,9155.93308219999
541,66068.9954469,1,-1.0027341470387212,105.90935573137294,334.3898624131259,9.230516562359806,33.85432572446618,4.53123281873207,124.6613343755965,57.76682089696711,197.8511622210144,9173.01682189999
542,66086.3989287,1,-0.9507788867675876,103.52790808574684,334.3898624131259,7.561153992341753,33.85432572446618,4.53123281873207,140.50408921424778,57.76682089696711,197.8511622210144,9190.420303699997
543,66103.5374842,1,-1.0037630954430936,105.90935573137294,334.3898624131259,9.00995202985036,33.85432572446618,4.53123281873207,112.28162433497172,57.76682089696711,197.8511622210144,9207.558859199999
544,66120.7194628,1,-0.9947672643321691,104.16120953964129,344.6668960731372,9.00995202985036,34.56915467409403,4.53123281873207,124.39321023330243,57.76682089696711,197.8511622210144,9224.740837799996
545,66137.7634833,1,-1.001267371876388,105.90935573137294,334.3898624131259,9.00995202985036,33.85432572446618,4.53123281873207,124.39321023330243,57.76682089696711,197.8511622210144,9241.784858300001
546,66155.0595552,1,-0.9984864344110437,105.90935573137294,334.3898624131259,9.230516562359806,32.16689860397071,4.53123281873207,119.68798883759192,57.76682089696711,192.6035230121445,9259.080930199998
547,66171.1068744,1,0.8928489502068121,112.24307980586218,334.3898624131259,9.00995202985036,36.36840616096076,4.60384656781077,107.04132198688616,57.76682089696711,197.5021870608067,9275.12824939999
548,66189.3473104,1,0.8807956619813682,107.15024035548564,334.3898624131259,9.230516562359806,35.110756595925196,4.53123281873207,111.96062961028525,57.76682089696711,203.63155320468965,9293.368685399997
549,66206.1438559,1,-1.0022959025991967,105.85292648705116,334.3898624131259,9.00995202985036,33.85432572446618,4.531003510101417,115.3218489023789,55.81148608264616,195.4838523003509,9310.165230899991
550,66223.9817481,1,-1.0053126448037444,105.90935573137294,334.3898624131259,8.805495193036581,33.85432572446618,4.523350248379641,88.12304770253283,57.76682089696711,199.55492941515118,9328.003123100003
551,66240.0499918,1,0.8717295619049875,105.4032349647035,334.3898624131259,9.717758260355865,33.85432572446618,4.545790016760641,124.39321023330243,55.7771561496198,195.29275812686544,9344.071366799995
552,66257.6461149,1,-1.0093999991261078,105.90935573137294,334.3898624131259,9.02384188601513,33.85432572446618,4.523350248379641,88.12304770253283,57.76682089696711,199.55492941515118,9361.667489899992
553,66274.6140865,1,-1.000183387844858,105.89396593988317,334.3898624131259,8.91057617197632,34.11223333328011,4.53123281873207,124.39321023330243,57.76682089696711,197.8511622210144,9378.635461500002
554,66291.8085098,1,-1.001459726508697,105.4707503314109,334.3898624131259,9.000638485871537,34.583400842025405,4.53123281873207,124.39321023330243,57.13462540841614,198.79330260519046,9395.829884799998
555,66308.7587999,1,-1.0037630800436,105.90935573137294,334.3898624131259,9.00995202985036,33.85432572446618,4.531026188014792,112.28162433497172,57.76682089696711,197.8511622210144,9412.780174899992
556,66326.711322,1,-1.0045705215269718,105.87157420358186,334.3898624131259,9.00995202985036,33.85432572446618,4.546512852121122,107.04132198688616,57.76682089696711,197.5021870608067,9430.732697
557,66343.6005017,1,-1.0037002948529177,105.4032349647035,334.3898624131259,9.00995202985036,33.85432572446618,4.544804982874963,113.29522487795231,55.767888915452666,197.73680327708288,9447.621876699995
558,66361.0984544,1,-0.9866084899630531,105.45536053992112,334.3898624131259,8.498553490785692,33.85432572446618,4.072958660318706,124.39321023330243,56.20095844231938,195.40711707079663,9465.119829399991
559,66376.4193361,1,0.8822462227093038,110.16455562419989,329.36621412084787,9.00995202985036,33.85432572446618,4.772534976439,107.10082116772638,55.81148608264616,195.4838523003509,9480.440711100004
560,66393.9595888,1,-1.0000849114605288,102.7941727211447,338.66437380168486,9.080008902546984,33.85432572446618,4.546306221403843,107.04132198688616,57.76682089696711,197.5021870608067,9497.9809638
561,66410.9234332,1,-1.0025116433120222,105.90935573137294,334.3898624131259,9.230516562359806,33.85432572446618,4.530824382849717,124.6613343755965,57.76682089696711,197.5129854815966,9514.944808200002
562,66428.3718099,1,-1.0049083323663806,105.87157420358186,334.0161243343895,9.00995202985036,33.85432572446618,4.546714657286197,107.04132198688616,57.76682089696711,197.84036380022454,9532.393184899993
563,66445.1464703,1,-1.0004495996878329,103.31576095537686,334.3898624131259,9.00995202985036,33.85432572446618,3.883404736486693,107.00259933980846,48.25578392594433,197.3137612100174,9549.167845299991
564,66462.5220123,1,-1.0035428477042132,105.90935573137294,334.3898624131259,9.00995202985036,33.85432572446618,4.53123281873207,112.32034698204944,57.76682089696711,197.50918329603857,9566.5433873
565,66479.5965887,1,-1.0033345027473715,105.90935573137294,334.3898624131259,9.00995202985036,33.85432572446618,4.531026188014792,112.28162433497172,59.6706690862592,198.4898942301449,9583.617963700002
566,66496.2030522,1,0.8720727693355331,108.08455119797596,334.3898624131259,9.00995202985036,33.85432572446618,4.544804982874963,113.29522487795231,55.767888915452666,197.73680327708288,9600.224427199995
567,66513.3774865,1,-1.003259034817422,105.85292648705116,335.1900381313122,9.00995202985036,33.85432572446618,4.699852710220285,115.3218489023789,50.90259912896367,195.1150077508024,9617.398861499998
568,66530.5718601,1,-1.0041760474607282,105.90935573137294,334.3898624131259,9.230516562359806,33.85432572446618,4.531013591655363,124.39321023330243,56.36540609969057,199.16214715448461,9634.593235099994
569,66547.5763465,1,-1.0033122446069007,105.90935573137294,334.3898624131259,9.230516562359806,33.85432572446618,4.53123281873207,124.39321023330243,57.76682089696711,198.65045233793867,9651.597721500002
570,66565.1284138,1,-1.0101380765408563,105.90935573137294,334.3898624131259,9.00995202985036,33.85432572446618,4.523350248379641,88.12304770253283,57.76682089696711,201.5791079711107,9669.149788800001
571,66581.7936712,1,-0.999632539426258,105.90935573137294,323.52987676556296,8.697865811393049,33.85432572446618,4.531207014138059,112.28162433497172,58.084797320365034,197.8511622210144,9685.81504619999
572,66599.045485,1,-1.005838877863437,105.90935573137294,341.32612060808503,9.00995202985036,33.85432572446618,4.523376052973652,88.12304770253283,58.70904600353263,199.55492941515118,9703.066859999992
573,66616.3250668,1,-1.003790441602122,105.90935573137294,334.3898624131259,9.00995202985036,33.85432572446618,4.985572589341493,112.28162433497172,57.76682089696711,197.8511622210144,9720.346441799993
574,66634.1111151,1,-1.0049139758941035,105.90935573137294,344.1648023330603,9.02384188601513,33.85432572446618,4.523350248379641,88.12304770253283,57.76682089696711,199.55492941515118,9738.13249009999
575,66650.7843656,1,-1.0053126448037444,105.90935573137294,334.3898624131259,8.805495193036581,33.85432572446618,4.523350248379641,88.12304770253283,57.76682089696711,199.55492941515118,9754.8057406
576,66667.5556151,1,0.9158213441917693,105.90935573137294,334.3898624131259,9.322032205197472,33.85432572446618,4.523350248379641,88.12304770253283,65.28276034657435,199.55492941515118,9771.576990100002
577,66684.4648435,1,-1.0034049694592695,105.90935573137294,334.3898624131259,9.230516562359806,33.85432572446618,4.53123281873207,124.39321023330243,57.76682089696711,198.79330260519046,9788.486218499995
578,66702.025123,1,-1.0045705215269718,105.87157420358186,334.3898624131259,9.00995202985036,33.85432572446618,4.546512852121122,107.04132198688616,57.76682089696711,197.5021870608067,9806.046497999996
579,66719.6333951,1,-1.0037793918139848,105.87157420358186,334.3898624131259,9.00995202985036,33.20871546349538,4.546512852121122,92.23454623156937,63.1966682638006,197.5021870608067,9823.654770099994
580,66737.2643049,1,-0.966034897701749,105.60682108202732,334.3898624131259,7.769959399722886,33.85432572446618,4.523350248379641,88.12304770253283,57.76682089696711,199.55492941515118,9841.2856799
581,66753.8633189,1,-0.9476759872980354,105.90935573137294,341.6307648128468,7.501693790833077,33.85432572446618,4.523852157824975,88.12304770253283,58.70904600353263,199.55492941515118,9857.884693899992
582,66771.0327929,1,-1.0023466460499368,105.90935573137294,334.0852182073974,9.230516562359806,33.85432572446618,4.5305374868040404,124.39321023330243,60.756717557205924,199.16214715448461,9875.054167900002
583,66788.1493874,1,-1.0082491625075605,105.90935573137294,334.3898624131259,9.02384188601513,33.24225982152562,4.523350248379641,88.12304770253283,57.76682089696711,199.55492941515118,9892.170762399997
584,66805.5389511,1,-0.9907509472399098,105.90935573137294,334.3898624131259,8.500298535441654,33.85432572446618,4.208123609209564,112.28162433497172,57.76682089696711,197.8511622210144,9909.560326099992
585,66822.688883,1,-1.0090837249220714,105.90935573137294,334.3898624131259,9.00995202985036,33.85432572446618,4.523350248379641,88.63724672305968,57.76682089696711,199.55492941515118,9926.710257999992
586,66840.062697,1,-0.9986198147870392,105.87157420358186,334.3898624131259,9.00995202985036,36.31900583376829,4.6595966526455035,107.04132198688616,62.79980040634868,205.46175880866744,9944.084071999998
587,66857.7780126,1,-1.0067767511168204,105.87157420358186,334.0161243343895,9.00995202985036,33.85432572446618,4.546714657286197,107.04132198688616,50.56481727214525,197.84036380022454,9961.799387599996
588,66875.2122583,1,-1.0087736323623038,104.5684342613512,334.3898624131259,9.00995202985036,33.85432572446618,4.642597774998791,88.12304770253283,57.76682089696711,201.5791079711107,9979.233633299998
589,66892.3219524,1,-1.0091790632146478,105.90935573137294,334.3898624131259,9.010195348875957,33.85432572446618,4.523350248379641,88.12304770253283,57.76682089696711,199.55492941515118,9996.343327399998
590,66909.9217049,1,-1.0039465389035331,105.90935573137294,334.3898624131259,9.023598566989534,33.85432572446618,4.53123281873207,112.28162433497172,57.76682089696711,197.8511622210144,10013.943079899997
591,66927.123964,1,-1.005838877863437,105.90935573137294,341.32612060808503,9.00995202985036,33.85432572446618,4.523376052973652,88.12304770253283,58.70904600353263,199.55492941515118,10031.145338999995
592,66944.7572209,1,-1.0022187354257523,105.90935573137294,334.3898624131259,9.00995202985036,34.07857648647171,4.17101717555774,112.28162433497172,58.96162442650055,197.86219036660023,10048.778595900003
593,66962.1974956,1,-0.999310325740833,105.90935573137294,334.3898624131259,8.805495193036581,37.198510073907954,4.523350248379641,88.12304770253283,57.76682089696711,199.55492941515118,10066.218870600002
594,66979.7953793,1,-1.0039043142440778,105.87157420358186,336.17018109791206,9.00995202985036,33.85432572446618,4.546512852121122,107.04132198688616,57.76682089696711,197.5021870608067,10083.816754300002
595,66996.8504598,1,-1.0093536701428913,105.90935573137294,334.3898624131259,9.00995202985036,33.85432572446618,4.843667932765188,88.12304770253283,57.76682089696711,199.55492941515118,10100.871834799997
596,67013.4818292,1,0.8601908433680018,105.90935573137294,334.3898624131259,9.320992676330066,33.85432572446618,4.531013591655363,124.39321023330243,48.98799545143307,199.16214715448461,10117.503204199995
597,67030.6222679,1,-1.0037630800436,105.90935573137294,334.3898624131259,9.00995202985036,33.85432572446618,4.531026188014792,112.28162433497172,57.76682089696711,197.8511622210144,10134.643642900002
598,67048.1984767,1,-1.0088416050040934,105.90935573137294,334.3898624131259,9.00995202985036,33.85432572446618,4.523350248379641,88.12304770253283,61.33077960025576,201.5791079711107,10152.219851699992
599,67065.4230884,1,-1.0101380765408563,105.90935573137294,334.3898624131259,9.00995202985036,33.85432572446618,4.523350248379641,88.12304770253283,57.76682089696711,201.5791079711107,10169.444463399996
