iteration,timestamp,success,NPV_over_CAPEX,clearance,sp,p_rated,Nwt,wind_MW_per_km2,solar_MW,surface_tilt,surface_azimuth,time_sec
0,67064.3811294,1,0.5943274431302216,14.862291238751396,348.326726753175,18.748588105143895,5.344094294569398,1.8722917282535594,164.67283399551562,12.581563565720048,190.2075463445105,0.0
1,67082.5375096,1,-0.18343366254850726,36.09610190093926,238.53903316750763,14.225805201015547,44.979727241983014,6.1186871699118175,52.61189558842038,50.770424174774405,186.7897015611046,18.156380200001877
2,67099.879607,1,-0.647388818613678,16.95705826324095,204.24761078602722,9.702824576224018,21.425472411716864,7.244566872690705,196.16513232209505,14.731933404100264,185.94447366342084,35.49847759999102
3,67116.1614366,1,0.8868896361860995,100.24453623179487,226.4928218107318,12.773035120253816,40.6850759936787,9.865626835800333,185.31964437383246,44.8769156700463,184.88689953369214,51.78030719999515
4,67133.3820372,1,-0.5467497707689981,31.58828482045414,303.1606486125948,19.435486997461133,8.261305202763987,9.639600652841581,58.47026102894904,72.08052064865933,192.96639555398667,69.00090780000028
5,67150.0899481,1,-0.0327761848912358,23.92068837263094,221.94249304348435,17.556922194865976,37.85094482343373,5.2456543541629586,45.88339290351182,29.463866808200528,174.05552633657916,85.70881869998993
6,67166.6790942,1,0.6692285140163923,118.82953497002221,252.98564362146362,7.482619903061575,20.640983508599447,3.9846269528411753,181.9599184319223,81.20637383482246,207.12423989313183,102.29796479998913
7,67182.9709424,1,-0.5880527071086724,50.727328458152456,224.53332318933363,9.044503215309357,48.49766235248901,3.869853084709683,188.6049069739892,46.90176276978848,156.85903468910757,118.58981299999868
8,67199.534385,1,0.9710734145900665,62.57044084005185,208.20963789292475,17.580830342041786,34.7572300025906,5.236156910820933,78.58351711875093,59.60884907414657,152.23128951565718,135.153255600002
9,67215.2818139,1,0.869845761710822,118.05975023588657,231.92040072011426,10.19395028495136,34.06175320340752,3.428256482249434,148.45285813613884,78.15007889540715,197.7199017473049,150.90068449999671
10,67232.9951479,1,-0.7292240030233312,50.13559785586112,283.73890256978,5.276823942170884,31.764758087171945,6.090961197793438,32.536796042224246,60.76137935603763,181.82620854061548,168.61401849999675
11,67249.71462,1,-0.7536503036192326,63.28979714132979,203.38611393912498,6.81850407936085,27.779015563895907,3.971895154045,103.15460361754464,41.78080504891511,155.99714537564944,185.33349059999455
12,67267.3098242,1,0.7730782604766565,104.02434585979726,284.88295865209454,6.882140305320238,25.142674329875025,1.518130198570619,149.7044664841688,10.892267898247379,182.14971461074396,202.92869479999354
13,67284.1842102,1,-0.8439669847458029,98.07028143325711,331.87348323857356,9.697554312564408,18.45992620363102,4.029676185688807,189.3152169883159,62.560980291541654,187.37378765538463,219.8030807999894
14,67300.1928837,1,0.7872837751549511,96.36989310427215,351.2722410919471,7.9645843951552875,24.204636282160056,1.8172854972264854,140.51463319340957,34.016460805659165,161.79260737723007,235.81175429999712
15,67317.1842236,1,-0.496915915371818,43.90238843499143,285.72732119690625,5.34603674140988,15.269691773875092,9.623589622958661,185.7477031532281,40.1879510041549,173.9318149428117,252.80309419998957
16,67333.3827564,1,0.9770540304287377,67.42594902979064,253.22343205587305,19.560452069205382,21.20678740171036,9.380672872512225,47.03564773334078,66.77753494444579,194.29123767951907,269.00162699999055
17,67350.2894373,1,-0.787203068229398,18.030376491872886,263.54135076162163,7.083389902269045,40.037310789368725,6.258852438377278,179.65962433833428,9.584282309974304,199.4771853499418,285.90830789999745
18,67368.1976013,1,-0.7051482627879707,99.43330814698814,355.26473414139025,9.60712184866512,14.094762124886724,5.55449088193285,61.24420874444533,36.74105924477014,157.89929455172376,303.8164718999906
19,67383.9449202,1,0.8094896557128466,76.37641320922444,218.39496556146037,6.303098261745648,20.479689020569616,2.7085539173125124,104.05521033043374,5.279968046400931,155.16131853494602,319.5637907999917
20,67399.7268345,1,0.6286775890114232,36.41835513359944,344.3161646290664,7.9660704072123,12.134364295773725,1.9972455907768878,156.23277401858883,61.08199386624836,157.24990505953835,335.3457051000005
21,67416.7734804,1,-0.6909968594358186,93.09458283066171,359.82048412008044,9.058263316048482,15.088799780749559,5.5403777513066865,61.24420874444533,45.73981386581879,161.82674204554965,352.39235100000224
22,67433.6589399,1,-0.5343817193009296,57.06509616259462,225.29503937662412,9.593361747925996,48.49766235248901,3.883966218363404,188.6049069739892,36.41429703895292,156.85903468910757,369.27781049998885
23,67450.898096,1,-0.8060992959009121,50.13559785586112,263.77826197972763,5.276823942170884,39.98322369454487,6.090961197793438,36.57955617193623,61.58505827712381,181.82620854061548,386.51696660000016
24,67468.1699891,1,-0.7412756378047607,18.030376491872886,283.5019913517935,7.083389902269045,31.818844924933494,6.407686712870569,178.10906439498785,11.588349290239563,199.4771853499418,403.7888596999983
25,67485.071626,1,-0.4962500608016663,43.90238843499143,285.72732119690625,5.34603674140988,15.269691773875092,9.709267893573339,185.7477031532281,40.1879510041549,173.9318149428117,420.6904966000002
26,67502.0633056,1,-0.8439669847458029,98.07028143325711,331.87348323857356,9.697554312564408,18.45992620363102,4.029676185688807,189.3152169883159,62.560980291541654,187.37378765538463,437.68217619998904
27,67519.2121484,1,-0.7945346838775438,50.727328458152456,223.93756588005792,9.044503215309357,28.718975000219597,3.8725833139871617,188.6049069739892,42.04858712826908,156.85903468910757,454.8310189999902
28,67536.2489456,1,-0.8352343078047525,63.28979714132979,204.00345448995597,6.81850407936085,47.45584577940346,3.969164924767521,103.15460361754464,53.41275635247995,155.99714537564944,471.86781619999965
29,67553.7905271,1,-0.645744512331515,16.95705826324095,204.24761078602722,9.702824576224018,21.24050609734298,7.244566872690705,196.16513232209505,14.731933404100264,185.94447366342084,489.40939770000114
30,67570.3605798,1,-0.7536503036192326,63.28979714132979,203.38611393912498,6.81850407936085,27.779015563895907,3.971895154045,103.15460361754464,41.78080504891511,155.99714537564944,505.97945040000195
31,67587.4920678,1,-0.13521579834371256,36.09610190093926,218.48202916290768,14.225805201015547,44.979727241983014,6.144368387872232,52.61189558842038,24.940148619774902,186.7897015611046,523.110938400001
32,67604.4280888,1,-0.10657067304098577,23.92068837263094,221.94249304348435,17.556922194865976,34.95539935345199,5.21997313620216,45.92551800965068,55.294170567458295,174.05552633657916,540.0469594000024
33,67625.7479508,1,-0.7284279768424434,50.12779831238146,283.73890256978,5.276823942170884,31.764758087171945,6.167998298074167,32.536796042224246,61.353119475513076,181.82620854061548,561.3668213999917
34,67642.7530776,1,-0.032239216065220046,23.165703534980345,221.94249304348435,17.556922194865976,37.85094482343373,5.01800291578895,45.88339290351182,28.872125954396207,174.05552633657916,578.3719482000015
35,67659.5764757,1,-0.8307922613213982,98.07028143325711,332.80214661689547,9.697554312564408,18.452118248136923,9.690711731513101,189.3152169883159,40.68719269019169,187.37378765538463,595.1953462999954
36,67676.4756541,1,-0.476455013575393,45.73187082988616,284.79830338120576,5.34603674140988,13.836064306844698,3.8947037253856385,184.6068779604019,62.06173804677475,173.9318149428117,612.0945246999909
37,67692.4739914,1,0.7319610343531171,95.36572092989928,351.2722410919471,7.945923442066171,28.247409933534975,1.8172854972264854,168.62324964755416,35.60229112141425,197.37903622151285,628.0928619999904
38,67709.2244851,1,-0.7872875853943662,19.254760321825685,263.54135076162163,7.083389902269045,40.037310789368725,6.258852438377278,141.42796160860016,9.584282309974304,160.53048703017575,644.8433556999953
39,67726.0748278,1,0.7944566231927848,96.36989310427215,351.2722410919471,7.9645843951552875,24.204636282160056,1.8172854972264854,138.93300834036665,34.016460805659165,158.58467636640688,661.6936983999913
40,67743.1762948,1,-0.7021831627568067,99.43330814698814,355.26473414139025,9.60712184866512,14.094762124886724,6.241958561460204,61.24420874444533,36.74105924477014,157.89929455172376,678.7951653999917
41,67760.1317452,1,-0.8393382791640666,98.07028143325711,331.87348323857356,9.697554312564408,18.45992620363102,4.029676185688807,189.3152169883159,62.560980291541654,185.25355762522383,695.7506157999887
42,67777.2175911,1,-0.8146718667682233,96.4611991402152,332.80214661689547,8.93860779685724,19.357476501895107,9.690711731513101,189.3152169883159,40.68719269019169,187.37378765538463,712.8364616999897
43,67794.6757867,1,-0.4537656551344481,10.656852703153893,354.55716815564836,7.083389902269045,17.11742952358336,6.407686712870569,178.04711648465667,11.588349290239563,203.80531813479266,730.2946572999936
44,67810.3510438,1,0.8132269917430764,96.16511779409389,269.76550726357226,9.697554312564408,33.153558118725456,9.690711731513101,177.38324931706228,40.68719269019169,187.19254451012296,745.9699143999896
45,67828.588004,1,-0.7584062021341168,19.254760321825685,263.54135076162163,7.083389902269045,35.069128831752295,6.258852438377278,141.42796160860016,9.584282309974304,160.53048703017575,764.2068746000004
46,67844.6658457,1,0.7005115557442049,97.08760006940648,331.87348323857356,11.34187932771166,18.45992620363102,4.029676185688807,189.3152169883159,62.08558760189033,187.37378765538463,780.284716299997
47,67862.1312341,1,-0.7389322161619492,50.13559785586112,282.53807315107906,5.276823942170884,32.60536125248706,6.090961197793438,32.536796042224246,60.76137935603763,182.85743547749513,797.7501046999969
48,67879.0995673,1,-0.7586993519716283,63.28979714132979,203.38611393912498,6.9717160558518465,27.779015563895907,3.971895154045,103.15460361754464,41.78080504891511,155.99714537564944,814.7184378999955
49,67896.7472168,1,-0.7412756378047607,18.030376491872886,283.5019913517935,7.083389902269045,31.818844924933494,6.407686712870569,178.10906439498785,11.588349290239563,199.4771853499418,832.3660873999906
50,67913.7535158,1,-0.8225860665569056,50.13559785586112,263.77826197972763,5.265979941362318,39.98322369454487,3.9243839694565366,36.57955617193623,61.58505827712381,181.82620854061548,849.3723863999912
51,67931.2306738,1,-0.8173755875640619,50.65920644508222,272.90356237767895,5.630426337295511,39.98322369454487,3.969768676935429,183.91319389570802,70.04229961739077,182.06170751466126,866.8495444
52,67947.8214441,1,-0.7904979391874919,97.54585491070983,322.7466881003525,8.70016607277358,18.45992620363102,6.422891699504534,42.61691714260925,62.560980291541654,187.37378765538463,883.4403146999975
53,67964.606831,1,-0.8454663742672203,67.53456821855221,204.00345448995597,6.81850407936085,46.30658523894625,4.356861342622992,103.15460361754464,53.41275635247995,155.99714537564944,900.225701599993
54,67981.7453967,1,-0.7495754777336658,63.28979714132979,203.38611393912498,6.81850407936085,27.779015563895907,3.971895154045,103.15460361754464,52.56704024632035,155.99714537564944,917.3642672999995
55,67999.0957893,1,-0.7872875853943662,19.254760321825685,263.54135076162163,7.083389902269045,40.037310789368725,6.258852438377278,141.42796160860016,9.584282309974304,160.53048703017575,934.7146598999971
56,68015.7378926,1,-0.8564855644896954,98.07028143325711,325.03747563352636,9.697554312564408,18.45992620363102,3.3943145503626964,189.3152169883159,62.560980291541654,193.4162951485751,951.3567631999904
57,68032.8078712,1,-0.8299659524217021,18.030376491872886,283.2748418454123,7.967882287575085,40.037310789368725,6.199394338955163,179.65962433833428,42.07688807081879,199.4771853499418,968.4267417999945
58,68050.2010895,1,-0.7821926493308647,50.727328458152456,224.59737120435028,8.95028989089888,28.718975000219597,3.9320414765317784,188.6049069739892,9.560634125190411,156.85903468910757,985.8199600999942
59,68067.1816518,1,-0.8518676324053446,63.28979714132979,204.00345448995597,6.81850407936085,47.45584577940346,4.110422460205573,60.32214468593821,36.13692688587796,155.99714537564944,1002.8005223999935
60,68083.9504032,1,-0.7651772316674835,99.43330814698814,355.26473414139025,10.586633991217305,15.404775576573817,5.4132333475430885,104.07676365176042,54.01688871092532,157.79673007616924,1019.5692737999925
61,68101.2115432,1,-0.8451998293158375,67.53456821855221,204.00345448995597,6.81850407936085,46.30658523894625,4.356861342622992,103.87200886399881,53.41275635247995,155.99714537564944,1036.8304137999949
62,68118.2650283,1,-0.8393382791640666,98.07028143325711,331.87348323857356,9.697554312564408,18.45992620363102,4.029676185688807,189.3152169883159,62.560980291541654,185.25355762522383,1053.8838988999923
63,68136.1096327,1,-0.8146718667682233,96.4611991402152,332.80214661689547,8.93860779685724,19.357476501895107,9.690711731513101,189.3152169883159,40.68719269019169,187.37378765538463,1071.7285032999935
64,68153.1473577,1,-0.8369049526646815,50.65920644508222,272.90356237767895,5.630426337295511,39.98322369454487,3.969768676935429,183.91319389570802,55.21694978833804,182.06170751466126,1088.7662282999954
65,68170.5205041,1,-0.8028869903256153,98.09840503775338,322.0050929232138,8.70016607277358,18.45992620363102,6.422891699504534,187.89908301179804,62.560980291541654,187.37378765538463,1106.1393746999966
66,68187.4544064,1,-0.8340245764651494,94.72597218462057,332.6150784148154,9.697554312564408,18.45992620363102,4.029676185688807,39.74724566245523,63.324464312199254,185.90503644658108,1123.0732769999886
67,68203.532393,1,0.8195257955141315,101.74385028770884,237.95300515000616,9.699247294283547,28.61162742074409,3.8725833139871617,189.25748539236085,40.521355046692015,156.48530614729648,1139.151263599997
68,68220.2610393,1,-0.6944775956989383,47.045878132451676,318.7988446164147,9.042810233590224,18.452118248136923,9.690711731513101,188.66263856994422,42.214424771768755,184.14400804143415,1155.8799099000025
69,68237.3189267,1,-0.7922677353635649,19.254760321825685,263.54135076162163,7.087038682155294,40.03355501285563,6.258852438377278,141.42796160860016,9.584282309974304,173.9212947836208,1172.9377972999937
70,68254.3664195,1,-0.8006345457023659,47.55884584266017,272.90356237767895,5.119066005478924,39.986979471057964,3.969768676935429,183.91319389570802,70.04229961739077,185.4202353220319,1189.9852900999977
71,68271.0692494,1,-0.8507032743062637,63.28979714132979,203.26247861463887,6.81850407936085,47.45584577940346,4.110422460205573,60.32214468593821,36.13692688587796,156.25130235558714,1206.6881199999916
72,68288.2717397,1,-0.8480352146370621,98.07028143325711,319.1949661582745,9.697554312564408,18.45992620363102,4.029676185688807,189.3152169883159,63.37471418671701,187.37378765538463,1223.89061029999
73,68305.339401,1,-0.8318914585724424,98.07028143325711,332.80214661689547,9.697554312564408,18.452118248136923,9.690711731513101,195.6372840410725,40.68719269019169,187.75455023065751,1240.9582716000004
74,68322.2357981,1,-0.828933887810722,18.030376491872886,283.2748418454123,7.967882287575085,40.037310789368725,6.361746163510293,179.65962433833428,42.07688807081879,199.4771853499418,1257.8546686999907
75,68338.1755078,1,0.6696556443339082,95.11454044490311,201.42304688113865,9.697554312564408,16.423224532152958,4.029676185688807,195.307528392289,58.693829985235176,187.37378765538463,1273.7943783999945
76,68355.8317112,1,-0.8593623495649436,63.28979714132979,340.7892158039098,6.81850407936085,46.53560145275764,3.969164924767521,95.29296790668482,53.41275635247995,155.99714537564944,1291.4505817999889
77,68372.4775555,1,-0.85744315336631,98.07028143325711,325.03747563352636,9.697554312564408,18.45992620363102,3.3943145503626964,189.3152169883159,64.4190050835275,195.43040903740388,1308.09642609999
78,68389.9446421,1,-0.8527256807105033,63.28979714132979,204.00345448995597,6.81850407936085,47.45584577940346,4.110422460205573,60.32214468593821,36.13692688587796,158.6134117965273,1325.5635126999987
79,68406.6633392,1,-0.8361295780124581,61.35901504814361,204.00345448995597,6.81850407936085,46.30658523894625,4.021240549180582,103.15460361754464,53.41275635247995,152.05426441184528,1342.2822097999888
80,68423.8670317,1,-0.8675753811306779,98.07028143325711,325.03747563352636,9.697554312564408,18.45992620363102,3.3943145503626964,189.3152169883159,50.25511282397778,193.4162951485751,1359.4859023000026
81,68440.4427909,1,-0.7885946312249786,63.28979714132979,326.1110428429101,8.939889334585057,23.75468669981514,4.110422460205573,67.30764764493709,43.28475751515725,155.99714537564944,1376.061661499989
82,68456.8575453,1,0.8151321109518499,98.07028143325711,204.65216224279595,7.037730899315622,47.412992969612795,3.3943145503626964,187.61791312450083,50.25511282397778,193.4162951485751,1392.4764158999897
83,68473.9438901,1,-0.8260311654780537,94.30061870386098,333.29706097317603,9.697554312564408,18.45992620363102,3.997808931706423,192.1554517380033,64.42741778880104,183.70877521545006,1409.5627606999915
84,68491.1279254,1,-0.838583536240898,98.04690002734316,325.03747563352636,9.697554312564408,18.009474278721466,3.4261818043458203,45.65376049583892,63.31605160692571,195.89896115805115,1426.7467959999922
85,68508.0285682,1,-0.8395011775149487,67.53456821855221,204.00345448995597,6.72074738968896,47.70215766175087,4.356861342622992,110.23310773401195,53.41275635247995,155.99714537564944,1443.6474387999915
86,68525.6223423,1,-0.81429009887797,98.07028143325711,331.87348323857356,9.795338322070547,16.780544146642193,4.029676185688807,182.09077694026544,62.560980291541654,185.25355762522383,1461.2412129000004
87,68544.9165117,1,-0.8926466414277722,98.07028143325711,324.82288548965056,9.697554312564408,20.88800332602277,4.022106171979098,189.3152169883159,62.560980291541654,193.4162951485751,1480.5353822999896
88,68562.8901713,1,-0.8908216959338868,101.64613209616779,332.0880733824377,9.697554312564408,22.554731509549693,3.4018845640732085,182.4043566385112,62.560980291541654,181.88630001135164,1498.5090418999898
89,68579.5165569,1,-0.8323342037188047,47.22339625034975,204.00345448995597,6.921518182042499,45.46328050275224,3.3855684073031598,104.25720448495815,62.751354544972415,194.2760543569436,1515.1354274999903
90,68597.0641484,1,-0.7789564262834464,98.07028143325711,325.03747563352636,9.594547821402884,18.45992620363102,4.365607485774959,188.76158583725112,53.222382098815565,155.22814424664435,1532.6830189999891
91,68614.7643759,1,-0.7985599696581301,98.07028143325711,325.03747563352636,7.827185187346731,18.45992620363102,3.3943145503626964,189.3152169883159,50.25511282397778,193.4162951485751,1550.3832465000014
92,68632.4526854,1,-0.8101376136563153,63.28979714132979,340.7892158039098,7.997080781815275,46.53560145275764,3.62262972846676,95.29296790668482,56.116186069456475,155.99714537564944,1568.0715559999953
93,68649.1669972,1,-0.7111959776314896,63.947796095187286,340.7892158039098,9.504038111917199,46.53560145275764,4.027486887611841,95.29296790668482,61.23076916592694,154.45336066127578,1584.7858677999902
94,68666.3701412,1,-0.7368036603030846,97.41218630141765,331.87348323857356,7.012027376072236,18.45992620363102,4.051900855244462,189.3152169883159,54.4096409704839,187.01869246678862,1601.9890117999894
95,68683.4294617,1,-0.8511469114334105,98.07028143325711,309.829853712066,9.697554312564408,18.45992620363102,4.345948951845037,111.98687568918214,63.42513786261054,187.37378765538463,1619.0483322999935
96,68700.7766082,1,-0.8263522316397153,62.50747320080261,214.5440220067219,6.81850407936085,46.30658523894625,4.040588576466761,181.34975547990456,53.36233267616652,155.99714537564944,1636.3954787999974
97,68716.8554194,1,0.7050698457371206,98.07028143325711,203.1979323058108,9.697554312564408,18.45992620363102,4.029676185688807,189.3152169883159,33.53666653999309,185.65627387286912,1652.4742899999983
98,68734.3199979,1,-0.8749497636125533,63.28979714132979,335.04308661756613,6.501978699776391,47.45584577940346,4.110422460205573,47.431570007303534,64.20216259677738,155.87074525674473,1669.9388685000013
99,68750.7980124,1,-0.8745175851407386,97.70963004124334,204.00345448995597,6.633016654737024,47.28053723188248,4.110422460205573,59.8910385187899,36.13692688587796,154.88289756573303,1686.416882999998
100,68768.7929098,1,-0.7705519378680131,63.65035064562652,331.87348323857356,9.697554312564408,18.520373666301218,4.029676185688807,189.18828407332336,62.560980291541654,188.63010114351133,1704.411780399998
101,68785.7538413,1,-0.8680829197905229,98.07028143325711,325.05135946976753,9.78177014874153,18.462585203814676,4.1174618114535395,186.69188595985213,62.560980291541654,196.7375379281929,1721.372711899996
102,68803.5070569,1,-0.8895760302657012,98.07028143325711,324.80900165340944,9.697554312564408,20.885344325839185,3.4648431822981247,189.3152169883159,62.560980291541654,193.4162951485751,1739.1259274999902
103,68820.2294607,1,-0.85744315336631,98.07028143325711,325.03747563352636,9.697554312564408,18.45992620363102,3.3943145503626964,189.3152169883159,64.4190050835275,195.43040903740388,1755.8483312999888
104,68837.8823754,1,-0.8588390301687994,63.28979714132979,340.7892158039098,6.81850407936085,47.37596932634328,3.969164924767521,95.29296790668482,53.41275635247995,155.99714537564944,1773.5012459999998
105,68853.3821714,1,0.7149010442045105,101.64613209616779,311.1961930382722,9.697554312564408,22.554731509549693,3.5099280513495734,198.95461721490966,62.560980291541654,182.5179020232312,1789.001041999989
106,68870.9665552,1,-0.8438331128053393,92.4365274739445,330.7217336080244,10.069698168889524,18.45992620363102,4.782523257049653,87.24657355308045,63.42513786261054,186.74218564350284,1806.585425799989
107,68887.3369148,1,0.734438430998304,101.64613209616779,339.0506053397588,9.697554312564408,22.554731509549693,2.5936352185761393,182.4043566385112,62.560980291541654,181.88630001135164,1822.9557854000013
108,68903.1616813,1,0.6206831954471286,114.51439674735424,325.03747563352636,9.697554312564408,16.234714275979513,3.3943145503626964,189.3152169883159,62.560980291541654,193.4162951485751,1838.7805518999958
109,68920.2968255,1,-0.8362025449134193,67.53456821855221,204.00345448995597,6.817144196363365,47.8819844583233,4.356861342622992,103.15460361754464,53.41275635247995,155.99714537564944,1855.9156960999971
110,68937.0907685,1,-0.8394328705889709,67.53456821855221,204.00345448995597,6.7221072726864435,47.70215766175087,4.356861342622992,110.23310773401195,53.41275635247995,155.99714537564944,1872.709639099994
111,68954.4571016,1,-0.8171017794000986,63.28979714132979,200.7654714491433,7.1610015365853785,47.45584577940346,4.421390228771317,60.32214468593821,59.89359865741919,155.84975747940706,1890.075972199993
112,68970.974994,1,-0.8836672651832896,63.28979714132979,335.04308661756613,6.824964504558595,47.529288150526966,4.110422460205573,47.431570007303534,40.44548659999036,156.2722901329248,1906.5938645999995
113,68989.1665592,1,-0.8479779367540613,63.28979714132979,340.7892158039098,6.5046077596086525,46.53560145275764,3.981667635833639,95.29296790668482,63.266283495117555,155.99714537564944,1924.785429800002
114,69006.0030652,1,-0.8803325691759691,63.28979714132979,335.04308661756613,6.8158750195286295,47.14057743211619,4.431242129549996,51.97155248145028,54.34863545330134,155.87074525674473,1941.6219357999944
115,69023.1458122,1,-0.8663844110775026,98.07028143325711,325.03747563352636,9.577222658199691,18.45992620363102,3.7997105590684543,189.3152169883159,50.25511282397778,193.4162951485751,1958.7646827999997
116,69040.5695691,1,-0.7945378492514066,98.07028143325711,322.67671868386986,8.868431018422019,16.277976370028302,4.022106171979098,189.3152169883159,63.41908529621337,193.4162951485751,1976.1884396999958
117,69057.9484612,1,-0.8566243221519134,61.21144684715992,204.00345448995597,6.633016654737024,47.48959585494988,4.110422460205573,60.342586401803125,36.13692688587796,158.96081948360182,1993.56733179999
118,69074.165997,1,0.9474235601148419,97.86345663092749,204.00345448995597,6.81850407936085,47.246787156336055,4.110422460205573,59.870596802924986,35.71889710746845,157.7279009184093,2009.7848675999994
119,69091.3548104,1,-0.8572655016055625,67.85810760037864,204.00345448995597,6.81850407936085,47.45584577940346,4.110422460205573,60.32214468593821,36.13692688587796,155.99714537564944,2026.9736809999886
120,69107.7745948,1,0.6657895238733648,102.73921231636697,319.1949661582745,9.697554312564408,18.45992620363102,4.029676185688807,189.3152169883159,63.37471418671701,187.37378765538463,2043.3934653999895
121,69125.1846194,1,-0.8749214980716095,63.28979714132979,335.04308661756613,6.501978699776391,47.45584577940346,4.110422460205573,47.431570007303534,64.20216259677738,155.81577918381856,2060.803489999991
122,69142.3744387,1,-0.881723655795826,97.70963004124334,206.93600578180497,6.519962517277897,47.28053723188248,4.342070079981045,59.8910385187899,36.13692688587796,154.88289756573303,2077.9933093
123,69159.9208712,1,-0.8820761865869027,63.28979714132979,330.7089103775008,6.813791672634862,48.22650754392662,4.110422460205573,46.63453992906398,61.43325871636638,158.6134117965273,2095.539741799992
124,69177.0434599,1,-0.8269816206272836,63.28979714132979,209.9143404171828,5.2890361701798465,47.58199007354058,4.0918037043847555,61.11917589803754,20.70347488978808,155.87074525674473,2112.6623304999957
125,69194.8905783,1,-0.8600509360039119,98.07028143325711,325.05135946976753,9.78177014874153,18.462585203814676,4.1174618114535395,186.69188595985213,63.94833335565785,193.43233121836974,2130.5094488999894
126,69212.0520854,1,-0.8803325691759691,63.28979714132979,335.04308661756613,6.8158750195286295,47.14057743211619,4.431242129549996,51.97155248145028,54.34863545330134,155.87074525674473,2147.6709560000018
127,69229.8139422,1,-0.8836672651832896,63.28979714132979,335.04308661756613,6.824964504558595,47.529288150526966,4.110422460205573,47.431570007303534,40.44548659999036,156.2722901329248,2165.4328127999906
128,69246.6540401,1,-0.8679125792935096,98.07028143325711,325.03747563352636,9.697554312564408,18.45992620363102,3.3943145503626964,194.1953282851618,50.25511282397778,193.4162951485751,2182.2729106999905
129,69263.8074656,1,-0.8615730448444945,68.7395571559551,340.7892158039098,6.81850407936085,46.53560145275764,3.969164924767521,95.29296790668482,53.41275635247995,157.2307344276756,2199.426336199991
130,69280.726179,1,-0.9058155206745074,100.09628467402199,324.82288548965056,9.697554312564408,20.88800332602277,4.022106171979098,189.3152169883159,50.163842278212485,193.4162951485751,2216.3450496000005
131,69298.2356106,1,-0.800560976613797,61.923425446164885,334.53871937979005,9.697554312564408,20.885344325839185,3.382925192256609,190.34423257936976,62.560980291541654,193.4162951485751,2233.854481199989
132,69315.1903216,1,-0.9325516554436974,90.89828550778194,335.02596580595207,6.8158750195286295,48.15785750671389,4.513160120192157,50.14116516981737,54.34863545330134,152.08780043595874,2250.809192200002
133,69331.6548267,1,0.6341375035883464,107.65690511749133,325.03747563352636,9.577222658199691,18.45992620363102,3.7997105590684543,189.3152169883159,50.25511282397778,195.68969930578803,2267.273697299999
134,69348.6694626,1,-0.8844910497310154,101.64613209616779,332.0880733824377,9.558131778189113,22.401079078266118,3.4018845640732085,182.4043566385112,64.98578523633576,183.62710623449001,2284.288333199991
135,69366.2692457,1,-0.8832219358770874,98.07028143325711,325.05135946976753,9.20681234755433,21.069560594851136,4.370430424189032,186.69188595985213,64.46776690626682,196.7375379281929,2301.8881162999896
136,69383.0720254,1,-0.8579453802718421,98.07028143325711,325.03747563352636,9.63325137348755,18.46003161535941,3.3943145503626964,182.1427686801315,62.51221846880233,195.43040903740388,2318.690896
137,69400.632857,1,-0.8358486179199408,84.97977435021161,325.03747563352636,9.697554312564408,18.45992620363102,3.3943145503626964,189.3152169883159,64.4190050835275,195.4547712135943,2336.2517276
138,69417.8453051,1,-0.8504835232921141,96.27147171123038,302.76007191301926,9.431040919198384,18.45992620363102,3.3943145503626964,174.42101227104084,62.560980291541654,193.39193297238467,2353.4641756999918
139,69435.6254538,1,-0.8623475778077913,95.24244726635254,325.03747563352636,9.577222658199691,18.45992620363102,3.7997105590684543,189.3152169883159,50.25511282397778,193.4162951485751,2371.2443244000024
140,69451.8197768,1,0.6866542794011037,100.9696251071009,324.82288548965056,9.697554312564408,20.88800332602277,2.7607016249647542,189.3152169883159,62.560980291541654,193.4162951485751,2387.438647399991
141,69469.5798133,1,-0.6447411062152261,59.902252843527336,331.94899600600144,9.558131778189113,49.2782542040962,3.413664559292707,187.70449334236457,64.98578523633576,184.1495809907358,2405.198683900002
142,69486.5827417,1,-0.7068682151127849,105.02671704869424,330.84798775393705,6.813791672634862,20.398449755166812,4.098642464988537,46.63453992906398,61.43325871636638,156.73461635499817,2422.201612299992
143,69502.8706542,1,0.9682065751788993,94.87452994097231,208.60274003695991,9.76101272453575,47.28053723188248,6.164355970998321,62.293904651023645,36.13692688587796,154.88289756573303,2438.4895247999957
144,69520.3036458,1,-0.794448671342552,97.71128585088574,323.9610110774929,7.20359558749511,20.885344325839185,3.8027722851110815,186.40453664761202,62.560980291541654,194.3336884126153,2455.9225163999945
145,69537.3448288,1,-0.8938646370172788,94.92983952375228,324.82288548965056,9.83718181420509,20.88800332602277,4.022106171979098,189.3152169883159,64.01170208862965,195.74627515079456,2472.963699400003
146,69555.2051909,1,-0.8769844911957285,97.70963004124334,204.39786509974522,6.519962517277897,47.28053723188248,4.226893149720771,59.8910385187899,35.91179663274083,154.88289756573303,2490.824061499996
147,69572.163764,1,-0.7674510615233625,97.65382230541191,319.2886302257159,8.689208998384979,20.56198413762464,4.029371089867217,176.44221950866662,62.560980291541654,153.8108037217745,2507.782634599993
148,69589.3735022,1,-0.8973398027822285,98.12608916908856,210.75895151641396,6.633016654737024,43.13690559003722,4.103157542317453,74.19823122541032,36.13692688587796,194.71092543852552,2524.9923727999994
149,69606.5835209,1,-0.8349339877071583,98.07028143325711,321.3345234441339,9.697554312564408,20.885344325839185,3.6290484350165917,191.2579369873513,39.877572383479425,156.7350477461134,2542.2023915000027
150,69624.0349917,1,-0.8890257943326173,63.28979714132979,323.7314141138463,7.76538580926338,44.25908521534173,4.49884776861138,44.6527476721012,63.12889313317807,192.98670749415615,2559.653862299994
151,69640.7042267,1,-0.7061574973728824,90.89828550778194,334.93989020964943,9.173247681615553,48.598695531862965,4.416210468325753,192.60397648279368,64.96092636368185,152.08780043595874,2576.3230973000027
152,69657.7925759,1,-0.7648174504824128,98.07028143325711,325.13743506546456,6.849441723954019,21.97133379337368,4.511753347086426,42.96485198364998,53.85547599297101,196.7375379281929,2593.411446500002
153,69675.0003544,1,-0.8928718409542432,101.64613209616779,326.65796520889717,9.697554312564408,22.554731509549693,3.4018845640732085,182.4043566385112,62.560980291541654,181.88630001135164,2610.619225000002
154,69692.5583878,1,-0.8645029876442302,98.07028143325711,325.05135946976753,8.67183670653676,21.069560594851136,4.370430424189032,186.69188595985213,64.46776690626682,196.7375379281929,2628.177258399999
155,69710.2735761,1,-0.9062131887969491,100.09628467402199,323.4305859369422,9.697554312564408,20.88800332602277,4.022106171979098,189.3152169883159,50.163842278212485,193.4162951485751,2645.892446699989
156,69727.8533294,1,-0.8836672651832896,63.28979714132979,335.04308661756613,6.824964504558595,47.529288150526966,4.110422460205573,47.431570007303534,40.44548659999036,156.2722901329248,2663.4721999999892
157,69744.8707394,1,-0.8568212085817666,90.89828550778194,335.02596580595207,8.242015062639211,48.15785750671389,4.392310793843462,50.14116516981737,50.366013558268655,153.45924955146629,2680.4896099999896
158,69762.2127876,1,-0.8835927848805712,63.28979714132979,335.04308661756613,6.824964504558595,47.529288150526966,4.110422460205573,47.431570007303534,41.38400021478567,156.2722901329248,2697.831658199997
159,69778.9496376,1,-0.8833855182141425,63.28979714132979,335.04308661756613,6.824964504558595,47.529288150526966,4.110422460205573,47.431570007303534,43.36398734741004,156.2722901329248,2714.568508199998
160,69797.0148887,1,-0.890108992985504,101.64613209616779,334.0180558335402,9.558131778189113,22.401079078266118,3.0122336892938,182.4043566385112,64.98578523633576,190.31126010822825,2732.6337592999917
161,69813.8588932,1,-0.8316262448409264,63.28979714132979,324.30289036881203,6.793980210728284,47.529288150526966,3.910858105328016,186.95722706643676,40.10610546204958,150.89928924676678,2749.477763799994
162,69831.205468,1,-0.8915534640714446,98.07028143325711,335.56308173420007,9.829154310460817,20.88800332602277,4.022106171979098,49.36825571866336,62.41866023060293,195.92089884499478,2766.824338599996
163,69848.433348,1,-0.7133083957442591,90.89828550778194,336.2492476666417,9.699690754249694,48.344155138173534,3.9787059977836874,54.2317662499086,49.94230119020838,152.08780043595874,2784.0522186000017
164,69866.0124014,1,-0.7797372357287382,100.09628467402199,320.86247120238227,6.813747188951755,20.43903852572376,4.556560294387629,188.87996163034055,54.570176541305436,193.4162951485751,2801.6312719999987
165,69881.6387585,1,0.7364647815122528,104.9194999815799,326.65796520889717,9.697554312564408,22.554731509549693,3.3086587854797775,182.4043566385112,63.21149258732034,181.88630001135164,2817.2576291000005
166,69898.9673276,1,-0.9391178919285111,90.89828550778194,323.9077685391192,6.8158750195286295,48.15785750671389,4.513160120192157,50.14116516981737,53.69812315716608,152.08780043595874,2834.5861981999915
167,69916.2654801,1,-0.7538046964547038,63.28979714132979,328.1079728390181,8.86857300759682,48.22650754392662,4.110422460205573,46.63453992906398,61.43325871636638,158.6134117965273,2851.8843506999983
168,69934.0716518,1,-0.8908216959338868,101.64613209616779,332.0880733824377,9.697554312564408,22.554731509549693,3.4018845640732085,182.4043566385112,62.560980291541654,181.88630001135164,2869.690522399993
169,69950.4952824,1,-0.8921872303317091,100.10337616610457,323.8936003997991,9.697554312564408,20.883455743636492,4.022106171979098,189.3152169883159,64.98264863269252,193.4162951485751,2886.1141530000023
170,69968.0905011,1,-0.9359872370569411,101.63904060408521,331.0886315587158,9.558131778189113,25.878055818268642,3.3690843900062357,167.0291773469743,50.16697885197424,183.62710623449001,2903.7093716999952
171,69985.1819144,1,-0.9058155206745074,100.09628467402199,324.82288548965056,9.697554312564408,20.88800332602277,4.022106171979098,189.3152169883159,50.163842278212485,193.4162951485751,2920.8007849999995
172,70002.8591346,1,-0.890108992985504,101.64613209616779,334.0180558335402,9.558131778189113,22.401079078266118,3.0122336892938,182.4043566385112,64.98578523633576,190.31126010822825,2938.4780051999987
173,70019.8311259,1,-0.891999151956455,98.12608916908856,207.43545166888137,6.633016654737024,43.13690559003722,4.103157542317453,74.19823122541032,44.438481089447876,194.71092543852552,2955.4499964999995
174,70036.332064,1,0.733991452981469,107.11581891116134,332.0880733824377,9.697554312564408,22.554731509549693,3.8238406161516183,182.4043566385112,62.560980291541654,181.88630001135164,2971.9509345999977
175,70053.3001816,1,-0.8903629340355884,94.92983952375228,324.82288548965056,9.83718181420509,20.88800332602277,3.543492237661418,189.3152169883159,64.7695830226863,195.74627515079456,2988.919052199999
176,70070.9057931,1,-0.9095899146197565,77.55130611833133,335.04308661756613,6.824964504558595,47.529288150526966,4.110422460205573,47.431570007303534,40.44548659999036,157.46838271698255,3006.5246636999946
177,70087.7952775,1,-0.8962970035108013,100.01073589398132,334.0180558335402,9.558131778189113,23.135088476984368,3.0122336892938,182.9404932811658,64.41458029964427,190.3478361754665,3023.414148099997
178,70105.5513591,1,-0.9451648298740986,101.96716979727613,324.82288548965056,9.5761039163772,25.60486228766963,4.022106171979098,188.77908032103707,50.163842278212485,188.7054402639699,3041.170229700001
179,70122.1452994,1,-0.8837980245596672,63.28979714132979,334.1742469577196,6.824964504558595,47.529288150526966,4.837903318209589,47.431570007303534,40.44548659999036,156.2722901329248,3057.764169999995
180,70139.6271975,1,-0.8960156889925008,98.12608916908856,210.75895151641396,6.633016654737024,43.13690559003722,4.103157542317453,74.19823122541032,32.44606326018353,194.71092543852552,3075.246068099994
181,70156.5575626,1,-0.9058155206745074,100.09628467402199,324.82288548965056,9.697554312564408,20.88800332602277,4.022106171979098,189.3152169883159,50.163842278212485,193.4162951485751,3092.176433200002
182,70173.9113082,1,-0.87633389352539,77.55130611833133,335.04308661756613,6.824964504558595,39.16380828255444,4.110422460205573,47.431570007303534,40.44548659999036,157.46838271698255,3109.5301787999924
183,70190.4061084,1,-0.9439165594748034,102.18632150799873,331.41273071713624,9.5761039163772,25.60486228766963,4.022106171979098,188.77908032103707,50.163842278212485,188.7054402639699,3126.0249789999943
184,70206.0773426,1,0.6030696514910536,116.54770872277143,323.4305859369422,9.697554312564408,15.689772073507008,4.022106171979098,190.2545910301195,50.163842278212485,190.23964684735805,3141.69621319999
185,70224.1795788,1,-0.7285007688294814,90.89828550778194,334.3273511595955,6.87068648224065,22.918589897269,4.513160120192157,53.54086879914617,54.121924858388304,153.6870420645538,3159.7984493999975
186,70241.6570271,1,-0.7312604907958159,94.92983952375228,325.5215001353377,9.782381561882657,46.130308346678675,3.9792692557818867,185.44365174851058,64.23841268279617,195.74627515079456,3177.2758976999903
187,70257.88306,1,0.6883664663667561,113.87177020166715,326.16561298319584,9.697554312564408,20.88800332602277,4.0325495394559745,182.38002012772904,40.027590525170076,193.38489587932216,3193.5019305999886
188,70275.3046435,1,-0.8916781518496589,101.75072550912252,324.6346888199858,9.697554312564408,22.554731509549693,3.391441196597528,189.33955346503475,62.560980291541654,181.59992827554993,3210.9235140999954
189,70292.675312,1,-0.9401413820801162,101.96716979727613,326.736681031947,9.719024979464056,25.451536105138455,3.2630964697093083,188.77908032103707,50.163842278212485,188.7054402639699,3228.2941826000024
190,70308.8399821,1,0.7313243454156464,101.64613209616779,324.7441696666008,9.55463324947755,22.708057692080917,2.6379245649945555,182.4043566385112,59.427770169748165,181.88630001135164,3244.4588527000014
191,70326.3212914,1,-0.8989830684462846,82.98786864312497,323.9077685391192,6.640965937726946,43.50255837569551,4.504736634519085,74.29501880646653,55.71928269515927,151.33404469662833,3261.940161999999
192,70343.6851136,1,-0.887568938007732,97.98414471878543,210.75895151641396,6.8079257365387065,47.79197549656334,4.751591982774215,50.044390625205224,30.4521177287462,198.28634368610827,3279.3039842
193,70361.4538899,1,-0.8084182880245262,100.09628467402199,323.4305859369422,7.195509224395674,20.88800332602277,4.022106171979098,189.3152169883159,50.163842278212485,193.4162951485751,3297.0727604999993
194,70378.4276544,1,-0.9242693168530681,82.93189007552712,323.9077685391192,6.8158750195286295,48.15785750671389,4.513160120192157,50.14116516981737,53.69812315716608,152.08780043595874,3314.046524999998
195,70394.6421521,1,0.7270208365281551,107.48890556068078,334.0180558335402,9.558131778189113,23.135088476984368,2.290953788650043,182.9404932811658,64.41458029964427,190.3478361754665,3330.261022699997
196,70411.1855835,1,-0.8990680166615844,95.63715564165147,210.75895151641396,6.633016654737024,43.13690559003722,4.103157542317453,77.58193076902957,33.53880784143803,203.86148188254043,3346.804454099998
197,70428.4973076,1,-0.9018732392473422,98.12608916908856,210.75895151641396,6.851044328277585,43.13690559003722,4.103157542317453,74.19823122541032,40.174779799991896,194.71092543852552,3364.116178199998
198,70445.5449446,1,-0.9364765537361454,101.63904060408521,331.0886315587158,9.558131778189113,25.878055818268642,3.3690843900062357,163.7967845435133,50.16697885197424,183.62710623449001,3381.163815199994
199,70463.2765878,1,-0.9078308187629704,78.64920406790321,335.04308661756613,6.824964504558595,47.529288150526966,4.110422460205573,47.431570007303534,54.79654939887655,152.07387165764803,3398.895458400002
200,70480.4225145,1,-0.9345433355735426,89.80038755579899,335.02596580595207,6.8158750195286295,48.15785750671389,4.104023038411723,50.14116516981737,39.997572652906655,157.48255938380055,3416.0413850999903
201,70497.7480211,1,-0.8896084091766814,75.83300059383068,335.04308661756613,6.715312740825917,47.529288150526966,3.233010579373161,47.431570007303534,54.79654939887655,152.07387165764803,3433.3668916999886
202,70514.8061181,1,-0.9460562909104651,101.96716979727613,324.82288548965056,9.685778459741723,25.60486228766963,4.021156486556537,188.77908032103707,53.60329232256039,188.7054402639699,3450.4249886999896
203,70532.6425922,1,-0.7854994868657583,99.20522769796618,323.4305859369422,6.906614903967894,20.37923672846159,4.027351504576454,189.3152169883159,48.6805451453296,193.4162951485751,3468.261462800001
204,70549.5867304,1,-0.7917789213210771,79.54025671123948,335.04308661756613,8.833072704394894,47.85775612387113,4.105177127608216,53.182605823441136,56.27984653175557,151.4394633813441,3485.205600999994
205,70566.7786329,1,-0.9380058131741466,90.1991788741462,323.9077685391192,6.8158750195286295,48.15785750671389,4.513160120192157,50.14116516981737,53.69812315716608,152.08780043595874,3502.3975034999894
206,70584.0850072,1,-0.9257659211910719,83.63099670915136,323.9077685391192,6.8158750195286295,48.15785750671389,4.513160120192157,50.14116516981737,53.69812315716608,152.08780043595874,3519.7038777999987
207,70600.3664211,1,0.8034803575509174,90.74371675656924,324.805546359253,6.855168415409765,48.52372956963901,2.367206889209241,184.4242848548688,53.69812315716608,192.36418975022707,3535.9852916999953
208,70617.7667904,1,-0.8610519670997708,100.25085342110403,314.4149024053182,9.697554312564408,20.173265099226278,4.022106171979098,54.56755512871976,50.163842278212485,152.2306074609191,3553.385660999993
209,70634.1437668,1,0.8362616703638321,101.63904060408521,331.39973121389005,12.778479723878048,25.59590620634521,3.3690843900062357,163.7967845435133,50.16735856797246,180.73464130533,3569.7626373999956
210,70649.929564,1,0.7541047822396412,102.18632150799873,331.10163106196194,10.488802782922894,25.88701189959306,4.022106171979098,188.77908032103707,50.16346256221428,188.91202959372364,3585.548434600001
211,70667.7877127,1,-0.9321723942377581,90.89828550778194,335.02596580595207,6.817534128407553,48.15785750671389,4.32178045556414,50.14116516981737,55.21779150773058,152.08780043595874,3603.4065832999913
212,70684.6368179,1,-0.8796031951021251,95.63715564165147,210.75895151641396,6.010471109973258,43.05870055062042,4.151053438037319,77.58193076902957,32.669651890948636,202.07397961589746,3620.255688499994
213,70702.3450172,1,-0.9185608993723049,103.22885706364096,321.3830006405055,9.207926746275449,25.451536105138455,3.2630964697093083,191.1614904974664,49.259832518219305,181.62883782995087,3637.963887799997
214,70719.5434594,1,-0.9464477938532935,101.63904060408521,331.0886315587158,9.704986107394154,25.878055818268642,3.3690843900062357,167.0291773469743,50.16697885197424,188.5508424466687,3655.162329999992
215,70736.8854954,1,-0.9343479901139239,101.02920617990554,326.1016940381979,6.8158750195286295,48.15785750671389,4.100983343883729,183.44760371063558,41.18820958792944,187.48011088172777,3672.5043659999938
216,70754.0833404,1,-0.9185240854717024,90.73835111162359,324.53952892069884,9.5761039163772,25.60486228766963,4.025145866507093,55.06286883503026,48.973205343189434,158.71667365765626,3689.702210999996
217,70771.4294765,1,-0.9369325069845511,89.80038755579899,335.02596580595207,6.8158750195286295,47.32861441797727,4.104023038411723,50.14116516981737,39.997572652906655,157.48255938380055,3707.0483470999898
218,70787.7307049,1,0.677936501121055,101.97984379213736,330.72935071317096,9.697554312564408,20.88800332602277,2.232537758166278,189.3152169883159,50.163842278212485,193.41069965089812,3723.3495754999894
219,70804.9910239,1,-0.9382593677710037,101.96716979727613,330.06058511451846,9.719024979464056,25.451536105138455,3.2630964697093083,196.03436733535537,50.163842278212485,188.7054402639699,3740.6098944999976
220,70821.9542183,1,-0.9391777980441897,102.18632150799873,330.48655324632864,9.5761039163772,25.60486228766963,4.022106171979098,188.77908032103707,50.163842278212485,185.30926783288362,3757.573088899997
221,70839.2781731,1,-0.9384384277568472,89.78732034026746,322.48944686671274,6.8158750195286295,48.15785750671389,4.091919799515636,50.93534090615833,58.029281880924664,157.70250699994745,3774.8970436999953
222,70856.5962705,1,-0.9362095937754356,90.91135272331348,336.44428742437594,6.8158750195286295,47.32861441797727,4.525263359088244,50.14116516981737,39.997572652906655,151.86875597137526,3792.215141099994
223,70873.7992564,1,-0.6834043541662951,90.81854037669515,335.1126924578189,6.126792658100096,23.97549536474793,4.527780134894991,53.582927658699624,54.34863545330134,151.55282103101683,3809.418126999997
224,70891.1008032,1,-0.688075781518894,101.71878570847367,331.0019049068488,9.558131778189113,49.37853211164127,3.3544643759620616,163.66637994971313,50.16697885197424,184.64645727785853,3826.719673799991
225,70908.2723401,1,-0.9430446729997938,101.02920617990554,318.62578563752976,6.8158750195286295,48.15785750671389,4.100983343883729,164.46735021928504,41.18820958792944,190.1477872717495,3843.8912106999924
226,70925.5035495,1,-0.8968617880720876,101.96716979727613,324.82288548965056,9.5761039163772,20.892441269721324,4.022106171979098,194.51635434861817,50.163842278212485,188.7054402639699,3861.1224201000005
227,70942.2933223,1,-0.9448060638214235,101.96716979727613,324.82288548965056,9.685778459741723,25.60486228766963,4.021156486556537,188.77908032103707,34.743897656724656,188.7054402639699,3877.9121928999957
228,70960.0554528,1,-0.9337548883759038,90.1991788741462,323.9077685391192,6.8158750195286295,48.15785750671389,4.513160120192157,57.80949810071308,53.69812315716608,150.62669009228293,3895.6743234000023
229,70975.8580915,1,0.7426057789523894,101.96716979727613,324.82288548965056,9.965120134803774,25.60486228766963,3.682008965721035,188.77908032103707,53.60329232256039,188.7054402639699,3911.4769621000014
230,70994.3753393,1,-0.9366496840306303,101.96716979727613,336.8158790098326,9.718861390218624,25.451536105138455,3.2630964697093083,188.77908032103707,50.163842278212485,188.7054402639699,3929.994209899989
231,71011.4600604,1,-0.940389016010144,100.74901448552095,331.0886315587158,9.610272370469914,25.878055818268642,3.3690843900062357,167.48738475707995,51.837818483139706,186.95138020498914,3947.0789309999964
232,71028.9859728,1,-0.9363207135026409,90.69041363303108,335.02596580595207,7.197087872365357,47.32861441797727,4.185146856629038,46.70126136486194,38.32673302172011,157.8873877964316,3964.6048433999968
233,71045.9203205,1,-0.8885547699672505,102.11444827888124,323.9077685391192,6.8158750195286295,48.15785750671389,4.513160120192157,192.62218727796417,50.10147578040661,151.87513172840144,3981.5391910999897
234,71063.4075062,1,-0.9323248472283994,90.27105203395874,331.41273071713624,9.5761039163772,25.60486228766963,4.022106171979098,44.877629242589535,53.760489654971956,189.35993595745208,3999.0263768000004
235,71080.2370301,1,-0.9468555811567848,101.96716979727613,331.1921337385096,9.706290817157244,25.60322610449555,4.022106171979098,188.77908032103707,50.16677969224673,188.7054402639699,4015.8559007000003
236,71098.228771,1,-0.9387418198644301,101.63904060408521,324.7193833098546,9.33684420940585,25.879692001442717,3.3690843900062357,167.0291773469743,50.16404143794001,188.5508424466687,4033.8476415999903
237,71116.2013887,1,-0.8340168643227182,101.63904060408521,331.0886315587158,6.825423122051154,25.878055818268642,4.038827163248269,168.62460387352385,50.16697885197424,188.5508424466687,4051.8202593000024
238,71133.5550562,1,-0.7124636825120533,89.80038755579899,335.02596580595207,9.679548215866129,48.15785750671389,3.3558584009106127,48.68808671096341,39.997572652906655,158.15023922052745,4069.1739267999947
239,71150.6741951,1,-0.9377458202513002,91.07812540073537,331.29814170638514,6.8158750195286295,48.34516067552105,4.5107472558310615,42.9928668433534,53.69812315716608,152.08780043595874,4086.293065699996
240,71167.4538163,1,0.7256626088183488,102.00648157619132,324.0223575498619,10.525957708213967,21.917404025510056,4.024519036340198,181.87986048604418,50.163842278212485,188.7054402639699,4103.072686899992
241,71184.3094666,1,-0.9394700253667219,96.6141764323187,331.0886315587158,9.704986107394154,25.878055818268642,3.3690843900062357,166.97630403445083,50.16697885197424,188.7105094393674,4119.928337199992
242,71202.6164286,1,-0.874212173085004,101.96716979727613,324.82288548965056,9.685778459741723,19.395165856112143,4.021156486556537,188.8317274285744,58.055810572872005,188.54577327127123,4138.235299199994
243,71223.5135734,1,-0.9391777980441897,102.18632150799873,330.48655324632864,9.5761039163772,25.60486228766963,4.022106171979098,188.77908032103707,50.163842278212485,185.30926783288362,4159.132444000003
244,71241.0303326,1,-0.9451648298740986,101.96716979727613,324.82288548965056,9.5761039163772,25.60486228766963,4.022106171979098,188.77908032103707,50.163842278212485,188.7054402639699,4176.649203199995
245,71257.7777861,1,-0.9556426996968853,101.96716979727613,330.9304833216856,9.706505582084604,27.20646830361478,3.5737883600545413,188.77908032103707,50.16677969224673,188.7054402639699,4193.3966567000025
246,71273.8809193,1,0.7472518186174838,101.96716979727613,325.0845359064732,10.08225398408522,25.60486228766963,4.021156486556537,188.77908032103707,34.743897656724656,188.7054402639699,4209.499789900001
247,71291.009254,1,-0.9442909604845587,101.96716979727613,324.82288548965056,9.685778459741723,25.60486228766963,3.8741897393165834,187.3821439613526,34.743897656724656,188.7054402639699,4226.6281246
248,71308.637845,1,-0.9315916724467619,101.96716979727613,324.82288548965056,9.685778459741723,23.784761454135115,4.021156486556537,177.1241648408578,53.60329232256039,188.7054402639699,4244.2567156000005
249,71325.2372446,1,-0.9389117226337294,90.89828550778194,323.9077685391192,6.710087119155252,48.15785750671389,4.513160120192157,50.14116516981737,53.69812315716608,152.08780043595874,4260.856115199989
250,71343.8079764,1,-0.9472716543300932,103.0045920038258,324.82288548965056,9.5761039163772,25.60486228766963,4.022106171979098,188.77908032103707,46.624149080109824,188.7054402639699,4279.426846999995
251,71360.4333446,1,-0.9564937806437059,91.07812540073537,304.7079479435075,6.9451234638645145,48.25094019568552,4.115180729904359,42.92009172395491,53.69812315716608,190.90607573459073,4296.05221519999
252,71378.2992375,1,-0.9014527446283406,101.02920617990554,329.66457133450047,6.8158750195286295,48.18739681400045,4.496549869810431,164.89050510235782,41.18820958792944,151.83543457557425,4313.918108099999
253,71395.3900061,1,-0.9387418198644301,101.63904060408521,324.7193833098546,9.33684420940585,25.879692001442717,3.3690843900062357,167.0291773469743,50.16404143794001,188.5508424466687,4331.008876699998
254,71413.0079393,1,-0.9315212106092796,91.07812540073537,335.69342595298053,6.549683296982375,48.34516067552105,4.5107472558310615,42.9928668433534,53.69812315716608,152.08780043595874,4348.626809900001
255,71430.0148119,1,-0.9385022692664465,90.89828550778194,325.11678751214987,6.8158750195286295,48.15785750671389,4.513160120192157,50.14116516981737,53.69812315716608,152.08780043595874,4365.633682499989
256,71448.0565788,1,-0.9451838405485928,102.18632150799873,331.41273071713624,9.5761039163772,25.60486228766963,3.923928093883225,177.51709064173994,50.163842278212485,188.7054402639699,4383.675449399991
257,71465.2519183,1,-0.9373918719869869,102.15891132797438,318.62578563752976,6.8158750195286295,48.15785750671389,4.59951001608149,187.77298006216006,40.57207899275846,188.7005697170273,4400.8707888999925
258,71482.6943498,1,-0.9477866766024577,101.0566163599299,331.41273071713624,9.5761039163772,25.60486228766963,4.022106171979098,165.47306946139827,50.77997287337804,190.1526578186921,4418.313220399999
259,71500.090382,1,-0.947944815133982,101.96716979727613,331.1921337385096,9.723338994571932,25.603511825903453,4.2213501836530085,188.77908032103707,50.16388253089765,188.7054402639699,4435.709252599991
260,71516.6971371,1,0.7329599083060657,101.96716979727613,336.8158790098326,9.701813212803934,25.451250383730553,2.6776605030359084,188.77908032103707,50.16673943956157,188.7054402639699,4452.316007699992
261,71533.8581388,1,-0.9431886944706426,101.96716979727613,324.82288548965056,9.685778459741723,25.60486228766963,4.021156486556537,188.77908032103707,32.444427611101716,188.7054402639699,4469.477009399998
262,71551.3197289,1,-0.9454623083391807,101.96716979727613,324.82288548965056,9.685778459741723,25.71117161348027,4.021156486556537,188.09225999236605,55.902762524689535,188.7054402639699,4486.93859949999
263,71568.284117,1,-0.9398947434108501,101.96716979727613,331.1921337385096,9.706290817157244,25.60322610449555,4.022106171979098,182.95124394611784,50.16677969224673,183.2620742148178,4503.902987599999
264,71585.6674806,1,-0.9564937806437059,91.07812540073537,304.7079479435075,6.9451234638645145,48.25094019568552,4.115180729904359,42.92009172395491,53.69812315716608,190.90607573459073,4521.286351199989
265,71602.67549,1,-0.9420483332908789,102.24671541734915,324.82288548965056,9.579814496093654,25.60486228766963,3.8741897393165834,187.3821439613526,34.743897656724656,188.7054402639699,4538.29436059999
266,71620.3687029,1,-0.9471834851642777,101.9067758879257,331.41273071713624,9.682067880025269,25.60486228766963,3.923928093883225,177.51709064173994,50.163842278212485,188.4664576223716,4555.987573499995
267,71636.9046094,1,-0.9710478029714188,101.96716979727613,324.82288548965056,9.5896507640118,33.38129675922076,4.021156486556537,188.77908032103707,33.9728593032154,188.7054402639699,4572.523479999989
268,71652.9396205,1,0.6954175277886693,103.0045920038258,324.82288548965056,9.676950280583945,22.429536228519122,4.022106171979098,188.77908032103707,46.624149080109824,191.11933128013948,4588.55849109999
269,71670.3049439,1,-0.9495788147619866,101.96716979727613,340.96658890952335,9.706505582084604,27.20646830361478,3.5737883600545413,188.77908032103707,54.098798419215264,188.7054402639699,4605.923814499998
270,71686.7219686,1,0.7330197477713059,104.00625003395956,331.1921337385096,9.706290817157244,25.60322610449555,4.022106171979098,188.77908032103707,50.16677969224673,188.7054402639699,4622.340839199998
271,71703.999275,1,-0.9445350582142014,102.18632150799873,331.41273071713624,9.5761039163772,25.60486228766963,3.923928093883225,181.8462643928672,50.163842278212485,188.7054402639699,4639.61814559999
272,71719.9240052,1,0.7750317144741433,114.7049641548189,324.86139327689716,9.704986107394154,25.878055818268642,2.807021520476628,164.24186673827157,52.037590349552836,188.5508424466687,4655.542875799991
273,71737.5867075,1,-0.9484170446434002,102.08619672467199,324.82288548965056,9.637556113843994,25.60486228766963,4.128765964394955,174.4683717615182,52.54858359255084,188.6758365664141,4673.205578099994
274,71754.5395502,1,-0.9555911508274276,90.95909843278321,304.7079479435075,6.88367791570851,48.25094019568552,4.008520937488502,57.11048844525649,50.22451163595061,190.93567943214657,4690.158420799999
275,71771.9120297,1,-0.9584973883079669,100.93592536647559,331.38496688599406,9.700522916779404,27.109406123552926,3.6021304601147826,188.77908032103707,46.22560286361532,191.9711643135662,4707.5309003
276,71788.8866001,1,-0.9479662927950165,102.08786079073043,330.9582471528277,9.582086581682399,25.701924467731484,3.9937640719188643,165.47306946139827,50.77997287337804,188.716845630698,4724.5054706999945
277,71806.1868363,1,-0.9471805792479846,101.96716979727613,332.93806001969097,9.723338994571932,25.603511825903453,4.2213501836530085,188.77908032103707,50.80175102621002,188.7054402639699,4741.8057068999915
278,71823.635219,1,-0.9487075398948526,101.0566163599299,331.41273071713624,9.5761039163772,25.60486228766963,4.022106171979098,165.47306946139827,46.781195400206116,190.1526578186921,4759.254089599999
279,71840.9015116,1,-0.9479454579843424,101.96716979727613,331.1834164135722,9.723338994571932,25.603511825903453,4.2213501836530085,188.77908032103707,50.163840357311166,188.7054402639699,4776.520382199989
280,71858.4764311,1,-0.9095440496704194,101.96716979727613,303.37990403427443,8.344514216282459,25.60486228766963,4.022106171979098,188.77908032103707,50.16388445179897,187.93565103147463,4794.095301699999
281,71875.7261174,1,-0.9560798454882482,90.95909843278321,304.7079479435075,6.88367791570851,48.25094019568552,4.120867227012832,44.00568999974095,50.22451163595061,182.87411649449345,4811.344987999997
282,71892.8193189,1,-0.9519808246859932,103.0045920038258,324.82288548965056,9.5761039163772,26.188968490179946,4.028690812506608,188.77908032103707,46.624149080109824,188.76274425924396,4828.438189499997
283,71911.4079394,1,-0.9456545906324318,101.01510415308357,331.39474429916055,9.706637858687342,25.560830077471806,3.5737883600545413,165.2661320093167,50.137066435545,188.7054402639699,4847.026809999996
284,71928.8135691,1,-0.9591183381967705,102.00868200412245,330.9484697396612,9.57597163977446,27.250500513812604,4.022106171979098,188.98555630720597,46.81090865690785,190.1526578186921,4864.432439700002
285,71946.6191537,1,-1.0121050422978217,101.56033600010629,321.6163128406168,9.420379608503168,33.38129675922076,4.021156486556537,35.48636775629696,34.02475062778399,188.7054402639699,4882.238024299993
286,71963.7324167,1,-0.9145943509173264,91.48495917401469,304.7079479435075,7.114397117993679,48.25094019568552,4.115180729904359,195.47073660463718,53.64623184707736,190.90607573459073,4899.3512873
287,71981.0685499,1,-0.9484170446434002,102.08619672467199,324.82288548965056,9.637556113843994,25.60486228766963,4.128765964394955,174.4683717615182,52.54858359255084,188.6758365664141,4916.687420499991
288,71998.5713341,1,-0.9399220453427732,101.9067758879257,331.41273071713624,9.682067880025269,25.60486228766963,3.923928093883225,177.51709064173994,46.54778273638838,182.67932372937477,4934.190204699989
289,72015.9923582,1,-0.9487170207952781,101.0566163599299,331.3598421656358,9.5761039163772,25.60486228766963,4.020415738925635,165.47306946139827,46.781195400206116,190.1635402455454,4951.6112288
290,72032.1347712,1,0.7664784139173351,113.55470141876536,331.0111357043282,9.582086581682399,25.701924467731484,3.995454504972326,164.56381005454986,50.77997287337804,188.7059632038447,4967.7536417999945
291,72049.5672938,1,-0.9491279176737395,100.93592536647559,351.74594426729925,9.737660363101961,27.109406123552926,3.6021304601147826,188.77908032103707,46.22560286361532,191.9711643135662,4985.186164400002
292,72066.3397388,1,-0.9468555811567848,101.96716979727613,331.1921337385096,9.706290817157244,25.60322610449555,4.022106171979098,188.77908032103707,50.16677969224673,188.7054402639699,5001.958609399997
293,72084.0420051,1,-0.9414064029927652,88.4093667796087,331.6759997923921,6.9451234638645145,48.25094019568552,3.613765025943929,40.68816665802331,53.69812315716608,190.86317745811505,5019.660875699992
294,72101.2447639,1,-0.9439984448335674,100.84208995188112,304.4169118443786,8.928382254532455,27.109406123552926,4.103546164075246,188.77908032103707,47.040930576276764,191.39647455010825,5036.863634499998
295,72118.8558114,1,-0.9661591630790816,101.96716979727613,324.82288548965056,9.5896507640118,33.38129675922076,3.5343235183386517,188.77908032103707,33.9728593032154,188.7054402639699,5054.474682
296,72135.6511415,1,-0.956210805013428,91.07812540073537,304.7079479435075,6.9451234638645145,48.25094019568552,4.115180729904359,40.06260731628204,52.811540310104384,187.45624163927604,5071.270012099994
297,72153.3232629,1,-0.9565974873543558,99.63469970092044,332.93806001969097,10.316662525460325,25.603511825903453,4.2213501836530085,188.77908032103707,50.80175102621002,188.7054402639699,5088.942133499993
298,72170.256544,1,-0.9572253204001652,101.96716979727613,340.96658890952335,9.706505582084604,28.394784497591758,3.5737883600545413,188.77908032103707,54.098798419215264,188.7054402639699,5105.875414599999
299,72186.9086773,1,0.864706018775892,101.80843795788383,304.7079479435075,9.7768356153426,48.75889763993688,3.933598771464951,194.8749960211362,53.92086672574795,190.93567943214657,5122.527547899997
300,72204.1176872,1,-0.8658820076399719,101.96716979727613,340.96658890952335,6.813362364180749,31.136019454079232,3.408328431764998,53.97920161444388,50.40244332941793,188.7054402639699,5139.736557800003
301,72220.7059056,1,0.7352121485845559,99.8237820107945,324.80502849725923,10.302328233482356,24.22963496486609,4.225884147940001,188.77908032103707,51.88597245458878,188.7054402639699,5156.3247761999955
302,72238.0958035,1,-0.9685856014088199,100.03023728785806,332.95591701204467,9.603985055989773,33.38129675922076,4.016622522269544,188.77908032103707,34.56003827838595,188.7054402639699,5173.714674099989
303,72255.3379686,1,-0.967201522453436,91.07812540073537,304.279120175525,6.870188915091548,46.38883525442904,4.017833499619565,41.030070315652594,46.542010221243494,190.92399127310188,5190.956839199993
304,72272.4732593,1,-0.9518061817754077,102.00868200412245,343.03132188024375,9.650913990263435,27.622210043260896,4.119453402263892,190.59634382180963,53.967021592829276,187.0089279502053,5208.092129899989
305,72289.6008966,1,-0.9604405961843229,102.00868200412245,321.5180232312353,9.57597163977446,27.250500513812604,4.022077123295618,188.98555630720597,46.81090865690785,190.1526578186921,5225.219767199989
306,72306.721116,1,-1.0117237746139525,101.56033600010629,331.0467593489257,9.420379608503168,33.38129675922076,4.021185535240018,35.48636775629696,34.02475062778399,188.7054402639699,5242.339986599996
307,72324.06542,1,-0.9584973883079669,100.93592536647559,331.38496688599406,9.700522916779404,27.109406123552926,3.6021304601147826,188.77908032103707,46.22560286361532,191.9711643135662,5259.684290599995
308,72341.4585942,1,-0.9842726168110046,101.56033600010629,320.48099383316566,8.38442369229499,33.38129675922076,4.021156486556537,35.48636775629696,34.02475062778399,188.7054402639699,5277.077464799993
309,72357.5948802,1,0.8026466801136373,101.96716979727613,324.82288548965056,9.83584127591508,33.38129675922076,3.5343235183386517,188.77908032103707,33.9728593032154,188.7054402639699,5293.213750800001
310,72374.9293657,1,-0.9529075695489974,91.07812540073537,304.7079479435075,6.9451234638645145,48.25094019568552,4.115180729904359,61.93777800027464,53.69812315716608,190.90607573459073,5310.54823629999
311,72391.6466445,1,-0.9538042387885469,99.63469970092044,332.93806001969097,10.316662525460325,25.603511825903453,4.2213501836530085,188.77908032103707,50.80175102621002,186.65745724106966,5327.265515099993
312,72409.7044556,1,-0.9692554636567681,101.96716979727613,324.82288548965056,9.5896507640118,33.38129675922076,3.5343235183386517,188.77908032103707,33.9728593032154,192.7433972975931,5345.323326199999
313,72426.5137452,1,-0.9575122901934465,101.96716979727613,340.96658890952335,9.706505582084604,28.42073752035327,3.5786532281087053,188.77908032103707,54.098798419215264,188.7639649702247,5362.132615800001
314,72443.3167741,1,0.7436383408146242,103.04084158650684,324.82288548965056,9.5761039163772,25.791746758259322,2.7682985492946344,188.77908032103707,30.63687569185649,188.70421955298914,5378.935644700003
315,72460.8144751,1,-0.9683458439457476,101.96716979727613,324.82288548965056,9.5896507640118,33.38129675922076,4.024798859184127,197.37969115068242,33.9728593032154,188.7054402639699,5396.433345700003
316,72478.3107914,1,-0.9462534341149468,99.68013462722136,330.6436864769755,9.5761039163772,25.60486228766963,4.020415738925635,165.72376019676946,46.781195400206116,189.5202307407351,5413.929661999995
317,72495.0147285,1,-0.9581825670567299,100.93592536647559,331.38496688599406,9.700522916779404,27.109406123552926,3.6021304601147826,190.53857196658075,46.22560286361532,191.9711643135662,5430.633599099994
318,72512.4583839,1,-0.956210805013428,91.07812540073537,304.7079479435075,6.9451234638645145,48.25094019568552,4.115180729904359,40.06260731628204,52.811540310104384,187.45624163927604,5448.077254499993
319,72529.5922754,1,-0.9362580196036444,91.07812540073537,304.7079479435075,7.323062694089725,48.25094019568552,4.115180729904359,40.043999804005175,53.759757910590444,187.45624163927604,5465.2111460000015
320,72547.014242,1,-0.9565831436617348,91.07812540073537,304.7079479435075,6.9451234638645145,48.25094019568552,4.115180729904359,42.938699236241206,52.74990555668001,190.90607573459073,5482.6331126000005
321,72564.3198277,1,-0.8782805784354519,101.48203946388374,324.82288548965056,9.5896507640118,39.933159505707415,4.015671493097764,170.78117826101524,33.9742264996908,192.7433972975931,5499.9386983
322,72582.0886701,1,-1.0015489017094066,102.04546633349868,331.0467593489257,9.420379608503168,33.38129675922076,3.5398375604809313,63.804529759203106,34.02338343130859,188.7054402639699,5517.707540699994
323,72601.9010438,1,-0.9667975182458094,101.96716979727613,324.82288548965056,9.5896507640118,33.38129675922076,4.021156486556537,188.77908032103707,28.434920439765072,188.7054402639699,5537.519914399993
324,72621.64887,1,-1.0141965363689647,101.56033600010629,331.0467593489257,9.754797572626309,31.751566142846467,4.15853219528257,35.48636775629696,34.02475062778399,188.7054402639699,5557.2677406
325,72639.3187617,1,-0.9592431101439779,102.0009880045505,330.9484697396612,9.57597163977446,27.250500513812604,4.022106171979098,188.98697824500832,46.17584908800962,190.2118777261557,5574.937632299989
326,72656.4143523,1,-0.9449956515960827,100.94361936604751,331.38496688599406,9.479961562545732,27.109406123552926,3.0204324246523444,188.7776583832347,46.231428613366134,191.91194440610258,5592.0332228999905
327,72673.6171572,1,-0.9556857144882172,100.02078661293582,324.82288548965056,8.415814796750016,33.38129675922076,3.864609593363515,197.37969115068242,33.9728593032154,188.7054402639699,5609.236027799998
328,72691.3035981,1,-0.9617704199922258,101.05425199964886,324.82288548965056,9.5896507640118,33.38129675922076,3.5343235183386517,188.77908032103707,33.9728593032154,184.67991229117033,5626.922468699995
329,72709.2153994,1,-0.9923867136813904,102.8826900753831,324.82288548965056,9.582493517461689,29.04953918391472,4.021156486556537,33.842461247214985,37.76919258101326,188.7054402639699,5644.834269999992
330,72726.9165871,1,-0.9714590304497694,101.55169778820539,321.6163128406168,9.42753685505328,33.38129675922076,4.021156486556537,192.4381884557244,33.97237605370114,188.7054402639699,5662.535457699996
331,72743.8200205,1,-0.9554837636250683,99.63469970092044,332.93806001969097,10.244160949808473,25.603511825903453,4.330159503578499,188.77908032103707,50.80175102621002,188.7054402639699,5679.438891099999
332,72761.955174,1,-1.004226052503594,95.93838766666931,321.6163128406168,9.420379608503168,33.38129675922076,4.021156486556537,35.48636775629696,34.02475062778399,188.7054402639699,5697.574044599998
333,72778.0747749,1,0.7333741686271242,109.08785509981918,337.2991070805609,9.700522916779404,26.403371429661558,3.6021304601147826,190.53857196658075,46.22560286361532,191.9711643135662,5713.693645499996
334,72795.489684,1,-0.9518883045567836,91.07812540073537,304.279120175525,6.870188915091548,49.222882897697055,4.017833499619565,38.03606482450569,46.542010221243494,188.83853602539367,5731.108554599996
335,72812.1778418,1,-0.9976149375361527,100.03023728785806,332.95591701204467,9.979051859386791,33.38129675922076,3.6482072126247527,30.447188016367967,34.56003827838595,188.7054402639699,5747.796712399999
336,72829.138122,1,-0.9599962003983913,101.56033600010629,320.48099383316566,8.38442369229499,33.76675241976586,4.021156486556537,195.79701388763144,34.02475062778399,188.7054402639699,5764.7569926
337,72845.8276746,1,-0.966483175664271,101.96716979727613,331.4483494798574,9.5896507640118,33.38129675922076,3.553166686731344,188.77632488389668,33.9728593032154,188.7054402639699,5781.4465452
338,72862.5616043,1,-0.9697180985523117,101.96716979727613,324.82288548965056,9.5896507640118,33.13640862227635,4.005955690791461,197.38139046365896,33.9728593032154,188.7054402639699,5798.1804749
339,72879.0793887,1,-0.954055413732248,102.00868200412245,321.5180232312353,9.57597163977446,27.250500513812604,3.475957090320878,188.98555630720597,34.217411169050955,192.4684037022016,5814.698259299999
340,72896.3133667,1,-0.9713082394460386,101.96716979727613,324.82288548965056,9.5896507640118,33.38129675922076,3.42279361394783,188.77908032103707,46.566356791482754,192.345107261391,5831.932237299989
341,72913.4758519,1,-1.000194396643479,102.04546633349868,331.0467593489257,9.420379608503168,33.38129675922076,3.5398375604809313,63.804529759203106,34.02338343130859,184.83862654928913,5849.094722499998
342,72930.8250292,1,-1.0106658451733543,101.56033600010629,339.3466773786284,9.754797572626309,31.751566142846467,4.15853219528257,35.303450025763766,34.02475062778399,187.2493409108256,5866.443899799997
343,72947.9520934,1,-0.9710013600637452,101.5441252998414,333.52485040448283,9.598268865238266,33.38129675922076,4.016622522269544,186.90300732825602,34.56003827838595,188.7054402639699,5883.570963999999
344,72966.0685857,1,-0.9823860940590868,100.04644798812294,319.91206042763264,8.390139883075324,33.36398570235171,4.021156486556537,38.36355670418868,34.02475062778399,188.7054402639699,5901.687456300002
345,72982.1063288,1,0.9882281637731137,101.56033600010629,308.7734923354657,9.420379608503168,33.38129675922076,4.021156486556537,35.48636775629696,34.02475062778399,188.7054402639699,5917.725199399996
346,72999.3200571,1,-0.971976795810353,101.55169778820539,321.6163128406168,9.42753685505328,33.38129675922076,4.021156486556537,190.7402842006427,33.97237605370114,188.7054402639699,5934.938927700001
347,73016.533803,1,-1.008689617828338,101.56033600010629,327.548936821546,9.754797572626309,31.709019579416474,3.5663213104797022,36.22457094772822,34.023409216194956,188.7054402639699,5952.152673599994
348,73033.5938188,1,-0.9772723487860294,102.04546633349868,331.0467593489257,8.28168265346419,33.42384332265076,4.132048445284116,63.08308023653175,34.02472484289762,188.7054402639699,5969.212689399996
349,73049.6955056,1,0.7976464207744769,101.97460690072587,331.0467593489257,10.087720590594163,31.3937032868726,4.005912429870836,192.77918680601988,26.196087562573126,188.7054402639699,5985.314376199996
350,73066.1561513,1,0.9837712244174976,101.55289889665654,309.7859178167868,9.586057588514887,33.13640862227635,3.7906876410824424,38.99932675201161,33.9728593032154,188.7054402639699,6001.775021900001
351,73083.8487083,1,-1.0097476540538657,99.97890521648668,321.6163128406168,9.50253143403627,33.38129675922076,4.02126366029295,41.16531103789717,47.28187978091817,188.76414207645374,6019.467578900003
352,73100.730615,1,-0.9654044023109138,91.31623418747438,304.279120175525,6.78804600984566,46.38883525442904,4.017726325883151,40.97111385498238,33.284881070239436,190.86528946061807,6036.349485599989
353,73117.9905204,1,-0.9264978119939193,95.86110507056668,332.8557073545281,11.087303379633124,33.38129675922076,3.5906448226638665,30.14531303458498,34.56003827838595,188.7054402639699,6053.609390999991
354,73134.4507293,1,0.9890488144002644,100.10751988395982,324.8278803114866,9.42097857900935,33.38129675922076,2.8939087511297092,35.992945727052856,34.004395868923766,188.7054402639699,6070.069599900002
355,73151.1295793,1,0.7934518867106239,101.55169778820539,321.6163128406168,10.090742420632788,33.38129675922076,4.3054131996890685,198.16529407730243,49.75979403783063,188.6284856703189,6086.748449899998
356,73168.2730206,1,-0.9697618594646977,98.87203727613259,324.82288548965056,9.423780291406361,33.38129675922076,3.9597439786093642,188.77908032103707,30.77893890374999,192.42206185504114,6103.891891199994
357,73184.6282706,1,0.7896097327468398,101.96520496606325,319.8659849957226,9.776561627446505,33.38129675922076,4.032165704444389,199.44543224953776,33.974188144436,188.7054402639699,6120.247141200001
358,73201.6914436,1,-0.9662912077454326,101.56230083131916,332.0633583144368,8.197512830144293,33.38129675922076,3.379971786195626,32.546402849421426,34.02342178656339,188.7054402639699,6137.310314199989
359,73219.2703355,1,-1.004154448569095,95.93838766666931,324.62664042011687,9.420379608503168,33.38129675922076,4.021143346283857,35.48636775629696,33.97282577910746,188.7054402639699,6154.889206099993
360,73235.8598139,1,-0.9728254590101292,101.96716979727613,321.8125579101505,9.5896507640118,32.15481111389906,4.005968831064141,197.38139046365896,34.02478415189193,188.7054402639699,6171.478684499991
361,73253.1183261,1,-1.0132848031673911,101.56033600010629,331.0467593489257,9.754797572626309,31.751566142846467,4.013112229757493,35.48636775629696,34.02475062778399,188.95824051118188,6188.737196699993
362,73269.5305855,1,-0.9725028272039541,102.04546633349868,339.7966474074923,8.28168265346419,33.42384332265076,4.279209864282286,63.08308023653175,34.02472484289762,188.7054402639699,6205.1494561
363,73287.5492445,1,-1.0143636218966658,101.56033600010629,331.0467593489257,9.754797572626309,31.830639127637763,4.15853219528257,35.48636775629696,34.02475062778399,188.7054402639699,6223.168115099994
364,73305.3702391,1,-0.9836933180032434,101.56033600010629,320.48099383316566,8.38442369229499,33.30222377442947,4.021156486556537,35.48636775629696,34.02475062778399,188.7054402639699,6240.989109699993
365,73322.5154131,1,-1.0106658451733543,101.56033600010629,339.3466773786284,9.754797572626309,31.751566142846467,4.15853219528257,35.303450025763766,34.02475062778399,187.2493409108256,6258.1342836999975
366,73339.3038653,1,-0.9711472079040055,101.55169778820539,323.73068361286624,9.42753685505328,33.38129675922076,4.021156486556537,194.12541343915805,33.97237605370114,188.7054402639699,6274.922735899992
367,73356.837846,1,-1.0134476922206752,101.56033600010629,332.5338237577071,9.754797572626309,31.751566142846467,4.15853219528257,35.303450025763766,34.02475062778399,187.2493409108256,6292.456716599991
368,73374.1856078,1,-1.014409442738272,101.56033600010629,327.548936821546,9.754797572626309,31.709019579416474,4.158659998459257,36.22457094772822,34.023409216194956,188.7054402639699,6309.804478399994
369,73391.3908579,1,-0.9804118487048553,95.94991329447087,331.00607787643406,10.308578228740307,33.38129675922076,4.021143346283857,35.48636775629696,33.97197060581574,187.32708370007617,6327.009728499994
370,73408.6871997,1,-1.0131273224979351,101.54881037227715,324.6673218926071,9.420379608503168,33.38129675922076,4.021185535240018,35.48636775629696,45.3721660585108,188.7054402639699,6344.306070299994
371,73426.4451811,1,-1.0014570879319882,101.56033600010629,311.34771148380725,8.330757356843998,38.28813829939289,4.021156486556537,32.134383692287166,34.02475062778399,188.7054402639699,6362.064051699999
372,73443.5053078,1,-0.9665108456276155,92.9189729885225,324.82288548965056,9.5896507640118,33.38129675922076,4.0291965943236665,188.77908032103707,46.566356791482754,192.345107261391,6379.124178400001
373,73460.7642195,1,-1.001459829950503,102.02219585449463,331.0467593489257,9.420379608503168,33.38129675922076,3.5398375604809313,64.23866150912212,34.02332050260135,188.7054402639699,6396.383090099989
374,73478.0452052,1,-1.0047829579916443,95.9616581455891,321.6163128406168,9.420379608503168,32.927592509132744,4.021156486556537,36.83191211342665,42.639776236153,188.7054402639699,6413.664075799999
375,73496.0516185,1,-0.982266844723979,100.04644798812294,319.91206042763264,8.390139883075324,33.36398570235171,4.003212404569159,38.36355670418868,34.02475062778399,188.7054402639699,6431.670489099997
376,73512.7932364,1,-0.9686978478807016,95.93838766666931,321.6163128406168,9.420379608503168,28.23354264156155,4.021156486556537,35.48636775629696,34.02475062778399,188.7054402639699,6448.4121069999965
377,73530.5083155,1,-1.0086921420427437,101.56033600010629,327.45085118976885,9.754797572626309,31.709019579416474,3.5663213104797022,36.22457094772822,34.023409216194956,188.7054402639699,6466.127186099999
378,73547.4350506,1,-1.0025102456197252,101.56033600010629,321.71439847239367,9.420379608503168,31.042352818970393,4.154144075287919,35.48636775629696,29.45443957253118,188.7054402639699,6483.0539212
379,73564.295747,1,-0.9972768616428227,100.63035069650212,332.95591701204467,9.979051859386791,33.38129675922076,3.6482072126247527,35.98899968631761,35.38034109453422,188.7054402639699,6499.914617599992
380,73582.3112018,1,-1.008914923446986,99.15508268748843,321.6163128406168,9.50253143403627,33.38129675922076,4.0599823053296005,41.16531103789717,47.28187978091817,188.76414207645374,6517.930072399991
381,73599.4697002,1,-1.0001465178348614,101.56033600010629,352.4339963520756,9.95651280231897,32.944731328782964,4.1586536707345605,35.49979662591465,34.02485945705913,188.7054402639699,6535.088570799999
382,73617.1286129,1,-1.0149490971435886,101.56033600010629,327.41062070316787,9.754797572626309,31.711012385193662,4.158538523007266,32.99640822399319,34.02330038691981,188.7054402639699,6552.747483499988
383,73634.3314874,1,-1.0121844470258128,101.56033600010629,322.6998144400927,9.420379608503168,33.38129675922076,4.021156486556537,35.48636775629696,34.02475062778399,188.7054402639699,6569.950358000002
384,73650.6025198,1,0.9848168874300971,105.77104487472367,304.6706686845863,9.420379608503168,33.38129675922076,3.61086630169243,35.48636775629696,45.3721660585108,188.7054402639699,6586.221390399995
385,73667.2609855,1,0.9817147356352829,104.27810221680164,321.6163128406168,9.420379608503168,33.38129675922076,4.113239327250933,41.63807881571308,34.02475062778399,188.7081081835363,6602.8798561
386,73684.8228521,1,-0.999453027097702,99.15508268748843,322.68536761746185,9.50253143403627,33.38129675922076,3.2609172847099583,35.05479284981492,43.27801723576471,187.85969589040192,6620.441722699994
387,73701.7732545,1,-1.0088831755770684,101.56033600010629,331.0467593489257,9.744217416920485,33.3876045067485,4.013112229757493,35.48636775629696,33.64552395457489,188.95824051118188,6637.392125099999
388,73718.4068079,1,0.9950909166662668,101.56033600010629,331.0467593489257,10.554969287937755,31.586498218137727,3.916145575650046,36.80637732941525,34.02475062778399,189.2973597010263,6654.025678499995
389,73735.4045453,1,-1.0043396467755035,101.56062461555135,327.45085118976885,9.739313555548062,33.3614703776561,3.5663213104797022,36.22457094772822,34.465414372546725,188.7054402639699,6671.023415899996
390,73753.0637031,1,-1.0094726287227471,101.54852175683209,324.6673218926071,9.435863625581415,31.728845960981143,4.021185535240018,31.843596940650475,44.93016090227111,188.7054402639699,6688.682573699989
391,73769.2254076,1,0.991932345261829,104.79731618215996,331.0467593489257,9.754797572626309,31.830639127637763,4.330178277128609,35.48636775629696,34.02475062778399,188.7054402639699,6704.844278199991
392,73787.562035,1,-1.0096481787052438,99.29583747831848,331.0467593489257,9.754797572626309,32.771214783684734,4.15853219528257,35.48636775629696,34.02475062778399,186.7961299723709,6723.180905599991
393,73805.7927201,1,-1.008981377592704,101.56033600010629,331.0467593489257,9.754797572626309,31.751566142846467,3.59873728614638,35.48636775629696,34.02475062778399,188.95824051118188,6741.411590699994
394,73823.4803272,1,-1.004154448569095,95.93838766666931,324.62664042011687,9.420379608503168,33.38129675922076,4.021143346283857,35.48636775629696,33.97282577910746,188.7054402639699,6759.099197799995
395,73840.2749074,1,-1.0110333616740772,101.56033600010629,332.5338237577071,9.754797572626309,31.751566142846467,3.8452743739669337,35.303450025763766,34.02475062778399,187.2493409108256,6775.893777999998
396,73858.1647215,1,-1.0046851553781693,101.56033600010629,339.3466773786284,9.754797572626309,31.751566142846467,4.15853219528257,54.551863316569985,26.641256052249197,186.97069565591278,6793.783592099993
397,73874.832731,1,-1.0106207434897592,101.56033600010629,339.43472646460424,9.754797572626309,31.751566142846467,4.15853219528257,35.303450025763766,34.02475062778399,187.2493409108256,6810.451601599998
398,73892.2935941,1,-1.0164971025788914,101.56033600010629,330.9587102621078,9.754797572626309,31.830639127637763,4.740519841066302,35.48636775629696,37.15608867186256,188.7054402639699,6827.912464699999
399,73909.6240464,1,-1.0094014653006984,101.59635985915475,327.7186521990412,9.781908179871941,30.292278828757148,4.472634480833785,36.790482210315595,42.639776236153,188.7054402639699,6845.242916999996
400,73927.4134822,1,-0.9950779901539547,95.92563428650564,321.44659746312107,9.393269001257536,31.61645476830708,3.6705053748075933,36.26600085083927,34.023409216194956,190.53270943848602,6863.032352800001
401,73943.4604864,1,0.9908277723950524,104.35433699096613,330.4179326729144,9.754797572626309,31.830639127637763,4.15853219528257,35.48636775629696,41.826266439893956,188.7054402639699,6879.079356999995
402,73960.6295503,1,-1.0025364312299188,101.56033600010629,352.5082530963189,9.754797572626309,31.751566142846467,4.15853219528257,35.303450025763766,34.02475062778399,187.2493409108256,6896.248420899996
403,73976.986131,1,0.9919862990757737,101.56033600010629,313.3286083693274,9.754797572626309,33.41323786485253,4.15853219528257,35.48636775629696,34.02475062778399,188.7054402639699,6912.605001599994
404,73994.6909486,1,-1.0073762766665217,101.56033600010629,331.2693101564455,9.420379608503168,31.798698022005993,4.021156486556537,35.48636775629696,34.02475062778399,188.7054402639699,6930.309819199989
405,74011.8069351,1,-1.0153976883848266,101.56033600010629,319.34050087582756,9.420379608503168,33.279425695664415,4.815115128973959,33.099018028925684,36.24524036771659,188.7054402639699,6947.425805699997
406,74029.184995,1,-1.0009794850522353,101.56033600010629,322.3027736122793,9.754797572626309,34.254014356680194,4.2809853110609595,35.383758023738274,34.02330038691981,185.3407771965564,6964.803865599999
407,74046.1432389,1,-1.00664669181249,101.54892580708444,324.6673218926071,9.774845094958273,33.38129675922076,3.826895148068581,35.48636775629696,36.076847971000866,187.85872820124936,6981.762109499992
408,74063.7375123,1,-0.990255708257229,101.56022056529899,331.0467593489257,8.926249481206023,31.751566142846467,3.9741822139738807,38.223424685472196,34.02475062778399,188.7054402639699,6999.35638289999
409,74079.6338163,1,0.9952026258885951,104.54895581979302,331.0467593489257,10.257199283504265,31.751566142846467,4.15853219528257,35.48636775629696,34.02475062778399,188.7054402639699,7015.252686899999
410,74097.0922924,1,-1.0023256360533335,101.56033600010629,333.8916142858353,9.416430039335319,31.709019579416474,3.725258438084712,36.22457094772822,34.023409216194956,186.9264768710029,7032.711163
411,74114.3844166,1,-0.9985777148660686,103.66767170101751,339.3466773786284,9.754797572626309,34.53956445996502,4.096138961239104,35.303450025763766,34.02475062778399,187.2493409108256,7050.003287200001
412,74131.1037606,1,-0.9545242791004916,101.56033600010629,331.0467593489257,7.816773451557651,33.38129675922076,3.8686953752613276,35.48636775629696,34.02475062778399,188.7054402639699,7066.722631199998
413,74148.5503281,1,-1.0076952079858654,101.29017410630571,331.0467593489257,9.754797572626309,30.487754021319354,4.15853219528257,35.48636775629696,37.302633027378434,188.68293334634723,7084.169198699994
414,74165.8563979,1,-0.9970526705457788,99.56599937211904,330.9587102621078,9.754797572626309,29.5014867916247,4.612763240721129,35.48636775629696,37.234835164659344,185.91823603935413,7101.4752684999985
415,74183.7100171,1,-1.0144026599025278,101.56033600010629,322.66368151750135,9.754797572626309,31.69793860364655,4.158538523007266,32.99640822399319,34.02330038691981,186.84746282765616,7119.328887700001
416,74200.7218755,1,-1.0099793346394785,99.29583747831848,331.01988054267656,9.754797572626309,32.78428856523185,4.15853219528257,35.48636775629696,34.02475062778399,188.65410740868464,7136.340746100002
417,74218.3782327,1,-1.006674407749099,101.56033600010629,332.5338237577071,9.754797572626309,33.42038110880708,3.842265512703791,35.30661272695567,34.37970972380724,188.84293601702643,7153.997103299989
418,74235.7996395,1,-1.0077327868459973,101.54881037227715,324.6673218926071,9.420379608503168,31.712481793260153,4.015983017740151,38.447851341124476,49.79168976940821,187.11184515776904,7171.418510099989
419,74253.7009599,1,-0.974003638855211,101.56033600010629,330.9587102621078,9.754797572626309,26.865345106796,4.740519841066302,32.71945788695763,37.15608867186256,188.7054402639699,7189.319830499997
420,74270.4386021,1,-1.0125953491822026,102.88306467069648,339.43472646460424,9.754797572626309,31.751566142846467,4.15853219528257,35.303450025763766,34.02475062778399,187.2493409108256,7206.057472699991
421,74287.4929135,1,0.9909384406853453,105.09759493106112,300.81369115146606,10.218910182414792,33.276265750692474,4.158659998459257,36.22457094772822,34.023409216194956,183.19415550457876,7223.111784099994
422,74303.3556129,1,0.992608252400656,101.56033600010629,317.18667576985797,9.75190153680148,33.38129675922076,4.021156486556537,35.48636775629696,34.02475062778399,188.7054402639699,7238.974483500002
423,74320.893618,1,-1.0098754147560345,98.42203581134571,327.548936821546,9.754797572626309,31.726506188153216,4.158536791449404,36.22457094772822,34.024719126288254,188.7054402639699,7256.512488599998
424,74338.1964317,1,-1.013194716665054,101.56033600010629,331.0467593489257,9.754797572626309,32.3205456061779,4.158655402292423,42.194471237701585,34.02344071769068,188.7054402639699,7273.81530229999
425,74355.6108493,1,-1.009289269801261,101.56033600010629,332.5338237577071,9.747186226787411,33.41364953557865,4.15853219528257,35.303450025763766,34.02475062778399,188.42605017077463,7291.229719900002
426,74372.5070284,1,-0.9639189178525459,80.54455679950749,331.0467593489257,9.427990954342066,31.719213366488578,4.021185535240018,31.647600600237734,30.844172582954247,190.11256435913518,7308.1258989999915
427,74390.1910699,1,-1.013940415191901,101.56033600010629,322.3308087994679,9.754797572626309,31.751566142846467,4.013112229757493,32.72609991518097,34.02475062778399,188.95824051118188,7325.809940499996
428,74407.3513796,1,-1.0140119393865032,101.56033600010629,331.3796320668602,9.754797572626309,31.69793860364655,4.158538523007266,32.99640822399319,34.02330038691981,186.84746282765616,7342.9702502
429,74425.1371232,1,-1.0127479112505513,101.56087062550377,330.9587102621078,9.754797572626309,32.70463832307449,3.9370286214854007,35.48636775629696,44.851945531359654,188.7054402639699,7360.75599379999
430,74442.3735047,1,-1.0153455174597994,101.54827574687967,324.6673218926071,9.420379608503168,33.38129675922076,4.824676754828544,35.48636775629696,37.67630919901501,188.7054402639699,7377.992375299989
431,74459.6808281,1,-1.0106428887472243,101.54881037227715,324.5856009535774,9.732998018558117,33.38129675922076,4.162100039707199,36.89182523893522,45.3721660585108,188.7054402639699,7395.299698699993
432,74476.0448736,1,-0.9782988996562896,101.56033600010629,317.6017828897101,9.44217916257136,36.780144982312905,4.0176240185400856,32.84527346813724,34.02330038691981,188.7054402639699,7411.663744199992
433,74493.3810204,1,-1.0108028924145989,101.56033600010629,339.579948551001,9.754797572626309,31.75308598195567,4.158538523007266,35.672428513544034,34.02484271391084,188.73165048184148,7428.9998909999995
434,74510.5432986,1,-1.016280528675364,101.56033600010629,327.1773494892737,9.754797572626309,31.709492546084455,4.481296434060609,31.311337079733672,34.023208300792945,187.223130692954,7446.16216919999
435,74528.1106318,1,-0.9912910543609648,101.56033600010629,339.3466773786284,9.051453963644684,31.751566142846467,4.15853219528257,35.303450025763766,34.02475062778399,187.2493409108256,7463.72950239999
436,74545.3649289,1,-1.014689330998134,101.56033600010629,331.0467593489257,9.754797572626309,31.751566142846467,4.15853219528257,35.48636775629696,34.02475062778399,191.2236736241871,7480.983799499998
437,74561.8373899,1,0.9948188382401028,106.07874928500185,331.0467593489257,9.677720275323455,31.830639127637763,4.15853219528257,35.48636775629696,19.587602952319006,188.7054402639699,7497.456260499996
438,74579.2791218,1,-1.0101767365764673,101.56033600010629,319.34050087582756,9.420379608503168,34.52439880395333,5.1161641397681015,33.099018028925684,36.24524036771659,188.7054402639699,7514.897992400001
439,74596.9660827,1,-1.0158584592509792,104.02455523528438,331.0467593489257,9.420379608503168,33.38129675922076,4.021185535240018,33.02501384689883,34.02475062778399,191.52210222689027,7532.5849533
440,74614.533575,1,-1.0160158812090418,101.14928793748791,330.9587102621078,9.754797572626309,31.830639127637763,4.740519841066302,35.48636775629696,38.190022975243124,188.7054402639699,7550.15244559999
441,74632.173993,1,-1.0112583558362462,99.01019494237548,327.2160811945205,9.42161142826955,33.38129675922076,4.824676754828544,35.48636775629696,34.23379557130587,188.7054402639699,7567.7928636
442,74649.676907,1,-1.007008558862563,101.5480724043522,324.62859018736026,9.753565752859927,29.98530852844436,4.481296434060609,31.299430183141894,37.465721928502084,192.74092242714272,7585.295777599997
443,74665.3194991,1,0.9870471269233709,109.1336904871595,323.258819604824,9.754797572626309,31.176885690383635,4.740519841066302,35.90536902867731,37.15608867186256,188.7054402639699,7600.938369700001
444,74682.0687983,1,0.9905966086681643,101.56033600010629,303.55422963408034,9.496731885221772,31.68690700446349,4.158538523007266,32.577411972351776,23.474594606507367,188.7054402639699,7617.687668899991
445,74699.0886225,1,-1.015085894386008,101.5061148798229,331.0467593489257,9.677691858315049,31.830639127637763,4.889361971991844,35.48636775629696,34.02475062778399,188.7054402639699,7634.707493099995
446,74716.9017987,1,-1.0121789076390093,101.56033600010629,322.11924681680205,9.754797572626309,31.154112166642747,4.158659998459257,36.22457094772822,34.023409216194956,188.7054402639699,7652.520669299993
447,74733.5543173,1,0.9921438022116956,101.56045665207415,323.785903574782,9.979353520124416,31.716971534736853,4.013112229757493,35.48636775629696,32.634665676265534,188.95824051118188,7669.1731879
448,74750.3011414,1,0.9957412097344406,105.10479407655764,331.92817766670265,9.402672485201023,33.41589136733038,5.469476279051055,34.26405177259461,37.67630919901501,188.7054402639699,7685.920012000002
449,74767.888753,1,0.9923420406414775,105.0603282531109,332.5338237577071,9.754797572626309,31.751566142846467,4.15853219528257,35.303450025763766,34.02475062778399,187.2493409108256,7703.507623600002
450,74784.6828847,1,0.9857766916540983,117.11445472328654,322.88402595257236,9.754797572626309,31.751566142846467,4.221836513962023,35.48636775629696,39.18136700634647,191.2236736241871,7720.301755299995
451,74801.9653379,1,-1.0129180995399347,101.56033600010629,331.0467593489257,9.754797572626309,31.830639127637763,4.15853219528257,43.34594424321278,33.8013830344032,188.7054402639699,7737.5842084999895
452,74824.2743332,1,-1.0161294320383243,104.02455523528438,331.0467593489257,9.420379608503168,33.38129675922076,4.021185535240018,31.431544113230657,34.02475062778399,191.52210222689027,7759.893203799991
453,74840.7047396,1,0.9995497606463095,104.02455523528438,331.0467593489257,9.758010100938815,35.16221317308592,4.021185535240018,34.87477219488944,37.19803510830355,188.7781489051326,7776.323610199994
454,74858.3584833,1,-1.0112597810473352,102.02914638989273,330.9587102621078,9.417167080190662,31.830639127637763,4.740519841066302,35.469333960730864,33.982804191343,191.44939358572753,7793.977353900002
455,74875.2931415,1,-1.014409442738272,101.56033600010629,327.548936821546,9.754797572626309,31.709019579416474,4.158659998459257,36.22457094772822,34.023409216194956,188.7054402639699,7810.912012100001
456,74891.9947726,1,0.9993825417507672,101.56033600010629,322.66368151750135,11.5777301754849,29.19786521195019,4.158538523007266,32.99640822399319,51.21585078634203,186.84746282765616,7827.613643199991
457,74909.101875,1,-1.0093666620090591,98.5226637623503,319.34050087582756,9.703067979997018,33.279425695664415,4.815115128973959,33.099018028925684,36.24524036771659,188.7054402639699,7844.720745599989
458,74926.3780365,1,-1.01744165512383,102.15044132101085,330.9587102621078,9.754797572626309,31.830639127637763,4.740519841066302,35.48636775629696,38.190022975243124,188.7054402639699,7861.996907099994
459,74943.4315366,1,-0.9924731131435244,101.56033600010629,319.34050087582756,9.420379608503168,36.193730371418305,4.815115128973959,33.099018028925684,36.24524036771659,188.7054402639699,7879.050407199989
460,74960.9541224,1,-1.0154449416116598,101.56033600010629,332.2378292846858,9.754797572626309,31.709492546084455,4.481296434060609,31.311337079733672,34.023208300792945,187.223130692954,7896.572992999994
461,74978.1732426,1,-1.015436439972589,101.5061148798229,327.4011754039441,9.677691858315049,31.830639127637763,5.049759637800776,35.48636775629696,34.02475062778399,188.7054402639699,7913.79211319999
462,74995.9982813,1,-1.016280528675364,101.56033600010629,327.1773494892737,9.754797572626309,31.709492546084455,4.481296434060609,31.311337079733672,34.023208300792945,187.223130692954,7931.617151899991
463,75013.209107,1,-1.0159811793835256,101.56033600010629,331.00611247445397,9.754797572626309,31.830639127637763,4.946137090995598,35.48636775629696,34.11880991160346,188.7054402639699,7948.827977599998
464,75030.0022294,1,1.0061977417360122,101.56033600010629,327.5015346091999,12.464275355442233,38.81610336057137,4.158659998459257,48.08227392639619,37.06068797645405,188.09561382334502,7965.621099999989
465,75047.1137026,1,-1.0160641704785265,104.02455523528438,331.3224980914747,9.420379608503168,33.38129675922076,4.021185535240018,31.431544113230657,34.02475062778399,191.52210222689027,7982.732573200003
466,75065.1131708,1,-1.0157637729500024,104.02455523528438,331.0467593489257,9.420379608503168,33.38129675922076,4.021185535240018,33.02501384689883,34.02475062778399,190.96006398397748,8000.732041399999
467,75082.1831373,1,-1.01571794815414,104.02455523528438,331.0467593489257,9.541834323803505,33.38129675922076,4.021185535240018,33.02501384689883,34.02475062778399,191.52210222689027,8017.802007899998
468,75099.8443699,1,-1.01744165512383,102.15044132101085,330.9587102621078,9.754797572626309,31.830639127637763,4.740519841066302,35.48636775629696,38.190022975243124,188.7054402639699,8035.463240500001
469,75117.268147,1,-0.9749639583136963,101.56033600010629,332.0222322095437,8.511214044238482,31.830639127637763,5.437878771054489,35.48636775629696,37.15608867186256,188.7054402639699,8052.887017599991
470,75134.8983691,1,-1.0152142588056217,101.56033600010629,332.2378292846858,9.754797572626309,31.709492546084455,4.399965385460332,31.311337079733672,34.023208300792945,187.223130692954,8070.517239699999
471,75152.7191905,1,-1.014564481532325,101.56033600010629,334.3484029643329,9.754797572626309,32.76052319981347,4.491832954088271,31.477972367085304,36.21021913219567,187.223130692954,8088.338061100003
472,75170.2241954,1,-1.0121551574474337,101.14928793748791,334.42479800798134,9.754797572626309,31.814826735193197,4.740519841066302,35.3201425831316,38.025790033274944,177.8794425996468,8105.843066000001
473,75187.5739206,1,-1.0162587045485887,101.56033600010629,327.548936821546,9.747315092576363,31.79837130283659,4.82763501846882,36.22457094772822,34.023409216194956,188.7054402639699,8123.192791199996
474,75204.0734169,1,0.9959936761800665,103.66897400374336,319.34050087582756,9.70583109375196,33.1900739722443,4.1461401089645555,32.530176186259084,37.03638887607301,188.7054402639699,8139.692287500002
475,75220.8767866,1,-1.007265061933374,95.92570055063142,325.1974956597869,9.420379608503168,33.38058573350064,4.815115128973959,32.98306230191243,36.24524036771659,188.7054402639699,8156.495657199994
476,75238.4769707,1,-1.013885721731384,101.54827574687967,318.8103271086473,9.420379608503168,32.41486820637217,4.824676754828544,35.60232369128087,37.67630919901501,188.7054402639699,8174.09584129999
477,75255.7077078,1,-1.0167449713309773,102.15183682280652,330.9587102621078,9.754797572626309,32.68455874685979,4.740519841066302,35.48636775629696,38.190022975243124,188.7054402639699,8191.326578399996
478,75272.4140229,1,1.0006738904378853,104.15312124516214,327.41062070316787,9.704288896179358,34.717133381015216,4.158538523007266,32.99640822399319,34.02330038691981,188.7054402639699,8208.0328935
479,75288.4861765,1,1.0017756756869278,104.02455523528438,331.0467593489257,9.79713381269085,33.401891230477915,4.021185535240018,31.296185455416747,31.03124181676148,191.52210222689027,8224.10504709999
480,75305.6909957,1,-1.0011115513202264,101.56033600010629,340.4159472965244,9.378043368438627,31.690417913936518,4.158538523007266,33.13177161749259,36.98996654789619,183.44559830853822,8241.309866299998
481,75323.1156997,1,-1.0153976883848266,101.56033600010629,319.34050087582756,9.420379608503168,33.279425695664415,4.815115128973959,33.099018028925684,36.24524036771659,188.7054402639699,8258.734570300003
482,75340.9612705,1,-1.012654970961148,101.56033600010629,327.1773494892737,9.754797572626309,30.934974380469658,4.481296434060609,31.311337079733672,34.023208300792945,187.223130692954,8276.5801411
483,75358.8073421,1,-1.0159463433517828,101.53073885454684,330.9587102621078,9.754797572626309,31.830639127637763,4.932676961350266,35.48636775629696,33.991499987416894,188.7054402639699,8294.426212699997
484,75375.1120836,1,0.9966041734282068,102.18003846657028,331.00611247445397,10.263059760675295,31.830639127637763,4.753979970711635,35.48636775629696,35.348263151419225,188.7054402639699,8310.7309542
485,75393.1210977,1,-1.0012157471864136,101.56033600010629,330.9587102621078,9.754797572626309,34.05027667501978,4.740519841066302,56.99942831232411,37.15608867186256,188.7054402639699,8328.739968299997
486,75410.1669506,1,-1.0134553098016497,104.02455523528438,337.62627425531383,9.420379608503168,33.38129675922076,4.021185535240018,33.02501384689883,34.02475062778399,190.96006398397748,8345.7858212
487,75427.4270432,1,-1.0160699149251646,101.56033600010629,324.4964865573557,9.754797572626309,31.709492546084455,4.481296434060609,31.311337079733672,32.641670195203844,187.223130692954,8363.0459138
488,75443.7554499,1,0.9963240593408621,104.02455523528438,328.89815227927096,9.541834323803505,33.38129675922076,4.021185535240018,33.02501384689883,34.02475062778399,191.52210222689027,8379.374320499992
489,75459.9610942,1,1.0002867539363467,103.97488727767339,330.9587129804321,9.733076746983087,33.15553749768234,4.021185535240018,31.31023047056434,34.023220633930066,191.52210222689027,8395.579964799996
490,75477.2116656,1,-1.0118704120156254,101.61000395771727,327.26539585776726,9.44210043414639,31.93525180762287,4.481296434060609,31.432650722399995,34.024738294646866,187.223130692954,8412.830536199996
491,75494.7207108,1,-0.9440805827958438,102.50025122109642,332.2378292846858,9.754797572626309,37.60142535036822,4.473262280061975,53.22493008965981,34.023208300792945,187.223130692954,8430.339581399996
492,75511.8583085,1,-1.016694781492212,101.58742624037482,331.19215701432313,9.754797572626309,32.353467960494804,4.748553995064937,35.66760648055443,38.190022975243124,188.7054402639699,8447.477179099995
493,75529.3816848,1,-1.0180472683179047,102.15044132101085,330.9587102621078,9.754797572626309,31.830639127637763,4.740519841066302,31.508298799152715,38.190022975243124,188.7054402639699,8465.000555399994
494,75546.5447113,1,-1.011253429131725,104.02455523528438,331.3224980914747,9.420379608503168,33.38129675922076,3.567839811242861,31.431544113230657,34.02475062778399,191.52210222689027,8482.163581899993
495,75564.9788797,1,-0.9858519061817298,104.02455523528438,331.3224980914747,9.420379608503168,28.918937520362313,4.021185535240018,31.431544113230657,34.02475062778399,189.46650964499625,8500.597750299989
496,75581.7078155,1,-1.0164971025788914,101.56033600010629,330.9587102621078,9.754797572626309,31.830639127637763,4.740519841066302,35.48636775629696,37.15608867186256,188.7054402639699,8517.326686100001
497,75597.9368919,1,0.9919408122480833,108.21168049598583,330.9587102621078,9.754797572626309,31.830639127637763,4.545295547299815,35.48636775629696,31.071887867471595,188.7054402639699,8533.555762499993
498,75614.5806009,1,-1.0161456821043557,101.14928793748791,330.9587102621078,9.754797572626309,31.830639127637763,4.740519841066302,34.64515247804833,38.190022975243124,188.7054402639699,8550.19947149999
499,75632.0896435,1,-1.0160158812090418,101.14928793748791,330.9587102621078,9.754797572626309,31.830639127637763,4.740519841066302,35.48636775629696,38.190022975243124,188.7054402639699,8567.708514099999
500,75649.0950717,1,-1.0169076438349474,102.15044132101085,330.9587102621078,9.754797572626309,31.830639127637763,4.422205727476445,35.48636775629696,38.190022975243124,188.7054402639699,8584.71394229999
501,75666.3877744,1,-1.0150925345766992,102.15044132101085,330.9587102621078,9.754797572626309,33.15810010997164,4.740519841066302,31.508298799152715,38.190022975243124,188.7054402639699,8602.006645000001
502,75683.7706715,1,-1.0169324240647475,101.56033600010629,330.9587102621078,9.754797572626309,31.830639127637763,4.740519841066302,35.48636775629696,43.05712654878251,188.7054402639699,8619.38954209999
503,75701.4223936,1,-1.0174837018218388,102.11280949789007,324.36611301532025,9.754797572626309,31.709492546084455,4.744534767547994,31.250992304627935,32.641670195203844,188.765455204557,8637.041264200001
504,75717.8130452,1,-1.0144935287084873,101.59796782322705,330.9587102621078,9.754797572626309,31.830639127637763,4.345547588015113,41.4172778045433,38.190022975243124,187.16311575236688,8653.4319158
505,75735.2017223,1,-0.9813517360892781,90.22735748856728,327.1773494892737,9.449704329489162,30.690918610837745,4.742820479994459,35.56223511915034,32.07877020254536,184.19998716539877,8670.820592899996
506,75751.908479,1,0.9985250805600533,102.07399385643578,318.19772717780216,10.017431011942593,31.714995884816087,5.614831510571845,31.2363724735486,38.190022975243124,188.7054402639699,8687.5273496
507,75768.7595541,1,-1.0172134494020684,101.56033600010629,330.9587102621078,9.754797572626309,31.830639127637763,4.740519841066302,30.874677698945405,37.15608867186256,188.7054402639699,8704.3784247
508,75786.7831104,1,-1.0164971025788914,101.56033600010629,330.9587102621078,9.754797572626309,31.830639127637763,4.740519841066302,35.48636775629696,37.15608867186256,188.7054402639699,8722.401981000003
509,75803.5255949,1,-1.0178050580700082,102.15044132101085,330.9587102621078,9.754797572626309,31.830639127637763,4.422205727476445,30.944730267693,41.273719013138226,188.7054402639699,8739.144465499994
510,75820.780751,1,-0.9950022111626416,101.58742624037482,331.19215701432313,8.821571113023808,32.353467960494804,4.748553995064937,35.66760648055443,38.190022975243124,191.3086430645499,8756.399621599994
511,75838.0199632,1,-1.0153804115608809,102.15044132101085,330.9587102621078,9.754797572626309,31.830639127637763,4.740519841066302,35.48636775629696,38.11119572749115,180.1788294960297,8773.638833799996
512,75854.8871189,1,-1.014081321624361,101.58742624037482,335.69325558984843,9.954003810233829,32.353467960494804,4.748553995064937,35.66760648055443,38.190022975243124,188.7054402639699,8790.505989500001
513,75872.1266024,1,-1.0160925469349236,101.56033600010629,324.4964865573557,9.754797572626309,31.709492546084455,4.481296434060609,31.311337079733672,32.79567030186023,187.223130692954,8807.745473000003
514,75889.2126996,1,-1.0176771144144576,102.60766201521353,327.548936821546,9.747315092576363,31.79837130283659,4.82763501846882,36.22457094772822,34.023409216194956,188.7054402639699,8824.831570199996
515,75906.1497752,1,-1.015806813873576,101.55467438627669,330.96641117740893,9.74760580219964,31.79837130283659,4.754332295951693,36.22457094772822,34.023409216194956,188.7054402639699,8841.768645799995
516,75922.5826818,1,0.9990048841031494,102.15610293484043,299.8969297034016,9.754506863003034,34.88466751942159,4.738332266962627,30.17095157015648,38.190022975243124,188.7054402639699,8858.201552400002
517,75939.8574938,1,-1.0158430161238374,104.02455523528438,331.3224980914747,9.420379608503168,33.38129675922076,4.021185535240018,31.431544113230657,34.02475062778399,190.17162766739423,8875.47636439999
518,75957.4915331,1,-1.0167449713309773,102.15183682280652,330.9587102621078,9.754797572626309,32.68455874685979,4.740519841066302,35.48636775629696,38.190022975243124,188.7054402639699,8893.11040369999
519,75974.7716245,1,-1.0153510776445764,102.15183682280652,330.9587102621078,9.754797572626309,32.99158095332135,4.740519841066302,35.48636775629696,38.190022975243124,188.7054402639699,8910.3904951
520,75992.2575649,1,-1.0160158812090418,101.14928793748791,330.9587102621078,9.754797572626309,31.830639127637763,4.740519841066302,35.48636775629696,38.190022975243124,188.7054402639699,8927.876435500002
521,76009.1977153,1,-1.015294620761141,102.15183682280652,330.9587102621078,9.754797572626309,31.338051705015978,4.909343023339371,35.48636775629696,38.190022975243124,187.27458487520235,8944.8165859
522,76026.474918,1,-1.01632842286246,101.56033600010629,330.9587102621078,9.754797572626309,31.830639127637763,5.218282791225361,35.48636775629696,43.05712654878251,188.92102562971039,8962.093788600003
523,76043.1045375,1,-1.0174866361148345,102.15044132101085,330.9587102621078,9.754797572626309,31.830639127637763,4.740519841066302,35.206420156128075,38.190022975243124,188.7054402639699,8978.723408099992
524,76060.5925212,1,-1.0174837018218388,102.11280949789007,324.36611301532025,9.754797572626309,31.709492546084455,4.744534767547994,31.250992304627935,32.641670195203844,188.765455204557,8996.211391799996
525,76077.31234,1,0.990563825820779,110.38860668577328,330.9587102621078,9.754797572626309,31.830639127637763,4.740519841066302,35.48636775629696,38.190022975243124,188.7054402639699,9012.9312106
526,76094.1495488,1,0.9930049085555133,102.60766201521353,316.8934864610808,10.370993562191147,31.79837130283659,4.82763501846882,36.22457094772822,34.023409216194956,188.7054402639699,9029.768419399988
527,76110.7034336,1,-1.0166490840831202,101.58742624037482,331.19215701432313,9.754797572626309,32.353467960494804,4.748553995064937,35.66760648055443,37.70745265971001,188.7054402639699,9046.322304200003
528,76128.1251052,1,-1.0172134494020684,101.56033600010629,330.9587102621078,9.754797572626309,31.830639127637763,4.740519841066302,30.874677698945405,37.15608867186256,188.7054402639699,9063.743975799996
529,76144.3229334,1,0.9912942898186836,102.11280949789007,320.8372965886387,9.754797572626309,31.709492546084455,4.744534767547994,35.101718506721085,32.641670195203844,188.765455204557,9079.941804000002
530,76161.222829,1,-1.0102077036982007,97.05706962277283,330.9587102621078,9.754797572626309,31.830639127637763,4.740519841066302,30.874677698945405,37.15608867186256,188.7054402639699,9096.841699600001
531,76179.656353,1,-1.0169225845822158,101.55118973625206,330.9587102621078,9.754797572626309,31.830639127637763,4.740519841066302,35.48636775629696,43.199075218244424,188.7054402639699,9115.275223599994
532,76196.4966183,1,-0.9756062021373745,102.15958758486506,327.4947864139244,9.754797572626309,26.802668970677708,4.740519841066302,35.48636775629696,46.71942997708588,188.7054402639699,9132.115488900003
533,76213.9742783,1,-1.01744165512383,102.15044132101085,330.9587102621078,9.754797572626309,31.830639127637763,4.740519841066302,35.48636775629696,38.190022975243124,188.7054402639699,9149.593148899992
534,76229.9099212,1,1.0048828912262018,102.15044132101085,329.0763088071553,10.77376218673779,31.830639127637763,4.740519841066302,31.508298799152715,38.190022975243124,188.7054402639699,9165.528791799996
535,76247.8415167,1,-1.0174303820211694,102.15044132101085,330.9587102621078,9.755318127365024,31.830639127637763,4.832898976182071,31.865839075998224,33.43586049218121,188.7054402639699,9183.460387300001
536,76264.8010914,1,-1.0174124513286062,102.60766201521353,327.548936821546,9.74679453783765,31.79837130283659,4.397776999895674,35.867426120717155,36.28659621602289,188.7054402639699,9200.419962
537,76282.7377084,1,-0.9948867689267018,92.5311649398783,341.26963062969367,9.754797572626309,32.68455874685979,5.243687623815008,36.74599626380746,38.190022975243124,188.7054402639699,9218.356579
538,76300.78916,1,-1.0151064439198694,101.58742624037482,332.85042991894056,9.754797572626309,32.353467960494804,4.9996023927596225,35.49485118667276,31.608211356546747,188.7054402639699,9236.408030599996
539,76317.6176001,1,0.9963014234323311,110.24024113958069,327.1773494892737,9.754797572626309,31.709492546084455,4.481296434060609,31.311337079733672,34.023208300792945,187.223130692954,9253.236470699994
540,76335.2312114,1,-1.0164971025788914,101.56033600010629,330.9587102621078,9.754797572626309,31.830639127637763,4.740519841066302,35.48636775629696,37.15608867186256,188.7054402639699,9270.85008199999
541,76352.0927887,1,0.9917911491400727,104.78645800282732,330.9587102621078,9.754797572626309,31.790867932606034,4.740519841066302,35.48636775629696,38.190022975243124,188.7054402639699,9287.711659299996
542,76368.8666824,1,-1.0172134494020684,101.56033600010629,330.9587102621078,9.754797572626309,31.830639127637763,4.740519841066302,30.874677698945405,37.15608867186256,188.7054402639699,9304.485552999991
543,76386.1727656,1,-1.0176771144144576,102.60766201521353,327.548936821546,9.747315092576363,31.79837130283659,4.82763501846882,36.22457094772822,34.023409216194956,188.7054402639699,9321.791636199996
544,76402.7924854,1,-1.0072861743231536,102.15044132101085,334.1422600636853,9.186846024614544,32.491183774518404,4.491102262061667,35.48636775629696,38.190022975243124,188.7054402639699,9338.411355999997
545,76420.3805915,1,-1.012998757642948,102.15044132101085,340.71998297128397,9.754797572626309,31.830639127637763,4.740519841066302,35.206420156128075,38.190022975243124,185.88142138766506,9355.999462099993
546,76435.8335458,1,0.9974744580742738,103.94961352401079,324.41017589381835,9.754797572626309,31.709492546084455,4.744534767547994,31.250992304627935,33.093909316785066,188.765455204557,9371.452416399989
547,76453.8132734,1,-1.0174866361148345,102.15044132101085,330.9587102621078,9.754797572626309,31.830639127637763,4.740519841066302,35.206420156128075,38.190022975243124,188.7054402639699,9389.432143999991
548,76470.7668265,1,-1.018445022992301,102.60766201521353,327.548936821546,9.74679453783765,31.79837130283659,4.783629828537448,33.50380849459958,36.28659621602289,188.7054402639699,9406.385697099991
549,76487.196021,1,0.9813373931652193,105.45494582172455,319.8114931053929,9.747315092576363,31.79837130283659,4.575850637705394,40.92667872602664,34.44375045178307,188.7054402639699,9422.814891599992
550,76504.6145696,1,-1.0174303820211694,102.15044132101085,330.9587102621078,9.755318127365024,31.830639127637763,4.832898976182071,31.865839075998224,33.43586049218121,188.7054402639699,9440.233440199998
551,76521.8809282,1,-1.0171313488641986,102.11258759276534,330.9587102621078,9.754797572626309,31.712078413260215,4.740519841066302,31.198049646765547,32.97713500154264,188.7054402639699,9457.499798799996
552,76538.7830009,1,-1.0181223791695775,102.15066322613559,324.36611301532025,9.754797572626309,31.828053260462,4.53542609046461,31.50518861532612,37.854558168904404,188.765455204557,9474.401871499998
553,76555.9580793,1,-0.9486359114563246,94.50248500458495,327.6584083330486,8.17124192180546,31.40056772343214,4.397776999895674,35.867426120717155,36.28659621602289,188.7054402639699,9491.576949900002
554,76573.0630055,1,-1.0174091122528333,102.15044132101085,330.84923875060525,9.747186324197703,31.830639127637763,4.740519841066302,35.48636775629696,38.190022975243124,188.7054402639699,9508.681876099989
555,76589.0519047,1,1.0024729246002317,102.15044132101085,330.9587102621078,10.072661983011287,32.31433964535908,5.07825128496686,31.857978678944995,33.43586049218121,188.7054402639699,9524.670775299994
556,76606.4141843,1,-1.0176465855631636,102.15044132101085,330.9587102621078,9.754797572626309,31.830639127637763,4.411536004010917,31.826358242075464,41.273719013138226,188.7054402639699,9542.033054899992
557,76623.5617527,1,-1.004833691560269,104.15095436699136,330.9587102621078,8.937155613266215,32.68455874685979,4.740519841066302,31.196342189394997,38.190022975243124,188.7054402639699,9559.180623299995
558,76641.171567,1,-1.0137156935583322,102.15184555420525,330.9587102621078,9.521319960463478,31.830639127637763,4.740519841066302,35.80021657198414,38.190022975243124,188.7054402639699,9576.790437599993
559,76658.7207504,1,-1.0179460212636513,102.11280949789007,324.36611301532025,9.754797572626309,32.31495089130329,4.744534767547994,31.250992304627935,32.641670195203844,188.765455204557,9594.339620999992
560,76675.9467159,1,-1.0128133854235628,101.56033600010629,330.9587102621078,9.754797572626309,33.38921239807308,4.740519841066302,30.20800360208806,35.28020663088853,188.7054402639699,9611.5655865
561,76693.3962432,1,-1.015871000199074,102.15044132101085,330.9587102621078,9.754797572626309,31.185028870340368,4.740519841066302,30.240167454443938,43.62085122471019,188.7054402639699,9629.015113799993
562,76710.8054285,1,-0.9914273501728754,101.81027484854445,324.36611301532025,8.715036553898315,32.31495089130329,4.744534767547994,31.250992304627935,32.641670195203844,188.765455204557,9646.424299099992
563,76728.7655019,1,-0.9669674517551904,102.60766201521353,327.70567765074713,8.23273652372387,31.79654000228915,4.82763501846882,36.22457094772822,34.167485020232576,188.7054402639699,9664.38437249999
564,76746.9635644,1,-1.0183651959807496,102.15044132101085,330.80196943290673,9.755157935473687,31.832470428185204,4.740519841066302,31.508298799152715,42.437667595238764,188.7054402639699,9682.58243499999
565,76763.8639156,1,-1.0145067485860553,102.15044132101085,330.9587102621078,9.754797572626309,31.218573228152177,4.410228244363732,31.826436728378393,33.3610845249103,188.7054402639699,9699.482786199995
566,76781.1465542,1,-1.0046982401866908,102.15044132101085,330.9587102621078,9.244836711877348,31.830639127637763,4.056766666637386,31.865760589695295,41.348494980413534,188.7054402639699,9716.765424799989
567,76798.0397931,1,-1.017370105397567,102.15066172230158,330.9587102621078,9.754797572626309,31.830639127637763,4.72490646954927,35.72061917674127,37.7667203126422,188.76585264316668,9733.6586637
568,76815.2302289,1,-1.006719371535216,102.15044282484487,324.36611301532025,9.754797572626309,34.29305127999065,4.664123262494802,31.50518861532612,43.31169927687504,197.03388008606777,9750.849099500003
569,76831.8098384,1,-1.0170197873020328,102.15043973747643,330.9587102621078,9.754797572626309,31.830639127637763,4.740519841066302,31.872062133819384,30.989487444855744,188.7054402639699,9767.428709
570,76850.1164821,1,-1.0159678749075636,100.80974333964828,324.36611301532025,9.754797572626309,31.828053260462,4.6546736170552565,35.119644949048464,37.853262676468816,188.765455204557,9785.735352699994
571,76870.123943,1,-1.0176465855631636,102.15044132101085,330.9587102621078,9.754797572626309,31.830639127637763,4.411536004010917,31.826358242075464,41.273719013138226,188.7054402639699,9805.742813599994
572,76887.9072832,1,-1.01744165512383,102.15044132101085,330.9587102621078,9.754797572626309,31.830639127637763,4.740519841066302,35.48636775629696,38.190022975243124,188.7054402639699,9823.52615379999
573,76904.9448018,1,-1.0174866361148345,102.15044132101085,330.9587102621078,9.754797572626309,31.830639127637763,4.740519841066302,35.206420156128075,38.190022975243124,188.7054402639699,9840.563672399992
574,76922.5134428,1,-1.0184186175451344,102.60766201521353,327.548936821546,9.74679453783765,32.022638519679845,4.423404125269491,33.50380849459958,37.48152360651743,188.71656359354893,9858.132313399998
575,76939.757251,1,-0.993025827198576,102.15044132101085,330.9587102621078,9.746599067858854,35.17538176904457,4.740519841066302,35.206420156128075,38.190022975243124,188.7054402639699,9875.376121599998
576,76957.2218134,1,-1.0184339569059424,102.60766201521353,329.36433920234975,9.754993042605106,31.79837130283659,4.783629828537448,33.50380849459958,36.28659621602289,188.7054402639699,9892.840683999995
577,76974.1297946,1,-1.018343120418091,102.15044132101085,330.9587102621078,9.754797572626309,31.830639127637763,4.730126180645593,30.923884707489243,41.273719013138226,188.7054402639699,9909.748665199993
578,76991.8211784,1,-1.0170139692607327,102.15044132101085,330.9587102621078,9.845273686593643,31.830639127637763,4.7529170729388825,35.2294145369162,30.812794136992817,188.7054402639699,9927.440048999997
579,77009.3172031,1,-1.0176771144144576,102.60766201521353,327.548936821546,9.747315092576363,31.79837130283659,4.82763501846882,36.22457094772822,34.023409216194956,188.7054402639699,9944.936073699995
580,77026.6412524,1,-1.0183713671098775,102.11280949789007,324.36611301532025,9.754797572626309,32.31495089130329,4.744534767547994,31.250992304627935,36.20612611666532,188.765455204557,9962.260123
581,77043.6691838,1,-1.0181618741229115,102.15672562565499,324.36611301532025,9.754797572626309,32.31495089130329,4.744534767547994,30.191308759612863,32.641670195203844,188.76809984265282,9979.288054399993
582,77060.7884812,1,-1.017663391051854,102.10652519324594,330.9587102621078,9.754797572626309,31.830639127637763,4.411536004010917,31.266975235552888,41.273719013138226,188.7027956258741,9996.407351799993
583,77076.7168554,1,0.9887667207764325,102.60766201521353,317.5431535498412,9.747315092576363,31.79837130283659,4.82763501846882,36.22457094772822,34.023409216194956,188.7054402639699,10012.33572599999
584,77094.2192604,1,-0.9967631751245593,102.60766201521353,339.28176529351066,9.101374449186851,31.79837130283659,4.82763501846882,36.22457094772822,34.023409216194956,188.7054402639699,10029.838130999997
585,77110.5299065,1,0.9918180432994451,102.60766201521353,317.13552011250005,9.74679453783765,31.800563385183267,4.423404125269491,33.50380849459958,37.54110100176711,188.71656359354893,10046.148777099996
586,77127.5854002,1,0.9963814303581493,102.60766201521353,326.93188605396193,9.754993042605106,32.02044643733316,4.783629828537448,32.7886250602122,36.2270188207732,188.7054402639699,10063.204270799994
587,77144.2153117,1,0.9874429286743229,108.33098479119612,329.32070096005464,10.971744616827385,31.995458334189596,4.438768507490062,44.18498887846195,36.28659621602289,188.7054402639699,10079.834182299994
588,77161.497608,1,-1.0172360373953282,102.60766201521353,327.5925750638412,9.74679453783765,31.825551488326834,4.222828461661714,33.50380849459958,37.48152360651743,188.71656359354893,10097.1164786
589,77179.4351746,1,-0.9902713886628848,102.11280949789007,324.24870183514236,8.669473723770766,32.31936708454934,4.423343387371905,31.256643770157012,36.13546187830026,188.70708385039512,10115.054045199999
590,77196.9659975,1,-1.0168916681930105,102.15044132101085,331.076121442282,9.754797572626309,31.82622293439171,4.743397107652533,30.939078802169472,29.600524097062078,188.7638116181318,10132.584868099992
591,77213.3781409,1,0.9966244592645843,106.82972200254392,328.4138742704954,9.754797572626309,31.83058705273742,4.411536004010917,31.32388398987727,41.273719013138226,188.7054402639699,10148.997011499989
592,77230.559865,1,-1.01865317523494,102.15044132101085,329.12298674834636,9.755157935473687,31.83252250308555,4.740519841066302,31.510834249285736,42.437667595238764,188.7054402639699,10166.178735599999
593,77247.7520642,1,0.9978397391693833,102.60720416633613,324.36611301532025,9.754797572626309,31.828202177595937,4.53542609046461,30.8452052298233,37.952529187525485,188.70749695884925,10183.370934799997
594,77264.5826851,1,-1.0178296485850147,102.151121075013,327.548936821546,9.74679453783765,31.798222385702648,4.783629828537448,33.50380849459958,36.188625197401805,188.76339850967767,10200.201555699998
595,77281.9359023,1,1.0110113180838998,98.32422575958698,324.65694434043394,11.945779106741112,31.81979752785146,4.422205727476445,30.944730267693,36.527650910466306,188.7671542730656,10217.554772899995
596,77298.8488016,1,-1.0021733967677466,93.07609903972029,330.66787893699245,9.754797572626309,32.32579249108959,4.744534767547994,31.250992304627935,28.88184394895047,188.70374119546133,10234.4676722
597,77315.9954352,1,-1.0184347028864338,102.15044132101085,330.9548775171511,9.755157935473687,31.832470428185204,4.74083795492291,30.71657168816321,42.437667595238764,188.7054402639699,10251.614305800002
598,77331.5547775,1,0.9994738897644877,103.91775257849866,330.80580217786337,9.754797572626309,31.830639127637763,4.729808066788985,30.923884707489243,54.27795168338828,188.7054402639699,10267.173648099997
599,77349.3478771,1,-1.0134992857798673,102.60766201521353,327.548936821546,9.74679453783765,33.3589760103731,4.7733198832172175,33.50380849459958,37.86215068175621,184.74006871988894,10284.96674769999
600,77366.4375685,1,-1.0179871778442466,102.15066322613559,324.36611301532025,9.754797572626309,31.828053260462,4.54573603578484,31.50518861532612,36.27900370317108,188.7776549504841,10302.056439099993
601,77384.5310827,1,-1.01865317523494,102.15044132101085,329.12298674834636,9.755157935473687,31.83252250308555,4.740519841066302,31.510834249285736,42.437667595238764,188.7054402639699,10320.149953300002
