iteration,timestamp,success,NPV_over_CAPEX,clearance,sp,p_rated,Nwt,wind_MW_per_km2,solar_MW,surface_tilt,surface_azimuth,time_sec
0,77407.1981051,1,-0.26453191017398897,57.32071179078396,294.85191233682167,12.581497369057011,5.37160259279487,5.07458868017773,154.7248806180525,89.30544684135894,152.51048694002085,0.0
1,77424.820987,1,-0.18343366254850726,36.09610190093926,238.53903316750763,14.225805201015547,44.979727241983014,6.1186871699118175,52.61189558842038,50.770424174774405,186.7897015611046,17.622881899995264
2,77441.5962958,1,-0.647388818613678,16.95705826324095,204.24761078602722,9.702824576224018,21.425472411716864,7.244566872690705,196.16513232209505,14.731933404100264,185.94447366342084,34.39819069999794
3,77458.2743626,1,0.8868896361860995,100.24453623179487,226.4928218107318,12.773035120253816,40.6850759936787,9.865626835800333,185.31964437383246,44.8769156700463,184.88689953369214,51.076257499997155
4,77475.385019,1,-0.5467497707689981,31.58828482045414,303.1606486125948,19.435486997461133,8.261305202763987,9.639600652841581,58.47026102894904,72.08052064865933,192.96639555398667,68.18691389999003
5,77492.9443641,1,-0.0327761848912358,23.92068837263094,221.94249304348435,17.556922194865976,37.85094482343373,5.2456543541629586,45.88339290351182,29.463866808200528,174.05552633657916,85.74625899999228
6,77509.3633603,1,0.6692285140163923,118.82953497002221,252.98564362146362,7.482619903061575,20.640983508599447,3.9846269528411753,181.9599184319223,81.20637383482246,207.12423989313183,102.16525520000141
7,77526.7000651,1,-0.5880527071086724,50.727328458152456,224.53332318933363,9.044503215309357,48.49766235248901,3.869853084709683,188.6049069739892,46.90176276978848,156.85903468910757,119.50195999999414
8,77542.9719097,1,0.9710734145900665,62.57044084005185,208.20963789292475,17.580830342041786,34.7572300025906,5.236156910820933,78.58351711875093,59.60884907414657,152.23128951565718,135.7738046000013
9,77559.2906935,1,0.869845761710822,118.05975023588657,231.92040072011426,10.19395028495136,34.06175320340752,3.428256482249434,148.45285813613884,78.15007889540715,197.7199017473049,152.09258840000257
10,77576.1543676,1,-0.7292240030233312,50.13559785586112,283.73890256978,5.276823942170884,31.764758087171945,6.090961197793438,32.536796042224246,60.76137935603763,181.82620854061548,168.95626249999623
11,77593.8274405,1,-0.7536503036192326,63.28979714132979,203.38611393912498,6.81850407936085,27.779015563895907,3.971895154045,103.15460361754464,41.78080504891511,155.99714537564944,186.62933539999358
12,77609.8553358,1,0.7730782604766565,104.02434585979726,284.88295865209454,6.882140305320238,25.142674329875025,1.518130198570619,149.7044664841688,10.892267898247379,182.14971461074396,202.6572307000024
13,77626.9672699,1,-0.8439669847458029,98.07028143325711,331.87348323857356,9.697554312564408,18.45992620363102,4.029676185688807,189.3152169883159,62.560980291541654,187.37378765538463,219.76916479998908
14,77643.3037455,1,0.7872837751549511,96.36989310427215,351.2722410919471,7.9645843951552875,24.204636282160056,1.8172854972264854,140.51463319340957,34.016460805659165,161.79260737723007,236.10564039999736
15,77660.5161469,1,-0.496915915371818,43.90238843499143,285.72732119690625,5.34603674140988,15.269691773875092,9.623589622958661,185.7477031532281,40.1879510041549,173.9318149428117,253.31804179999745
16,77677.0981755,1,0.9770540304287377,67.42594902979064,253.22343205587305,19.560452069205382,21.20678740171036,9.380672872512225,47.03564773334078,66.77753494444579,194.29123767951907,269.9000703999918
17,77695.1330248,1,-0.787203068229398,18.030376491872886,263.54135076162163,7.083389902269045,40.037310789368725,6.258852438377278,179.65962433833428,9.584282309974304,199.4771853499418,287.9349196999974
18,77712.3727877,1,-0.7051482627879707,99.43330814698814,355.26473414139025,9.60712184866512,14.094762124886724,5.55449088193285,61.24420874444533,36.74105924477014,157.89929455172376,305.1746826000017
19,77728.6633887,1,0.8094896557128466,76.37641320922444,218.39496556146037,6.303098261745648,20.479689020569616,2.7085539173125124,104.05521033043374,5.279968046400931,155.16131853494602,321.4652836000023
20,77745.178107,1,0.6286775890114232,36.41835513359944,344.3161646290664,7.9660704072123,12.134364295773725,1.9972455907768878,156.23277401858883,61.08199386624836,157.24990505953835,337.98000189999584
21,77762.3219873,1,-0.663450949001345,93.09458283066171,353.0605069159663,9.058263316048482,14.094762124886724,5.5403777513066865,61.24420874444533,47.22852497565468,157.89929455172376,355.1238822000014
22,77779.8655543,1,-0.5349481107330512,57.06509616259462,225.29503937662412,9.593361747925996,48.49766235248901,4.032802715952413,188.6049069739892,39.17698713319241,156.85903468910757,372.667449200002
23,77796.7467912,1,-0.804934184150998,50.13559785586112,263.77826197972763,5.276823942170884,39.98322369454487,6.2469204272887415,36.57955617193623,61.58505827712381,181.82620854061548,389.5486860999954
24,77814.0870875,1,-0.7323594269057,18.030376491872886,283.5019913517935,7.083389902269045,31.818844924933494,6.258852438377278,178.10906439498785,8.825659174518574,199.4771853499418,406.8889823999925
25,77831.2728106,1,-0.496915915371818,43.90238843499143,285.72732119690625,5.34603674140988,15.269691773875092,9.623589622958661,185.7477031532281,40.1879510041549,173.9318149428117,424.0747054999956
26,77848.8038515,1,-0.8316400073383781,98.07028143325711,331.87348323857356,9.697554312564408,18.45992620363102,4.029676185688807,189.3152169883159,69.3317951145649,187.37378765538463,441.6057463999896
27,77865.5229175,1,-0.7945346838775438,50.727328458152456,223.93756588005792,9.044503215309357,28.718975000219597,3.8725833139871617,188.6049069739892,42.04858712826908,156.85903468910757,458.3248123999947
28,77883.0330214,1,-0.8369096838728726,63.28979714132979,204.00345448995597,6.81850407936085,47.45584577940346,3.969164924767521,103.15460361754464,46.63398069043453,155.99714537564944,475.8349162999948
29,77899.9795834,1,-0.7148990886479121,14.758842871339201,204.24761078602722,9.702824576224018,31.574391712585722,7.244566872690705,83.4157956766654,14.731933404100264,185.94447366342084,492.78147829999216
30,77917.4693293,1,-0.6751018645164104,65.8019235379274,203.38611393912498,6.81850407936085,21.238575971137436,3.393055730309236,199.82724329802934,41.80310657345151,155.99714537564944,510.27122419999796
31,77934.7352656,1,-0.17538921312270486,24.567642334287783,238.53903316750763,14.225805201015547,44.979727241983014,6.1186871699118175,52.739113916296965,50.770424174774405,187.0777885358041,527.5371604999964
32,77951.9076801,1,-0.04443571514598794,35.449148450837846,221.94249304348435,17.44594139499476,37.85094482343373,5.2456543541629586,45.75617457711801,27.188067255989694,173.76743935351953,544.7095750000008
33,77969.1574915,1,-0.7986810290351216,50.2730736748313,276.51333797369045,5.276823942170884,38.07052808457654,5.108443494012536,32.536796042224246,60.36405284138334,181.82620854061548,561.9593863999908
34,77986.3943906,1,-0.22021636947924583,23.783473679709793,229.17099883388286,17.556922194865976,31.545174815829338,6.228172057939167,45.88339290351182,29.861192979503613,174.05552633657916,579.196285500002
35,78003.8898703,1,-0.7776731365664953,98.07028143325711,330.7997654100313,9.596024984185245,18.45992620363102,9.285057972431485,189.3152169883159,62.44789098556739,170.87634607811862,596.6917651999975
36,78021.4800849,1,-0.581185273724615,43.90238843499143,285.72732119690625,5.160710337202704,16.06260693302706,4.336279943621086,185.7477031532281,40.1879510041549,190.4292546392953,614.2819797999982
37,78037.8942763,1,0.8810102740479854,96.36989310427215,351.2722410919471,7.9645843951552875,39.78915878411658,1.8172854972264854,151.73163008542562,9.393092746775476,161.79260737723007,630.6961711999902
38,78055.2104537,1,-0.7385966965121692,18.030376491872886,263.54135076162163,7.083389902269045,24.452744048055195,6.258852438377278,169.07793470417826,34.20897649874106,199.4771853499418,648.0123485999939
39,78071.5185721,1,0.8136091229143904,96.36989310427215,351.2722410919471,9.11036560480462,24.204636282160056,1.8172854972264854,140.51463319340957,34.016460805659165,161.79260737723007,664.3204669999977
40,78088.9876101,1,-0.7117227898523437,99.43243090148746,343.18396816759326,9.60712184866512,14.094762124886724,5.55449088193285,61.24420874444533,35.83433259420906,157.89929455172376,681.7895049999934
41,78106.6689058,1,-0.8057961988017013,50.13559785586112,263.77826197972763,5.276823942170884,40.10629123324677,6.2469204272887415,36.57955617193623,61.58505827712381,181.82620854061548,699.4708007000008
42,78123.8213226,1,-0.7828107739494812,50.13559785586112,283.73890256978,6.275261273037955,31.641690119471967,6.090961197793438,32.536796042224246,60.76137935603763,181.82620854061548,716.6232174999896
43,78141.4155027,1,-0.6942706063795167,98.13424646553035,333.48431136904856,6.57134794687606,21.85189645680905,4.063184874411251,103.15460361754464,46.63398069043453,153.76380791655717,734.2173975999904
44,78158.3031668,1,-0.47481670227762685,63.22572350380804,209.258947093119,9.944810655353264,48.01257060915629,3.970981142764114,193.64786616907162,69.3317951145649,187.37378765538463,751.1050617000001
45,78176.2284396,1,-0.7547214455879024,60.48049693924207,210.27849470185345,6.81850407936085,27.779015563895907,3.971895154045,103.15460361754464,41.78080504891511,155.99714537564944,769.0303344999993
46,78192.8018229,1,-0.8168249647172557,63.28979714132979,204.00345448995597,6.81850407936085,49.691806048104084,3.969164924767521,103.15460361754464,46.63398069043453,155.99714537564944,785.603717799997
47,78210.4685752,1,-0.7435291840859658,18.030376491872886,263.7743158536547,7.083389902269045,24.452744048055195,6.258555131341472,169.07793470417826,57.76366665350411,199.4771853499418,803.2704700999893
48,78227.1662763,1,-0.8023824755708272,50.13559785586112,252.24593087462227,5.276823942170884,39.98322369454487,7.15370943109445,36.57955617193623,45.65626092308668,185.36416662599112,819.968171200002
49,78244.7448351,1,-0.8423524454358876,98.07028143325711,331.87348323857356,9.697554312564408,18.45992620363102,4.1257977495002836,33.34551298702529,60.039088720274044,187.37378765538463,837.5467300000018
50,78262.0243911,1,-0.784467655173624,50.2730736748313,276.51333797369045,5.276823942170884,38.07052808457654,5.012321930219797,190.99885029711714,69.65675923148284,181.82620854061548,854.8262859999959
51,78279.5772397,1,-0.7394943700171852,99.43330814698814,355.26473414139025,9.60712184866512,14.094762124886724,5.55449088193285,61.24420874444533,35.83976522189282,198.43289742199067,872.3791345999925
52,78296.4212792,1,-0.7950122044907663,25.21346553751826,268.19917634357205,7.083389902269045,40.037310789368725,6.258852438377278,179.35292958740393,22.05313132012484,159.3603688909801,889.2231740999996
53,78314.7002196,1,-0.7541244128490334,16.933462746313445,330.7997654100313,9.551280523667826,31.066643781087844,5.781358118504861,189.5815261698272,12.772067739134332,196.77638373916386,907.5021144999919
54,78331.9663417,1,-0.7359805035431329,99.62182281845324,283.5019913517935,7.588992440542208,19.212128644641744,9.718043434751511,177.842750244036,54.51953995015214,173.57595037503876,924.7682365999935
55,78349.7513268,1,-0.8133019878527484,98.07028143325711,321.78397565808825,9.697554312564408,18.45992620363102,4.029164083678855,111.77748167372454,42.16471363827786,155.5823877181179,942.5532217
56,78366.7196088,1,-0.7940780579820627,63.28979714132979,215.05254592958659,6.81850407936085,27.779015563895907,3.9724072560549533,185.60926970018446,62.177071405880056,187.1072752150659,959.5215037000016
57,78383.9576622,1,-0.795805078426306,50.727328458152456,225.25351015670935,9.047788020484987,28.718975000219597,3.873704893495964,188.59188844828,42.04858712826908,156.85903468910757,976.7595570999983
58,78400.7367893,1,-0.8444012024088385,98.07028143325711,330.57614742639515,9.694269507388785,18.45992620363102,4.0285546061800055,189.32823551402507,62.560980291541654,187.37378765538463,993.5386842000007
59,78421.5891629,1,-0.7713104694474208,98.07028143325711,331.0620338765054,9.596024984185245,18.09187820330396,9.305026830264458,189.3267102747345,62.44789098556739,170.87634607811862,1014.3910577999923
60,78438.996476,1,-0.8019155831119009,50.727328458152456,223.17624260192864,9.044503215309357,30.275028230181487,3.8725833139871617,188.59341368757057,42.04858712826908,156.85903468910757,1031.7983708999964
61,78456.8132935,1,-0.7121929369217097,51.233565830150475,217.55709281019392,9.697554312564408,18.45992620363102,4.02483168965943,111.77748167372454,42.04740765305025,155.55721320429197,1049.6151883999992
62,78473.7138112,1,-0.9019618793112503,98.26121765169198,327.58288298485706,8.642178241377243,29.856269988498905,3.876915708006586,177.82665706679535,42.165893113496686,156.8842092029343,1066.5157060999918
63,78491.2219519,1,-0.8133019878527484,98.07028143325711,321.78397565808825,9.697554312564408,18.45992620363102,4.029164083678855,111.77748167372454,42.16471363827786,155.5823877181179,1084.0238468000025
64,78508.4367859,1,-0.8316400073383781,98.07028143325711,331.87348323857356,9.697554312564408,18.45992620363102,4.029676185688807,189.3152169883159,69.3317951145649,187.37378765538463,1101.238680800001
65,78525.9181023,1,-0.8188215856547639,63.28979714132979,207.30858906734136,5.2304624009707,48.47520592872926,3.969164924767521,103.15460361754464,46.63398069043453,155.99714537564944,1118.7199971999944
66,78544.2775433,1,-0.8604134017370725,50.13559785586112,252.24593087462227,6.86858846755669,41.101597330266756,7.15370943109445,32.54652362362972,45.65626092308668,185.36416662599112,1137.0794382000022
67,78561.1969069,1,-0.8316748646240236,63.28979714132979,202.0547397490629,6.81850407936085,47.45584577940346,3.182814167323462,103.15460361754464,46.63398069043453,155.99714537564944,1153.9988018000004
68,78578.6950054,1,-0.846085961145315,63.28979714132979,204.00345448995597,6.81850407936085,43.53887231375401,3.969164924767521,103.15460361754464,46.63398069043453,155.99714537564944,1171.4969003000006
69,78595.7233818,1,-0.8277598917830609,98.07028143325711,315.2853508484852,8.964282122759702,18.45992620363102,3.727339960920283,198.86075607535594,60.980029293869514,187.37378765538463,1188.525276699991
70,78612.9305896,1,-0.837384501525272,98.07028143325711,331.87348323857356,9.97844296879145,18.45992620363102,4.029676185688807,189.3152169883159,70.9127460992097,187.37378765538463,1205.7324844999966
71,78630.0417416,1,-0.8622240890639468,50.716630357424364,276.51333797369045,9.03529738010604,38.07052808457654,5.108443494012536,30.53399061165007,59.337394660673134,181.82620854061548,1222.8436364999943
72,78648.3919424,1,-0.6891764638056291,50.95172410844748,217.85965891369892,5.3092032092217805,28.718975000219597,3.873704893495964,197.72189138611364,43.075245264307796,156.85903468910757,1241.1938373000012
73,78665.5244638,1,-0.8021120726490033,50.13559785586112,263.77826197972763,5.1920828659874525,40.23172617487354,6.2469204272887415,36.57955617193623,61.58505827712381,181.82620854061548,1258.3263586999965
74,78683.2300751,1,-0.8444012024088385,98.07028143325711,330.57614742639515,9.694269507388785,18.45992620363102,4.0285546061800055,189.32823551402507,62.560980291541654,187.37378765538463,1276.0319699999964
75,78700.2314191,1,-0.8452453440978573,98.07028143325711,330.57614742639515,9.694269507388785,18.45992620363102,3.9959488798938434,189.32788972671278,61.97701941949106,187.37378765538463,1293.0333140000002
76,78717.4822051,1,-0.8622846874372327,97.87072516065014,331.87348323857356,9.697554312564408,19.701726440736923,4.029676185688807,189.31556277562822,62.560980291541654,187.37378765538463,1310.2840999999898
77,78733.4608174,1,0.9181835813610681,97.51699350195331,202.3265420181437,9.664568421163025,47.45584577940346,3.969164924767521,113.45346288677783,46.63398069043453,187.50139593061434,1326.2627122999984
78,78752.2494611,1,-0.5790576621621301,63.8429882922098,338.5138986519339,6.851497981052112,18.45992620363102,4.1257977495002836,33.34551298702529,60.039088720274044,155.8935041749962,1345.0513559999963
79,78769.1522403,1,-0.7916825032592942,50.13595610459033,263.77826197972763,5.276823942170884,38.052715045494324,6.20056767650094,188.63446314444448,61.58505827712381,181.82620854061548,1361.9541351999942
80,78786.810225,1,-0.8108894517495302,50.2727154261021,276.51333797369045,5.276823942170884,40.12410427232868,5.05867468100216,39.39456724249516,69.65675923148284,181.82620854061548,1379.61211989999
81,78803.0110088,1,0.9913035935261427,98.6068070535394,252.24593087462227,9.870509732224416,41.101597330266756,3.948166036269679,32.54652362362972,45.65626092308668,185.36416662599112,1395.812903699989
82,78820.5391958,1,-0.5613077544887783,49.59774513336852,330.57614742639515,5.336207647795185,18.45992620363102,7.2340972650814175,189.32823551402507,62.560980291541654,187.37378765538463,1413.3410906999925
83,78837.6283664,1,-0.7049111128250378,63.247757752029386,332.2587812312574,9.376469870963563,18.12302764084503,4.02843177748738,96.60678567401781,46.57462419955137,157.79947521677948,1430.430261299989
84,78854.2006315,1,0.8280319716438803,98.11221523365933,204.36287786373467,7.136310050131886,47.62591171905111,3.9692877534601463,189.32823551402507,62.620336750858165,187.37378765538463,1447.0025263999996
85,78871.2963899,1,-0.7995567282480175,93.80708211979102,331.87348323857356,9.697554312564408,19.701726440736923,4.0245230293345555,190.4209218271887,43.782153958989845,154.40856355762156,1464.0982847999985
86,78888.7692102,1,-0.9419410593359638,98.26121765169198,327.58288298485706,8.642178241377243,29.856269988498905,3.8820688643608374,177.82665706679535,60.9447192266517,189.98245545373968,1481.5711050999962
87,78905.615263,1,-0.8217397485670868,98.07028143325711,330.57614742639515,9.009185946925971,18.45992620363102,3.9959488798938434,189.32788972671278,61.97701941949106,187.48453971802147,1498.4171578999958
88,78923.2973828,1,-0.8622846874372327,97.87072516065014,331.87348323857356,9.697554312564408,19.701726440736923,4.029676185688807,189.31556277562822,62.560980291541654,187.37378765538463,1516.099277699992
89,78940.3281401,1,-0.8197463065764597,60.150651577655665,204.00345448995597,6.81850407936085,37.9167786468049,3.762154985279545,102.87234378019798,46.63398069043453,155.99714537564944,1533.1300349999947
90,78957.3222302,1,-0.704078411367435,40.874642173670104,276.51333797369045,9.03529738010604,47.60613425615288,5.108443494012536,32.02065022825554,59.337394660673134,181.82620854061548,1550.1241251000029
91,78974.4581693,1,-0.8803586638023754,98.26121765169198,327.58288298485706,7.952737134179431,30.227427035110527,3.876915708006586,168.8242837171233,42.165893113496686,156.929912332893,1567.2600641999888
92,78992.3764945,1,-0.8423790713326135,63.28979714132979,204.00345448995597,6.81850407936085,43.16751946766955,3.969164924767521,112.14933732202915,46.63398069043453,155.95144224569077,1585.1783893999964
93,79009.8577756,1,-0.8518517299480652,64.027902241687,326.7856062347285,6.81850407936085,43.53887231375401,3.9685850572509604,103.15460361754464,63.86243676769448,155.99714537564944,1602.6596704999974
94,79026.2280587,1,0.6933730947474849,94.16529355505195,209.3229029678214,9.694269507388785,18.45992620363102,4.0291344736965655,189.32823551402507,45.332523916099404,187.37378765538463,1619.0299535999948
95,79043.3912766,1,-0.8247090176883196,98.07028143325711,331.87348323857356,9.97844296879145,18.45992620363102,4.029676185688807,189.3152169883159,76.25805164281003,187.37378765538463,1636.1931714999955
96,79060.4555332,1,-0.8277598917830609,98.07028143325711,315.2853508484852,8.964282122759702,18.45992620363102,3.727339960920283,198.86075607535594,60.980029293869514,187.37378765538463,1653.257428099998
97,79077.8808196,1,-0.8233112261464954,63.28979714132979,203.8188592744762,5.277942777518193,49.731004183185284,3.969164924767521,103.15460361754464,46.63398069043453,155.99714537564944,1670.6827144999988
98,79094.5216768,1,-0.833411168724585,63.28979714132979,204.61638217693732,6.77311541517046,48.4350293668327,3.969164924767521,103.15460361754464,46.63398069043453,155.99714537564944,1687.3235716999916
99,79112.3821527,1,-0.7928842571219977,96.41212284994559,326.33235683466216,9.694269507388785,18.45992620363102,3.9437079121234366,189.32823551402507,83.95399886500074,187.37378765538463,1705.1840475999925
100,79129.3719098,1,-0.8681928283313693,52.37406644230661,260.6910414987802,9.03529738010604,38.07052808457654,4.047707319850549,30.53399061165007,59.337394660673134,181.82620854061548,1722.1738046999963
101,79147.4282423,1,-0.8540755449076807,49.92040277092681,252.24593087462227,6.86858846755669,43.26579039442767,7.15370943109445,183.9135357356387,46.26942674945851,185.2322002879106,1740.230137199993
102,79164.638539,1,-0.9358114503855178,98.475320405236,327.58288298485706,8.642178241377243,27.691340693191755,3.8820688643608374,32.046499074244906,59.70101669569224,190.1144217918159,1757.440433900003
103,79181.8404593,1,-0.8622491415034146,50.459757110094,332.72203579805506,9.072650166955885,38.07052808457654,5.108443494012536,30.53399061165007,58.61511094575947,181.82620854061548,1774.6423541999975
104,79198.3219211,1,0.7789220293840335,103.38738649618494,275.59015137834285,8.604825454527399,29.856269988498905,3.8820688643608374,175.54635483565335,55.96648539883809,183.83337806405635,1791.123815999992
105,79215.9386216,1,-0.9210776598808303,97.67849888155608,337.6262071080722,6.737386485332213,44.56147451845596,3.969164924767521,103.15460361754464,46.253442888695716,155.99714537564944,1808.7405164999946
106,79233.4727395,1,-0.7519535822637771,63.48193370906992,202.61842491298427,9.921849173393417,18.65940685058515,4.029676185688807,189.31556277562822,62.94151802757243,187.37378765538463,1826.2746343999897
107,79251.1893434,1,-0.8438207032512226,98.07028143325711,331.87348323857356,9.697554312564408,18.45992620363102,3.987880211922527,194.70838835896973,62.560980291541654,187.37378765538463,1843.99123829999
108,79268.1002193,1,-0.8518517299480652,64.027902241687,326.7856062347285,6.81850407936085,43.53887231375401,3.9685850572509604,103.15460361754464,63.86243676769448,155.99714537564944,1860.9021141999983
109,79286.218602,1,-0.8814606896839472,98.28952940143972,327.6636140056079,7.952737134179431,30.227427035110527,4.021314145121739,168.32060463347875,40.875299301754325,156.80819247287454,1879.0204968999897
110,79302.8852313,1,-0.8423330147593124,98.04196968350936,330.4954164056443,9.694269507388785,18.45992620363102,3.8841561690648523,189.83145826153935,63.85157221802725,187.50895974495714,1895.6871261999913
111,79320.7107084,1,-0.9305898327224045,98.26121765169198,327.58288298485706,9.616462407950982,26.82310198656451,3.876915708006586,177.82665706679535,66.66571548574393,184.16380875805683,1913.5126032999979
112,79337.469461,1,-0.7509142794298219,90.61370590688652,330.57614742639515,8.71998534081768,18.45992620363102,4.0285546061800055,189.32823551402507,38.061128076743145,160.10327136110942,1930.2713558999967
113,79355.8146157,1,-0.8579153421072351,98.07028143325711,338.2059435240779,9.697554312564408,19.48544811742143,4.1257977495002836,33.34551298702529,60.039088720274044,187.37378765538463,1948.6165105999971
114,79372.842045,1,-0.8806054305638206,53.62197494236209,270.1682238034397,9.03529738010604,37.044973042283715,5.108443494012536,30.53399061165007,59.337394660673134,181.82620854061548,1965.6439398999937
115,79390.7294971,1,-0.8443685473377611,98.07028143325711,330.57614742639515,9.694269507388785,18.45992620363102,4.005475609859442,189.32823551402507,62.560980291541654,187.37378765538463,1983.5313919999899
116,79408.0346834,1,-0.8412726736170146,40.41313828335089,260.6910414987802,9.03529738010604,38.07052808457654,4.047707319850549,30.53399061165007,59.337394660673134,181.82620854061548,2000.83657829999
117,79426.1686923,1,-0.8551089387019583,98.07028143325711,330.57614742639515,9.694269507388785,18.45992620363102,3.9959830639283456,189.3270484110566,61.97701941949106,192.0985837758021,2018.9705871999904
118,79443.6267051,1,-0.8605512591590324,97.87072516065014,334.3219362614192,9.697554312564408,19.701726440736923,4.029642001654304,189.3164040912844,62.9984483265693,187.37378765538463,2036.4285999999993
119,79461.3643738,1,-0.9038028457217386,97.87072516065014,331.87348323857356,9.697554312564408,22.984411692577186,4.029676185688807,186.24103548123423,62.560980291541654,187.37378765538463,2054.1662686999916
120,79478.9812505,1,-0.8472136307535086,63.28979714132979,204.00345448995597,6.81850407936085,43.53887231375401,3.969164924767521,106.06629056535029,46.63398069043453,159.09182787624616,2071.783145399997
121,79496.5895784,1,-0.8368267423979702,52.74946220154432,250.55622418539343,8.730651781151956,41.18262720576417,5.108443494012536,30.637541684222235,58.61511094575947,181.83245458160906,2089.3914732999983
122,79514.4004243,1,-0.8381810039050297,50.12618854694775,334.39842973688997,7.2259124377136805,37.989498208964505,7.15370943109445,32.443353217081956,33.02659942052176,185.35792058499754,2107.2023191999906
123,79531.6545907,1,-0.9305898327224045,98.26121765169198,327.58288298485706,9.616462407950982,26.82310198656451,3.876915708006586,177.82665706679535,66.66571548574393,184.16380875805683,2124.4564855999924
124,79548.8295908,1,-0.9427413615323029,98.26121765169198,324.2214969392975,8.642178241377243,29.856269988498905,3.8820688643608374,177.82665706679535,60.9447192266517,189.98245545373968,2141.631485699996
125,79565.8881484,1,-0.8785110424918864,98.28088369437748,327.583283836352,7.940276935732772,30.01563483246579,3.8786702366432495,168.32060463347875,40.02236952349734,156.80819247287454,2158.6900432999973
126,79583.3019712,1,-0.937570087510018,98.48396611229825,327.66321315411295,8.654638439824419,27.691340693191755,4.024712772839327,32.046499074244906,60.55394623368558,192.09271718575994,2176.103866099991
127,79601.0872489,1,-0.8421901295355714,42.6186256829728,260.43544391984653,9.03529738010604,38.07052808457654,3.850395724325287,30.53399061165007,59.337394660673134,181.82620854061548,2193.889143799999
128,79618.4152092,1,-0.8750727982707431,51.622588594118234,270.42382138237355,9.03529738010604,37.044973042283715,4.956607309250563,30.53399061165007,59.337394660673134,181.82620854061548,2211.2171040999965
129,79636.0637207,1,-0.8283849214492192,97.87072516065014,331.9980010099465,8.68431339060147,19.701726440736923,3.8855870971866806,175.71619410678707,62.560980291541654,188.63222686017,2228.8656155999925
130,79654.6973568,1,-0.9062771957073428,100.25127555370713,327.4583652134841,8.795126865215122,29.856269988498905,4.021004796508712,190.16367605233103,42.165893113496686,156.85614052544776,2247.499251699992
131,79672.331557,1,-0.8794450461994682,96.37452365087468,327.58288298485706,8.642178241377243,44.6413464132209,3.887643696508139,110.3505071728589,59.70101669569224,190.1144217918159,2265.133451899994
132,79689.6322206,1,-0.8397815270492441,97.68562225267799,337.6262071080722,7.214840882714101,27.60948303234045,3.96060389195231,31.06564146114217,49.2746130539345,155.99714537564944,2282.4341155
133,79706.5656943,1,-0.8938520625874561,98.26121765169198,327.58288298485706,8.64245733057063,30.180500876246686,5.765894319887339,168.8242837171233,61.447615239240776,158.4067240812663,2299.367589200003
134,79724.2551841,1,-0.9178385340463429,92.26186136576996,327.58288298485706,7.952458044986304,29.903196147362745,3.8820688643608374,177.82665706679535,41.66299689779197,189.98245545373968,2317.057078999991
135,79741.3777413,1,-0.9019618793112503,98.26121765169198,327.58288298485706,8.642178241377243,29.856269988498905,3.876915708006586,177.82665706679535,42.165893113496686,156.8842092029343,2334.1796362000023
136,79758.7509715,1,-0.8622240890639468,50.716630357424364,276.51333797369045,9.03529738010604,38.07052808457654,5.108443494012536,30.53399061165007,59.337394660673134,181.82620854061548,2351.552866400001
137,79775.931233,1,-0.879672300839061,96.27877775806387,334.3130806685378,9.016775030327704,22.984411692577186,4.027749677357382,184.9954478977383,62.27199640649159,187.60923032616168,2368.733127899992
138,79793.8999315,1,-0.8164112012686292,55.213472978221695,270.1682238034397,9.716076662342768,38.677834232659464,5.110370002368675,35.423363042723025,59.626378545723206,181.59076586982488,2386.7018263999926
139,79813.6073538,1,-0.9041776959077807,97.87072516065014,331.8886519242687,9.697554312564408,23.05891753423998,4.029674431475139,189.26464432225524,62.560980291541654,187.37378765538463,2406.4092487000016
140,79831.8546933,1,-0.848283392947718,94.67662947800773,334.3067675757241,9.697554312564408,19.627220599075972,5.85192967846944,186.29279525025495,62.9984483265693,187.37378765538463,2424.6565881999995
141,79849.1015877,1,-0.9979375818055639,98.26121765169198,327.58288298485706,8.642178241377243,35.693124431756054,3.8820688643608374,35.20393096069181,60.91025090705367,185.10397522938337,2441.903482599999
142,79866.8994645,1,-0.8902869342191448,98.48396611229825,327.66321315411295,8.654638439824419,23.538107963650454,4.024712772839327,177.46693002891737,60.588414553283606,192.11511409374054,2459.701359400002
143,79884.0235572,1,-0.892490295007768,98.26121765169198,327.58967061939086,8.642178241377243,29.894998689804382,5.047828948115733,182.2844818163793,61.76360891452646,160.3911390439246,2476.825452099991
144,79902.3976344,1,-0.9466595572526126,98.48396611229825,327.6564255195791,8.654638439824419,28.50148486393258,4.024712772839327,32.317646797977275,40.956230007684546,188.6026058279278,2495.1995292999927
145,79919.6095483,1,-0.8829752633140033,98.28952940143972,327.6636140056079,7.986261297296789,30.227427035110527,4.021315611503705,168.32060463347875,40.860643964471876,156.80819247287454,2512.4114431999915
146,79937.4153657,1,-0.9002426377826722,100.25127555370713,327.4583652134841,8.761602702099786,29.856269988498905,4.021003330126747,190.16367605233103,42.18054845077913,154.16836599338131,2530.217260599995
147,79953.7586183,1,0.7488120356803493,98.25290865787773,327.58288298485706,8.590273205336498,26.850794690274224,2.943746487528589,182.17119570800654,66.66571548574393,184.28483279044042,2546.560513199991
148,79971.3580403,1,-0.9732135038333463,98.48362939905027,327.58288298485706,9.668367443999411,27.66364798948204,3.8820688643608374,32.35549421293392,59.70101669569224,190.1144217918159,2564.1599351999903
149,79988.8652391,1,-0.8995710010026022,98.25149643702072,327.58288298485706,8.619308581920636,26.830285332619795,3.876915708006586,180.54309354048812,66.66571548574393,184.16380875805683,2581.667134000003
150,80006.9266832,1,-0.9671780263447906,98.48504161990728,325.2915137979944,9.63933206741089,27.68415734713647,3.3645505114572307,33.010898129638534,59.70101669569224,190.30243813195185,2599.7285780999955
151,80024.5393413,1,-0.9040745169872549,97.87072516065014,331.87378046776826,9.697554312564408,23.04894051268525,4.029676434197428,189.26464432225524,62.560980291541654,187.37378765538463,2617.3412361999945
152,80042.3748352,1,-0.9037904766985484,97.87072516065014,331.888354695074,9.697554312564408,22.984411692577186,4.029674182966519,186.24103548123423,62.560980291541654,187.37378765538463,2635.1767300999927
153,80059.8992768,1,-0.9405513265123416,98.26121765169198,337.2105224424018,9.270821732042661,30.178922064975037,3.882286656684194,102.49088647318382,61.447615239240776,158.33997651360454,2652.7011716999987
154,80077.4833071,1,-0.892181028514773,97.67849888155608,327.99856764888403,6.737386485332213,44.562384142324845,5.541504929810573,169.48653659184745,45.77174061770885,150.83539704535735,2670.285201999999
155,80094.5667382,1,-0.9388766912019028,98.26121765169198,327.58288298485706,9.616462407950982,26.82310198656451,3.877339544541481,177.82665706679535,66.66571548574393,189.74617806871038,2687.3686330999917
156,80112.3849494,1,-0.9395139053812788,102.79008386839848,327.58288298485706,8.642178241377243,29.856269988498905,3.8816450278259427,177.82665706679535,60.9447192266517,184.40008614306953,2705.1868442999985
157,80129.1284525,1,-0.9401441926575117,98.26121765169198,324.2214969392975,8.642178241377243,29.4780357766811,3.8820688643608374,177.82665706679535,60.9447192266517,189.98245545373968,2721.93034739999
158,80147.382362,1,-0.9336732395000678,92.26186136576996,327.58288298485706,8.412531052705496,29.903196147362745,3.8820688643608374,177.82665706679535,40.72921003504428,189.98245545373968,2740.1842569
159,80164.5369762,1,-0.8886562472456231,98.26121765169198,324.2214969392975,8.642178241377243,29.856269988498905,4.812500592498141,177.82665706679535,60.9447192266517,156.0290858164603,2757.3388711000007
160,80182.2674581,1,-0.9476361174719474,97.67849888155608,337.6262071080722,6.737386485332213,43.8299608357577,3.969164924767521,103.15460361754464,46.253442888695716,189.9783766716555,2775.069352999999
161,80198.5943706,1,0.9938773962636323,98.48396611229825,327.66321315411295,10.636517157364539,27.691340693191755,4.024712772839327,32.046499074244906,60.90950080536935,189.34638033828435,2791.3962654999923
162,80215.9532496,1,-1.0008370270269855,98.26121765169198,327.58288298485706,9.079620755660075,35.693124431756054,3.8820688643608374,35.20393096069181,60.55469633536991,191.90009226449072,2808.755144499999
163,80233.4675307,1,-0.9405513265123416,98.26121765169198,337.2105224424018,9.270821732042661,30.178922064975037,3.882286656684194,102.49088647318382,61.447615239240776,158.33997651360454,2826.269425599996
164,80251.1057667,1,-0.9355701356098147,96.36434012397585,324.2214969392975,8.642178241377243,29.4780357766811,3.8820688643608374,188.14664956237067,60.9447192266517,189.98245545373968,2843.9076615999948
165,80268.6953559,1,-0.9466595572526126,98.48396611229825,327.6564255195791,8.654638439824419,28.50148486393258,4.024712772839327,32.317646797977275,40.956230007684546,188.6026058279278,2861.497250799992
166,80285.9317371,1,-0.9293399038478497,98.26121765169198,327.58288298485706,9.616462407950982,26.82310198656451,3.876915708006586,182.6139586769287,66.66571548574393,184.16380875805683,2878.733632000003
167,80303.4450091,1,-0.9282150107350664,93.07017505178344,327.66321315411295,8.654638439824419,27.691340693191755,4.024712772839327,32.046499074244906,60.772462679957194,192.09271718575994,2896.2469039999996
168,80321.1303756,1,-0.9434621900044826,102.25748316846399,337.6262071080722,6.737386485332213,43.8299608357577,3.1454656269486154,103.15460361754464,46.253442888695716,189.9783766716555,2913.932270499994
169,80338.8062156,1,-0.9376496007473345,97.67849888155608,337.6262071080722,6.582747516005654,43.8299608357577,3.4056074649641617,31.467128571918956,46.64753939883226,189.9783766716555,2931.6081104999903
170,80356.2258742,1,-0.9737358017251064,98.48504161990728,325.2915137979944,9.794035503688209,27.68415734713647,3.928107971261062,94.08276012479418,59.306920183555654,190.30243813195185,2949.0277690999937
171,80373.5957558,1,-0.9584987121454461,98.51340662073915,324.2214969392975,8.801749026870725,29.838604174590706,3.3359154349906905,33.591230881727896,60.93435733758418,189.98245545373968,2966.3976506999898
172,80390.5937726,1,-0.9507540594758281,98.23285265086011,325.2915137979944,9.479761281918599,27.701823161044665,3.910703940827978,180.30329144793052,59.71137858475975,190.30243813195185,2983.3956674999936
173,80408.102128,1,-0.974758020489633,103.79413762207734,337.15236424398586,9.270096817620688,30.15307105924644,3.882286656684194,100.8121486641626,61.82187759113829,184.03028021264015,3000.9040228999947
174,80425.2782396,1,-0.8788344406058851,93.24326571329982,327.64104118229216,9.617187322372954,26.848952992293082,3.876915708006586,179.48098835300905,66.29145313384534,158.4759227580699,3018.0801344999927
175,80442.9245892,1,-0.9334648813579863,98.50304346576446,327.58288298485706,8.642178241377243,27.480561940887085,3.8820688643608374,35.20393096069181,44.011575254678604,185.10397522938337,3035.7264840999997
176,80460.3301641,1,-0.9785972779917129,98.24180358497777,327.58288298485706,9.668367443999411,35.96801046623451,4.255948680787619,32.35549421293392,59.868732626727926,190.1144217918159,3053.132058999996
177,80477.7733659,1,-0.9663167968678368,98.26554341342836,327.58288298485706,8.489552059063943,37.646120094434515,3.8820688643608374,177.82665706679535,49.31215564815985,189.98245545373968,3070.5752607999893
178,80495.2057722,1,-0.9519565188935515,99.30343264470889,327.58288298485706,9.027251532503298,27.66364798948204,3.8820688643608374,32.35549421293392,60.93219410540823,190.1144217918159,3088.007667099999
179,80512.8695668,1,-0.9391980925497301,98.26121765169198,327.58288298485706,9.616462407950982,26.82310198656451,3.877339544541481,177.82665706679535,66.66571548574393,189.96735867687747,3105.671461699996
180,80529.9058646,1,-0.9414954043101805,98.26121765169198,327.58288298485706,8.642178241377243,29.856269988498905,3.8820688643608374,195.8130826959614,57.50747462565788,189.98245545373968,3122.707759500001
181,80547.5698131,1,-0.9468395754453192,98.48396611229825,327.6564255195791,8.654638439824419,28.50148486393258,4.024712772839327,32.317646797977275,40.956230007684546,189.2675735550309,3140.3717079999915
182,80564.5468651,1,-0.9785972779917129,98.24180358497777,327.58288298485706,9.668367443999411,35.96801046623451,4.255948680787619,32.35549421293392,59.868732626727926,190.1144217918159,3157.3487599999935
183,80582.6247165,1,-0.9873238338827061,103.79413762207734,332.32205539181825,9.26891423389435,31.028342232834376,3.882286656684194,82.67956969689375,61.82260378695927,184.03028021264015,3175.426611399991
184,80599.8780462,1,-0.9752858787882218,98.48504161990728,325.2915137979944,9.795218087414547,27.68415734713647,3.928107971261062,101.32098306020559,53.71664129806428,190.30243813195185,3192.6799410999956
185,80617.6511692,1,-0.9640036661578877,98.48504161990728,325.62979441903747,9.794035503688209,27.68415734713647,3.9338587543897443,177.23112634554485,50.584960397644934,190.30243813195185,3210.453064100002
186,80634.7810518,1,-0.9564366767029379,98.26121765169198,324.03944671776924,8.642178241377243,29.856269988498905,4.114092393822029,94.6608136027574,60.9447192266517,189.98245545373968,3227.5829467000003
187,80652.8675834,1,-0.9466836152989186,98.50197990564679,327.6564255195791,8.654638439824419,28.50148486393258,4.024712772839327,38.90473254871789,40.956230007684546,188.6026058279278,3245.6694782999984
188,80670.2301433,1,-0.9530085131389001,98.21483885751157,325.2915137979944,9.479761281918599,27.701823161044665,3.910703940827978,169.04186179574018,59.71137858475975,190.30243813195185,3263.032038199992
189,80687.8614373,1,-0.946280286218587,98.25504152287803,327.6578200054173,10.26505041916846,35.49755018617047,4.024712772839327,35.29092116865474,40.956230007684546,188.6026058279278,3280.663332199998
190,80705.5739487,1,-0.9697500474623639,98.49014224111218,327.58148849901886,9.220257825280889,28.697059106235766,3.8820688643608374,32.23066177754595,60.55469633536991,194.3672121160533,3298.3758435999916
191,80723.9314067,1,-0.9976348759058833,98.35768057928225,327.58288298485706,8.597765326300367,35.78566277497397,3.8820688643608374,32.35549421293392,61.25199257980207,184.35917102763423,3316.73330159999
192,80741.024941,1,-0.9538726205317707,99.20696971711864,327.58288298485706,9.071664447580176,27.57110963013619,3.8820688643608374,35.20393096069181,52.73383545688712,190.20198144321637,3333.826835899992
193,80758.4539062,1,-0.9803257084625532,98.25189475274416,325.2915137979944,10.143023575831101,27.578373923107357,3.3645505114572307,33.027784181296376,59.70101669569224,190.30243813195185,3351.255801099993
194,80775.7423092,1,-0.9077660241694454,98.4943645188551,327.58288298485706,6.7478502902861415,35.798907839042315,3.8820688643608374,35.187044933119985,60.91025090705367,185.10397522938337,3368.5442040999915
195,80793.4571851,1,-0.9676119796001258,98.48504161990728,321.19521782929087,9.63643374432306,27.68415734713647,3.3645505114572307,30.306515437211267,60.05618218162729,190.30243813195185,3386.259079999989
196,80811.2513789,1,-0.9473687119455235,98.48396611229825,327.6564255195791,8.657536762913717,28.50148486393258,4.024712772839327,32.98620478925898,40.601064416264435,190.89525809894312,3404.0532737999893
197,80828.8900706,1,-0.9732135038333463,98.48362939905027,327.58288298485706,9.668367443999411,27.66364798948204,3.8820688643608374,32.35549421293392,59.70101669569224,190.1144217918159,3421.6919654999947
198,80846.2141956,1,-0.9584987121454461,98.51340662073915,324.2214969392975,8.801749026870725,29.838604174590706,3.3359154349906905,33.591230881727896,60.93435733758418,189.98245545373968,3439.016090499994
199,80863.902417,1,-0.9971424523525242,98.52283899978697,324.2214969392975,8.461617939331356,35.88021454288776,3.905970361014684,33.591230881727896,60.562626385767985,189.93286386515865,3456.704311900001
200,80881.1545808,1,-0.9659430507206205,98.25178527264417,327.58288298485706,9.079620755660075,29.65151406204712,3.3120139383377434,35.20393096069181,60.926427287186115,191.94968385307175,3473.95647569999
201,80898.4422911,1,-0.96758521504653,98.24180358497777,303.2935933436754,9.668367443999411,35.96801046623451,4.114137192368588,32.35549421293392,59.868732626727926,190.1144217918159,3491.2441859999963
202,80915.8832192,1,-0.998294655216304,98.35768057928225,328.42133024514595,8.597765326300367,35.78566277497397,3.9922926804338807,32.35549421293392,61.25199257980207,184.35917102763423,3508.6851140999934
203,80933.1752317,1,-0.9771270870421704,103.79413762207734,337.15236424398586,9.235699003548756,30.269964644063688,4.28165481079883,100.8121486641626,61.733906908998875,184.3307777986609,3525.9771266000025
204,80951.1055657,1,-0.9751943021101197,102.60012705065554,327.58288298485706,9.702765258071341,36.19708464799265,3.856580526672985,32.35549421293392,59.95670330886733,194.3511305579678,3543.907460599992
205,80968.2621513,1,-0.9980722317001727,98.26121765169198,327.58288298485706,8.642178241377243,35.693124431756054,3.8820688643608374,34.48933325453107,60.91025090705367,185.10397522938337,3561.064046200001
206,80985.4533271,1,-0.9785972779917129,98.24180358497777,327.58288298485706,9.668367443999411,35.96801046623451,4.255948680787619,32.35549421293392,59.868732626727926,190.1144217918159,3578.2552219999925
207,81002.2992807,1,-0.9822308749418758,98.5149553680752,327.58288298485706,9.630411196713908,35.88227433218379,4.262604437721728,33.51356527227562,59.83760761653514,190.1144217918159,3595.1011755999934
208,81019.6420515,1,-0.9946282099571012,98.24968721668954,324.2214969392975,8.499574186636666,35.135162780697875,3.8993146040805753,32.43315982315226,60.593751395960766,189.93286386515865,3612.4439464000025
209,81036.9988622,1,-0.9903556393698382,98.48504161990728,321.19521782929087,10.12735989616059,27.68415734713647,4.639242700056519,30.162943286057224,60.05618218162729,190.11209241116825,3629.8007570999907
210,81054.8452741,1,-0.9747150960031726,98.48504161990728,325.2915137979944,9.795218087414547,27.68415734713647,3.8979619202645375,101.32098306020559,53.71664129806428,190.30243813195185,3647.647168999989
211,81072.1882125,1,-1.0005349545918218,98.26121765169198,327.58288298485706,9.055837124314003,35.693124431756054,3.8783777729271063,38.30458708558894,60.55469633536991,191.77903342265176,3664.9901073999936
212,81089.498973,1,-0.9649106370750655,98.48504161990728,325.62979441903747,9.817819135034329,27.68415734713647,3.9375498458234754,177.23112634554485,49.649398408763595,190.4234969737908,3682.3008678999904
213,81106.905291,1,-0.9368250970760506,98.48575218317825,327.58290679964244,9.220257825280889,25.60702765343213,4.223353376528946,44.658479239501546,60.55469633536991,191.9003118764168,3699.707185899999
214,81124.2234161,1,-1.0020582532714108,98.2656077096259,327.5814646842335,9.079620755660075,35.693124431756054,3.8820688643608374,31.55596923191878,60.55469633536991,194.3669925041272,3717.0253109999903
215,81141.2952755,1,-0.9856640807650688,98.26121765169198,327.58288298485706,9.38268422895926,34.9362597442418,3.8820688643608374,80.72969716207353,60.8934726181241,185.10397522938337,3734.0971703999967
216,81159.05694,1,-0.9672791973004283,103.79413762207734,332.32205539181825,8.528408246313223,31.028342232834376,3.882286656684194,34.63799159684283,61.83938207588884,184.03028021264015,3751.858834899991
217,81176.134494,1,-0.9969479876317268,98.52283899978697,325.2351908087461,8.461617939331356,35.88021454288776,3.905970361014684,33.591230881727896,60.562626385767985,189.93228723638973,3768.936388899994
218,81193.8565757,1,-0.9797103253092359,98.7604994112389,331.9127838882448,10.143023575831101,27.578373923107357,3.3645505114572307,33.027784181296376,59.70101669569224,190.30301476072074,3786.6584705999994
219,81211.4776515,1,-0.9804407914908716,98.25189475274416,325.05149382608164,10.143023575831101,27.578373923107357,3.3645505114572307,33.05643758987241,59.70461688421472,190.59956308423156,3804.2795463999937
220,81228.8963887,1,-0.9675872038298338,98.48504161990728,321.43523780120364,9.63643374432306,27.68415734713647,3.3645505114572307,30.28767328344891,60.0525819931048,190.30243813195185,3821.698283599995
221,81246.5006274,1,-0.9760392074398763,86.62858023046431,324.2214969392975,8.461617939331356,35.88021454288776,3.905970361014684,33.591230881727896,60.562626385767985,189.93286386515865,3839.3025223000004
222,81264.1979827,1,-0.9944175584653281,98.26121765169198,327.58288298485706,8.642178241377243,35.693124431756054,3.5608355179884343,35.20393096069181,60.91025090705367,185.10397522938337,3856.9998775999993
223,81281.7487495,1,-1.0009493601148454,98.50646821826484,325.41345571497,9.055837124314003,35.87359845367933,3.8782041613983327,33.27414986559832,60.55469633536991,191.9111953983686,3874.550644399991
224,81299.2220951,1,-0.9947444148738006,98.2775884332141,327.4046180786332,8.461617939331356,35.699740520964475,3.906143972543458,38.62170033132434,60.562626385767985,189.80012526067287,3892.0239900000015
225,81316.3551608,1,-1.0029347079668203,101.90611714308511,327.58288298485706,8.597765326300367,35.787707685470664,3.8820688643608374,30.9335800226619,61.25199257980207,185.12541089199718,3909.157055699994
226,81333.7106934,1,-0.9978183169151451,98.26121765169198,327.58288298485706,8.642178241377243,35.69107952125937,3.8820688643608374,34.62821315477565,60.91025090705367,184.3377353650204,3926.5125883
227,81351.4582621,1,-0.8907899324658278,98.26121765169198,328.51367635208885,6.517143576371904,35.693124431756054,3.8820688643608374,34.48933325453107,55.896040306097234,182.88890574956613,3944.260156999997
228,81368.8818851,1,-0.9822308749418758,98.5149553680752,327.58288298485706,9.630411196713908,35.88227433218379,4.262604437721728,33.51356527227562,59.83760761653514,190.1144217918159,3961.683779999992
229,81386.5558507,1,-0.966756314725128,98.52283899978697,327.70039840664396,7.732364773665815,35.88021454288776,3.905970361014684,33.591230881727896,60.562626385767985,191.85226699334802,3979.357745599991
230,81404.0365682,1,-1.0004932201301706,98.26121765169198,325.1176753869592,9.079620755660075,35.693124431756054,3.8820688643608374,35.20393096069181,60.55469633536991,189.98011250753243,3996.8384630999935
231,81422.1099262,1,-0.9985335268430525,98.2656077096259,327.5814646842335,8.63962608836314,35.693124431756054,3.8820688643608374,31.55596923191878,60.56004451983573,184.72784325355858,4014.9118211000023
232,81438.8427228,1,-1.0016112236387573,98.26121765169198,327.58288298485706,9.08217290867418,35.693124431756054,3.8820688643608374,35.20393096069181,59.96737630149874,194.74312440470794,4031.644617699989
233,81456.8427769,1,-0.9981469285493905,98.35768057928225,328.42133024514595,8.599335592683394,35.69389117796289,3.9922926804338807,32.35549421293392,61.25199257980207,184.68360642290625,4049.6446717999934
234,81474.1190698,1,-1.0001517537161326,98.26121765169198,327.58288298485706,9.054266857930978,35.78489602876714,3.8783777729271063,38.30458708558894,60.55469633536991,192.25076021053619,4066.9209646999952
235,81492.1459775,1,-0.992121965776867,98.24968721668954,332.0699141785769,8.499574186636666,35.135162780697875,3.8993146040805753,32.43315982315226,60.593751395960766,189.93286386515865,4084.947872399993
236,81510.9276984,1,-0.9803257084625532,98.25189475274416,325.2915137979944,10.143023575831101,27.578373923107357,3.3645505114572307,33.027784181296376,59.70101669569224,190.30243813195185,4103.729593299999
237,81529.0502989,1,-0.9939881834639306,98.2656077096259,324.4394504559631,8.473207732557457,35.10711092210031,3.8820688643608374,31.55596923191878,63.798442573577866,194.3669925041272,4121.85219379999
238,81546.3876775,1,-1.000106419398251,98.24968721668954,327.36351116756794,9.105987209739316,35.72117629035362,3.8993146040805753,32.43315982315226,62.93470122810804,189.93286386515865,4139.189572399991
239,81563.6380084,1,-0.9557575463427435,98.35543517929256,324.9422243734599,10.157869532969798,34.93188857475237,3.3645505114572307,32.34854228219389,59.70723710371132,190.59956308423156,4156.439903299994
240,81580.8042965,1,-0.9359057533347256,96.45748363561681,328.5305996977677,8.582919369438246,28.432148112961656,3.9922926804338807,33.063389520616575,61.24937236030547,184.35917102763423,4173.606191400002
241,81598.363208,1,-1.0002411841107814,98.2638855771757,325.3428662908657,9.055837124314003,35.664745813630276,3.8782041613983327,33.27414986559832,68.46797618038711,191.91151768025927,4191.165102899991
242,81615.5029849,1,-0.9998624788364195,98.50380029278114,327.6534724089613,9.079620755660075,35.901977071805106,3.8820688643608374,35.20393096069181,60.55469633536991,191.89976998260002,4208.3048797999945
243,81633.4569026,1,-0.9907477828528083,98.2656077096259,336.70945016324777,9.434091098815198,35.693124431756054,3.8820688643608374,31.55596923191878,60.56039357986709,194.3669925041272,4226.2587974999915
244,81650.7448914,1,-0.9996166244494171,98.2656077096259,318.64212966981654,8.63962608836314,35.693124431756054,3.8820688643608374,31.55596923191878,60.55434727533855,184.72784325355858,4243.546786299994
245,81668.459093,1,-0.9750676559872681,98.35768057928225,346.18952741834346,8.599335592683394,35.69389117796289,3.0983168391083233,32.35549421293392,61.25199257980207,184.68186418289983,4261.260987899994
246,81685.9542763,1,-0.9818001636675251,91.06289208256231,322.7120673383526,9.337150873100631,35.69107952125937,3.8820688643608374,34.62821315477565,60.91025090705367,183.72306411375018,4278.756171200002
247,81703.5246514,1,-0.9973441084964115,98.26713350161596,325.1176753869592,8.59857059704795,35.693124431756054,3.875734969121964,35.20393096069181,60.531026336960096,184.4836726694893,4296.326546299999
248,81720.9393035,1,-1.0017269355555658,98.35176472935827,328.42133024514595,9.08038575129552,35.69389117796289,3.998626575672754,32.35549421293392,62.18681819481232,190.18004626092477,4313.741198399992
249,81738.59171,1,-0.9974905220287797,98.27644163180234,327.58288298485706,8.597765326300367,35.697090699981025,3.8820688643608374,32.24451891450811,61.25199257980207,185.13083060539276,4331.393604899989
250,81755.4633602,1,-1.003670164673171,101.89528322090837,327.5814646842335,8.63962608836314,35.7837414172457,3.8820688643608374,31.55596923191878,60.56004451983573,184.722423540163,4348.265255099992
251,81773.3375867,1,-1.0020492476806366,98.53325828274733,325.41345571497,8.989967009766644,35.87359845367933,3.8782041613983327,33.27414986559832,60.51506529734394,191.9111953983686,4366.139481599996
252,81790.27045,1,-0.969496704118475,98.49167416309197,327.58288298485706,8.135451781261622,35.693124431756054,3.066312058723894,34.48933325453107,60.94988194507965,185.10397522938337,4383.0723448999925
253,81808.7335588,1,-1.0002587559067528,98.36144588008904,327.5730679209487,9.074042134604452,35.7846884050835,3.99446835514788,31.614091393227913,61.25199257980207,184.35333736229563,4401.535453699995
254,81825.7951291,1,-0.9998621614375408,98.26184240881912,328.42972700843075,8.60334394735599,35.69409880164653,3.8798931896468383,32.29737205202896,60.55469633536991,194.37282612970924,4418.597024000002
255,81843.6640418,1,-1.0015526540614987,101.90118219157806,327.58288298485706,8.603517328574934,35.69107952125937,3.846232727507199,34.62821315477565,61.258576556363145,184.35660988501508,4436.465936699999
256,81859.8769902,1,0.9954942868032947,115.44780995622848,327.58288298485706,8.636426239102676,35.40217354942648,3.8820688643608374,30.9335800226619,60.9036669304926,185.12541089199718,4452.678885100002
257,81877.5713287,1,-0.9906002719888433,90.49926321561986,325.1176753869592,9.079620755660075,35.693124431756054,4.244209087944275,35.20393096069181,60.55469633536991,189.98011250753243,4470.373223599992
258,81894.9459308,1,-1.0039709577931526,98.26121765169198,327.58288298485706,9.08217290867418,35.693124431756054,4.275273715890771,35.20393096069181,61.68382676764745,194.74312440470794,4487.747825699989
259,81912.4420591,1,-0.9999831406094459,98.26121765169198,327.58288298485706,9.056269858903569,35.78489602876714,3.8783777729271063,38.30458708558894,60.55469633536991,191.7437224532757,4505.2439539999905
260,81929.8756076,1,-0.9882567819722043,98.26121765169198,327.58288298485706,9.05383412334141,36.92049162547428,3.8783777729271063,38.30458708558894,72.52173638813483,192.28607117991228,4522.677502499995
261,81947.2563236,1,-1.0015139726318436,98.53325828274733,325.47797073383896,8.989967009766644,35.87359845367933,3.896515467725098,33.27414986559832,64.09293778480176,191.9111953983686,4540.058218499995
262,81965.2005458,1,-1.0030577857247063,98.26121765169198,327.51836796598803,9.08217290867418,35.693124431756054,4.256962409564006,39.47943406501429,61.68382676764745,194.74312440470794,4558.002440700002
263,81982.2324486,1,-0.9940652140307067,98.2656077096259,327.5814646842335,9.079620755660075,31.850951096405915,3.8820688643608374,31.55596923191878,56.08930429531519,194.3669925041272,4575.034343499996
264,81999.0364464,1,0.9914984141902905,113.82883575430559,327.5814646842335,8.63962608836314,35.7837414172457,3.8820688643608374,33.67806581206762,53.12986773635191,184.722423540163,4591.838341299997
265,82019.6666118,1,-0.972345746914764,83.48689956599722,327.5730679209487,9.074042134604452,35.7846884050835,3.9865407740895558,31.614091393227913,61.31781846657222,183.457479180021,4612.4685066999955
266,82038.8036399,1,-1.0024529072425254,98.36062196823214,327.73296241034325,9.079620755660075,35.693124431756054,3.889996445419162,31.55596923191878,60.55469633536991,195.26285017114208,4631.605534799994
267,82056.5004412,1,-0.9975473880224965,98.26121765169198,327.58288298485706,9.082553721819751,35.78052676143722,3.7038908218375046,38.30458708558894,61.670079379031556,191.70660536008762,4649.302336099994
268,82073.7611578,1,-1.0078902307898432,98.26121765169198,327.58288298485706,9.055889045757999,34.79564514158433,4.4497606669831855,35.20393096069181,60.568443723985816,194.7802414978957,4666.563052700003
269,82091.0899232,1,-1.002108689792258,102.46674230472708,327.5970230345424,8.550838781989274,35.87359845367933,3.8782041613983327,33.27414986559832,60.52714821921099,183.92039778305235,4683.89181809999
270,82108.8914806,1,-0.9998081430588595,97.94090810510707,325.3993156652846,9.10851567089967,35.69107952125937,3.846232727507199,34.62821315477565,61.28612467252206,192.3474074959139,4701.693375499992
271,82125.8604229,1,-1.0016854355672062,98.35264246317294,325.52025469647583,9.074042134604452,35.87382753254622,3.99446835514788,31.614091393227913,61.25199257980207,192.2288773572078,4718.662317800001
272,82143.7216939,1,-0.9934992240083134,94.12243311753343,327.4662689394429,8.991855259045911,35.78445932621661,3.8782041613983327,33.27414986559832,60.51506529734394,184.03565540051295,4736.5235888000025
273,82160.8795168,1,-1.0002277470641303,98.26121765169198,325.1176753869592,9.063210240916558,35.783833337137416,3.8820688643608374,35.20393096069181,60.55469633536991,189.98011250753243,4753.681411700003
274,82178.0298288,1,-1.0038545346519705,101.89528322090837,327.5814646842335,8.656036603106662,35.69303251186434,3.8820688643608374,31.55596923191878,60.56004451983573,184.87097176115398,4770.831723700001
275,82195.1893228,1,-1.001548880566232,98.26121765169198,327.58288298485706,9.081941775181809,35.693124431756054,3.8818331037572746,35.26782135622918,59.99396017764186,194.74312440470794,4787.991217699993
276,82212.7973965,1,-1.0011864217142656,98.50646821826484,325.41345571497,9.056068257806375,35.87359845367933,3.878439922001896,32.026067770986735,60.52811245922678,191.9111953983686,4805.599291399994
277,82230.0745756,1,-0.9945823426130426,101.90611714308511,327.58288298485706,8.348108644457778,35.787707685470664,3.8820688643608374,32.39867719278988,61.26699920080343,182.0347933153598,4822.876470499992
278,82247.4613087,1,-1.002081356048987,98.35176472935827,328.42133024514595,9.079116120774671,35.69389117796289,3.998626575672754,30.723705281677717,62.17181157381095,190.18004626092477,4840.2632035999995
279,82264.9381065,1,-0.9914722607929993,101.87050325779951,327.58288298485706,8.273453884912744,35.69107952125937,3.880750358187312,34.62821315477565,61.26625562103821,184.35660988501508,4857.740001400001
280,82282.4744126,1,-0.9946123507205666,98.29189658547023,327.58288298485706,8.59990880598181,34.714382425849706,3.758926244508532,31.85884127787698,58.6386326465587,191.90009226449072,4875.276307499997
281,82299.9007676,1,-1.006687218584901,101.89528322090837,327.58301786206243,8.656036603106662,35.693123943932584,4.563456545000773,31.55596923191878,62.406621611852906,184.87097176115398,4892.7026625
282,82318.163965,1,-0.9931541098552967,98.26121765169198,327.58132980702817,8.302498509102127,35.69303299968781,4.275273715890771,35.20393096069181,60.58038110920156,194.74312440470794,4910.965859899996
283,82335.1483657,1,-1.0003586457731244,98.35176472935827,328.42133024514595,9.067377829809722,35.69445897512296,3.998626575672754,32.35549421293392,62.20889332652037,183.93987031836085,4927.950260600002
284,82352.7263437,1,-1.0041130200883408,102.46674230472708,327.5970230345424,8.563846703475075,35.873030656519255,3.8782041613983327,33.27414986559832,60.505073087502936,190.16057372557358,4945.528238599989
285,82369.5075025,1,-1.001988850466722,98.35903787972752,327.73296241034325,9.08036764584149,35.693124431756054,3.8259158861732683,30.578304730766206,60.55469633536991,195.37796494100218,4962.309397399993
286,82386.8683165,1,-1.0013048839707113,98.35334881786288,328.42133024514595,9.079638861114107,35.69389117796289,3.998865610261873,34.36189238261663,62.18681819481232,190.0649314908748,4979.670211399993
287,82404.1650681,1,-1.0087476666993225,98.36702621001614,327.58288298485706,9.079867280919531,34.79564514158433,4.4497606669831855,31.452318526023785,60.568443723985816,194.75808690716096,4996.966962999999
288,82420.7054302,1,0.9917392242951762,110.07970407191132,327.73296241034325,9.055642520498543,35.693124431756054,3.889996445419162,35.30784681147066,60.55469633536991,195.28500476187682,5013.507325099999
289,82437.8565922,1,-0.9812840308702662,98.35176472935827,328.42133024514595,8.069390603687726,35.789938549932174,4.003061218560272,30.723705281677717,62.17181157381095,190.18004626092477,5030.658487099994
290,82454.25797,1,1.0097495705220234,101.90611714308511,327.58288298485706,10.107621054716427,35.69166031350139,3.8776342214733193,30.9335800226619,61.25199257980207,185.12541089199718,5047.059864900002
291,82471.8588728,1,-1.0015233398550714,101.78412554915835,327.5814646842335,8.656036603106662,35.708308708496375,3.8820688643608374,31.55596923191878,59.817505807194856,176.16780483710778,5064.660767699999
292,82488.6606629,1,-0.9975512131002264,98.37237532344173,299.16098111264455,9.08217290867418,35.693124431756054,4.275273715890771,35.20393096069181,61.68382676764745,195.09012838725445,5081.462557799998
293,82505.0420187,1,0.9966517195046966,111.4502498193303,327.5814646842335,8.63962608836314,35.7837414172457,3.8820688643608374,31.42720010759655,60.56004451983573,184.722423540163,5097.843913599994
294,82523.0759087,1,-1.0078470806438267,98.26121765169198,327.8188003879586,9.055889045757999,34.79564514158433,4.4497606669831855,35.20393096069181,60.568443723985816,194.7802414978957,5115.8778036
295,82544.2436209,1,-0.9965123440717681,98.35264246317294,327.42421372953925,9.285380979479315,35.873855671519664,3.99446835514788,30.258442662454186,61.734116382659565,192.11591311443254,5137.045515799997
296,82568.4907314,1,-1.0029990289111528,98.26121765169198,325.6144089329247,9.08217290867418,35.69309629278261,4.256962409564006,41.27770302319991,61.20170296478996,194.8560886474831,5161.292626299997
297,82587.3409543,1,-1.0008339139432703,98.53325828274733,325.47797073383896,9.08585343491845,35.87359845367933,3.881941757385043,31.605346966532675,60.60397823060876,191.94817404469455,5180.142849199998
298,82606.8959272,1,-1.0024082544501627,98.2656077096259,327.5814646842335,8.983734330508268,35.693124431756054,3.896642574700893,33.224772555731455,64.04365588956291,194.33001385780125,5199.697822100003
299,82624.678605,1,-0.9813888838121552,98.26121765169198,320.3027357820576,9.639516432949556,35.693124431756054,3.8820688643608374,35.20393096069181,59.96737630149874,198.49597844328514,5217.48049989999
300,82641.6384777,1,-0.9926313392466132,98.2656077096259,327.5814646842335,9.427857495944231,35.693124431756054,3.8820688643608374,31.55596923191878,60.55469633536991,194.72854729724875,5234.440372600002
301,82658.8614861,1,-1.0045977085753257,101.12621949751804,327.58301786206243,8.656036603106662,35.6931241343577,4.560405903517962,31.882400272996517,62.406621611852906,181.0993244018999,5251.663380999991
302,82676.3451842,1,-1.0073243829252059,98.26121765169198,325.6144089329247,9.08217290867418,34.89684843607034,4.260013051046817,33.35624406792712,61.20170296478996,193.67524214621739,5269.147079100003
303,82693.6160971,1,-1.006065229623555,101.89528322090837,327.5828230152349,9.016676566196304,35.31956614012212,3.8820688643608374,35.23790341655266,60.56004451983573,184.87097176115398,5286.417992000002
304,82710.302764,1,-0.9583419245427565,98.26121765169198,327.5815246538557,7.6946333107614135,34.79564514158433,4.4497606669831855,31.522135144122743,60.568443723985816,189.00456471516137,5303.104658899989
305,82727.6480141,1,-0.980550867650582,98.36169295868176,325.41345571497,9.613960128378194,35.87359845367933,3.8298051750439766,33.27414986559832,60.51506529734394,194.55640496564146,5320.449909000003
306,82744.6678612,1,-1.0085963872063033,98.5385915340817,327.58288298485706,9.079867280919531,34.79564514158433,4.498159653338045,31.452318526023785,60.133387670268085,192.112877339888,5337.469756099992
307,82762.3131271,1,-1.0054568968247588,98.26121765169198,325.69909763372453,9.055880625015158,35.75748597305264,4.4497606669831855,32.10890268299461,60.568443723985816,194.7802414978957,5355.115021999998
308,82780.8864397,1,-1.0030008904703032,98.26121765169198,327.73411168715876,9.08218132941702,34.731255461314305,4.256962409564006,54.46406729649841,64.60827792286157,194.8560886474831,5373.688334599996
309,82801.8220967,1,-1.0014187962965067,100.16941924585299,327.5814646842335,8.63962608836314,35.7837414172457,3.8820688643608374,31.55596923191878,60.56004451983573,184.722423540163,5394.62399159999
310,82820.3752837,1,0.9879379092698606,109.29892432938132,327.8188003879586,8.681760201109157,34.79564514158433,4.4497606669831855,35.20393096069181,60.568443723985816,194.7802414978957,5413.177178600003
311,82840.6960776,1,-0.9983434425416929,98.43883941078035,327.7185331487324,8.528792693503885,35.90456822831631,3.8782041613983327,30.82238434153642,60.505073087502936,190.16057372557358,5433.497972500001
312,82860.7708059,1,-1.0044778621018011,102.38852486217736,327.6114522961533,9.11467476563128,36.046935491124074,3.889996445419162,31.55596923191878,60.55469633536991,195.26285017114208,5453.572700799996
313,82881.2356713,1,-1.002108689792258,102.46674230472708,327.5970230345424,8.550838781989274,35.87359845367933,3.8782041613983327,33.27414986559832,60.52714821921099,183.92039778305235,5474.037566200001
314,82899.8097367,1,-1.002496112709308,101.90611714308511,327.58288298485706,8.597765326300367,35.787707685470664,3.833106851479107,30.9335800226619,61.25199257980207,185.12541089199718,5492.611631599997
315,82916.6129496,1,-1.0024109069881328,102.46674230472708,327.5841991917565,8.550838781989274,35.78836852808794,3.8782041613983327,30.280755126647772,60.56853331695133,183.92039778305235,5509.414844500003
316,82933.6701935,1,-1.002843318130556,101.90611714308511,327.59570682764297,8.597765326300367,35.87293761106204,3.8820688643608374,32.56741902469007,61.21060748206173,185.12541089199718,5526.472088399998
317,82951.310634,1,-1.0041130200883408,102.46674230472708,327.5970230345424,8.563846703475075,35.873030656519255,3.8782041613983327,33.27414986559832,60.505073087502936,190.16057372557358,5544.11252889999
318,82968.6186725,1,-1.0155501554061057,103.12115044760418,327.58288298485706,9.055889045757999,34.79564514158433,4.4497606669831855,35.20393096069181,53.50545217761656,195.42803084169057,5561.420567399997
319,82986.1862911,1,-1.0066499269798563,98.36702621001614,326.10011564890283,9.079867280919531,34.79564514158433,4.456875804258703,31.565664926849045,60.568443723985816,185.22674634058086,5578.988186000002
320,83003.3606571,1,-1.009242246884768,101.89528322090837,327.58288757072563,8.656036603106662,35.693123943932584,4.563456545000773,30.357908107121983,62.406621611852906,194.40231228811166,5596.162551999994
321,83021.2718632,1,-1.0051411019863596,102.54362117300447,327.5970230345424,8.574849387389728,35.873030656519255,3.8771196195223716,33.35546935160769,60.505073087502936,192.90809286614243,5614.073758099999
322,83038.3504407,1,-1.0060262027258395,98.18433878341044,325.6144089329247,9.071170224759527,33.913085850381485,4.26109759292278,33.27492458191775,61.20170296478996,190.3284626803261,5631.152335599996
323,83057.3295344,1,-1.0040014553132641,98.54824300417104,327.58288298485706,9.080330633587534,34.79564514158433,3.8102663091473272,35.20393096069181,60.59415899565501,192.18345453643877,5650.131429300003
324,83074.5623472,1,-1.0088893661319809,98.25156618160264,327.58288298485706,9.055425693089996,34.79564514158433,4.851636580261412,30.59235312137681,60.10767239859889,194.7096643013449,5667.364242099997
325,83092.206735,1,-0.974938579757376,88.63745523745895,327.56636939744277,9.055451939366609,31.528338815493694,4.4275096975909385,31.859630469744815,60.568443723985816,194.7802414978957,5685.008629899996
326,83109.6737007,1,-1.00325833535369,101.18033066996622,325.71574609834414,8.65646528875521,35.143583323280694,4.58265687291021,32.131672486246316,62.406621611852906,181.0993244018999,5702.475595600001
327,83127.5612678,1,-1.0179707875079966,105.41405523930052,327.58288757072563,9.065154574914907,34.73968385254938,4.592286242327612,30.30374396580121,62.406621611852906,194.77841626333355,5720.3631626999995
328,83144.0815056,1,-1.0018522690744147,98.26121765169198,327.8188003879586,8.646771073949754,35.74908523296752,4.420930969656347,47.87336413670623,60.568443723985816,194.52018059421854,5736.883400499995
329,83161.9937195,1,-1.0087556963401911,102.46674230472708,327.5970230345424,9.132196706945479,34.89862187237567,4.131548903114909,35.11266804798776,60.505073087502936,182.10989374640198,5754.795614399991
330,83179.5590877,1,-1.0001060801283403,98.26121765169198,327.5466950549994,8.48753904228764,35.77005392572791,4.3721200067171155,33.36541278167694,60.568443723985816,194.8090945692993,5772.360982600003
331,83198.760626,1,-0.995551207098512,102.06437936916475,340.41695821309406,9.114644676427563,36.046935491124074,3.636492613753817,31.55596923191878,60.55440563903282,185.13442706517853,5791.562520899999
332,83216.1626505,1,-1.014111252597936,102.1132410253992,326.10011564890283,9.079897370123248,34.79564514158433,4.4572420335846115,31.565664926849045,60.56873442032291,195.35516935129849,5808.964545399998
333,83233.876471,1,-1.0023248669323004,98.577704829181,327.58287554745954,8.656036603106662,35.641859966679654,4.557125676846209,31.55596923191878,60.58730348391264,184.87097176115398,5826.678365899992
334,83251.8221998,1,-1.0114836992261973,101.68460460174333,324.6964528386711,9.285365622087248,34.84690911883725,4.456091535137749,31.452318526023785,62.38776185192608,194.75808690716096,5844.62409469999
335,83269.5419147,1,-1.008019392870438,98.26121765169198,327.5973502785043,9.055880625015158,34.79599827185331,4.4497606669831855,35.167559256611916,60.04707716366438,194.7802414978957,5862.343809600003
336,83286.7850306,1,-1.009602060174442,100.72168986819597,325.6846303400774,9.055889045757999,35.75713284278366,4.4497606669831855,31.80726506660586,54.02681873793509,195.42803084169057,5879.5869255
337,83304.3905619,1,-1.0155501554061057,103.12115044760418,327.58288298485706,9.055889045757999,34.79564514158433,4.4497606669831855,35.20393096069181,53.50545217761656,195.42803084169057,5897.192456799996
338,83321.7189902,1,-1.009242246884768,101.89528322090837,327.58288757072563,8.656036603106662,35.693123943932584,4.563456545000773,30.357908107121983,62.406621611852906,194.40231228811166,5914.520885099992
339,83339.7923727,1,-1.0075741287585758,101.89528322090837,327.58301786206243,8.656036603106662,35.693123943932584,4.563456545000773,31.55596923191878,57.23292519727522,184.87097176115398,5932.594267599998
340,83358.5267626,1,-1.0038545346519705,101.89528322090837,327.5814646842335,8.656036603106662,35.69303251186434,3.8820688643608374,31.55596923191878,60.56004451983573,184.87097176115398,5951.328657499995
341,83377.6979058,1,-0.9721524306910395,102.1132410253992,326.10011564890283,7.850266513255421,34.79564514158433,4.4572420335846115,31.565664926849045,66.6295153468199,195.35516935129849,5970.499800699996
342,83394.7477985,1,-1.009242246884768,101.89528322090837,327.58288757072563,8.656036603106662,35.693123943932584,4.563456545000773,30.357908107121983,62.406621611852906,194.40231228811166,5987.549693399997
343,83412.9261793,1,-1.0089238836080792,101.89528322090837,327.58288757072563,8.637205904274955,35.71973189533223,4.563456545000773,30.2897313101056,62.406621611852906,194.40231228811166,6005.7280742
344,83430.3748172,1,-1.0180921466328845,105.41405523930052,327.58288757072563,9.083985273746615,34.713075901149736,4.592286242327612,30.304639475787717,62.406621611852906,194.77841626333355,6023.176712100001
345,83447.9920963,1,-1.009696493016324,101.46524638391459,324.6964528386711,9.285365622087248,34.84690911883725,4.456091535137749,31.452318526023785,62.38776185192608,187.89441472569135,6040.7939912
346,83465.2095492,1,-1.0179707875079966,105.41405523930052,327.58288757072563,9.065154574914907,34.73968385254938,4.592286242327612,30.30374396580121,62.406621611852906,194.77841626333355,6058.01144409999
347,83482.8530474,1,-1.0067964662014854,101.89528322090837,327.58301786206243,8.656036603106662,35.693123943932584,4.563456545000773,31.55596923191878,57.23292519727522,181.9140301290478,6075.654942299996
348,83500.2944919,1,-0.9972158451488292,104.68955636901441,327.58288298485706,8.295902114274703,34.79564514158433,4.4497606669831855,35.20393096069181,53.50545217761656,195.26638049605165,6093.096386799996
349,83517.8836599,1,-0.9962927873223172,98.36633187953458,327.58288298485706,9.56885066356122,35.20571836702973,4.498159653338045,31.255131539485085,60.133387670268085,192.112877339888,6110.685554800002
350,83535.1219974,1,-1.008268908705479,98.53928586456325,328.26502543264223,9.079867280919531,34.79564514158433,4.4497606669831855,30.93538101539963,61.426906297452945,192.05445968470528,6127.923892299994
351,83552.9372351,1,-1.014303486113873,103.30789887123929,327.58288298485706,9.079867280919531,35.05582936614594,4.498159653338045,35.832598325600856,60.8941544751331,195.5880721618272,6145.739130000002
352,83570.2634853,1,-1.0089163237211136,98.3518431104167,327.58288298485706,9.055889045757999,34.79564514158433,4.4497606669831855,30.833198761367782,53.50545217761656,191.95283601974668,6163.0653802000015
353,83587.6158425,1,-1.0157638461249572,103.12115044760418,325.7094499883716,9.07281475867202,34.79564514158433,4.4497606669831855,35.20393096069181,53.50545217761656,195.42803084169057,6180.417737399999
354,83605.0138175,1,-1.009615801031836,100.72168986819597,327.5580633365629,9.055889045757999,35.75713284278366,4.4497606669831855,31.80726506660586,52.91117666204325,195.42803084169057,6197.815712399999
355,83622.1731881,1,-1.0072547506462144,101.68188508647172,327.58288757072563,8.656036603106662,35.72049483167531,4.565191148391552,30.37722882311654,62.406621611852906,187.0064242973806,6214.9750829999975
356,83639.6603307,1,-1.011905130738432,101.89800273617998,324.6964528386711,9.285365622087248,34.819538231094526,4.45435693174697,31.43309254355386,62.38776185192608,194.75808690716096,6232.4622256
357,83656.6557193,1,-1.0011562112721555,98.14033591167625,327.59755018551505,8.656036603106662,34.76869662741991,4.563456545000773,30.87235542225586,60.128465022519386,194.40231228811166,6249.4576142000005
358,83674.1239047,1,-1.009400401850962,102.01616496092313,319.7919349279551,9.055880625015158,35.72042558836599,4.4497606669831855,34.6729881581937,62.32523375299791,194.7802414978957,6266.925799599994
359,83691.2236577,1,-1.0134192819755545,102.09952413055171,326.7405462206506,9.073122779163096,34.78053902451649,4.4572420335846115,34.901724678189375,60.50887650073637,194.66188705277142,6284.025552599996
360,83711.1015842,1,-1.005811984990358,102.48045919957457,327.5970230345424,9.13897129790563,34.91372798944351,3.6850001635018055,31.389998396259735,60.56493100708948,182.80317532637747,6303.903479100001
361,83728.9670604,1,-1.0135249330869456,101.76009671113565,325.64034817849245,9.07281475867202,34.79564514158433,4.4497606669831855,35.87399255925809,53.50545217761656,193.35696172947246,6321.768955299995
362,83746.6647069,1,-1.0136062392077503,103.25905647264852,324.7655546485503,9.285365622087248,34.819538231094526,4.45435693174697,30.775543175297916,62.38776185192608,194.74042256084687,6339.466601799999
363,83762.9698334,1,0.9852693973114084,114.1822990190097,314.4550274271805,8.986325057202695,34.79564514158433,4.4497606669831855,35.20393096069181,53.50545217761656,195.42803084169057,6355.771728299995
364,83780.8039678,1,-1.009696493016324,101.46524638391459,324.6964528386711,9.285365622087248,34.84690911883725,4.456091535137749,31.452318526023785,62.38776185192608,187.89441472569135,6373.605862700002
365,83796.7117104,1,0.9963178882821542,105.40283127693029,327.58288298485706,9.60230391514356,34.74253705072506,4.498159653338045,35.868815822997725,60.8941544751331,191.1664789942439,6389.513605300002
366,83814.1646761,1,-1.0151802262650038,103.31912283360951,327.58288757072563,9.064607615726041,35.05297616797027,4.592286242327612,30.315717452689622,62.406621611852906,195.56283809951597,6406.966570999997
367,83830.2022409,1,0.9889888251175426,105.50614435142164,318.6271407689169,9.057086745333635,34.79591144952842,4.4497606669831855,35.20393096069181,53.50545217761656,194.84780314134466,6423.004135800002
368,83848.021708,1,-1.0154332402990538,103.02906133548301,327.5828879615836,9.082787574170979,34.71280959320565,4.592286242327612,30.304639475787717,62.406621611852906,195.3586439636795,6440.823602899996
369,83864.631516,1,-1.0125131542572483,101.82794874748838,326.09053336617103,9.065154574914907,34.83418971491432,4.190255453417043,31.51316228110602,60.5955841568193,194.77841626333355,6457.43341089999
370,83881.9367751,1,-1.0096040330497762,99.93710756294416,327.5924698534575,9.083853703880903,34.744236698427635,4.4572420335846115,36.79838818701303,62.379771875356525,193.32525309986795,6474.7386699999915
371,83899.004321,1,-1.0128949876426139,105.38753044352373,325.1366822863271,8.692214813271926,34.80013111422594,4.584566063543735,30.305559940741286,54.87841210772651,195.42803084169057,6491.8062158999965
372,83916.7151662,1,-1.0142416465706652,103.14767524338096,328.1556552727701,9.065154574914907,34.73519787990778,4.457480845767063,35.24066464467153,62.491671077016875,194.77841626333355,6509.517061099992
373,83934.2543724,1,-0.9918467738311479,102.11432943268699,327.65942253370764,9.083985273746615,30.772469703283313,4.592286242327612,30.304639475787717,60.61652140851204,190.718957146132,6527.056267299995
374,83951.9791997,1,-1.0177070782406594,105.39924993716433,326.6640112576685,9.073122779163096,34.78053902451649,4.4572420335846115,34.901724678189375,56.86735040324202,194.13651976343834,6544.781094599995
375,83969.1425171,1,-1.0142328835894097,102.1132410253992,326.10011564890283,9.079897370123248,34.79564514158433,4.4572420335846115,31.565664926849045,60.56873442032291,195.93760080107756,6561.944411999997
376,83986.5299908,1,-1.0183813953146907,105.41405523930052,327.58288757072563,9.065154574914907,34.73968385254938,4.592286242327612,30.30374396580121,59.73102441411496,194.77841626333355,6579.331885699998
377,84003.7227776,1,-1.0127472836207903,102.06366701363588,319.77727081250566,9.055880788938495,34.95188478117947,4.4497606669831855,34.6729881581937,62.32523375299791,194.7996334603317,6596.524672500003
378,84020.4939069,1,-1.0145726191544029,103.07364839489144,327.297102124035,9.055888881834662,35.21446416433823,4.4497606669831855,35.20393096069181,53.50545217761656,195.4086388792546,6613.295801799992
379,84037.9625772,1,-1.0093896460189575,102.01616496092313,319.7919349279551,9.05662274887561,35.72042558836599,4.449777827510904,34.6729881581937,62.32523375299791,194.7802414978957,6630.764472099996
380,84055.0657028,1,-1.0131668308831863,102.09952413055171,326.7405462206506,9.072380655302647,34.78053902451649,4.4572248730568935,34.901724678189375,62.08027013260474,194.66188705277142,6647.867597699995
381,84073.4069577,1,-1.0156556303220479,103.12115044760418,327.58288298485706,9.089306862904467,34.79564514158433,4.4497606669831855,35.20393096069181,53.50545217761656,195.42803084169057,6666.208852600001
382,84090.318975,1,-1.0175513285420135,105.31367528592129,330.3443796952346,9.065154574914907,34.73968385254938,4.592286242327612,30.30374396580121,62.406621611852906,194.77841626333355,6683.120869899998
383,84107.9501244,1,-0.9857817516415659,93.27666958932691,326.76362973256875,8.458092678869942,34.713075901149736,4.463899340389856,32.94647243357902,60.597173552527344,194.77841626333355,6700.752019299995
384,84124.7710649,1,-1.0133922297732647,102.09952413055171,327.5598040588074,9.084226276109547,34.78053902451649,4.585628935522367,34.3761840911979,62.31832456006193,194.66188705277142,6717.572959799989
385,84142.1520148,1,-1.0179839834986464,105.41405523930052,327.58288757072563,9.065154574914907,34.73968385254938,4.592286242327612,30.30374396580121,62.321198132085705,194.77841626333355,6734.953909699994
386,84158.1003157,1,0.9992760366570633,105.41405523930052,327.58288757072563,10.169928854574394,30.679375890312777,4.965757549220646,30.30374396580121,59.81644789388216,194.77841626333355,6750.90221059999
387,84175.0459385,1,-1.0174897184703413,105.39924993716433,326.6640112576685,9.059947799187087,35.05021098272403,4.494315701984201,34.85956189667306,56.98720069647552,195.5599514816476,6767.847833399996
388,84192.992299,1,-1.0145576155696536,103.30789887123929,327.58288298485706,9.079867280919531,34.78615740793841,4.461085984938455,35.87476110711737,60.774304181899595,194.16464044361794,6785.794193900001
389,84210.475051,1,-1.014521683164672,103.31363484042784,327.58288757072563,8.928153595000833,35.063653346651336,4.592286242327612,30.315717452689622,62.40441791821519,195.59477304698405,6803.276945899997
390,84227.4411654,1,-1.009686305443607,103.15316323656263,328.1556552727701,9.065154574914907,34.72452070122671,4.457480845767063,35.24066464467153,76.72738664754907,192.44581299891266,6820.243060299996
391,84244.7785204,1,-1.0179707875079966,105.41405523930052,327.58288757072563,9.065154574914907,34.73968385254938,4.592286242327612,30.30374396580121,62.406621611852906,194.77841626333355,6837.580415299992
392,84262.0574275,1,-1.0180914061823978,105.41405523930052,327.58288757072563,9.065154574914907,34.73968385254938,4.773979317538838,30.30374396580121,62.406621611852906,194.77841626333355,6854.859322399992
393,84279.5268446,1,-0.9942619195240647,105.7327822734879,326.10011564890283,9.079852675346801,30.426432471708672,4.4572420335846115,31.565664926849045,60.56873442032291,195.2365866328628,6872.328739499993
394,84296.2418718,1,-1.0134909178439393,101.7797086890611,326.6640112576685,9.073167473939543,34.78053902451649,4.4572420335846115,34.901724678189375,56.86735040324202,194.255102481874,6889.043766699993
395,84313.8160117,1,-1.0163660564654162,103.01709709744567,325.7094499883716,9.072807328459035,34.716729213248605,4.467868317848407,30.189763671585666,53.50545217761656,195.42468347701515,6906.6179065999895
396,84331.8185059,1,-1.0132963383607,102.07805192407908,327.5828879615836,9.082795004383964,34.79172552154137,4.574178591462391,35.42847999212596,62.406621611852906,195.36199132835492,6924.620400799991
397,84349.0342604,1,-1.0105841168071483,99.63175774657923,326.10011564890283,9.079955527924652,34.71539556543653,4.37043751334146,31.565664926849045,60.56873442032291,194.7830427875007,6941.8361552999995
398,84366.0018861,1,0.998040880405137,105.41405523930052,319.837937048215,9.08392711594521,34.793325477297536,4.592286242327612,30.304639475787717,62.406621611852906,198.14990714998416,6958.803780999995
399,84383.663719,1,-1.016777460181929,105.41405523930052,327.2810350048115,9.065154574914907,34.73968385254938,4.592286242327612,30.30374396580121,59.73102441411496,187.40469366574294,6976.4656139
400,84401.8937794,1,-1.0120780751889236,103.07364839489144,327.59895468994915,9.055888881834662,35.21446416433823,4.4497606669831855,35.20393096069181,53.50545217761656,185.3829217529881,6994.69567429999
401,84418.0257096,1,1.0058887154004952,105.41405523930052,334.20795164113713,9.702588012784869,34.73968385254938,4.546024716388831,30.30374396580121,59.73102441411496,194.77841626333355,7010.827604499995
402,84435.6832283,1,-1.0153722107480856,105.41405523930052,333.2525847537474,9.065154574914907,34.73968385254938,4.592286242327612,35.00734209978626,65.41513379767147,194.77841626333355,7028.485123199993
403,84451.7854268,1,1.0032435421411958,105.41405523930052,327.58288757072563,9.410463887623433,34.73968385254938,4.592286242327612,30.30374396580121,62.406621611852906,192.66023031593232,7044.58732169999
404,84469.4607745,1,-1.0156062753974853,105.41405523930052,334.9868860840092,9.009178789879666,34.73968385254938,4.592286242327612,30.30374396580121,62.406621611852906,194.77841626333355,7062.262669399992
405,84486.6874763,1,0.9965873492777506,106.60652443631021,327.58288757072563,9.065154574914907,33.34561782677136,4.250131495445827,30.30374396580121,62.406621611852906,194.77841626333355,7079.48937119999
406,84504.0806323,1,-1.0181122335148365,105.41405523930052,327.58288757072563,9.083985273746615,34.717504374227595,4.592286242327612,30.103611253197645,62.406621611852906,194.77841626333355,7096.882527199996
407,84520.653052,1,-1.0181745691500448,105.41405523930052,327.58288757072563,9.064718139295966,34.73968385254938,4.592286242327612,30.30374396580121,62.17416279356152,195.60090270179646,7113.45494689999
408,84538.0526718,1,-1.01827084233487,105.41405523930052,327.58288757072563,9.084421709365554,34.713075901149736,4.592286242327612,30.304639475787717,59.96348323240635,193.79969214318692,7130.8545667
409,84555.1696061,1,-1.0178044489006055,105.41405523930052,329.57317196428653,9.065154574914907,34.73968385254938,4.594935955701923,30.30374396580121,62.406621611852906,194.77841626333355,7147.971500999993
410,84572.7304166,1,-1.0180899831367933,105.41405523930052,327.58288757072563,9.065154574914907,34.73968385254938,4.771329604164525,30.30374396580121,62.406621611852906,194.77841626333355,7165.532311499992
411,84589.2590207,1,-1.012674748996093,103.78827632118998,325.78243211251385,9.072807328459035,36.00610087442342,4.460196572594289,30.189763671585666,53.50545217761656,202.1146005639035,7182.060915599999
412,84608.4097113,1,-1.0155685305637077,103.02928957920972,327.5099058374414,9.082787574170979,34.71693558247034,4.599957987581731,30.304639475787717,62.406621611852906,195.9761115984362,7201.211606199999
413,84625.4645601,1,-1.0173521419629434,105.39781933854636,330.3443796952346,9.065154574914907,34.73968385254938,5.048982626462186,30.30374396580121,63.11650697341971,194.84078549787236,7218.26645499999
414,84643.3980623,1,-1.0176987767317547,105.31510588453926,326.6640112576685,9.073122779163096,34.78053902451649,4.4627824419391535,34.901724678189375,56.157465041661645,194.07415052889954,7236.199957199991
415,84660.8964992,1,-1.018021093514377,105.41405523930052,327.58288757072563,9.065154574914907,34.73968385254938,4.620182952652422,30.30374396580121,62.321198132085705,194.77841626333355,7253.698394099993
416,84678.523452,1,-1.0177070782406594,105.39924993716433,326.6640112576685,9.073122779163096,34.78053902451649,4.4572420335846115,34.901724678189375,56.86735040324202,194.13651976343834,7271.32534689999
417,84695.7614261,1,-1.0103197844729621,103.01709709744567,327.63721966978227,8.71739513130824,34.7095790388777,4.596778420817592,30.31967544234297,53.50545217761656,195.42468347701515,7288.563320999994
418,84714.0596558,1,-1.0150143414629818,103.31912283360951,325.6551178893149,9.072827674652414,35.06012634234117,4.463376139358428,30.082299930455182,62.406621611852906,195.53472565973127,7306.861550699992
419,84730.3887013,1,1.0127252995358358,105.41405523930052,341.5862998337734,10.149831405157142,34.73968385254938,4.773979317538838,30.30374396580121,61.05090396765994,187.53869705640736,7323.190596200002
420,84747.7824278,1,-1.0058411415970425,105.41405523930052,327.63260963420976,9.065154574914907,34.73968385254938,3.250600650271785,30.30374396580121,59.73102441411496,194.64441287016837,7340.5843227000005
421,84765.1723965,1,-1.01827084233487,105.41405523930052,327.58288757072563,9.084421709365554,34.713075901149736,4.592286242327612,30.304639475787717,59.96348323240635,193.79969214318692,7357.974291399994
422,84782.6379098,1,-1.0156063607879329,105.41405523930052,337.7594358473415,9.083985273746615,34.713075901149736,4.592286242327612,30.304639475787717,62.406621611852906,196.69203184094965,7375.4398046999995
423,84799.8112513,1,-1.0183813953146907,105.41405523930052,327.58288757072563,9.065154574914907,34.73968385254938,4.592286242327612,30.30374396580121,59.73102441411496,194.77841626333355,7392.61314619999
424,84816.7043722,1,-1.0092206737256015,105.41405523930052,348.6973203372237,9.065154574914907,34.73968385254938,4.592286242327612,30.30374396580121,61.493859526921675,194.77841626333355,7409.5062670999905
425,84834.4643932,1,-1.0177350652677577,105.39818663321405,329.09372014708106,9.065154574914907,34.73968385254938,5.048982626462186,30.18251350735872,62.176236094632515,194.83562930258424,7427.2662881
426,84851.5448653,1,-0.9930927663842272,90.07888138676755,327.58288757072563,9.064718139295966,34.73968385254938,4.592286242327612,39.86543412819648,63.114433672348724,195.60605889708458,7444.346760200002
427,84869.2256483,1,-1.0087430266141344,105.41405523930052,327.58288757072563,8.640871276960837,34.742209899254085,4.592286242327612,30.304637356571828,66.57552461125526,193.79969214318692,7462.027543199991
428,84886.4333012,1,-1.0181255763257786,105.41405523930052,327.58288757072563,9.06384482345221,34.71054985444504,4.773979317538838,30.3037460850171,62.45281075629639,194.77841626333355,7479.235196099995
429,84904.0463765,1,-1.018021093514377,105.41405523930052,327.58288757072563,9.065154574914907,34.73968385254938,4.620182952652422,30.30374396580121,62.321198132085705,194.77841626333355,7496.848271399998
430,84920.5259195,1,1.0048975025982843,105.41405523930052,329.57317196428653,9.643697561829587,34.73968385254938,4.594935955701923,30.30374396580121,62.406621611852906,194.77841626333355,7513.327814399992
431,84938.1344677,1,-1.0179841437671133,105.41405523930052,327.58288757072563,9.065154574914907,34.73968385254938,4.592286242327612,30.30374396580121,62.31777490536082,194.77841626333355,7530.936362599998
432,84954.978559,1,-1.0058715781449747,97.44809254685205,332.7655948899337,9.065154574914907,34.73968385254938,4.620182952652422,30.30374396580121,62.41004483857779,194.77841626333355,7547.780453899992
433,84971.7174761,1,0.9980235564513952,112.51893822557966,327.58288757072563,9.084064115096618,34.73968385254938,4.592286242327612,30.306999818319817,59.73102441411496,194.77841626333355,7564.519371000002
434,84988.358592,1,-1.0180481566968562,105.41405523930052,327.58288757072563,9.065075733564901,34.717504374227595,4.592286242327612,30.10035888671864,62.406621611852906,194.77841626333355,7581.1604869
435,85006.1147582,1,-1.0153396420494145,105.41405523930052,327.58288757072563,9.06471763558136,34.73968385254938,3.9654828653657073,30.30374396580121,62.341830616382566,195.64471674782232,7598.916653099994
436,85023.1239869,1,-1.0180025696589676,105.41405523930052,327.58288757072563,9.065155078629513,34.73968385254938,4.592286242327612,30.30374396580121,62.15353030926465,194.73460221730767,7615.925881799994
437,85040.4691701,1,-1.011719628669175,102.89291097498946,326.6640112576685,9.06536197776383,35.540755460424684,4.4572420335846115,34.901724678189375,62.15666530889231,194.13651976343834,7633.2710649999935
438,85057.4789206,1,-1.0186906442229036,105.41405523930052,327.58288757072563,9.072915376314173,34.781294631987926,4.592286242327612,30.30374396580121,57.03188322643506,194.77841626333355,7650.280815499995
439,85074.5664412,1,-1.0175513285420135,105.31367528592129,330.3443796952346,9.065154574914907,34.73968385254938,4.592286242327612,30.30374396580121,62.406621611852906,194.77841626333355,7667.3683361
440,85091.1419039,1,1.026448431312772,105.41405523930052,329.57317196428653,11.774632358941428,41.83709241136761,4.594935955701923,30.30374396580121,62.406621611852906,194.77841626333355,7683.943798799999
441,85108.4996316,1,-1.0179975908710923,105.41405523930052,327.58288757072563,9.064423256534091,34.781294631987926,4.592286242327612,30.096912475808402,62.171744766719804,194.77841626333355,7701.301526499999
442,85124.9831347,1,0.997642489475033,112.01358025724569,327.58288757072563,9.073567853344983,34.717504374227595,4.592286242327612,30.307195109770525,57.266760071567866,194.77841626333355,7717.785029599996
443,85142.2151281,1,-1.014797530188681,105.41405523930052,327.58288757072563,9.072915376314173,33.28515404405894,4.592286242327612,30.30374396580121,64.51324223815392,194.77841626333355,7735.017022999993
444,85159.8676357,1,-1.0063720292894829,105.41405523930052,327.58288757072563,9.065154574914907,36.221949957339355,3.831253171442644,30.30374396580121,66.54093301834122,194.77841626333355,7752.669530599989
445,85177.1476767,1,-1.0097419164485741,105.41405523930052,327.58288757072563,9.065154574914907,34.740288309631396,3.5883722005386063,30.30374396580121,69.27838823159856,194.77841626333355,7769.949571599995
446,85194.4989121,1,-1.0182530535420247,105.41405523930052,327.58288757072563,9.084421709365554,34.71247144406773,4.592286242327612,30.304639475787717,59.968638280419164,193.79969214318692,7787.300806999992
447,85211.4035598,1,-1.0181349247074558,105.41405523930052,327.58288757072563,9.065882478980175,34.73968385254938,4.592286242327612,32.15896669208225,59.73102441411496,194.77841626333355,7804.205454700001
448,85228.5932609,1,-1.0182207576982114,105.41405523930052,327.58288757072563,9.083693805300285,34.52666982037702,4.592286242327612,30.3046604582651,59.96348323240635,192.80421544533783,7821.395155799997
449,85245.2298118,1,-1.0184292552970446,105.41405523930052,327.58288757072563,9.083985273746615,34.717504374227595,4.592286242327612,30.103611253197645,60.4366072401384,194.77841626333355,7838.0317067
450,85262.2251451,1,0.9992183217410923,108.61705963859713,327.58288757072563,9.064718139295966,34.73968385254938,4.592286242327612,30.30374396580121,62.17416279356152,195.60090270179646,7855.027040000001
451,85279.2353802,1,-1.0016330401784201,103.60460246097908,327.58288757072563,9.084430148748211,31.554309486227226,4.592286242327612,30.302484814289468,62.122528717023975,194.77841626333355,7872.037275099996
452,85295.5625949,1,1.0007976322387935,106.40243572767403,327.58288757072563,9.083976834363959,34.71299540251296,4.592286242327612,30.105767759986843,59.96348323240635,190.85510240751927,7888.364489799991
453,85312.622964,1,-1.0179707875079966,105.41405523930052,327.58288757072563,9.065154574914907,34.73968385254938,4.592286242327612,30.30374396580121,62.406621611852906,194.77841626333355,7905.424858899991
454,85330.0084302,1,-1.0183813953146907,105.41405523930052,327.58288757072563,9.065154574914907,34.73968385254938,4.592286242327612,30.30374396580121,59.73102441411496,194.77841626333355,7922.810325099999
455,85347.1185393,1,-1.018615356325898,105.41405523930052,327.58288757072563,9.065154574914907,34.73968385254938,4.592286242327612,30.30374396580121,59.73102441411496,195.96302667104578,7939.920434200001
456,85363.8131713,1,0.9978602886390768,114.78624805629082,327.58288757072563,9.083985273746615,34.713075901149736,4.592286242327612,30.304639475787717,62.406621611852906,194.77841626333355,7956.6150662
457,85381.444228,1,-1.0175499276823237,105.41405523930052,327.58288757072563,9.06384482345221,33.93603168325952,4.773979317538838,30.3037460850171,62.45281075629639,194.77841626333355,7974.246122899989
458,85398.4846207,1,-1.018021093514377,105.41405523930052,327.58288757072563,9.065154574914907,34.73968385254938,4.620182952652422,30.30374396580121,62.321198132085705,194.77841626333355,7991.28651559999
459,85415.677676,1,-1.0176510670118057,105.41405523930052,327.58288757072563,9.06384482345221,34.739657638049295,4.773979317538838,30.303747004049608,62.45281075629639,192.79901175404268,8008.479570900003
460,85432.9445003,1,-1.0195482075405762,105.41405523930052,327.58288757072563,9.065154574914907,34.71057606894513,4.771329604164525,30.303743046768705,62.406621611852906,202.28629491263803,8025.746395199996
461,85450.424903,1,-1.0183938011294875,105.41405523930052,327.58288757072563,9.06512850565285,34.74462053427625,4.592286242327612,30.30374396580121,59.73102441411496,194.77841626333355,8043.226797900003
462,85467.2558549,1,-1.0076813197351515,97.23066249824447,318.1229893027751,9.072941445576227,34.77635795026106,4.592286242327612,30.30374396580121,62.114910386691086,194.77841626333355,8060.057749799991
463,85484.678347,1,-0.9400593621233744,105.41405523930052,327.58288757072563,7.195521428798555,34.73968385254938,4.771329604164525,30.30374396580121,63.729303328514916,194.77841626333355,8077.48024189999
464,85501.4798515,1,-1.0186906442229036,105.41405523930052,327.58288757072563,9.072915376314173,34.781294631987926,4.592286242327612,30.30374396580121,57.03188322643506,194.77841626333355,8094.281746399996
465,85518.3726164,1,0.9991675386705084,105.41405523930052,321.5033568659544,9.081141895389798,34.710388283859615,4.592286242327612,30.304639475787717,59.968298011981275,191.30290639608359,8111.174511299992
466,85534.9300968,1,-1.0184233108792076,105.41405523930052,327.58288757072563,9.068434388890662,34.74176701275751,4.592286242327612,30.30374396580121,59.73136468255285,194.77841626333355,8127.731991699999
467,85550.8730267,1,1.0018996543950929,109.47736784031673,328.57955545780055,9.084417240554993,36.400306113204415,4.592286242327612,30.295192244476123,55.588467746064886,193.79969214318692,8143.674921600003
468,85567.7829714,1,-1.0184095858354494,105.41405523930052,327.58288757072563,9.083989742557177,34.717504374227595,4.592286242327612,30.11306019298656,60.4366072401384,194.77841626333355,8160.584866299992
469,85584.1514625,1,1.001877543661997,105.41405523930052,327.58288757072563,9.30515761144774,34.74252453727982,4.592286242327612,30.103611253197645,59.714278304995275,194.77841626333355,8176.953357399994
470,85601.2179527,1,-1.0180933712972053,105.41405523930052,327.58288757072563,9.082283423701124,34.22511182957786,4.592286242327612,30.30374396580121,60.665514935619825,193.2718829515257,8194.019847599993
471,85622.3523378,1,-1.01827084233487,105.41405523930052,327.58288757072563,9.084421709365554,34.713075901149736,4.592286242327612,30.304639475787717,59.96348323240635,193.79969214318692,8215.154232699992
472,85639.5258048,1,-1.017612631099415,105.41405523930052,327.58288757072563,9.083985273746615,34.713075901149736,4.592286242327612,30.304639475787717,65.05994673107529,194.77841626333355,8232.327699699992
473,85656.6202518,1,-1.0180022356048555,105.41405523930052,327.58288757072563,9.065154574914907,34.73968385254938,4.592286242327612,30.30374394695954,62.21190152498307,194.77841626333355,8249.422146700002
474,85674.1502881,1,-1.0168567257204224,105.41405523930052,337.88267778435534,9.065154574914907,34.71057606894513,4.7639961748353015,30.30374306561038,59.9257445009848,202.28629491263803,8266.952183000001
475,85691.2127468,1,-1.0190687670223695,105.1484959158488,327.58288757072563,9.065154574914907,34.73939368625065,4.771329604164525,30.303743046768705,62.406621611852906,201.4080328478202,8284.014641699992
476,85708.1513907,1,0.9990246241189734,108.97653471507353,327.58288757072563,9.065154574914907,34.710866235243856,4.737334379231128,30.30374396580121,59.73102441411496,194.45073708964392,8300.9532856
477,85725.6785699,1,-1.0176245744278667,105.41405523930052,327.58288757072563,9.083693805300285,34.52666982037702,4.138832756279769,30.3046604582651,52.78543024931335,193.8537007011495,8318.480464799999
478,85747.5219616,1,-1.0103926814942326,105.41405523930052,346.91355046195804,9.083985273746615,34.717504374227595,4.592286242327612,30.103611253197645,62.406621611852906,194.77841626333355,8340.323856499992
479,85766.3072688,1,-0.9649423522247353,105.41405523930052,327.58288757072563,7.624370377118031,34.73968385254938,4.592286242327612,30.30374396580121,59.73102441411496,194.77841626333355,8359.109163699992
480,85783.4720987,1,-1.0183813953146907,105.41405523930052,327.58288757072563,9.065154574914907,34.73968385254938,4.592286242327612,30.30374396580121,59.73102441411496,194.77841626333355,8376.2739936
481,85800.8021949,1,-1.0181788841502977,105.41405523930052,327.58288757072563,9.084530324987327,34.79053921143174,4.735059349878211,30.304639475787717,60.44694598282272,193.79969214318692,8393.604089799992
482,85818.844445,1,-1.0188785618707186,105.41405523930052,327.58288757072563,9.072806760692401,34.70383132170593,4.592286242327612,30.30374396580121,56.54842047601868,194.77841626333355,8411.646339899991
483,85836.2334517,1,-1.019136324405709,105.41405523930052,322.4921329053284,9.063523877362377,34.717504374227595,4.650139625741016,30.30366952059198,60.4366072401384,198.71794666908178,8429.035346599994
484,85857.4084733,1,-1.018174100600283,105.65802514947512,327.58288757072563,9.08562044010971,33.68989496044376,4.67124450398248,30.11313543387603,59.73102441411496,195.96302667104578,8450.210368200002
485,85875.4001873,1,-1.0175387886221219,105.41405523930052,327.58288757072563,9.088308257639563,34.717504374227595,4.592286242327612,30.078193875077595,62.69385670880397,192.31891611107406,8468.20208219999
486,86710.1647748,1,-1.019513411683978,105.41405523930052,327.58288757072563,9.060836059832523,34.71057606894513,4.771329604164525,34.27430170299332,60.14937214318734,202.6167420365874,9302.966669699992
487,86729.711404,1,1.000502660366009,105.1484959158488,322.79530696464985,9.34652654873355,34.73939368625065,4.771329604164525,30.18426633266784,62.406621611852906,201.4080328478202,9322.513298899998
488,86746.2652002,1,1.004150784318636,105.41405523930052,327.58288757072563,9.86918697416233,34.781294631987926,4.592286242327612,30.914632809301608,57.03188322643506,194.77841626333355,9339.067095099992
489,86767.4496853,1,-1.0188665610172951,105.41405523930052,327.58288757072563,9.068480148335437,34.62989302331329,4.592286242327612,30.30374396580121,57.03188322643506,194.77841626333355,9360.251580199998
490,86785.9649719,1,-1.0171336382995106,105.41405523930052,327.58288757072563,9.072869616869399,34.74176701275751,4.592286242327612,30.30374396580121,66.89688618830276,194.77841626333355,9378.766866799997
491,86802.7329531,1,-1.01742812640135,105.41405523930052,327.58288757072563,9.084421709365554,34.713075901149736,4.592286242327612,30.304639475787717,59.7363384136373,189.80389825802234,9395.534847999996
492,86823.2708314,1,0.9987256986265759,109.63533007361664,327.58288757072563,9.068434388890662,34.74176701275751,4.592286242327612,30.30374396580121,59.9585095013219,194.77841626333355,9416.0727263
493,86840.1230716,1,-1.0182758872203859,105.41405523930052,327.58288757072563,9.065231859529126,34.73968385254938,4.592286242327612,30.302826057912927,60.45172530061952,194.77841626333355,9432.924966499995
494,86856.0613319,1,-1.018531518604587,105.41405523930052,327.58288757072563,9.083907989132394,34.717504374227595,4.592286242327612,30.10453097533013,59.71590635363385,194.77841626333355,9448.863226799993
495,86872.0303175,1,-1.0156834720718084,102.9879939459569,327.58288757072563,9.083985273746615,34.717504374227595,4.796148216644341,30.32302852616316,60.42477730804627,194.77841626333355,9464.832212399997
496,86886.1351093,1,-1.019574309780623,105.41405523930052,327.58288757072563,9.065154574914907,34.71057606894513,4.771329604164525,30.084353901189107,62.41845154394505,202.28629491263803,9478.937004199994
497,86900.5631156,1,-1.018385298066475,105.41405523930052,327.58288757072563,9.065154574914907,34.74454428850849,4.592286242327612,30.30374396580121,59.73102441411496,194.8253057392584,9493.365010499998
498,86914.1888297,1,-1.0067856430673523,105.41405523930052,327.58288757072563,8.740919490261227,34.73976009831715,3.5867871682624672,30.30374396580121,59.73102441411496,195.91613719512094,9506.990724599993
499,86927.9040702,1,-1.0183938011294875,105.41405523930052,327.58288757072563,9.06512850565285,34.74462053427625,4.592286242327612,30.30374396580121,59.73102441411496,194.77841626333355,9520.705965100002
500,86942.5398815,1,-1.017791140484342,105.41405523930052,327.58288757072563,9.065154574914907,34.210258443425985,5.2036650051608895,30.30374396580121,59.73102441411496,194.77841626333355,9535.34177639999
501,86955.1811826,1,0.9982822382623828,105.41405523930052,320.3876278666895,9.083346048039429,34.715654159310475,4.592286242327612,30.30374396580121,60.44811007065572,194.77697990114,9547.983077500001
502,86969.4393547,1,-1.018415486001174,105.41405523930052,327.58288757072563,9.06579380062209,34.74639450342562,4.592286242327612,30.103611253197645,59.71952158359765,194.82674210145194,9562.241249600003
503,86982.8595347,1,-1.0187115683564891,105.41405523930052,327.58288757072563,9.072814859870746,34.781294631987926,4.592286242327612,30.30374396580121,57.03188322643506,194.77841626333355,9575.66142959999
504,86996.9234681,1,-1.0186161857292886,105.41405523930052,327.58288757072563,9.065255091358331,34.73968385254938,4.592286242327612,30.30374396580121,59.73102441411496,195.96302667104578,9589.72536299999
505,87011.5840958,1,-1.0188309868364094,105.41405523930052,327.58288757072563,9.072784010619472,34.712677654773245,4.592286242327612,30.30374304595528,57.03188322643506,194.77841626333355,9604.3859907
506,87025.4425745,1,-1.0190192663773563,105.41405523930052,330.79152079672764,9.065285940609606,34.779193046159804,4.771329604164525,30.30374396661464,62.406621611852906,202.28629491263803,9618.2444694
507,87039.7771659,1,-1.0179897379802223,105.41405523930052,327.58288757072563,9.072806760692401,34.710435997281756,5.160940649736559,30.354152331611438,60.133608869599094,194.77841626333355,9632.579060799995
508,87055.716816,1,-1.0061662809257557,105.41405523930052,327.58288757072563,8.356404620806863,35.47739698131055,4.771329604164525,34.243392936264144,56.56418374960692,202.6167420365874,9648.518710899996
509,87072.1511848,1,-1.018804275811892,105.41405523930052,328.3795862751138,9.068480148335437,34.62989302331329,4.592286242327612,30.30374396580121,57.03188322643506,194.77841626333355,9664.95307969999
510,87087.6179548,1,-1.0190981088435127,105.41405523930052,327.58288757072563,9.065154574914907,34.73968385254938,4.592286242327612,30.30374396580121,59.73102441411496,198.52010100085803,9680.419849699989
511,87101.6694006,1,-1.0154697002902366,101.96029703835937,327.58288757072563,9.065824635523153,34.71057606894513,4.771329604164525,30.108506285994217,62.406621611852906,202.28629491263803,9694.4712955
512,87116.0379027,1,-1.01399799394307,102.33665375686337,331.95738289770765,9.083237928524145,34.717504374227595,4.592286242327612,30.10453097533013,59.71590635363385,194.77841626333355,9708.839797599998
513,87130.5711833,1,-1.019574309780623,105.41405523930052,327.58288757072563,9.065154574914907,34.71057606894513,4.771329604164525,30.084353901189107,62.41845154394505,202.28629491263803,9723.373078199991
514,87144.7751736,1,-1.0188462422899496,105.1484959158488,327.58288757072563,9.03016360582414,34.73939368625065,4.771329604164525,30.303743046768705,62.406621611852906,201.4080328478202,9737.577068500002
515,87158.1784975,1,0.9988738584006905,105.41405523930052,318.7445674993156,9.065154574914907,34.71734529007205,4.771329604164525,30.016973712984683,60.46056271826155,192.59300500945108,9750.9803924
516,87171.9131184,1,-1.0183775248902625,104.44164648373106,327.61290643389503,9.063523877362377,34.710735153100664,4.650139625741016,30.30366952059198,62.39449606582189,202.07054524710745,9764.715013299996
517,87186.3839078,1,-1.0194879535581716,105.41405523930052,327.58288757072563,9.060922352793849,34.717165200954,4.771329604164525,34.27430170299332,60.14937214318734,202.6167420365874,9779.185802699998
518,87200.3257789,1,-1.0142589786044596,105.41405523930052,322.4921329053284,9.06343758440105,35.88407497896705,4.650139625741016,30.30366952059198,60.4366072401384,198.71794666908178,9793.127673800002
519,87215.5342703,1,-1.0184622764034406,105.41405523930052,327.58288757072563,9.068480148335437,34.62989302331329,4.638544520525014,30.308943371212955,60.40755260255045,194.77841626333355,9808.336165200002
520,87229.89855,1,-1.0188461556383666,105.41405523930052,327.58288757072563,9.083985273746615,34.717504374227595,4.592286242327612,30.098416645229523,57.060937864023,194.77841626333355,9822.700444899994
521,87244.5080412,1,-1.0199223445658487,105.41405523930052,330.79152079672764,9.065285940609606,34.779193046159804,4.642209221239923,30.30374396661464,54.56766971636107,202.28629491263803,9837.309936099991
522,87260.3766363,1,-1.0190398619598575,105.41405523930052,327.58288757072563,9.065154574914907,34.71057606894513,4.771329604164525,30.084353901189107,65.50200342626964,202.28629491263803,9853.1785312
523,87274.9671875,1,-1.0196936387668711,105.41405523930052,327.58288757072563,9.084176379227092,34.710482077080535,4.771329604164525,30.087760625111393,62.658437864301106,202.79549214098523,9867.769082400002
524,87290.4826071,1,-1.018643550326325,105.41405523930052,327.58288757072563,9.064963469434428,34.71759836609218,4.592286242327612,30.314414677879917,57.046495102263975,194.2692126677767,9883.284501999995
525,87305.9698221,1,-1.0187044739881845,105.41405523930052,327.58288757072563,9.072784010619472,34.785118776832626,4.592286242327612,30.303744011202994,57.03188322643506,194.77841626333355,9898.771716999996
526,87321.3746928,1,-1.0183844099288457,105.41405523930052,327.58288757072563,9.072814859870746,34.70885350992854,4.592286242327612,30.303743000553496,57.03188322643506,192.73550730022583,9914.1765877
527,87335.381262,1,0.9898670422234345,105.41405523930052,313.76138972269496,9.060836059832523,34.739704082442174,4.787550270015637,34.27430170299332,60.14937214318734,198.2876037371713,9928.183156899991
528,87350.5569546,1,-1.0200448425265123,105.41405523930052,327.58288757072563,9.110525076733662,34.71055583905233,4.576065576476501,30.30374396580121,59.73102441411496,202.84923927123185,9943.3588495
529,87365.6500123,1,1.0029190729549518,105.41405523930052,327.58288757072563,9.215587189197288,34.62989302331329,4.592286242327612,30.30374396580121,69.52769447764011,194.77841626333355,9958.451907199997
530,87380.8054796,1,-1.018389917361615,105.1484959158488,327.58288757072563,9.07152956652497,34.73939368625065,4.771329604164525,30.303743046768705,65.60428355404323,200.67662113689926,9973.607374500003
531,87396.388436,1,-1.0169958743054937,105.1484959158488,327.58288757072563,9.060930766280457,35.31307846859999,4.771329604164525,34.23948693318313,62.53703259914598,201.4080328478202,9989.19033089999
532,87411.6383586,1,-1.0199235863844258,105.41405523930052,327.58288757072563,9.065146161428299,34.73960575393274,4.771329604164525,30.358018545684093,60.01896115589427,202.6167420365874,10004.440253499997
533,87427.3355903,1,-1.0191385406234055,105.41405523930052,327.58288757072563,9.060836059832523,34.71057606894513,4.771329604164525,34.27430170299332,62.43347813154931,202.6004252970192,10020.1374852
534,87443.0552128,1,-1.0199122244401384,105.41405523930052,327.58288757072563,9.065154574914907,34.71057606894513,4.771329604164525,30.084353901189107,60.13434555558308,202.30261165220625,10035.857107699994
535,87458.9066905,1,-1.0159136339338268,105.41405523930052,327.58288757072563,9.104677562217276,32.912072427638215,4.771329604164525,32.3414389855693,62.435650108398626,202.28629491263803,10051.708585400003
536,87474.7178628,1,1.0069931071683806,105.1484959158488,327.58288757072563,10.180363683475523,34.73673917683465,4.771329604164525,30.303743046768705,62.40610203484687,201.4080328478202,10067.519757699993
537,87489.6506544,1,0.9975117597203044,106.60326156386755,322.37213704935607,9.063523877362377,34.717504374227595,4.650139625741016,30.303664927927258,59.71379091911161,198.71794666908178,10082.452549299996
538,87506.2748795,1,-1.0109917424249781,105.41405523930052,327.70288342669795,9.065154574914907,36.340878816709036,4.592286242327612,30.303748558465934,60.45384073514176,198.52010100085803,10099.07677439999
539,87522.326566,1,-1.0194261189421852,105.41405523930052,328.53913513659205,9.06513817843295,34.63130640872292,4.58531312370932,30.01386068751887,62.41845154394505,202.28629491263803,10115.1284609
540,87539.5775865,1,-1.0188630157310496,105.41405523930052,328.3795862751138,9.068496544817396,34.709162683535496,4.778302722782818,30.304927707185236,57.03188322643506,194.77841626333355,10132.3794814
541,87555.5262006,1,-1.004086953926679,105.41405523930052,327.58288757072563,9.060922352793849,37.04301179419519,4.576711604197979,34.53643397675391,60.21923388143562,202.6167420365874,10148.328095499994
542,87572.6901663,1,-1.0151319337523275,105.41405523930052,327.58288757072563,9.110525076733662,32.71851823332839,5.1019282009611775,30.148912767634297,59.661162675866684,202.84923927123185,10165.492061199999
543,87589.4101944,1,-1.0195283063025782,105.41405523930052,327.58288757072563,9.065282291438406,34.71057606894513,4.777019465393912,30.307481794739815,62.41845154394505,202.28629491263803,10182.212089299996
544,87606.4013869,1,-1.002877826268896,93.79089865291819,330.79152079672764,9.065158224086106,34.779193046159804,4.636519360010536,30.080634425760092,54.56766971636107,202.28629491263803,10199.2032818
545,87623.1251031,1,-1.017714024890647,105.41405523930052,327.58288757072563,9.06489407259276,34.71057606894513,4.208517197020645,34.55492042328478,62.40647759661248,202.32033973489825,10215.926997999995
546,87639.611646,1,-1.0180625359156166,105.41405523930052,327.58288757072563,9.061096562154672,34.71057606894513,5.445076256980581,30.13992401370539,62.43362214678974,202.566380474759,10232.413540900001
547,87660.5563886,1,-1.0199907807984199,105.41405523930052,327.58288757072563,9.110525076733662,34.73898367978108,4.576065576476501,30.053166788650824,59.73102441411496,202.83676278695955,10253.358283499998
548,87684.1005267,1,-1.0191281390097693,105.41405523930052,327.58288757072563,9.065154574914907,34.711256011820645,4.592286242327612,30.30374396580121,59.73102441411496,198.53257747469888,10276.902421599996
549,87706.0918686,1,-1.019655107662872,105.41405523930052,325.5137460892013,9.065154574914907,34.71057606894513,4.771329604164525,30.084353901189107,62.41845154394505,202.28629491263803,10298.89376349999
550,87735.6571095,1,-0.9990169458825476,105.41405523930052,327.58288757072563,9.065154574914907,37.53699280602848,4.771329604164525,30.084353901189107,60.13434555558308,202.30261165220625,10328.459004399992
551,87757.7671951,1,-0.9923217298932989,105.41405523930052,327.58288757072563,8.158455436584891,34.71057606894513,4.771329604164525,30.084353901189107,60.08957106420427,202.28629491263803,10350.56908999999
552,87777.9188835,1,-1.0188388163538642,105.41405523930052,329.703972320714,9.06514663004507,34.73960575393274,4.771329604164525,30.358018545684093,65.43139351795834,202.6167420365874,10370.720778399991
553,87799.9353238,1,-1.0123016205707942,105.41405523930052,327.58288757072563,9.060836059832523,34.71057606894513,3.597001456734743,30.12190182222171,64.06704245840427,201.71420073042626,10392.7372187
554,87819.8637236,1,-1.0186214478386486,105.41405523930052,327.58288757072563,9.065154574914907,33.96506023029269,4.771329604164525,34.32022598346988,62.482975132841446,201.6049042152344,10412.665618500003
555,87842.0947281,1,-1.019959544884329,105.41405523930052,327.5818437796127,9.065278755454695,34.70546919278392,4.771329604164525,30.30374396661464,59.68049485341474,202.30363117158498,10434.896622999993
556,87862.8256331,1,-1.0168397876936717,105.41405523930052,330.79256458784056,9.065161760069817,33.481426932892475,4.771329604164525,30.084353901189107,62.86047231402123,202.28527539325927,10455.627527999997
557,87885.753136,1,-1.0206519932864477,105.41405523930052,327.58288757072563,9.065282814164622,34.77825876863585,4.771329604164525,30.358018545684093,51.31537487267279,202.6167420365874,10478.555030899995
558,87906.6579524,1,0.995136797097186,117.60337894728053,330.79152079672764,9.065149287873282,34.7405400314567,4.642209221239923,30.30374396661464,52.747043818902775,202.28629491263803,10499.459847299993
559,87928.5066681,1,-1.0117981813048973,105.41405523930052,327.58288757072563,9.060836059832523,34.71057872992614,3.5643543993295967,34.27430170299332,62.59708429715754,202.6167420365874,10521.308562999999
560,87949.8262774,1,-1.0165840540787063,105.41405523930052,327.58288757072563,9.084176379227092,33.04480540579965,4.771329604164525,30.087760625111393,60.21072571033092,202.79549214098523,10542.6281723
561,87968.594056,1,-1.0198879276039157,105.41405523930052,330.79152079672764,9.065118814447434,34.77837087268616,4.642209221239923,30.319420954604112,54.56766971636107,202.2629346767993,10561.395950899998
562,87993.9640487,1,-1.0194930753249742,105.41405523930052,327.58288757072563,9.06108947895602,34.71798737442764,4.771329604164525,34.27857309390387,60.14937214318734,202.64010227242616,10586.765943599996
563,88012.27917,1,0.9934586358622215,105.41405523930052,307.96140886827413,9.065154574914907,34.71057606894513,4.566072338979166,30.052370140137263,55.366947322984515,202.28629491263803,10605.08106489999
564,88030.9581303,1,-1.0199997689226867,105.41405523930052,327.58288757072563,9.110525076733662,34.73898367978108,4.7813228416618605,32.29224627630469,59.73102441411496,203.2553117599899,10623.760025199997
565,88050.266361,1,-1.019081222485006,105.41405523930052,327.58288757072563,9.065227072643621,34.71058172226287,4.632456212782493,30.307024440763474,62.658437864301106,200.41636471391448,10643.068255899998
566,88068.5115096,1,-1.0197042419827886,105.41405523930052,327.58288757072563,9.084231598021875,34.7104764237628,4.777019465393912,30.08822577476895,63.63573334475794,203.7056527778111,10661.31340449999
567,88088.2372243,1,-1.0199094159420252,105.41405523930052,327.58288757072563,9.065154574914907,34.71057634488092,4.771329604164525,30.084353901189107,60.13434555558308,202.30261165220625,10681.039119199995
568,88110.6106178,1,-1.0200439165580828,105.41405523930052,327.58288757072563,9.110525076733662,34.71055556311654,4.576065576476501,30.30374396580121,59.73102441411496,202.84923927123185,10703.4125127
569,88129.6778268,1,1.0023811520047454,105.41405523930052,327.58288757072563,9.58814205063192,34.71057606894513,4.771329604164525,30.05849672017324,59.95652454876141,205.68367628136278,10722.479721700001
570,88149.8721874,1,-0.938030075261997,105.41405523930052,327.58288757072563,9.110525076733662,40.74585517086759,4.576065576476501,40.47115151260208,62.1929514092986,196.23006366958222,10742.6740823
571,88169.6631779,1,-1.0205720671410317,105.41405523930052,327.58288757072563,9.06528582747047,34.77817195015703,4.771329604164525,30.30680842945413,51.31537487267279,202.3166132430487,10762.465072799998
572,88190.1444095,1,-1.0199357620075908,105.41405523930052,330.79152079672764,9.065282927303757,34.779279864638625,4.642209221239923,30.354954082844607,54.56766971636107,202.58642370617676,10782.9463044
573,88209.9280816,1,-1.01995883899734,105.41405523930052,327.5818437796127,9.065278755454695,34.70546919278392,4.771329604164525,30.30374396661464,59.73540450999401,202.30363117158498,10802.729976499992
574,88231.8265125,1,-1.0187829009409783,105.41405523930052,327.58288757072563,9.037552624458948,35.116355660155385,4.771329604164525,30.084353901189107,62.41845154394505,202.28629491263803,10824.6284074
575,88250.2090052,1,-1.0198492773878216,105.41405523930052,327.58288757072563,9.061222447843699,34.70954691168677,4.771329604164525,34.27430170299332,60.13843793113195,204.5265334285425,10843.010900099995
576,88271.4670547,1,-1.0180632792563116,105.41405523930052,327.58288757072563,9.064759773417121,34.74063491119111,4.771329604164525,30.358018545684093,60.029895367949656,192.91726581050648,10864.268949599995
577,88292.5159526,1,-1.0206132009289128,105.41405523930052,327.58288757072563,9.065282814164622,34.77871298137125,4.771329604164525,30.358018545684093,51.31537487267279,202.60884072312248,10885.317847500002
578,88312.8131714,1,-1.0200063259465288,105.41405523930052,327.58288757072563,9.110525076733662,34.73852946704569,4.576065576476501,30.017821285858226,59.73102441411496,202.84466410042447,10905.6150663
579,88333.9287433,1,-1.0207926227406374,105.41405523930052,327.581873262794,9.083971234964155,34.710482077080535,4.771329604164525,30.129627728495304,52.51832813029279,202.81302908932796,10926.730638199995
580,88355.9727215,1,-1.019986414370507,105.41405523930052,327.58285808754437,9.065483899717632,34.70546919278392,4.771329604164525,30.26188119462971,59.57435202291245,202.28609422324226,10948.774616399998
581,88380.2550932,1,-1.019404982108191,105.41405523930052,327.58285808754437,9.065483899717632,34.70546919278392,4.771329604164525,30.26188119462971,59.57435202291245,198.94626848249106,10973.056988099997
582,88399.3562558,1,-1.0206519932864477,105.41405523930052,327.58288757072563,9.065282814164622,34.77825876863585,4.771329604164525,30.358018545684093,51.31537487267279,202.6167420365874,10992.158150699994
583,88417.9692726,1,-1.0199997689226867,105.41405523930052,327.58288757072563,9.110525076733662,34.73898367978108,4.7813228416618605,32.29224627630469,59.73102441411496,203.2553117599899,11010.771167500003
584,88437.4308931,1,-1.0191057906740715,105.41405523930052,327.58288757072563,9.065146161428299,34.73960575393274,5.2754825206449265,32.809959302073516,60.01896115589427,204.25701020950908,11030.232787999994
585,88454.3780926,1,0.9959248605207006,106.0304602431456,323.5059382924401,9.302741908278612,33.767023658067906,4.771329604164525,30.358018545684093,51.31537487267279,204.69304440120388,11047.1799875
586,88473.6169991,1,-1.019403726439416,105.41405523930052,327.58288757072563,9.110525076733662,34.77967135792046,4.381026260975912,30.101907032128203,59.73102441411496,202.84923927123185,11066.418894000002
587,88492.2370732,1,-0.9899878913118825,108.40600448784994,327.58288757072563,8.015000360726447,34.77826344534404,4.771329604164525,30.358018545684093,51.31537487267279,202.6167420365874,11085.038968099994
588,88512.0987609,1,-1.011491624424481,105.41405523930052,329.49520632593965,9.065282814164622,36.45521265203778,4.771329604164525,30.358018545684093,51.31537487267279,202.60884072312248,11104.900655799996
589,88529.2699421,1,0.9871094870693179,105.41405523930052,309.7423095211644,9.065285939335531,31.813619396471033,4.772212245890187,30.30716647258216,51.31537487267279,202.28695189787533,11122.071836999996
590,88547.3057784,1,0.9979821735491465,108.07659728765331,330.79152079672764,9.065285828744543,34.779193046159804,4.641326579514261,30.30338592348661,54.978269510616286,202.31595625781137,11140.107673299994
591,88565.979017,1,-1.0066611525167406,96.16841450363565,327.58282917684244,9.083971234964155,34.709525202364595,4.771329604164525,38.60646945337397,60.156507929809166,202.81302908932796,11158.780911900001
592,88586.1117422,1,-1.0206575822419468,105.41405523930052,327.58193165667717,9.061222447843699,34.71050378640272,4.771329604164525,34.1458797715434,52.500258131608106,204.5265334285425,11178.913637099991
593,88609.3508275,1,-1.018444234129522,105.41405523930052,327.5816987879953,9.111275166643546,34.71054662500629,4.875510317970402,44.54728467615837,59.73102441411496,202.84923927123185,11202.152722400002
594,88629.5984655,1,0.9763463317528089,107.76686261922333,324.8434274588893,9.083221145054273,34.7104910151908,4.771329604164525,42.55088362038546,45.87225487972296,204.5750149646901,11222.400360400003
595,88650.6484336,1,-1.0198814708764594,105.41405523930052,327.58288757072563,9.110525076733662,34.74011248801737,4.576065576476501,30.30374396580121,60.14306778513401,202.84923927123185,11243.450328499996
596,88672.5743108,1,-1.019354824358851,105.41405523930052,327.58288757072563,9.110525076733662,34.70897281808066,4.576065576476501,36.44280567800978,59.73102441411496,202.84466410042447,11265.376205699999
597,88703.8390314,1,-1.0199644220105315,105.41405523930052,327.58288757072563,9.110525076733662,34.73852946704569,4.576065576476501,30.053240095555044,59.73102441411496,202.84466410042447,11296.640926299995
598,88738.6233856,1,-1.0199879689542348,105.41405523930052,327.58288757072563,9.110525076733662,34.73898367978108,4.576065576476501,30.01774839005083,59.73102441411496,202.83676278695955,11331.4252805
599,88759.3480041,1,-1.017823103631167,105.41405523930052,327.58288757072563,9.06528582747047,34.77817195015703,4.771329604164525,55.898415240160915,51.31537487267279,202.3166132430487,11352.149898999996
600,88783.074937,1,1.0160937791199727,105.41405523930052,327.5818437796127,12.132446599310228,34.70546919278392,4.771329604164525,30.30374396661464,59.68049485341474,202.30363117158498,11375.876831899994
601,88838.3859498,1,-1.0207926227406374,105.41405523930052,327.581873262794,9.083971234964155,34.710482077080535,4.771329604164525,30.129627728495304,52.51832813029279,202.81302908932796,11431.18784469999
