iteration,timestamp,success,NPV_over_CAPEX,clearance,sp,p_rated,Nwt,wind_MW_per_km2,solar_MW,surface_tilt,surface_azimuth,time_sec
0,145187.6248752,1,-0.8580274038762259,50.724551916711164,303.55481841941486,7.219830198089737,41.86494844406802,4.59332633798849,183.2022102276827,20.69557457323068,181.43180706058098,0.0
1,145211.6047842,1,-0.18343366254850726,36.09610190093926,238.53903316750763,14.225805201015547,44.979727241983014,6.1186871699118175,52.61189558842038,50.770424174774405,186.7897015611046,23.979908999986947
2,145227.7281735,1,-0.647388818613678,16.95705826324095,204.24761078602722,9.702824576224018,21.425472411716864,7.244566872690705,196.16513232209505,14.731933404100264,185.94447366342084,40.1032983000041
3,145243.1674162,1,0.8868896361860995,100.24453623179487,226.4928218107318,12.773035120253816,40.6850759936787,9.865626835800333,185.31964437383246,44.8769156700463,184.88689953369214,55.54254100000253
4,145258.6980463,1,-0.5467497707689981,31.58828482045414,303.1606486125948,19.435486997461133,8.261305202763987,9.639600652841581,58.47026102894904,72.08052064865933,192.96639555398667,71.07317109999713
5,145274.0283328,1,-0.0327761848912358,23.92068837263094,221.94249304348435,17.556922194865976,37.85094482343373,5.2456543541629586,45.88339290351182,29.463866808200528,174.05552633657916,86.40345759998308
6,145289.4431527,1,0.6692285140163923,118.82953497002221,252.98564362146362,7.482619903061575,20.640983508599447,3.9846269528411753,181.9599184319223,81.20637383482246,207.12423989313183,101.81827749998774
7,145304.7914071,1,-0.5880527071086724,50.727328458152456,224.53332318933363,9.044503215309357,48.49766235248901,3.869853084709683,188.6049069739892,46.90176276978848,156.85903468910757,117.16653190000216
8,145321.5333593,1,0.9710734145900665,62.57044084005185,208.20963789292475,17.580830342041786,34.7572300025906,5.236156910820933,78.58351711875093,59.60884907414657,152.23128951565718,133.9084840999858
9,145336.1044411,1,0.869845761710822,118.05975023588657,231.92040072011426,10.19395028495136,34.06175320340752,3.428256482249434,148.45285813613884,78.15007889540715,197.7199017473049,148.47956589999376
10,145351.6247522,1,-0.7292240030233312,50.13559785586112,283.73890256978,5.276823942170884,31.764758087171945,6.090961197793438,32.536796042224246,60.76137935603763,181.82620854061548,163.99987699999474
11,145368.2031522,1,-0.7536503036192326,63.28979714132979,203.38611393912498,6.81850407936085,27.779015563895907,3.971895154045,103.15460361754464,41.78080504891511,155.99714537564944,180.57827699999325
12,145382.6497095,1,0.7730782604766565,104.02434585979726,284.88295865209454,6.882140305320238,25.142674329875025,1.518130198570619,149.7044664841688,10.892267898247379,182.14971461074396,195.02483429998392
13,145398.3019456,1,-0.8439669847458029,98.07028143325711,331.87348323857356,9.697554312564408,18.45992620363102,4.029676185688807,189.3152169883159,62.560980291541654,187.37378765538463,210.67707039997913
14,145413.0032121,1,0.7872837751549511,96.36989310427215,351.2722410919471,7.9645843951552875,24.204636282160056,1.8172854972264854,140.51463319340957,34.016460805659165,161.79260737723007,225.37833690000116
15,145429.2419372,1,-0.496915915371818,43.90238843499143,285.72732119690625,5.34603674140988,15.269691773875092,9.623589622958661,185.7477031532281,40.1879510041549,173.9318149428117,241.6170619999757
16,145444.7620574,1,0.9770540304287377,67.42594902979064,253.22343205587305,19.560452069205382,21.20678740171036,9.380672872512225,47.03564773334078,66.77753494444579,194.29123767951907,257.13718219997827
17,145460.2094589,1,-0.787203068229398,18.030376491872886,263.54135076162163,7.083389902269045,40.037310789368725,6.258852438377278,179.65962433833428,9.584282309974304,199.4771853499418,272.58458369999425
18,145475.5161808,1,-0.7051482627879707,99.43330814698814,355.26473414139025,9.60712184866512,14.094762124886724,5.55449088193285,61.24420874444533,36.74105924477014,157.89929455172376,287.89130560000194
19,145491.0302238,1,0.8094896557128466,76.37641320922444,218.39496556146037,6.303098261745648,20.479689020569616,2.7085539173125124,104.05521033043374,5.279968046400931,155.16131853494602,303.4053485999757
20,145505.1563381,1,0.6286775890114232,36.41835513359944,344.3161646290664,7.9660704072123,12.134364295773725,1.9972455907768878,156.23277401858883,61.08199386624836,157.24990505953835,317.5314628999913
21,145521.0845187,1,-0.663450949001345,93.09458283066171,353.0605069159663,9.058263316048482,14.094762124886724,5.5403777513066865,61.24420874444533,47.22852497565468,157.89929455172376,333.45964349998394
22,145536.8472086,1,-0.5349481107330512,57.06509616259462,225.29503937662412,9.593361747925996,48.49766235248901,4.032802715952413,188.6049069739892,39.17698713319241,156.85903468910757,349.2223333999864
23,145552.3739399,1,-0.804934184150998,50.13559785586112,263.77826197972763,5.276823942170884,39.98322369454487,6.2469204272887415,36.57955617193623,61.58505827712381,181.82620854061548,364.7490646999795
24,145569.1402117,1,-0.7323594269057,18.030376491872886,283.5019913517935,7.083389902269045,31.818844924933494,6.258852438377278,178.10906439498785,8.825659174518574,199.4771853499418,381.515336499986
25,145584.0086625,1,-0.496915915371818,43.90238843499143,285.72732119690625,5.34603674140988,15.269691773875092,9.623589622958661,185.7477031532281,40.1879510041549,173.9318149428117,396.38378730000113
26,145600.224296,1,-0.8316400073383781,98.07028143325711,331.87348323857356,9.697554312564408,18.45992620363102,4.029676185688807,189.3152169883159,69.3317951145649,187.37378765538463,412.5994207999902
27,145615.5065591,1,-0.7934575004835314,50.727328458152456,223.93756588005792,9.044503215309357,28.533994806998592,3.8725833139871617,188.6049069739892,42.04858712826908,156.85903468910757,427.8816838999919
28,145630.7223323,1,-0.8369096838728726,63.28979714132979,204.00345448995597,6.81850407936085,47.45584577940346,3.969164924767521,103.15460361754464,46.63398069043453,155.99714537564944,443.097457099997
29,145647.1643707,1,-0.6929242678370888,14.758842871339201,200.31546232022336,9.702824576224018,27.965912005277826,7.244566872690705,83.4157956766654,14.731933404100264,185.94447366342084,459.53949549997924
30,145662.9473983,1,-0.6350062396468397,65.8019235379274,203.38611393912498,6.81850407936085,18.34353486200115,3.971895154045,199.82813103800845,41.78080504891511,155.99714537564944,475.3225230999815
31,145678.5060674,1,-0.1753129018397791,24.567642334287783,238.53903316750763,14.225805201015547,44.979727241983014,6.195724205559133,52.739113916296965,50.770424174774405,187.0777885358041,490.88119220000226
32,145693.8374769,1,-0.03585655167023773,34.63878332747046,221.94249304348435,17.556922194865976,37.85094482343373,5.01800291578895,45.75617457711801,29.463866808200528,173.76743935351953,506.21260169998277
33,145709.7522634,1,-0.7986810290351216,50.2730736748313,276.51333797369045,5.276823942170884,38.07052808457654,5.108443494012536,32.536796042224246,60.36405284138334,181.82620854061548,522.127388199995
34,145725.5429114,1,-0.2663603104798954,25.612956074644607,229.17099883388286,17.556922194865976,30.09489394814893,6.228172057939167,44.8968304824398,29.861192979503613,174.05552633657916,537.9180361999897
35,145740.989106,1,-0.8342130530191083,98.07028143325711,331.87348323857356,9.577185556945086,22.502700062831714,9.285057972431485,179.1925051949737,64.14589182655915,170.86287246214147,553.3642307999835
36,145756.4505446,1,-0.5744307688423494,43.90238843499143,285.72732119690625,5.467048473153104,15.269691773875092,4.338301121027236,185.7477031532281,40.1879510041549,187.05924058848402,568.8256693999865
37,145771.8290115,1,0.8932273189842584,96.36989310427215,351.2722410919471,7.9645843951552875,39.78915878411658,1.8172854972264854,140.2537680973854,9.393092746775476,158.58467636640688,584.204136299988
38,145786.982676,1,-0.7365485833330608,18.030376491872886,263.54135076162163,7.083389902269045,24.452744048055195,6.946299730128257,178.33853740246587,34.20897649874106,199.4771853499418,599.357800800004
39,145802.4924997,1,0.7561594880931171,96.36989310427215,351.2722410919471,7.964465944640192,20.806990844317852,1.8172854972264854,140.51463319340957,34.016460805659165,161.79260737723007,614.8676244999806
40,145818.4175593,1,-0.6161069538723207,98.32506652118562,355.26473414139025,9.60712184866512,11.465486101185592,5.55449088193285,61.24420874444533,36.4876893157481,156.0968734645707,630.7926840999862
41,145833.595609,1,-0.8015228175666588,18.030376491872886,205.0045018480237,6.854000843107769,40.588833983444324,6.258852438377278,100.93116177719097,45.5219494638835,199.4771853499418,645.9707338000007
42,145849.6051033,1,-0.8392879092371736,63.28979714132979,262.8910221657591,7.047893138522127,46.903863234043655,3.969164924767521,181.4518957399158,10.704392583818802,150.06359490554615,661.9802281000011
43,145865.2586618,1,-0.740851752740807,65.8019235379274,203.38611393912498,7.100467360953247,18.737092311563185,3.971895154045,198.86952490621192,41.78080504891511,199.5017661291987,677.6337865999958
44,145881.2721506,1,-0.7627154336205821,18.030376491872886,278.5930860306129,6.8603014652154926,39.64345659308593,6.258852438377278,172.57416287481902,9.584282309974304,157.84242510883385,693.6472753999988
45,145896.9569197,1,-0.6377532651712539,48.2755465298225,355.26473414139025,9.60712184866512,17.117875504880026,3.8355760829927004,56.7551975338758,34.44258762546605,159.4427121563717,709.3320444999845
46,145911.5892187,1,0.7964595461903915,101.87834131248901,223.93756588005792,9.044503215309357,27.24741364224947,5.5914981198716465,191.7459418860857,42.04858712826908,157.90025987048284,723.9643435000035
47,145927.6879917,1,-0.7223357930721614,18.030376491872886,302.6774228271281,7.083389902269045,31.818844924933494,6.258852438377278,178.10906439498785,8.825659174518574,199.4771853499418,740.0631164999795
48,145942.9085644,1,-0.8065637765040309,50.13559785586112,263.77826197972763,5.276823942170884,39.98322369454487,5.862395006001403,36.57955617193623,61.58505827712381,177.58871236973098,755.2836891999759
49,145958.9087015,1,-0.658557727662843,14.758842871339201,200.31546232022336,11.213708043171664,27.965912005277826,8.388826594482058,93.44004270958978,14.731933404100264,185.94447366342084,771.2838263000012
50,145974.6975053,1,-0.8317080499049511,98.07028143325711,331.87348323857356,9.697554312564408,18.45992620363102,4.029676185688807,188.24591309498,69.3317951145649,187.37378765538463,787.0726300999813
51,145990.0418326,1,-0.8437413004722902,50.727328458152456,274.7684242450659,8.950774001329345,29.59093700802094,3.8725833139871617,188.6049069739892,42.04858712826908,180.42038004802117,802.4169573999825
52,146006.4900633,1,-0.7813377485996104,50.2730736748313,225.68338046232623,5.389537085943273,37.01358571036257,5.108443494012536,43.63793365822164,62.98326550543885,158.26894422666442,818.8651880999969
53,146022.0018843,1,-0.8306605785958864,50.13559785586112,283.73890256978,6.829801377779187,33.85187666031698,5.951033511240246,109.47980820711528,43.017979189160386,181.64714574150796,834.3770090999897
54,146037.6418591,1,-0.7217945019425904,63.28979714132979,203.38611393912498,5.243053574897845,31.47483893675489,4.171909712993036,30.809561585508163,59.524205147311164,158.0195555287421,850.0169838999864
55,146053.3572067,1,-0.8021284693789614,97.15295890703518,335.66442623588654,9.712672557310222,20.497496103786812,9.285057972431485,179.39276703994705,14.986975131052002,170.86287246214147,865.7323314999812
56,146068.7002709,1,-0.6694193131006562,18.188060105514708,203.5132366287943,9.56733757585888,21.417040501468726,7.126303191289575,195.9586144614472,65.62765657666512,185.94447366342084,881.0753956999979
57,146084.9400152,1,-0.8222740885287815,98.15150160759453,281.8468605025726,5.276823942170884,35.844016285713316,5.108443494012536,187.3980732763575,60.36405284138334,187.42869014960803,897.3151399999915
58,146100.213508,1,-0.701324599123345,50.19096571305057,331.87348323857356,9.697554312564408,18.45992620363102,4.029676185688807,33.724138788100674,62.560980291541654,181.77130604638725,912.588632799976
59,146116.1171383,1,-0.8400574433837613,98.07028143325711,331.87348323857356,9.697554312564408,18.205633987399352,4.267275724250168,189.65504745754546,62.560980291541654,187.37378765538463,928.4922630999936
60,146131.4349202,1,-0.8394436259827438,63.28979714132979,204.00345448995597,6.7711482735676185,47.45584577940346,3.969164924767521,103.15460361754464,46.63398069043453,155.99714537564944,943.8100449999911
61,146146.3342839,1,-0.7750510357509047,56.007459031568274,281.8468605025726,5.14820522105978,35.844016285713316,5.108443494012536,188.57151539528923,60.36405284138334,180.349197954547,958.7094087000005
62,146162.6938822,1,-0.9448531017927058,92.87074913723788,274.7684242450659,9.167815636724079,29.59093700802094,3.8725833139871617,187.43146485505747,43.90772506312868,189.5170861203272,975.0690069999837
63,146177.8003099,1,-0.8737753210360344,98.07028143325711,331.87348323857356,9.577185556945086,22.502700062831714,9.285057972431485,179.1925051949737,60.24119266613781,188.13659803140862,990.1754346999805
64,146193.3815893,1,-0.7718703486015523,91.97594636723682,281.8468605025726,5.276823942170884,35.844016285713316,4.772796211049138,187.3980732763575,64.26875200180464,167.52610566868847,1005.756714099989
65,146209.7690572,1,-0.8329214624631986,63.28979714132979,204.00345448995597,6.81850407936085,46.89486064940006,3.969164924767521,103.15460361754464,2.171801050997143,156.0954429725946,1022.1441819999891
66,146224.9420033,1,-0.8346108022460111,63.28979714132979,262.8910221657591,7.047893138522127,47.464848364046865,3.036850170116906,173.13609180667797,45.773598342730125,150.06303626777287,1037.317128099996
67,146241.040387,1,-0.8402953064810519,65.25736034398867,206.50307035286096,6.81850407936085,47.45584577940346,4.4138219410801165,110.32303248307885,43.08451748419658,155.99714537564944,1053.4155117999762
68,146255.8306467,1,-0.8435238732855898,62.31749560278331,281.8964974423712,6.7704685279032,33.85187666031698,3.973672895762492,102.31137934158109,46.56744239539833,182.27388265478515,1068.2057714999828
69,146270.8276678,1,-0.8083790324150999,98.07028143325711,332.82724611918195,8.724290914666463,18.45992620363102,4.029676185688807,189.3152169883159,62.560980291541654,187.37378765538463,1083.202792600001
70,146287.1248779,1,-0.812098769682979,50.13559785586112,263.77826197972763,5.550644098833037,39.080856909007885,6.272148257962784,36.57955617193623,61.58505827712381,181.82620854061548,1099.5000026999915
71,146302.221971,1,-0.8437413004722902,50.727328458152456,274.7684242450659,8.950774001329345,29.59093700802094,3.8725833139871617,188.6049069739892,42.04858712826908,180.42038004802117,1114.5970957999816
72,146316.710738,1,0.8652817975785942,63.28979714132979,262.8910221657591,7.047893138522127,46.903863234043655,2.826229864470581,181.4518957399158,10.704392583818802,150.05554417351064,1129.0858627999842
73,146332.0459039,1,-0.8328731987354037,63.28979714132979,328.13676075487604,7.018537185162795,46.88252499132043,4.21424218438711,188.15739431708232,46.63398069043453,155.99714537564944,1144.4210286999878
74,146346.3104875,1,0.8470685024523548,98.07028143325711,209.00809605543785,9.45017437845756,18.921577782233797,4.032958973468613,88.88676904621464,69.3317951145649,187.37378765538463,1158.6856123000034
75,146362.593028,1,-0.8317068261333607,98.07028143325711,331.87348323857356,9.697554312564408,18.45992620363102,4.029676185688807,188.24869959782674,69.3317951145649,187.37378765538463,1174.9681527999928
76,146377.9601801,1,-0.8439661882640812,98.07028143325711,331.87348323857356,9.697554312564408,18.45992620363102,4.029676185688807,189.31243048546915,62.560980291541654,187.37378765538463,1190.3353048999852
77,146393.3707494,1,-0.8725167861626102,50.13559785586112,283.73890256978,7.073868972425623,39.98678804128418,5.951033511240246,109.47980820711528,43.22240192593448,181.64714574150796,1205.7458741999872
78,146409.8480886,1,-0.7556933684541683,18.030376491872886,263.54135076162163,6.839322307622608,34.85327346794995,6.258852438377278,179.65962433833428,9.386607927589761,199.4771853499418,1222.2232133999933
79,146424.8477649,1,-0.8799220657489222,63.28979714132979,327.90171180529427,6.7711482735676185,47.45584577940346,4.259722949040043,175.2234480197822,46.39534631721765,186.11199990566874,1237.2228897000023
80,146440.077561,1,0.8574175206628682,98.07028143325711,204.1212760698434,9.697554312564408,18.205633987399352,3.9767176999776463,99.73850910292263,61.72686539934605,157.2776494763335,1252.4526858000027
81,146454.7499313,1,-0.7951488707090514,50.14939165149154,274.7349932077916,7.073868972425623,29.1367929069097,5.951033511240246,109.47980820711528,43.18280496162093,179.93488275656873,1267.1250560999906
82,146470.0344299,1,-0.8192725652560826,50.71353466252204,283.7723336070543,8.950774001329345,39.405580142674296,3.8725833139871617,188.6049069739892,34.978626535272504,181.49384034896656,1282.4095546999888
83,146486.3684602,1,-0.8684627085140113,99.01877802887002,331.87348323857356,9.577185556945086,21.900944018673027,9.285057972431485,179.1925051949737,60.24119266613781,188.13659803140862,1298.7435849999893
84,146501.4238943,1,-0.8676056745080876,44.10560592096361,283.73890256978,7.073868972425623,39.98678804128418,5.951033511240246,109.47980820711528,43.22240192593448,181.64714574150796,1313.799019099999
85,146517.0737675,1,-0.843431624533832,50.727328458152456,274.7684242450659,8.950774001329345,29.5633867390761,3.8725833139871617,188.6049069739892,45.22471315493112,180.42038004802117,1329.448892299988
86,146532.4150513,1,-0.873862689690214,98.07028143325711,331.87348323857356,9.577185556945086,22.530250332151063,9.285057972431485,174.29837973811374,60.67916419283135,188.13659803140862,1344.7901760999812
87,146547.0624238,1,-0.839067750476424,48.15738184734643,324.99429213887305,9.697554312564408,30.164426721951052,4.029676185688807,188.6199219059533,61.953284027566056,187.37378765538463,1359.4375485999917
88,146561.906301,1,0.683266974298185,100.63574858208582,281.64709364548287,8.950774001329345,20.594985001439085,3.8725833139871617,189.29741555350503,42.65628313417061,180.42038004802117,1374.2814257999999
89,146576.0949965,1,0.695736351775542,98.07028143325711,331.87348323857356,11.08949912411363,18.45992620363102,4.029676185688807,188.24591309498,61.22489261699613,187.09620942165677,1388.4701212999935
90,146591.9225668,1,-0.8037703066017369,97.94401770112952,331.87348323857356,9.697554312564408,17.003675898411505,4.179220659105394,189.31243048546915,70.66788278204818,187.37378765538463,1404.2976915999898
91,146607.7380956,1,-0.8327603365737226,61.34726544809919,328.0152311179667,9.709912214171101,24.496899848469504,4.259722949040043,157.40220388537324,63.21929367484579,185.06221129619735,1420.1132204000023
92,146622.4036176,1,-0.9116906637478915,101.86142564990192,311.2696912637108,6.6785087318434275,45.39790093938932,9.285057972431485,175.37461499143834,47.32194435989319,185.63098661874906,1434.778742399998
93,146638.4375357,1,-0.7661697696855668,63.46316761564755,331.87348323857356,9.697554312564408,18.205633987399352,4.267275724250168,189.65504745754546,46.54030463856031,182.31851766027253,1450.8126604999998
94,146653.302955,1,-0.903281086525054,96.924495686379,281.8964974423712,6.7704685279032,33.85187666031698,3.9848665330613384,102.31137934158109,62.58811801830734,186.22132772903018,1465.6780797999818
95,146668.056834,1,-0.7406435971896357,94.15896238071456,331.87348323857356,9.697554312564408,13.524395465834882,4.029676185688807,94.38567386395609,47.2092923213751,188.31425584597685,1480.431958799978
96,146684.1404371,1,-0.8109382227211943,67.20103871573274,207.027033898187,6.81850407936085,44.48916428260546,3.969164924767521,194.94598178871448,61.985668635760206,153.01074557757403,1496.5155618999852
97,146699.0537629,1,-0.8751887488740662,63.28979714132979,327.90171180529427,6.7711482735676185,47.89383043643925,4.2463007346876065,187.12131725951284,50.79789197943937,186.12401757503162,1511.4288876999926
98,146715.3009499,1,-0.9511030035414183,92.87074913723788,273.07091700309525,9.827578663923408,29.083296461925123,3.8860055283395987,175.53359441562318,46.41687753317366,189.84187675462917,1527.6760746999935
99,146730.5065807,1,-0.9067127580927198,66.00104880001052,277.7174775473516,8.936636990570554,29.59093700802094,4.371818725055434,113.6168103682274,43.948874219190536,189.57618247562223,1542.8817054999818
100,146744.8737785,1,-0.8276792164568051,92.127056878666,206.50307035286096,6.81850407936085,47.45584577940346,4.4138219410801165,184.0650211473742,43.043368328134726,155.96615751707233,1557.248903300002
101,146761.1287015,1,-0.6787802172422082,62.47914115728348,327.90171180529427,10.286530051811194,44.66691872871938,4.2463007346876065,187.12131725951284,57.84287517180731,185.25487022433578,1573.5038263000024
102,146775.7749571,1,-0.6886119367566869,98.88069667829474,331.87348323857356,5.482849556306736,21.55915555662945,4.029676185688807,189.3152169883159,49.44966044250851,187.37378765538463,1588.1500818999775
103,146791.4277556,1,-0.8711874660155404,48.106321622669505,283.73890256978,7.073868972425623,39.98678804128418,5.951033511240246,109.47980820711528,43.22240192593448,181.64714574150796,1603.8028803999769
104,146805.8721782,1,0.7674330853438884,94.89949562396593,260.0885708168306,9.167815636724079,29.59093700802094,3.8725833139871617,187.43146485505747,47.25560306597508,189.5170861203272,1618.247302999982
105,146821.1212649,1,-0.903822866790392,66.00104880001052,277.723580513357,8.809502885247785,29.59093700802094,4.371818725055434,108.90016732369821,43.948874219190536,189.57618247562223,1633.4963896999834
106,146837.0936734,1,-0.8652425241344954,44.10560592096361,266.3325603439077,7.201003170366014,39.98678804128418,5.951033511240246,113.7604343321517,43.22240192593448,181.64714574150796,1649.4687981999887
107,146852.0490614,1,-0.8439661882640812,98.07028143325711,331.87348323857356,9.697554312564408,18.45992620363102,4.029676185688807,189.31243048546915,62.560980291541654,187.37378765538463,1664.4241861999908
108,146866.9592141,1,-0.9319690626833975,74.66422844322472,277.7174775473516,9.170916036034711,29.59093700802094,4.371818725055434,113.6168103682274,43.948874219190536,189.8679265111063,1679.3343388999929
109,146882.7989649,1,-0.7403344602623653,55.17432946529869,331.87348323857356,9.577185556945086,20.271571270036276,9.73121170139868,174.29837973811374,45.59398599205274,188.13659803140862,1695.1740896999836
110,146898.4530318,1,-0.9424439161760021,93.03088941956771,281.3182910940776,7.073868972425623,42.24284120241839,5.951033511240246,109.47980820711528,65.32713918426599,181.64714574150796,1710.8281565999787
111,146913.8312028,1,-0.8581374059589314,99.06862861822512,347.42710316122054,9.577185556945086,21.27793652684654,9.285057972431485,179.1925051949737,57.887621097889316,188.13659803140862,1726.2063275999972
112,146929.7548582,1,-0.910714555084753,101.81157506054677,311.24120884269075,6.6785087318434275,46.67294629250446,9.210023450779635,175.37461499143834,51.99198055447018,185.63098661874906,1742.1299829999916
113,146944.5164007,1,-0.9529233308778404,92.87074913723788,274.7482268611706,9.827578663923408,29.58447690723466,3.885139702673186,179.816182771826,46.41687753317366,189.8448758375224,1756.8915254999883
114,146959.2952864,1,0.7615977489370884,92.87074913723788,273.09111438699057,9.167815636724079,29.0897565627114,2.794077337360782,187.97449368285942,43.72151184938794,189.51408703743397,1771.6704112000007
115,146973.8429682,1,-0.8884059276860296,72.27328473553511,327.90171180529427,6.7711482735676185,47.45584577940346,3.903729254180668,175.2234480197822,46.39534631721765,186.11199990566874,1786.2180930000031
116,146988.5779108,1,-0.8996155677297434,63.333242003913114,264.25707736582575,9.827578663923408,29.083296461925123,4.241999223198974,175.53359441562318,46.41687753317366,189.84187675462917,1800.9530355999887
117,147003.9434577,1,-0.8805598624450071,63.28979714132979,326.98844756689874,6.775934557286827,47.45584577940346,4.259722949040043,175.2234480197822,46.39534631721765,186.11199990566874,1816.3185824999819
118,147018.9149766,1,-0.9142530461136745,101.86142564990192,312.1829554926842,6.673722448124219,45.39790093938932,9.285057972431485,175.37461499143834,47.32194435989319,188.2960252747975,1831.2901013999945
119,147034.358044,1,-0.8462971009737008,63.28979714132979,284.175983867263,7.513598402392317,47.89383043643925,4.2463007346876065,187.12131725951284,49.726571427852576,186.11810006512223,1846.733168799983
120,147049.1780764,1,-0.9048926192162724,96.924495686379,328.88638406816966,7.05061801407008,33.85187666031698,3.9848665330613384,102.31137934158109,63.65943855041643,186.22724523893953,1861.553201200004
121,147062.8825307,1,0.7876161337594217,95.09714559718837,277.6775856485385,9.84516406324902,29.58447690723466,3.885139702673186,179.816182771826,46.32811100363351,189.8448758375224,1875.2576554999978
122,147078.8129626,1,-0.9314654587393335,74.66422844322472,274.6721376431329,9.15333063670911,29.59093700802094,4.371818725055434,103.21299046095562,44.03764074873068,189.8679265111063,1891.1880873999908
123,147094.0537869,1,-0.8431961880806917,92.87074913723788,274.7482268611706,8.48087167299565,22.517652596018323,9.25364816434687,179.2651109180512,61.284464391538734,191.88260299571817,1906.4289117000008
124,147109.8527681,1,-0.9623497333706645,98.07028143325711,331.87348323857356,9.577185556945086,29.59707464375016,3.907242772496694,198.74014947923234,45.81157731275497,188.11244508636656,1922.2278929000022
125,147125.2911101,1,-0.9537076697241695,99.60701142903353,320.1600476522831,7.074396690464011,41.81224243919469,5.917942079398401,102.31137934158109,63.79333988477186,186.22724523893953,1937.6662348999816
126,147140.1795136,1,-0.909515989189582,93.03088941956771,279.86583265061836,7.0500902960316925,34.28247371815677,4.017957973543076,109.47980820711528,65.19323784991055,181.64714574150796,1952.5546383999754
127,147156.6915326,1,-0.9434742730892508,101.5585623612074,281.3182910940776,7.073868972425623,45.31770027235732,6.387581042241407,109.47980820711528,64.3448292259107,181.64714574150796,1969.0666573999915
128,147171.7757529,1,-0.8997873478634552,95.03965828422592,312.1829554926842,6.673722448124219,42.323041849030105,9.369482538054882,175.37461499143834,48.30425413717841,188.2960252747975,1984.1508776999835
129,147187.5433016,1,-0.9053844872093427,101.86142564990192,311.2696912637108,7.223443244626653,46.67566420044484,9.348616772388311,175.37461499143834,47.414701086153826,185.63098661874906,1999.9184263999923
130,147203.4311653,1,-0.9146341984623962,101.81157506054677,311.24120884269075,6.6785087318434275,45.39518303138965,8.912062200551798,170.43828530008187,51.89922382820954,185.63098661874906,2015.8062900999794
131,147219.0027315,1,-0.9555676905634886,92.87074913723788,307.16453818749034,9.167815636724079,29.59093700802094,3.8725833139871617,187.43146485505747,43.90772506312868,192.50425347763465,2031.3778562999796
132,147234.5561617,1,-0.90408594377655,66.00104880001052,283.7312066549463,8.809502885247785,29.59093700802094,4.509608664589831,104.04677055669231,43.948874219190536,190.1345940196266,2046.931286499981
133,147249.313973,1,-0.8472345377207344,101.86142564990192,272.3100816503307,6.673722448124219,29.882206964381528,9.54990065535618,175.37611557966736,43.69230988552551,188.2960252747975,2061.689097800001
134,147264.534265,1,-0.7328738428513988,92.87074913723788,310.8960621831938,9.827578663923408,45.20951167833732,3.8860055283395987,175.53209382739416,47.35918546963142,185.8051839317006,2076.9093897999846
135,147280.3977831,1,-0.9150674138986065,101.86142564990192,312.53255567787653,6.835632061410418,44.205429832651085,9.285057972431485,175.37461499143834,47.11449541259633,185.63098661874906,2092.7729078999837
136,147296.3073374,1,-0.9394606142839357,82.2374962058242,271.8080501878307,9.834608257454558,30.273454355464718,3.8860055283395987,175.53359441562318,38.190942436281915,189.84187675462917,2108.6824621999986
137,147312.4552813,1,-0.9514275597438004,92.87074913723788,280.5955597148362,9.167815636724079,29.59093700802094,3.8725833139871617,187.43146485505747,43.94667820520443,193.33141452157943,2124.8304060999944
138,147327.6148919,1,-0.8805266982902353,58.00722550767803,281.72098614936044,8.809502885247785,29.59093700802094,4.371818725055434,108.90016732369821,43.909921077114795,189.52230024804976,2139.9900167000014
139,147342.727698,1,-0.8800939201543668,63.28979714132979,327.7708341297456,6.783332223039647,47.45584577940346,4.259722949040043,175.2234480197822,46.39534631721765,186.11199990566874,2155.1028227999923
140,147359.117941,1,-0.9394480757984197,78.88804144908131,277.7174775473516,9.170916036034711,29.59093700802094,4.371818725055434,113.6168103682274,40.894441785741435,189.8679265111063,2171.493065799994
141,147374.5455102,1,-0.8780482825022651,101.02652255562644,277.7174775473516,6.678239885211525,29.826630761809493,4.320935030579813,113.6168103682274,51.76917904021548,189.8679265111063,2186.9206349999877
142,147389.5905091,1,-0.7460600502379029,75.78783408850332,311.24120884269075,9.171189667988603,46.42706635246449,9.251576982142273,175.37461499143834,44.171675733444424,185.63098661874906,2201.965633899992
143,147405.2794741,1,-0.9339151592596594,92.87074913723788,273.07091700309525,8.560648106165818,29.12504885506799,3.8860055283395987,173.42379774325224,46.31657031945238,189.84187675462917,2217.6545989000006
144,147420.1801538,1,-0.9517022979266934,92.87074913723788,280.5955597148362,9.167815636724079,29.54918461487807,3.8725833139871617,183.66126965227278,44.046985418925715,193.01027958493478,2232.55527859999
145,147436.3109379,1,-0.9255576344094696,77.82104308858541,307.16453818749034,9.167815636724079,29.89274612665176,3.8725833139871617,187.43146485505747,43.90772506312868,188.11295309955463,2248.6860626999987
146,147451.2475565,1,-0.9732034082606218,102.60228720700316,331.87348323857356,9.577185556945086,29.59707464375016,3.907242772496694,198.74014947923234,48.00994749924943,192.50374546444328,2263.622681299981
147,147466.2154575,1,-0.9386053647835565,82.78611615706998,277.7174775473516,9.044984625598461,30.254705865270395,3.9076080048624706,172.23035983002373,43.948874219190536,189.8679265111063,2278.5905822999775
148,147482.0669075,1,-0.93890149926665,74.11560849197336,276.71549526702063,9.834608257454558,29.609685498215264,4.350216248532568,115.15414574284588,38.190942436281915,189.84187675462917,2294.442032299994
149,147496.6918593,1,-0.9428209673692667,92.87074913723788,274.7482268611706,8.785922372168807,29.58447690723466,3.885139702673186,188.59221605201483,46.358720866913316,193.2379549281709,2309.0669840999763
150,147513.1006799,1,-0.9532597865084058,92.87074913723788,280.5955597148362,8.924287802266553,35.75516098437124,3.8725833139871617,178.65543069367413,44.00483487146478,189.9383354309305,2325.4758046999923
151,147528.2215795,1,-0.9469213573574154,92.69630193775966,280.8991698670869,7.074396690464011,41.81224243919469,5.950648715597355,102.3575102279823,63.79333988477186,186.30422173952743,2340.5967042999982
152,147542.9450057,1,-0.9488252603705595,99.94159891054889,320.5791624390075,7.073868972425623,42.24284120241839,5.918326875041293,109.43367732071407,65.32713918426599,181.57016924091963,2355.320130499982
153,147559.4503147,1,-0.9507207617294626,92.87074913723788,273.07091700309525,9.777303531854056,29.083296461925123,4.5804913635702365,174.91308620102606,38.27708273277669,189.84187675462917,2371.825439499982
154,147575.5129803,1,-0.9537076697241695,99.60701142903353,320.1600476522831,7.074396690464011,41.81224243919469,5.917942079398401,102.31137934158109,63.79333988477186,186.22724523893953,2387.8881050999917
155,147591.2765151,1,-0.9614032492316946,98.07413630274061,332.81316595619614,9.555055392836335,29.58445258024243,3.8839695759949837,198.74014947923234,45.78528933920059,188.11244508636656,2403.6516398999956
156,147606.3017966,1,-0.9544048966261869,92.86689426775207,273.80722347755494,9.410909283634888,29.59709897074239,3.9084128991748965,179.816182771826,46.44316550672805,195.3760692488378,2418.6769213999796
157,147621.398642,1,-0.9415488174001906,93.03088941956771,289.587728434393,7.073868972425623,42.24284120241839,5.951033511240246,117.4500876270094,65.32713918426599,181.64714574150796,2433.7737667999754
158,147637.6679537,1,-0.9175201183206438,101.86142564990192,312.53255567787653,6.835632061410418,44.205429832651085,9.285057972431485,166.3310703035899,47.11449541259633,186.13666089893601,2450.0430784999917
159,147653.027052,1,-0.9513599847869205,101.5585623612074,329.9178978197569,7.073868972425623,45.31770027235732,6.353424650553541,109.47980820711528,45.000729806693315,181.64714574150796,2465.40217679998
160,147668.3665105,1,-0.9437506289215737,95.0565292527244,279.2709706444331,9.167815636724079,29.59093700802094,4.053541682785113,187.43146485505747,63.251824071343336,192.12345018650848,2480.7416352999862
161,147683.9167258,1,-0.9575289072550243,92.87074913723788,280.5955597148362,8.24196484345618,35.75516098437124,3.8725833139871617,178.65543069367413,44.00483487146478,189.9383354309305,2496.291850599984
162,147699.8732913,1,-0.9555676905634886,92.87074913723788,307.16453818749034,9.167815636724079,29.59093700802094,3.8725833139871617,187.43146485505747,43.90772506312868,192.50425347763465,2512.2484160999884
163,147716.1423264,1,-0.9274308170283249,82.15333641862588,335.4775403849877,9.145838941754441,29.59707464375016,3.9096733906619487,198.7894540409436,51.748734696332846,192.98813344791267,2528.517451199994
164,147731.8768166,1,-0.950722425312816,92.87074913723788,276.9886115623538,9.599162251914723,29.54918461487807,3.870152695821907,199.06623051832952,44.046985418925715,192.5258916014654,2544.251941399998
165,147747.4811812,1,-0.9318146440624826,80.15794381326636,280.5955597148362,9.281464856312718,29.598466548496607,3.396355972301194,183.66126965227278,44.046985418925715,192.49704000051005,2559.8563060000015
166,147763.1808162,1,-0.9749298367835868,102.60228720700316,331.87348323857356,9.577185556945086,29.547792710131628,4.147129016770209,198.74014947923234,48.00994749924943,193.016985048868,2575.5559409999987
167,147778.4602645,1,-0.8397515797426278,100.00690852578808,319.3983541890693,9.764669261516854,41.61272819169516,5.968561121147634,118.73779216811529,42.789458161507554,186.1830155140426,2590.8353892999876
168,147796.1601967,1,-0.8065181913514788,98.07028143325711,331.87348323857356,6.886924588649045,24.72844004380968,3.8089747043176057,199.23013913556187,63.37821570988357,188.15667481126349,2608.5353214999777
169,147813.0320043,1,0.7950305903203752,98.07413630274061,269.03914913811855,9.834638078322813,29.599635048005922,3.8839695759949837,176.59939297619732,45.78528933920059,188.11244508636656,2625.4071291
170,147829.2138381,1,-0.9520791734748599,92.87074913723788,334.4724350593621,9.547995978436928,29.068113994161635,3.8860055283395987,197.5076392273116,46.41687753317366,189.84187675462917,2641.5889628999867
171,147844.0276269,1,0.7849473051705751,92.87074913723788,248.97606780094597,9.421336796017084,28.031583394802638,3.906611791642748,167.29720222038972,43.90772506312868,192.50425347763465,2656.402751699992
172,147859.1717998,1,-0.9583542101717484,92.86689426775207,307.24214022179416,9.157388124341882,29.58984766246758,3.8743844215193106,187.50588698280248,46.44316550672805,195.3760692488378,2671.5469245999993
173,147875.3017225,1,-0.9357568832331064,101.5585623612074,340.97229957925066,7.073868972425623,45.32994888582784,6.6116578305082685,109.47980820711528,45.000729806693315,171.59833817123393,2687.6768472999975
174,147890.7741946,1,-0.9521284128241397,99.94159891054889,320.5791624390075,7.073868972425623,42.24284120241839,5.918326875041293,97.12202750261704,65.32713918426599,181.57016924091963,2703.1493193999922
175,147906.1682884,1,-0.9482887306018797,92.87074913723788,272.9211931541861,9.779489110034362,29.11979512372991,4.566205393019331,190.06522884338264,47.19100619178014,189.84174472631662,2718.543413199979
176,147921.3454111,1,0.8017108783981742,92.87074913723788,261.9077377255868,9.825393085743102,29.54797824542987,3.8994256732244272,171.0468261864638,37.50295407418323,189.845007865835,2733.720535899978
177,147936.4600817,1,-0.9619911074750094,98.07028143325711,331.87348323857356,9.828982331500203,28.297978442931658,5.304256557893817,198.74014947923234,45.81157731275497,188.9844821450148,2748.8352064999926
178,147952.5861425,1,-0.930169091373789,101.5585623612074,281.3182910940776,7.120635098298476,47.029219536941206,6.387581042241407,109.47980820711528,64.3448292259107,181.64714574150796,2764.961267299979
179,147967.595742,1,-0.9556964135814263,98.07413630274061,332.81316595619614,9.27001825547766,29.58445258024243,3.8839695759949837,198.74014947923234,45.78528933920059,188.11244508636656,2779.970866799995
180,147983.4684881,1,-0.9514275597438004,92.87074913723788,280.5955597148362,9.167815636724079,29.59093700802094,3.8725833139871617,187.43146485505747,43.94667820520443,193.33141452157943,2795.843612900004
181,147998.9042633,1,0.7403235271964154,102.60228720700316,299.3996830108732,9.146531834220465,29.546355549484513,4.167978023491372,198.74014947923234,45.980398191318315,193.016985048868,2811.279388099996
182,148014.3352353,1,-0.9665852820718944,92.86689426775207,331.35900264742315,9.588041847066503,29.591284823114695,4.158002016813177,187.50588698280248,46.42631753849357,195.3760692488378,2826.710360099998
183,148030.0892924,1,-0.973028661829768,102.60228720700316,331.87348323857356,9.577185556945086,29.549185657284823,3.914060669600422,198.74014947923234,48.00994749924943,192.50374546444328,2842.4644171999826
184,148046.1493515,1,-0.8764904338595088,102.60228720700316,332.2851932021158,9.577185556945086,18.85066701086815,4.14031111966648,198.74014947923234,46.069073822491,193.016985048868,2858.5244762999937
185,148061.2535672,1,-0.9503056494630205,91.33045611664679,316.40964751499536,7.074396690464011,41.759303931592136,5.9123016122352325,102.31137934158109,45.614881382405045,186.22724523893953,2873.6286919999984
186,148077.5842515,1,-0.9425592170312367,99.80857062650702,358.8463187516278,9.577185556945086,29.649989327965443,3.912883253493964,198.74014947923234,59.96122197526429,188.11244508636656,2889.9593762999866
187,148092.7342173,1,-0.9572162349920539,92.77938861744013,341.70575140612715,9.555055392836335,29.589989132670443,3.8839695759949837,198.37114480910657,45.78528933920059,195.41889445290556,2905.1093420999823
188,148108.7246653,1,-0.9517515340268998,98.1616419530481,307.7266458900153,9.157388124341882,28.627376168560556,3.8743844215193106,187.84834828862324,46.44316550672805,188.06961987818445,2921.099790099979
189,148125.2416308,1,-0.9512825980318367,98.07413630274061,325.05629663395024,9.232552792263649,28.49528330323319,3.8839695759949837,198.74014947923234,43.13350755340821,188.78362035664097,2937.6167556
190,148140.6469657,1,-0.9640535769750134,94.38962616414105,328.0234763365817,9.840403329067868,29.626626957396443,5.478530209680684,197.0325754183482,42.55280900361571,189.01995707644485,2953.022090499988
191,148156.7426785,1,-0.9622870283201174,98.07028143325711,331.87348323857356,9.57745039956757,29.59707464375016,3.907242772496694,198.74014947923234,46.442158878804484,188.11244508636656,2969.1178033000033
192,148172.3158119,1,-0.9402615201151168,86.54050465723195,334.4724350593621,9.547731135814441,29.068113994161635,3.8860055283395987,197.5076392273116,45.786295967124154,189.84187675462917,2984.6909367000044
193,148187.8846737,1,-0.9658292394347209,102.60228720700316,331.87348323857356,9.203535554618108,29.59707464375016,3.907242772496694,198.74014947923234,48.00994749924943,192.50376092969827,3000.2597984999884
194,148204.4996894,1,-0.9583418307628564,92.87074913723788,307.16453818749034,9.265223466324056,29.59093700802094,3.8725833139871617,187.43146485505747,43.90772506312868,193.54964522095057,3016.874814199982
195,148219.7076207,1,-0.8834446850174461,102.65563088672234,334.2620541730631,9.27001825547766,20.60312530733723,3.8835470652248976,197.9294464216328,44.20496205448099,189.86668206704118,3032.0827454999962
196,148236.2798132,1,-0.9588267420414007,95.57025195407871,279.14539025905935,8.24196484345618,35.75516098437124,4.513050489493386,179.34237719180953,45.57676891543335,188.1840984502559,3048.6549379999924
197,148252.0874182,1,-0.9584136748388337,92.23400212605777,306.5228039375377,9.167815636724079,35.33060049768141,3.8725833139871617,178.22719686643393,38.81347406786894,192.50425347763465,3064.4625430000015
198,148268.0585746,1,-0.9326130926576323,92.87074913723788,281.23729395267543,8.24196484345618,30.015497494033244,3.8725833139871617,187.85969833358362,44.00483487146478,189.9383354309305,3080.4336993999896
199,148284.3786012,1,-0.9454978739029967,92.87074913723788,308.4797750698684,8.221866654547364,31.72903142527113,3.8725833139871617,187.43146485505747,43.87106405154237,192.68470350781126,3096.7537259999954
200,148300.5829086,1,-0.968182276613573,98.07028143325711,328.85086516922667,9.828982331500203,28.297978442931658,5.304256557893817,172.93277923547623,45.848238324341274,188.8040321148366,3112.9580333999766
201,148316.8752027,1,-0.9506575633230987,102.5626162538424,331.87348323857356,9.577185556945086,25.92792594898953,3.9518225225005135,198.74014947923234,48.00994749924943,192.50374546444328,3129.250327499991
202,148333.0701226,1,-0.9759547952568137,98.10995238641304,328.85086516922667,9.828982331500203,29.639063349996377,5.304256557893817,172.93277923547623,45.848238324341274,188.8040321148366,3145.445247399999
203,148348.2873463,1,-0.9455566264784245,102.60228720700316,331.87348323857356,8.503849919295936,29.59707464375016,3.907242772496694,198.74014947923234,37.96158267654043,192.50376092969827,3160.6624710999895
204,148364.6444734,1,-0.9728892088844151,99.25023641306062,328.0234763365817,9.840403329067868,29.626626957396443,4.536038663513905,197.0325754183482,47.23655674856195,189.01995707644485,3177.019598199986
205,148379.6419321,1,-0.9581280709919315,102.60228720700316,331.87348323857356,9.577185556945086,29.549185657284823,4.148956269245294,198.74014947923234,48.00994749924943,179.93978271809087,3192.0170568999893
206,148396.0539265,1,-0.9724156384729039,102.60228720700316,331.87348323857356,9.577185556945086,29.547792710131628,3.912233417125337,198.74014947923234,52.06964073355619,193.0080162878973,3208.429051299987
207,148411.3728645,1,-0.9614645632109521,90.63396726132518,331.8726734274535,9.837965503544696,30.633351590417515,5.28248021296006,192.33223037712756,45.81141969389766,188.11244508636656,3223.747989299998
208,148426.8957765,1,-0.9689986906754587,98.07028143325711,332.81397576731615,10.505906795203323,28.086609958705562,3.9057459214831054,198.74014947923234,45.7854469580579,188.9844821450148,3239.270901299984
209,148443.0399268,1,-0.9614032492316946,98.07413630274061,332.81316595619614,9.555055392836335,29.58445258024243,3.8839695759949837,198.74014947923234,45.78528933920059,188.11244508636656,3255.4150515999936
210,148457.1295275,1,0.7624027873817085,104.77041984582141,331.87348323857356,9.577185556945086,30.897092938886967,3.907242772496694,198.9453327177855,45.81157731275497,188.11244508636656,3269.5046522999764
211,148473.2725648,1,-0.9729773171045766,102.60228720700316,331.87348323857356,9.577185556945086,29.54835139036108,3.907242772496694,198.74014947923234,48.00994749924943,192.50374546444328,3285.6476895999804
212,148488.9902696,1,-0.9751637064683792,102.60228720700316,331.87348323857356,9.577185556945086,29.596515963520712,4.147129016770209,198.74014947923234,48.00994749924943,193.016985048868,3301.365394399996
213,148504.1981122,1,-0.9620381593789498,98.07028143325711,332.74370167272565,9.590969886082929,29.560193253362414,3.907242772496694,198.74014947923234,46.387210121850075,188.11244508636656,3316.573237000004
214,148523.4856187,1,-0.9566320393215804,95.57025195407871,278.2743895706037,8.228445357107613,35.077772617551716,4.513050489493386,179.34237719180953,45.631717672387765,188.1840984502559,3335.8607435000013
215,148539.2294246,1,-0.9657635461636691,92.86689426775207,331.35900264742315,9.593055746201,29.429414809528986,5.32488460637509,186.22749465245602,46.42631753849357,195.3760692488378,3351.6045493999845
216,148555.5206019,1,-0.9691979730026294,98.07028143325711,328.85086516922667,9.823968432365707,28.40202926549086,4.137373968389722,172.72964534328253,45.848238324341274,188.8040321148366,3367.8957266999932
217,148570.752676,1,-0.9653482665770236,95.66702031088639,331.8146996668796,9.840403329067868,29.647426929554864,5.477673890970682,196.93027449582382,42.55280900361571,189.01995707644485,3383.1278007999936
218,148586.1292393,1,-0.9736074495207249,98.01164159107516,328.08225990827566,9.828982331500203,31.12673408524446,4.638228728834896,198.8424383322187,39.41442859331593,188.9844821450148,3398.504364099994
219,148602.6133768,1,-0.947992472220314,90.96781188129711,341.70575140612715,9.577284916119435,29.3717637198148,3.654658291887307,198.37114480910657,46.529488581348474,192.5162503712866,3414.98850159999
220,148617.6327843,1,-0.9453736664457729,104.21856895419833,331.87348323857356,9.554956033661984,24.683353758200642,3.914060669600422,198.74014947923234,49.121249576805674,195.40638954606206,3430.007909099979
221,148633.8817252,1,-0.974610075111403,102.60228720700316,331.87348323857356,9.577185556945086,29.549185657284823,3.907590693435249,192.05406194802737,48.00994749924943,192.5699062457137,3446.256849999976
222,148649.1353639,1,-0.9586183131870786,91.910694162679,333.2262087740634,9.555635629803628,29.596515963520712,4.153598992935382,198.74014947923234,48.00994749924943,192.95082426759757,3461.510488699976
223,148664.802013,1,-0.9651404969944236,98.10369593873473,328.95559199917005,9.576266115839724,29.59707464375016,5.332116413229153,198.74014947923234,45.81157731275497,188.77243255989396,3477.1771377999976
224,148681.3487496,1,-0.9728455597304755,98.07653788093542,331.76875640863017,9.829901772605565,29.639063349996377,3.8793829181374937,172.93277923547623,45.848238324341274,188.14404464130922,3493.7238743999915
225,148696.2979676,1,0.7607764343747125,101.11825835988303,329.72718067236286,10.505906795203323,28.086609958705562,3.9119650446494494,198.74014947923234,45.7854469580579,188.9844821450148,3508.6730923999858
226,148712.1806193,1,-0.9733305222611823,103.41346573891549,331.87348323857356,9.577185556945086,29.547792710131628,3.9060142939589926,198.74014947923234,52.06964073355619,193.0080162878973,3524.5557440999837
227,148727.5793844,1,-0.9600465412921917,98.07028143325711,332.81397576731615,9.558509245573369,29.644105855530203,3.3113787970095174,198.74014947923234,45.7854469580579,192.13098113274486,3539.9545092000044
228,148741.9743127,1,0.7764564537140671,102.60228720700316,331.87348323857356,10.524583106575225,30.041217525631808,3.905743102033037,198.74014947923234,48.00994749924943,189.357246476713,3554.349437500001
229,148758.639354,1,-0.9678667598171141,98.07028143325711,328.85086516922667,9.839915680672089,28.213385730301454,5.304256557893817,172.83570279317195,45.848238324341274,188.8040321148366,3571.0144788000034
230,148775.4815738,1,-0.9761203381674654,99.25023641306062,328.0234763365817,9.829469979895983,30.696659945684214,4.536038663513905,197.07319556563732,47.23655674856195,189.01995707644485,3587.8566985999933
231,148791.2545,1,-0.9466703192043011,98.01172159504152,328.6971442843412,9.572063064358762,26.617100465735586,4.1372091072310715,198.40217818282474,45.763043083971375,188.7096262178295,3603.6296248
232,148807.3323804,1,-0.979748602984575,102.66084704521046,332.027204123459,9.82909092495203,28.40202926549086,5.047730437720492,172.83583553947818,48.09514273961933,193.11139094586846,3619.7075052
233,148822.7055879,1,-0.9658737571299271,98.10893798680979,328.08225990827566,9.682482560325989,29.64091478340829,4.638228728834896,199.57380176925912,39.41442859331593,187.41460906374158,3635.0807127000007
234,148839.2580832,1,-0.9804579988848563,98.01265599067841,321.06650562790634,9.828982331500203,31.12488265183255,5.304256557893817,174.5505910925311,45.848238324341274,188.84063579357857,3651.6332079999847
235,148855.0060499,1,-0.9692901684777514,102.60228720700316,331.87348323857356,9.555906054043119,29.596515963520712,4.147129016770209,198.74014947923234,59.045610356530894,193.016985048868,3667.3811746999854
236,148870.4174131,1,-0.9754826361330023,102.60228720700316,331.87348323857356,9.577185556945086,29.549185657284823,4.886171464578766,198.74014947923234,48.00994749924943,192.50374546444328,3682.792537899979
237,148885.5439687,1,0.7773632545724567,103.45143816638253,328.85086516922667,9.823968432365707,28.40202926549086,4.146978057259086,171.74681247509855,45.848238324341274,192.92993682173,3697.9190934999788
238,148900.0792383,1,0.7503358021851066,104.83899548986099,331.87348323857356,9.577185556945086,29.547792710131628,4.137524927900846,199.1189081595473,48.00994749924943,188.8910803419719,3712.454363099998
239,148916.6314505,1,-0.9727206436111251,103.961246068175,331.6293991216287,9.569320644645087,29.62605734943776,5.478530209680684,197.0325754183482,42.55280900361571,189.41825645269435,3729.00657529998
240,148931.2923441,1,0.7820365660971963,99.40782060255647,328.2675604535266,10.718397477332736,30.611769291380117,3.912233417125337,198.74014947923234,52.06964073355619,192.6097169116466,3743.6674688999774
241,148946.5336299,1,-0.9861444339633677,102.66084704521046,332.02907578596154,9.82909092495203,29.54761559208577,5.047730437720492,172.83583553947818,47.006272657715826,193.11139094586846,3758.90875469998
242,148963.1249175,1,-0.9683818580105067,102.60228720700316,331.8716115760711,9.577185556945086,28.403599330689914,3.907590693435249,192.05406194802737,48.00994749924943,192.5699062457137,3775.500042300002
243,148978.5041293,1,-0.9770131582512616,98.10995238641304,328.85086516922667,9.830856779311883,29.550209012168903,5.304256557893817,172.93277923547623,41.90706330552309,190.50776459668091,3790.8792541000003
244,148994.5224224,1,-0.9751344412580806,102.60228720700316,331.87348323857356,9.575311109133406,29.638039995112297,3.907590693435249,192.05406194802737,48.00994749924943,192.696382516356,3806.897547200002
245,149010.8534495,1,-0.9740788787313,98.10995238641304,330.60645981428246,9.828013066303528,29.639063349996377,4.160588139157261,198.06410501317393,47.99338774882022,193.19484972755214,3823.228574299981
246,149026.2311653,1,-0.9764269272726086,102.60228720700316,331.87348323857356,9.57815482214176,29.596515963520712,5.290797435538586,173.38698790399863,42.503890510383464,188.62616743614058,3838.606290099997
247,149042.1043528,1,-0.9750055042455772,102.60228720700316,332.3027476983393,9.577185556945086,29.592032157064793,4.147129016770209,198.80987782105734,48.00994749924943,193.016985048868,3854.479477599991
248,149057.2809432,1,-0.9526042387764109,99.25023641306062,306.14251309650217,8.597239827934764,30.701143752140133,4.536038663513905,197.00346093815912,47.23655674856195,188.25016784386546,3869.656067999982
249,149073.2501625,1,-0.9761203381674654,99.25023641306062,328.0234763365817,9.829469979895983,30.696659945684214,4.536038663513905,197.07319556563732,47.23655674856195,189.01995707644485,3885.6252872999758
250,149089.1635034,1,-0.9805829247917386,98.74901940588647,315.0693601581096,9.828982331500203,31.12488265183255,5.304256557893817,174.5505910925311,45.848238324341274,188.84063579357857,3901.5386281999818
251,149104.2511062,1,0.7977919361903894,102.66084704521046,332.13572002762464,10.663552671762293,28.40202926549086,5.304333622536415,172.83583553947818,48.07831389421165,188.83593658525896,3916.626231000002
252,149120.6262991,1,-0.9758271262299107,92.17264051933724,320.9579897228824,9.829090512827683,31.12488265183255,5.047653373077894,177.08130936544816,45.865067169748954,193.11609015418443,3933.0014238999865
253,149135.2401499,1,0.7475108984385026,106.96657656291593,328.1133536681163,9.577146001106394,29.54835139036108,3.907242772496694,198.85645586603061,42.63550373936487,192.70470337456715,3947.615274699987
254,149150.182461,1,-0.9645316132337928,98.46705548467399,331.64531113823955,9.569360200483777,29.62605734943776,5.478530209680684,196.91625430065338,47.92725276350027,188.72692631628237,3962.5575857999793
255,149165.8053213,1,0.7300816795685579,107.33591892147626,331.87348323857356,8.958057931285856,29.596515963520712,3.9035465963487885,198.74014947923234,43.722678070960086,193.03090315203877,3978.1804460999847
256,149181.2126748,1,-0.9690958756808165,102.60228720700316,331.87348323857356,9.577534470558236,29.59707464375016,4.150825192918114,198.74014947923234,58.96889799481791,192.4898273612725,3993.5877995999763
257,149197.9051514,1,-0.9716009077558323,102.60228720700316,331.87348323857356,9.577185556945086,29.54783500384349,4.690698312286383,198.74014947923234,48.00994749924943,189.1547071993215,4010.2802761999774
258,149213.6903807,1,-0.9744426739629819,102.60228720700316,331.87348323857356,9.577185556945086,29.549143363572966,4.190072541514333,199.21370004270244,48.00994749924943,192.50374546444328,4026.0655054999806
259,149229.0926311,1,-0.9733305222611823,103.41346573891549,331.87348323857356,9.577185556945086,29.547792710131628,3.9060142939589926,198.74014947923234,52.06964073355619,193.0080162878973,4041.4677558999974
260,149245.4155688,1,-0.9759934902584055,102.60228720700316,331.87348323857356,9.577185556945086,29.547792710131628,4.505049015844103,198.74014947923234,48.00994749924943,193.016985048868,4057.7906935999927
261,149260.2864256,1,0.8157981014699502,99.24717593957017,331.87348323857356,11.06128012541862,29.596515963520712,5.290797435538586,169.72235358486265,42.503890510383464,191.01565697435115,4072.661550399993
262,149274.8052549,1,0.7642789040986198,102.60534768049342,328.0234763365817,9.833954568860396,30.696659945684214,4.536038663513905,199.971664421306,44.83061945230733,189.01995707644485,4087.180379700003
263,149289.7949076,1,0.7562960839079653,102.72188036166955,315.0693601581096,9.581958552925949,31.11028247883029,4.50418260481763,198.13772903648677,45.848238324341274,197.12342566416578,4102.170032399998
264,149304.279136,1,0.8137219017279879,98.62942625121748,331.87348323857356,11.429721388023331,29.562392883133892,5.305122968920522,174.95909870827063,48.00994749924943,193.016985048868,4116.654260799987
265,149319.9419386,1,0.7745613014175315,115.50803353893015,332.02907578596154,9.438600916560693,29.320341640353913,5.047730437720492,172.83583553947818,47.006272657715826,193.11139094586846,4132.317063399998
266,149335.4896818,1,-0.9794364111277881,98.74901940588647,315.0693601581096,9.828982331500203,31.12488265183255,5.304256557893817,174.5505910925311,44.0225407553642,187.65644972777284,4147.864806600002
267,149349.3902886,1,0.8275091405310995,102.65818366361536,324.01058712994165,11.327839931388265,30.696659945684214,4.5455679967832925,172.80162059737506,47.23655674856195,189.01995707644485,4161.7654133999895
268,149365.4811884,1,-0.9788934829332714,99.2528997946555,332.027204123459,9.82909092495203,28.40202926549086,5.329566378378219,197.05413093296036,48.09514273961933,202.76758064945196,4177.856313199998
269,149379.9428202,1,0.7717833892051519,102.10736320591975,320.9579897228824,9.785933266589378,31.12488265183255,5.047653373077894,191.87462964763287,45.865067169748954,193.1052890975774,4192.317944999988
270,149396.1806976,1,-0.976442063541102,97.59389429066367,331.87348323857356,9.869050143969249,29.638039995112297,3.907590693435249,183.3490671748412,48.00994749924943,194.14831028078837,4208.555822399998
271,149412.1288886,1,-0.9541341517158767,86.80105538511255,328.0234763365817,9.82900560319496,31.125898323414564,4.536038663513905,197.07319556563732,47.23655674856195,187.06842136281858,4224.504013400001
272,149426.9949178,1,-0.9815996061493586,99.24393335042812,321.06650562790634,9.829446708201226,30.695644274102204,5.304256557893817,174.5505910925311,45.848238324341274,188.84063579357857,4239.3700426
273,149443.819067,1,-0.9791734012802698,102.66084704521046,332.027204123459,9.82909092495203,28.382344248680628,5.245622677183908,172.83583553947818,47.08163248972228,193.11139094586846,4256.194191799994
274,149458.6411321,1,-0.9652975473014295,98.01265599067841,321.06650562790634,9.828982331500203,31.14456766864277,6.7174655630987425,174.5505910925311,55.19689433180861,185.10744795348404,4271.01625689998
275,149474.1713803,1,-0.9720876607249864,92.33853094631401,331.87348323857356,9.950659616623854,29.585503144309804,5.059915304027344,173.4231157096638,42.503890510383464,193.08917266365913,4286.546505099977
276,149490.2023778,1,-0.9773172079223433,102.43639675750627,320.9579897228824,9.557910409041554,29.762013659125543,5.2785355045891365,177.04518155978298,45.865067169748954,188.65308492666006,4302.577502599976
277,149505.698985,1,-0.9723913871327382,100.85443700745917,331.87348323857356,9.577185556945086,29.544607853700615,4.147129016770209,198.74014947923234,49.6813440970864,193.016985048868,4318.074109799985
278,149522.1147024,1,-0.9656420734805878,102.60228720700316,331.87348323857356,9.577185556945086,27.73759605757937,4.505049015844103,198.74014947923234,48.00994749924943,193.016985048868,4334.489827199985
279,149537.054569,1,-0.9810289554884157,102.65750284616475,343.4937746657799,9.839254030355988,30.009748379822454,5.104645163970181,172.28029827425985,48.03625315903296,189.57056818593972,4349.42969379999
280,149552.3054316,1,-0.9745125128692472,102.60563140604886,332.0259568970471,9.565148003729448,29.54761559208577,3.8506759674910627,192.60794526219104,46.9799669979323,193.11139094586846,4364.680556399981
281,149568.8243022,1,-0.9747180645277544,102.60542257267923,331.86831566596493,9.577185556945086,29.549185657284823,5.047944731692363,198.74014947923234,48.012680180617046,192.0531877001801,4381.199426999985
282,149582.5710579,1,0.7746839562533245,103.18974850956444,332.0323716960677,9.82909092495203,28.40202926549086,4.885957170606895,172.83583553947818,48.09241005825171,193.10957554002542,4394.9461826999905
283,149597.8097146,1,0.7844731671901077,102.66084704521046,325.33462165313364,9.82909092495203,29.550193771451386,5.340802741230062,172.84426471129535,47.006272657715826,192.85834046293186,4410.184839399997
284,149613.705975,1,-0.9382364023403682,98.10995238641304,331.82379168410296,9.830856779311883,24.30831183928163,4.038631470397575,172.92435006365906,41.90706330552309,190.76081507961752,4426.08109979998
285,149627.5502626,1,0.7766595581228174,103.39951131701343,323.77181587506055,9.557910409041554,29.762013659125543,5.5692573916654,177.46704803831386,45.685096192407556,190.49985656533832,4439.925387399999
286,149643.935327,1,-0.9731118417731744,98.17529965663496,328.9304066024349,9.830856779311883,29.550209012168903,5.3019999589622655,172.51091275694344,42.08703428286448,186.48720163488704,4456.310451800004
287,149658.7425249,1,-0.9695488695362587,102.43639675750627,321.0666600406681,8.945955880180467,30.69056200011699,5.282786300633837,177.13606728508975,45.865067169748954,188.65308492666006,4471.117649699998
288,149674.2761516,1,-0.9784239987467184,99.24393335042812,320.9578353101207,9.82668122643145,29.76709593311076,5.300005761849117,174.4597053672243,45.848238324341274,188.84063579357857,4486.651276399993
289,149688.6850037,1,0.7500557247920501,102.65750284616475,319.6006468525001,9.839254030355988,24.750503014181557,5.103354391402287,172.28029827425985,48.03625315903296,189.57056818593972,4501.060128499987
290,149703.203055,1,0.7942328077015308,113.99759464567815,344.9594494101907,9.829446708201226,30.667490913978515,5.305547330461711,174.5505910925311,45.848238324341274,188.84063579357857,4515.578179799981
291,149719.4554303,1,-0.9842303306287412,98.77226487721512,332.027204123459,10.670421311608338,28.40202926549086,5.290812415742086,172.77127049866658,48.09514273961933,193.11139094586846,4531.830555099994
292,149734.2204663,1,0.7793586256831277,102.6376015738808,315.0693601581096,9.828975716242415,28.35564592618826,5.061174579872223,174.61515613334268,44.0225407553642,188.99402613939083,4546.595591099991
293,149748.9175853,1,-0.9800961757497768,98.68133260504335,334.2762747920082,9.82909092495203,29.54761559208577,5.047730437720492,172.83583553947818,47.006272657715826,193.11139094586846,4561.2927100999805
294,149765.014013,1,-0.9735425790929176,102.59801569117622,332.0187410827004,9.57815482214176,29.28189900642262,5.290797435538586,173.38698790399863,42.503890510383464,187.74353914148233,4577.389137799997
295,149780.2837838,1,-0.9778302766240297,102.65605518584861,333.2300530724181,9.577185556945086,29.547792710131628,4.505049015844103,164.6881362545525,48.00994749924943,187.97660636442632,4592.658908599988
296,149795.6083869,1,0.759096941159927,102.60373486731929,328.9305542966043,9.839254030355988,30.009748379822454,5.104645163970181,198.48308400419492,48.03625315903296,189.91002225527052,4607.983511700004
297,149811.2802371,1,-0.9795416652237074,98.74901940588647,315.0693601581096,9.828982331500203,31.12488265183255,4.700428899539973,175.93676105694036,44.0225407553642,187.65644972777284,4623.65536189999
298,149826.5567692,1,-0.9577786806020028,87.42391522232144,321.06650562790634,9.828982331500203,32.996829514939165,5.304256557893817,174.5505910925311,45.848238324341274,188.84063579357857,4638.931893999979
299,149842.5737356,1,-0.9801635932263203,98.01265599067841,321.06650562790634,9.828982331500203,31.12488265183255,5.304256557893817,174.5505910925311,45.848238324341274,188.55059842450902,4654.948860399978
300,149857.6706423,1,-0.9832747145505464,98.74901940588647,317.001589720591,9.828982331500203,31.12488265183255,5.304256557893817,165.86212548631033,45.848238324341274,188.84063579357857,4670.045767100004
301,149871.6681743,1,0.8035371999925222,98.77311038367586,315.0693601581096,10.708043704035692,30.62797147817771,5.304256557893817,183.6242391948262,43.779558142089414,188.84063579357857,4684.043299099983
302,149887.6566671,1,-0.9730009836923507,98.74817389942572,332.027204123459,9.791359939072928,28.395017189731934,5.290812415742086,172.77127049866658,45.910209547164584,193.11139094586846,4700.031791899994
303,149902.6682784,1,-0.9756853230807477,102.43639675750627,320.9579897228824,9.557910409041554,31.117820611861312,6.739052484235657,176.81494994646263,45.865067169748954,188.84974701050578,4715.04340319999
304,149918.8926958,1,-0.9791972666952585,98.74901940588647,317.001589720591,9.828982331500203,29.76907569909678,5.304256557893817,166.09235709566215,47.95880320598918,188.64397370973285,4731.267820599984
305,149933.6639957,1,0.8332911570150223,105.18610782633165,321.06650562790634,12.729322781555142,28.350312940546374,5.304256557893817,174.5505910925311,45.87216764133135,188.87852534216634,4746.039120499976
306,149949.0057928,1,-0.9744075100212092,98.00104943604941,315.0693601581096,9.828982331500203,31.12488265183255,5.304256557893817,193.5763645006988,42.52691467926008,189.0461490885571,4761.380917599978
307,149964.8698347,1,-0.9337437269446979,81.91884814007416,315.0693601581096,9.06864593530819,28.607708698728153,4.700428899539973,172.72540236775995,44.0225407553642,192.71737051850752,4777.244959499978
308,149979.8191386,1,-0.9567304729642234,91.50064863735393,338.71196248705087,10.670421311608338,30.919203218595253,5.290812415742086,175.98262918784695,48.09514273961933,188.09103586911155,4792.194263399986
309,149995.4461028,1,-0.9793943258110268,98.01265599067841,331.9306452772857,9.828982331500203,31.126954651771516,5.304256557893817,174.5505910925311,45.848238324341274,188.55059842450902,4807.821227599983
310,150010.2655637,1,0.7953902525937242,102.66084704521046,310.8515612266152,9.82909092495203,30.779864013324186,5.245622677183908,172.83583553947818,47.08163248972228,192.9802813706962,4822.640688499989
311,150025.3020914,1,-0.9812590732149067,99.26427310800324,317.183574017731,9.829446708201226,30.695644274102204,5.304256557893817,174.5505910925311,45.848238324341274,188.84063579357857,4837.677216199983
312,150041.8844681,1,-0.9804419698149719,97.99231623310328,321.06650562790634,9.828982331500203,31.12488265183255,5.304256557893817,174.48519376652737,45.848238324341274,188.84063579357857,4854.2595928999945
313,150056.6502009,1,-0.9642455263929486,99.22737647535624,317.001589720591,9.829440399388869,27.088197375321784,5.304256557893817,165.96520729540887,45.848238324341274,188.84063579357857,4869.0253257
314,150072.1275768,1,-0.9808519656817226,98.76557628095836,321.06650562790634,9.828988640312563,31.120286463275356,5.304256557893817,174.44750928331047,45.848238324341274,188.24137546846282,4884.502701599995
315,150087.5392067,1,-0.9802996297179716,102.66084704521046,334.3941602732259,9.82909092495203,28.563853085863244,5.047730437720492,172.83583553947818,47.006272657715826,193.11139094586846,4899.914331499982
316,150102.2641582,1,-0.9806764281344406,98.68133260504335,331.91119030474385,9.82909092495203,29.54761559208577,4.363414753166934,172.83583553947818,47.006272657715826,193.11139094586846,4914.639282999997
317,150118.1412983,1,-0.9800066656124558,102.66084704521046,332.02723942241255,9.82909092495203,28.408344038449936,5.445979088165944,165.32714907831684,47.02938646754279,193.11139094586846,4930.516423099994
318,150132.9370755,1,-0.9424264545146323,93.09119580342559,332.02904048700793,9.82909092495203,25.312154533712487,5.047730437720492,172.83583553947818,45.76605450872045,193.11139094586846,4945.312200299988
319,150148.1383828,1,-0.9824971129456095,98.74901940588647,315.0693601581096,9.645969067907734,31.12488265183255,5.301455730115113,173.03280214462163,47.12136504092119,190.82385394331558,4960.513507600001
320,150164.7132755,1,-0.9789237914979657,102.66084704521046,332.027204123459,9.828983356287788,28.382344248680628,5.248423504962612,174.35362448738763,45.80850577314236,193.11139094586846,4977.088400299981
321,150179.6959142,1,-0.9797305896535118,98.50528989979892,332.02907578596154,9.82909092495203,29.54761559208577,5.308444730078688,172.82977825946196,47.006272657715826,193.11139094586846,4992.071039000002
322,150194.1193336,1,0.7968015383262694,102.90457655129073,312.4837669562933,9.645969067907734,31.12488265183255,5.078665448713539,173.03885942463782,52.18591670225092,190.82385394331558,5006.494458400004
323,150210.5617639,1,-0.9836418166398169,98.76557628095836,323.6738335459988,9.825862715353747,31.120286463275356,5.304256557893817,174.4035809237256,45.848812971440275,190.94110378351118,5022.936888700002
324,150226.5002956,1,-0.9797972702080547,98.74901940588647,315.0693601581096,9.649094992866548,31.12488265183255,5.301455730115113,173.07673050420647,47.12079039382218,188.12412562826725,5038.8754204
325,150242.3392318,1,-0.9837330898713731,98.74901940588647,320.83243193167414,9.828982331500203,31.12488265183255,5.304256557893817,165.86212548631033,45.848238324341274,188.851808354417,5054.714356599987
326,150257.7559754,1,-0.9796439334726483,98.01265599067841,317.2356634168232,9.828982331500203,31.12488265183255,5.304256557893817,174.5505910925311,47.04187990604258,188.53942586367057,5070.1311002
327,150272.0107622,1,0.8098265612379313,98.74901940588647,315.0693601581096,10.313500191135313,31.12488265183255,5.304256557893817,174.5505910925311,42.016010122391805,188.84063579357857,5084.385886999982
328,150288.7229164,1,-0.9810289554884157,102.65750284616475,343.4937746657799,9.839254030355988,30.009748379822454,5.104645163970181,172.28029827425985,48.03625315903296,189.57056818593972,5101.098041199992
329,150304.3292833,1,-0.9849628020788292,98.74901940588647,325.5775720279259,9.828982331500203,31.12488265183255,5.304256557893817,174.47831466524462,45.848238324341274,192.3926739567318,5116.704408099991
330,150320.0330284,1,-0.9808923565987387,97.99231623310328,321.06650562790634,9.828982331500203,31.12488265183255,5.097503380383885,174.55747019381386,45.848238324341274,188.84063579357857,5132.408153199998
331,150335.250094,1,-0.9208622774717465,98.77226487721512,332.027204123459,10.670421311608338,33.995207236989614,5.290812415742086,172.77127049866658,42.21229441777398,188.7461722451847,5147.625218799978
332,150349.6614521,1,0.7846908284967228,110.18318582617255,334.2762747920082,9.02351873809745,29.62768754337104,5.047730437720492,158.85225865322258,47.1130340836119,193.11139094586846,5162.036576899991
333,150366.4236272,1,-0.9808329022496732,98.762689703253,327.9300037182686,9.829446708201226,30.695644274102204,5.304256557893817,174.55190395019093,45.848238324341274,188.84063579357857,5178.798752000002
334,150382.1556625,1,-0.9815094703807906,99.26715968570859,321.06650562790634,9.828988640312563,31.120286463275356,5.304256557893817,174.4461964256506,45.848238324341274,188.24137546846282,5194.530787299998
335,150397.8102892,1,-0.9359398601687888,97.82976274062086,317.001589720591,9.983197137129405,35.43220924880819,5.036960730991699,172.62481082321693,45.848238324341274,193.08432904714212,5210.185413999978
336,150414.1113248,1,-0.976297477678149,102.47104887591541,334.0750937745659,9.82909092495203,28.563853085863244,5.3150262646226105,166.07315020256544,47.006272657715826,188.86769769230148,5226.486449599994
337,150430.077271,1,-0.9630221300920903,86.14143560238608,320.8859890380471,10.670421311608338,28.40202926549086,5.304110117286327,174.59716029628308,48.09514273961933,193.11139094586846,5242.452395799977
338,150446.2357754,1,-0.9813090639188389,99.29136362587883,332.2077207122287,9.829446708201226,30.695644274102204,5.290958856349577,172.72470129491464,45.848238324341274,188.84063579357857,5258.610900200001
339,150461.8279776,1,-0.9732783490850853,96.94342851615467,319.6063761151715,9.82909092495203,28.44233862262275,5.047730437720492,175.43163784571883,47.006272657715826,193.11139094586846,5274.2031024000025
340,150476.9600304,1,-0.9823633816161988,99.26427310800324,331.9664745192229,10.31843009081179,29.9257273040619,5.304256557893817,171.5910057717039,45.848238324341274,188.84063579357857,5289.33515519998
341,150492.9217845,1,-0.9444565809301493,83.69454672933773,317.183574017731,9.162672577244404,30.019310589073957,5.304256557893817,174.5564043880177,45.84881014733609,190.84324443654478,5305.296909299999
342,150508.6647271,1,-0.9796151773807876,98.76557628095836,323.6738335459988,9.762449877386043,31.120286463275356,5.304256557893817,174.39776762823902,52.59228672593312,188.7268149030699,5321.039851899986
343,150524.768548,1,-0.9844010921752445,98.04196998224306,333.25275762698226,10.380308383935466,29.99160305677668,5.047730437720492,172.83583553947818,47.006272657715826,193.11139094586846,5337.143672799983
344,150540.1970775,1,-0.982293834544487,102.59905897780682,331.9613956526484,9.767212631828356,29.9257273040619,5.304256557893817,171.5910057717039,45.848238324341274,188.84063579357857,5352.5722022999835
345,150555.8395737,1,-0.9803359920098337,98.74901940588647,315.99023454385474,9.828982331500203,31.12488265183255,5.577037205239344,174.4104422841224,45.848238324341274,189.23937975692172,5368.2146985
346,150570.8188801,1,0.8050928662849688,100.81877005374652,316.80890906688217,9.828982331500203,31.12488265183255,5.118979674212353,165.92999786732264,45.848238324341274,193.35253156834517,5383.194004899997
347,150586.0868904,1,-0.9807486212392083,98.77226487721512,332.027204123459,9.800449834408571,29.761083445743292,5.290812415742086,172.45136747058115,48.0685036245165,193.11139094586846,5398.462015199999
348,150602.2776495,1,-0.9741541680088888,93.6828183928616,317.001589720591,10.698953808700027,28.333845774440114,5.304256557893817,166.18202851439054,45.8748774394441,188.84063579357857,5414.65277429999
349,150617.5771777,1,-0.9833312636360448,98.91715690193689,320.75578788196265,9.829009609933365,31.054980461356646,5.104645163970181,172.28029827425985,45.92194876691823,189.58466883182078,5429.952302499994
350,150632.8832531,1,-0.9726831618193276,98.67657755120896,343.8044500942647,9.839233060735186,30.075054381741165,5.304256557893817,174.44750928331047,47.96254271645601,188.22727482258173,5445.258377899998
351,150649.0302803,1,-0.9514478019487483,99.26715968570859,338.963576037443,8.599196808647829,30.91130252440114,5.304256557893817,174.4461964256506,45.84830722500075,188.30766739778852,5461.4054050999985
352,150664.3093106,1,-0.9835764693417106,98.76557628095836,323.67434943996244,9.825862715353747,31.120286463275356,5.304256557893817,174.4035809237256,45.848744070780796,190.87481185418542,5476.684435399977
353,150679.0458195,1,0.8122590215158136,109.61597301453037,319.8305106122212,10.351312113374462,30.695644274102204,5.304256557893817,174.5505910925311,47.21205032590998,185.20346446445285,5491.420944299985
354,150694.23307,1,0.7835395721547619,104.57399021733231,333.2650707892752,9.82911519477989,29.54761559208577,5.047730437720492,172.83583553947818,45.642460656147115,193.11139094586846,5506.608194799977
355,150709.5724783,1,-0.9734142385710599,92.59194690114248,326.3941187665662,9.828007031653067,32.495504590442565,4.809820226708888,173.04584782614924,47.12136504092119,191.84363975739274,5521.9476030999795
356,150726.0120982,1,0.7935522378056302,102.02567409311418,314.2528134189361,9.646944367754868,31.12488265183255,5.983749839625983,174.62272225820408,41.82778345733202,190.81357717871762,5538.387222999998
357,150741.5885303,1,-0.9705576215672516,98.74944545988818,321.3166796650438,9.043680404804144,30.695644274102204,5.306630357702389,174.57106315220884,45.848238324341274,191.1135564910074,5553.9636551
358,150757.4321894,1,-0.9843317211583281,98.7622636492513,322.0326459810817,9.829394468399101,31.12488265183255,5.075510578629799,165.84296628415404,45.848238324341274,188.85208967512364,5569.807314199978
359,150772.8250352,1,0.7984417449801069,101.02302093566776,317.183574017731,9.829446708201226,30.695644274102204,5.304256557893817,172.71290164318103,45.848238324341274,188.84063579357857,5585.2001599999785
360,150787.4259887,1,-0.9846346267855604,99.28847002323856,332.2077207122287,9.829446708201226,30.695644274102204,5.290958856349577,159.67565621284018,45.848238324341274,188.84063579357857,5599.801113499998
361,150803.4138104,1,-0.9832218846359783,98.65690260886882,330.5412194755067,9.83305780484906,29.992954793380584,5.047730437720492,172.83583553947818,47.006272657715826,193.11139094586846,5615.788935199991
362,150818.5444719,1,-0.9512254062385274,92.5522937872835,320.83243193167414,10.37623291058661,32.80181772127869,5.304256557893817,165.86212548631033,45.848238324341274,188.851808354417,5630.919596699998
363,150833.7222478,1,-0.9772695154051103,93.07989750380523,323.30631041153543,9.828982331500203,31.12488265183255,5.169519032307215,172.74207247035434,43.201816500412626,192.4024565734013,5646.097372599994
364,150850.4742666,1,-0.9834474043078523,98.74790323667354,332.027204123459,10.670421311608338,28.40202926549086,5.290489997088066,174.50751269355686,48.05629310349285,193.10160832919894,5662.849391399999
365,150865.5815351,1,-0.984047559645608,98.76557628095836,323.8893018103105,9.825862715353747,31.12030367517472,5.30151867299455,172.9032716843181,45.848812971440275,190.96061005843518,5677.956659899995
366,150881.8457808,1,-0.9820546678730694,98.74901940588647,314.8538918937885,9.645969067907734,31.225117765478483,5.304193615014381,174.53311138402916,47.12136504092119,190.80434766839159,5694.220905599999
367,150897.6393551,1,-0.9630715018137335,98.7622636492513,314.809555110422,10.090980905386353,33.41182828615499,5.294249216536599,165.84296628415404,45.88137075731635,190.84036009619263,5710.014479899983
368,150912.8199754,1,-0.9508872948492987,86.61163375591292,322.146443823854,9.030335298881795,31.12488265183255,5.082717092208313,175.06432093488323,47.08823260794611,188.83558352224657,5725.195100199984
369,150929.2283918,1,-0.9856084081802996,98.7622636492513,316.88996743737636,9.829394468399101,31.12488265183255,5.3169820994400565,156.91155654607294,45.848238324341274,188.85208967512364,5741.603516599978
370,150944.5218836,1,-0.9842289424428352,98.74901940588647,322.1442682642964,9.828982331500203,31.12488265183255,5.062785037083558,165.84111923891888,47.22052789722528,188.84063579357857,5756.897008400003
371,150958.9601877,1,0.8301635715008833,107.15365727290731,318.13214138014564,10.451898890442159,31.125912298928853,5.3037219129852815,159.67565621284018,45.848238324341274,188.84063579357857,5771.335312499985
372,150974.8894456,1,-0.9831300361043526,99.17041729070326,320.70543441934774,9.828988640312563,30.690018438448703,5.291493501258113,166.10204718320918,45.848238324341274,188.24137546846282,5787.264570400002
373,150990.5117376,1,-0.9819101670115274,102.58134870699615,331.2442021338931,9.825716497554629,29.59442319973362,6.079415509275987,172.83583553947818,46.14931694084485,193.11139094586846,5802.886862399988
374,151006.1188536,1,-0.9842121652927567,98.84507461917173,324.45922309200336,9.829237142751149,31.073478855627506,5.052700075048854,174.4035809237256,45.8857962625569,190.87481185418542,5818.493978399987
375,151021.011886,1,0.8417140596253315,98.74901940588647,317.001589720591,12.211575797809518,29.39938144538103,5.304256557893817,165.86212548631033,45.848238324341274,188.84063579357857,5833.387010799983
376,151036.5111532,1,-0.9774349441612247,98.76557628095836,323.67434943996244,9.267416266638309,31.120286463275356,5.087283396925888,174.4035809237256,47.665673247432736,190.87481185418542,5848.886277999991
377,151052.5736689,1,-0.985263301207749,98.74901940588647,320.53419932213745,9.959120196854514,31.127728471107055,4.437897376871206,172.15537474739503,45.919890777029444,192.3926739567318,5864.948793699994
378,151068.471525,1,-0.9828881965368148,98.91715690193689,325.79916058775103,9.829010316737453,31.052134642082144,5.097165101024626,174.60323819210944,45.85029631423006,189.58466883182078,5880.846649799991
379,151084.775588,1,-0.9861123049710018,102.66084704521046,333.33221984812474,9.84559471030121,29.54761559208577,5.047730437720492,172.83583553947818,47.006272657715826,193.11139094586846,5897.150712799979
380,151100.3633566,1,-0.9836520144186355,98.04196998224306,330.41497682072827,10.363804598586288,29.99160305677668,5.047730437720492,177.73320111046493,47.006272657715826,193.11139094586846,5912.7384813999815
381,151114.8037731,1,0.8216211998470047,98.7622636492513,291.02853176523513,9.829467898224008,31.12488265183255,5.301665486685367,156.73971388387835,48.338376152377776,190.8587698079209,5927.178897899983
382,151131.3115116,1,-0.9827384466168974,98.74901940588647,322.32821876672244,9.828908901675296,32.160796086794754,5.078101649838247,166.0129619010924,47.22052789722528,188.84063579357857,5943.686636400002
383,151146.3238506,1,-0.9659999849375597,94.1776343627216,333.25275762698226,11.094584423245944,29.82344703824081,5.047730437720492,172.62821070059368,45.83556680248154,193.14009971739355,5958.698975399981
384,151162.1691049,1,-0.9869208205224634,98.73001412183729,327.4029160894047,9.818991143016634,31.12488265183255,5.026329498807134,168.22279526836695,47.018944179575556,192.3639651852067,5974.544229699997
385,151177.8851316,1,-0.9880983158538965,98.77309503867858,320.53419932213745,9.959120196854514,31.127728471107055,4.437897376871206,161.01154470576319,47.50283076938351,192.3926739567318,5990.260256399983
386,151192.3888933,1,0.8010735118719138,98.748189244423,332.027204123459,11.185823166238645,28.40202926549086,5.201529768392386,174.41708992307116,48.0477678309181,193.11139094586846,6004.764018099988
387,151208.1740463,1,-0.9860131323592135,98.7645544397012,320.70615661573527,9.959120196854514,31.127728471107055,5.322469819557299,171.54431157081274,45.919890777029444,193.14582671868342,6020.549171099992
388,151223.8466039,1,-0.984285651031249,98.75004124714361,323.5023921463646,9.825862715353747,31.120286463275356,4.419684115209172,172.24159242655807,45.848744070780796,190.87481185418542,6036.22172869998
389,151238.7956664,1,-0.9811733642935319,99.28847002323856,332.2077207122287,9.829096113502187,30.695644274102204,5.290958856349577,173.06245784298247,46.50007520567103,188.84063579357857,6051.170791199984
390,151255.2477748,1,-0.9227125378114742,95.75045370954209,332.02907578596154,9.829441519651072,36.86134300699613,6.063545321444273,159.44903390021116,47.006272657715826,193.11139094586846,6067.6228995999845
391,151270.1147438,1,-0.9928133761596192,98.76205359456074,329.35807685037094,9.777535833721098,31.589428151334783,4.958927668073506,156.91155654607294,45.848238324341274,196.11664226710138,6082.48986859998
392,151285.2750952,1,0.7984373252884853,98.77247493190569,332.82418429362616,10.722279946286456,28.40202926549086,5.290812415742086,172.77127049866658,48.09514273961933,188.92329476241235,6097.650219999981
393,151300.8389698,1,-0.9831073614279479,98.04196998224306,330.41497682072827,10.341862645026488,29.99160305677668,5.337131665595886,178.04945891235698,47.006272657715826,193.2971835496677,6113.2140946
394,151316.0129393,1,-0.9855057372604052,98.74901940588647,324.41371565598934,9.850924285060003,31.12488265183255,5.014855330018423,174.16205686335243,43.383667405986294,192.3926739567318,6128.3880641
395,151333.2187272,1,0.7984262891559075,102.77391097711808,322.00784153968897,9.82908447020636,30.13850806359882,5.076383545755706,165.84296628415404,45.848238324341274,192.9247185421533,6145.593851999991
396,151348.4482853,1,-0.976285797878915,98.6491997173408,332.0538802271075,9.829400923144773,29.490667486027853,5.046857470594586,172.83583553947818,43.5579055491041,189.0387620788357,6160.823410099983
397,151363.6601267,1,0.834031472727949,102.60930757227179,333.33221984812474,11.225231598346456,32.80162343149245,4.61461422942808,172.83583553947818,45.65055530345404,193.11139094586846,6176.035251499998
398,151379.9367929,1,-0.9822946061627031,98.74901940588647,320.83243193167414,9.828982331500203,31.12488265183255,3.9623467582638185,162.936214108792,45.848238324341274,188.851808354417,6192.31191769999
399,151395.300331,1,0.7941399324566221,98.76557628095836,304.90841023773436,9.825862715353747,31.098105408947283,5.30180542135928,173.59424908154,45.848812971440275,195.80980312914954,6207.675455799996
400,151416.1714522,1,-0.9846765614258821,98.76557628095836,323.8974798028742,9.825862715353747,31.12030336238117,4.998550261446942,172.83843171696756,44.738998540905214,190.9598902875323,6228.546577000001
401,151431.2825196,1,-0.984366380470757,98.76219017537275,316.6727155513705,9.967938761079981,31.127998641188643,5.3169820994400565,161.00184212267996,45.81695716152133,188.85208967512364,6243.657644399995
402,151447.3974685,1,-0.9853295624785937,98.77316851255713,320.7514512081433,9.820575904173634,31.12461248175096,4.437897376871206,163.4565029938151,47.53411193220346,189.84066891076327,6259.772593300004
403,151463.6062896,1,-0.9815172684319959,98.87565567424109,326.59654130129206,9.818816290027447,29.48440881608085,5.026105765573008,172.83583553947818,47.01899723336283,193.11139094586846,6275.981414399983
404,151478.2198501,1,0.8145308734383071,102.51520549280565,315.81606126402517,10.337657437149042,31.18808942783747,5.047954170954617,168.22279526836695,47.00621960392855,192.3639651852067,6290.594974899985
405,151494.8288536,1,-0.9872188643511506,98.764807170893,332.2277969746504,9.827135117935839,31.127728471107055,5.062485320442205,171.42540863137503,46.74275277364609,194.38141593017647,6307.203978399979
406,151511.8828119,1,-0.9835384914763443,98.74876667469468,322.1442682642964,9.960967410418878,31.12488265183255,5.322769536198653,165.9600221783561,45.73738108087268,188.61129726041662,6324.257936699985
407,151527.2740782,1,-0.9702696801759434,98.76557628095836,323.8974798028742,9.778793724786391,27.97745004127247,4.998550261446942,172.83843171696756,45.81477454569532,190.9598902875323,6339.649202999979
408,151543.7408198,1,-0.9917114084820964,98.76205359456074,329.35807685037094,9.824604824288455,31.598104511719555,4.958927668073506,156.91155654607294,44.772462319551174,194.74954828773335,6356.115944599995
409,151558.9401607,1,-0.9911374571642672,98.76205359456074,329.35807685037094,10.044865283903237,31.589428151334783,4.958927668073506,156.91155654607294,45.848238324341274,196.0885098980945,6371.3152854999935
410,151575.0301725,1,-0.9849878091980471,98.74901940588647,325.5775720279259,9.828982331500203,31.12488265183255,5.304256557893817,174.47831466524462,45.848238324341274,192.42080632573342,6387.4052972999925
411,151589.5594422,1,0.7907567123479871,102.66084704521046,332.02907578596154,10.171788789480539,29.497113509253186,5.048601219851514,172.83583553947818,47.006272657715826,193.11139094586846,6401.934566999989
412,151603.7999745,1,0.8305730548875182,116.28871786712101,346.56701384665905,9.829392024684852,34.314107198737624,5.0746397964987775,164.11512470169936,45.848238324341274,188.95709520987344,6416.175099299988
413,151622.1066638,1,-0.9855069816355599,98.73374029513467,327.4029160894047,9.818991143016634,31.12488265183255,5.026329498807134,174.1048251373786,46.42961572316568,192.3639651852067,6434.48178859998
414,151637.4811506,1,-0.9874462690310578,98.74529323258908,324.41371565598934,9.850924285060003,31.12488265183255,5.014855330018423,166.6875853060543,43.972995862396175,192.3926739567318,6449.856275400001
415,151653.5227672,1,-0.9861201542832285,99.62903818322754,325.5775720279259,9.828982331500203,31.12488265183255,5.304256557893817,174.47831466524462,45.848238324341274,192.3926739567318,6465.897891999979
416,151669.5420993,1,-0.9884303217081097,98.77309503867858,320.53419932213745,9.959120196854514,31.127728471107055,4.437897376871206,161.01154470576319,47.50283076938351,192.79766227875845,6481.917224099976
417,151684.5599132,1,-0.9381134945633102,89.71086014693425,320.53419932213745,11.105183293527169,31.127728471107055,5.023288244652777,172.15537474739503,45.919890777029444,192.3926739567318,6496.935037999996
418,151700.9658103,1,-0.9867006316870237,102.57112532423933,332.02907578596154,9.709776986389304,29.54761559208577,4.462339569938934,172.83583553947818,47.006272657715826,195.83229438423874,6513.340935099986
419,151716.0543277,1,-0.9841182629479173,98.76367262943359,325.8089577915259,10.024817602811229,31.12488265183255,5.52835765842918,165.84111923891888,47.22052789722528,190.1650383281087,6528.429452499986
420,151732.0801685,1,-0.9938089884646436,98.74990121615409,320.70615661573527,9.780845792293153,31.127728471107055,5.0591749341202785,140.87065136973604,45.919890777029444,193.14582671868342,6544.4552932999795
421,151748.249188,1,-0.9884732832265721,98.74990121615409,320.53099635803,9.780845792293153,31.127728471107055,4.46585633513104,160.04320747844812,50.664077426159956,193.14364771422765,6560.624312799977
422,151763.8031542,1,-0.9920421097263218,98.77309503867858,320.70935957984267,9.464423357889792,31.127728471107055,5.03121597586046,141.83898858577035,45.80821038117231,195.35097517230247,6576.178278999985
423,151780.4935302,1,-0.9812864629090438,98.76222699637152,340.62806111212154,9.959581452539704,31.124626193158534,5.315459420397189,178.9315826987425,45.92474837095723,193.14582671868342,6592.868654999998
424,151796.0881007,1,-0.9864580393259365,98.76459109258097,316.9346733472533,9.828933212713912,31.12798492978107,5.323992498600167,153.57990638216924,45.843380730413486,188.85208967512364,6608.463225499989
425,151812.0441773,1,-0.9811753199123419,102.65974434205374,332.02907578596154,9.598445905261423,29.30250157109534,5.0479900995053955,170.55294052796998,47.006272657715826,193.11139094586846,6624.419302099996
426,151828.3225978,1,-0.9914426298936524,98.76315629771646,329.35807685037094,9.82505822236115,31.843218532709972,4.958668006288604,156.91155654607294,44.772462319551174,194.74954828773335,6640.697722599987
427,151844.0431038,1,-0.9871059626650205,98.77261881506347,324.41371565598934,9.850924285060003,31.12488265183255,4.431790342576757,166.6875853060543,43.99799891030806,192.39427229270325,6656.4182286
428,151860.8612219,1,-0.9946526857625247,98.7457694562042,320.53419932213745,9.959120196854514,31.127728471107055,5.052472618041858,161.01154470576319,47.47782772147162,200.62644163928076,6673.236346699996
429,151876.2068149,1,-0.9849428548984719,98.77309503867858,341.20358901090157,9.959120196854514,31.127728471107055,4.437897376871206,161.26231518507743,47.45307449471925,192.44187373866114,6688.581939700001
430,151891.6958963,1,-0.9871777504117989,98.764807170893,332.04400129239474,9.827135117935839,31.127728471107055,5.062485320442205,171.42540863137503,46.79250904831034,194.28502396509174,6704.071021099982
431,151907.9849781,1,-0.992093435202454,98.76205359456074,318.00078293791336,9.824604824288455,31.59804804158299,4.958927668073506,156.91155654607294,45.84011894610432,196.0873951256109,6720.360102899984
432,151923.2217326,1,-0.9783387308923184,93.21934553151829,329.35807685037094,9.777535833721098,31.58948462147135,4.958927668073506,156.91155654607294,44.78058169778813,188.8289830938979,6735.5968574
433,151942.4241717,1,-0.9815685307973955,98.76699391784766,329.35807685037094,9.777535833721098,29.586902955675686,4.958927668073506,167.06770817800717,45.82203304499936,192.33300446139265,6754.799296499987
434,151957.7726756,1,-0.9911174994977023,98.72507379855037,327.4029160894047,9.818991143016634,31.585713437543305,5.545950555599872,158.06664363624117,47.04514945891748,196.14760299090716,6770.14780039998
435,151973.7233381,1,-0.9730473393751887,96.37594109554584,329.35807685037094,8.769685930790654,31.589428151334783,4.958927668073506,156.91155654607294,45.848238324341274,196.0885098980945,6786.098462900001
436,151993.3613593,1,-0.9872017445643244,98.77309503867858,318.8552472565734,10.04858749132923,31.127728471107055,4.437897376871206,161.01154470576319,47.50283076938351,192.3926739567318,6805.736484099994
437,152012.5719667,1,-0.9853833533238129,98.74529323258908,324.41371565598934,10.053326507043993,31.59846558815686,5.014855330018423,166.6875853060543,43.93232874513333,192.3926739567318,6824.947091499984
438,152029.3262642,1,-0.9819201186997593,94.8714757538386,329.35807685037094,9.842463061919245,31.115845215010477,6.040660278357196,159.8845331173345,45.88890544160412,196.0885098980945,6841.701388999994
439,152044.5492682,1,-0.9912248498632408,102.57112532423933,332.02907578596154,9.709776986389304,29.076117716840674,4.472068328792203,127.8653912515247,40.551416188430835,195.83229438423874,6856.924392999994
440,152060.2562703,1,-0.9673372138062323,98.74990121615409,320.70615661573527,9.780845792293153,33.66952273643129,5.049446175267018,173.19401338475296,47.05355777920746,185.6163879128848,6872.631395099976
441,152074.7827891,1,0.8103608564103925,98.7457694562042,309.32975669539974,10.366931814959905,31.124903328311508,5.013587561963435,166.9638995615437,41.874643885489654,200.62644163928076,6887.1579138999805
442,152090.0738285,1,-0.9771419995860697,98.74529323258908,320.74442958674734,9.957062017885157,33.08039204103712,5.053740386096846,160.73523045027332,43.972995862396175,192.3926739567318,6902.448953299987
443,152107.0114385,1,-0.9545684619338743,98.76205359456074,318.00078293791336,9.676616868582608,25.203090258425465,4.477099078341953,161.78175788708876,47.047299847858916,195.84220556875601,6919.3865632999805
444,152122.1469088,1,-0.9940978564387148,102.57112532423933,332.02907578596154,9.844631993088461,29.076117716840674,4.953896918523757,127.8653912515247,40.5394717432354,196.0774839410936,6934.522033599991
445,152137.9197887,1,-0.9924016499540382,98.76235875640616,329.35807685037094,9.803202518177557,31.082568850854074,5.046669741502461,156.91155654607294,45.851990348477145,196.11664226710138,6950.294913499994
446,152154.3586316,1,-0.9941776567981165,98.74959605430867,320.70615661573527,9.780845792293153,31.63458777158776,5.0591749341202785,140.87065136973604,45.91613875289357,193.14582671868342,6966.733756399975
447,152171.3128802,1,-0.9959245729082485,97.82262520635251,324.41371565598934,9.850924285060003,31.12488265183255,5.014855330018423,137.31550996553278,43.972995862396175,196.45878694405073,6983.688005000004
448,152187.8869032,1,-0.9884054504363656,98.76205359456074,313.04845437846893,10.044865283903237,31.589428151334783,4.958927668073506,156.91155654607294,45.848238324341274,196.0885098980945,7000.262027999997
449,152202.7813593,1,-0.9869844189544039,98.77309503867858,320.7182588032354,9.464423357889792,30.114872566715558,4.53664045334539,141.83898858577035,45.80821038117231,195.34867506762825,7015.156484099978
450,152218.5113423,1,-0.9890015777458164,98.77309503867858,320.5253000987447,9.959120196854514,31.127728471107055,4.932472899386283,161.01154470576319,47.50283076938351,192.8040549989538,7030.886467099976
451,152234.4326044,1,-0.9938089884646436,98.74990121615409,320.70615661573527,9.780845792293153,31.127728471107055,5.0591749341202785,140.87065136973604,45.919890777029444,193.14582671868342,7046.807729199994
452,152249.9185239,1,-0.9946526857625247,98.7457694562042,320.53419932213745,9.959120196854514,31.127728471107055,5.052472618041858,161.01154470576319,47.47782772147162,200.62644163928076,7062.293648699997
453,152266.3545614,1,-0.990933987960721,98.76205359456074,318.14266331503325,9.824604824288455,30.210907414418653,4.958927668073506,155.92279359215146,45.82530057188602,196.0873951256109,7078.7296861999785
454,152281.8906371,1,-0.9812707026217596,98.76205359456074,329.21619647290754,9.060207986107377,31.598104511719555,4.958927668073506,156.91155654607294,52.72388566013328,194.74954828773335,7094.265761899995
455,152297.001299,1,-0.9937378561227304,99.43971999003858,329.35807685037094,9.825346266821011,31.597479631764507,4.958927668073506,156.91155654607294,45.82626952068768,196.15622509045167,7109.376423799986
456,152314.0127058,1,-0.9917136165069541,98.76205359456074,329.35807685037094,9.776794391188542,31.590053031289834,4.958927668073506,156.91155654607294,44.79443112320477,194.70996546438303,7126.387830599997
457,152329.3647366,1,-0.9910709482384175,98.76203468474547,329.35807685037094,9.82505822236115,31.580428632814193,4.958668006288604,159.6015230404852,44.772462319551174,194.74954828773335,7141.739861399983
458,152344.0899055,1,0.8377248905102274,98.76317520753172,329.35807685037094,10.86263327706711,31.85221805123056,4.958927668073506,156.91155654607294,45.848238324341274,196.0885098980945,7156.465030299994
459,152359.9739554,1,-0.9756081361907707,89.27003306960535,332.2277969746504,9.827135117935839,31.127728471107055,5.120338700678063,160.80752592504084,46.60237913708198,196.73758452363245,7172.349080199987
460,152375.5672593,1,-0.9872172479639868,99.02668034656247,329.7689015132605,9.60928833151737,31.522515028648655,4.437897376871206,171.6294274115085,47.643204405947614,194.3922104583014,7187.942384099995
461,152391.9801517,1,-0.9825657653050192,99.5265701367509,332.02907578596154,8.637412305390782,32.003933407841366,4.953896918523757,125.27147129522517,53.17052842038107,201.11673132232252,7204.355276499991
462,152407.579417,1,-0.9899696692681917,98.7457694562042,320.53419932213745,9.855278921524778,31.669565417325003,5.052472618041858,163.60545176931333,42.3889141840385,195.95868202086797,7219.954541799991
463,152423.2738448,1,-0.9434182933696975,90.71744182576207,329.35807685037094,11.029637719047411,31.590053031289834,4.958927668073506,156.91155654607294,44.79443112320477,194.70996546438303,7235.648969599977
464,152439.3113561,1,-0.9940978564387148,102.57112532423933,332.02907578596154,9.844631993088461,29.076117716840674,4.953896918523757,127.8653912515247,40.5394717432354,196.0774839410936,7251.686480899982
465,152454.5184055,1,-0.9921546495107202,98.7457694562042,320.53419932213745,9.959120196854514,31.127728471107055,5.049852756082211,158.4377498666964,47.47782772147162,196.27880112917018,7266.8935303000035
466,152471.2487061,1,-0.9940920308319712,98.76205359456074,329.35807685037094,9.777535833721098,31.589428151334783,4.961547530033154,165.1556050966825,45.848238324341274,200.46428277582538,7283.623830900004
467,152486.7613326,1,-0.9936631076426896,99.43971999003858,329.35807685037094,9.851217910166199,31.597479631764507,4.958927668073506,156.968585255514,45.82626952068768,196.15622509045167,7299.136457399989
468,152501.9411826,1,-0.9966522643610395,97.82262520635251,324.41371565598934,9.825052641714816,31.12488265183255,5.014855330018423,133.67962234592588,44.517353943347764,196.45878694405073,7314.316307400004
469,152517.8526966,1,-0.9903914364881471,98.76315629771646,329.35807685037094,9.78041777856726,31.843218532709972,4.960762711656913,156.91155654607294,44.772462319551174,193.10997435104076,7330.227821399982
470,152533.4866687,1,-0.9950696344071356,98.74990121615409,319.582253524457,9.825486236087043,31.127728471107055,5.05708022875197,140.87065136973604,45.919890777029444,194.785400655376,7345.861793499993
471,152550.1251229,1,-0.9956659336777716,98.74640565314304,329.35807685037094,9.803202518177557,31.082568850854074,5.046669741502461,156.91155654607294,45.851990348477145,200.66382215001732,7362.500247699994
472,152565.4317468,1,-0.991406864891257,98.76172255946732,320.53419932213745,9.959120196854514,31.127728471107055,5.052472618041858,161.01154470576319,47.47782772147162,196.07926175424382,7377.806871599983
473,152581.173766,1,-0.9798519243777062,91.58130878447292,329.35807685037094,9.803202518177557,31.082568850854074,5.046669741502461,151.103479031552,45.851990348477145,192.9640734339214,7393.5488907999825
474,152597.9201686,1,-0.9902017161606758,98.72507379855037,327.4029160894047,9.818991143016634,31.585713437543305,5.545950555599872,158.06664363624117,52.694249797277145,196.14760299090716,7410.295293399977
475,152613.600015,1,-0.9875696659699549,98.7457694562042,329.37139188236023,10.339769075470894,31.545484415714046,4.971289341615872,161.01154470576319,47.47782772147162,200.62644163928076,7425.9751397999935
476,152629.7765313,1,-0.9845918894012957,93.81531254803589,320.5208842901213,9.836723290110568,31.180348567112564,4.959321627860049,156.91155654607294,44.772462319551174,194.74954828773335,7442.151656100003
477,152645.4047017,1,-0.9955444805808421,98.74959605430867,320.50007518643133,9.780845792293153,31.63458777158776,5.056309222324674,145.33089778617162,45.91613875289357,196.64074710198685,7457.779826499987
478,152661.0873055,1,-0.993507117396842,97.72540672908315,324.61979708529327,9.850924285060003,31.12488265183255,5.017721041814029,137.06000620955004,43.972995862396175,192.9638665607359,7473.462430299987
479,152677.7428342,1,-0.9906468219503942,98.75026438614478,320.70935957984267,9.464423357889792,31.127728471107055,5.03121597586046,140.73575886084487,45.80821038117231,193.2234107016795,7490.117958999996
480,152693.1618333,1,-0.9933830528312547,98.77273186868788,320.70615661573527,9.780845792293153,31.127728471107055,5.0591749341202785,141.97388109466155,47.74413254932092,193.00043935736485,7505.536958099983
481,152708.3012684,1,0.8167887440879069,104.8503801477132,320.59586145312693,9.846332093066538,29.09949869339557,5.8053891557369,145.33089778617162,40.515337841762516,196.64074710198685,7520.676393200003
482,152724.4945391,1,-0.9983588043075454,98.58287701929635,331.9332895183317,9.779145692315074,31.611206795032853,4.956597002725795,127.8653912515247,45.94027265436645,196.0774839410936,7536.869663899997
483,152740.1725624,1,-0.9925902562209719,97.83679364200168,324.50326913481814,9.780845792293153,31.127953361985004,5.014954043952389,141.48815082460877,45.919890777029444,193.14582671868342,7552.547687199985
484,152756.0505683,1,-0.9979084490864341,98.73573278050492,320.2830671811439,9.825052641714816,31.56797681343012,5.059076220186314,133.0621228910531,43.68715374816499,196.45878694405073,7568.425693099998
485,152770.6064883,1,0.8045897686253777,104.7437678675234,320.53419932213745,9.813800733401502,31.123392556798855,4.896930370265983,161.01154470576319,47.47782772147162,200.62644163928076,7582.9816130999825
486,152786.5754763,1,-0.9688743464973016,98.74643980461013,329.35807685037094,9.948521981630568,25.81908341870061,4.939842995593449,156.91155654607294,45.851990348477145,200.66382215001732,7598.95060109999
487,152802.4243928,1,-0.9904988917868596,98.74990121615409,319.582253524457,9.825486236087043,31.127728471107055,6.16545969321167,140.9130648143474,45.9199689453499,194.785400655376,7614.799517599982
488,152817.3875116,1,-0.9915608918772468,98.74959605430867,320.50007518643133,9.780845792293153,30.020391605090328,5.270874542348388,145.28848434156023,45.916060584573124,196.64074710198685,7629.7626364000025
489,152833.8683586,1,-0.9905244164998475,98.76205359456074,338.6065134177483,9.777535833721098,32.18940490988196,4.961547530033154,165.29007224527902,45.848238324341274,200.46428277582538,7646.243483400001
490,152848.9377699,1,-0.9933046282051307,98.7457694562042,320.53419932213745,9.959120196854514,31.638010263507777,4.885903896610684,160.87707755716667,50.94535842271891,200.62644163928076,7661.312894699979
491,152863.9341738,1,-0.9959009346121243,99.35918917421253,320.54292976564665,9.959120196854514,31.127728471107055,5.052472618041858,161.01154470576319,47.46427768320195,201.29743791259887,7676.309298599983
492,152880.4773382,1,-0.9764627830878126,97.16754068918998,320.697426172226,8.475543680585425,34.34991255587203,5.0591749341202785,140.40309782085964,45.92968879116324,188.31266004281034,7692.852462999988
493,152895.7990364,1,-0.9888950416151229,98.74990121615409,320.70615661573527,9.780845792293153,31.127728471107055,5.0591749341202785,140.87065136973604,45.919890777029444,187.08167943234693,7708.174161200004
494,152912.2146858,1,-0.9941776567981165,98.74959605430867,320.70615661573527,9.780845792293153,31.63458777158776,5.0591749341202785,140.87065136973604,45.91613875289357,193.14582671868342,7724.58981059998
495,152927.660493,1,-0.9761575675635601,98.74291245219854,330.20656756386467,9.959120196854514,33.763799075906,5.050629086357917,161.0194439284536,47.47782772147162,200.62644163928076,7740.035617799993
496,152943.5220324,1,-0.9899583026166281,97.94641589719525,319.6857086082581,9.825346266821011,31.157210042595338,4.960771199757447,156.90365732338248,45.82626952068768,194.11331612734315,7755.897157200001
497,152959.7377325,1,-0.99494698222575,97.74792735030698,310.58614949175546,9.851483451357415,31.11847123236778,4.958927668073506,132.46920215999663,45.829805898209806,196.47930746534945,7772.112857300002
498,152975.0986988,1,-0.9932215933786674,99.51441784608411,329.36414516657476,9.870157602340297,31.603891051229276,5.014855330018423,158.17900532356475,44.51381756582564,196.13570456915295,7787.473823599983
499,152989.8870319,1,0.8559514874262132,105.32208374080463,331.41517903276826,9.851217910166199,34.11431385528917,6.209071984292421,137.74862147509836,45.82626952068768,196.15622509045167,7802.262156699988
500,153005.9786889,1,-0.9753960850093627,97.82262520635251,324.3403820607772,9.850924285060003,27.523889976882185,5.014855330018423,154.4631405610934,43.972995862396175,196.45878694405073,7818.3538137
501,153021.2136963,1,-0.9944584803367553,98.34217737249493,319.5820545625724,9.780845792293153,31.189581347880704,5.0591749341202785,140.87065136973604,45.91614970238482,194.80363395175033,7833.588821099984
502,153037.5854852,1,-0.9783133256231155,95.55165230171157,320.70635557761983,9.825486236087043,28.620333388340992,5.158728099087879,140.87065136973604,45.9198798275382,193.12759342230908,7849.96060999998
503,153052.675018,1,-0.9956122666417738,98.73573278050492,320.5340516539393,9.825052641714816,31.56797681343012,5.059076220186314,133.0621228910531,43.551382776009,192.8184436079107,7865.050142799999
504,153068.5218738,1,-0.9946284171967795,98.7457694562042,320.28321484934213,9.959120196854514,31.127728471107055,5.099418015048107,161.01154470576319,47.613598693627615,200.73404280480108,7880.896998599987
505,153084.614047,1,-0.9984381060312411,97.81716855105104,329.45201176126096,9.769450056868251,31.12488265183255,4.9629719207288,133.67962234592588,43.7745062015449,200.3640543435492,7896.9891718
506,153099.3700498,1,-0.9853828127256217,96.0165446596894,335.4118656009013,9.833138418567664,31.589428151334783,5.0134309393227765,165.1556050966825,44.45922533457047,196.55901537595437,7911.745174599986
507,153115.2187227,1,-0.9762504978858453,91.55734612070566,331.94281633936123,9.844631993088461,28.995207499061564,4.949576326435407,127.8653912515247,40.5394717432354,196.0774839410936,7927.593847499986
508,153131.0140118,1,-0.9977692260806851,102.21275979631905,329.4443362969713,9.803202518177557,31.16347906863318,5.326765063456187,165.691562047412,45.851990348477145,200.66382215001732,7943.389136599988
509,153145.7731302,1,-0.9997521640591539,98.5914798773433,332.01895216983485,9.777961683295747,31.611206795032853,4.956597002725795,120.31499261203176,49.16575530526943,196.0774839410936,7958.148254999978
510,153162.1974451,1,-0.9958326569174154,98.73780279509607,324.99009783879615,9.804386527196886,31.082568850854074,5.046669741502461,156.91155654607294,45.9389505021407,200.66382215001732,7974.572569899989
511,153176.9015015,1,0.8332468944806424,98.74990121615409,301.9488073900022,9.77922971949779,31.129328050935904,5.063714031420626,143.04245729820244,45.919890777029444,194.785400655376,7989.276626299979
512,153193.6224789,1,-1.0008340843561954,98.58287701929635,332.6603260606669,9.825402208904327,31.609607215204,4.949963200057138,115.06244121595908,45.94027265436645,196.0774839410936,8005.9976037000015
513,153209.2673538,1,-0.9941466179818428,98.73573278050492,320.2830671811439,9.825052641714816,31.56797681343012,5.059076220186314,145.78760667347154,39.809403037564394,196.45878694405073,8021.642478599999
514,153224.290662,1,-0.9976558687278071,98.7457694562042,320.53419932213745,9.959120196854514,31.127728471107055,5.052472618041858,147.36280798224107,47.47782772147162,200.62644163928076,8036.665786800004
515,153240.6928107,1,-0.9954851762929586,97.93966496361716,324.58428697916753,9.960963569850232,31.127728471107055,5.050493286786662,161.01154470576319,47.25367588970445,202.94207765935982,8053.067935500003
516,153256.1853595,1,-0.9946069190166582,99.24214941694788,318.3032169609446,9.849080912064284,31.12488265183255,5.509061507789251,137.31550996553278,51.484100825779876,194.8141414782387,8068.560484299989
517,153271.722751,1,-0.9929800279551365,97.83168581030655,334.3619242216194,9.78844075906216,31.666674071409773,5.014855330018423,145.1382256604185,43.972995862396175,196.61869434316566,8084.097875799984
518,153287.8728575,1,-0.9858533276878721,92.07393255699156,320.50007518643133,9.843329318290996,31.092796352010538,5.056309222324674,137.50818209128585,39.39910318522196,196.4808397028719,8100.247982300003
519,153303.5296215,1,-0.9970442310362382,97.8171103176965,324.41371565598934,9.825052641714816,31.641794893870582,5.014855330018423,133.67962234592588,44.517353943347764,196.64240630434534,8115.904746299988
520,153319.7787764,1,-0.9440328144122503,98.75511094296469,320.50007518643133,7.827002718941208,31.11767552954973,5.454662847520719,142.77369741884948,45.91613875289357,196.4571277416922,8132.153901199985
521,153335.1062723,1,-0.9876026656509848,95.24971108079517,329.04955501159975,10.255102183403165,31.6489329004174,5.014625085984419,133.67962234592588,44.517353943347764,196.64240630434534,8147.481397099997
522,153350.0213029,1,-0.9835501777944888,92.12936623697094,324.80849694136083,9.827447877636807,31.156341062086362,5.326995307490191,165.691562047412,45.851990348477145,200.66382215001732,8162.396427699976
523,153365.6951435,1,-0.9929619403690519,97.84933316998963,324.76963988388644,9.850727616370317,31.611206795032853,4.956597002725795,146.33028294507372,43.29058914816564,194.93493175007694,8178.070268299984
524,153381.3048014,1,-0.9997694649887994,98.56477191370617,331.6630279419265,9.778158351985432,31.12488265183255,5.014855330018423,117.36481293724319,49.848162019499895,196.47207665947073,8193.679926199984
525,153397.0503838,1,-0.9401818117615522,73.82529195244068,321.08068945495774,10.49657866251068,31.082568850854074,5.3646204994017905,155.19793667779228,45.83070013656869,200.66382215001732,8209.42550859999
526,153413.1203733,1,-0.9961808112958983,99.35918917421253,328.820317161038,9.797144087826302,31.127728471107055,5.053457587355702,161.01154470576319,47.485567895110414,201.29743791259887,8225.495498099976
527,153428.2941131,1,-0.9917890266940839,98.73944693408386,331.3905687381261,9.779149714097127,31.59268949225753,5.055748332686403,140.87065136973604,34.882804049534535,194.785400655376,8240.669237900001
528,153444.3577616,1,-0.9803931384350435,98.59333130136658,320.12497430298185,9.82548221430499,27.620493767785867,4.957928898791361,127.8653912515247,45.940294580496584,196.0774839410936,8256.732886399986
529,153459.5252426,1,-0.9973229996003001,98.73573278050492,320.5340516539393,10.018736072763396,31.56797681343012,5.126902086101928,119.66261899362404,43.4079683331331,192.8184436079107,8271.900367399998
530,153474.806265,1,-0.9975274300935176,98.5914798773433,329.5500595873007,9.779021992806474,31.611206795032853,4.605253294152283,133.71449650945763,49.30916974814531,196.0774839410936,8287.181389799982
531,153490.6456582,1,-0.9930808178630073,98.75169073091539,320.4999499420564,9.969842846714052,31.73668354007638,5.279783982615271,161.01154470576319,47.352340195086605,201.29743791259887,8303.020782999985
532,153506.2620899,1,-0.9960588423771075,99.3570944976058,320.54305501002165,9.770123142433615,31.906994846701636,5.052480604009835,145.33089778617162,46.02807624100891,196.64074710198685,8318.637214699993
533,153522.3350794,1,-0.9981424156863731,98.73573278050492,320.2830671811439,9.825052641714816,31.56797681343012,5.0110542713608135,133.0621228910531,46.82507743005324,196.45878694405073,8334.710204200004
534,153537.4384114,1,-0.9894730421419001,97.82262520635251,321.637520524798,9.825052641714816,33.53976861851318,5.062877278843923,133.67962234592588,44.517353943347764,204.29723630355747,8349.813536200003
535,153552.6547477,1,-0.9736138771298924,98.73573278050492,329.80507738712475,9.825052641714816,27.02453194354276,5.059076220186314,133.0621228910531,43.68715374816499,196.45878694405073,8365.029872499988
536,153568.6256674,1,-0.9966522643610395,97.82262520635251,324.41371565598934,9.825052641714816,31.12488265183255,5.014855330018423,133.67962234592588,44.517353943347764,196.45878694405073,8381.000792199979
537,153582.9430656,1,0.8406242704622187,107.42605277079761,329.45201176126096,9.769450056868251,31.12488265183255,4.951054752728642,133.62355345166213,43.739128793851215,200.20893283097925,8395.318190399994
538,153598.7969258,1,-1.0009479539629866,98.58287701929635,332.75604106453716,9.825402208904327,31.609607215204,4.9618803680572965,114.80527027199982,46.78735414480586,196.23260545300946,8411.172050599998
539,153614.250975,1,-1.0015670266028711,97.81716855105104,329.45201176126096,9.769450056868251,31.15225127333651,4.9629719207288,116.77055669921138,43.7745062015449,200.3640543435492,8426.626099799993
540,153629.5824648,1,-0.9904383673639027,98.58287701929635,332.6603260606669,10.349906038487013,31.58223859370004,4.949963200057138,131.9715068626426,45.94027265436645,196.0774839410936,8441.957589600002
541,153646.4279875,1,-0.9949238901324355,98.58336716303498,332.9774746157154,9.857891140692589,32.399090798492054,4.957361195822947,132.33347825357305,46.82159899314709,196.23260545300946,8458.803112299996
542,153661.4147761,1,-1.0037146057673256,98.73524263676629,320.06163362464287,9.825052641714816,31.607053065110787,5.015573443595163,106.07108274882218,46.79083258171201,196.45878694405073,8473.789900899981
543,153676.9351666,1,-1.000804136351848,98.58287701929635,332.75604106453716,9.825402208904327,31.609607215204,4.9618803680572965,114.80527027199982,46.78735414480586,195.98494544902593,8489.310291399976
544,153693.3405728,1,-1.000821974953936,98.58287701929635,332.6603260606669,9.825402208904327,31.609607215204,4.949963200057138,115.06244121595908,45.56864188994616,196.0774839410936,8505.715697599982
545,153707.3087289,1,0.8859474338925347,104.62278992011854,333.53734450353903,9.825052346328585,32.95198879572611,5.113156858976341,110.73068527292173,47.36502598299349,194.82071886828948,8519.6838537
546,153723.3183786,1,-0.9890090247278256,98.73573278050492,321.6718916397135,9.825402504290556,33.29283909837251,4.949159065993649,133.0621228910531,43.68715374816499,196.45878694405073,8535.69350339999
547,153740.0502444,1,-0.9942102708211069,96.2075939499646,321.35550234054585,9.779021992806474,31.611206795032853,4.867768668288123,133.71449650945763,42.988662206793045,196.0774839410936,8552.425369199977
548,153755.3651706,1,-0.9972189391387055,100.58844636519014,320.54305501002165,9.770123142433615,31.906994846701636,5.1611064339581585,145.33089778617162,49.38194489207779,196.64074710198685,8567.740295399999
549,153771.8471734,1,-0.9968520397240546,98.5829789369314,331.9320849919454,9.777961683295747,31.611206795032853,3.953086321141104,120.31499261203176,43.2366509864545,196.0774839410936,8584.22229819998
550,153787.4182098,1,-0.9950860513934221,98.59137795970827,332.02015669622125,9.779145692315074,32.776415766276195,4.956597002725795,127.8653912515247,45.642104422793054,196.0774839410936,8599.793334599992
551,153803.7331125,1,-0.972896709975394,99.23563513839176,331.9332895183317,8.519479581449101,31.125999851341852,4.956510123292218,147.14324510782117,45.94027265436645,203.48648203331857,8616.10823729998
552,153819.4827507,1,-0.9977982828154565,98.58909433699237,320.53419932213745,9.959120196854514,31.612935414798052,5.052559497475436,128.0849541253584,47.47782772147162,195.93324786587797,8631.85787549999
553,153834.1571014,1,0.8268003098540612,99.35918917421253,331.7101793197119,11.11028298854257,31.127723901593875,5.055681728717558,166.6337034327869,55.02623533569393,196.6677303099905,8646.532226199983
554,153850.7527486,1,-0.9951767377987519,98.56477191370617,332.37782648993374,9.541628109326293,31.12488722134573,5.0126311886565675,117.36481293724319,56.42405735486638,196.67106864782173,8663.127873399993
555,153866.1682457,1,-1.0047606131317834,102.10462990175681,332.01895216983485,9.778159973201609,31.611206795032853,4.956597002725795,120.39832895279962,49.76516085651623,196.35110730849684,8678.543370500003
556,153882.6652776,1,-0.9992724917968692,98.56470857959677,331.6630279419265,9.77796006207957,31.12488265183255,5.014855330018423,117.28147659647531,52.65020250255526,196.47207665947073,8695.040402399987
557,153898.4218478,1,-0.9984381060312411,97.81716855105104,329.45201176126096,9.769450056868251,31.12488265183255,4.9629719207288,133.67962234592588,43.7745062015449,200.3640543435492,8710.796972599986
558,153913.4956759,1,-1.0018225924489397,97.81716855105104,329.45201176126096,9.803281982109112,31.15225127333651,4.9629719207288,116.77055669921138,43.7745062015449,200.3640543435492,8725.87080069998
559,153928.044598,1,-0.9909497479104686,97.81716855105104,334.7838811881799,9.769450056868251,31.12488265183255,6.317821334842243,133.67962234592588,43.7745062015449,200.3640543435492,8740.419722799998
560,153940.8946788,1,-0.9876472911046756,97.81716855105104,356.7128582212467,9.769450056868251,31.15225127333651,4.9629719207288,116.77055669921138,43.7745062015449,200.3640543435492,8753.269803599978
561,153953.554264,1,-0.9993791892999981,98.56477191370617,332.98675342086125,9.779328306670982,31.12488265183255,5.014855330018423,117.36481293724319,49.848162019499895,196.47209143269416,8765.929388799996
562,153967.7957088,1,-1.0063191809867955,98.73524263676629,312.9790136014684,9.823882687029267,31.607053065110787,5.255873567854125,106.07108274882218,46.79083258171201,206.03299204609593,8780.170833599987
563,153979.7965539,1,0.8736794237180785,110.35753698815796,332.6603260606669,9.825072137449078,31.086935887522838,4.849883879594799,115.06244121595908,45.94027265436645,190.32381219020488,8792.17167869999
564,153992.7654243,1,-0.9969808041672041,97.81438197897795,320.2830671811439,9.825382713170063,31.56797681343012,4.881700677513631,133.0621228910531,45.482545198618546,196.45878694405073,8805.140549100004
565,154006.9478234,1,-0.999328727581022,101.9519884435961,332.01895216983485,9.77814720187072,29.978755759621304,4.956597002725795,120.39832895279962,49.76516085651623,196.35130509514562,8819.322948199988
566,154019.7318802,1,-0.997083660995409,98.71735003775726,331.6630279419265,9.777972833410459,32.982857595445665,5.014855330018423,113.99285835868704,50.30033140842541,196.47187887282195,8832.107004999998
567,154032.1387551,1,0.8651883631726022,110.2083836191031,332.01895216983485,9.55356490424715,31.595330645535302,4.956597002725795,116.71504463830904,50.05405712465589,196.35110730849684,8844.513879899983
568,154045.8252951,1,-1.006504426589343,101.67113658921022,329.45201176126096,9.803281982109112,31.168127422834058,4.9629719207288,120.45384101370196,43.485609933405165,200.3640543435492,8858.200419899978
569,154058.1516717,1,-0.994131180861734,97.79347966627307,332.75604106453716,9.823657003968263,33.27200219696168,4.9618803680572965,114.80527027199982,46.78735414480586,199.72859746992134,8870.526796499995
570,154071.4558315,1,-1.0030796323464286,98.60656590407433,329.45201176126096,9.805027187045178,31.153516112340306,4.678123389566762,116.77055669921138,43.702845837870555,200.3640543435492,8883.830956299993
571,154086.1619428,1,-1.001495239732083,98.58287701929635,332.824281427663,9.825402208904327,31.609607215204,4.956543381703793,112.07088932653816,46.78735414480586,196.24700037218386,8898.537067600002
572,154098.4967071,1,-0.9978185164489373,98.58287701929635,314.9588578988251,9.779145692315074,31.611206795032853,4.961933989079298,127.8653912515247,45.94027265436645,195.78275689537543,8910.871831900004
573,154111.33488,1,-0.9976728234998391,98.58909433699237,332.5847310210846,9.959120196854514,31.609533151552817,5.052559497475436,128.13421227119196,47.47782772147162,196.0787427675342,8923.7100048
574,154125.2718448,1,-0.9913515150661392,98.58287701929635,320.60979435980187,9.825402208904327,30.13606652819492,6.407562984021632,115.01318307012514,45.94027265436645,195.93198903943733,8937.646969599999
575,154137.3022117,1,0.8832752247742854,112.21084129808136,337.3725096497388,9.775292246685888,31.12488265183255,5.639052016009572,106.05790198008225,57.17519684748234,196.47207665947073,8949.677336499997
576,154149.8434578,1,-0.9966570423616448,98.73524263676629,320.06583304210153,9.827720457108496,31.607053065110787,4.7406371880275895,117.01748886035564,62.99584846571141,196.45878694405073,8962.218582599977
577,154164.3245824,1,-1.003431806325974,98.66819889329622,329.4748631219823,9.769450056868251,31.564994392611315,4.9629719207288,116.77055669921138,43.7745062015449,200.3640543435492,8976.699707199994
578,154177.1738814,1,-0.9884287403570774,98.58287701929635,356.0108611851537,9.825402208904327,31.196864095929197,4.9618803680572965,114.80527027199982,46.29565598496892,196.23260545300946,8989.549006199988
579,154189.6717268,1,-0.9454846797193276,99.96022416360911,329.45201176126096,9.769450056868251,36.714129270515926,4.9629719207288,133.3495392507598,43.7745062015449,198.62910025876275,9002.046851599996
580,154204.0132094,1,-0.9926633798463061,97.81716855105104,329.45201176126096,9.244735970335954,31.15225127333651,4.9629719207288,117.10063979436421,43.7745062015449,200.3640543435492,9016.38833419999
581,154216.788273,1,-0.9997166435041585,98.58287701929635,332.80438820285667,9.825402208904327,31.609607215204,4.949963200057138,120.54361162276136,46.10493818087879,196.0774839410936,9029.163397800003
582,154229.9450591,1,-1.0064366206492914,101.67113658921022,329.3079496190712,9.803281982109112,30.60943589539118,4.9629719207288,114.97267060689968,43.32094440689282,200.3640543435492,9042.320183899981
583,154244.6769731,1,-1.0053639998732162,101.67113658921022,329.45201176126096,9.803331668884413,30.782244373683604,4.9629719207288,122.8398663594697,43.46823124697429,200.3640543435492,9057.052097899985
584,154255.7555818,1,-1.0007090715038844,98.40451301712821,337.14374111971273,9.804977500269876,31.167810286314793,4.678123389566762,116.70751955977316,46.215324178257355,200.3640543435492,9068.1307066
585,154265.8967835,1,-1.0012894499755072,98.66819889329622,329.4748631219823,9.769689178051173,31.564994392611315,4.9629719207288,116.77055669921138,44.36931600220527,196.2911286574003,9078.271908299997
586,154277.9978568,1,-0.9900701968100741,95.44777613234908,332.01895216983485,9.625742092279026,29.978755759621304,4.956597002725795,120.39832895279962,44.92335434613471,202.03665032955888,9090.372981599998
587,154288.0403513,1,-0.9905728249051333,98.578647135145,332.75604106453716,9.823948044440217,33.76372545971124,4.9618803680572965,106.02764403737744,46.78735414480586,195.98494544902593,9100.415476099995
588,154298.2841746,1,-0.9895828546724682,98.73947252091763,312.9790136014684,9.825336851493377,27.94266330289954,5.255873567854125,114.84870898344455,46.79083258171201,206.65156641024478,9110.659299399995
589,154308.8286469,1,-0.9943950591893553,97.16042970424269,329.29813035377657,9.821116898026295,29.446126479436593,4.962244175280251,112.25292562081589,46.782472289035944,200.3640543435492,9121.203771699977
590,154320.1577773,1,-1.0004297241843414,98.62256018101883,332.97816283514743,9.825402208904327,31.609607215204,4.957271127152342,116.58852040493366,43.77938805731481,196.24700037218386,9132.532902099978
591,154330.2707219,1,-0.9964337095793359,96.84667216471458,330.9676004673421,9.777318747000205,31.12488265183255,5.363377848659628,117.10924729468624,49.71300859996147,196.47207665947073,9142.645846699976
592,154340.6158772,1,-1.0003694765445974,97.44351010272047,320.757061098436,9.825892246700043,31.607053065110787,5.015573443595163,106.32664839137912,46.925986001250436,193.5693665506187,9152.991001999995
593,154352.4188753,1,-1.0068510037373435,100.74176874708506,329.4365025609537,9.825052641714816,31.607053065110787,5.015573443595163,105.12304246241769,46.79083258171201,196.45878694405073,9164.794000099995
594,154362.0048924,1,0.8662420593110969,105.77701340662837,320.0771428249002,9.805027187045178,29.59173759070946,4.678123389566762,109.6617079960737,43.702845837870555,200.3640543435492,9174.38001719999
595,154371.939235,1,-1.0052055796881167,102.10462990175681,334.31541943581203,9.822471965520645,31.61125551013381,4.956597002725795,115.61340353376394,49.76516085651623,196.35110730849684,9184.314359799988
596,154381.9372745,1,-0.9999849423694053,98.58287701929635,318.26180791066565,9.78109021658529,31.60955850010304,4.949963200057138,114.75552250859401,45.94027265436645,193.69105175651788,9194.31239929999
597,154393.7973905,1,-1.0020994982158926,98.5540786965217,327.20510970023366,9.823882687029267,31.128182625112533,5.255649959391594,106.07108274882218,49.70776396619842,195.86457941720573,9206.172515299986
598,154404.0169379,1,-1.0018570462643557,98.74593585395074,331.6630279419265,10.206364037976734,31.603753091830807,5.111916730745328,120.73517961608316,46.931230635013485,206.6384406748462,9216.392062700004
599,154413.7845677,1,-1.000689573737012,97.81716855105104,330.16462710068686,9.803281982109112,31.15225127333651,4.9629719207288,116.77055669921138,55.361508777915915,200.3640543435492,9226.15969249999
600,154421.6324347,1,-1.001670505471576,97.81716855105104,329.45201176126096,9.769450056868251,31.15225127333651,4.864133939431555,116.77055669921138,43.7745062015449,200.3640543435492,9234.007559499994
601,154430.5267247,1,-1.0068510037373435,100.74176874708506,329.4365025609537,9.825052641714816,31.607053065110787,5.015573443595163,105.12304246241769,46.79083258171201,196.45878694405073,9242.901849499991
