iteration,timestamp,success,NPV_over_CAPEX,clearance,sp,p_rated,Nwt,wind_MW_per_km2,solar_MW,surface_tilt,surface_azimuth,time_sec
0,77393.5093683,1,0.8608029382308894,117.33886278254585,277.5165437868629,6.161515836374317,26.389405444039326,4.985521378347631,92.90575673400875,1.2170941362875443,151.40925383634945,0.0
1,77410.6033862,1,-0.18343366254850726,36.09610190093926,238.53903316750763,14.225805201015547,44.979727241983014,6.1186871699118175,52.61189558842038,50.770424174774405,186.7897015611046,17.094017900002655
2,77427.7651683,1,-0.647388818613678,16.95705826324095,204.24761078602722,9.702824576224018,21.425472411716864,7.244566872690705,196.16513232209505,14.731933404100264,185.94447366342084,34.255799999999
3,77444.1141616,1,0.8868896361860995,100.24453623179487,226.4928218107318,12.773035120253816,40.6850759936787,9.865626835800333,185.31964437383246,44.8769156700463,184.88689953369214,50.60479329999362
4,77462.2661317,1,-0.5467497707689981,31.58828482045414,303.1606486125948,19.435486997461133,8.261305202763987,9.639600652841581,58.47026102894904,72.08052064865933,192.96639555398667,68.75676340000064
5,77479.1281245,1,-0.0327761848912358,23.92068837263094,221.94249304348435,17.556922194865976,37.85094482343373,5.2456543541629586,45.88339290351182,29.463866808200528,174.05552633657916,85.61875619999773
6,77495.8842558,1,0.6692285140163923,118.82953497002221,252.98564362146362,7.482619903061575,20.640983508599447,3.9846269528411753,181.9599184319223,81.20637383482246,207.12423989313183,102.37488750000193
7,77512.9846199,1,-0.5880527071086724,50.727328458152456,224.53332318933363,9.044503215309357,48.49766235248901,3.869853084709683,188.6049069739892,46.90176276978848,156.85903468910757,119.47525160000077
8,77529.554518,1,0.9710734145900665,62.57044084005185,208.20963789292475,17.580830342041786,34.7572300025906,5.236156910820933,78.58351711875093,59.60884907414657,152.23128951565718,136.0451497000031
9,77545.2118681,1,0.869845761710822,118.05975023588657,231.92040072011426,10.19395028495136,34.06175320340752,3.428256482249434,148.45285813613884,78.15007889540715,197.7199017473049,151.7024997999979
10,77562.7365778,1,-0.7292240030233312,50.13559785586112,283.73890256978,5.276823942170884,31.764758087171945,6.090961197793438,32.536796042224246,60.76137935603763,181.82620854061548,169.22720949999348
11,77579.7613213,1,-0.7536503036192326,63.28979714132979,203.38611393912498,6.81850407936085,27.779015563895907,3.971895154045,103.15460361754464,41.78080504891511,155.99714537564944,186.25195299999905
12,77596.6357539,1,0.7730782604766565,104.02434585979726,284.88295865209454,6.882140305320238,25.142674329875025,1.518130198570619,149.7044664841688,10.892267898247379,182.14971461074396,203.1263856000005
13,77613.6408541,1,-0.8439669847458029,98.07028143325711,331.87348323857356,9.697554312564408,18.45992620363102,4.029676185688807,189.3152169883159,62.560980291541654,187.37378765538463,220.13148579999688
14,77630.1385634,1,0.7872837751549511,96.36989310427215,351.2722410919471,7.9645843951552875,24.204636282160056,1.8172854972264854,140.51463319340957,34.016460805659165,161.79260737723007,236.6291951000021
15,77647.9847344,1,-0.496915915371818,43.90238843499143,285.72732119690625,5.34603674140988,15.269691773875092,9.623589622958661,185.7477031532281,40.1879510041549,173.9318149428117,254.47536609999952
16,77664.4786077,1,0.9770540304287377,67.42594902979064,253.22343205587305,19.560452069205382,21.20678740171036,9.380672872512225,47.03564773334078,66.77753494444579,194.29123767951907,270.96923940000124
17,77681.9142347,1,-0.787203068229398,18.030376491872886,263.54135076162163,7.083389902269045,40.037310789368725,6.258852438377278,179.65962433833428,9.584282309974304,199.4771853499418,288.4048664000002
18,77699.652192,1,-0.7051482627879707,99.43330814698814,355.26473414139025,9.60712184866512,14.094762124886724,5.55449088193285,61.24420874444533,36.74105924477014,157.89929455172376,306.14282369999273
19,77716.134652,1,0.8094896557128466,76.37641320922444,218.39496556146037,6.303098261745648,20.479689020569616,2.7085539173125124,104.05521033043374,5.279968046400931,155.16131853494602,322.625283699992
20,77732.2793718,1,0.6286775890114232,36.41835513359944,344.3161646290664,7.9660704072123,12.134364295773725,1.9972455907768878,156.23277401858883,61.08199386624836,157.24990505953835,338.7700035000016
21,77749.8860334,1,-0.663450949001345,93.09458283066171,353.0605069159663,9.058263316048482,14.094762124886724,5.5403777513066865,61.24420874444533,47.22852497565468,157.89929455172376,356.3766651000042
22,77766.9505592,1,-0.5343817193009296,57.06509616259462,225.29503937662412,9.593361747925996,48.49766235248901,3.883966218363404,188.6049069739892,36.41429703895292,156.85903468910757,373.4411909000046
23,77784.1483432,1,-0.8056004803033086,50.13559785586112,263.77826197972763,5.276823942170884,39.98322369454487,6.090961197793438,36.57955617193623,63.14401498684305,181.82620854061548,390.6389748999936
24,77801.0200069,1,-0.7323594269057,18.030376491872886,283.5019913517935,7.083389902269045,31.818844924933494,6.258852438377278,178.10906439498785,8.825659174518574,199.4771853499418,407.51063859999704
25,77818.5449218,1,-0.496915915371818,43.90238843499143,285.72732119690625,5.34603674140988,15.269691773875092,9.623589622958661,185.7477031532281,40.1879510041549,173.9318149428117,425.03555349999806
26,77835.8442411,1,-0.8439669847458029,98.07028143325711,331.87348323857356,9.697554312564408,18.45992620363102,4.029676185688807,189.3152169883159,62.560980291541654,187.37378765538463,442.33487279999827
27,77852.952528,1,-0.7945346838775438,50.727328458152456,223.93756588005792,9.044503215309357,28.718975000219597,3.8725833139871617,188.6049069739892,42.04858712826908,156.85903468910757,459.443159699993
28,77869.9285827,1,-0.8369096838728726,63.28979714132979,204.00345448995597,6.81850407936085,47.45584577940346,3.969164924767521,103.15460361754464,46.63398069043453,155.99714537564944,476.41921439999714
29,77887.042988,1,-0.7050047886055614,14.758842871339201,204.24761078602722,9.702824576224018,27.965912005277826,7.244566872690705,83.4157956766654,21.948906651980142,185.94447366342084,493.5336196999997
30,77904.167504,1,-0.6675936743706828,65.8019235379274,203.38611393912498,6.81850407936085,21.238575971137436,3.971895154045,199.82724329802934,41.78080504891511,152.91049773256506,510.6581356999959
31,77921.8938467,1,-0.17538921312270486,24.567642334287783,238.53903316750763,14.225805201015547,44.979727241983014,6.1186871699118175,52.739113916296965,50.770424174774405,187.0777885358041,528.3844783999957
32,77938.3794355,1,-0.03625165389911558,35.449148450837846,221.94249304348435,17.556922194865976,37.85094482343373,5.2456543541629586,45.75617457711801,29.463866808200528,173.76743935351953,544.8700671999977
33,77956.3511914,1,-0.7986810290351216,50.2730736748313,276.51333797369045,5.276823942170884,38.07052808457654,5.108443494012536,32.536796042224246,60.36405284138334,181.82620854061548,562.841823099996
34,77973.2480787,1,-0.22021636947924583,23.783473679709793,229.17099883388286,17.556922194865976,31.545174815829338,6.228172057939167,45.88339290351182,29.861192979503613,174.05552633657916,579.7387103999936
35,77991.0261903,1,-0.7760449757890852,98.07028143325711,331.87348323857356,9.596024984185245,18.45992620363102,9.285057972431485,189.3152169883159,62.560980291541654,170.47375616397608,597.516822000005
36,78007.7145931,1,-0.5832195511301334,43.90238843499143,285.72732119690625,5.467048473153104,15.269691773875092,4.326992869138886,185.7477031532281,40.1879510041549,190.4292546392953,614.2052247999964
37,78024.3005999,1,0.8907365438066908,89.81990312034496,353.1120229348167,7.961248695308456,39.78915878411658,1.8172854972264854,141.83539295060157,9.393092746775476,161.79260737723007,630.7912316000002
38,78041.5387424,1,-0.7409089264260093,18.030376491872886,263.54135076162163,7.083389902269045,24.452744048055195,6.258852438377278,178.33853740246587,34.20897649874106,199.4771853499418,648.0293740999914
39,78057.4948806,1,0.7872837751549511,96.36989310427215,351.2722410919471,7.9645843951552875,24.204636282160056,1.8172854972264854,140.51463319340957,34.016460805659165,161.79260737723007,663.9855123000016
40,78074.5447482,1,-0.7051482627879707,99.43330814698814,355.26473414139025,9.60712184866512,14.094762124886724,5.55449088193285,61.24420874444533,36.74105924477014,157.89929455172376,681.0353799000004
41,78091.2478501,1,-0.7477534578738906,18.796914426565028,285.09352086450303,7.083389902269045,31.003602264755855,6.258852438377278,37.222603148767334,8.825659174518574,199.74137126261473,697.7384817999991
42,78108.8280917,1,-0.8377085337553287,49.37710317045516,262.1867324680201,6.275261273037955,40.79846266707286,6.090961197793438,178.6842525371278,63.14401498684305,181.56189283424936,715.3187233999925
43,78125.5670197,1,-0.8411152805819955,98.07028143325711,331.87348323857356,9.697554312564408,18.605255519285546,4.30590444451599,47.442488283195416,62.560980291541654,181.6649781171094,732.0576513999986
44,78143.4265534,1,-0.7700136228907218,45.22630195342288,283.73890256978,5.730200641605306,31.6194301576919,5.814732947512901,176.87083678678857,64.23299195306568,187.53501807888148,749.9171850999992
45,78160.4012778,1,-0.7301809052698058,51.67050174927649,279.65264380544255,5.276823942170884,31.764758087171945,6.227579528198503,34.62879687346626,60.76137935603763,181.18263036799348,766.8919095000019
46,78178.7254805,1,-0.7525835573104495,61.754893248009736,203.38611393912498,6.81850407936085,27.779015563895907,3.8352769569117346,101.87371838274277,41.78080504891511,156.64915100589596,785.2161121999961
47,78195.0892221,1,0.8104487355342146,98.11072776451604,223.93756588005792,9.016739163676577,28.718975000219597,3.8725833139871617,188.66819783275713,41.59725020458303,156.36619343790545,801.5798537999945
48,78212.6126402,1,-0.6599394347896275,50.6860751959765,325.03747563352636,9.623789035818032,18.45992620363102,9.285057972431485,189.25192612954794,63.0123165817339,170.96711289264377,819.1032718999923
49,78230.019905,1,-0.8383254740384106,50.2730736748313,276.51333797369045,5.276823942170884,43.75875633724956,5.108443494012536,32.536796042224246,60.36405284138334,181.82620854061548,836.5105366999924
50,78247.6820239,1,-0.8439669847458029,98.07028143325711,331.87348323857356,9.697554312564408,18.45992620363102,4.029676185688807,189.3152169883159,62.560980291541654,187.37378765538463,854.1726555999921
51,78264.4003652,1,-0.7412826389793276,18.030376491872886,263.54135076162163,7.083389902269045,24.452744048055195,6.258852438377278,178.33853740246587,61.62001412646988,199.17608299728798,870.8909968999942
52,78281.7000216,1,-0.8531304973649237,98.07028143325711,331.87348323857356,9.697554312564408,18.45992620363102,4.029676185688807,189.3152169883159,35.14993917360889,187.67488598936364,888.1906533000001
53,78298.5497391,1,-0.8102484352616385,20.135717850437462,263.54135076162163,7.083389902269045,38.82202591320182,3.677943541456486,189.5446806684218,13.472457338601739,198.33476563465058,905.040370799994
54,78317.0089245,1,-0.8623743546675848,99.62182281845324,331.87348323857356,9.697554312564408,19.674943441324587,6.610586249718756,179.43015923538294,58.70709212620869,188.51620393993673,923.4995561999967
55,78333.6487153,1,-0.815634440666814,18.030376491872886,263.75974248333256,7.083389902269045,40.037310789368725,6.2573644510688045,51.98426772113958,10.614612731679838,181.97611413982608,940.1393470000039
56,78351.4196497,1,-0.8325331078564264,50.13559785586112,263.5598702580167,5.276823942170884,39.98322369454487,6.092449185101911,165.1720397393458,62.1539486220902,199.32720963350025,957.9102813999925
57,78367.9566271,1,-0.8568462485632904,63.28979714132979,207.99269354188266,6.832537101104169,47.45584577940346,3.9804835116130755,60.47616212838487,46.63398069043453,155.99714537564944,974.4472587999917
58,78386.049278,1,-0.7011682400116154,99.43330814698814,351.51803666242506,9.593095279959318,14.094762124886724,5.543172296344693,103.92273518591244,36.74105924477014,157.89929455172376,992.5399097000045
59,78403.647968,1,-0.62359763424356,65.8019235379274,276.7082381948848,6.81850407936085,18.685700822998932,3.971895154045,196.75213933660623,41.78080504891511,152.91049773256506,1010.1385997000034
60,78424.7577326,1,-0.7898374077904049,50.2730736748313,203.89415962223774,5.276823942170884,40.62244979233584,5.108443494012536,33.948771932446746,60.36405284138334,181.82620854061548,1031.2483643000014
61,78441.8359481,1,-0.7120315700540957,64.3058634036817,331.87348323857356,9.96026659198905,19.674943441324587,6.610586249718756,179.43015923538294,58.70709212620869,155.43106034970762,1048.326579799992
62,78459.4593947,1,-0.879118960754393,98.60555809103712,204.00345448995597,6.555904619643391,47.45584577940346,3.969164924767521,103.15460361754464,46.63398069043453,189.13000302220584,1065.9500263999944
63,78477.2566993,1,-0.8091945131728135,18.030376491872886,263.75974248333256,7.083389902269045,38.828144021405755,6.173612800880306,51.98426772113958,10.614612731679838,181.97611413982608,1083.7473309999914
64,78494.857063,1,-0.8325331078564264,50.13559785586112,263.5598702580167,5.276823942170884,39.98322369454487,6.092449185101911,165.1720397393458,62.1539486220902,199.32720963350025,1101.3476947000017
65,78512.4149916,1,-0.7030808378129273,50.53546524842224,217.8355375193757,9.697554312564408,18.45992620363102,4.025329622447392,189.3152169883159,41.84024660333444,156.282092506205,1118.905623300001
66,78530.6445489,1,-0.933554506615397,98.26121765169198,338.0938237064222,9.044503215309357,28.718975000219597,3.8769298772285774,188.6049069739892,62.76932039797612,187.9754483623863,1137.135180600002
67,78548.0894627,1,-0.8568462485632904,63.28979714132979,207.99269354188266,6.832537101104169,47.45584577940346,3.9804835116130755,60.47616212838487,46.63398069043453,155.99714537564944,1154.580094399993
68,78565.5313144,1,-0.8369096838728726,63.28979714132979,204.00345448995597,6.81850407936085,47.45584577940346,3.969164924767521,103.15460361754464,46.63398069043453,155.99714537564944,1172.0219460999942
69,78582.6191722,1,-0.828796260144601,98.07028143325711,317.88486992451226,5.2054899660315685,40.83908967086863,4.029676185688807,189.3152169883159,62.560980291541654,187.37378765538463,1189.1098038999917
70,78600.3505109,1,-0.770980803175285,50.2730736748313,302.03402771780367,9.84117007828316,21.37436072800263,5.108443494012536,32.536796042224246,60.36405284138334,181.82620854061548,1206.8411425999948
71,78617.1842721,1,-0.8670554263216121,99.62182281845324,331.87348323857356,9.697554312564408,19.674943441324587,4.091479569302619,189.47897548382596,62.44897264092774,188.51620393993673,1223.674903799998
72,78635.0903618,1,-0.8523665529121999,98.07028143325711,331.87348323857356,9.697554312564408,19.3025921723285,6.548782921309573,179.26639937058133,58.81909977682259,187.37378765538463,1241.5809934999997
73,78652.9190226,1,-0.6376963218097409,10.426344198833974,331.87348323857356,9.6916081316758,42.90181443357163,4.070668058175321,189.3152169883159,4.693408773890081,187.07122557450015,1259.409654300005
74,78669.7914852,1,0.8517570803929937,114.46726614451448,264.731309509501,7.0893377365358115,15.585582358215989,6.216372599907611,51.98426772113958,69.16737053849212,182.27867622070843,1276.2821168999944
75,78687.2987621,1,-0.8407658248621124,98.07028143325711,331.87348323857356,9.697554312564408,18.605255519285546,4.30590444451599,50.88231539225827,63.13385189657773,181.82753007482046,1293.7893938000052
76,78704.6386181,1,-0.805714001678147,50.13559785586112,263.77826197972763,5.276823942170884,39.98322369454487,6.090961197793438,33.16789838580901,62.57114338180697,181.66365658290442,1311.1292497999966
77,78721.7674615,1,-0.7854991758121189,53.76304719105003,263.77826197972763,9.646905063141306,39.98322369454487,6.090961197793438,36.57955617193623,63.14401498684305,187.6986810861316,1328.2580931999983
78,78739.0078368,1,-0.6104061999771259,94.04353303880438,331.87348323857356,5.35610684060333,18.45992620363102,4.029676185688807,189.3152169883159,35.14993917360889,181.80241344383978,1345.4984684999945
79,78757.4944765,1,-0.8439669847458029,98.07028143325711,331.87348323857356,9.697554312564408,18.45992620363102,4.029676185688807,189.3152169883159,62.560980291541654,187.37378765538463,1363.985108199995
80,78774.5494664,1,-0.8531304973649237,98.07028143325711,331.87348323857356,9.697554312564408,18.45992620363102,4.029676185688807,189.3152169883159,35.14993917360889,187.67488598936364,1381.0400980999984
81,78792.0911562,1,-0.8290727495651531,51.8883336634806,323.82335998727433,5.355490755593924,45.60617124633461,5.159210365033864,32.536796042224246,60.31252504063571,182.3530816205999,1398.581787899995
82,78808.3490468,1,0.6668495440560424,96.45425509961203,284.5630627541921,9.647529425992458,17.396931001697563,5.373623639726562,179.26639937058133,58.87062757757021,186.84691457539762,1414.8396784999932
83,78826.1081657,1,-0.8583814909393663,98.07028143325711,331.87348323857356,9.697554312564408,19.409874441099216,4.029676185688807,189.3152169883159,62.560980291541654,187.37378765538463,1432.5987974000018
84,78843.1097193,1,-0.8375798229184158,98.07028143325711,331.87348323857356,9.697554312564408,18.3526439348603,6.548782921309573,179.26639937058133,58.81909977682259,187.37378765538463,1449.600351000001
85,78860.9773467,1,-0.8466935559836088,98.07028143325711,331.87348323857356,9.697554312564408,18.605255519285546,4.309740256265495,173.4864253518524,62.55430888567642,187.36231698318065,1467.4679784000036
86,78878.5080366,1,-0.837119543687271,98.07028143325711,331.87348323857356,9.697554312564408,18.45992620363102,4.025840373939302,66.31699867428281,63.14052330244297,181.8390007470213,1484.9986683000025
87,78896.3057735,1,-0.8407487154936031,98.25614696979531,331.87348323857356,9.015974593104477,19.674943441324587,4.091479569302619,189.44949003206608,62.44897264092774,188.01830192099695,1502.7964052000025
88,78913.1129297,1,-0.9529233998220233,99.6268935003499,338.0938237064222,9.726082934769314,28.718975000219597,3.8769298772285774,188.63439242574907,62.76932039797612,188.47335038132607,1519.6035613999993
89,78931.1257348,1,-0.8761817964553196,98.26121765169198,338.0938237064222,9.044503215309357,28.718975000219597,3.8769298772285774,188.6049069739892,62.76932039797612,155.51446697830747,1537.6163665000058
90,78948.1678485,1,-0.8680290018525083,63.28979714132979,207.99269354188266,6.832537101104169,47.45584577940346,3.9804835116130755,60.47616212838487,46.63398069043453,188.49921277350512,1554.6584801999998
91,78965.8402877,1,-0.8429969944575344,99.48040016617045,331.87348323857356,9.697554312564408,19.006701682433874,6.610586249718756,63.72999707387708,58.70709212620869,184.5990226576577,1572.330919400003
92,78982.5451123,1,-0.8179474882122065,61.95999909460415,207.99269354188266,6.832537101104169,47.90156567913512,3.9804835116130755,168.25338406515363,46.63398069043453,159.93214837678653,1589.0357439999934
93,79000.2978341,1,-0.8654035511292999,99.70176103189719,331.87348323857356,9.697554312564408,19.70373634005139,4.34542073859891,47.442488283195416,58.669463627345195,181.6649781171094,1606.7884657999966
94,79017.3507935,1,-0.8382302025272974,97.99034321981317,331.87348323857356,9.697554312564408,18.576462620558747,6.571069958849083,179.43015923538294,62.59860879040514,188.51620393993673,1623.841425199993
95,79034.9052481,1,-0.8510104008885264,98.07028143325711,331.87348323857356,9.697554312564408,18.45992620363102,4.029676185688807,189.3152169883159,33.61900212947908,187.38239350707937,1641.3958797999949
96,79051.8872392,1,-0.8421225803045012,98.07028143325711,331.87348323857356,9.697554312564408,18.45992620363102,4.029676185688807,189.3152169883159,64.09189951352873,187.66628013766893,1658.3778709000035
97,79069.3805382,1,-0.8814894155515414,99.62182281845324,329.9039917457668,9.697554312564408,19.674943441324587,4.0868210487554375,184.8098793196195,46.21990613637294,189.11911679289784,1675.8711698999978
98,79086.5673189,1,-0.881364938831409,98.60555809103712,207.56917535241627,6.555904619643391,47.45584577940346,3.973823445314702,107.66086325936521,62.86304713123539,188.52709016924473,1693.0579505999922
99,79104.1734922,1,-0.8481414843261872,98.07028143325711,331.87348323857356,9.697554312564408,18.45992620363102,4.029676185688807,189.3152169883159,59.6461097456631,187.37378765538463,1710.6641239000019
100,79121.1458307,1,-0.8568462485632904,63.28979714132979,207.99269354188266,6.832537101104169,47.45584577940346,3.9804835116130755,60.47616212838487,46.63398069043453,155.99714537564944,1727.636462399998
101,79138.6315676,1,-0.863562701413784,99.6268935003499,331.92514938707706,9.761029186541046,19.367955227785302,3.8769298772285774,189.2561618869503,62.76932039797612,188.47335038132607,1745.1221992999926
102,79155.3906635,1,-0.9514548858060441,98.07028143325711,338.04215755790335,9.697554312564408,27.810946108725,4.029676185688807,188.69344752711467,35.14993917360889,187.67488598936364,1761.8812952000007
103,79172.4664274,1,-0.6762610623801377,98.60099058125338,338.0938237064222,9.726082934769314,49.658819322611684,3.8769298772285774,192.04206305723258,49.684627757987435,188.4545867120018,1778.9570590999938
104,79188.6898003,1,0.7979066847034617,99.63146101013363,204.00345448995597,6.555904619643391,24.75068642353362,3.969164924767521,106.75905877511528,62.122189133013876,189.1487666915301,1795.1804319999937
105,79206.2709391,1,-0.9282359081926564,98.25386592485644,338.2062691660104,9.558478060821956,26.229858776371394,3.8769298772285774,188.6049069739892,62.76932039797612,187.9754483623863,1812.761570799994
106,79223.4644446,1,-0.8387761077319872,100.66286540023565,331.7610377789539,8.982452615288537,19.674943441324587,6.610586249718756,179.43015923538294,58.70709212620869,188.51620393993673,1829.9550763000007
107,79240.7922201,1,-0.8568462485632904,63.28979714132979,207.99269354188266,6.832537101104169,47.45584577940346,3.9804835116130755,60.47616212838487,46.63398069043453,155.99714537564944,1847.2828518000024
108,79258.3280676,1,-0.8696235040678449,99.70525761974677,331.87348323857356,9.697554312564408,19.674255503440627,4.34542073859891,47.442488283195416,58.669463627345195,189.53209391679607,1864.8186992999981
109,79275.6341774,1,-0.8510505018514386,99.61832623060364,331.87348323857356,9.697554312564408,19.704424277935352,4.091479569302619,189.47897548382596,62.44897264092774,180.649088138031,1882.1248091000016
110,79293.3043232,1,-0.8605370998781193,98.15410464601098,331.87348323857356,9.666372398849065,19.482277279745478,3.847283942143428,47.14939174178194,58.481952496953035,187.50875939561033,1899.794954900004
111,79310.2981446,1,-0.9311310198077705,99.80887403757819,338.0938237064222,9.075685129024706,28.940434119084422,4.375066673684093,188.52348281382797,62.95683152836819,182.13166708387112,1916.7887763000035
112,79328.0142551,1,-0.8548112080934165,98.07028143325711,321.0275552002163,9.697554312564408,19.3025921723285,6.5423112667400325,179.09950729156517,60.26316187399208,187.37378765538463,1934.5048868000013
113,79345.0601103,1,-0.8814837558705696,99.62182281845324,329.9039917457668,9.697554312564408,19.674943441324587,4.093292736526347,184.97677139819302,44.77584402013462,189.11911679289784,1951.5507419999922
114,79363.3269944,1,-0.7801642354381308,61.56453849408989,331.87348323857356,9.697554312564408,19.674943441324587,4.091479569302619,189.47897548382596,62.44897264092774,188.51620393993673,1969.8176261000044
115,79379.4425024,1,0.9365682344449661,101.34606307330073,207.99269354188266,6.832537101104169,47.45584577940346,3.9804835116130755,60.47616212838487,46.40314781787671,188.49921277350512,1985.9331340999925
116,79397.2370101,1,-0.860595103147678,98.26121765169198,338.0938237064222,9.044503215309357,27.17176821080988,3.8769298772285774,188.6049069739892,62.76932039797612,155.51446697830747,2003.7276417999965
117,79414.6505487,1,-0.881364938831409,98.60555809103712,207.56917535241627,6.555904619643391,47.45584577940346,3.973823445314702,107.66086325936521,62.86304713123539,188.52709016924473,2021.1411803999945
118,79432.6936925,1,-0.7971152860090072,63.32662140459587,323.3788949132703,9.697554312564408,19.674943441324587,4.029742329162206,179.43015923538294,58.70709212620869,188.51620393993673,2039.1843242000032
119,79450.1817816,1,-0.8759882186980441,99.58478875799867,217.12913809344968,6.832537101104169,47.45584577940346,6.701895144459821,60.47616212838487,46.63398069043453,155.99714537564944,2056.6724132999952
120,79467.8628932,1,-0.9358055900640238,99.68493461851,338.2062691660104,9.70063791815935,26.229858776371394,3.8769298772285774,188.3898595787657,62.838809946665954,189.15231383853708,2074.353524899998
121,79485.2468406,1,-0.8712752169467848,98.1907541247997,334.10322891278224,9.555394455227015,19.674943441324587,4.093292736526347,185.19181879339266,46.514642705545086,187.94225131674708,2091.7374722999957
122,79502.9599017,1,-0.728068439060705,99.70525761974677,331.87348323857356,9.758865578397454,47.957731810903574,4.34542073859891,50.303921537403355,58.669463627345195,189.1307128882218,2109.4505333999987
123,79520.2549366,1,-0.7011007188627457,98.60555809103712,204.00345448995597,6.494671488912758,18.932176536690513,3.969164924767521,100.29858003307918,46.63398069043453,189.5313840507801,2126.7455683000007
124,79538.2493645,1,-0.8616982043321885,99.70176103189719,331.87348323857356,9.697554312564408,19.491998866991736,4.34542073859891,47.442488283195416,58.669463627345195,181.6649781171094,2144.7399962000054
125,79555.1416461,1,-0.934232741992339,99.80887403757819,338.0938237064222,9.075685129024706,28.940434119084422,4.375066673684093,188.52348281382797,62.95683152836819,184.1105580746494,2161.632277800003
126,79573.049545,1,-0.947898934643383,98.19790245634434,329.94465649091603,9.032700689781095,28.718975000219597,3.8718069606792325,188.6049069739892,45.47010796247239,187.9754483623863,2179.5401767000003
127,79590.1751886,1,-0.855562656043476,99.68513801380087,338.0531589610005,9.436825678787354,19.674943441324587,4.091943965304782,184.8098793196195,63.519118384101844,189.11911679289784,2196.665820299997
128,79607.4090754,1,-0.8586141357691215,98.60555809103712,203.6331856679497,6.555904619643391,47.45584577940346,3.969164924767521,190.0320129844869,46.63398069043453,189.13000302220584,2213.899707100005
129,79624.5629631,1,-0.9479742380818698,98.26121765169198,341.3538403287704,9.044503215309357,28.718975000219597,4.059680041973259,104.53860510190728,62.76932039797612,187.9754483623863,2231.0535948000033
130,79642.9592213,1,-0.9702421898800209,99.62182281845324,337.9497801762533,9.72446616011776,29.535911612170636,4.093292736526347,184.97677139819302,44.77584402013462,189.12833240454032,2249.4498529999983
131,79660.983443,1,-0.8219777122470885,99.80887403757819,330.0480352756702,9.048773281471366,19.07946617473758,4.375066673684093,188.52348281382797,62.95683152836819,182.1224514721416,2267.4740747000033
132,79678.5938241,1,-0.9611222250848889,99.60795245379907,329.9039917457668,9.697554312564408,27.850423944587327,4.030347557492042,188.93497679998228,49.24107635734202,189.11911679289784,2285.0844557999953
133,79695.4364632,1,-0.8643421037066558,98.08415179791129,338.04215755790335,9.697554312564408,19.635465616687284,5.972141934276516,184.56835004633513,35.14993917360889,189.15158849358218,2301.9270949000056
134,79713.3432074,1,-0.9478421639758507,99.68656314251353,338.0938237064222,9.72583078525368,27.765549589297,4.033766725816578,188.63439242574907,62.76932039797612,188.47335038132607,2319.8338390999998
135,79730.2147078,1,-0.956323365565619,98.01061179109348,338.04215755790335,9.697806462080043,28.764371519647593,3.8728393371008063,188.69344752711467,35.14993917360889,187.67488598936364,2336.7053394999966
136,79747.5963762,1,-0.8054384526822469,98.74152090878101,205.97160370554906,6.555904619643391,28.68551433545252,3.9734275743710294,181.2745375914986,62.86702495146049,188.5278499836845,2354.0870079000015
137,79764.9672218,1,-0.7310395962402565,99.490930682606,341.41168563606817,9.726082934769314,47.45713131928769,3.87732574817225,114.91988627890257,62.765342577751014,188.47259056688634,2371.4578535000037
138,79782.0699702,1,-0.5705943133322409,63.28979714132979,207.99269354188266,9.620347691908172,46.32497808060866,3.978740659657222,66.65208660659476,47.92950308434254,188.49921277350512,2388.560601899997
139,79801.5162356,1,-0.8256737430799225,98.25386592485644,338.2062691660104,6.770679906032262,27.319109956574533,3.8786727291844314,188.6049069739892,61.4737979769217,187.9754483623863,2408.0068672999914
140,79820.0881837,1,-0.9294102375540175,99.60795245379907,338.10543424286595,9.697561667212897,24.208364755410162,4.007007838292064,188.33272373753215,49.24107635734202,189.11911679289784,2426.578815400004
141,79837.7553865,1,-0.9391120737361303,99.68493461851,330.00482666858744,9.700630563510861,26.229858776371394,3.900269596428555,188.99211264121584,62.838809946665954,189.15231383853708,2444.2460181999922
142,79855.3964755,1,-0.9631640265944407,98.07219214502717,338.0340093665706,9.697268688196543,29.545075829070807,4.0251738205043,188.759935628964,35.14993917360889,189.1785420613961,2461.887107200004
143,79872.6835397,1,-0.9585127498087932,99.61991210668319,337.957928367586,9.724751784485628,27.801781891824827,4.0977951017108545,184.91028329626832,44.77584402013462,187.6246763325079,2479.1741713999945
144,79890.0748791,1,-0.9434121983533503,98.07028143325711,338.09035838522,9.697554312564408,27.765315138504615,4.029838974869896,188.69344752711467,62.900237637824084,187.67488598936364,2496.565510799992
145,79908.1625171,1,-0.9552793715685846,99.68656314251353,338.04562287910557,9.72583078525368,27.811180559517386,4.033603936635489,188.63439242574907,35.01901779228798,188.47335038132607,2514.6531488000037
146,79925.8393183,1,-0.8814727463720916,99.62182281845324,329.9039917457668,9.697554312564408,19.674943441324587,4.086569892650408,184.8119382356668,44.77584402013462,189.11911679289784,2532.3299499999994
147,79943.2008076,1,-0.8818053339365203,99.84063821439533,329.9039917457668,9.697554312564408,19.674943441324587,4.093543892631377,184.97471248214578,46.21990613637294,189.11911679289784,2549.6914393000043
148,79960.0800714,1,-0.9674112431503312,99.62182281845324,337.9497801762533,9.7253638683823,29.535911612170636,4.093292736526347,184.97677139819302,35.47279003540419,189.12833240454032,2566.5707031000056
149,79978.0125798,1,-0.9592512574490031,98.01061179109348,338.04215755790335,9.696908753815503,28.764371519647593,3.8728393371008063,188.69344752711467,44.45299315835378,187.67488598936364,2584.503211499992
150,79995.387724,1,-0.9560242402847509,99.682025351989,338.09475402045035,9.747652332588562,28.99820372576847,3.8769298772285774,188.3898595787657,62.81885548451575,189.15231383853708,2601.878355699999
151,80013.9320721,1,-0.9075960196170488,99.8117833040992,338.20533885198216,9.075685129024706,26.172089169687347,4.375066673684093,188.52348281382797,62.95683152836819,182.13166708387112,2620.4227037999954
152,80030.5027539,1,-0.9368200647077245,98.19758813180839,329.94465649091603,9.04617520623818,28.718975000219597,3.8718069606792325,188.6049069739892,63.31313944785438,187.9754483623863,2636.993385599999
153,80048.8103712,1,-0.9421133102761965,96.8963694235173,338.0938237064222,9.03102869885227,28.718975000219597,3.8769298772285774,188.6049069739892,44.926288720312854,187.9754483623863,2655.3010028999997
154,80066.1327166,1,-0.9438339178356792,98.01061179109348,338.04215188567264,9.053517342958433,28.718516177998925,3.8728393371008063,188.69099487157501,42.52267665312795,187.67488598936364,2672.623348299996
155,80083.5834244,1,-0.9496901465717791,98.26121765169198,338.0938293786529,9.688792334430973,28.764830341868265,3.8769298772285774,188.60735962952884,62.76932039797612,187.9754483623863,2690.0740560999984
156,80100.7463439,1,-0.9233464751883066,98.26121765169198,341.3538403287704,9.047067863721313,28.718975000219597,4.059680041973259,184.98816148723338,62.76932039797612,181.3926150050994,2707.236975599997
157,80118.5097948,1,-0.9567080164549735,99.80887403757819,338.0938237064222,9.073120480612747,28.940434119084422,4.375066673684093,107.9489965719898,62.95683152836819,188.71450044094635,2725.0004265000025
158,80135.794605,1,-0.9496256957063374,99.60795245379907,329.9039917457668,9.697554312564408,27.850423944587327,3.8769476234956985,188.93497679998228,63.74932855472247,189.11911679289784,2742.2852367000014
159,80153.5001451,1,-0.9635478108745801,99.6268935003499,338.0938237064222,9.726082934769314,28.718975000219597,4.030329811224921,188.63439242574907,48.26106814727042,188.47335038132607,2759.9907767999975
160,80170.4120783,1,-0.972060484313528,99.50920259160566,341.3538403287704,9.750671405192357,28.718975000219597,4.0579762504121195,104.53860510190728,62.76932039797612,187.9754483623863,2776.902709999995
161,80188.1376776,1,-0.9497462132197857,98.37383787853955,337.9497801762533,9.019195678499337,29.535911612170636,4.094996528087487,184.97677139819302,35.47279003540419,189.12833240454032,2794.6283092999947
162,80205.3940777,1,-0.9511592905214526,98.26121765169198,338.0938293786529,9.688792334430973,28.997712422169542,3.8769298772285774,188.3834474574345,62.76932039797612,187.9754483623863,2811.884709399994
163,80222.6116315,1,-0.9546190486181803,99.682025351989,338.09475402045035,9.747652332588562,28.765321645467196,3.8769298772285774,188.61377175086005,62.81885548451575,189.15231383853708,2829.102263199995
164,80239.7901767,1,-0.9699599919660135,99.62182281845324,337.9497801762533,9.724379969461435,29.535911612170636,4.034605372375668,184.74821234472117,44.87798249396811,189.12833240454032,2846.280808399999
165,80257.6923209,1,-0.9668603912837861,99.6268935003499,338.0938237064222,9.726169125425638,28.718975000219597,4.0890171753755995,175.4078453994929,48.15892967343692,188.47335038132607,2864.182952599993
166,80275.0945947,1,-0.9697994318677686,99.81820605520532,338.0340093665706,9.701620997584087,29.545001296402802,4.0214046974225655,184.9026395453703,44.69564593762454,189.1785420613961,2881.5852263999986
167,80292.3264811,1,-0.9636371500726929,97.87580890827509,337.9497801762533,9.720113850730215,29.535986144838645,4.097061859608082,188.8340674816851,35.230137256134206,189.12833240454032,2898.817112799996
168,80309.1815884,1,-0.9567750885046575,99.61991210668319,338.0450931381719,9.724749521490349,27.811108158433093,4.0977951017108545,184.82729597445086,35.718815143560946,188.468962208522,2915.672220099994
169,80327.0729394,1,-0.957490910968014,99.68656314251353,337.95845810851966,9.725833048248958,27.80185429290912,4.033603936635489,188.71737974748166,44.07604666887758,187.629064505312,2933.5635710999923
170,80344.1265304,1,-0.9611222250848889,99.60795245379907,329.9039917457668,9.697554312564408,27.850423944587327,4.030347557492042,188.93497679998228,49.24107635734202,189.11911679289784,2950.6171620999958
171,80361.5623771,1,-0.911189339307048,79.15900166542193,329.9039917457668,9.697554312564408,27.850423944587327,3.8769476234956985,188.93497679998228,63.74932855472247,189.11911679289784,2968.053008799994
172,80378.7966234,1,-0.9531498500094934,99.6268935003499,338.0866578190197,9.726082934769314,28.75566031816051,3.8769298772285774,188.6365195337924,62.76932039797612,188.47335038132607,2985.2872551000037
173,80396.2076797,1,-0.9144532975301268,98.01061179109348,338.04932344530584,9.697806462080043,23.526996504037736,3.8728393371008063,188.69132041907136,35.14993917360889,187.67488598936364,3002.698311400003
174,80413.5250231,1,-0.9624203034933956,98.01061179109348,337.95071049349275,9.696908753815503,28.764371519647593,4.10875281756277,188.69344752711467,44.45299315835378,189.06478639221336,3020.015654799994
175,80430.9740335,1,-0.9644478901519737,99.62182281845324,338.0412272406639,9.7253638683823,29.535911612170636,3.8573792560643843,184.97677139819302,35.47279003540419,187.73843200169063,3037.4646651999938
176,80448.2648512,1,-0.9649101158955508,99.60795245379907,329.9039917457668,9.697554312564408,28.790935044408112,4.030347557492042,188.93497679998228,49.24107635734202,187.65576736107664,3054.7554829
177,80465.3937267,1,-0.9542270349062751,98.01061179109348,338.04215755790335,9.696908753815503,27.823860419826804,3.8728393371008063,188.69344752711467,39.29775734605813,189.13823542118485,3071.8843583999987
178,80482.9879258,1,-0.9617331752688152,99.61991210668319,337.957928367586,9.726770256332555,28.748651067297722,4.103458328267406,184.63763996006028,35.37216125320755,187.62349833574916,3089.4785574999987
179,80500.2409358,1,-0.9522914033902469,98.01061179109348,338.04215755790335,9.695787990233116,27.8175023441747,3.7342656030086365,188.96609086292074,44.553621940550734,187.67606398612241,3106.731567499999
180,80517.8157452,1,-0.957490910968014,99.68656314251353,337.95845810851966,9.725833048248958,27.80185429290912,4.033603936635489,188.71737974748166,44.07604666887758,187.629064505312,3124.3063769
181,80535.0084037,1,-0.9641631288760197,99.81820605520532,338.0340093665706,9.701620997584087,29.545001296402802,3.4448050106121535,184.9026395453703,44.69564593762454,189.1785420613961,3141.499035400004
182,80552.5276532,1,-0.965794060559424,99.62182281845324,337.9504507655192,9.7253638683823,29.535911612170636,4.047318807238589,184.97677139819302,35.47279003540419,187.73843200169063,3159.0182848999975
183,80569.691395,1,-0.9685771777855077,99.62182281845324,338.04055665139805,9.724379969461435,29.535911612170636,3.8446658212014637,184.74821234472117,44.87798249396811,189.12833240454032,3176.1820267000003
184,80587.4939838,1,-0.9553050580506504,99.51760761495206,337.9497801762533,9.425011776194506,28.736437752425402,4.093292736526347,189.9073397542031,35.47279003540419,189.09698010707862,3193.9846154999977
185,80604.9655558,1,-0.9781648358532934,99.61341779510684,341.3538403287704,9.750671405192357,29.518448859964835,4.0579762504121195,103.01340430176064,62.76932039797612,188.00680065984798,3211.4561874999927
186,80622.9385348,1,-0.9649101158955508,99.60795245379907,329.9039917457668,9.697554312564408,28.790935044408112,4.030347557492042,188.93497679998228,49.24107635734202,187.65576736107664,3229.4291665000055
187,80640.2314385,1,-0.9585127498087932,99.61991210668319,337.957928367586,9.724751784485628,27.801781891824827,4.0977951017108545,184.91028329626832,44.77584402013462,187.6246763325079,3246.722070200005
188,80657.8796877,1,-0.9639593993607535,98.01061179109348,337.94976699042013,9.724272267655,28.764371519647593,4.10875281756277,184.5481038559718,44.779564821778685,189.13890725803688,3264.3703193999972
189,80675.1941046,1,-0.9749164033782686,99.62182281845324,337.95072367932585,9.697102646278264,31.387789172505812,4.093292736526347,189.1221150684779,44.449272356709706,189.05421153871677,3281.684736299998
190,80692.7622001,1,-0.9695163199205505,99.62679637681701,338.0340093665706,9.70205833075066,29.545001296402802,4.0214046974225655,184.974318230619,44.694586671466936,189.1785420613961,3299.252831799997
191,80709.8647924,1,-0.9705280104528186,99.81323249684154,337.9497801762533,9.724028826951187,29.535911612170636,4.093292736526347,184.90509271294437,44.776903286292224,189.12833240454032,3316.3554240999947
192,80728.008563,1,-0.9635439829852732,99.62128493352246,338.0938237064222,9.726082934769314,28.718975000219597,4.030329811224921,188.62295393849547,48.26106814727042,188.47335038132607,3334.4991946999944
193,80744.7351321,1,-0.9721678140820191,99.62743138528067,337.9497801762533,9.724379969461435,30.014045310779913,4.034605372375668,184.75965083191838,44.87798249396811,189.12833240454032,3351.225763800001
194,80762.3306427,1,-0.9509616002910619,99.62143560385276,341.3538403287704,9.726340213416606,28.723422360960384,4.05733896406003,187.04003317820815,63.968295387640254,187.9754483623863,3368.8212744000048
195,80779.2868541,1,-0.9782447399879994,99.50767909443609,337.957928367586,9.751101448108308,28.74420370655693,4.104095614619496,101.97897281826528,34.17317233274022,187.62349833574916,3385.777485800005
196,80797.4308481,1,-0.9648768042740443,99.7475658133379,329.9039917457668,9.697554312564408,28.76516349081213,4.024967568782104,188.93497679998228,49.39260160605848,187.65576736107664,3403.921479800003
197,80814.5902862,1,-0.9630067920687823,97.93257878548835,338.0340093665706,9.697268688196543,29.570847382666788,4.030553809214238,188.759935628964,34.99841392594185,189.1785420613961,3421.0809178999916
198,80832.3248487,1,-0.9636371500726929,97.87580890827509,337.9497801762533,9.720113850730215,29.535986144838645,4.097061859608082,188.8340674816851,35.230137256134206,189.12833240454032,3438.8154803999932
199,80849.6572746,1,-0.9668603912837861,99.6268935003499,338.0938237064222,9.726169125425638,28.718975000219597,4.0890171753755995,175.4078453994929,48.15892967343692,188.47335038132607,3456.1479063000006
200,80867.4336875,1,-0.967385927018196,99.62679637681701,338.0340093665706,9.70205833075066,29.545001296402802,4.0214046974225655,193.82838789374892,44.694586671466936,189.1785420613961,3473.9243191999994
201,80884.876939,1,-0.965794060559424,99.62182281845324,337.9504507655192,9.7253638683823,29.535911612170636,4.047318807238589,184.97677139819302,35.47279003540419,187.73843200169063,3491.367570699993
202,80902.3695626,1,-0.9705280104528186,99.81323249684154,337.9497801762533,9.724028826951187,29.535911612170636,4.093292736526347,184.90509271294437,44.776903286292224,189.12833240454032,3508.860194299996
203,80919.6914255,1,-0.9724796441347594,99.62182281845324,337.9497801762533,9.724379969461435,29.535911612170636,4.034605372375668,174.0035442554503,44.87798249396811,189.12833240454032,3526.1820571999997
204,80937.5114718,1,-0.9674112431503312,99.62182281845324,337.9497801762533,9.7253638683823,29.535911612170636,4.093292736526347,184.97677139819302,35.47279003540419,189.12833240454032,3544.0021034999954
205,80955.0492014,1,-0.976526668643015,99.81323249684154,337.9497801762533,9.724028826951187,31.949005253724003,4.093292736526347,184.90509271294437,44.776903286292224,189.12833240454032,3561.5398331000033
206,80972.5985975,1,-0.9793491312325214,99.51146651580461,341.5880231121459,9.750671405192357,29.49911635512238,4.059720542303745,104.53860510190728,62.76932039797612,189.83071363851855,3579.0892291999917
207,80989.7237573,1,-0.9649012574081313,99.61955889425428,337.71559739287693,9.72446616011776,28.75577025726786,4.091548444634722,184.97677139819302,44.77584402013462,188.00778917324416,3596.2143890000007
208,81006.9462994,1,-0.978293005610985,99.50915467260086,338.0376002115768,9.75110962650382,28.74261809135034,4.055907539370497,104.53860510190728,34.747994062887315,188.43688514088453,3613.4369311000046
209,81024.3904567,1,-0.9729320263277126,99.5077270134409,341.2741684847796,9.750663226796844,28.72056061542619,4.106164325661118,101.97897281826528,62.19449455933565,187.62349833574916,3630.8810883999977
210,81041.1597755,1,-0.9695163199205505,99.62679637681701,338.0340093665706,9.70205833075066,29.545001296402802,4.0214046974225655,184.974318230619,44.694586671466936,189.1785420613961,3647.6504071999952
211,81058.8995748,1,-0.9649101158955508,99.60795245379907,329.9039917457668,9.697554312564408,28.790935044408112,4.030347557492042,188.93497679998228,49.24107635734202,187.65576736107664,3665.3902065
212,81076.2186615,1,-0.9716809483457476,99.62138518646405,337.9497801762533,9.696763234926578,30.014045310779913,4.032651607230859,184.75965083191838,44.418717970239584,189.12833240454032,3682.709293199994
213,81093.846736,1,-0.9747855748867079,99.62786901726987,337.95072367932585,9.72471938081312,31.387789172505812,4.0952465016711574,189.1221150684779,44.908536880438234,189.05421153871677,3700.3373677000054
214,81111.2073663,1,-0.9685771777855077,99.62182281845324,338.04055665139805,9.724379969461435,29.535911612170636,3.8446658212014637,184.74821234472117,44.87798249396811,189.12833240454032,3717.6979980000033
215,81128.8905779,1,-0.9721678140820191,99.62743138528067,337.9497801762533,9.724379969461435,30.014045310779913,4.034605372375668,184.75965083191838,44.87798249396811,189.12833240454032,3735.381209600004
216,81146.182583,1,-0.9688761459803429,99.62167621311953,341.2885610972209,9.75111893378729,29.535911612170636,4.093292736526347,184.97677139819302,47.89085696006373,189.06252746372505,3752.6732147000002
217,81164.1044567,1,-0.984152816925798,101.58718827549288,338.01505940780265,9.724018631522828,29.518448859964835,4.0579762504121195,103.01340430176064,59.654307399577,188.07260560066325,3770.595088400005
218,81181.3858533,1,-0.9781648358532934,99.61341779510684,341.3538403287704,9.750671405192357,29.518448859964835,4.0579762504121195,103.01340430176064,62.76932039797612,188.00680065984798,3787.8764850000007
219,81199.3043502,1,-0.9924920323212888,99.50767909443609,343.62745114489115,10.80225611055221,28.74420370655693,4.104095614619496,101.97897281826528,34.17317233274022,187.62349833574916,3805.7949818999914
220,81216.19396,1,-0.9845213172574864,101.58718827549288,338.01505940780265,9.724020181528429,29.518448859964835,4.0579762504121195,103.01340430176064,58.941792129220346,188.07260560066325,3822.684591700003
221,81233.9632789,1,-0.9721469314184091,99.62743138528067,337.9497801762533,9.724378419455833,30.014045310779913,4.034605372375668,184.75965083191838,45.59049775954181,189.12833240454032,3840.453910600001
222,81251.1154277,1,-0.978293005610985,99.50915467260086,338.0376002115768,9.75110962650382,28.74261809135034,4.055907539370497,104.53860510190728,34.747994062887315,188.43688514088453,3857.606059400001
223,81268.7933113,1,-0.976526668643015,99.81323249684154,337.9497801762533,9.724028826951187,31.949005253724003,4.093292736526347,184.90509271294437,44.776903286292224,189.12833240454032,3875.283943000002
224,81285.8493873,1,-0.9785322223380103,99.50767909443609,337.957928367586,9.751101448108308,28.74420370655693,4.104095614619496,101.97897281826528,34.838895385256926,187.62349833574916,3892.3400189999957
225,81303.1908554,1,-0.9298549070948371,91.46258880460451,341.3538403287704,8.685305056809183,29.518448859964835,4.0579762504121195,103.01340430176064,62.10359326418025,187.71583342411188,3909.681487099995
226,81320.2213662,1,-0.9821596755068703,98.69723451640071,341.3538403287704,9.904208315948349,29.518448859964835,4.0579762504121195,103.01340430176064,59.513019191801604,188.00680065984798,3926.711997899998
227,81338.0115029,1,-0.9753707355474741,99.69957679876964,345.2200275145984,9.724018631522828,29.518448859964835,4.0579762504121195,103.01340430176064,62.910608605751506,188.07260560066325,3944.5021345999994
228,81355.2551783,1,-0.9783164747283442,99.52117101745107,341.3412626516032,9.750671405192357,29.518448859964835,4.059727126230597,103.01340430176064,62.76932039797612,188.33664284924004,3961.745809999993
229,81373.1323549,1,-0.9792007852439119,99.60371329346039,341.60060078931303,9.750671405192357,29.49911635512238,4.057969666485268,104.53860510190728,62.76932039797612,189.50087144912646,3979.622986599992
230,81389.8727477,1,0.8986968238792836,99.51146651580461,341.5880231121459,10.8845906602586,29.49911635512238,4.059720542303745,104.37843781740395,36.344535175442005,189.83071363851855,3996.363379400005
231,81407.6374694,1,-0.9680500077508455,99.50767909443609,343.62745114489115,9.668336855488334,28.74420370655693,4.104095614619496,102.13914010276861,60.597953924756474,184.9886449681067,4014.1281010999955
232,81424.5393227,1,-0.9600216819278448,99.81157792625483,338.0376002115768,9.75110962650382,28.526893288011372,4.055907539370497,190.2024079966183,34.747994062887315,188.43688514088453,4031.029954400001
233,81442.4062337,1,-0.9969227146176297,99.51080924318755,337.9497801762533,9.724028826951187,32.16473005706239,4.093292736526347,98.7873522350935,50.06548870007241,189.12833240454032,4048.8968654000055
234,81460.1643705,1,-0.9733300182082926,99.62182281845324,329.04393539632787,9.699884368585357,31.387789172505812,4.093292736526347,191.1712233026385,34.08358336108713,189.05421153871677,4066.655002200001
235,81477.6584509,1,-0.9808492483808591,99.50767909443609,337.9505644702657,9.748319725801215,28.74420370655693,4.104095614619496,99.47109406001104,44.538861328423,187.62349833574916,4084.1490825999936
236,81494.807964,1,-0.9924480096082565,99.50767909443609,343.62745114489115,10.80225611055221,28.74420370655693,4.1049468053699885,101.97897281826528,34.05388504752376,187.62349833574916,4101.2985957000055
237,81513.641397,1,-0.9702379094420921,99.62182281845324,337.9497801762533,9.72446616011776,29.535911612170636,4.092441545775855,184.97677139819302,44.895131305442774,189.12833240454032,4120.132028699998
238,81531.4059856,1,-0.9786778335468829,99.61341779510684,341.27113143527436,9.750671405192357,29.518448859964835,4.0579762504121195,102.51106984792258,62.76932039797612,188.00680065984798,4137.8966172999935
239,81548.4458672,1,-0.9745679786342537,99.62786901726987,338.03343257282177,9.72471938081312,30.91902596656523,4.0952465016711574,189.41905690520866,44.908536880438234,189.05421153871677,4154.936498900002
240,81565.9922165,1,-0.9843877400200092,101.49114880339044,338.01505940780265,9.724020181528429,29.518448859964835,4.0579762504121195,103.01340430176064,58.941792129220346,188.07260560066325,4172.482848200001
241,81583.433574,1,-0.9750822600587552,99.61721048955349,341.3412626516032,9.750671405192357,29.518448859964835,4.059727126230597,103.01340430176064,62.76932039797612,184.42905265975315,4189.924205699994
242,81601.2904706,1,-0.9792007852439119,99.60371329346039,341.60060078931303,9.750671405192357,29.49911635512238,4.057969666485268,104.53860510190728,62.76932039797612,189.50087144912646,4207.781102299996
243,81618.8280313,1,-0.9924480096082565,99.50767909443609,343.62745114489115,10.80225611055221,28.74420370655693,4.1049468053699885,101.97897281826528,34.05388504752376,187.62349833574916,4225.318662999998
244,81636.6947835,1,-0.9710485650337985,99.81323249684154,337.7517710543765,9.724028826951187,31.911392359287344,4.056641781723604,184.90509271294437,59.20854088286576,189.21065176855234,4243.185415200001
245,81653.8043616,1,-0.9864654247140238,98.69723451640071,341.5518494506465,9.904208315948349,29.55606175440149,4.094627205214863,103.01340430176064,45.081381590495305,187.92448129583596,4260.294993300005
246,81671.7597116,1,-0.9840369202583218,99.57704848545485,341.5880231121459,9.750478902249379,29.49911635512238,4.059720542303745,104.53860510190728,51.33425828773472,189.12417829508632,4278.250343299995
247,81687.7386588,1,0.9041566040724129,112.18702007665931,337.9497801762533,9.724221329894165,32.16473005706239,4.093292736526347,98.7873522350935,61.50055080776134,189.8348677479725,4294.229290499992
248,81705.6110066,1,-0.9793491312325214,99.51146651580461,341.5880231121459,9.750671405192357,29.49911635512238,4.059720542303745,104.53860510190728,62.76932039797612,189.83071363851855,4312.101638299995
249,81722.6939916,1,-0.9934436773775358,101.58718827549288,338.01505940780265,9.724018631522828,32.68958048295891,4.0579762504121195,103.01340430176064,59.654307399577,188.07260560066325,4329.184623299996
250,81740.4070548,1,-0.9799945864129271,99.68619119265655,338.01505940780265,9.748308185766678,29.518448859964835,4.0579762504121195,102.49754158223534,62.93236051733522,188.07260560066325,4346.8976865
251,81757.473071,1,-0.9829026426885611,101.51441487794317,341.27113143527436,9.726381850948506,29.518448859964835,4.0579762504121195,103.02693256744787,59.49126728021788,188.00680065984798,4363.963702699999
252,81775.1524279,1,-0.992070432432,99.50921834692822,343.62745114489115,10.80225611055221,28.74420370655693,4.048196365273875,101.97897281826528,34.05388504752376,187.62349833574916,4381.643059599999
253,81792.5190106,1,-0.9786051202548612,99.5076154201087,338.0376002115768,9.75110962650382,28.74261809135034,4.1126579794666105,104.53860510190728,34.747994062887315,188.43688514088453,4399.009642299992
254,81809.7440971,1,0.9042755280860779,99.50767909443609,341.44886634932345,11.480937621921584,28.74420370655693,4.058500671872703,103.03937041328112,44.538861328423,187.62349833574916,4416.234728800002
255,81826.987014,1,-0.98305154180344,98.69723451640071,337.85553844971236,9.909914263226883,29.518448859964835,3.8296406361005673,99.44512794849055,59.513019191801604,188.00680065984798,4433.477645699997
256,81844.5911772,1,-0.9918292273450122,99.50767909443609,343.62745114489115,10.80225611055221,28.281893653058237,4.10404119778996,101.80180233502682,34.17317233274022,187.62349833574916,4451.081808899995
257,81861.8155717,1,-0.9968828148883716,99.51080924318755,337.9497801762533,9.724028826951187,32.16473005706239,4.093347153355883,98.96452271833195,50.06548870007241,189.12833240454032,4468.306203400003
258,81879.3170537,1,-0.9799123917757975,101.58718827549288,338.01505940780265,9.724020181528429,28.699712526106044,4.0579762504121195,101.94385863004915,33.23820165221784,188.07260560066325,4485.8076853999955
259,81896.7256721,1,-0.9889550383168193,99.50767909443609,343.62745114489115,10.80225611055221,29.56294004041572,4.104095614619496,103.04851848997679,59.87676168326129,187.62349833574916,4503.2163038
260,81913.4664319,1,0.9036796940697959,101.49114880339044,338.01505940780265,10.924210386505216,29.518448859964835,4.099107854191493,103.01340430176064,58.941792129220346,188.07274051983188,4519.957063599999
261,81930.655549,1,-0.9706977529575593,99.50767909443609,343.62745114489115,9.6020659055824,28.74420370655693,4.063815201590616,101.97897281826528,34.05388504752376,187.62336341658056,4537.146180700001
262,81948.4757433,1,-0.994160901596628,99.50921834692822,343.62745114489115,10.80225611055221,28.74420370655693,4.048196365273875,93.29815180437411,34.05388504752376,187.62349833574916,4554.966375000004
263,81966.4315994,1,-0.9934436773775358,101.58718827549288,338.01505940780265,9.724018631522828,32.68958048295891,4.0579762504121195,103.01340430176064,59.654307399577,188.07260560066325,4572.922231100005
264,81983.8961502,1,-0.9954518849074153,101.45590767792032,337.9497801762533,9.724028826951187,32.16473005706239,4.093292736526347,103.88730286926209,59.606081335285474,189.12833240454032,4590.386781900001
265,82001.5145598,1,-0.9947343295908964,99.6420898407601,338.01505940780265,9.724018631522828,32.68958048295891,4.0579762504121195,99.06285156509901,50.11371476429864,188.07260560066325,4608.005191499993
266,82021.6414933,1,0.8996639529849031,101.7288458689983,338.1001067731922,10.850251839379352,28.729704185891823,4.057206088340312,101.97897281826528,33.659433470751495,187.62349833574916,4628.132125000004
267,82040.6375398,1,-0.9767409852362281,99.36602150093066,343.5424037794202,9.676022902697113,29.532948380629943,4.105716967441797,103.01340430176064,60.04875797181974,188.07260560066325,4647.128171499993
268,82057.3108388,1,0.8994761631475059,99.66432963940265,341.5518494506465,10.808491821435304,29.55606175440149,4.104570211040317,103.01340430176064,44.44060706926907,187.69861947848358,4663.801470499995
269,82074.8923285,1,-0.9773634865198685,98.54058397143415,343.62745114489115,9.897972605065295,28.74420370655693,4.095003799544534,101.97897281826528,34.6946595688293,187.84936015310154,4681.382960200004
270,82092.2699091,1,-0.995952184462943,99.51080924318755,337.9497801762533,9.724028826951187,32.16473005706239,4.093347153355883,98.96452271833195,54.114166947104465,189.12833240454032,4698.7605407999945
271,82109.9017745,1,-0.9864654247140238,98.69723451640071,341.5518494506465,9.904208315948349,29.55606175440149,4.094627205214863,103.01340430176064,45.081381590495305,187.92448129583596,4716.392406200001
272,82127.0771312,1,-0.9755640221690993,99.50921834692822,343.62745114489115,9.789311020402758,28.752873946461648,4.048196365273875,101.97897281826528,34.05388504752376,187.62349833574916,4733.567762899998
273,82145.3129976,1,-0.9926250995649133,99.57704848545485,341.5880231121459,10.763423992399046,29.490446115217665,3.9072189619315805,104.53860510190728,51.33425828773472,189.12417829508632,4751.803629300004
274,82161.9276892,1,-0.9894311239283551,99.50767909443609,343.62745114489115,10.80225611055221,29.519982041931275,4.104095614619496,103.04851848997679,59.87676168326129,187.99109783236366,4768.418320900004
275,82179.333856,1,-0.9830401658831356,98.69723451640071,337.85553844971236,9.909914263226883,29.561406858449285,3.8296406361005673,99.44512794849055,59.513019191801604,187.6392011632335,4785.824487699996
276,82195.5350456,1,0.8953971793994059,99.50756097817094,338.1186243015014,10.80225611055221,28.281893653058237,4.093840321168144,101.80180233502682,37.752372316771385,187.62349833574916,4802.0256773
277,82213.0911273,1,-0.9932736199001999,99.5109273594527,343.45860701955394,9.724028826951187,32.16473005706239,4.103548029977699,103.24002578965731,50.06548870007241,189.12833240454032,4819.581758999993
278,82230.4796603,1,-0.964478386881344,99.50767909443609,343.62745114489115,10.80225611055221,24.9020319318011,4.1049468053699885,101.97897281826528,29.588852217810484,187.62349833574916,4836.970291999998
279,82248.1198753,1,-0.9969227146176297,99.51080924318755,337.9497801762533,9.724028826951187,32.16473005706239,4.093292736526347,98.7873522350935,50.06548870007241,189.12833240454032,4854.610507000005
280,82264.6673573,1,-0.9869970895206106,99.51080924318755,337.9497801762533,9.724028826951187,33.95704497397041,4.093293992506104,98.7873522350935,50.06548870007241,189.12833240454032,4871.157988999999
281,82282.1977845,1,-0.9968830010491789,99.51080924318755,337.9497801762533,9.724028826951187,32.16473005706239,4.093345897376126,98.96452271833195,50.06548870007241,189.12833240454032,4888.6884161999915
282,82299.6757943,1,-0.980731305529586,99.50922660225861,337.9497801762533,9.724028826951187,28.807904819597553,4.048132704473779,98.7873522350935,50.06548870007241,189.071674101629,4906.166425999996
283,82317.4884566,1,-0.964130832048557,99.51080098785717,355.91254852482365,10.80225611055221,32.10102894402161,4.093356397326443,93.29815180437411,34.05388504752376,195.76999521866125,4923.979088299995
284,82334.5753003,1,-0.9938922059792002,99.51080924318755,337.939501430319,9.724028826951187,32.16473005706239,4.092923545965802,98.96452271833195,59.51173346180515,189.0857866834115,4941.065931999998
285,82352.3060416,1,-0.9955676683016854,101.58718827549288,338.02533815373687,9.724018631522828,32.68958048295891,4.058399857802201,103.01340430176064,54.25674088487615,188.11515132179207,4958.796673299992
286,82368.2166314,1,0.893015940870863,99.50767909443609,340.4696216348639,10.80225611055221,27.615578829782606,4.1049468053699885,101.97897281826528,34.05388504752376,187.62349833574916,4974.707263100005
287,82385.7258084,1,-0.9954518849074153,101.45590767792032,337.9497801762533,9.724028826951187,32.16473005706239,4.093292736526347,103.88730286926209,59.606081335285474,189.12833240454032,4992.216440100005
288,82403.1907146,1,-0.8824075100194337,99.50767909443609,343.62745114489115,10.80225611055221,36.05504514071838,4.104025890589404,101.97897281826528,34.05388504752376,187.60877650059857,5009.6813463
289,82420.7362271,1,-0.9873123988235752,99.50767909443609,343.62745114489115,10.80225611055221,29.519982041931275,4.105016529400079,110.69311583833583,59.87676168326129,188.00581966751426,5027.226858800001
290,82438.1401451,1,-0.9969227146176297,99.51080924318755,337.9497801762533,9.724028826951187,32.16473005706239,4.093292736526347,98.7873522350935,50.06548870007241,189.12833240454032,5044.630776799997
291,82455.3123959,1,-0.9934436773775358,101.58718827549288,338.01505940780265,9.724018631522828,32.68958048295891,4.0579762504121195,103.01340430176064,59.654307399577,188.07260560066325,5061.803027599992
292,82472.5439505,1,-0.9954518849074153,101.45590767792032,337.9497801762533,9.724028826951187,32.16473005706239,4.093292736526347,103.88730286926209,59.606081335285474,189.12833240454032,5079.0345821999945
293,82489.8092295,1,-0.9969227146176297,99.51080924318755,337.9497801762533,9.724028826951187,32.16473005706239,4.093292736526347,98.7873522350935,50.06548870007241,189.12833240454032,5096.299861199994
294,82507.56951,1,-0.9957749360771587,99.54383542466329,337.9497801762533,9.72402964947453,32.160948187896196,4.0597600306333055,99.00411786686837,54.114166947104465,189.12200322739875,5114.0601417
295,82524.8934894,1,-0.9863011026761428,101.55416209401713,352.29897616042496,9.724017808999484,32.693362352125106,4.091563373134698,102.97380915322421,59.654307399577,188.07893477780482,5131.384121099996
296,82547.4234583,1,-0.9932133960486604,99.5077042885449,343.44757031200646,10.80225611055221,28.74420370655693,4.104918052413072,103.16801035599819,34.37484138263785,189.18859640625874,5153.914090000006
297,82571.3494454,1,-0.9926422996020632,99.51090216534386,343.6384878524387,9.724028826951187,32.16473005706239,4.103576782934616,102.05098825192438,48.314473191432285,187.56323433403077,5177.8400771000015
298,82588.7301891,1,0.8976407013075887,99.64879950145794,337.85282316962565,10.830516008195813,28.74420370655693,4.104095614619496,101.97897281826528,51.872432588221216,187.62349833574916,5195.220820799994
299,82608.1075586,1,-0.9897833317114039,99.50096943373822,343.78968738282737,9.695758733880067,32.68958048295891,4.0579762504121195,99.06285156509901,32.414454571229655,188.07260560066325,5214.598190299992
300,82625.4797288,1,-0.9969227146176297,99.51080924318755,337.9497801762533,9.724028826951187,32.16473005706239,4.093292736526347,98.7873522350935,50.06548870007241,189.12833240454032,5231.970360499996
301,82643.0914669,1,-0.9955676683016854,101.58718827549288,338.02533815373687,9.724018631522828,32.68958048295891,4.058399857802201,103.01340430176064,54.25674088487615,188.11515132179207,5249.5820986000035
302,82660.1569477,1,-0.9959374990040541,99.51080924318755,337.9497801762533,9.724028826951187,32.16473005706239,4.093347290727878,98.96452271833195,54.16520250112974,189.12833240454032,5266.6475794
303,82677.2577017,1,-0.9100763674275192,99.51080924318755,337.9497801762533,9.724028826951187,38.65710272746331,4.093345760004131,98.96452271833195,50.01445314604713,184.4421014284944,5283.748333399999
304,82694.6623176,1,-0.9991356101031942,101.45590767792032,337.764592179693,9.724028826951187,32.16473005706239,4.103561632735402,101.85926680263276,50.37150813985703,189.12833240454032,5301.152949299998
305,82711.6110848,1,-0.9892520527430958,98.98668090321506,343.6437950159071,9.724028826951187,32.16473005706239,4.093279133768644,103.24002578965731,59.30006189544319,189.12833240454032,5318.101716499994
306,82729.330343,1,-0.9969227146176297,99.51080924318755,337.9497801762533,9.724028826951187,32.16473005706239,4.093292736526347,98.7873522350935,50.06548870007241,189.12833240454032,5335.820974699993
307,82746.5210027,1,-0.9947020529706541,99.51080924318755,337.9497801762533,9.724028826951187,32.16473005706239,4.093297358816968,98.96452271833195,50.06548870007241,185.86971321376032,5353.011634399998
308,82763.9284371,1,-0.9931345551589418,97.71651536985782,337.9497801762533,9.724028826951187,32.597612380495285,4.093341275085504,98.7873522350935,50.06548870007241,189.12833240454032,5370.419068799994
309,82782.3719629,1,0.908731803392345,104.75429979346285,338.8981124092875,10.80225611055221,28.74420370655693,4.048196365273875,94.15050524984376,56.329229178682255,188.0927957932362,5388.862594599996
310,82802.9869655,1,-0.9893630756809083,99.76859592778153,342.7546768892838,9.724018631522828,32.68958048295891,4.058399857802201,102.16105085629104,31.98139699890805,187.64585386430505,5409.477597199992
311,82822.9210157,1,-0.9969212612054327,99.51080924318755,337.9497801762533,9.724028826951187,32.16473005706239,4.093347230788337,98.78915664114548,50.06548870007241,189.12833240454032,5429.411647400004
312,82843.1833367,1,-0.9968817436018869,99.51080924318755,337.9497801762533,9.724028826951187,32.16473005706239,4.093292659093892,98.96271831227996,50.06548870007241,189.12833240454032,5449.673968400006
313,82864.1278128,1,-0.9932478445751153,99.51626732299188,337.9497801762533,9.353993533475208,32.160870579455796,4.0597600306333055,99.00411786686837,49.80086483850409,189.12200322739875,5470.618444499996
314,82884.0436192,1,-0.9959560507398408,99.53837734485894,337.9497801762533,9.724028826951187,32.1648076655028,4.093292736526347,98.7873522350935,54.378790808672775,189.12833240454032,5490.534250900004
315,82902.7254319,1,-0.9969227146176297,99.51080924318755,337.9497801762533,9.724028826951187,32.16473005706239,4.093292736526347,98.7873522350935,50.06548870007241,189.12833240454032,5509.216063600004
316,82919.9753491,1,-0.9843471703492472,99.51080924318755,337.9497801762533,9.724028826951187,29.395493284801425,4.093347153355883,98.96452271833195,54.114166947104465,189.12833240454032,5526.4659808
317,82937.3925634,1,-0.9963290444261503,99.52236770998744,332.15518242208014,9.724028826951187,32.16473005706239,4.093292736526347,98.7873522350935,59.106073447093976,189.12833240454032,5543.883195100003
318,82954.055002,1,-0.99875885446948,101.44434921112045,337.9497801762533,9.724028826951187,32.16473005706239,4.093292736526347,102.6987578746762,50.56549658820875,189.12833240454032,5560.545633699992
319,82971.9968702,1,-0.9969227146176297,99.51080924318755,337.9497801762533,9.724028826951187,32.16473005706239,4.093292736526347,98.7873522350935,50.06548870007241,189.12833240454032,5578.487501900003
320,82989.4043827,1,-0.9991356101031942,101.45590767792032,337.764592179693,9.724028826951187,32.16473005706239,4.103561632735402,101.85926680263276,50.37150813985703,189.12833240454032,5595.895014399997
321,83006.7650294,1,-0.9969227146176297,99.51080924318755,337.9497801762533,9.724028826951187,32.16473005706239,4.093292736526347,98.7873522350935,50.06548870007241,189.12833240454032,5613.255661100004
322,83024.0146017,1,-0.9951899372416652,99.51080924318755,337.9497801762533,9.724028826951187,32.16473005706239,4.093292736526347,106.3852346731099,50.06548870007241,189.12833240454032,5630.505233399992
323,83041.6627367,1,-0.9969227146176297,99.51080924318755,337.9497801762533,9.724028826951187,32.16473005706239,4.093292736526347,98.7873522350935,50.06548870007241,189.12833240454032,5648.153368400002
324,83060.6696332,1,-0.9970017324337446,99.51080924318755,337.7575104079516,9.724028826951187,32.16473005706239,4.0929981202785,98.78915664114548,50.06548870007241,189.12833240454032,5667.160264899998
325,83077.6253528,1,-0.9990633594077694,101.45590767792032,337.95686194799475,9.724028826951187,32.16473005706239,4.103910743245239,101.85926680263276,50.37150813985703,189.12833240454032,5684.115984499993
326,83094.5079333,1,-0.9923467791228765,99.28538545017452,337.9497801762533,9.360005737323094,32.16473005706239,4.093292736526347,103.08533380068396,50.053105933241135,189.12833240454032,5700.998565000002
327,83111.4214314,1,-1.0000693070003006,101.66977300413348,337.9497801762533,9.724028826951187,32.16473005706239,4.093292736526347,98.40077630908574,50.57787935504002,189.12833240454032,5717.912063099997
328,83129.1606876,1,-0.9962118536960132,99.51080924318755,337.9497801762533,9.724028826951187,32.16473005706239,4.093292659093892,98.96909689454912,53.18186695619129,189.12833240454032,5735.651319299999
329,83146.0297585,1,-0.996924286012837,99.51080924318755,337.9497801762533,9.724028826951187,32.16473005706239,4.093292736526347,98.78097365282434,50.06548870007241,189.12833240454032,5752.520390199992
330,83163.4345383,1,-0.9897357458559125,99.51080924318755,337.9497801762533,9.724028826951187,30.03792298609154,4.093292736526347,98.7873522350935,50.06548870007241,189.12833240454032,5769.925170000002
331,83180.2904072,1,-0.9969227146176297,99.51080924318755,337.9497801762533,9.724028826951187,32.16473005706239,4.093292736526347,98.7873522350935,50.06548870007241,189.12833240454032,5786.781038899993
332,83199.7263707,1,-0.9969439122006505,99.51080924318755,337.9497801762533,9.724028826951187,32.16473005706239,4.092367880633664,98.7873522350935,49.90196926515897,189.12833240454032,5806.217002399993
333,83217.2558178,1,-0.9969048901795831,99.54383542466329,337.9497801762533,9.72402964947453,32.160948187896196,4.271741565467423,99.00411786686837,54.277686382017905,189.12200322739875,5823.746449500002
334,83234.7047319,1,-0.9830185829721965,99.52242852755859,358.5779168935844,9.724028826951187,32.1648114357191,4.093292736526347,98.7873522350935,54.378790808672775,189.12833240454032,5841.195363599996
335,83252.1875488,1,-0.9963319192657967,99.5383165272878,332.27447893259796,9.724028826951187,32.16472628684609,4.093292736526347,98.7873522350935,59.106073447093976,189.12833240454032,5858.678180499992
336,83270.0088579,1,-0.9965549810738986,99.25590625189308,337.9497801762533,9.724028826951187,32.16473005706239,4.092367880633664,98.7873522350935,49.90196926515897,189.12833240454032,5876.499489599999
337,83287.9905856,1,-0.9994176838305731,101.71081066921481,337.95686194799475,9.724028826951187,32.16473005706239,4.103910743245239,101.85926680263276,50.37150813985703,189.12833240454032,5894.4812172999955
338,83305.7370915,1,-0.9969236116797625,99.51080924318755,337.9497801762533,9.724028826951187,32.16473005706239,4.093286649698437,98.7873522350935,50.06548870007241,189.12833240454032,5912.227723200005
339,83323.3294075,1,-0.9971284299730813,99.51080924318755,337.7575104079516,9.724028826951187,32.16473005706239,4.09300420710641,98.78915664114548,49.24548327602711,189.12833240454032,5929.8200392
340,83341.3939301,1,-0.9969227146176297,99.51080924318755,337.9497801762533,9.724028826951187,32.16473005706239,4.093292736526347,98.7873522350935,50.06548870007241,189.12833240454032,5947.884561800005
341,83360.490109,1,-0.9963547174792643,101.44434921112045,337.9497801762533,9.724028826951187,32.16473005706239,4.093292736526347,102.69989933403596,50.56648411048253,185.6792014629345,5966.980740700004
342,83379.4626108,1,-1.0000688050736535,101.66977300413348,337.9497801762533,9.724028826951187,32.16473005706239,4.093292736526347,98.39963484972597,50.57689183276624,189.12833240454032,5985.9532424999925
343,83396.6636286,1,-0.9996073595404779,101.4167584098219,337.9497801762533,9.724028826951187,32.16473005706239,4.093292736526347,98.83269401448248,50.56549658820875,189.12833240454032,6003.154260299998
344,83414.8189451,1,-0.9960890390886799,99.5384000444861,337.9497801762533,9.724028826951187,32.16473005706239,4.093292736526347,102.65341609528721,50.06548870007241,189.12833240454032,6021.309576800006
345,83432.3078458,1,-0.9969219121755308,99.51080924318755,337.94924366786233,9.724028826951187,32.16473005706239,4.093292736526347,98.7873522350935,50.06548870007241,189.12833240454032,6038.798477499993
346,83450.0651643,1,-0.9990626177956807,101.45590767792032,337.9573984563857,9.724028826951187,32.16473005706239,4.103910743245239,101.85926680263276,50.37150813985703,189.12833240454032,6056.555796000001
347,83467.1058569,1,-0.9969227146176297,99.51080924318755,337.9497801762533,9.724028826951187,32.16473005706239,4.093292736526347,98.7873522350935,50.06548870007241,189.12833240454032,6073.5964886
348,83484.3228064,1,-0.9991356101031942,101.45590767792032,337.764592179693,9.724028826951187,32.16473005706239,4.103561632735402,101.85926680263276,50.37150813985703,189.12833240454032,6090.813438099998
349,83501.5639973,1,-1.0000070282802334,101.60948096632282,337.9501236547405,9.724028826951187,32.16473005706239,4.103561632735402,98.72843828309615,50.32398325681274,189.12833240454032,6108.054629000006
350,83519.3152703,1,-0.9960752519446449,99.35723595478507,337.7642487012059,9.724028826951187,32.16473005706239,4.092367880633664,101.9181807546301,49.94949414820326,189.12833240454032,6125.805901999993
351,83536.2232772,1,-0.9969478779025504,99.47669495351235,337.7575104079516,9.724028826951187,32.16473005706239,4.0929981202785,98.80142665132658,50.06548870007241,189.12833240454032,6142.7139088999975
352,83554.0233981,1,-1.0001078613156174,101.70388729380866,337.9497801762533,9.724028826951187,32.16473005706239,4.093292736526347,98.38850629890464,50.57787935504002,189.12833240454032,6160.514029800004
353,83570.8620743,1,-0.996932803803014,99.50294478421473,337.7728507232666,9.724028826951187,32.16473005706239,4.093292736526347,98.7873522350935,50.3799376103025,189.12833240454032,6177.352706000005
354,83588.2304646,1,-0.9991317307236813,101.46377213689316,337.9415216326798,9.724028826951187,32.16473005706239,4.103561632735402,101.85926680263276,50.05705922962694,189.12833240454032,6194.721096299996
355,83605.8941895,1,-0.9967448181763511,99.47097116708308,338.41886125310725,9.724028826951187,32.16473005706239,4.091629776426622,98.35285840736118,50.06548870007241,189.12833240454032,6212.384821200001
356,83623.0612038,1,-0.9989632979252333,101.46949592332241,337.9375287250798,9.724028826951187,32.16473005706239,4.104929976587279,102.30783504659816,50.577521064454274,189.12833240454032,6229.551835499995
357,83640.437421,1,-0.9991111675330282,101.59839321039985,337.9497801762533,9.724028826951187,32.16473005706239,4.103773615610412,102.398704083712,50.56549658820875,189.12833240454032,6246.928052699994
358,83657.4512164,1,-0.999638828516029,101.45543696704343,337.9501236547405,9.724028826951187,32.16473005706239,4.093080753651338,99.02849207406035,50.42553702167869,189.12833240454032,6263.941848100003
359,83675.212434,1,-0.9971339859331129,99.51080924318755,337.7519879366244,9.724028826951187,32.16473005706239,4.093008651113878,98.78915664114548,49.21935214828753,189.12833240454032,6281.7030657
360,83692.8605205,1,-0.9985235722860557,101.4167584098219,337.9553026475805,9.53816349113509,32.16473005706239,4.0932882925188805,98.83269401448248,50.591627715948334,189.12833240454032,6299.351152200004
361,83712.106446,1,-0.9648655835810616,101.45795648857359,337.9569324995492,9.724028826951187,26.617814165091097,4.093292736526347,98.40077630908574,50.58089851286334,189.12833240454032,6318.597077700004
362,83729.699369,1,-0.9993613981559878,101.66772419348021,337.9497096246988,9.724028826951187,32.16473005706239,4.103910743245239,101.85926680263276,50.36848898203371,189.12833240454032,6336.190000699993
363,83747.4008983,1,-1.0000693070003006,101.66977300413348,337.9497801762533,9.724028826951187,32.16473005706239,4.093292736526347,98.40077630908574,50.57787935504002,189.12833240454032,6353.8915299999935
364,83764.3255375,1,-0.9989951602307864,101.45590767792032,337.95686194799475,9.724028826951187,32.16473005706239,4.103910743245239,101.85926680263276,50.73429351876314,189.12833240454032,6370.816169199999
365,83782.3387208,1,-1.0001204889390163,101.70388729380866,337.9497801762533,9.724028826951187,32.16473005706239,4.09326224474654,98.38850629890464,50.57787935504002,189.12833240454032,6388.8293525000045
366,83798.999896,1,-0.9966539236746714,99.47669495351235,337.7575104079516,9.724028826951187,31.591988876593092,4.0930286120583075,98.80142665132658,50.06548870007241,189.12833240454032,6405.4905276999925
367,83816.4242325,1,-1.0001784888683303,101.70388729380866,337.9497801762533,9.724028826951187,32.16473005706239,4.104326173258367,98.38850629890464,50.57787935504002,189.12833240454032,6422.914864199993
368,83833.1731249,1,-0.9993478842966771,101.71081066921481,337.95686194799475,9.724028826951187,32.16473005706239,4.092877306513219,101.85926680263276,50.37150813985703,189.12833240454032,6439.663756599999
369,83850.5973171,1,-1.0000676283058778,101.67251987707897,337.9497801762533,9.724028826951187,32.16473005706239,4.093292736526347,98.38118178593218,50.57689183276624,189.12833240454032,6457.087948799992
370,83867.9765307,1,-0.9988482752798443,101.7080637962693,337.95686194799475,9.724028826951187,32.16473005706239,4.103910743245239,101.87771986642655,52.95654475830638,189.12833240454032,6474.467162400004
371,83885.6345092,1,-1.0000070282802334,101.60948096632282,337.9501236547405,9.724028826951187,32.16473005706239,4.103561632735402,98.72843828309615,50.32398325681274,189.12833240454032,6492.125140899996
372,83902.5755737,1,-1.0000688050736535,101.66977300413348,337.9497801762533,9.724028826951187,32.16473005706239,4.093292736526347,98.39963484972597,50.57689183276624,189.12833240454032,6509.066205399999
373,83920.0447369,1,-0.9982831648575766,101.45590767792032,339.8101800781626,9.724028826951187,32.16473005706239,4.103561632735402,101.85926680263276,50.37150813985703,189.12833240454032,6526.535368600002
374,83937.0976166,1,-0.9991356101031942,101.45590767792032,337.764592179693,9.724028826951187,32.16473005706239,4.103561632735402,101.85926680263276,50.37150813985703,189.12833240454032,6543.588248300002
375,83954.4814897,1,-0.9824503047687422,101.66616794656628,337.9497801762533,8.815383364237954,32.16473005706239,4.093292736526347,98.81305648701124,50.56549658820875,189.12833240454032,6560.972121400002
376,83971.4317099,1,-0.9948364933205878,101.42036346738908,337.9497801762533,9.724028826951187,32.16473005706239,3.5896695285945075,98.41927237719722,50.57689183276624,189.12833240454032,6577.922341600002
377,83988.8140451,1,-1.0000693070003006,101.66977300413348,337.9497801762533,9.724028826951187,32.16473005706239,4.093292736526347,98.40077630908574,50.57787935504002,189.12833240454032,6595.304676800006
378,84005.6607333,1,-1.0001784888683303,101.70388729380866,337.9497801762533,9.724028826951187,32.16473005706239,4.104326173258367,98.38850629890464,50.57787935504002,189.12833240454032,6612.151364999998
379,84022.8302553,1,-1.002068272533908,101.66977300413348,337.9497801762533,9.724028826951187,32.16473005706239,4.093292736526347,89.49467107601615,50.57688239712501,189.12833240454032,6629.320886999994
380,84040.3938578,1,-0.9906963395128651,101.66977300413348,337.9497801762533,9.724028826951187,33.86984597568936,4.093292736526347,98.40078486590356,50.57788879068125,189.12833240454032,6646.884489499993
381,84057.6215515,1,-1.0000594103119413,101.66978527382791,337.9497801762533,9.724028826951187,32.16473005706239,4.093292736526347,98.39963484972597,50.57689183276624,189.12833240454032,6664.112183199992
382,84075.0546709,1,-1.0000653453914194,101.67250760738453,337.9497801762533,9.724028826951187,32.16473005706239,4.093292736526347,98.38118178593218,50.57689183276624,189.12833240454032,6681.545302600003
383,84091.1827972,1,-1.0001898575602024,101.70424234902386,337.9497074898749,9.724028826951187,32.16473005706239,4.1043339512531585,98.38850629890464,50.57787935504002,189.12833240454032,6697.673428900001
384,84108.5510689,1,-0.9993727034504956,101.66736913826502,337.9497823110772,9.724028826951187,32.16473005706239,4.103902965250446,101.85926680263276,50.36848898203371,189.12833240454032,6715.041700599992
385,84125.3458882,1,-1.0025905485745732,101.71081066921481,328.29475209098007,9.724028826951187,32.16473005706239,4.092877306513219,98.92329628569888,50.350727844288805,189.12833240454032,6731.836519899996
386,84142.8791104,1,-0.9977781340962082,101.4167584098219,337.95566549810394,9.724028826951187,32.60289915998728,4.093292736526347,101.76866453141636,50.58627688377697,189.12833240454032,6749.369742099996
387,84159.6831415,1,-0.9952660212675927,101.66977300413348,337.9497801762533,9.278313664020072,32.16473005706239,4.093292736526347,98.40077630908574,50.57787935504002,189.12833240454032,6766.173773200004
388,84177.0838698,1,-0.9998907595653883,101.70388729380866,337.9497801762533,9.724028826951187,32.16473005706239,4.09326224474654,98.0692900981526,50.57787935504002,188.66203669206013,6783.574501499999
389,84194.3470911,1,-1.000119395779128,101.70388729380866,337.9497801762533,9.724028826951187,32.16473005706239,4.093293106968119,98.3882757155941,50.57787935504002,189.12833240454032,6800.837722800003
390,84211.4791976,1,-1.0000689026413112,101.66977300413348,337.9497801762533,9.724028826951187,32.16473005706239,4.093261874304769,98.4010068923963,50.57787935504002,189.12833240454032,6817.9698292999965
391,84228.9857233,1,-0.9975483000193303,101.45590767792032,337.78032693234167,9.986002985499814,32.16473005706239,4.093338162360229,97.92625750595597,50.37150813985703,188.26714894870938,6835.476354999992
392,84246.5675918,1,-0.9940567351175968,101.70388729380866,350.21768636897826,9.724028826951187,32.16473005706239,4.338650943516386,102.32151559558143,50.57787935504002,189.12833240454032,6853.058223500004
393,84263.3188488,1,-0.9614693930665779,101.66918615579827,337.9497801762533,9.724028826951187,36.06520927482694,4.093292736526347,98.38850629890464,50.576857297645915,189.12833240454032,6869.8094805
394,84280.7268749,1,-1.0001057159071667,101.70447414214387,337.9497801762533,9.724028826951187,32.16473005706239,4.093292736526347,98.39963484972597,50.577913890160346,189.12833240454032,6887.217506600005
395,84297.7641467,1,-1.0001204889390163,101.70388729380866,337.9497801762533,9.724028826951187,32.16473005706239,4.09326224474654,98.38850629890464,50.57787935504002,189.12833240454032,6904.254778400005
396,84315.4739151,1,-1.000004224511892,101.66977300413348,337.9497801762533,9.724028826951187,32.16473005706239,4.085050164879564,98.4010068923963,50.57787935504002,189.12833240454032,6921.964546799994
397,84333.248441,1,-0.9997783829369776,101.70424078575033,337.9497754683481,9.724028826951187,32.16473005706239,4.093621717052316,98.38850183185299,52.239753777321724,189.12833240454032,6939.739072700002
398,84350.0563492,1,-0.9986701528594603,101.7038888570822,337.94971219778006,9.724028826951187,32.71914177942035,4.104005341168961,98.38828018264574,50.57787935504002,189.12833240454032,6956.5469808999915
399,84367.9279601,1,-0.9998423538731412,101.70369470178464,338.2741838956599,9.724028826951187,32.16473005706239,4.092580658030401,98.94506835953334,50.58639143225765,189.12833240454032,6974.4185918
400,84385.4652386,1,-1.0028025229819446,101.71100326123882,327.97034836703244,9.724028826951187,32.16473005706239,4.104622821741185,98.36673422507019,50.342215767071174,189.12833240454032,6991.955870299993
401,84403.9282031,1,-1.0025905485745732,101.71081066921481,328.29475209098007,9.724028826951187,32.16473005706239,4.092877306513219,98.92329628569888,50.350727844288805,189.12833240454032,7010.4188348000025
402,84421.1286733,1,-1.0001784888683303,101.70388729380866,337.9497801762533,9.724028826951187,32.16473005706239,4.104326173258367,98.38850629890464,50.57787935504002,189.12833240454032,7027.619305
403,84438.8914478,1,-1.0001818105966471,101.70293482546415,337.9497801762533,9.724028826951187,32.16473005706239,4.105042651480215,98.38887367045822,50.57787935504002,189.12833240454032,7045.382079499992
404,84456.0823388,1,-0.9994930198081741,101.67072547247798,337.9497801762533,9.724028826951187,32.16473005706239,4.010598903807304,98.40040893753218,50.57787935504002,189.12833240454032,7062.572970499998
405,84473.7035902,1,-1.0000688997723433,101.66977300413348,337.9497801762533,9.724028826951187,32.16473005706239,4.093257864678041,98.4010068923963,50.57787935504002,189.12833240454032,7080.194221900005
406,84491.5243173,1,0.9009724250368972,116.51424597180824,337.9497801762533,9.724028826951187,32.16473005706239,4.093296746153076,98.40077630908574,50.57787935504002,189.12833240454032,7098.014949000004
407,84508.25543,1,-1.0000624400809144,101.67138722720773,337.9497801762533,9.724028826951187,32.16473005706239,4.093292736526347,98.38850629890464,50.57787935504002,189.12833240454032,7114.746061700003
408,84525.1113816,1,-1.0001150245779404,101.7022730707344,337.9497801762533,9.724028826951187,32.16473005706239,4.093292736526347,98.39963484972597,50.57689183276624,189.12833240454032,7131.602013299998
409,84542.6553907,1,-1.0000706190247661,101.6702401741377,337.9497801762533,9.724028826951187,32.16473005706239,4.093292736526347,98.39963484972597,50.57684349556235,189.12833240454032,7149.146022400004
410,84559.7415917,1,-1.0001069714028592,101.70400697213965,337.9497801762533,9.724028826951187,32.16473005706239,4.093292736526347,98.39963484972597,50.577962227364246,189.12833240454032,7166.232223400002
411,84577.1802897,1,-1.002068272533908,101.66977300413348,337.9497801762533,9.724028826951187,32.16473005706239,4.093292736526347,89.49467107601615,50.57688239712501,189.12833240454032,7183.6709214
412,84593.9505996,1,-1.0000688050736535,101.66977300413348,337.9497801762533,9.724028826951187,32.16473005706239,4.093292736526347,98.39963484972597,50.57689183276624,189.12833240454032,7200.441231299992
413,84612.4636442,1,-1.0021162105060124,101.70411013380387,337.9497801762533,9.724028826951187,32.16473005706239,4.093292736526347,89.49467107601615,50.57688239712501,189.12833240454032,7218.954275900003
414,84629.9175484,1,-1.0000587993445118,101.66955016413827,337.9497801762533,9.724028826951187,32.16473005706239,4.09326224474654,98.38850629890464,50.57787935504002,189.12833240454032,7236.408180099999
415,84647.384745,1,-1.0000251527129016,101.70387714283349,337.9497801762533,9.724028826951187,32.16473005706239,4.093172005706277,98.74376586178579,50.57787935504002,189.12833240454032,7253.875376700002
416,84664.1480806,1,-0.9997609604892658,101.70412028477905,337.9497801762533,9.724028826951187,32.16473005706239,4.104446904078438,96.27554432599366,54.40144914085527,189.12833240454032,7270.638712300002
417,84681.3884063,1,-0.999618611862933,101.70352909064775,337.9497801762533,9.724028826951187,32.16473005706239,4.093292736526347,97.35405060138814,53.806949661714526,189.12833240454032,7287.879037999999
418,84698.7950731,1,-1.0044535215337962,101.71139171237093,328.29475209098007,9.724028826951187,32.16473005706239,4.092877306513219,91.06391676032695,50.350727844288805,189.12833240454032,7305.2857048000005
419,84716.0469537,1,-1.0026677976191938,101.71032459548142,328.823469648058,9.724028826951187,32.16473005706239,4.105298400615175,98.90280142269948,50.350727844288805,189.12833240454032,7322.537585400001
420,84733.3993273,1,-1.0003287911197196,101.70342089919752,337.42106261794913,9.724028826951187,32.16473005706239,4.092621557378259,98.40936853345762,50.57787935504002,189.12833240454032,7339.889958999993
421,84750.9736138,1,-0.9989568204897631,101.70293482546415,337.9497801762533,9.724028826951187,32.16473005706239,4.105042651480215,98.38887367045822,50.57787935504002,187.27548233452157,7357.464245499999
422,84768.2927893,1,-1.002068272533908,101.66977300413348,337.9497801762533,9.724028826951187,32.16473005706239,4.093292736526347,89.49467107601615,50.57688239712501,189.12833240454032,7374.783421
423,84785.9631114,1,-1.002708183555463,101.70435325918011,328.6708758102553,9.724028826951187,32.16473005706239,4.093292736526347,98.39963484972597,50.33671930430943,189.12833240454032,7392.453743099992
424,84803.1936666,1,-1.000145214948425,101.71093155217856,337.57365645570826,9.724028826951187,32.16473005706239,4.092877306513219,98.92329628569888,50.59192243013971,189.12833240454032,7409.684298299995
425,84820.4884267,1,-1.0025905485745732,101.71081066921481,328.29475209098007,9.724028826951187,32.16473005706239,4.092877306513219,98.92329628569888,50.350727844288805,189.12833240454032,7426.9790584
426,84837.9908758,1,-1.0028025229819446,101.71100326123882,327.97034836703244,9.724028826951187,32.16473005706239,4.104622821741185,98.36673422507019,50.342215767071174,189.12833240454032,7444.481507499993
427,84855.6327087,1,-1.002184347039572,101.7033169864226,337.9497801762533,9.724028826951187,32.16473005706239,4.1038735085671645,89.49467107601615,50.57800712019239,189.12833240454032,7462.123340399994
428,84872.8337,1,-1.000063985537087,101.67034331151953,337.9497801762533,9.724028826951187,32.16473005706239,4.093745401217551,98.38850629890464,50.57675463197264,189.12833240454032,7479.3243317000015
429,84890.0519122,1,-1.0001204889390163,101.70388729380866,337.9497801762533,9.724028826951187,32.16473005706239,4.09326224474654,98.38850629890464,50.57787935504002,189.12833240454032,7496.5425438999955
430,84907.8866773,1,-1.0001898575602024,101.70424234902386,337.9497074898749,9.724028826951187,32.16473005706239,4.1043339512531585,98.38850629890464,50.57787935504002,189.12833240454032,7514.377309000003
431,84924.9851379,1,-0.9964862661333784,101.70388729380866,345.54315319949063,9.724028826951187,32.16473005706239,4.09326224474654,98.3672823349416,50.57787935504002,189.12833240454032,7531.4757696000015
432,84942.9690215,1,-1.0027980280819597,101.71100326123882,327.97034836703244,9.724028826951187,32.16473005706239,4.104622821741185,98.38795818903323,50.342215767071174,189.12833240454032,7549.4596532
433,84960.1013608,1,-1.0001917035759198,101.70388729380866,337.9497801762533,9.724028826951187,32.16473005706239,4.104672889554166,98.38850629890464,50.57787935504002,189.12833240454032,7566.591992500005
434,84978.0407339,1,-1.0020802353202285,101.66977300413348,337.9497801762533,9.724028826951187,32.16473005706239,4.092946020230549,89.49467107601615,50.57688239712501,189.12833240454032,7584.531365599993
435,84994.8387688,1,-0.9995327472965715,101.71202190249502,339.1826097825947,9.724028826951187,32.16473005706239,4.092946020230549,98.70618871966643,50.57185381584485,189.12833240454032,7601.329400499992
436,85012.7630508,1,-1.0046905712787613,101.66856177085324,327.0619224441729,9.724028826951187,32.16473005706239,4.092877306513219,89.71177864204867,50.35575642556897,189.12833240454032,7619.253682499999
437,85029.7201221,1,-1.0021161204826414,101.6711186958428,337.9497801762533,9.724028826951187,32.16473005706239,4.092946020230549,89.4446845636526,50.35403887471678,189.12833240454032,7636.210753799998
438,85047.2221804,1,-1.0025388694138866,101.70946497750548,328.29475209098007,9.724028826951187,32.16473005706239,4.092877306513219,98.97328279806251,50.57357136669704,189.12833240454032,7653.712812099999
439,85064.5463191,1,-1.001560038285398,101.71032459548142,333.8660640483187,9.724028826951187,32.16473005706239,4.105298400615175,98.92299172553948,50.350727844288805,189.12833240454032,7671.0369508
440,85081.6914532,1,-0.9169367122408599,101.71081066921481,328.29475209098007,9.724028826951187,38.42726148576878,4.092877306513219,98.9031059828589,50.350727844288805,189.12833240454032,7688.182084899992
441,85098.7774438,1,-1.0024419188134326,101.71080674091147,327.5777486238565,9.724028826951187,32.16473005706239,4.034283777638828,97.9649306187982,50.342215767071174,189.12833240454032,7705.268075500004
442,85115.3207357,1,0.9126699981334682,101.70430665413122,338.34237991198626,9.724028826951187,32.16473005706239,2.83981688606236,89.91769864625122,50.57688239712501,189.12833240454032,7721.811367400005
443,85132.2633106,1,-1.0003753414317353,101.71081066921481,337.13063345287213,9.724028826951187,32.16473005706239,4.092877306513219,98.92329628569888,50.350727844288805,189.12833240454032,7738.753942299998
444,85150.1000061,1,-1.0044535215337962,101.71139171237093,328.29475209098007,9.724028826951187,32.16473005706239,4.092877306513219,91.06391676032695,50.350727844288805,189.12833240454032,7756.590637799993
445,85167.2570954,1,-1.0026974089313376,101.71032459548142,328.82145074464,9.724028826951187,32.16473005706239,4.105298400615175,98.90280142269948,50.350727844288805,189.12833240454032,7773.747727099995
446,85184.8734754,1,-1.0028327980611655,101.71100326123882,327.97236727045043,9.724028826951187,32.16473005706239,4.104622821741185,98.36673422507019,50.342215767071174,189.12833240454032,7791.364107100002
447,85201.0189975,1,0.901563574895129,105.80617460209196,337.42106261794913,9.724028826951187,32.16473005706239,4.092621557378259,98.36502571466688,50.33975205382405,189.12833240454032,7807.509629199994
448,85219.0233148,1,-1.0032213588147822,101.71100326123882,327.97034836703244,9.724028826951187,32.16473005706239,4.104622821741185,98.41107704386094,44.06273768142358,189.12833240454032,7825.513946499996
449,85236.3070219,1,-1.0000446371850218,101.66733543250045,338.10073372804874,9.724028826951187,32.16473005706239,4.093292736526347,98.39963484972597,50.33671930430943,189.12833240454032,7842.7976535999915
450,85253.4262095,1,-1.0047924133344046,101.70679083081315,328.51992225670125,9.724028826951187,32.16473005706239,4.093292736526347,89.49467107601615,50.57688239712501,189.12833240454032,7859.9168412
451,85270.9867263,1,-1.0028025229819446,101.71100326123882,327.97034836703244,9.724028826951187,32.16473005706239,4.104622821741185,98.36673422507019,50.342215767071174,189.12833240454032,7877.477358000004
452,85287.9131196,1,-1.0027980280819597,101.71100326123882,327.97034836703244,9.724028826951187,32.16473005706239,4.104622821741185,98.38795818903323,50.342215767071174,189.12833240454032,7894.403751299993
453,85305.4426375,1,-1.0003287911197196,101.70342089919752,337.42106261794913,9.724028826951187,32.16473005706239,4.092621557378259,98.40936853345762,50.57787935504002,189.12833240454032,7911.9332692000025
454,85322.6008543,1,-1.0043258987144634,101.71139171237093,324.6491681459985,9.724028826951187,32.16473005706239,4.092877306513219,91.06391676032695,50.350727844288805,189.12833240454032,7929.091486000005
455,85340.2978412,1,-1.0048501318548033,101.70679083081315,328.51992225670125,9.724028826951187,32.16473005706239,4.093246493625255,89.42528326066532,50.30833294697749,189.12833240454032,7946.7884728999925
456,85357.4239733,1,-1.0027698916879297,101.71100326123882,327.97034836703244,9.724028826951187,32.16473005706239,4.104669064642277,98.43612204042105,50.6107652172187,189.12833240454032,7963.914604999998
457,85375.0170363,1,-1.0026200790573205,101.71100326123882,327.97236727045043,9.724028826951187,32.16473005706239,4.092219210305064,98.92692039321999,50.35064605049811,189.12833240454032,7981.507668000006
458,85392.1700834,1,-1.0028248580506216,101.71081066921481,328.29475209098007,9.724028826951187,32.16473005706239,4.10528091794934,98.36311011754908,50.342297560861866,189.12833240454032,7998.660715099992
459,85409.7805341,1,-0.999459933770967,98.05415916342159,324.6491681459985,9.724028826951187,32.16473005706239,4.092877306513219,91.06391676032695,50.350727844288805,189.12833240454032,8016.271165800004
460,85426.6134692,1,-1.0000047220923638,101.71100326123882,333.1731481078283,9.724028826951187,32.16473005706239,4.104622821741185,106.3645506826722,50.342215767071174,189.12833240454032,8033.104100900004
461,85444.2182943,1,-1.0045416648303658,101.70679083081315,328.51992225670125,9.724028826951187,32.16473005706239,4.057699070791752,89.49467107601615,50.57688239712501,189.12833240454032,8050.708925999992
462,85461.4709744,1,-1.002708183555463,101.70435325918011,328.6708758102553,9.724028826951187,32.16473005706239,4.093292736526347,98.39963484972597,50.33671930430943,189.12833240454032,8067.961606099998
463,85478.9446206,1,-1.0040020787747277,101.70943228366461,328.29475209098007,9.724028826951187,32.16473005706239,4.092877306513219,92.91916046813243,50.350727844288805,189.12833240454032,8085.435252299998
464,85495.9755845,1,-1.0025425865935194,101.7114244062118,328.29475209098007,9.724028826951187,32.16473005706239,4.092877306513219,98.97328279806251,50.57357136669704,189.12833240454032,8102.466216200002
465,85513.8227702,1,-1.0008360102115017,99.88596264851303,327.97034836703244,9.724028826951187,32.16473005706239,4.104622821741185,98.41107704386094,44.06273768142358,189.12833240454032,8120.313401899999
466,85531.1205181,1,-1.0028025229819446,101.71100326123882,327.97034836703244,9.724028826951187,32.16473005706239,4.104622821741185,98.36673422507019,50.342215767071174,189.12833240454032,8137.6111497999955
467,85548.5153015,1,-1.002936134380758,101.71100326123882,327.97034836703244,9.724028826951187,31.424499378205994,4.10529726529139,98.36673422507019,44.01566547595243,189.12833240454032,8155.005933199995
468,85565.7217322,1,-1.0026673619409772,101.71032459548142,328.31841561279793,9.724028826951187,32.16473005706239,4.1046239570649705,98.90280142269948,50.350727844288805,189.12833240454032,8172.212363900006
469,85583.0335504,1,-0.9975657932485799,101.66856177085324,327.0619224441729,9.724028826951187,29.95628776917541,4.092877306513219,89.71177864204867,50.35575642556897,189.12833240454032,8189.5241820999945
470,85600.2381966,1,-1.0043258987144634,101.71139171237093,324.6491681459985,9.724028826951187,32.16473005706239,4.092877306513219,91.06391676032695,50.350727844288805,189.12833240454032,8206.728828299994
471,85620.3847327,1,-1.0047670971183678,101.66856177085324,327.1078532521533,9.724028826951187,32.16473005706239,4.104496930912958,89.71177864204867,50.35575642556897,189.12833240454032,8226.875364399995
472,85638.5249571,1,-0.9992578608136848,101.71100326123882,327.924417559052,9.724028826951187,33.05550926640726,4.093003197341446,98.41107704386094,44.06273768142358,189.12833240454032,8245.0155888
473,85655.7751168,1,-1.0026690969560483,101.71152331030373,328.823469648058,9.724028826951187,32.16473005706239,4.105298400615175,98.90280142269948,50.350727844288805,189.12833240454032,8262.265748499995
474,85673.2418418,1,-1.004436148916307,101.71019299754863,328.29475209098007,9.724028826951187,32.16473005706239,4.092877306513219,91.06391676032695,50.350727844288805,189.12833240454032,8279.7324735
475,85690.3564719,1,-1.0045419255037797,101.71134131175488,327.97034836703244,9.724028826951187,32.16473005706239,4.104622821741185,91.07198166961562,50.342215767071174,189.12833240454032,8296.847103599997
476,85708.3638142,1,-0.9975122890001568,101.71105366185488,328.29475209098007,9.724028826951187,32.16473005706239,3.56090924250152,98.35866931578151,50.350727844288805,189.12833240454032,8314.854445899997
477,85725.9336512,1,-1.0042582585387414,101.71019299754863,328.29475209098007,9.724028826951187,32.16473005706239,4.092922448931366,91.06391676032695,39.04825717481789,189.12833240454032,8332.4242829
478,85747.6542777,1,-1.0028074197435877,101.71081066921481,328.29475209098007,9.724028826951187,32.16473005706239,4.105235775531194,98.36311011754908,50.35061199704342,189.12833240454032,8354.144909399998
479,85765.9207255,1,-1.0043625617939729,101.71139171237093,324.6491681459985,9.724028826951187,32.16473005706239,4.092877306513219,91.06391676032695,50.30187963522477,189.12833240454032,8372.411357199991
480,85783.3011162,1,-1.0048140498324503,101.70679083081315,328.51992225670125,9.724028826951187,32.16473005706239,4.093246493625255,89.42528326066532,50.35718115604151,189.12833240454032,8389.791747900003
481,85800.9920406,1,-1.005899019169651,101.71139823256485,328.51830798205214,9.724028826951187,32.16473005706239,4.057699070791752,89.49467107601615,50.576558538683535,191.5257642144524,8407.4826723
482,85818.5002592,1,-0.9944147219869307,101.70678431061921,328.29636636562924,9.724028826951187,33.852917571655695,4.092877306513219,91.06391676032695,50.35105170273028,189.12833240454032,8424.990890899993
483,85836.3005135,1,-1.0048268314433833,101.70751685941495,327.14223567716783,9.724028826951187,32.16473005706239,4.0935103950291545,89.49467107601615,50.35874416531874,189.12833240454032,8442.791145199997
484,85857.1371342,1,-1.0047321681273276,101.66783574225146,328.48553983168665,9.724028826951187,32.16473005706239,4.104279272410151,89.71177864204867,50.573894657375234,189.12833240454032,8463.627765900004
485,85874.969048,1,-1.004848153324165,101.70679083081315,328.5487614134314,9.724028826951187,32.16473005706239,4.092868544327639,89.42528326066532,50.30833294697749,189.12833240454032,8481.459679699998
486,86709.3338044,1,-0.998168508540326,101.71139171237093,328.26591293424997,9.724028826951187,30.146372279454283,4.093255255810836,91.06391676032695,50.350727844288805,189.12833240454032,9315.824436099996
487,86729.8643045,1,-1.0044260045624083,101.71097990981237,324.6491681459985,9.724028826951187,32.16473005706239,4.104599889736737,91.09182018434925,50.350727844288805,189.12833240454032,9336.354936200005
488,86747.6961809,1,-1.002764858026474,101.71141506379739,327.97236727045043,9.724028826951187,32.16473005706239,4.092900238517667,98.33883080104789,50.342215767071174,189.12833240454032,9354.186812600004
489,86768.8239734,1,-1.0034008193885031,101.70679083081315,328.5176776064572,9.724028826951187,32.16473005706239,4.093292736526347,89.49467107601615,56.22769700751755,189.12833240454032,9375.314605099993
490,86787.0923934,1,-1.003976419850003,101.70943228366461,328.2969967412242,9.724028826951187,32.16473005706239,4.092877306513219,92.91916046813243,50.60088810281908,189.12833240454032,9393.5830251
491,86803.9036025,1,-1.0058816840204432,101.70679083081315,328.51992225670125,9.724028826951187,32.16473005706239,4.058867616291909,89.49467107601615,49.25948934530952,191.22120916102193,9410.394234199994
492,86825.7252167,1,-1.004683136988729,101.66856177085324,327.0619224441729,9.724028826951187,32.16473005706239,4.091708761013063,89.71177864204867,50.35575642556897,189.12833240454032,9432.215848399996
493,86842.1131046,1,-1.0032213588147822,101.71100326123882,327.97034836703244,9.724028826951187,32.16473005706239,4.104622821741185,98.41107704386094,44.06273768142358,189.12833240454032,9448.603736299992
494,86858.2315336,1,-1.0047670971183678,101.66856177085324,327.1078532521533,9.724028826951187,32.16473005706239,4.104496930912958,89.71177864204867,50.35575642556897,189.12833240454032,9464.722165300002
495,86873.9939217,1,-1.0048314446392452,101.7115255852307,328.54839195073816,9.724028826951187,32.16473005706239,4.093676833361853,89.49467107601615,50.35592870873809,189.12198220899467,9480.484553400005
496,86889.0150855,1,-1.0058780925657476,101.70738950674908,327.11215170848175,9.724028826951187,32.16473005706239,4.057532632459054,89.49467107601615,50.57937399526419,191.5321144099981,9495.505717199994
497,86903.1680615,1,-1.0045416648303658,101.70679083081315,328.51992225670125,9.724028826951187,32.16473005706239,4.057699070791752,89.49467107601615,50.57688239712501,189.12833240454032,9509.658693199992
498,86916.1358063,1,-1.0048268314433833,101.70751685941495,327.14223567716783,9.724028826951187,32.16473005706239,4.0935103950291545,89.49467107601615,50.35874416531874,189.12833240454032,9522.626437999992
499,86930.2994358,1,-1.0059011296357578,101.70679083081315,328.51992225670125,9.724028826951187,32.16473005706239,4.058867616291909,89.4947846922314,50.3182336511748,191.50482284312477,9536.790067499998
500,86944.282434,1,-1.0047390547979094,101.70679083081315,329.5374088387912,9.724028826951187,32.16473005706239,4.093246493625255,89.42516964445008,49.460050833910365,188.84471872243748,9550.773065699992
501,86957.3249233,1,-1.00446515221788,101.71139171237093,328.55517554438984,9.724028826951187,32.16473005706239,4.092596721777197,91.06391676032695,50.350727844288805,189.12833240454032,9563.815554999994
502,86971.2371812,1,-1.0065382633974775,101.71139823256485,328.2578845286423,9.724028826951187,32.16473005706239,4.057979655527776,86.51984711649334,50.576558538683535,191.5257642144524,9577.727812900004
503,86984.8777129,1,-1.004865197595578,101.70677590573419,328.51992225670125,9.724028826951187,32.16473005706239,4.10389241026707,89.49467107601615,50.353424678974115,189.12833240454032,9591.368344599992
504,86999.2208952,1,-1.0036942262402786,101.66857669593222,327.1078532521533,9.724028826951187,32.16473005706239,4.058303591437641,92.90066101088495,50.57921414371986,189.12833240454032,9605.711526899991
505,87013.9089355,1,-1.004430672347903,101.71139171237093,328.2995403037748,9.724028826951187,32.16473005706239,4.092877306513219,91.09021721682993,50.35042096228251,189.12833240454032,9620.399567200002
506,87027.8411477,1,-1.0048365659961658,101.70679083081315,328.5151340439066,9.724028826951187,32.16473005706239,4.093246493625255,89.39898280416233,50.357488038047805,189.12833240454032,9634.331779400003
507,87042.0135727,1,-1.0048002388739405,101.70679083081315,328.51992225670125,9.724028826951187,32.16473005706239,4.090813267369601,89.42528326066532,50.35718115604151,189.12833240454032,9648.5042044
508,87058.3463518,1,-1.0047825945236166,101.66856177085324,327.1078532521533,9.724028826951187,32.16473005706239,4.1069301571686125,89.71177864204867,50.35575642556897,189.12833240454032,9664.836983500005
509,87074.7682882,1,-1.0036627738124226,101.70679083081315,328.5487614134314,9.724028826951187,32.16473005706239,4.092868544327639,89.42556804088453,50.30833294697749,187.16469772080714,9681.258919899992
510,87088.1917929,1,0.9128874938119107,106.12422613616961,328.51992225670125,9.724028826951187,32.16473005706239,4.058867616291909,89.49438629579696,49.25948934530952,189.18904995981688,9694.682424600003
511,87102.7061162,1,-1.0047632352802602,101.70679083081315,328.51992225670125,9.724028826951187,32.16473005706239,4.093262943857246,89.49467107601615,50.57688239712501,189.12833240454032,9709.196747900001
512,87117.0821131,1,-1.0048351057064353,101.70679083081315,328.5487614134314,9.724028826951187,32.16473005706239,4.0928983369967415,89.42528326066532,50.30833294697749,189.12833240454032,9723.572744799996
513,87131.7258615,1,-1.0047670971183678,101.66856177085324,327.1078532521533,9.724028826951187,32.16473005706239,4.104496930912958,89.71177864204867,50.35575642556897,189.12833240454032,9738.216493200001
514,87146.3792418,1,-1.0047321681273276,101.66783574225146,328.48553983168665,9.724028826951187,32.16473005706239,4.104279272410151,89.71177864204867,50.573894657375234,189.12833240454032,9752.869873499993
515,87160.5733228,1,-1.0056387867778551,101.70686297373179,328.51992225670125,9.724028826951187,32.16473005706239,4.093246493625255,86.11511045614319,50.30833294697749,189.2126815142201,9767.063954500001
516,87175.148817,1,-1.0057553545798836,101.71132608964622,328.2578845286423,9.724028826951187,32.16473005706239,4.057979655527776,89.83001992101546,50.576558538683535,191.44141510477266,9781.639448699992
517,87189.8601198,1,-1.0061963365379445,101.7114885497936,327.23661939111656,9.724028826951187,32.16473005706239,4.095571598350695,89.49467107601615,50.35562524376817,191.55380975858938,9796.350751499995
518,87204.0246224,1,-0.9860103337683064,101.70742654218618,328.1635008146936,8.745535903854858,32.16473005706239,4.055918452206235,86.51984711649334,50.57967746023411,189.10028686040337,9810.515254099999
519,87219.0148067,1,-1.004865197595578,101.70677590573419,328.51992225670125,9.724028826951187,32.16473005706239,4.10389241026707,89.49467107601615,50.353424678974115,189.12833240454032,9825.505438399996
520,87232.5637337,1,0.924196945544587,101.71139823256485,328.51830798205214,10.665547905173607,32.16473005706239,4.057699070791752,89.49467107601615,50.576558538683535,191.5257642144524,9839.054365399992
521,87246.9128457,1,-1.0048364678005666,101.70679083081315,328.5454409675718,9.724028826951187,32.16473005706239,4.092868544327639,89.42528326066532,50.30833294697749,189.12833240454032,9853.403477400003
522,87262.8882327,1,-1.0048232507016706,101.70679083081315,328.52324270256094,9.724028826951187,32.16473005706239,4.093246493625255,89.42528326066532,50.30833294697749,189.12833240454032,9869.378864400001
523,87277.5438822,1,-1.0048307548934687,101.70674986621779,328.51992225670125,9.724028826951187,32.16473005706239,4.093246493625255,89.42672020229345,50.35718115604151,189.12833240454032,9884.034513899998
524,87293.4391882,1,-1.0058931409611258,101.70743047134445,327.11215170848175,9.724028826951187,32.16473005706239,4.057532632459054,89.49323413438803,50.57937399526419,191.5321144099981,9899.929819900004
525,87308.3805682,1,-1.004830779875299,101.7115255852307,328.52979003662796,9.724028826951187,32.16473005706239,4.093676833361853,89.49467107601615,50.35592870873809,189.12198220899467,9914.871199899993
526,87323.676344,1,-1.0058781309012081,101.70738950674908,327.13075362259195,9.724028826951187,32.16473005706239,4.057532632459054,89.49467107601615,50.57937399526419,191.5321144099981,9930.166975700005
527,87338.9035706,1,-1.0058890229897477,101.70679083081315,328.51992225670125,9.724028826951187,32.16473005706239,4.0598169643087,89.49467107601615,49.25851778718309,191.22120916102193,9945.394202299998
528,87354.4801331,1,-1.0048068381922461,101.70679083081315,328.51992225670125,9.724028826951187,32.16473005706239,4.08986391935281,89.42528326066532,50.358152714167936,189.12833240454032,9960.970764800004
529,87369.8483924,1,-1.004865197595578,101.70677590573419,328.51992225670125,9.724028826951187,32.16473005706239,4.10389241026707,89.49467107601615,50.353424678974115,189.12833240454032,9976.339024100002
530,87385.0693069,1,-1.005899019169651,101.71139823256485,328.51830798205214,9.724028826951187,32.16473005706239,4.057699070791752,89.49467107601615,50.576558538683535,191.5257642144524,9991.559938599996
531,87400.8963854,1,-1.0059071450813952,101.70679083081315,328.51992225670125,9.724028826951187,32.16473005706239,4.0603939328725085,89.49467196046044,50.35856682933185,191.50482284312477,10007.387017100002
532,87416.3039109,1,-1.0047940827483657,101.70751685941495,327.14223567716783,9.724028826951187,32.16473005706239,4.091984078448555,89.49478380778712,50.3184109871617,189.12833240454032,10022.794542599993
533,87432.4257145,1,-0.9947109159967629,101.70679083081315,328.51992225670125,8.999085512005625,32.16473005706239,4.058867616291909,84.73944286687528,51.748829872213754,191.22120916102193,10038.9163462
534,87447.8536647,1,-1.0059011296357578,101.70679083081315,328.51992225670125,9.724028826951187,32.16473005706239,4.058867616291909,89.4947846922314,50.3182336511748,191.50482284312477,10054.344296399999
535,87464.2736226,1,-1.0059059525496556,101.70740197934806,328.51992225670125,9.724028826951187,32.16473005706239,4.058867616291909,89.4947846922314,50.290755292335156,191.50482284312477,10070.764254299997
536,87480.098636,1,-1.0058571417908913,101.70677835821418,327.13075362259195,9.724028826951187,32.16473005706239,4.057532632459054,89.49467107601615,50.60685235410383,191.5321144099981,10086.589267699994
537,87494.8611725,1,0.9112015872732415,101.70738950674908,318.6425446108486,9.724028826951187,32.16473005706239,4.057532632459054,89.49477997421621,50.57937399526419,191.5321144099981,10101.351804199992
538,87511.4218192,1,-1.0059017519927613,101.70679083081315,328.5267890662918,9.724028826951187,32.16473005706239,4.058867616291909,89.49467579403134,50.3182336511748,191.50482284312477,10117.912450899996
539,87527.6560982,1,-1.0002085372925844,101.71139823256485,328.2578845286423,9.186245489397665,32.16473005706239,4.058015286009449,86.50340443815917,50.325017121717295,191.5257642144524,10134.146729899992
540,87544.555191,1,-1.0058939180771114,101.70679083081315,328.51992225670125,9.724028826951187,32.16473005706239,4.060358302390836,89.51111463879461,50.61010824629808,191.50482284312477,10151.045822700005
541,87560.8310489,1,-1.006354159939848,101.7114885497936,327.23661939111656,9.724028826951187,32.16473005706239,4.095571598350695,89.49467107601615,48.932108938937915,191.55380975858938,10167.321680599998
542,87578.2364703,1,-1.005933618117774,101.71139823256485,328.51830798205214,9.724028826951187,32.16473005706239,4.057699070791752,89.49467107601615,50.33438063236886,191.5257642144524,10184.727102000004
543,87595.0880984,1,-1.002847483070553,101.71115066992384,327.14035060361056,9.724028826951187,32.16473005706239,4.057532632459054,89.49323413438803,50.576428485348075,186.29978849042223,10201.578730099995
544,87612.2534601,1,-1.005868695076907,101.70767803398546,328.49010908692327,9.724028826951187,32.16473005706239,4.057699070791752,89.49467107601615,50.579504048599645,191.5321222037237,10218.744091799992
545,87628.8480226,1,-1.0058731843480027,101.71139823256485,328.2654222939046,9.724028826951187,32.16473005706239,4.057933504669216,89.50270834042406,50.66588555103827,191.5257642144524,10235.338654299994
546,87646.0984525,1,-1.0065220807139403,101.70679083081315,328.5123844914389,9.724028826951187,32.16473005706239,4.058913767150469,86.51180985208542,49.170162332954774,191.22120916102193,10252.589084199994
547,87670.0347834,1,-1.0069432904315887,101.71155715524316,327.23661939111656,9.724028826951187,32.16473005706239,4.095686360940773,86.11037304061648,50.35562524376817,191.5995530808435,10276.525415099997
548,87692.1284862,1,-1.004824667234039,101.70679436828223,328.51992225670125,9.724028826951187,32.16473005706239,4.093131731035177,89.49940849154285,50.30833294697749,189.166938191966,10298.619117900002
549,87717.207028,1,-1.0046145102691815,101.70688906052257,327.0443522356033,9.724028826951187,32.16473005706239,4.057532632459054,89.49323413438803,50.57937399526419,189.29288433087063,10323.697659700003
550,87742.7105632,1,-1.0068305582308104,101.70740438455366,328.58772172957975,9.724028826951187,32.16473005706239,4.093246493625255,86.11511045614319,50.30833294697749,191.45191159334755,10349.2011949
551,87763.5368677,1,-1.004865197595578,101.70677590573419,328.51992225670125,9.724028826951187,32.16473005706239,4.10389241026707,89.49467107601615,50.353424678974115,189.12833240454032,10370.027499399992
552,87783.8658597,1,-1.0057553545798836,101.71132608964622,328.2578845286423,9.724028826951187,32.16473005706239,4.057979655527776,89.83001992101546,50.576558538683535,191.44141510477266,10390.356491400002
553,87806.0174062,1,-1.0059052254933045,101.70679083081315,328.51992225670125,9.724028826951187,32.16473005706239,4.060258929188731,89.49467107777438,50.353375621024696,191.50482284312477,10412.5080379
554,87826.643973,1,-1.0048829775796366,101.70677590573419,328.51992225670125,9.724028826951187,32.16473005706239,4.104027413950848,89.4946719587022,50.358615887281275,189.12833240454032,10433.134604699997
555,87848.7179115,1,-1.004399305345221,101.7114885497936,327.23661939111656,9.724028826951187,32.16473005706239,4.095571598350695,97.68212769873142,50.35562524376817,191.6000617810205,10455.208543200002
556,87870.9518785,1,-1.0064098346411001,101.71155715524316,327.23661939111656,9.724028826951187,32.16473005706239,4.095686360940773,86.17990112113283,50.35562524376817,190.61306110344646,10477.442510199995
557,87891.9873534,1,-1.0059052254933045,101.70679083081315,328.51992225670125,9.724028826951187,32.16473005706239,4.060258929188731,89.49467107777438,50.353375621024696,191.50482284312477,10498.477985100006
558,87914.9066549,1,-1.0064734597827234,101.70679083081315,328.51992225670125,9.724028826951187,32.16473005706239,4.14366541301502,89.4947846922314,50.3182336511748,191.50482284312477,10521.397286599997
559,87937.5285531,1,-1.0059071191463784,101.70679083081315,328.51992225670125,9.724028826951187,32.16473005706239,4.060358302390836,89.49569033503111,50.61010824629808,191.52616206682853,10544.019184799996
560,87956.5323391,1,-1.0054685577360598,101.71139823256485,328.51830798205214,9.724028826951187,32.16473005706239,4.057699070791752,91.43011082446587,50.33438063236886,191.50442499074865,10563.022970799997
561,87976.7921189,1,-1.005893939740393,101.70679083081315,328.5123844914389,9.724028826951187,32.16473005706239,4.058423438002235,89.62495254569076,50.32596172803356,191.55055976142876,10583.282750600003
562,88000.5144448,1,-1.0067617929323809,101.7114885497936,327.23661939111656,9.724028826951187,32.16473005706239,4.096061927498928,86.38152838241079,49.66927830793582,191.22445915818253,10607.005076500005
563,88019.927954,1,-1.0068922255437398,101.7073845699422,328.58772172957975,9.724028826951187,32.16473005706239,4.093246493625255,85.95771842672019,50.30833294697749,191.45191159334755,10626.418585699997
564,88038.9647973,1,-1.0043371134876484,101.70681064542461,328.51992225670125,9.724028826951187,31.039335048219467,4.060258929188731,89.65206310719736,50.353375621024696,191.50482284312477,10645.455428999994
565,88058.0739246,1,-1.005899019169651,101.71139823256485,328.51830798205214,9.724028826951187,32.16473005706239,4.057699070791752,89.49467107601615,50.576558538683535,191.5257642144524,10664.5645563
566,88077.0576056,1,-1.0069432904315887,101.71155715524316,327.23661939111656,9.724028826951187,32.16473005706239,4.095686360940773,86.11037304061648,50.35562524376817,191.5995530808435,10683.548237299998
567,88096.5629697,1,-1.0059326937239863,101.70703321541762,328.5286387587823,9.724028826951187,32.16473005706239,4.0603939328725085,89.49467196046044,50.35856682933185,191.50482284312477,10703.053601399995
568,88119.1230311,1,-1.0027425407986437,101.71115584796038,328.2491680265612,9.724028826951187,32.16473005706239,3.6583595264967097,86.51984711649334,50.576558538683535,191.5257642144524,10725.613662799995
569,88138.7684594,1,-1.0069840468124018,101.70724211282717,328.58772172957975,9.724028826951187,32.16473005706239,4.093246493625255,86.11511045614319,48.93460438281426,191.45224872169777,10745.2590911
570,88159.1101926,1,-1.0011086346526061,101.71165082152007,327.23661939111656,9.724028826951187,30.260538149932444,4.095571598350695,89.49467107601615,50.305837503101145,191.55347263023916,10765.600824299996
571,88179.081594,1,-1.006683502051163,101.70679083081315,328.51302366241424,9.724028826951187,32.16473005706239,4.058913767150469,86.51180985208542,49.170162332954774,191.51730406408842,10785.572225700002
572,88199.2971513,1,-1.0057086931990373,101.71139823256485,328.5176688110768,9.724028826951187,32.16473005706239,4.057699070791752,89.49467107601615,50.576558538683535,191.22966931138592,10805.787782999992
573,88219.9748024,1,-1.00592087003583,101.71157433277247,328.519949759684,9.724028826951187,32.16473005706239,4.057801703085353,89.49477783865157,50.349208777268615,191.50482284312477,10826.465434099999
574,88240.6606189,1,-1.0059186979884358,101.70722587914045,328.5182804790694,9.724028826951187,32.16473005706239,4.058764983998309,89.49467792959598,50.2759271474354,191.5257642144524,10847.1512506
575,88260.0840082,1,-1.0068305582308104,101.70740438455366,328.58772172957975,9.724028826951187,32.16473005706239,4.093246493625255,86.11511045614319,50.30833294697749,191.45191159334755,10866.574639900005
576,88280.4129998,1,-1.0069840468124018,101.70724211282717,328.58772172957975,9.724028826951187,32.16473005706239,4.093246493625255,86.11511045614319,48.93460438281426,191.45224872169777,10886.903631499998
577,88301.7820285,1,-1.0068305582308104,101.70740438455366,328.58772172957975,9.724028826951187,32.16473005706239,4.093246493625255,86.11511045614319,50.30833294697749,191.45191159334755,10908.272660200004
578,88322.5145925,1,-1.0064734597827234,101.70679083081315,328.51992225670125,9.724028826951187,32.16473005706239,4.14366541301502,89.4947846922314,50.3182336511748,191.50482284312477,10929.005224199995
579,88343.6813035,1,-1.0036996846582125,99.41140882571602,328.2578845286423,9.724028826951187,32.16473005706239,4.091269413540477,86.53519076458903,50.35665217945689,191.5257642144524,10950.171935199993
580,88367.3021003,1,-1.006140438196,101.71155715524316,327.23661939111656,9.724028826951187,32.16473005706239,4.062396602928072,86.16455747303715,50.57553160299483,190.61306110344646,10973.792732000002
581,88388.4150862,1,-1.0071021096761277,101.70686256096528,327.23661939111656,9.724028826951187,32.16473005706239,4.095686360940773,86.11037304061648,49.02655550541593,191.5995530808435,10994.905717899994
582,88407.5537182,1,-1.0063773706429047,101.71148542509101,328.5123844914389,9.724028826951187,32.16473005706239,4.058913767150469,86.51180985208542,50.49923207130702,191.22120916102193,11014.044349899996
583,88426.0873633,1,-1.006838871389028,101.70741516256159,327.23661939111656,9.724028826951187,32.16473005706239,4.093353369335204,86.38152838241079,42.59890283491829,191.22445915818253,11032.577995
584,88445.4944137,1,-1.0068882929093574,101.7114579571742,328.58772172957975,9.724028826951187,32.16473005706239,4.095955051788979,85.95771842672019,50.30833294697749,191.45191159334755,11051.985045399997
585,88463.8197974,1,-1.0070246116332864,101.71155715524316,327.23661939111656,9.724028826951187,32.16473005706239,4.096053832888267,86.11037304061648,49.575035829626636,191.5995530808435,11070.310429100005
586,88482.8516895,1,-1.0066874817249594,101.7114885497936,327.23661939111656,9.724028826951187,32.16473005706239,4.095694455551434,86.38152838241079,50.449867722077364,191.22445915818253,11089.342321200005
587,88502.6557675,1,-1.0066181061894963,101.71113394378567,328.51302366241424,9.724028826951187,32.16473005706239,4.058913767150469,86.87030109579219,49.170162332954774,191.51730406408842,11109.146399199992
588,88521.4998435,1,-1.0062393235148412,101.70714543682108,327.23661939111656,9.724028826951187,32.16473005706239,4.095571598350695,89.13617983230937,50.35562524376817,191.55380975858938,11127.9904752
589,88540.3186553,1,-1.0055456261445572,101.70724211282717,328.58772172957975,9.724028826951187,31.11443037411128,4.093246493625255,86.11511045614319,48.93460438281426,191.45224872169777,11146.809286999996
590,88559.2090151,1,-1.0064098346411001,101.71155715524316,327.23661939111656,9.724028826951187,32.16473005706239,4.095686360940773,86.17990112113283,50.35562524376817,190.61306110344646,11165.6996468
591,88578.8880777,1,-1.0069432904315887,101.71155715524316,327.23661939111656,9.724028826951187,32.16473005706239,4.095686360940773,86.11037304061648,50.35562524376817,191.5995530808435,11185.3787094
592,88601.3714838,1,-1.006609171320622,101.71157433277247,328.519949759684,9.724028826951187,32.16473005706239,4.057801703085353,86.29566010755377,50.349208777268615,191.50482284312477,11207.8621155
593,88623.3668645,1,-1.007378856452929,101.71158540395342,328.5330188657508,9.724028826951187,32.16473005706239,4.057979655527776,86.51984711649334,50.614387664517785,193.18011059001927,11229.857496199998
594,88642.5383583,1,0.9115957390731,105.47967646578533,328.2535044216738,9.724028826951187,32.16473005706239,4.0603939328725085,89.49467196046044,50.32073770349759,191.52851622570122,11249.028989999992
595,88664.1208453,1,-1.007378856452929,101.71158540395342,328.5330188657508,9.724028826951187,32.16473005706239,4.057979655527776,86.51984711649334,50.614387664517785,193.18011059001927,11270.611476999999
