iteration,timestamp,success,NPV_over_CAPEX,clearance,sp,p_rated,Nwt,wind_MW_per_km2,solar_MW,surface_tilt,surface_azimuth,time_sec
0,67088.5251882,1,-0.5279476424589234,33.204201082207916,227.10717284216344,19.124445213439664,6.749752254775808,3.033422021429195,159.93304905842558,70.4469912682631,179.40298577773444,0.0
1,67105.7205755,1,-0.18343366254850726,36.09610190093926,238.53903316750763,14.225805201015547,44.979727241983014,6.1186871699118175,52.61189558842038,50.770424174774405,186.7897015611046,17.19538730000204
2,67123.166447,1,-0.647388818613678,16.95705826324095,204.24761078602722,9.702824576224018,21.425472411716864,7.244566872690705,196.16513232209505,14.731933404100264,185.94447366342084,34.64125879999483
3,67139.3880841,1,0.8868896361860995,100.24453623179487,226.4928218107318,12.773035120253816,40.6850759936787,9.865626835800333,185.31964437383246,44.8769156700463,184.88689953369214,50.86289590000524
4,67156.4133575,1,-0.5467497707689981,31.58828482045414,303.1606486125948,19.435486997461133,8.261305202763987,9.639600652841581,58.47026102894904,72.08052064865933,192.96639555398667,67.8881693000003
5,67172.8323596,1,-0.0327761848912358,23.92068837263094,221.94249304348435,17.556922194865976,37.85094482343373,5.2456543541629586,45.88339290351182,29.463866808200528,174.05552633657916,84.30717139999615
6,67189.191882,1,0.6692285140163923,118.82953497002221,252.98564362146362,7.482619903061575,20.640983508599447,3.9846269528411753,181.9599184319223,81.20637383482246,207.12423989313183,100.66669379999803
7,67206.1065973,1,-0.5880527071086724,50.727328458152456,224.53332318933363,9.044503215309357,48.49766235248901,3.869853084709683,188.6049069739892,46.90176276978848,156.85903468910757,117.58140909999202
8,67222.039932,1,0.9710734145900665,62.57044084005185,208.20963789292475,17.580830342041786,34.7572300025906,5.236156910820933,78.58351711875093,59.60884907414657,152.23128951565718,133.51474379999854
9,67238.3764725,1,0.869845761710822,118.05975023588657,231.92040072011426,10.19395028495136,34.06175320340752,3.428256482249434,148.45285813613884,78.15007889540715,197.7199017473049,149.85128429999168
10,67256.2833335,1,-0.7292240030233312,50.13559785586112,283.73890256978,5.276823942170884,31.764758087171945,6.090961197793438,32.536796042224246,60.76137935603763,181.82620854061548,167.75814530000207
11,67273.5358881,1,-0.7536503036192326,63.28979714132979,203.38611393912498,6.81850407936085,27.779015563895907,3.971895154045,103.15460361754464,41.78080504891511,155.99714537564944,185.01069989999814
12,67289.5977793,1,0.7730782604766565,104.02434585979726,284.88295865209454,6.882140305320238,25.142674329875025,1.518130198570619,149.7044664841688,10.892267898247379,182.14971461074396,201.0725911000045
13,67307.0321027,1,-0.8439669847458029,98.07028143325711,331.87348323857356,9.697554312564408,18.45992620363102,4.029676185688807,189.3152169883159,62.560980291541654,187.37378765538463,218.50691450000159
14,67322.9092371,1,0.7872837751549511,96.36989310427215,351.2722410919471,7.9645843951552875,24.204636282160056,1.8172854972264854,140.51463319340957,34.016460805659165,161.79260737723007,234.38404889999947
15,67340.0400183,1,-0.496915915371818,43.90238843499143,285.72732119690625,5.34603674140988,15.269691773875092,9.623589622958661,185.7477031532281,40.1879510041549,173.9318149428117,251.51483010000084
16,67355.9384564,1,0.9770540304287377,67.42594902979064,253.22343205587305,19.560452069205382,21.20678740171036,9.380672872512225,47.03564773334078,66.77753494444579,194.29123767951907,267.4132682000054
17,67373.6409209,1,-0.787203068229398,18.030376491872886,263.54135076162163,7.083389902269045,40.037310789368725,6.258852438377278,179.65962433833428,9.584282309974304,199.4771853499418,285.11573269999644
18,67390.2953668,1,-0.7051482627879707,99.43330814698814,355.26473414139025,9.60712184866512,14.094762124886724,5.55449088193285,61.24420874444533,36.74105924477014,157.89929455172376,301.77017859999614
19,67406.2954656,1,0.8094896557128466,76.37641320922444,218.39496556146037,6.303098261745648,20.479689020569616,2.7085539173125124,104.05521033043374,5.279968046400931,155.16131853494602,317.77027739999176
20,67422.3453103,1,0.6286775890114232,36.41835513359944,344.3161646290664,7.9660704072123,12.134364295773725,1.9972455907768878,156.23277401858883,61.08199386624836,157.24990505953835,333.8201221000054
21,67439.6949445,1,-0.663450949001345,93.09458283066171,353.0605069159663,9.058263316048482,14.094762124886724,5.5403777513066865,61.24420874444533,47.22852497565468,157.89929455172376,351.16975630000525
22,67456.5771509,1,-0.5332161616554422,55.24557746882518,225.29503937662412,9.593361747925996,48.49766235248901,3.883966218363404,188.6049069739892,36.41429703895292,156.85903468910757,368.05196270000306
23,67473.8344266,1,-0.8060992959009121,50.13559785586112,263.77826197972763,5.276823942170884,39.98322369454487,6.090961197793438,36.57955617193623,61.58505827712381,181.82620854061548,385.3092384000047
24,67490.9210776,1,-0.7323594269057,18.030376491872886,283.5019913517935,7.083389902269045,31.818844924933494,6.258852438377278,178.10906439498785,8.825659174518574,199.4771853499418,402.3958893999952
25,67507.9877771,1,-0.496915915371818,43.90238843499143,285.72732119690625,5.34603674140988,15.269691773875092,9.623589622958661,185.7477031532281,40.1879510041549,173.9318149428117,419.4625889000017
26,67524.6915479,1,-0.8439669847458029,98.07028143325711,331.87348323857356,9.697554312564408,18.45992620363102,4.029676185688807,189.3152169883159,62.560980291541654,187.37378765538463,436.1663597000006
27,67541.9991928,1,-0.7945346838775438,50.727328458152456,223.93756588005792,9.044503215309357,28.718975000219597,3.8725833139871617,188.6049069739892,42.04858712826908,156.85903468910757,453.47400459999335
28,67559.0446586,1,-0.8369096838728726,63.28979714132979,204.00345448995597,6.81850407936085,47.45584577940346,3.969164924767521,103.15460361754464,46.63398069043453,155.99714537564944,470.5194704000023
29,67576.3157894,1,-0.647388818613678,16.95705826324095,204.24761078602722,9.702824576224018,21.425472411716864,7.244566872690705,196.16513232209505,14.731933404100264,185.94447366342084,487.79060120000213
30,67593.091561,1,-0.7536503036192326,63.28979714132979,203.38611393912498,6.81850407936085,27.779015563895907,3.971895154045,103.15460361754464,41.78080504891511,155.99714537564944,504.5663727999927
31,67610.1742019,1,-0.18214484324851965,36.09610190093926,238.53903316750763,14.225805201015547,44.979727241983014,6.144368387872232,52.61189558842038,24.940148619774902,186.7897015611046,521.6490136999928
32,67631.1092594,1,-0.032735606348406825,23.92068837263094,221.94249304348435,17.556922194865976,37.85094482343373,5.21997313620216,45.88339290351182,55.294170567458295,174.05552633657916,542.5840711999917
33,67648.5534613,1,-0.7294817191024632,50.12779831238146,283.73890256978,5.276823942170884,31.764758087171945,6.090961197793438,32.536796042224246,61.353119475513076,181.82620854061548,560.0282731000043
34,67665.2702839,1,-0.032716109838977464,23.928695691186242,221.94249304348435,17.556922194865976,37.85094482343373,5.2456543541629586,45.88339290351182,28.872125954396207,174.05552633657916,576.7450956999965
35,67682.7044861,1,-0.8307922613213982,98.07028143325711,332.80214661689547,9.697554312564408,18.452118248136923,9.690711731513101,189.3152169883159,40.68719269019169,187.37378765538463,594.179297900002
36,67699.8154548,1,-0.5052635453999131,43.90238843499143,284.79830338120576,5.34603674140988,15.277499729387896,3.8947037253856385,185.7477031532281,62.06173804677475,173.9318149428117,611.2902666000009
37,67716.3504286,1,0.6794237071442981,95.36572092989928,351.2722410919471,7.9645843951552875,24.204636282160056,1.8172854972264854,178.74596144089637,34.016460805659165,197.39251153794856,627.8252403999941
38,67733.9932383,1,-0.7886706951698875,19.254760321825685,263.54135076162163,7.083389902269045,40.037310789368725,6.258852438377278,141.42796160860016,9.584282309974304,163.87512168684498,645.4680500999966
39,67750.0728451,1,0.7868147832888772,96.36989310427215,351.2722410919471,7.9645843951552875,24.14809211087205,1.8172854972264854,140.51463319340957,34.016460805659165,161.79260737723007,661.547656900002
40,67767.2716154,1,-0.7051482627879707,99.43330814698814,355.26473414139025,9.60712184866512,14.094762124886724,5.55449088193285,61.24420874444533,36.74105924477014,157.89929455172376,678.7464271999925
41,67785.1578075,1,-0.7886706951698875,19.254760321825685,263.54135076162163,7.083389902269045,40.037310789368725,6.258852438377278,141.42796160860016,9.584282309974304,163.87512168684498,696.6326192999986
42,67801.8976201,1,-0.7945346838775438,50.727328458152456,223.93756588005792,9.044503215309357,28.718975000219597,3.8725833139871617,188.6049069739892,42.04858712826908,156.85903468910757,713.372431900003
43,67819.615916,1,-0.7340537898291242,48.24981729707828,354.25892848369614,5.172382900539723,41.777673978318745,5.5405110718409,61.24420874444533,46.60700906756158,157.89929455172376,731.090727799994
44,67836.0956739,1,0.8958367480250783,101.31386291376707,264.0239386742805,9.806226958214257,12.305426517547184,6.104941007885385,36.57955617193623,61.58505827712381,181.82620854061548,747.5704856999946
45,67853.5032446,1,-0.807807098666215,63.23222593400199,283.73890256978,5.276823942170884,47.319728776044556,6.090961197793438,108.85282387681264,61.353119475513076,153.55684157226523,764.9780563999957
46,67870.4141401,1,-0.7842028124462421,50.185369519833486,204.00345448995597,6.81850407936085,31.884721664627982,3.969164924767521,30.93638425538461,46.63398069043453,184.40530484930912,781.8889518999931
47,67887.2478889,1,-0.6747063995789343,17.883817351205053,263.54135076162163,9.736700293913243,40.037310789368725,6.258852438377278,179.65962433833428,9.584282309974304,187.50599225306433,798.7227007000038
48,67904.3690584,1,-0.7647293188751705,98.49388990866228,331.87348323857356,7.044246943566448,18.45992620363102,4.029676185688807,189.3152169883159,62.560980291541654,203.1994875125327,815.8438701999985
49,67921.7493927,1,-0.9307999022161989,100.48068798217179,255.66582513432215,7.010045802176258,39.257606470906694,5.55449088193285,61.24420874444533,36.74105924477014,157.89929455172376,833.2242045000021
50,67938.8287177,1,-0.5307563270388889,17.35991134339921,358.38748833828424,9.680469585055002,14.875022141482885,6.258852438377278,179.65962433833428,9.584282309974304,199.4771853499418,850.3035295000009
51,67955.647607,1,-0.8299972833569007,98.07028143325711,336.37147013115987,9.697554312564408,18.452118248136923,9.592764930481799,189.3152169883159,40.714306917821794,187.37378765538463,867.1224188000051
52,67973.1241904,1,-0.7874758907315509,19.254760321825685,264.6950134225046,7.083389902269045,40.037310789368725,6.344363261563508,141.42796160860016,9.560902544456377,163.87512168684498,884.5990022000042
53,67990.0648528,1,-0.8439669847458029,98.07028143325711,331.87348323857356,9.697554312564408,18.45992620363102,4.029676185688807,189.3152169883159,62.560980291541654,187.37378765538463,901.5396646000008
54,68007.3685657,1,-0.8369096838728726,63.28979714132979,204.00345448995597,6.81850407936085,47.45584577940346,3.969164924767521,103.15460361754464,46.63398069043453,155.99714537564944,918.8433775000012
55,68023.771358,1,-0.7100241609824858,49.65892907174909,203.38611393912498,5.2766317316722136,27.779015563895907,3.971895154045,103.15460361754464,41.78080504891511,180.9689778035958,935.246169799997
56,68041.2214468,1,-0.8688071848310466,63.766465925884226,263.77826197972763,6.819934695700478,39.98322369454487,6.090961197793438,36.57955617193623,61.58505827712381,156.86265683777228,952.6962586000009
57,68058.2866824,1,-0.7356237177432146,59.68647215989665,203.11515063690223,6.81850407936085,27.779015563895907,6.130080666657998,91.32839905416353,42.563983362773385,159.2186729678487,969.7614941999927
58,68075.6229445,1,-0.7462891568086123,21.664576261168605,285.08678708753786,7.083389902269045,31.818844924933494,4.100666955577398,189.40512238832014,8.05873660180205,196.30347340300935,987.0977563000051
59,68092.2225872,1,-0.8439669847458029,98.07028143325711,331.87348323857356,9.697554312564408,18.45992620363102,4.029676185688807,189.3152169883159,62.560980291541654,187.37378765538463,1003.697398999997
60,68110.0340377,1,-0.8049621863954189,63.23222593400199,283.73890256978,5.276823942170884,47.319728776044556,6.090961197793438,108.85282387681264,61.353119475513076,151.45294190587697,1021.5088494999945
61,68127.2949031,1,-0.8299972833569007,98.07028143325711,336.37147013115987,9.697554312564408,18.452118248136923,9.592764930481799,189.3152169883159,40.714306917821794,187.37378765538463,1038.7697149000014
62,68144.9290662,1,-0.7996975640016121,51.14429335898433,223.93756588005792,9.044503215309357,29.516771379812297,3.8927594129888474,189.3170584091086,42.04858712826908,156.85903468910757,1056.4038779999973
63,68161.898874,1,-0.8305201688593646,97.65255438021913,331.87348323857356,9.697554312564408,17.662131464842567,4.0095000866871215,188.60306555319647,62.560980291541654,187.37378765538463,1073.3736858000048
64,68179.0634497,1,-0.6982318127064909,52.18057021135819,223.93756588005792,9.036086029452013,18.435132718653378,4.030070687880298,189.26589347265076,42.04858712826908,156.85903468910757,1090.538261499998
65,68195.7540617,1,-0.9493716223335092,96.6163114911769,331.87348323857356,9.705971498421762,28.743768664816823,3.872188811795671,188.6542304896543,62.560980291541654,187.37378765538463,1107.2288735000038
66,68213.2436866,1,-0.8369096838728726,63.28979714132979,204.00345448995597,6.81850407936085,47.45584577940346,3.969164924767521,103.15460361754464,46.63398069043453,155.99714537564944,1124.718498400005
67,68230.4044201,1,-0.8060992959009121,50.13559785586112,263.77826197972763,5.276823942170884,39.98322369454487,6.090961197793438,36.57955617193623,61.58505827712381,181.82620854061548,1141.8792319000058
68,68247.4845382,1,-0.9296805360873466,100.48068798217179,255.66582513432215,7.010045802176258,39.257606470906694,5.694090228252752,61.24420874444533,36.74105924477014,157.89929455172376,1158.9593500000046
69,68264.3585849,1,-0.8372687268040735,63.28979714132979,204.00345448995597,6.81850407936085,47.45584577940346,3.8295655948181335,103.15460361754464,46.63398069043453,155.99714537564944,1175.8333966999926
70,68281.5341988,1,-0.7439545482816792,57.74388823105021,338.0589673597893,9.697554312564408,18.45992620363102,4.029676185688807,189.3152169883159,61.566633313590955,187.37378765538463,1193.0090105999989
71,68298.7269607,1,-0.9253568885140466,104.08628751335829,257.5647913805102,6.819934695700478,39.98322369454487,6.090961197793438,36.57955617193623,62.579405255074505,156.86265683777228,1210.2017725000042
72,68315.8432035,1,-0.8439669847458029,98.07028143325711,331.87348323857356,9.697554312564408,18.45992620363102,4.029676185688807,189.3152169883159,62.560980291541654,187.37378765538463,1227.3180152999994
73,68333.0631234,1,-0.5879483796721837,98.0872014906253,254.89193002480516,6.9570557532365935,14.532157995888,4.029676185688807,189.3152169883159,62.560980291541654,156.96066502078142,1244.5379352000018
74,68350.3320256,1,-0.9089161660194474,100.46376792480358,332.6414763107174,9.750549950108404,39.257606470906694,5.55449088193285,61.24420874444533,36.74105924477014,188.33124531817518,1261.8068373999995
75,68367.4962543,1,-0.7817332409678799,68.75436546544046,331.87348323857356,9.697554312564408,18.45992620363102,3.996057588412752,189.69729529113323,62.597443119710945,187.37378765538463,1278.971066099999
76,68385.0223862,1,-0.9208657687078798,93.08231765677871,263.77826197972763,6.819934695700478,39.98322369454487,6.12457981733725,36.90435584480595,63.23322580596189,156.86265683777228,1296.4971979999973
77,68401.6288673,1,-0.9299683705828207,100.48068798217179,255.6691108370269,7.010045802176258,39.237697074952344,5.5362702139250874,62.73390567962241,36.74105924477014,156.94782119866636,1313.1036790999933
78,68419.2465673,1,-0.9261911078148871,104.08628751335829,257.5615056778055,6.819934695700478,40.003133090499226,6.1091818658011965,35.123601660951735,62.579405255074505,157.8141301908297,1330.7213790999958
79,68436.3858239,1,-0.8569288363972145,100.54137636918844,331.87348323857356,9.697554312564408,18.45992620363102,4.029676185688807,187.24591090550643,35.997903602531444,187.36194057957061,1347.8606356999953
80,68453.5363214,1,-0.9044361970403223,97.99267298887224,332.6414763107174,9.750549950108404,39.257606470906694,5.55449088193285,62.806118259013004,63.30413051746568,188.3430923939892,1365.0111331999942
81,68470.2000056,1,-0.7026051236741935,98.07028143325711,331.87348323857356,6.793799223132651,18.557014485292832,6.168174692024438,191.11456673936783,62.560980291541654,186.2776633236357,1381.674817399995
82,68486.2310822,1,0.9999237789801851,93.08231765677871,263.77826197972763,9.72370168877491,39.8858512186322,3.9860813407482256,35.99144939916681,63.23322580596189,157.9696100387197,1397.7058939999988
83,68503.3191254,1,-0.8439669847458029,98.07028143325711,331.87348323857356,9.697554312564408,18.45992620363102,4.029676185688807,189.3152169883159,62.560980291541654,187.37378765538463,1414.7939371999964
84,68520.4433132,1,-0.9307999022161989,100.48068798217179,255.66582513432215,7.010045802176258,39.257606470906694,5.55449088193285,61.24420874444533,36.74105924477014,157.89929455172376,1431.9181249999965
85,68537.4936314,1,0.9987484768958633,95.76446196178289,263.77826197972763,9.593442003584803,41.16243884951036,5.791236979826112,39.81878999810401,62.63707081110457,157.948940107855,1448.9684431999922
86,68556.6082252,1,-0.6612037889116944,66.07220699622316,331.87348323857356,6.924054546149371,18.45992620363102,4.3294004119365965,186.73659822344214,61.50896775756089,186.29834907456632,1468.083037000004
87,68573.9826827,1,-0.9199343688204209,92.10455888131376,263.77826197972763,6.819934695700478,39.98322369454487,6.124749982119937,36.90435584480595,63.443058833966205,156.86265683777228,1485.4574945000059
88,68591.6768997,1,-0.8712976039563268,64.74421822352515,263.77826197972763,6.819934695700478,39.98322369454487,6.090791033010751,36.57955617193623,61.375225249119495,156.86265683777228,1503.1517115000024
89,68608.8152234,1,-0.9491880643185003,96.6163114911769,331.87348323857356,9.705971498421762,28.743768664816823,3.871998455063693,189.32439570083648,62.560980291541654,187.37378765538463,1520.2900351999997
90,68627.3090706,1,-0.8439759704494277,98.07028143325711,331.87348323857356,9.697554312564408,18.45992620363102,4.029866542420785,188.64505177713374,62.560980291541654,187.37378765538463,1538.7838823999919
91,68644.2753289,1,-0.8175727103934776,96.52931949958669,331.71638385824,6.819934695700478,28.70188164471006,6.090961197793438,34.269254071967495,62.579405255074505,156.86265683777228,1555.7501406999945
92,68660.2560599,1,0.8424419715286698,104.17327950174183,257.7185322035512,9.705971498421762,40.025106826942235,3.872188811795671,192.62248380941662,62.560980291541654,187.37378765538463,1571.7308716999978
93,68677.2205351,1,-0.8439669847458029,98.07028143325711,331.87348323857356,9.697554312564408,18.45992620363102,4.029676185688807,189.3152169883159,62.560980291541654,187.37378765538463,1588.6953469
94,68694.512873,1,-0.9296805360873466,100.48068798217179,255.66582513432215,7.010045802176258,39.257606470906694,5.694090228252752,61.24420874444533,36.74105924477014,157.89929455172376,1605.9876847999985
95,68711.7278836,1,-0.9307999022161989,100.48068798217179,255.66582513432215,7.010045802176258,39.257606470906694,5.55449088193285,61.24420874444533,36.74105924477014,157.89929455172376,1623.202695400003
96,68729.3077123,1,-0.916645271513921,100.46376792480358,334.42679871764375,6.812444808034274,39.257606470906694,5.617972514131481,70.42262475289661,36.74105924477014,161.33227018054185,1640.7825240999955
97,68745.5270017,1,0.998534625862768,104.08628751335829,255.7661859105453,10.665746538499807,40.003133090499226,6.045700233602565,30.16844996179713,62.579405255074505,187.50743873423042,1657.0018134999991
98,68762.6387771,1,-0.934531382956611,100.48068798217179,255.66582513432215,7.010045802176258,39.257606470906694,5.694090228252752,61.24420874444533,36.74105924477014,167.6421188220113,1674.1135888999997
99,68780.4645807,1,-0.9199343688204209,92.10455888131376,263.77826197972763,6.819934695700478,39.98322369454487,6.124749982119937,36.90435584480595,63.443058833966205,156.86265683777228,1691.939392500004
100,68796.3830086,1,0.9724138370471355,97.90662361509915,264.6332849663586,9.73021706697076,29.10533145642332,3.871998455063693,35.97671100996136,61.37381496521723,182.68971413754858,1707.8578203999932
101,68814.3647647,1,-0.7982297837611106,63.45376552789136,331.0164694935841,6.7957009625169755,39.6216578174768,6.090791033010751,190.84770319027626,62.56239057544392,161.55481523002516,1725.8395765000023
102,68831.7562248,1,-0.8521713809234692,96.6163114911769,331.87348323857356,6.994088283614892,28.837123582506976,3.872188811795671,51.53314071014733,62.560980291541654,184.72720929551244,1743.231036600002
103,68848.2185602,1,0.8874513262856673,93.08231765677871,263.77826197972763,9.53182520976594,39.88986553401026,6.12457981733725,174.57771083946847,63.23322580596189,159.5188783093136,1759.6933719999943
104,68865.2257493,1,-0.9044361970403223,97.99267298887224,332.6414763107174,9.750549950108404,39.257606470906694,5.55449088193285,62.806118259013004,63.30413051746568,188.3430923939892,1776.7005611000059
105,68882.7710318,1,-0.9296805360873466,100.48068798217179,255.66582513432215,7.010045802176258,39.257606470906694,5.694090228252752,61.24420874444533,36.74105924477014,157.89929455172376,1794.2458436000015
106,68899.8918712,1,-0.9253568885140466,104.08628751335829,257.5647913805102,6.819934695700478,39.98322369454487,6.090961197793438,36.57955617193623,62.579405255074505,156.86265683777228,1811.3666830000002
107,68917.2464039,1,-0.9249358572057189,100.48068798217179,255.6691108370269,6.896004755238258,39.237697074952344,5.5362702139250874,62.73390567962241,36.74105924477014,156.94782119866636,1828.721215700003
108,68934.6691859,1,-0.8977279910309003,96.59902962934217,255.66582513432215,7.010045802176258,41.281597815008006,5.05666784340629,192.7544138876939,37.77660487908517,157.0738977417718,1846.1439976999973
109,68952.3202462,1,-0.9635904195067941,100.49796984400619,331.87348323857356,9.705971498421762,26.719664326093447,3.872188811795671,55.373995476385005,61.52543291364381,188.21594485342897,1863.7950580000033
110,68969.4499425,1,-0.9535561784553915,96.57594914027256,333.20988342428035,9.980192483551265,28.743768664816823,3.871998455063693,189.32439570083648,62.560980291541654,187.37378765538463,1880.9247542999947
111,68987.891585,1,-0.9118943755884735,104.12664986174897,256.2182795679397,6.545837702456522,40.003133090499226,6.1091818658011965,35.123601660951735,62.579405255074505,157.8141301908297,1899.3663968000037
112,69005.1721525,1,-0.9296805360873466,100.48068798217179,255.66582513432215,7.010045802176258,39.257606470906694,5.694090228252752,61.24420874444533,36.74105924477014,157.89929455172376,1916.6469643000019
113,69022.5370657,1,-0.9307999022161989,100.48068798217179,255.66582513432215,7.010045802176258,39.257606470906694,5.55449088193285,61.24420874444533,36.74105924477014,157.89929455172376,1934.011877500001
114,69039.7297771,1,-0.9629297209156584,100.43957908631054,333.2066154265939,9.705971498421762,26.719664326093447,3.8721700313197926,55.373995476385005,61.52543291364381,188.21594485342897,1951.2045889
115,69056.8359707,1,-0.9541133744767895,96.63433989796789,331.87675123626,9.980192483551265,28.743768664816823,3.8720172355395714,189.32439570083648,62.560980291541654,187.37378765538463,1968.3107825000043
116,69074.0865873,1,-0.934531382956611,100.48068798217179,255.66582513432215,7.010045802176258,39.257606470906694,5.694090228252752,61.24420874444533,36.74105924477014,167.6421188220113,1985.561399099999
117,69092.0832334,1,-0.9635904195067941,100.49796984400619,331.87348323857356,9.705971498421762,26.719664326093447,3.872188811795671,55.373995476385005,61.52543291364381,188.21594485342897,2003.5580451999995
118,69109.2900131,1,-0.9307248476397258,100.48068798217179,255.66582513432215,7.010045802176258,39.257606470906694,5.55449088193285,61.24420874444533,38.66001299034673,157.89929455172376,2020.764824900005
119,69126.7179198,1,-0.9307999022161989,100.48068798217179,255.66582513432215,7.010045802176258,39.257606470906694,5.55449088193285,61.24420874444533,36.74105924477014,157.89929455172376,2038.1927315999928
120,69143.790809,1,-0.9493716223335092,96.6163114911769,331.87348323857356,9.705971498421762,28.743768664816823,3.872188811795671,188.6542304896543,62.560980291541654,187.37378765538463,2055.265620799997
121,69161.4483246,1,-0.9307999022161989,100.48068798217179,255.66582513432215,7.010045802176258,39.257606470906694,5.55449088193285,61.24420874444533,36.74105924477014,157.89929455172376,2072.9231364000007
122,69178.6395389,1,-0.9296805360873466,100.48068798217179,255.66582513432215,7.010045802176258,39.257606470906694,5.694090228252752,61.24420874444533,36.74105924477014,157.89929455172376,2090.1143506999942
123,69196.6674768,1,-0.9307999022161989,100.48068798217179,255.66582513432215,7.010045802176258,39.257606470906694,5.55449088193285,61.24420874444533,36.74105924477014,157.89929455172376,2108.1422885999928
124,69213.6276711,1,-0.9491880643185003,96.6163114911769,331.87348323857356,9.705971498421762,28.743768664816823,3.871998455063693,189.32439570083648,62.560980291541654,187.37378765538463,2125.1024828999944
125,69231.1946215,1,-0.9376705830397244,100.48068798217179,255.6691108370269,7.010045802176258,40.73260205381337,5.5362702139250874,62.73390567962241,36.74105924477014,156.94782119866636,2142.669433300005
126,69247.6336887,1,-0.9788724159225399,96.82285604348944,331.87348323857356,9.77672311135537,28.743768664816823,3.898318158811413,56.68382436362012,63.93438656306411,187.37378765538463,2159.108500500006
127,69265.5989884,1,-0.8881244453831176,100.274143429859,255.66582513432215,6.939301249890819,39.257606470906694,5.667960887397932,191.83678861616724,35.36764231628828,157.89929455172376,2177.0738002
128,69282.8633643,1,-0.9253568885140466,104.08628751335829,257.5647913805102,6.819934695700478,39.98322369454487,6.090961197793438,36.57955617193623,62.579405255074505,156.86265683777228,2194.3381761000055
129,69300.3157225,1,-0.9307999022161989,100.48068798217179,255.66582513432215,7.010045802176258,39.257606470906694,5.55449088193285,61.24420874444533,36.74105924477014,157.89929455172376,2211.790534300002
130,69317.5712869,1,-0.9261911078148871,104.08628751335829,257.5615056778055,6.819934695700478,40.003133090499226,6.1091818658011965,35.123601660951735,62.579405255074505,157.8141301908297,2229.046098699997
131,69335.0315518,1,-0.9535561784553915,96.57594914027256,333.20988342428035,9.980192483551265,28.743768664816823,3.871998455063693,189.32439570083648,62.560980291541654,187.37378765538463,2246.5063635999977
132,69352.5113471,1,-0.9541133744767895,96.63433989796789,331.87675123626,9.980192483551265,28.743768664816823,3.8720172355395714,189.32439570083648,62.560980291541654,187.37378765538463,2263.986158899992
133,69369.854323,1,-0.9491880643185003,96.6163114911769,331.87348323857356,9.705971498421762,28.743768664816823,3.871998455063693,189.32439570083648,62.560980291541654,187.37378765538463,2281.3291348000057
134,69387.0677964,1,-0.9481219382170745,96.82920762670828,331.87348323857356,9.705971498421762,28.743768664816823,3.872188811795671,188.6542304896543,63.97979192893861,187.37378765538463,2298.542608200005
135,69404.7292858,1,-0.9790652030112453,96.60995990795807,331.87348323857356,9.77672311135537,28.743768664816823,3.898318158811413,56.68382436362012,62.51557492566715,187.37378765538463,2316.204097599999
136,69421.7045473,1,-0.9278701806853091,100.48068798217179,326.3107169204418,7.010045802176258,39.257606470906694,5.387479327466946,61.24420874444533,66.0435658368769,158.39511004686977,2333.1793591000023
137,69438.289362,1,0.9405580783070036,96.82285604348944,261.225282204958,9.77672311135537,28.743768664816823,4.065329715195281,56.68382436362012,34.6318353493627,186.8837279365553,2349.7641737999948
138,69455.080997,1,-0.9376705830397244,100.48068798217179,255.6691108370269,7.010045802176258,40.73260205381337,5.5362702139250874,62.73390567962241,36.74105924477014,156.94782119866636,2366.555808799996
139,69472.6709309,1,-0.9535561784553915,96.57594914027256,333.20988342428035,9.980192483551265,28.743768664816823,3.871998455063693,189.32439570083648,62.560980291541654,187.37378765538463,2384.1457426999987
140,69489.7036661,1,-0.9538538865435338,96.614157466755,333.09197156284785,9.980192483551265,28.743768664816823,3.871998455063693,188.6421989790659,62.560980291541654,187.37378765538463,2401.178477900001
141,69507.2185732,1,-0.94908275128538,96.57810316469447,331.99139510000606,9.705971498421762,28.743768664816823,3.872188811795671,189.33642721142488,62.560980291541654,187.37378765538463,2418.693385000006
142,69524.0339223,1,-0.9635904195067941,100.49796984400619,331.87348323857356,9.705971498421762,26.719664326093447,3.872188811795671,55.373995476385005,61.52543291364381,188.21594485342897,2435.5087341000035
143,69541.6270909,1,-0.8841178303862468,100.48068798217179,255.66582513432215,6.101067836339339,39.257606470906694,5.55449088193285,61.24420874444533,36.74105924477014,157.89929455172376,2453.1019027
144,69558.3856807,1,-0.934531382956611,100.48068798217179,255.66582513432215,7.010045802176258,39.257606470906694,5.694090228252752,61.24420874444533,36.74105924477014,167.6421188220113,2469.8604924999963
145,69576.046377,1,-0.9635904195067941,100.49796984400619,331.87348323857356,9.705971498421762,26.719664326093447,3.872188811795671,55.373995476385005,61.52543291364381,188.21594485342897,2487.521188800005
146,69592.6311872,1,-0.9491880643185003,96.6163114911769,331.87348323857356,9.705971498421762,28.743768664816823,3.871998455063693,189.32439570083648,62.560980291541654,187.37378765538463,2504.105998999992
147,69610.1809333,1,-0.9635904195067941,100.49796984400619,331.87348323857356,9.705971498421762,26.719664326093447,3.872188811795671,55.373995476385005,61.52543291364381,188.21594485342897,2521.655745099997
148,69627.2443964,1,-0.9427279406960004,95.97808526353836,333.20973416453586,9.980192483551265,26.694648380599737,3.872012568965411,175.9732984615945,62.560980291541654,187.34542491527424,2538.7192081999965
149,69644.8700768,1,-0.9830065851615725,101.0374429630313,333.2067646863383,9.705971498421762,28.768784610310533,3.8721559174180746,68.29076684799395,61.52543291364381,188.24430759353936,2556.344888599997
150,69661.7940125,1,-0.8989249131929433,100.48068798217179,339.82473653273775,7.010045802176258,39.257606470906694,5.694090228252752,190.68139711967325,36.07801777861272,167.86993838894304,2573.268824300001
151,69677.9868873,1,0.9374374629113748,96.6163114911769,247.64322455088228,9.705971498421762,28.743768664816823,3.872188811795671,58.228781598220024,63.224016835628014,187.14597273580674,2589.461699099993
152,69695.5986694,1,-0.9635904195067941,100.49796984400619,331.87348323857356,9.705971498421762,26.719664326093447,3.872188811795671,55.373995476385005,61.52543291364381,188.21594485342897,2607.073481200001
153,69712.9099797,1,-0.9629297209156584,100.43957908631054,333.2066154265939,9.705971498421762,26.719664326093447,3.8721700313197926,55.373995476385005,61.52543291364381,188.21594485342897,2624.3847914999933
154,69730.1791916,1,-0.985806921317091,96.99648608907691,331.87675123626,9.980192483551265,28.767768789537424,3.8720172355395714,53.332958533294004,62.560980291541654,187.37378765538463,2641.654003399992
155,69747.6995497,1,-0.9545872086642395,100.675296771921,333.2067646863383,9.705971498421762,28.744784485589935,3.8721559174180746,197.60061672282345,61.52543291364381,188.24430759353936,2659.1743615000014
156,69764.8995991,1,-0.9507918644490089,96.63433989796789,331.87675123626,9.776746647246565,28.743768664816823,3.900223440876643,189.32439570083648,62.560980291541654,187.37378765538463,2676.3744108999963
157,69782.2918386,1,-0.9842765339471373,96.82285604348944,331.87348323857356,9.980168947660072,28.743768664816823,3.870111953474342,56.68382436362012,63.93438656306411,187.37378765538463,2693.7666503999935
158,69799.9926968,1,-0.9586754537328466,100.20614556820728,333.20988342428035,9.965572105711427,28.743768664816823,3.871998455063693,189.32439570083648,62.560980291541654,187.37378765538463,2711.467508600006
159,69817.1927805,1,-0.9581243898200272,96.86777341607119,331.87348323857356,9.7205918762616,26.719664326093447,3.872188811795671,55.373995476385005,61.52543291364381,188.21594485342897,2728.6675923000003
160,69834.5246177,1,-0.9541133744767895,96.63433989796789,331.87675123626,9.980192483551265,28.743768664816823,3.8720172355395714,189.32439570083648,62.560980291541654,187.37378765538463,2745.9994294999924
161,69851.7855873,1,-0.9635904195067941,100.49796984400619,331.87348323857356,9.705971498421762,26.719664326093447,3.872188811795671,55.373995476385005,61.52543291364381,188.21594485342897,2763.2603990999924
162,69869.4231592,1,-0.9538538865435338,96.614157466755,333.09197156284785,9.980192483551265,28.743768664816823,3.871998455063693,188.6421989790659,62.560980291541654,187.37378765538463,2780.8979709999985
163,69886.1585007,1,-0.9629297209156584,100.43957908631054,333.2066154265939,9.705971498421762,26.719664326093447,3.8721700313197926,55.373995476385005,61.52543291364381,188.21594485342897,2797.6333124999946
164,69903.8066774,1,-0.9652995232914225,101.11967163652906,333.1753748291269,9.705971498421762,26.840872885703718,3.872154243780184,55.23461730809136,61.52543291364381,188.21594485342897,2815.2814892000024
165,69921.7466999,1,-0.9814909578164432,100.41574117050843,331.904873095785,9.705971498421762,28.647576050700266,3.872190485433561,68.43014502728576,61.52543291364381,188.24430759353936,2833.2215117000014
166,69938.9254785,1,-0.9628941411268301,100.34817729079715,331.87348323857356,9.705971498421762,26.719664326093447,3.872192011070075,55.373995476385005,61.57513756203701,187.40369921732366,2850.400290299993
167,69955.3973746,1,-0.9506128112591504,96.76610404438566,331.87348323857356,9.705971498421762,28.743768664816823,3.871995255789289,189.32439570083648,62.51127564314846,188.18603329148993,2866.8721863999963
168,69973.0316334,1,-0.9785415196480487,96.60958892064875,331.87113026381815,9.765951533357175,28.743768664816823,3.8708553996793738,56.68382436362012,62.51557492566715,187.37378765538463,2884.5064451999933
169,69989.8628222,1,-0.9542223090478515,96.61452845406433,333.09432453760326,9.990964061549462,28.743768664816823,3.8994612141957328,188.6421989790659,62.560980291541654,187.37378765538463,2901.337633999996
170,70007.4223349,1,-0.9637490277799595,100.49796984400619,331.87348323857356,9.705971498421762,26.719664326093447,3.8979632941899593,55.373995476385005,61.57838708478588,188.21594485342897,2918.8971466999938
171,70024.6862691,1,-0.9788901876954108,96.60995990795807,331.87348323857356,9.77672311135537,28.743768664816823,3.8725436764171244,56.68382436362012,62.462620754525084,187.37378765538463,2936.1610808999976
172,70041.9739243,1,-0.9814202630633144,100.42342779312497,331.87238470618905,9.705971498421762,28.647576050700266,3.872190485433561,69.19951208675944,61.52543291364381,188.24474509097908,2953.448736099992
173,70059.329206,1,-0.9636198252687078,100.49028322138963,331.9059716281694,9.705971498421762,26.719664326093447,3.872188811795671,54.6046284676919,61.52543291364381,188.21550735598922,2970.8040177999937
174,70077.3045039,1,-0.9788697134033414,96.82285604348944,331.87348323857356,9.784051035019463,28.743768664816823,3.870111953474342,56.68382436362012,63.93438656306411,187.37378765538463,2988.779315699998
175,70094.6746274,1,-0.9843057669042949,96.82285604348944,331.87348323857356,9.97284102399598,28.743768664816823,3.898318158811413,56.68382436362012,63.93438656306411,187.37378765538463,3006.1494392000022
176,70112.04619,1,-0.9842765339471373,96.82285604348944,331.87348323857356,9.980168947660072,28.743768664816823,3.870111953474342,56.68382436362012,63.93438656306411,187.37378765538463,3023.5210017999925
177,70129.4424879,1,-0.9635904195067941,100.49796984400619,331.87348323857356,9.705971498421762,26.719664326093447,3.872188811795671,55.373995476385005,61.52543291364381,188.21594485342897,3040.9172996999987
178,70147.1684186,1,-0.9814909578164432,100.41574117050843,331.904873095785,9.705971498421762,28.647576050700266,3.872190485433561,68.43014502728576,61.52543291364381,188.24430759353936,3058.6432304000045
179,70164.2567887,1,-0.9635904195067941,100.49796984400619,331.87348323857356,9.705971498421762,26.719664326093447,3.872188811795671,55.373995476385005,61.52543291364381,188.21594485342897,3075.731600500003
180,70181.5487165,1,-0.9698256991058016,100.49796984400619,331.8729756153997,9.96820329019718,26.573506344064402,3.8979632941899593,62.7103694973464,61.57838708478588,188.21594485342897,3093.023528299993
181,70198.2217788,1,-0.9797621549937457,96.99648608907691,331.87725885943394,9.717960691775847,28.91392677156647,3.8720172355395714,53.27363660186773,62.560980291541654,187.37378765538463,3109.696590599997
182,70216.3652835,1,-0.9635904195067941,100.49796984400619,331.87348323857356,9.705971498421762,26.719664326093447,3.872188811795671,55.373995476385005,61.52543291364381,188.21594485342897,3127.8400952999946
183,70233.4468795,1,-0.985806921317091,96.99648608907691,331.87675123626,9.980192483551265,28.767768789537424,3.8720172355395714,53.332958533294004,62.560980291541654,187.37378765538463,3144.921691299998
184,70251.0661627,1,-0.9790652030112453,96.60995990795807,331.87348323857356,9.77672311135537,28.743768664816823,3.898318158811413,56.68382436362012,62.51557492566715,187.37378765538463,3162.5409744999924
185,70268.4841124,1,-0.9788724159225399,96.82285604348944,331.87348323857356,9.77672311135537,28.743768664816823,3.898318158811413,56.68382436362012,63.93438656306411,187.37378765538463,3179.958924199993
186,70286.3106714,1,-0.9638288364760588,101.11768648802695,333.1753748291269,9.705971498421762,26.70193303206861,3.8721542824175175,54.928299722862775,61.52543291364381,188.21594485342897,3197.785483200001
187,70303.4072285,1,-0.9842084300331556,101.03942811153343,333.2067646863383,9.705971498421762,28.90772446394564,3.8721558787807413,68.597084453075,61.52543291364381,188.24430759353936,3214.882040299999
188,70321.2748823,1,-0.9629297209156584,100.43957908631054,333.2066154265939,9.705971498421762,26.719664326093447,3.8721700313197926,55.373995476385005,61.52543291364381,188.21594485342897,3232.749694099999
189,70338.4308013,1,-0.9788901876954108,96.60995990795807,331.87348323857356,9.77672311135537,28.743768664816823,3.8725436764171244,56.68382436362012,62.462620754525084,187.37378765538463,3249.905613099996
190,70355.6109798,1,-0.9841437854895775,100.59868444800267,331.87348323857356,9.705971498421762,28.777850781839803,3.872096797617523,55.373995476385005,62.54016718993181,188.21594485342897,3267.085791599995
191,70372.8624593,1,-0.958545756488498,96.50924530396081,331.87348323857356,9.77672311135537,26.685582209070468,3.8984101729895606,56.68382436362012,61.50084064937916,187.37378765538463,3284.3372710999975
192,70390.40467,1,-0.9694864632834649,93.37334647001465,331.87238470618905,9.705971498421762,28.647576050700266,3.872190485433561,69.19951208675944,61.52543291364381,188.24474509097908,3301.8794818000024
193,70407.5350189,1,-0.9842765339471373,96.82285604348944,331.87348323857356,9.980168947660072,28.743768664816823,3.870111953474342,56.68382436362012,63.93438656306411,187.37378765538463,3319.0098307000007
194,70425.2099861,1,-0.9788697134033414,96.82285604348944,331.87348323857356,9.784051035019463,28.743768664816823,3.870111953474342,56.68382436362012,63.93438656306411,187.37378765538463,3336.6847979000013
195,70442.7345698,1,-0.9849920331417578,96.82656754131831,331.87675123626,9.980192929829968,28.767768789537424,3.8719654220285213,53.332958533294004,63.9757798876441,187.37378765538463,3354.209381599998
196,70460.1224471,1,-0.9851173654702906,96.99277459124805,331.87348323857356,9.980168501381371,28.743768664816823,3.870163766985392,56.68382436362012,62.51958696696166,187.37378765538463,3371.597258900001
197,70477.1842981,1,-0.9842084300331556,101.03942811153343,333.2067646863383,9.705971498421762,28.90772446394564,3.8721558787807413,68.597084453075,61.52543291364381,188.24430759353936,3388.6591098999925
198,70494.3870781,1,-0.9830065851615725,101.0374429630313,333.2067646863383,9.705971498421762,28.768784610310533,3.8721559174180746,68.29076684799395,61.52543291364381,188.24430759353936,3405.8618898999994
199,70511.5640883,1,-0.9801341090930946,97.32989004295496,331.87348323857356,9.70458870964221,28.915495024361274,3.872110037745226,55.373995476385005,62.540694297933996,188.21594485342897,3423.0389001000003
200,70529.3932499,1,-0.983839944524858,100.26528049412451,331.87725885943394,9.719343480555402,28.776282529044995,3.8720039954118683,53.27363660186773,62.560453183539465,187.37378765538463,3440.868061699992
201,70546.0258582,1,-0.9842244145727621,96.8540644804566,331.87675123626,9.971117976396458,28.645988530192852,3.8720172355395714,53.449204693265294,62.560980291541654,187.37378765538463,3457.500669999994
202,70563.5888743,1,-0.9830791682936957,100.55816277912845,331.904873095785,9.71504600557657,28.76935631004484,3.872190485433561,68.31389893019835,61.52543291364381,188.24430759353936,3475.063686099995
203,70580.8856701,1,-0.9815335372322584,100.41574117050843,331.904873095785,9.705971498421762,28.650168026469462,3.872190485433561,68.29573144404382,61.52543291364381,188.24430759353936,3492.360481900003
204,70598.3381697,1,-0.9829661876368894,101.0374429630313,333.2067646863383,9.705971498421762,28.766192634541337,3.8721559174180746,68.42518043123589,61.52543291364381,188.24430759353936,3509.8129814999993
205,70615.6772316,1,-0.9805778069260908,96.99648608907691,331.87675123626,9.807215753640973,28.743432379566585,3.8991586448767066,56.830469434627716,62.560980291541654,187.37378765538463,3527.1520433999976
206,70633.1961973,1,-0.9843527294880112,96.60995990795807,331.87348323857356,9.949699841265664,28.768105074787663,3.8711767494742784,53.18631346228645,62.51557492566715,187.37378765538463,3544.6710090999986
207,70650.164908,1,-0.9831640615872357,101.03942811153343,331.8423560476332,9.69660043540656,28.762189437717623,3.8721558787807413,68.76122312064402,61.52543291364381,188.24430759353936,3561.639719800005
208,70667.663739,1,-0.9867686989348785,96.99648608907691,333.2411598749651,9.989563546566467,28.913303815765445,3.8720172355395714,53.16881997610818,62.560980291541654,187.37378765538463,3579.138550799995
209,70684.779901,1,-0.9843827300867981,96.82285604348944,331.87348323857356,9.984242529900074,28.743768664816823,3.870111953474342,56.68382436362012,63.93438656306411,187.37378765538463,3596.2547128000006
210,70702.2614374,1,-0.9787549436572086,96.82285604348944,331.87348323857356,9.772649529115368,28.743768664816823,3.898318158811413,56.68382436362012,63.93438656306411,187.37378765538463,3613.7362491999957
211,70719.8766884,1,-0.9852349997122503,96.99949327591378,331.87348323857356,9.984293041588373,28.743768664816823,3.870163681100131,56.68382436362012,62.51958696696166,187.37378765538463,3631.351500200006
212,70737.1007578,1,-0.9842638637912041,96.81613735882371,331.87348323857356,9.98011798969307,28.743768664816823,3.870112039359602,56.68382436362012,63.93438656306411,187.37378765538463,3648.575569599998
213,70754.7138942,1,-0.9865857167156155,96.99305322001081,333.19814193924884,9.980388919514358,28.91652797192813,3.871900745701165,53.011152399532364,62.560980291541654,187.37378765538463,3666.188706000001
214,70772.519944,1,-0.9852939368063659,96.99620746031414,331.91650117428986,9.989343128433479,28.740544508654143,3.870280256823799,56.841491940196015,62.51958696696166,187.37378765538463,3683.9947557999985
215,70789.8701757,1,-0.9900548578992932,96.99648608907691,333.2411598749651,10.17326990667772,28.752837509913793,3.8720172355395714,53.16881997610818,62.543891016472365,187.37378765538463,3701.3449874999933
216,70807.5184509,1,-0.9856608187553864,96.82285604348944,331.87348323857356,9.980168947660072,28.90423497066848,3.870111953474342,56.68382436362012,63.9514758381334,187.37378765538463,3718.9932626999944
217,70824.8051343,1,-0.9836950839564477,96.8540644804566,331.87675123626,9.971117976396458,28.639019690963842,3.8720172355395714,53.449204693265294,63.83031962565966,187.37378765538463,3736.279946099996
218,70841.7167219,1,-0.9848292903184669,96.82285604348944,331.87348323857356,9.980168947660072,28.750737504045837,3.870111953474342,56.68382436362012,62.6650472289461,187.37378765538463,3753.1915336999955
219,70859.2223571,1,-0.9851886106840433,96.99423417857888,331.87675123626,9.972495698760659,28.767768789537424,3.8765704255170537,56.487215102502,62.560980291541654,187.37378765538463,3770.6971689000056
220,70876.7723213,1,-0.9849463644077443,96.82510795398748,331.87348323857356,9.980537808786588,28.743768664816823,3.8937649688339313,53.52956779441214,63.93438656306411,187.37378765538463,3788.247133099998
221,70893.9336247,1,-0.9843827300867981,96.82285604348944,331.87348323857356,9.984242529900074,28.743768664816823,3.870111953474342,56.68382436362012,63.93438656306411,187.37378765538463,3805.4084365000017
222,70911.1388345,1,-0.9849920331417578,96.82656754131831,331.87675123626,9.980192929829968,28.767768789537424,3.8719654220285213,53.332958533294004,63.9757798876441,187.37378765538463,3822.6136463000003
223,70928.4863166,1,-0.9842244145727621,96.8540644804566,331.87675123626,9.971117976396458,28.645988530192852,3.8720172355395714,53.449204693265294,62.560980291541654,187.37378765538463,3839.9611283999984
224,70945.8131531,1,-0.9836185210655655,96.99648608907691,331.8397551455541,9.984901162313287,28.76208683270707,3.8720172355395714,71.18826328412727,61.546640715887584,187.37378765538463,3857.287964899995
225,70963.0942278,1,-0.9847972430221833,101.03942811153343,331.87935213833913,9.691891756644539,28.76787139454798,3.8721558787807413,50.90592243037223,62.53977248929788,188.24430759353936,3874.569039599999
226,70980.2193437,1,-0.9827610593402939,100.59868444800267,331.87348323857356,9.705971498421762,28.777850781839803,3.872096797617523,55.373995476385005,65.95054079118763,188.21594485342897,3891.694155499994
227,70998.5907862,1,-0.985806921317091,96.99648608907691,331.87675123626,9.980192483551265,28.767768789537424,3.8720172355395714,53.332958533294004,62.560980291541654,187.37378765538463,3910.065598000001
228,71015.9515393,1,-0.9842765339471373,96.82285604348944,331.87348323857356,9.980168947660072,28.743768664816823,3.870111953474342,56.68382436362012,63.93438656306411,187.37378765538463,3927.4263511000026
229,71033.5174743,1,-0.985806921317091,96.99648608907691,331.87675123626,9.980192483551265,28.767768789537424,3.8720172355395714,53.332958533294004,62.560980291541654,187.37378765538463,3944.992286099994
230,71050.4560813,1,-0.9849537324595077,96.82656754131831,331.8765013902965,9.980100764795747,28.765341268323095,3.8700819592110802,53.332958533294004,63.9757798876441,187.37378765538463,3961.930893099998
231,71067.6822813,1,-0.9852760667058263,96.99949327591378,331.87373308453715,9.984385206622594,28.746196186031153,3.8720471439175723,56.68382436362012,62.51958696696166,187.37378765538463,3979.1570931000024
232,71085.0503151,1,-0.9905985689630042,96.99648608907691,331.8453553400247,10.17326990667772,28.752837509913793,3.872023791862434,53.16881997610818,62.543891016472365,187.37378765538463,3996.5251269
233,71103.6562165,1,-0.9847131934259096,96.99620746031414,333.3123057092303,9.989343128433479,28.740544508654143,3.8702737005009364,56.841491940196015,62.51958696696166,187.37378765538463,4015.1310283000057
234,71121.1313002,1,-0.98581312851975,96.99648608907691,331.87675123626,9.980192483551265,28.767768789537424,3.8720172355395714,53.332958533294004,62.54310391344643,187.37378765538463,4032.606111999994
235,71138.6358358,1,-0.9900483196733637,96.99648608907691,333.2411598749651,10.17326990667772,28.752837509913793,3.8720172355395714,53.16881997610818,62.561767394567596,187.37378765538463,4050.1106475999986
236,71155.7197659,1,-0.987220550467636,96.99648608907691,331.87675123626,9.980192483551265,28.767768789537424,3.8720172355395714,42.41378723548598,62.560980291541654,187.37378765538463,4067.194577699993
237,71173.2404801,1,-0.985806921317091,96.99648608907691,331.87675123626,9.980192483551265,28.767768789537424,3.8720172355395714,53.332958533294004,62.560980291541654,187.37378765538463,4084.7152918999927
238,71190.6141812,1,-0.9853240549062658,96.99277459124805,331.87326336863197,9.980168501381371,28.769486353068416,3.870163766985392,56.68382436362012,62.564228494743965,187.37378765538463,4102.088992999998
239,71208.3445077,1,-0.9855968655349124,96.99648608907691,331.87697110620167,9.980192483551265,28.74205110128583,3.8720172355395714,53.332958533294004,62.51633876375936,187.37378765538463,4119.819319500006
240,71229.8113515,1,-0.9865251215918545,96.8339364161972,333.2411598749651,9.989563546566467,28.91818308240812,3.8718276347125578,53.16881997610818,62.560980291541654,187.37378765538463,4141.286163299999
241,71247.3239127,1,-0.985186995180985,96.9876576268672,331.87348323857356,9.980537808786588,28.738889398174152,3.893954569660945,53.52956779441214,63.93438656306411,187.37378765538463,4158.798724499997
242,71265.0011745,1,-0.9867686989348785,96.99648608907691,333.2411598749651,9.989563546566467,28.913303815765445,3.8720172355395714,53.16881997610818,62.560980291541654,187.37378765538463,4176.475986299993
243,71282.179024,1,-0.985806921317091,96.99648608907691,331.87675123626,9.980192483551265,28.767768789537424,3.8720172355395714,53.332958533294004,62.560980291541654,187.37378765538463,4193.653835799996
244,71299.8530184,1,-0.9865857167156155,96.99305322001081,333.19814193924884,9.980388919514358,28.91652797192813,3.871900745701165,53.011152399532364,62.560980291541654,187.37378765538463,4211.327830199996
245,71317.0859236,1,-0.9600393185821514,96.99305322001081,333.19814193924884,9.145015792107413,28.91652797192813,3.871900745701165,53.011152399532364,62.560980291541654,187.37378765538463,4228.560735399995
246,71335.129153,1,-0.9849920331417578,96.82656754131831,331.87675123626,9.980192929829968,28.767768789537424,3.8719654220285213,53.332958533294004,63.9757798876441,187.37378765538463,4246.6039648000005
247,71352.5527247,1,-0.985102168394009,96.99277459124805,331.87348323857356,9.980168501381371,28.741963309471124,3.870163766985392,56.68382436362012,62.51958696696166,187.37378765538463,4264.027536499998
248,71369.4633433,1,-0.985679619519514,96.82285604348944,331.87348323857356,9.980168947660072,28.90604032601418,3.870111953474342,56.68382436362012,63.9514758381334,187.37378765538463,4280.938155099997
249,71387.2037109,1,-0.9884182031616106,96.99648608907691,331.8229784516105,9.979982492216514,28.913303815765445,3.8720172355395714,43.401740571911056,62.560980291541654,187.37378765538463,4298.678522699993
250,71403.7011645,1,-0.9856246764078348,96.99648608907691,333.29493265961463,9.989773537901218,28.767768789537424,3.8720172355395714,52.180867023489775,62.560980291541654,187.37378765538463,4315.175976300001
251,71421.2578756,1,-0.9910563862081581,96.99648608907691,331.87675123626,10.188768755162489,28.767768789537424,3.8720172355395714,53.332958533294004,62.54310391344643,187.37378765538463,4332.732687399999
252,71439.5618514,1,-0.9847139072982893,96.99648608907691,333.2411598749651,9.9646936350665,28.752837509913793,3.8720172355395714,53.16881997610818,62.543891016472365,187.37378765538463,4351.036663199993
253,71457.0534181,1,-0.9871248788205331,96.99648608907691,331.87675123626,9.980192483551265,28.767768789537424,3.8720172355395714,43.25757541158795,62.54310391344643,187.37378765538463,4368.5282298999955
254,71474.2811745,1,-0.9865251215918545,96.8339364161972,333.2411598749651,9.989563546566467,28.91818308240812,3.8718276347125578,53.16881997610818,62.560980291541654,187.37378765538463,4385.755986300006
255,71491.8681792,1,-0.9865670689958689,96.99305322001081,333.19814193924884,9.980388919514358,28.914225921484817,3.871896344016315,53.011152399532364,62.560980291541654,187.37378765538463,4403.342990999998
256,71509.2094501,1,-0.9858319401294714,96.99648608907691,331.87675123626,9.980192483551265,28.770070839980736,3.8720216372244214,53.332958533294004,62.560980291541654,187.37378765538463,4420.684261899994
257,71526.7108345,1,-0.985806921317091,96.99648608907691,331.87675123626,9.980192483551265,28.767768789537424,3.8720172355395714,53.332958533294004,62.560980291541654,187.37378765538463,4438.1856463
258,71543.8151431,1,-0.9857964647841547,96.99298398817471,331.87675123626,9.980212102197186,28.76688897969052,3.8720172355395714,53.314246256441116,62.560980291541654,187.37378765538463,4455.289954899999
259,71561.396439,1,-0.9865949343721815,96.996555320913,333.19814193924884,9.980369300868439,28.917407781775033,3.871900745701165,53.02986467638525,62.560980291541654,187.37378765538463,4472.871250800003
260,71578.9508758,1,-0.9900432703113337,96.99648608907691,333.2527857472108,10.17326990667772,28.752837509913793,3.8720172355395714,53.16881997610818,62.561767394567596,187.37378765538463,4490.4256876
261,71596.3822837,1,-0.9906046402125287,96.99648608907691,331.83372946777894,10.17326990667772,28.752837509913793,3.872023791862434,53.16881997610818,62.543891016472365,187.37378765538463,4507.857095500003
262,71613.6749525,1,-0.9868208407631367,96.99648608907691,333.30003700150104,9.980192483551265,28.767768789537424,3.8720172355395714,40.722637678680435,62.560980291541654,187.37378765538463,4525.149764300004
263,71630.8762449,1,-0.9871234063071895,96.99648608907691,331.8178741097241,9.989563546566467,28.913303815765445,3.8720172355395714,54.859993940226445,62.560980291541654,187.37378765538463,4542.351056700005
264,71647.797987,1,-0.9901229512729429,96.99648608907691,333.2411598749651,10.178399342279626,28.746964005763765,3.8720172355395714,53.16881997610818,62.56209565749992,187.37378765538463,4559.272798799997
265,71665.1312073,1,-0.9866869238004355,96.99648608907691,333.2411598749651,9.984434110964564,28.91917731991547,3.8720172355395714,53.16881997610818,62.54277565051411,187.37378765538463,4576.6060191
266,71682.6933317,1,-0.9900483196733637,96.99648608907691,333.2411598749651,10.17326990667772,28.752837509913793,3.8720172355395714,53.16881997610818,62.561767394567596,187.37378765538463,4594.168143499992
267,71700.2383323,1,-0.9905985689630042,96.99648608907691,331.8453553400247,10.17326990667772,28.752837509913793,3.872023791862434,53.16881997610818,62.543891016472365,187.37378765538463,4611.713144099995
268,71717.5099112,1,-0.9871453749943118,96.99648608907691,331.8178741097241,9.991700326039922,28.91047961529732,3.8720237416377916,54.93139281850899,62.561639943244614,187.37378765538463,4628.984723000001
269,71735.45552,1,-0.9905928724673797,96.99648608907691,331.83372946777894,10.171133127204268,28.755661710381915,3.8720172857642137,53.09742109782564,62.54323136476941,187.37378765538463,4646.930331800002
270,71752.8124764,1,-0.9873669287374874,96.99648608907691,331.8120732890986,9.989563546566467,28.913303815765445,3.8720172355395714,53.10507645694198,62.560980291541654,187.37378765538463,4664.287288199994
271,71770.3496688,1,-0.986523009369438,96.99648608907691,333.24696069559064,9.989563546566467,28.913303815765445,3.8720172355395714,54.92373745939265,62.560980291541654,187.37378765538463,4681.8244806
272,71787.2877753,1,-0.9910563862081581,96.99648608907691,331.87675123626,10.188768755162489,28.767768789537424,3.8720172355395714,53.332958533294004,62.54310391344643,187.37378765538463,4698.7625871000055
273,71804.8024056,1,-0.9905985689630042,96.99648608907691,331.8453553400247,10.17326990667772,28.752837509913793,3.872023791862434,53.16881997610818,62.543891016472365,187.37378765538463,4716.277217399998
274,71821.9786647,1,-0.9905882343698339,96.99648608907691,331.8714031622166,10.17326990667772,28.752837509913793,3.8720237938320605,53.16881997610818,62.54388512123488,187.37378765538463,4733.453476499999
275,71839.7996826,1,-0.9910696122002909,96.99648608907691,331.8390775418223,10.188768755162489,28.767768789537424,3.8720172335699448,53.332958533294004,62.54310980868392,187.37378765538463,4751.274494400001
276,71856.6771695,1,-0.9877462837051718,96.99648608907691,333.2411598749651,9.984434110964564,28.90930689048908,3.8720172355395714,44.76588835953874,62.54277565051411,187.37378765538463,4768.151981300005
277,71874.2073027,1,-0.9861281079777479,96.99648608907691,331.87675123626,9.980192483551265,28.77763921896381,3.8720172355395714,51.66050712297513,62.54310391344643,187.37378765538463,4785.682114499999
278,71891.1015287,1,-0.9896181835514122,96.99648608907691,334.298161642381,10.17326990667772,28.752837509913793,3.8720172355395714,53.16881997610818,62.543891016472365,187.37378765538463,4802.576340500003
279,71909.4054344,1,-0.9866869238004355,96.99648608907691,333.2411598749651,9.984434110964564,28.91917731991547,3.8720172355395714,53.16881997610818,62.54277565051411,187.37378765538463,4820.880246200002
280,71926.407845,1,-0.9900535652006336,96.99648608907691,333.2411598749651,10.17326990667772,28.752837509913793,3.8720172355395714,53.16881997610818,62.54355624019063,187.37378765538463,4837.882656799993
281,71944.2146148,1,-0.990052273014892,96.99648608907691,333.2411598749651,10.17326990667772,28.752837509913793,3.8720172355395714,53.16881997610818,62.562102170849336,187.37378765538463,4855.689426600002
282,71961.0694148,1,-0.9905985689630042,96.99648608907691,331.8453553400247,10.17326990667772,28.752837509913793,3.872023791862434,53.16881997610818,62.543891016472365,187.37378765538463,4872.544226600003
283,71978.4359754,1,-0.987220550467636,96.99648608907691,331.87675123626,9.980192483551265,28.767768789537424,3.8720172355395714,42.41378723548598,62.560980291541654,187.37378765538463,4889.910787200002
284,71995.6147887,1,-0.9905980602860476,96.99648608907691,331.8453553400247,10.17326990667772,28.752837509913793,3.8720172811146325,53.16881997610818,62.543891016472365,187.37378765538463,4907.089600499996
285,72012.9378352,1,-0.9901232491270301,96.99648608907691,333.2411598749651,10.178399342279626,28.746964005763765,3.872023746287373,53.16881997610818,62.56209565749992,187.37378765538463,4924.412647000005
286,72030.1600979,1,-0.9901651956162988,96.99648608907691,333.2527857472108,10.178212153209017,28.752837509913793,3.8720172355395714,53.16881997610818,62.56209055827124,187.37378765538463,4941.634909700006
287,72047.8862621,1,-0.9900041332995606,96.99648608907691,333.2411598749651,10.17345709574833,28.746964005763765,3.8720172355395714,53.16881997610818,62.56177249379628,187.37378765538463,4959.3610739
288,72065.174911,1,-0.9879461636184041,96.99648608907691,333.2527857472108,10.178212153209017,28.752837509913793,3.6460852474180476,53.16881997610818,62.56071030338124,187.37378765538463,4976.6497227999935
289,72082.968312,1,-0.9906046025835743,96.99648608907691,331.8453553400247,10.17326990667772,28.752837509913793,3.8720174658417585,53.16881997610818,62.54527127136235,187.37378765538463,4994.443123799996
290,72099.9420312,1,-0.9905979452785835,96.99648608907691,331.8449527358475,10.17326990667772,28.752837509913793,3.872023791862434,53.16881997610818,62.543891016472365,187.37378765538463,5011.416842999999
291,72117.8589763,1,-0.990600999270854,96.99648608907691,331.8341320719561,10.17326990667772,28.752837509913793,3.872023791862434,53.16881997610818,62.543891016472365,187.37378765538463,5029.333788100004
292,72135.0738348,1,-0.9901233286794298,96.99648608907691,333.2411598749651,10.17821430547167,28.746964005763765,3.872023746287373,53.13320019814225,62.56209565749992,187.37378765538463,5046.5486466
293,72152.6217431,1,-0.9891577717386207,95.9128848252756,331.87675123626,10.188953791970444,28.767768789537424,3.8720172355395714,53.36857831125994,62.54310391344643,187.37378765538463,5064.096554899996
294,72170.1761345,1,-0.9905882343698339,96.99648608907691,331.8714031622166,10.17326990667772,28.752837509913793,3.8720237938320605,53.16881997610818,62.54388512123488,187.37378765538463,5081.650946299997
295,72188.4602862,1,-0.9905985689630042,96.99648608907691,331.8453553400247,10.17326990667772,28.752837509913793,3.872023791862434,53.16881997610818,62.543891016472365,187.37378765538463,5099.935098000002
296,72205.5660997,1,-0.9905974167007566,96.99648608907691,331.84602774896535,10.17326990667772,28.752837509913793,3.872023791862434,53.16881997610818,62.543891016472365,187.37378765538463,5117.040911499993
297,72223.8415406,1,-0.9906019608918156,96.99648608907691,331.8330570588383,10.17326990667772,28.752837509913793,3.872023791862434,53.16881997610818,62.543891016472365,187.37378765538463,5135.316352399997
298,72241.4884574,1,-0.9910563862081581,96.99648608907691,331.87675123626,10.188768755162489,28.767768789537424,3.8720172355395714,53.332958533294004,62.54310391344643,187.37378765538463,5152.963269200001
299,72259.1043804,1,-0.9572370805034864,96.99648608907691,331.833610759016,10.171133127204268,34.82232827975283,3.872017276579807,53.09742109782564,62.54323136476941,187.37378765538463,5170.579192199992
300,72276.6958163,1,-0.9906273493614505,96.99648608907691,331.84547404878765,10.17326990667772,28.755609114759242,3.8720238010468404,53.16881997610818,62.543891016472365,187.37378765538463,5188.170628099993
301,72294.254236,1,-0.9910716805644134,96.99648608907691,331.8453560945114,10.17326990667772,28.752837509913793,3.872023791862434,50.0016861400122,62.543881660607376,187.37378765538463,5205.729047799992
302,72311.386607,1,-0.9910737358188711,96.99648608907691,331.8390767873356,10.188768755162489,28.767768789537424,3.8720172335699448,53.332958533294004,62.543119164548905,187.37378765538463,5222.861418799992
303,72329.0960229,1,-0.9910621583957677,96.99648608907691,331.87540338416125,10.188768755162489,28.767768789537424,3.8720172355395714,53.332958533294004,62.543110792566694,187.37378765538463,5240.570834700004
304,72346.6630013,1,-0.9910720559570271,96.99648608907691,331.8404253939211,10.188768755162489,28.767768789537424,3.8720172335699448,53.332958533294004,62.54310292956366,187.37378765538463,5258.137813099995
305,72364.2695096,1,-0.9901651956162988,96.99648608907691,333.2527857472108,10.178212153209017,28.752837509913793,3.8720172355395714,53.16881997610818,62.56209055827124,187.37378765538463,5275.744321399994
306,72381.6625724,1,-0.9900548578992932,96.99648608907691,333.2411598749651,10.17326990667772,28.752837509913793,3.8720172355395714,53.16881997610818,62.543891016472365,187.37378765538463,5293.137384200003
307,72399.8148124,1,-0.9905989932172069,96.99648608907691,331.87540338416125,10.173715314703635,28.753045478128712,3.8720172390073917,53.167098286938085,62.54323155831033,187.37378765538463,5311.289624199999
308,72416.7862484,1,-0.9910577381731575,96.99648608907691,331.8453553400247,10.188323347136574,28.767560821322505,3.8720174623739383,53.3346802224641,62.545150505618714,187.37378765538463,5328.261060200006
309,72434.8680377,1,-0.9910621583957677,96.99648608907691,331.87540338416125,10.188768755162489,28.767768789537424,3.8720172355395714,53.332958533294004,62.543110792566694,187.37378765538463,5346.342849499997
310,72451.680609,1,-0.9899660620116184,96.99648608907691,333.4661642761376,10.17326990667772,28.752837509913793,3.872023791862434,53.16881997610818,62.543891016472365,187.37378765538463,5363.155420800002
311,72470.3163181,1,-0.9906273493614505,96.99648608907691,331.84547404878765,10.17326990667772,28.755609114759242,3.8720238010468404,53.16881997610818,62.543891016472365,187.37378765538463,5381.791129899997
312,72487.1309423,1,-0.9906046402125287,96.99648608907691,331.83372946777894,10.17326990667772,28.752837509913793,3.872023791862434,53.16881997610818,62.543891016472365,187.37378765538463,5398.605754100005
313,72504.3715502,1,-0.9901944405891147,96.99648608907691,331.84535272720285,10.17326990667772,28.752837509913793,3.872023791862434,55.82082288465932,62.543881585942756,187.37378765538463,5415.846361999997
314,72521.2773699,1,-0.9911287085155006,96.99648608907691,331.84547741609623,10.17326990667772,28.755609114759242,3.8720238010468404,49.744856806713365,62.543891091136985,187.37378765538463,5432.752181699994
315,72538.806679,1,-0.991059030855491,96.99648608907691,331.87675123626,10.188768755162489,28.767768789537424,3.872017235526679,53.332958533294004,62.54310264366335,187.37378765538463,5450.2814908
316,72555.917193,1,-0.9910718369534858,96.99648608907691,331.8390767873356,10.188768755162489,28.767768789537424,3.8720172335828376,53.332958533294004,62.543120434331975,187.37378765538463,5467.3920048
317,72573.3175284,1,-0.9910563862081581,96.99648608907691,331.87675123626,10.188768755162489,28.767768789537424,3.8720172355395714,53.332958533294004,62.54310391344643,187.37378765538463,5484.7923402000015
318,72591.3683622,1,-0.9910737358188711,96.99648608907691,331.8390767873356,10.188768755162489,28.767768789537424,3.8720172335699448,53.332958533294004,62.543119164548905,187.37378765538463,5502.843173999994
319,72612.4619013,1,-0.9905985689630042,96.99648608907691,331.8453553400247,10.17326990667772,28.752837509913793,3.872023791862434,53.16881997610818,62.543891016472365,187.37378765538463,5523.9367131000035
320,72629.2759874,1,0.9800444963962031,96.99648608907691,331.8718323288512,12.3532795064231,28.767768789537424,3.8720172335699448,53.332958533294004,62.54310361842459,187.37378765538463,5540.750799200003
321,72647.2212679,1,-0.9910682583543209,96.99648608907691,331.84399644923116,10.188768755162489,28.767768789537424,3.8720172355395714,53.332958533294004,62.543110103705764,187.37378765538463,5558.696079699992
322,72664.404106,1,-0.9910837655438535,96.99648608907691,331.8453560945114,10.17326990667772,28.75321285467831,3.8720235565042853,50.0016861400122,62.543877456705154,187.37378765538463,5575.878917800001
323,72681.9815632,1,-0.9910693864594639,96.99648608907691,331.8404253939211,10.188768755162489,28.767393444772907,3.8720174689280937,53.332958533294004,62.543107133465874,187.37378765538463,5593.456374999994
324,72699.7685579,1,-0.9906050943606282,96.99648608907691,331.83372946777894,10.17326990667772,28.752837509913793,3.8720238005588277,53.16881997610818,62.5431291601828,187.37378765538463,5611.243369699994
325,72717.5070113,1,-0.9910597485416769,96.99648608907691,331.87675123626,10.188768755162489,28.767768789537424,3.8720172268431776,53.332958533294004,62.543865769736,187.37378765538463,5628.981823099995
326,72734.8422322,1,-0.9910696122002909,96.99648608907691,331.8390775418223,10.188768755162489,28.767768789537424,3.8720172335699448,53.332958533294004,62.54310980868392,187.37378765538463,5646.317043999996
327,72752.3209213,1,-0.9910597485416769,96.99648608907691,331.87675123626,10.188768755162489,28.767768789537424,3.8720172268431776,53.332958533294004,62.543865769736,187.37378765538463,5663.7957330999925
328,72769.865574,1,-0.9910837655438535,96.99648608907691,331.8453560945114,10.17326990667772,28.75321285467831,3.8720235565042853,50.0016861400122,62.543877456705154,187.37378765538463,5681.340385799995
329,72786.8607981,1,-0.9910718369534858,96.99648608907691,331.8390767873356,10.188768755162489,28.767768789537424,3.8720172335828376,53.332958533294004,62.543120434331975,187.37378765538463,5698.335609899994
330,72804.0426982,1,-0.9910737358188711,96.99648608907691,331.8390767873356,10.188768755162489,28.767768789537424,3.8720172335699448,53.332958533294004,62.543119164548905,187.37378765538463,5715.517510000005
331,72820.9769383,1,-0.9910720559570271,96.99648608907691,331.8404253939211,10.188768755162489,28.767768789537424,3.8720172335699448,53.332958533294004,62.54310292956366,187.37378765538463,5732.451750099994
332,72838.3960365,1,-0.9910787097231126,96.99648608907691,331.8372571349686,10.188768755162489,28.767768789537424,3.8720172335699448,53.332958533294004,62.54310292956366,187.37378765538463,5749.870848299994
333,72855.2346255,1,-0.9910588046229216,96.99648608907691,331.8785716431138,10.188768755162489,28.767768789537424,3.8720172355395714,53.332958533294004,62.543110792566694,187.37378765538463,5766.7094373
334,72872.2582972,1,-0.991107900259916,96.99648608907691,331.8453560945114,10.17326990667772,28.75307479592449,3.8720235636158264,49.75952051610953,62.543877456705154,187.37378765538463,5783.733108999993
335,72889.4147493,1,-0.9910964780147026,96.99648608907691,331.84547741609623,10.17326990667772,28.755747173513058,3.8720237939352993,49.98702243061602,62.543891091136985,187.37378765538463,5800.889561100004
336,72906.8302026,1,-0.9910672830354995,96.99648608907691,331.8403795408615,10.188768755162489,28.767393444772907,3.8720174689280937,53.332958533294004,62.543107133465874,187.37378765538463,5818.305014400001
337,72924.1543315,1,-0.9910728771103426,96.99648608907691,331.8391226403953,10.188768755162489,28.767768789537424,3.8720172335699448,53.332958533294004,62.543119164548905,187.37378765538463,5835.629143300001
338,72941.5849789,1,-0.9910693864594639,96.99648608907691,331.8404253939211,10.188768755162489,28.767393444772907,3.8720174689280937,53.332958533294004,62.543107133465874,187.37378765538463,5853.059790700005
339,72958.7820555,1,-0.9910737358188711,96.99648608907691,331.8390767873356,10.188768755162489,28.767768789537424,3.8720172335699448,53.332958533294004,62.543119164548905,187.37378765538463,5870.256867300006
340,72976.0417632,1,-0.9907465478315985,96.99648608907691,331.8390767873356,10.173373012462035,28.767768789537424,3.87202352200685,53.082476146885995,62.543119164548905,187.37378765538463,5887.5165750000015
341,72993.3929968,1,-0.9914079169715979,96.99648608907691,331.8453560945114,10.188665649378175,28.752837509913793,3.872017503425529,50.25216852642024,62.543881660607376,187.37378765538463,5904.8678086
342,73010.8880373,1,-0.9910585691679029,96.99648608907691,331.87735787076247,10.188768755162489,28.767768789537424,3.872017235506589,53.332958533294004,62.543110792566694,187.37378765538463,5922.362849099998
343,73027.8835877,1,-0.9910802218749946,96.99648608907691,331.83712230073445,10.188768755162489,28.767768789537424,3.8720172336158205,53.332958533294004,62.543120434331975,187.37378765538463,5939.3583994999935
344,73045.5291415,1,-0.9909593160692669,96.99648608907691,331.84547319206104,10.188186063314099,28.756141257247116,3.8720174623739383,53.3346802224641,62.544001734785866,187.37378765538463,5957.0039532999945
345,73062.8450881,1,-0.9912415804089482,96.99648608907691,331.8453595640599,10.173407190500196,28.767028678834627,3.8720238010468404,49.744856806713365,62.545039861969826,187.37378765538463,5974.3198999000015
346,73080.3305707,1,-0.9910723071911115,96.99648608907691,331.8453560945114,10.17326990667772,28.75321285467831,3.872023798523389,50.0016861400122,62.54389006931337,187.37378765538463,5991.805382499995
347,73097.4287075,1,-0.9911021652084259,96.99648608907691,331.84547741609623,10.17326990667772,28.755747173513058,3.872023551916196,49.98702243061602,62.54387847852876,187.37378765538463,6008.903519300002
348,73115.2931224,1,-0.9910780231601022,96.99648608907691,331.8403678858184,10.188768755162489,28.767768789537424,3.8720172335699448,53.332958533294004,62.543119164548905,187.37378765538463,6026.767934200005
349,73132.3026472,1,-0.9910734312494874,96.99648608907691,331.83918014849803,10.188768755162489,28.767768789537424,3.8720172335699448,53.332958533294004,62.54310292956366,187.37378765538463,6043.7774590000045
350,73149.9623231,1,-0.9910773989172376,96.99648608907691,331.8453507326247,10.188768755162489,28.76687984115204,3.8720165734060146,53.332958533294004,62.543120434331975,187.37378765538463,6061.437134899999
351,73166.4108414,1,-0.991240961440438,96.99648608907691,331.83713113216965,10.173407190500196,28.767917627220008,3.872024461256647,49.744856806713365,62.545039861969826,187.37378765538463,6077.885653199992
352,73183.9169304,1,-0.991107900259916,96.99648608907691,331.8453560945114,10.17326990667772,28.75307479592449,3.8720235636158264,49.75952051610953,62.543877456705154,187.37378765538463,6095.391742199994
353,73200.5195268,1,-0.9910737358188711,96.99648608907691,331.8390767873356,10.188768755162489,28.767768789537424,3.8720172335699448,53.332958533294004,62.543119164548905,187.37378765538463,6111.994338599994
354,73217.962079,1,-0.9915656060229753,96.99648608907691,331.8395492879561,10.188665649378175,28.77155489225071,3.8720172278643057,50.25216852642024,62.543877978081326,187.37378765538463,6129.436890800003
355,73235.0060993,1,-0.9876505778832211,95.6531641063903,331.84488359389087,10.188768755162489,28.749051407200508,3.872017509131168,58.9529446030688,62.543122847074955,187.37378765538463,6146.480911099992
356,73252.1756838,1,-0.9910837655438535,96.99648608907691,331.8453560945114,10.17326990667772,28.75321285467831,3.8720235565042853,50.0016861400122,62.543877456705154,187.37378765538463,6163.650495599999
357,73269.3262293,1,-0.9911287085155006,96.99648608907691,331.84547741609623,10.17326990667772,28.755609114759242,3.8720238010468404,49.744856806713365,62.543891091136985,187.37378765538463,6180.8010411
358,73286.892913,1,-0.9910744276605641,96.99648608907691,331.8453560945114,10.17326990667772,28.75308799160879,3.8720235574703223,49.990233680326305,62.543877456705154,187.37378765538463,6198.367724800002
359,73304.6224892,1,-0.9911100059960778,96.99648608907691,331.8453560945114,10.17326990667772,28.75319965899401,3.872023562649789,49.770972975795424,62.543877456705154,187.37378765538463,6216.097301000002
360,73322.1362381,1,-0.9912439253321129,96.99648608907691,331.84535935172045,10.173407190500196,28.767028678834627,3.8720238008354464,49.744856806713365,62.54387670573956,187.37378765538463,6233.611049900006
361,73339.1012899,1,-0.9910794801736739,96.99648608907691,331.84535630685076,10.17326990667772,28.75321285467831,3.8720235567156793,50.0016861400122,62.54504061293543,187.37378765538463,6250.576101700004
362,73356.8105809,1,-0.9910737358188711,96.99648608907691,331.8390767873356,10.188768755162489,28.767768789537424,3.8720172335699448,53.332958533294004,62.543119164548905,187.37378765538463,6268.285392699996
363,73374.2731179,1,-0.9910728771103426,96.99648608907691,331.8391226403953,10.188768755162489,28.767768789537424,3.8720172335699448,53.332958533294004,62.543119164548905,187.37378765538463,6285.747929699995
364,73391.8669149,1,-0.9910671845749406,96.99648608907691,331.84547741609623,10.17326990667772,28.755747173513058,3.872023434621465,50.23740453494138,62.543891091136985,187.37378765538463,6303.341726700004
365,73408.682264,1,-0.9914422034543213,96.99648608907691,331.8453560945114,10.188665649378175,28.752837509913793,3.8720178627393635,50.00178642209489,62.543881660607376,187.37378765538463,6320.157075800002
366,73426.1985928,1,-0.9910760875667122,96.99648608907691,331.84547741609623,10.17326990667772,28.752372371053134,3.8720235524838507,49.98702243061602,62.54387847852876,187.37378765538463,6337.673404600006
367,73443.2580473,1,-0.9911372968261296,96.99648608907691,331.8453560945114,10.17326990667772,28.756449598384414,3.8720235630481716,49.75952051610953,62.543877456705154,187.37378765538463,6354.732859099997
368,73460.9258847,1,-0.9914277317672231,96.99648608907691,331.8453560945114,10.18876563517776,28.752837509913793,3.872017858752884,50.12422708900539,62.543881660607376,187.37378765538463,6372.400696500001
369,73478.4954171,1,-0.991089452916632,96.99648608907691,331.83712230073445,10.188668769362906,28.767768789537424,3.8720172376022997,53.21051786638353,62.543120434331975,187.37378765538463,6389.970228899998
370,73496.4207785,1,-0.9915656060229753,96.99648608907691,331.8395492879561,10.188665649378175,28.77155489225071,3.8720172278643057,50.25216852642024,62.543877978081326,187.37378765538463,6407.895590300002
371,73513.8288913,1,-0.9958936404162958,96.99648608907691,331.84535935172045,10.173407190500196,29.363848921670346,3.8720238008354464,49.744856806713365,62.54387670573956,187.37378765538463,6425.3037030999985
372,73531.4300514,1,-0.9912415804089482,96.99648608907691,331.8453595640599,10.173407190500196,28.767028678834627,3.8720238010468404,49.744856806713365,62.545039861969826,187.37378765538463,6442.904863200005
373,73548.3278384,1,-0.9910837655438535,96.99648608907691,331.8453560945114,10.17326990667772,28.75321285467831,3.8720235565042853,50.0016861400122,62.543877456705154,187.37378765538463,6459.802650199999
374,73566.0706759,1,-0.9914422034543213,96.99648608907691,331.8453560945114,10.188665649378175,28.752837509913793,3.8720178627393635,50.00178642209489,62.543881660607376,187.37378765538463,6477.545487700001
375,73583.6553184,1,-0.9912415804089482,96.99648608907691,331.8453595640599,10.173407190500196,28.767028678834627,3.8720238010468404,49.744856806713365,62.545039861969826,187.37378765538463,6495.130130199992
376,73601.3179032,1,-0.9876613097684859,96.99648608907691,331.8453560945114,10.188665649378175,28.752837509913793,3.872017503425529,71.6845602755507,62.543881660607376,187.37378765538463,6512.792715000003
377,73618.8169338,1,-0.9911100059960778,96.99648608907691,331.8453560945114,10.17326990667772,28.75319965899401,3.872023562649789,49.770972975795424,62.543877456705154,187.37378765538463,6530.2917456
378,73636.5200347,1,-0.9910556950440366,96.99648608907691,331.8453672314922,10.173236480781146,28.755791780128057,3.872017213888762,50.259568041601874,62.543891091136985,187.37378765538463,6547.994846500005
379,73653.9667444,1,-0.9914468298768311,96.99648608907691,331.8454662791154,10.188699075274751,28.75279290329879,3.8720240834720667,49.9796229154344,62.543881660607376,187.37378765538463,6565.441556199992
380,73671.5951686,1,-0.9912439253321129,96.99648608907691,331.84535935172045,10.173407190500196,28.767028678834627,3.8720238008354464,49.744856806713365,62.54387670573956,187.37378765538463,6583.069980400003
381,73689.1396294,1,-0.991240961440438,96.99648608907691,331.83713113216965,10.173407190500196,28.767917627220008,3.872024461256647,49.744856806713365,62.545039861969826,187.37378765538463,6600.614441199999
382,73706.7653336,1,-0.9911287085155006,96.99648608907691,331.84547741609623,10.17326990667772,28.755609114759242,3.8720238010468404,49.744856806713365,62.543891091136985,187.37378765538463,6618.240145399992
383,73723.8778458,1,-0.9915656060229753,96.99648608907691,331.8395492879561,10.188665649378175,28.77155489225071,3.8720172278643057,50.25216852642024,62.543877978081326,187.37378765538463,6635.3526576
384,73741.1410616,1,-0.991107900259916,96.99648608907691,331.8453560945114,10.17326990667772,28.75307479592449,3.8720235636158264,49.75952051610953,62.543877456705154,187.37378765538463,6652.6158734000055
385,73758.9158122,1,-0.9915656060229753,96.99648608907691,331.8395492879561,10.188665649378175,28.77155489225071,3.8720172278643057,50.25216852642024,62.543877978081326,187.37378765538463,6670.390623999992
386,73776.3258469,1,-0.9912392759004053,96.99648608907691,331.83713113216965,10.173407190500196,28.767917627220008,3.872024914001828,49.744856806713365,62.543891648657436,187.37378765538463,6687.800658699998
387,73795.6080861,1,-0.9915658840482433,96.99648608907691,331.8395492879561,10.188665649378175,28.77155489225071,3.8720167751191243,50.25216852642024,62.54502619139372,187.37378765538463,6707.0828978999925
388,73813.7323685,1,-0.9915477659886747,96.99648608907691,331.84535928425663,10.18623382126071,28.767918176729317,3.8720238008354464,49.746730082240624,62.54387636492302,187.37378765538463,6725.2071803
389,73831.1104481,1,-0.9911317174384343,96.99648608907691,331.8453561619752,10.175839018617662,28.751948012019106,3.8720178627393635,49.99991314656763,62.54388200142391,187.37378765538463,6742.585259899992
390,73849.0690735,1,-0.9958936404162958,96.99648608907691,331.84535935172045,10.173407190500196,29.363848921670346,3.8720238008354464,49.744856806713365,62.54387670573956,187.37378765538463,6760.543885299994
391,73866.3390842,1,-0.9914422034543213,96.99648608907691,331.8453560945114,10.188665649378175,28.752837509913793,3.8720178627393635,50.00178642209489,62.543881660607376,187.37378765538463,6777.813895999992
392,73883.683672,1,-0.9912415804089482,96.99648608907691,331.8453595640599,10.173407190500196,28.767028678834627,3.8720238010468404,49.744856806713365,62.545039861969826,187.37378765538463,6795.158483799998
393,73901.6514903,1,-0.9958936404162958,96.99648608907691,331.84535935172045,10.173407190500196,29.363848921670346,3.8720238008354464,49.744856806713365,62.54387670573956,187.37378765538463,6813.126302100005
394,73919.1237491,1,-0.9912439253321129,96.99648608907691,331.84535935172045,10.173407190500196,28.767028678834627,3.8720238008354464,49.744856806713365,62.54387670573956,187.37378765538463,6830.598560900005
395,73936.5946197,1,-0.9914079169715979,96.99648608907691,331.8453560945114,10.188665649378175,28.752837509913793,3.872017503425529,50.25216852642024,62.543881660607376,187.37378765538463,6848.0694315
396,73953.8945307,1,-0.992551265216773,96.99648608907691,331.8398182073612,10.188697475453743,28.770961309411994,3.872024110006172,43.509218041367006,62.543877978081326,187.37378765538463,6865.369342499995
397,73971.3437215,1,-0.9914533746732253,96.99648608907691,331.84519735971037,10.188667249199185,28.753386486137508,3.872017201330201,49.9796229154344,62.543881660607376,187.37378765538463,6882.8185333
398,73988.6460874,1,-0.9915283538929948,96.99648608907691,331.8454662791154,10.188699075274751,28.75279290329879,3.8720240834720667,49.42473714701695,62.543881660607376,187.37378765538463,6900.120899200003
399,74006.2161158,1,-0.9915656060229753,96.99648608907691,331.8395492879561,10.188665649378175,28.77155489225071,3.8720172278643057,50.25216852642024,62.543877978081326,187.37378765538463,6917.690927599993
400,74023.3951293,1,-0.9915197574816288,96.99648608907691,331.8453560945114,10.190555228201937,28.756107332595466,3.8720181035600056,50.00178642209489,62.54387762043643,187.37378765538463,6934.869941099998
401,74040.7704644,1,-0.9910634376416267,96.99648608907691,331.8453560945114,10.17138032785396,28.753179775702744,3.8720233222275295,49.75952051610953,62.5438814968761,187.37378765538463,6952.245276200003
402,74057.9391589,1,-0.9915656060229753,96.99648608907691,331.8395492879561,10.188665649378175,28.77155489225071,3.8720172278643057,50.25216852642024,62.543877978081326,187.37378765538463,6969.4139706999995
403,74075.5270648,1,-0.9928496698889338,96.99648608907691,331.8453560945114,10.188665649378175,28.752837509913793,4.075952269045599,50.00178642209489,62.543881660607376,187.37378765538463,6987.001876599999
404,74093.4139277,1,-0.9947396877424468,96.99648608907691,331.8454662791154,10.33475946486264,28.75279290329879,3.8720240834720667,49.9796229154344,62.543881660607376,187.37378765538463,7004.888739500006
405,74111.1432544,1,-0.9915283538929948,96.99648608907691,331.8454662791154,10.188699075274751,28.75279290329879,3.8720240834720667,49.42473714701695,62.543881660607376,187.37378765538463,7022.618066199997
406,74128.2637661,1,-0.9915477659886747,96.99648608907691,331.84535928425663,10.18623382126071,28.767918176729317,3.8720238008354464,49.746730082240624,62.54387636492302,187.37378765538463,7039.738577900003
407,74145.7483797,1,-0.9958936404162958,96.99648608907691,331.84535935172045,10.173407190500196,29.363848921670346,3.8720238008354464,49.744856806713365,62.54387670573956,187.37378765538463,7057.223191500001
408,74163.1802654,1,-0.9908729871427037,96.99648608907691,331.83952155583313,10.173407190500196,28.62016944371222,3.8720241101092907,43.548573620352684,62.54387801678016,187.37378765538463,7074.655077200005
409,74181.2558043,1,-0.9971872516189771,96.99648608907691,331.84565600324856,10.188697475453743,29.51464078737012,3.8720238007323275,49.70550122913797,62.54387666704073,187.37378765538463,7092.7306161000015
410,74199.2118813,1,-0.9915658840482433,96.99648608907691,331.8395492879561,10.188665649378175,28.77155489225071,3.8720167751191243,50.25216852642024,62.54502619139372,187.37378765538463,7110.686693099997
411,74217.023964,1,-0.9915656060229753,96.99648608907691,331.8395492879561,10.188665649378175,28.77155489225071,3.8720172278643057,50.25216852642024,62.543877978081326,187.37378765538463,7128.498775800006
412,74234.556809,1,-0.9849760798854076,96.99648608907691,345.0565668999543,10.188139343127917,28.77155489225071,3.8720238068538104,49.747826589954876,62.543877849376884,187.37378765538463,7146.0316208
413,74251.8611931,1,-0.9958161456371424,96.99648608907691,331.8455347807291,10.173933496750456,29.363848921670346,3.8720172218459417,50.24919874317873,62.543876834444006,187.37378765538463,7163.336004900004
414,74269.3328158,1,-0.9915656060229753,96.99648608907691,331.8395492879561,10.188665649378175,28.77155489225071,3.8720172278643057,50.25216852642024,62.543877978081326,187.37378765538463,7180.807627599992
415,74286.4192886,1,-0.9915676647876005,96.99648608907691,331.8396886144189,10.188665649378175,28.77155489225071,3.8720239049270124,50.25216852642024,62.543877978081326,187.37378765538463,7197.8941003999935
416,74303.9065523,1,-0.9915507814199223,96.99648608907691,331.84521995779386,10.18623382126071,28.767918176729317,3.8720171237727397,49.746730082240624,62.54387636492302,187.37378765538463,7215.3813641000015
417,74321.6024881,1,-0.9925384587853366,96.99648608907691,331.8398193092898,10.188697692700678,28.771008945858515,3.872025218700255,43.62883096196667,62.543877978081326,187.37378765538463,7233.077299900004
418,74338.8064652,1,-0.9915839734421745,96.99648608907691,331.83954818602757,10.188665432131238,28.77150725580419,3.8720161191702225,50.13255560880208,62.543877978081326,187.37378765538463,7250.281277000002
419,74356.9595287,1,-0.9915656060229753,96.99648608907691,331.8395492879561,10.188665649378175,28.77155489225071,3.8720172278643057,50.25216852642024,62.543877978081326,187.37378765538463,7268.434340499996
420,74373.8995418,1,-0.9958936404162958,96.99648608907691,331.84535935172045,10.173407190500196,29.363848921670346,3.8720238008354464,49.744856806713365,62.54387670573956,187.37378765538463,7285.3743535999965
421,74391.8814941,1,-0.9958930752298872,96.99648608907691,331.84536610039993,10.173407190500196,29.363848921670346,3.8720238008354464,49.744856806713365,62.54387670573956,187.37378765538463,7303.356305900001
422,74408.7336374,1,-0.9958175160645698,96.99648608907691,331.84552803204963,10.173933496750456,29.363848921670346,3.8720172218459417,50.24919874317873,62.543876834444006,187.37378765538463,7320.208449199999
423,74426.4181265,1,-0.991507307512817,96.99648608907691,331.84535935172045,10.173407190500196,28.800049784385337,3.8720238008354464,49.744856806713365,62.543878066012596,187.37378765538463,7337.892938299992
424,74443.7559516,1,-0.9970692984303515,96.99648608907691,331.8398182073612,10.188697475453743,29.334760446697004,3.872024110006172,43.509218041367006,62.543876617808294,187.37378765538463,7355.230763400003
425,74461.5386372,1,-0.996131010179065,96.99648608907691,331.84535935172045,10.173407190500196,29.410420882717744,3.8720171674344743,50.26954664559153,62.54387670573956,187.37378765538463,7373.0134490000055
426,74478.81096,1,-0.9912520521615462,96.99648608907691,331.8395492879561,10.188665649378175,28.724982931203314,3.872023408520097,49.727478687542074,62.54502619139372,187.37378765538463,7390.285771800001
427,74496.287743,1,-0.9943153675787005,96.99648608907691,331.8454662791154,10.330364647945688,28.708061444828928,3.8720240834720667,49.9796229154344,62.543881660607376,187.37378765538463,7407.762554799992
428,74513.4842292,1,-0.9963012007170639,96.99648608907691,331.84535935172045,10.177802007417148,29.408580380140208,3.8720238008354464,49.744856806713365,62.54387670573956,187.37378765538463,7424.959040999995
429,74531.1561538,1,-0.992477630792976,96.99648608907691,331.8453560945114,10.173539327670694,28.752837509913793,4.075952269045599,50.00178642209489,62.543881660607376,187.37378765538463,7442.630965599994
430,74548.4427661,1,-0.9877768307987601,96.99648608907691,331.84535935172045,9.842723110187018,29.363848921670346,3.8720238008354464,49.744856806713365,62.54387670573956,187.37378765538463,7459.9175778999925
431,74565.9253311,1,-0.989097966673413,93.10884683477744,331.84535935172045,10.188423404404261,29.363848921670346,3.8720238007360357,49.744856806713365,62.54387670483076,187.37378765538463,7477.400142900005
432,74583.0528462,1,-0.9969487585197848,96.99648608907691,331.84565600324856,10.173681261549678,29.51464078737012,3.872023800831738,49.70550122913797,62.543876667949526,187.37378765538463,7494.527657999992
433,74600.9277294,1,-0.9991456171354893,96.99648608907691,331.8454662791154,10.331435097051768,29.529764694330233,3.8720240834720667,49.9796229154344,62.54387662515844,187.37378765538463,7512.402541200005
434,74618.2113648,1,-0.9914395685958792,96.99648608907691,331.84565600324856,10.192021843264618,28.737668996338677,3.8720238007323275,49.70550122913797,62.543881702489664,187.37378765538463,7529.686176599993
435,74635.8535499,1,-0.9958936404162958,96.99648608907691,331.84535935172045,10.173407190500196,29.363848921670346,3.8720238008354464,49.744856806713365,62.54387670573956,187.37378765538463,7547.328361699998
436,74653.0169465,1,-0.9958161456371424,96.99648608907691,331.8455347807291,10.173933496750456,29.363848921670346,3.8720172218459417,50.24919874317873,62.543876834444006,187.37378765538463,7564.491758300006
437,74670.4973975,1,-0.9958936404162958,96.99648608907691,331.84535935172045,10.173407190500196,29.363848921670346,3.8720238008354464,49.744856806713365,62.54387670573956,187.37378765538463,7581.972209300002
438,74687.5417804,1,-0.9991456171354893,96.99648608907691,331.8454662791154,10.331435097051768,29.529764694330233,3.8720240834720667,49.9796229154344,62.54387662515844,187.37378765538463,7599.0165922000015
439,74705.3494101,1,-0.9969573753600354,96.99648608907691,331.84535935172045,10.173407190500196,29.517062569328644,3.8720238008354464,49.70418070963656,62.543876704814544,187.37378765538463,7616.824221899995
440,74722.9347205,1,-0.9961978134433536,96.99648608907691,331.84565600324856,10.188697475453743,29.36142713971182,3.8720238007323275,49.74617732621478,62.54387666796574,187.37378765538463,7634.409532299993
441,74740.7975457,1,-0.996131010179065,96.99648608907691,331.84535935172045,10.173407190500196,29.410420882717744,3.8720171674344743,50.26954664559153,62.54387670573956,187.37378765538463,7652.272357499998
442,74757.9435773,1,-0.9958936404162958,96.99648608907691,331.84535935172045,10.173407190500196,29.363848921670346,3.8720238008354464,49.744856806713365,62.54387670573956,187.37378765538463,7669.418389099999
443,74776.5483168,1,-0.9780363477791317,96.99648608907691,331.84565600324856,10.173416277894493,33.66076394540952,3.872023800831501,49.74633103325849,62.543876706160994,187.37378765538463,7688.023128600005
444,74793.3165356,1,-0.9958545876491945,96.99648608907691,331.84535935172045,10.173672174155381,29.356599205447555,3.8720238008356826,49.704027002592845,62.54387666752809,187.37378765538463,7704.791347399994
445,74810.2638915,1,-0.997063548827975,96.99648608907691,331.84536708254336,10.173407190500196,29.538449663149976,3.8720238008354464,49.74233756429274,62.54387670573956,187.37378765538463,7721.738703299998
446,74832.2854999,1,-0.9960558241591841,96.99648608907691,331.8456482724257,10.188697475453743,29.34004004589049,3.8720238007323275,49.7080204715586,62.54387666704073,187.37378765538463,7743.760311699996
447,74850.5783872,1,-0.9985165355455579,96.99648608907691,331.84535566121536,10.329945419785535,29.410420882717744,3.8720171674344743,50.26954664559153,62.54387670573956,187.37378765538463,7762.053199000002
448,74867.9194162,1,-0.9969969595407482,96.99648608907691,331.8454699696205,10.174896867766432,29.529764694330233,3.8720240834720667,49.9796229154344,62.54387662515844,187.37378765538463,7779.394228000005
449,74886.015215,1,-0.9963012007170639,96.99648608907691,331.84535935172045,10.177802007417148,29.408580380140208,3.8720238008354464,49.744856806713365,62.54387670573956,187.37378765538463,7797.490026800006
450,74903.6445048,1,-0.9958936404162958,96.99648608907691,331.84535935172045,10.173407190500196,29.363848921670346,3.8720238008354464,49.744856806713365,62.54387670573956,187.37378765538463,7815.119316600001
451,74921.677023,1,-0.9958952672659466,96.99648608907691,331.83964814895876,10.173407190500196,29.363848921670346,3.8720238186579543,49.744856806713365,62.543876622930334,187.37378765538463,7833.151834799995
452,74938.890943,1,-0.997066730038514,96.99648608907691,331.84552941012294,10.188697475453743,29.334760446697004,3.872024092183664,43.509218041367006,62.54387670061751,187.37378765538463,7850.365754800005
453,74956.7777449,1,-0.9970692984303515,96.99648608907691,331.8398182073612,10.188697475453743,29.334760446697004,3.872024110006172,43.509218041367006,62.543876617808294,187.37378765538463,7868.2525566999975
454,74973.9407027,1,-0.9991456171354893,96.99648608907691,331.8454662791154,10.331435097051768,29.529764694330233,3.8720240834720667,49.9796229154344,62.54387662515844,187.37378765538463,7885.415514499997
455,74992.0673884,1,-0.997063548827975,96.99648608907691,331.84536708254336,10.173407190500196,29.538449663149976,3.8720238008354464,49.74233756429274,62.54387670573956,187.37378765538463,7903.542200199998
456,75009.2501778,1,-0.997066730038514,96.99648608907691,331.84552941012294,10.188697475453743,29.334760446697004,3.872024092183664,43.509218041367006,62.54387670061751,187.37378765538463,7920.724989599999
457,75026.7411919,1,-0.9971872516189771,96.99648608907691,331.84565600324856,10.188697475453743,29.51464078737012,3.8720238007323275,49.70550122913797,62.54387666704073,187.37378765538463,7938.216003699999
458,75044.1620929,1,-0.9992258999939503,96.99648608907691,331.84535566121536,10.329945419785535,29.410420882717744,3.8720171674344743,46.73162471066112,62.54387670573956,187.37378765538463,7955.636904700004
459,75061.9637441,1,-0.9970683262449997,96.99648608907691,331.8454662791154,10.184127198565802,29.51511485364556,3.8720240834720667,49.9796229154344,62.54387662515844,187.37378765538463,7973.438555899993
460,75079.117754,1,-0.999260331709888,96.99648608907691,331.84565600324856,10.336005373939708,29.52929062805479,3.8720238007323275,49.70550122913797,62.54387666704073,187.37378765538463,7990.592565800005
461,75096.5138162,1,-0.9991455099353761,96.99648608907691,331.8454662791154,10.331435097051768,29.529764694330233,3.8720240834720667,49.9796229154344,62.54387666663714,187.37378765538463,8007.988627999992
462,75113.7557343,1,-0.9960556542858583,96.99648608907691,331.8456482724257,10.188697475453743,29.34004004589049,3.8720238007323275,49.7080204715586,62.54387662556203,187.37378765538463,8025.230546099992
463,75131.5023411,1,-0.9972723474010258,96.99648608907691,331.84535935172045,10.173407190500196,29.59814140178071,3.8720171674344743,50.26954664559153,62.54387669569905,187.37378765538463,8042.977152899999
464,75148.891513,1,-0.9962875390483105,96.99648608907691,331.8454699696205,10.174896867766432,29.42080681320083,3.8720240834720667,49.9796229154344,62.54387663519895,187.37378765538463,8060.366324799994
465,75165.9639385,1,-0.9970643057333333,96.99648608907691,331.8455220137069,10.188697475453743,29.334760446697004,3.872024075645746,43.509218041367006,62.54387671270103,187.37378765538463,8077.438750300003
466,75183.6670286,1,-0.9969484889863799,96.99648608907691,331.8456633996646,10.173681261549678,29.51464078737012,3.8720238173696564,49.70550122913797,62.54387665586601,187.37378765538463,8095.1418404
467,75201.0585241,1,-0.9991481526667403,96.99648608907691,331.8453507440515,10.331435097051768,29.529764694330233,3.872017378051234,49.966405019105224,62.54387662515844,187.37378765538463,8112.533335899992
468,75218.4848721,1,-0.9985142886211064,96.99648608907691,331.84547119627933,10.329945419785535,29.410420882717744,3.872023872855307,50.2827645419207,62.54387670573956,187.37378765538463,8129.9596839000005
469,75236.2654675,1,-0.9969573753600354,96.99648608907691,331.84535935172045,10.173407190500196,29.517062569328644,3.8720238008354464,49.70418070963656,62.543876704814544,187.37378765538463,8147.740279299993
470,75253.0493127,1,-0.9940071742506889,96.99648608907691,338.908856145483,10.173407190500196,29.538449663149976,3.8720238008354464,49.74233756429274,62.54387670573956,187.37378765538463,8164.5241244999925
471,75270.2306039,1,-0.9957515215596809,96.99648608907691,331.8405801728942,10.173681261549678,29.341922224200886,3.872023813017696,49.70550122913797,62.54387661218072,187.37378765538463,8181.705415699995
472,75287.6754555,1,-0.9997814275692064,96.99648608907691,331.84489403771556,10.188697475453743,29.507479009866238,4.08535363185085,43.509218041367006,62.54387667357711,187.37378765538463,8199.150267299992
473,75305.3248605,1,-0.9970692984303515,96.99648608907691,331.8398182073612,10.188697475453743,29.334760446697004,3.872024110006172,43.509218041367006,62.543876617808294,187.37378765538463,8216.799672299996
474,75322.7808751,1,-0.9991456171354893,96.99648608907691,331.8454662791154,10.331435097051768,29.529764694330233,3.8720240834720667,49.9796229154344,62.54387662515844,187.37378765538463,8234.255686899996
475,75340.011971,1,-0.9992347422303396,96.99648608907691,331.845488398261,10.329491961031147,29.410420882717744,3.8720241036983896,46.64541070189601,62.54387670573956,187.37378765538463,8251.486782799999
476,75357.8986885,1,-0.9970635593604665,96.99648608907691,331.8396854703156,10.189150934208131,29.334760446697004,3.872017173742256,43.59543205013351,62.543876617808294,187.37378765538463,8269.373500300004
477,75375.0931809,1,-0.9992248215142031,96.99648608907691,331.8453592724038,10.329945419785535,29.410420882717744,3.8720171674344743,46.73162471066112,62.54387670573956,187.37378765538463,8286.567992700002
478,75392.4674147,1,-0.9985135622820743,96.99648608907691,331.8454675850909,10.329945419785535,29.410420882717744,3.872023872855307,50.2827645419207,62.54387670573956,187.37378765538463,8303.942226500003
479,75410.1038024,1,-0.9997814275692064,96.99648608907691,331.84489403771556,10.188697475453743,29.507479009866238,4.08535363185085,43.509218041367006,62.54387667357711,187.37378765538463,8321.5786142
480,75427.2973265,1,-0.999260331709888,96.99648608907691,331.84565600324856,10.336005373939708,29.52929062805479,3.8720238007323275,49.70550122913797,62.54387666704073,187.37378765538463,8338.772138300003
481,75444.1385675,1,-0.9994771204220823,96.99648608907691,331.8453679418218,10.339027293815745,29.59812206266669,3.8720171674344743,50.24024483755375,62.5438766631631,187.37378765538463,8355.613379300004
482,75461.7009859,1,-0.9968479810654902,96.99648608907691,331.8454576890141,10.165814993736221,29.52978403344425,3.8720240834720667,50.00892472347217,62.54387669917309,187.37378765538463,8373.175797699994
483,75478.9732994,1,-0.9970912777651846,96.99648608907691,331.8398182073612,10.188697475453743,29.334760446697004,3.87202410962283,43.37336946991059,62.543876617808294,187.37378765538463,8390.448111199992
484,75496.9027427,1,-0.999118560793674,96.99648608907691,331.8454662791154,10.331435097051768,29.529764694330233,3.872024083855409,50.11547149149322,62.54387662515844,187.37378765538463,8408.377554499995
485,75514.0667298,1,-0.9991481526667403,96.99648608907691,331.8453507440515,10.331435097051768,29.529764694330233,3.872017378051234,49.966405019105224,62.54387662515844,187.37378765538463,8425.541541600003
486,75531.8737,1,-0.9971872516189771,96.99648608907691,331.84565600324856,10.188697475453743,29.51464078737012,3.8720238007323275,49.70550122913797,62.54387666704073,187.37378765538463,8443.348511799995
487,75549.2996844,1,-0.9991456171354893,96.99648608907691,331.8454662791154,10.331435097051768,29.529764694330233,3.8720240834720667,49.9796229154344,62.54387662515844,187.37378765538463,8460.7744962
488,75567.0810579,1,-0.9971872516189771,96.99648608907691,331.84565600324856,10.188697475453743,29.51464078737012,3.8720238007323275,49.70550122913797,62.54387666704073,187.37378765538463,8478.555869699994
489,75584.2797237,1,-0.9985165355455579,96.99648608907691,331.84535566121536,10.329945419785535,29.410420882717744,3.8720171674344743,50.26954664559153,62.54387670573956,187.37378765538463,8495.754535500004
490,75601.9192828,1,-0.9997814275692064,96.99648608907691,331.84489403771556,10.188697475453743,29.507479009866238,4.08535363185085,43.509218041367006,62.54387667357711,187.37378765538463,8513.394094599993
491,75618.752629,1,-0.9972270099303129,96.99648608907691,331.8453507440515,10.189260806944233,29.530098886901868,3.8720170559171665,49.966405019105224,62.54387662515844,187.37378765538463,8530.227440799994
492,75636.0224267,1,-0.9991239682062927,96.99648608907691,331.84565600324856,10.330871765561277,29.514306594798484,3.872024122866395,49.70550122913797,62.54387666704073,187.37378765538463,8547.4972385
493,75652.7077131,1,-0.9991456171354893,96.99648608907691,331.8454662791154,10.331435097051768,29.529764694330233,3.8720240834720667,49.9796229154344,62.54387662515844,187.37378765538463,8564.182524899996
494,75670.0129631,1,-0.9992258999939503,96.99648608907691,331.84535566121536,10.329945419785535,29.410420882717744,3.8720171674344743,46.73162471066112,62.54387670573956,187.37378765538463,8581.4877749
495,75687.5265905,1,-0.9923113798756578,96.99648608907691,331.8454662791154,10.331435097051768,29.529764694330233,3.340231454182939,49.978660965734484,62.54387662515844,187.37378765538463,8599.001402299997
496,75705.3355359,1,-0.9991480340426909,96.99648608907691,331.8453507440515,10.331435097051768,29.529764694330233,3.8720175155233583,49.96736696880513,62.54387662515844,187.37378765538463,8616.810347699997
497,75721.705009,1,-1.0018848649424648,96.99648608907691,331.84489403771556,10.330012190797136,29.507479009866238,4.08535363185085,43.509218041367006,62.54387667357711,187.37378765538463,8633.179820799996
498,75739.1898283,1,-0.9972390004386076,96.99648608907691,331.8454662791154,10.190120381708374,29.529764694330233,3.8720240834720667,49.9796229154344,62.54387662515844,187.37378765538463,8650.664640100003
499,75756.0964881,1,-0.999260331709888,96.99648608907691,331.84565600324856,10.336005373939708,29.52929062805479,3.8720238007323275,49.70550122913797,62.54387666704073,187.37378765538463,8667.571299899995
500,75773.4588988,1,-0.9997814275692064,96.99648608907691,331.84489403771556,10.188697475453743,29.507479009866238,4.08535363185085,43.509218041367006,62.54387667357711,187.37378765538463,8684.933710600002
501,75790.1707612,1,0.9708986840477962,101.34347530688902,331.8453507440515,10.331435097051768,29.529764694330233,3.872017378051234,49.966405019105224,62.54387662515844,187.37378765538463,8701.645573000002
502,75807.7887951,1,-0.999260331709888,96.99648608907691,331.84565600324856,10.336005373939708,29.52929062805479,3.8720238007323275,49.70550122913797,62.54387666704073,187.37378765538463,8719.2636069
503,75824.9133438,1,-0.9997814275692064,96.99648608907691,331.84489403771556,10.188697475453743,29.507479009866238,4.08535363185085,43.509218041367006,62.54387667357711,187.37378765538463,8736.388155599998
504,75842.4964404,1,-0.9991456171354893,96.99648608907691,331.8454662791154,10.331435097051768,29.529764694330233,3.8720240834720667,49.9796229154344,62.54387662515844,187.37378765538463,8753.971252200005
505,75859.6177224,1,-0.9994771204220823,96.99648608907691,331.8453679418218,10.339027293815745,29.59812206266669,3.8720171674344743,50.24024483755375,62.5438766631631,187.37378765538463,8771.092534199997
506,75876.8256755,1,-0.9991456171354893,96.99648608907691,331.8454662791154,10.331435097051768,29.529764694330233,3.8720240834720667,49.9796229154344,62.54387662515844,187.37378765538463,8788.300487300003
507,75893.6881134,1,-0.9997814275692064,96.99648608907691,331.84489403771556,10.188697475453743,29.507479009866238,4.08535363185085,43.509218041367006,62.54387667357711,187.37378765538463,8805.162925199998
508,75910.7245066,1,-0.9994771204220823,96.99648608907691,331.8453679418218,10.339027293815745,29.59812206266669,3.8720171674344743,50.24024483755375,62.5438766631631,187.37378765538463,8822.199318400002
509,75927.489032,1,-0.9952080322390098,96.99648608907691,341.95962469671724,10.188697475453743,29.507479009866238,4.08535363185085,43.509218041367006,62.54387667357711,187.37378765538463,8838.963843799997
510,75944.424072,1,-0.9997814275692064,96.99648608907691,331.84489403771556,10.188697475453743,29.507479009866238,4.08535363185085,43.509218041367006,62.54387667357711,187.37378765538463,8855.898883799993
511,75961.8272246,1,-0.999260331709888,96.99648608907691,331.84565600324856,10.336005373939708,29.52929062805479,3.8720238007323275,49.70550122913797,62.54387666704073,187.37378765538463,8873.302036399997
512,75979.2518173,1,-0.9992248215142031,96.99648608907691,331.8453592724038,10.329945419785535,29.410420882717744,3.8720171674344743,46.73162471066112,62.54387670573956,187.37378765538463,8890.726629099998
513,75996.6141558,1,-0.999260331709888,96.99648608907691,331.84565600324856,10.336005373939708,29.52929062805479,3.8720238007323275,49.70550122913797,62.54387666704073,187.37378765538463,8908.088967599993
514,76013.6133837,1,-1.0021768940023923,96.99648608907691,330.914293610495,10.330012190797136,29.507479009866238,4.08535363185085,43.509218041367006,62.54387667357711,187.37378765538463,8925.088195499993
515,76030.932824,1,-0.9997814275692064,96.99648608907691,331.84489403771556,10.188697475453743,29.507479009866238,4.08535363185085,43.509218041367006,62.54387667357711,187.37378765538463,8942.407635800002
516,76048.1867637,1,-1.001931525218642,96.99648608907691,331.84489403771556,10.33310164144314,29.507479009866238,4.08535363185085,43.509218041367006,62.54387667357711,187.37378765538463,8959.661575499995
517,76066.1551045,1,-0.9997293504144558,96.99648608907691,331.84489403771556,10.185608024807738,29.507479009866238,4.08535363185085,43.509218041367006,62.54387667357711,187.37378765538463,8977.629916299993
518,76083.2207557,1,-0.9997814275692064,96.99648608907691,331.84489403771556,10.188697475453743,29.507479009866238,4.08535363185085,43.509218041367006,62.54387667357711,187.37378765538463,8994.695567499992
519,76101.1014315,1,-0.9996169459844105,96.99648608907691,331.84489403771556,10.188697475453743,29.507479009866238,4.08535363185085,43.509218041367006,63.12211440872635,187.37378765538463,9012.576243300005
520,76117.7478654,1,-0.9997814275692064,96.99648608907691,331.84489403771556,10.188697475453743,29.507479009866238,4.08535363185085,43.509218041367006,62.54387667357711,187.37378765538463,9029.2226772
521,76135.3255217,1,-1.0004216673161026,96.99648608907691,331.84573832256365,10.336005373939708,29.509438256491556,3.8747373278175443,43.61337741634198,62.54387667465505,187.37378765538463,9046.800333499996
522,76152.3114195,1,-0.9987825614454914,96.99648608907691,331.8448117184005,10.188697475453743,29.52733138142947,4.082640104765633,49.60134185545909,62.543876665962785,187.37378765538463,9063.786231299993
523,76169.382863,1,-0.9996660145962447,96.99648608907691,331.84490031000905,10.188697475453743,29.507479009866238,4.052947844093324,43.025946521383524,62.54387667261091,187.37378765538463,9080.857674800005
524,76187.6001399,1,-1.0008633089395336,96.99648608907691,331.8453616695283,10.339027293815745,29.59812206266669,4.073246139473496,50.72351638446382,62.5438766641293,187.37378765538463,9099.074951699993
525,76205.296315,1,-0.9986836340157554,96.99648608907691,331.84489403771556,10.188697475453743,29.61133814191611,3.8626274092901896,43.509218041367006,62.54387667357711,187.37378765538463,9116.771126799998
526,76222.4736296,1,-1.0006343782728855,96.99648608907691,331.8453679418218,10.339027293815745,29.494262930616816,4.094743389995135,50.24024483755375,62.5438766631631,187.37378765538463,9133.948441400004
527,76240.4465074,1,-0.9991081756873316,96.99648608907691,331.8453679418218,10.339027293815745,29.51186610292052,3.8720171674344743,50.24024483755375,62.5438766631631,187.37378765538463,9151.921319200002
528,76257.8414259,1,-1.00022396155601,96.99648608907691,331.84489403771556,10.188697475453743,29.593734969612406,4.08535363185085,43.509218041367006,62.54387667357711,187.37378765538463,9169.316237699997
529,76275.9979464,1,-0.9997814275692064,96.99648608907691,331.84489403771556,10.188697475453743,29.507479009866238,4.08535363185085,43.509218041367006,62.54387667357711,187.37378765538463,9187.472758200005
530,76292.5482388,1,0.9793945978013926,101.51799636393126,331.84489403771556,10.188697475453743,29.507479009866238,4.08535363185085,43.509218041367006,62.54387667357711,187.37378765538463,9204.023050599993
531,76311.3256427,1,-0.9997814275692064,96.99648608907691,331.84489403771556,10.188697475453743,29.507479009866238,4.08535363185085,43.509218041367006,62.54387667357711,187.37378765538463,9222.8004545
532,76328.3380456,1,-1.0021768940023923,96.99648608907691,330.914293610495,10.330012190797136,29.507479009866238,4.08535363185085,43.509218041367006,62.54387667357711,187.37378765538463,9239.8128574
533,76345.6676937,1,-1.0004216673161026,96.99648608907691,331.84573832256365,10.336005373939708,29.509438256491556,3.8747373278175443,43.61337741634198,62.54387667465505,187.37378765538463,9257.1425055
534,76362.7508942,1,-1.0008633089395336,96.99648608907691,331.8453616695283,10.339027293815745,29.59812206266669,4.073246139473496,50.72351638446382,62.5438766641293,187.37378765538463,9274.225705999997
535,76380.5673997,1,-1.0004216673161026,96.99648608907691,331.84573832256365,10.336005373939708,29.509438256491556,3.8747373278175443,43.61337741634198,62.54387667465505,187.37378765538463,9292.042211499996
536,76397.8161118,1,-0.9997814275692064,96.99648608907691,331.84489403771556,10.188697475453743,29.507479009866238,4.08535363185085,43.509218041367006,62.54387667357711,187.37378765538463,9309.290923599998
537,76415.2778795,1,-1.0020302584745706,96.99648608907691,331.84489403771556,10.340168310186137,29.507479009866238,4.08535363185085,43.509218041367006,62.54387667357711,187.37378765538463,9326.752691300004
538,76432.4646846,1,-1.0000729719977879,96.99648608907691,331.84489403771556,10.178541356064741,29.593734969612406,4.08535363185085,43.509218041367006,62.54387667357711,187.37378765538463,9343.939496399995
539,76450.865418,1,-1.0006951294694717,96.99648608907691,331.8453679418218,10.339027293815745,29.507525818950544,4.094743389995135,50.24024483755375,62.5438766631631,187.37378765538463,9362.3402298
540,76468.4960145,1,-0.999709949956351,96.99648608907691,331.84489403771556,10.188697475453743,29.494216121532514,4.08535363185085,43.509218041367006,62.54387667357711,187.37378765538463,9379.970826299992
541,76486.2397391,1,-0.9997814275692064,96.99648608907691,331.84489403771556,10.188697475453743,29.507479009866238,4.08535363185085,43.509218041367006,62.54387667357711,187.37378765538463,9397.714550899997
542,76504.0141061,1,-1.001885834175567,96.99648608907691,331.84536455013694,10.330012190797136,29.507479009866238,4.08549526725022,43.509218041367006,62.54387667383955,187.37378765538463,9415.488917900002
543,76521.6654121,1,-1.0008647070708891,96.99648608907691,331.84489115710693,10.339027293815745,29.59812206266669,4.073104504074127,50.72351638446382,62.543876663866854,187.37378765538463,9433.140223900002
544,76538.356571,1,-1.002250893973451,96.99648608907691,330.8299511572399,10.338721267700945,29.49335861610165,4.08535363185085,43.509218041367006,62.54387667374689,187.37378765538463,9449.831382799995
545,76555.3673459,1,-1.0005584223082231,96.99648608907691,331.92971039507694,10.330318216911936,29.50838332438141,4.094743389995135,50.24024483755375,62.54387666299332,187.37378765538463,9466.842157699997
546,76572.7013688,1,-1.001931525218642,96.99648608907691,331.84489403771556,10.33310164144314,29.507479009866238,4.08535363185085,43.509218041367006,62.54387667357711,187.37378765538463,9484.1761806
547,76590.2361741,1,-1.00022396155601,96.99648608907691,331.84489403771556,10.188697475453743,29.593734969612406,4.08535363185085,43.509218041367006,62.54387667357711,187.37378765538463,9501.710985900005
548,76607.4964134,1,-0.9997814275692064,96.99648608907691,331.84489403771556,10.188697475453743,29.507479009866238,4.08535363185085,43.509218041367006,62.54387667357711,187.37378765538463,9518.971225200003
549,76624.2076315,1,-1.001931525218642,96.99648608907691,331.84489403771556,10.33310164144314,29.507479009866238,4.08535363185085,43.509218041367006,62.54387667357711,187.37378765538463,9535.6824433
550,76641.4836785,1,-1.0022525644368412,96.99648608907691,330.845466255602,10.339034685661133,29.49335861610165,4.086310426477589,43.5252865972152,62.54387667457276,187.37378765538463,9552.958490299992
551,76659.1869774,1,-1.000864969439494,96.99648608907691,331.8298465711663,10.338713875855557,29.59812206266669,4.072289344846758,50.707447834559645,62.543876663303436,187.37378765538463,9570.661789199992
552,76676.6807064,1,-1.0021768940023923,96.99648608907691,330.914293610495,10.330012190797136,29.507479009866238,4.08535363185085,43.509218041367006,62.54387667357711,187.37378765538463,9588.155518200001
553,76693.8864641,1,-1.001885834175567,96.99648608907691,331.84536455013694,10.330012190797136,29.507479009866238,4.08549526725022,43.509218041367006,62.54387667383955,187.37378765538463,9605.361275899995
554,76711.4703336,1,-1.0007839136626377,96.99648608907691,330.914293610495,10.330012190797136,29.507479009866238,4.074069123827332,50.030849368350054,62.54387666412424,187.37378765538463,9622.945145399994
555,76729.3161677,1,-1.0022877403977246,96.99648608907691,331.8453616695283,10.339027293815745,29.59812206266669,4.084530647497015,44.201885062304875,62.54387667358216,187.37378765538463,9640.790979500001
556,76747.4109745,1,-1.002250893973451,96.99648608907691,330.8299511572399,10.338721267700945,29.49335861610165,4.08535363185085,43.509218041367006,62.54387667374689,187.37378765538463,9658.885786300001
557,76764.5385511,1,-1.0004216673161026,96.99648608907691,331.84573832256365,10.336005373939708,29.509438256491556,3.8747373278175443,43.61337741634198,62.54387667465505,187.37378765538463,9676.013362900005
558,76782.4330496,1,-1.0008647070708891,96.99648608907691,331.84489115710693,10.339027293815745,29.59812206266669,4.073104504074127,50.72351638446382,62.543876663866854,187.37378765538463,9693.907861400003
559,76799.5028323,1,-1.0013714915002712,96.99648608907691,333.48816983263174,10.33310164144314,29.507479009866238,4.08535363185085,43.509218041367006,62.54387667357711,187.37378765538463,9710.9776441
560,76817.0014672,1,-1.001931525218642,96.99648608907691,331.84489403771556,10.33310164144314,29.507479009866238,4.08535363185085,43.509218041367006,62.54387667357711,187.37378765538463,9728.476278999995
561,76833.9005093,1,-1.0021768940023923,96.99648608907691,330.914293610495,10.330012190797136,29.507479009866238,4.08535363185085,43.509218041367006,62.54387667357711,187.37378765538463,9745.3753211
562,76853.2458442,1,-1.0020302584745706,96.99648608907691,331.84489403771556,10.340168310186137,29.507479009866238,4.08535363185085,43.509218041367006,62.54387667357711,187.37378765538463,9764.720656000005
563,76873.7383997,1,-1.0004216673161026,96.99648608907691,331.84573832256365,10.336005373939708,29.509438256491556,3.8747373278175443,43.61337741634198,62.54387667465505,187.37378765538463,9785.213211499999
564,76891.7307405,1,-1.001931525218642,96.99648608907691,331.84489403771556,10.33310164144314,29.507479009866238,4.08535363185085,43.509218041367006,62.54387667357711,187.37378765538463,9803.205552300002
565,76908.7898596,1,-1.0020302584745706,96.99648608907691,331.84489403771556,10.340168310186137,29.507479009866238,4.08535363185085,43.509218041367006,62.54387667357711,187.37378765538463,9820.2646714
566,76926.2616222,1,-1.001931525218642,96.99648608907691,331.84489403771556,10.33310164144314,29.507479009866238,4.08535363185085,43.509218041367006,62.54387667357711,187.37378765538463,9837.736434000006
567,76943.0277104,1,-1.0021768940023923,96.99648608907691,330.914293610495,10.330012190797136,29.507479009866238,4.08535363185085,43.509218041367006,62.54387667357711,187.37378765538463,9854.502522199997
568,76960.802799,1,-1.0006343782728855,96.99648608907691,331.8453679418218,10.339027293815745,29.494262930616816,4.094743389995135,50.24024483755375,62.5438766631631,187.37378765538463,9872.277610799996
569,76977.8257212,1,-1.001931525218642,96.99648608907691,331.84489403771556,10.33310164144314,29.507479009866238,4.08535363185085,43.509218041367006,62.54387667357711,187.37378765538463,9889.300533000001
570,76995.5252715,1,-1.0022877403977246,96.99648608907691,331.8453616695283,10.339027293815745,29.59812206266669,4.084530647497015,44.201885062304875,62.54387667358216,187.37378765538463,9907.000083299994
