iteration,timestamp,success,NPV_over_CAPEX,clearance,sp,p_rated,Nwt,wind_MW_per_km2,solar_MW,surface_tilt,surface_azimuth,time_sec
0,66950.5942172,1,-0.41799365440826597,64.48473507536544,341.0189081609857,13.540898783718958,44.680188075154476,5.8159955580014095,98.70209241866037,21.60798693991077,187.68892467094403,0.0
1,66968.3978553,1,-0.18343366254850726,36.09610190093926,238.53903316750763,14.225805201015547,44.979727241983014,6.1186871699118175,52.61189558842038,50.770424174774405,186.7897015611046,17.803638099998352
2,66986.0392543,1,-0.647388818613678,16.95705826324095,204.24761078602722,9.702824576224018,21.425472411716864,7.244566872690705,196.16513232209505,14.731933404100264,185.94447366342084,35.445037099998444
3,67002.0371552,1,0.8868896361860995,100.24453623179487,226.4928218107318,12.773035120253816,40.6850759936787,9.865626835800333,185.31964437383246,44.8769156700463,184.88689953369214,51.442937999992864
4,67019.2857884,1,-0.5467497707689981,31.58828482045414,303.1606486125948,19.435486997461133,8.261305202763987,9.639600652841581,58.47026102894904,72.08052064865933,192.96639555398667,68.69157119999
5,67035.8282235,1,-0.0327761848912358,23.92068837263094,221.94249304348435,17.556922194865976,37.85094482343373,5.2456543541629586,45.88339290351182,29.463866808200528,174.05552633657916,85.2340062999865
6,67052.6159876,1,0.6692285140163923,118.82953497002221,252.98564362146362,7.482619903061575,20.640983508599447,3.9846269528411753,181.9599184319223,81.20637383482246,207.12423989313183,102.02177039999515
7,67069.7177933,1,-0.5880527071086724,50.727328458152456,224.53332318933363,9.044503215309357,48.49766235248901,3.869853084709683,188.6049069739892,46.90176276978848,156.85903468910757,119.1235760999989
8,67086.7175148,1,0.9710734145900665,62.57044084005185,208.20963789292475,17.580830342041786,34.7572300025906,5.236156910820933,78.58351711875093,59.60884907414657,152.23128951565718,136.1232975999883
9,67102.6544853,1,0.869845761710822,118.05975023588657,231.92040072011426,10.19395028495136,34.06175320340752,3.428256482249434,148.45285813613884,78.15007889540715,197.7199017473049,152.0602680999873
10,67120.1669834,1,-0.7292240030233312,50.13559785586112,283.73890256978,5.276823942170884,31.764758087171945,6.090961197793438,32.536796042224246,60.76137935603763,181.82620854061548,169.57276619999902
11,67137.1594739,1,-0.7536503036192326,63.28979714132979,203.38611393912498,6.81850407936085,27.779015563895907,3.971895154045,103.15460361754464,41.78080504891511,155.99714537564944,186.56525669999246
12,67153.376989,1,0.7730782604766565,104.02434585979726,284.88295865209454,6.882140305320238,25.142674329875025,1.518130198570619,149.7044664841688,10.892267898247379,182.14971461074396,202.78277179998986
13,67169.830801,1,-0.8439669847458029,98.07028143325711,331.87348323857356,9.697554312564408,18.45992620363102,4.029676185688807,189.3152169883159,62.560980291541654,187.37378765538463,219.23658379999688
14,67186.0766699,1,0.7872837751549511,96.36989310427215,351.2722410919471,7.9645843951552875,24.204636282160056,1.8172854972264854,140.51463319340957,34.016460805659165,161.79260737723007,235.48245269998733
15,67203.6975338,1,-0.496915915371818,43.90238843499143,285.72732119690625,5.34603674140988,15.269691773875092,9.623589622958661,185.7477031532281,40.1879510041549,173.9318149428117,253.10331659999792
16,67219.5975748,1,0.9770540304287377,67.42594902979064,253.22343205587305,19.560452069205382,21.20678740171036,9.380672872512225,47.03564773334078,66.77753494444579,194.29123767951907,269.0033575999987
17,67237.057684,1,-0.787203068229398,18.030376491872886,263.54135076162163,7.083389902269045,40.037310789368725,6.258852438377278,179.65962433833428,9.584282309974304,199.4771853499418,286.4634667999926
18,67254.7138905,1,-0.7051482627879707,99.43330814698814,355.26473414139025,9.60712184866512,14.094762124886724,5.55449088193285,61.24420874444533,36.74105924477014,157.89929455172376,304.11967329999607
19,67271.8015944,1,0.8094896557128466,76.37641320922444,218.39496556146037,6.303098261745648,20.479689020569616,2.7085539173125124,104.05521033043374,5.279968046400931,155.16131853494602,321.20737720000034
20,67287.5660755,1,0.6286775890114232,36.41835513359944,344.3161646290664,7.9660704072123,12.134364295773725,1.9972455907768878,156.23277401858883,61.08199386624836,157.24990505953835,336.97185829999216
21,67304.8539935,1,-0.6571695054666981,93.09458283066171,359.82048412008044,9.058263316048482,14.094762124886724,5.5403777513066865,61.24420874444533,47.22852497565468,156.96700337715976,354.259776299994
22,67322.0901671,1,-0.5343817193009296,57.06509616259462,225.29503937662412,9.593361747925996,48.49766235248901,3.883966218363404,188.6049069739892,36.41429703895292,156.85903468910757,371.49594989999605
23,67339.2120456,1,-0.8060992959009121,50.13559785586112,263.77826197972763,5.276823942170884,39.98322369454487,6.090961197793438,36.57955617193623,61.58505827712381,181.82620854061548,388.6178283999907
24,67356.2234343,1,-0.7378186142174769,18.030376491872886,283.5019913517935,7.083389902269045,31.818844924933494,6.258852438377278,178.10906439498785,10.31402415048247,199.4771853499418,405.629217099995
25,67373.1933577,1,-0.5001539002597717,43.90238843499143,285.72732119690625,5.34603674140988,15.269691773875092,9.623589622958661,185.7477031532281,40.1879510041549,174.97155105882686,422.599140499995
26,67390.5531827,1,-0.8439669847458029,98.07028143325711,331.87348323857356,9.697554312564408,18.45992620363102,4.029676185688807,189.3152169883159,62.560980291541654,187.37378765538463,439.95896549998724
27,67407.8225826,1,-0.7945346838775438,50.727328458152456,223.93756588005792,9.044503215309357,28.718975000219597,3.8725833139871617,188.6049069739892,42.04858712826908,156.85903468910757,457.22836539999116
28,67424.9870172,1,-0.8369096838728726,63.28979714132979,204.00345448995597,6.81850407936085,47.45584577940346,3.969164924767521,103.15460361754464,46.63398069043453,155.99714537564944,474.3927999999869
29,67442.3486676,1,-0.647388818613678,16.95705826324095,204.24761078602722,9.702824576224018,21.425472411716864,7.244566872690705,196.16513232209505,14.731933404100264,185.94447366342084,491.75445039999613
30,67459.1499056,1,-0.7536503036192326,63.28979714132979,203.38611393912498,6.81850407936085,27.779015563895907,3.971895154045,103.15460361754464,41.78080504891511,155.99714537564944,508.55568839999614
31,67475.8603872,1,-0.1824852430949157,36.09610190093926,238.53903316750763,14.225805201015547,44.979727241983014,6.144368387872232,52.61189558842038,24.940148619774902,191.60058196842786,525.266169999988
32,67492.3902896,1,-0.032735606348406825,23.92068837263094,221.94249304348435,17.556922194865976,37.85094482343373,5.21997313620216,45.88339290351182,55.294170567458295,174.05552633657916,541.7960724000004
33,67509.372974,1,-0.7235377909380533,43.05088100217951,283.73890256978,5.276823942170884,31.764758087171945,6.090961197793438,32.536796042224246,61.353119475513076,181.82620854061548,558.7787567999912
34,67525.8369397,1,-0.032716109838977464,23.928695691186242,221.94249304348435,17.556922194865976,37.85094482343373,5.2456543541629586,45.88339290351182,28.872125954396207,174.05552633657916,575.2427224999992
35,67543.4358319,1,-0.8307922613213982,98.07028143325711,332.80214661689547,9.697554312564408,18.452118248136923,9.690711731513101,189.3152169883159,40.68719269019169,187.37378765538463,592.8416146999953
36,67560.5609026,1,-0.5052635453999131,43.90238843499143,284.79830338120576,5.34603674140988,15.277499729387896,3.8947037253856385,185.7477031532281,62.06173804677475,173.9318149428117,609.9666853999952
37,67577.1340349,1,0.6794237071442981,95.36572092989928,351.2722410919471,7.9645843951552875,24.204636282160056,1.8172854972264854,178.74596144089637,34.016460805659165,197.39251153794856,626.5398176999879
38,67593.9521142,1,-0.7871517096649374,18.639981496905857,263.54135076162163,7.083389902269045,40.037310789368725,6.258852438377278,141.21434847513146,9.584282309974304,163.87512168684498,643.3578969999944
39,67610.4471361,1,0.7946516449246669,96.36989310427215,341.74498293350734,8.228889448205953,24.19452988004278,1.8172854972264854,140.51463319340957,34.016460805659165,161.79260737723007,659.8529188999964
40,67631.3936635,1,-0.7051482627879707,99.43330814698814,355.26473414139025,9.60712184866512,14.094762124886724,5.55449088193285,61.24420874444533,36.74105924477014,157.89929455172376,680.7994462999923
41,67648.7388948,1,-0.8066285843788541,56.90634685004079,263.77826197972763,5.276823942170884,39.98322369454487,6.090961197793438,36.57955617193623,61.58505827712381,181.82620854061548,698.1446775999939
42,67665.2772966,1,-0.7945346838775438,50.727328458152456,223.93756588005792,9.044503215309357,28.718975000219597,3.8725833139871617,188.6049069739892,42.04858712826908,156.85903468910757,714.683079399998
43,67683.3017482,1,-0.8440928572047316,98.07028143325711,331.87348323857356,9.697554312564408,18.45992620363102,4.270598226238773,189.3152169883159,62.560980291541654,187.37378765538463,732.7075309999927
44,67700.3257778,1,-0.8060992959009121,50.13559785586112,263.77826197972763,5.276823942170884,39.98322369454487,6.090961197793438,36.57955617193623,61.58505827712381,181.82620854061548,749.7315605999902
45,67716.7937137,1,0.7565064856679616,98.07028143325711,207.88907556014004,9.697554312564408,16.871091707544853,4.029676185688807,189.3152169883159,60.74433476436595,151.95941350890533,766.1994964999903
46,67734.1618863,1,-0.7727666775115122,65.50289442382055,329.162296570581,6.81850407936085,27.779015563895907,3.971895154045,103.15460361754464,29.72504985009285,189.6081278006244,783.5676690999971
47,67751.377745,1,-0.7059719590532697,51.845835701181066,341.2834287678454,9.044503215309357,17.426938340643908,3.8725833139871617,196.01834329127144,42.04858712826908,184.1712714052898,800.7835277999984
48,67767.0403237,1,0.8089887430937868,96.9510350306379,215.6203172750022,9.697554312564408,26.569298669938455,9.690711731513101,189.31914360101445,40.68719269019169,156.42317647461263,816.4461064999923
49,67784.9053322,1,-0.7909626856787071,18.639981496905857,263.54135076162163,7.547712239308151,40.037310789368725,6.258852438377278,141.21434847513146,8.862294829234559,163.87512168684498,834.3111149999895
50,67801.8328946,1,-0.7674285441901186,75.34816861178565,203.38611393912498,6.81850407936085,27.779015563895907,3.9243669761969175,103.15460361754464,41.78080504891511,155.99714537564944,851.2386773999897
51,67819.2007021,1,-0.7180416521866814,99.43330814698814,355.26473414139025,9.887329120576492,14.094762124886724,5.55449088193285,61.24420874444533,38.28790268855941,157.89929455172376,868.6064848999958
52,67837.1337577,1,-0.8397463717741386,63.28979714132979,205.6377155725266,6.81850407936085,47.45584577940346,3.969164924767521,103.15460361754464,46.63398069043453,155.99714537564944,886.5395404999872
53,67854.4151899,1,-0.8439669847458029,98.07028143325711,331.87348323857356,9.697554312564408,18.45992620363102,4.029676185688807,189.3152169883159,62.560980291541654,187.37378765538463,903.8209726999921
54,67871.8809315,1,-0.8312095420927957,98.07028143325711,332.80214661689547,9.697554312564408,18.452118248136923,9.690711731513101,195.99361191133607,40.68719269019169,187.37378765538463,921.2867142999894
55,67889.1936748,1,-0.6607153879977835,19.71565374283128,272.69839968982393,7.277738624350071,18.45992620363102,3.9648892592565694,187.85340149124923,62.560980291541654,187.37378765538463,938.5994575999939
56,67906.4045217,1,-0.8889783941521976,97.61696849614916,322.71490860425024,9.503207004456666,38.028723806307354,6.323639428948058,147.79508704386063,9.584282309974304,163.87512168684498,955.810304499988
57,67923.821028,1,-0.8459831848399754,63.28979714132979,210.177669278141,6.81850407936085,47.45584577940346,3.7393801020786324,103.15460361754464,46.63398069043453,155.99714537564944,973.2268107999989
58,67941.1454887,1,-0.787203068229398,18.030376491872886,263.54135076162163,7.083389902269045,40.037310789368725,6.258852438377278,179.65962433833428,9.584282309974304,199.4771853499418,990.5512714999932
59,67958.5327208,1,-0.7235377909380533,43.05088100217951,283.73890256978,5.276823942170884,31.764758087171945,6.090961197793438,32.536796042224246,61.353119475513076,181.82620854061548,1007.9385035999876
60,67975.6791674,1,-0.7308230511759526,50.13559785586112,283.73890256978,5.276823942170884,31.764758087171945,5.706435785285555,32.536796042224246,60.76137935603763,177.58871236973098,1025.084950199991
61,67992.7774671,1,-0.798182444317892,20.818608817499538,209.87954192577985,6.81850407936085,40.058415497451925,3.7393801020786324,103.87200886399881,46.63398069043453,155.99714537564944,1042.1832498999865
62,68009.4224454,1,-0.8298772621924003,60.53381461611333,263.88476183475285,7.083389902269045,47.43420456102966,6.258852438377278,179.65962433833428,9.584282309974304,199.4771853499418,1058.8282282
63,68026.4246154,1,-0.8459831848399754,63.28979714132979,210.177669278141,6.81850407936085,47.45584577940346,3.7393801020786324,103.15460361754464,46.63398069043453,155.99714537564944,1075.8303981999925
64,68044.0445594,1,-0.8575074457013039,98.07028143325711,331.87348323857356,9.697554312564408,18.45992620363102,4.029676185688807,189.3152169883159,47.73563046473551,187.37378765538463,1093.450342199998
65,68060.8710518,1,-0.8066285843788541,56.90634685004079,263.77826197972763,5.276823942170884,39.98322369454487,6.090961197793438,36.57955617193623,61.58505827712381,181.82620854061548,1110.276834599994
66,68078.2572339,1,-0.8307922613213982,98.07028143325711,332.80214661689547,9.697554312564408,18.452118248136923,9.690711731513101,189.3152169883159,40.68719269019169,187.37378765538463,1127.6630166999967
67,68095.4366896,1,-0.8037433244249808,51.660966544100994,221.80067278062344,9.484012239405432,28.718975000219597,3.8637625300382594,147.0514729732476,9.993426601753734,164.0077312205408,1144.8424723999924
68,68112.8844135,1,-0.902147129841218,97.61696849614916,324.908297937428,9.063697980360592,38.028723806307354,6.332460309045285,189.3342371100358,41.643816500059614,156.7264273686482,1162.2901962999895
69,68129.7499813,1,-0.7570427886982511,48.54826704703295,266.49909033500944,5.373931974782343,37.26594984620194,6.090961197793438,151.25460184266007,10.079308216223161,181.82620854061548,1179.1557640999963
70,68147.097923,1,-0.9467860668051367,99.20198771114731,319.99393320673346,9.431590994654227,38.028723806307354,6.323639428948058,34.97582687887616,61.1267454966124,163.87512168684498,1196.503705799987
71,68164.536634,1,-0.8324837023464637,53.616095885968406,213.24942196841386,6.822500759406244,47.45584577940346,3.969164924767521,106.6732648378881,44.81272198599289,155.05481320112597,1213.9424167999969
72,68181.7294625,1,-0.8085636925551036,56.40993691404846,256.3110266825485,5.274159379649058,39.98322369454487,6.090961197793438,42.89060104742163,63.40631670046106,182.15911680986176,1231.1352453
73,68199.0480089,1,-0.8435848802909516,97.76960846582347,331.87348323857356,9.697554312564408,18.45992620363102,4.351210416850921,189.3152169883159,62.560980291541654,187.37378765538463,1248.453791699998
74,68216.3714226,1,-0.8831151199767096,98.07028143325711,331.87348323857356,9.697554312564408,21.236526319110148,4.0304804467721445,189.3152169883159,62.560980291541654,187.37378765538463,1265.7772053999943
75,68233.3132684,1,-0.8060992959009121,50.13559785586112,263.77826197972763,5.276823942170884,39.98322369454487,6.090961197793438,36.57955617193623,61.58505827712381,181.82620854061548,1282.7190511999943
76,68250.694713,1,-0.790530884065641,95.11454044490311,330.3845649967146,9.697554312564408,15.613297606134395,4.270598226238773,189.3152169883159,62.560980291541654,187.37378765538463,1300.1004957999976
77,68267.9067524,1,-0.843975228801005,98.07028143325711,331.87348323857356,9.697554312564408,18.45992620363102,4.035004637202569,189.3152169883159,62.560980291541654,187.37378765538463,1317.3125351999915
78,68285.2246571,1,-0.8371112917400465,63.28979714132979,204.00345448995597,6.81850407936085,47.45584577940346,3.963836473253759,103.15460361754464,46.63398069043453,155.99714537564944,1334.6304398999928
79,68302.5846546,1,-0.843978447208816,98.07028143325711,331.87348323857356,9.697554312564408,18.460638676710683,4.029676185688807,189.3152169883159,62.560980291541654,187.37378765538463,1351.9904373999889
80,68319.9755566,1,-0.8307823339659017,98.07028143325711,332.80214661689547,9.697554312564408,18.451405775057257,9.690711731513101,189.3152169883159,40.68719269019169,187.37378765538463,1369.381339399988
81,68336.6966827,1,-0.902147129841218,97.61696849614916,324.908297937428,9.063697980360592,38.028723806307354,6.332460309045285,189.3342371100358,41.643816500059614,156.7264273686482,1386.1024654999928
82,68354.0882583,1,-0.8889783941521976,97.61696849614916,322.71490860425024,9.503207004456666,38.028723806307354,6.323639428948058,147.79508704386063,9.584282309974304,163.87512168684498,1403.4940410999989
83,68370.7070435,1,-0.8450099986347127,63.28979714132979,210.177669278141,6.81850407936085,47.45584577940346,3.7393801020786324,103.15460361754464,46.63398069043453,154.05822221580019,1420.1128262999991
84,68388.2217224,1,-0.8459831848399754,63.28979714132979,210.177669278141,6.81850407936085,47.45584577940346,3.7393801020786324,103.15460361754464,46.63398069043453,155.99714537564944,1437.6275051999983
85,68405.3894956,1,-0.8822106836248299,98.07028143325711,331.87348323857356,9.697554312564408,21.236526319110148,3.7507830071274046,187.28891291235539,62.560980291541654,187.37378765538463,1454.7952783999935
86,68422.9145622,1,-0.8790216356643944,98.42226087877418,332.5309270969135,6.187970237932127,49.74895983049648,3.7393801020786324,182.80602633141862,46.710789443481616,155.99714537564944,1472.320345
87,68440.0641515,1,-0.7251025796925303,64.20907932527578,210.07774298375764,9.830977423020574,15.899242337497583,4.029676185688807,103.45291297179632,47.65882171168842,187.37378765538463,1489.4699342999957
88,68457.2666668,1,-0.9467860668051367,99.20198771114731,319.99393320673346,9.431590994654227,38.028723806307354,6.323639428948058,34.97582687887616,61.1267454966124,163.87512168684498,1506.6724495999952
89,68474.6639322,1,-0.8437579943382412,98.07028143325711,331.87348323857356,9.697554312564408,18.45992620363102,3.9314668689691703,190.7831151013265,62.560980291541654,187.37378765538463,1524.0697149999905
90,68492.1767056,1,-0.8568243444555406,97.6072491333262,324.908297937428,9.69486560835598,38.028723806307354,6.332460309045285,189.33412231724688,60.16966268438363,156.7264273686482,1541.5824883999885
91,68509.4898756,1,-0.8321538560404804,98.08000079608007,331.87348323857356,9.066386684569023,18.45992620363102,4.270598226238773,189.31533178110485,54.77936065749777,187.37378765538463,1558.895658399997
92,68526.7305556,1,-0.8606204550917862,100.26252790592699,331.87348323857356,9.697554312564408,18.459891157135168,4.029676185688807,189.3152169883159,47.73563046473551,187.37378765538463,1576.1363383999997
93,68546.288094,1,-0.8427219275180544,98.07028143325711,334.4978803052582,9.697554312564408,18.460673723206533,3.992968424847069,189.8593597057181,62.560980291541654,187.37378765538463,1595.6938767999964
94,68563.6196789,1,-0.9677036480026758,99.20198771114731,319.99393320673346,9.431590994654227,36.73294212774128,6.323639428948058,34.97582687887616,61.1267454966124,163.276795799703,1613.0254616999882
95,68580.3910407,1,-0.8518354446231853,63.28979714132979,213.649635348405,6.81850407936085,47.45584577940346,3.969164924767521,103.15460361754464,46.63398069043453,155.99714537564944,1629.7968234999862
96,68597.941619,1,-0.8441201404011799,98.08844149437132,331.87348323857356,9.697554312564408,18.45992620363102,4.270598226238773,189.3152169883159,62.560980291541654,187.37378765538463,1647.347401799998
97,68616.0826501,1,-0.85045595811219,97.75144840470924,331.87348323857356,9.697554312564408,18.45992620363102,4.351210416850921,189.3152169883159,62.560980291541654,190.61093672103922,1665.4884328999906
98,68633.5090605,1,-0.8554723822636053,98.07028143325711,331.87348323857356,9.697554312564408,18.45992620363102,4.326196246005043,189.3152169883159,62.560980291541654,192.8327257052313,1682.9148432999937
99,68650.7364331,1,-0.8578185868492426,98.07028143325711,331.87348323857356,9.697554312564408,18.45992620363102,4.035004637202569,189.3152169883159,45.942704304376896,187.37378765538463,1700.1422158999922
100,68668.393565,1,-0.9671783970987167,99.16172007361835,319.97038223055546,9.431843751111078,36.73294212774128,6.323639428948058,36.04349525963019,61.1267454966124,163.276795799703,1717.799347799999
101,68685.4137547,1,-0.8884310676798114,97.65723613367813,322.73845958042824,9.502954247999813,38.028723806307354,6.323639428948058,147.8428022832747,9.584282309974304,161.9428584213071,1734.8195374999923
102,68702.6238567,1,-0.8575074457013039,98.07028143325711,331.87348323857356,9.697554312564408,18.45992620363102,4.029676185688807,189.3152169883159,47.73563046473551,187.37378765538463,1752.0296394999896
103,68719.7149485,1,-0.8559360284020567,98.42226087877418,332.5309270969135,6.187970237932127,44.02095368221715,3.7393801020786324,199.82708649642393,46.710789443481616,155.99714537564944,1769.1207312999904
104,68737.1600289,1,-0.8166872210332913,84.34034034405076,332.5309270969135,6.375425097777494,37.74748485005435,3.7393801020786324,182.80602633141862,46.710789443481616,155.99714537564944,1786.5658116999984
105,68754.003225,1,-0.6947122071161712,97.61182657561686,322.71490860425024,9.315927407648378,49.72763779461401,6.323639428948058,147.79508704386063,9.584282309974304,163.87512168684498,1803.4090077999863
106,68771.5734755,1,-0.9013038181930557,97.65958473157676,322.7391602116266,9.430383949446993,37.93453271343046,6.323639428948058,147.79508704386063,59.1311763373322,163.8763907554573,1820.9792582999944
107,68788.7516814,1,-0.9619605066904645,97.12835911752522,319.9696815993571,9.504414049663898,36.82713322061818,5.737312719036039,34.97582687887616,10.873896571433795,163.27552673109068,1838.1574641999905
108,68806.3906666,1,-0.9302314255488289,99.20198771114731,319.99393320673346,9.715051564173267,38.028723806307354,5.468782735761715,34.97582687887616,61.1267454966124,163.87512168684498,1855.7964493999898
109,68823.1081847,1,-0.8831151199767096,98.07028143325711,331.87348323857356,9.697554312564408,21.236526319110148,4.0304804467721445,189.3152169883159,62.560980291541654,187.37378765538463,1872.5139674999955
110,68840.0797752,1,0.7132179714814905,106.3050544799905,325.02300516768355,9.69486560835598,18.0938915902677,4.076533771824181,189.33412231724688,46.522505254267365,156.7264273686482,1889.4855580000003
111,68856.7874824,1,-0.8958586150440757,97.6272337238854,331.75877600831353,9.697554312564408,37.91758243868307,6.290931200922811,189.3152169883159,59.5898617305622,186.44790611731258,1906.193265199996
112,68874.2606979,1,-0.8889783941521976,97.61696849614916,322.71490860425024,9.503207004456666,38.028723806307354,6.323639428948058,147.79508704386063,9.584282309974304,163.87512168684498,1923.6664806999906
113,68891.2893399,1,-0.902147129841218,97.61696849614916,324.908297937428,9.063697980360592,38.028723806307354,6.332460309045285,189.3342371100358,41.643816500059614,156.7264273686482,1940.6951226999954
114,68908.6690995,1,-0.8912377816526791,97.61696849614916,324.7637584904648,9.503207004456666,38.028723806307354,6.3236345809922785,147.79508704386063,11.758162357737174,163.87512168684498,1958.0748822999885
115,68925.4545327,1,-0.9021205608662484,97.61696849614916,322.8594480512134,9.063697980360592,38.028723806307354,6.3324651570010655,189.3342371100358,41.643816500059614,156.7264273686482,1974.8603154999873
116,68942.9396279,1,-0.8923624749129928,97.6072491333262,324.908297937428,9.69486560835598,35.72400627750108,6.332460309045285,189.33412231724688,60.16966268438363,156.7264273686482,1992.3454106999998
117,68959.3199523,1,1.002405820561078,105.69745011599893,319.99393320673346,9.431590994654227,38.028723806307354,6.323639428948058,42.593951919632666,61.1267454966124,163.87512168684498,2008.7257350999862
118,68977.755981,1,-0.9201772958728667,89.27943481988687,319.99393320673346,9.431590994654227,38.028723806307354,7.784827783361864,34.97582687887616,61.1267454966124,160.9257875460528,2027.161763799988
119,68994.7785429,1,-0.9467860668051367,99.20198771114731,319.99393320673346,9.431590994654227,38.028723806307354,6.323639428948058,34.97582687887616,61.1267454966124,163.87512168684498,2044.1843257
120,69012.2320348,1,-0.8892868584265681,99.26119307745938,335.19410495619695,9.503207004456666,38.73031259820253,6.323639428948058,127.24096401046907,9.584282309974304,163.90263786604984,2061.6378176
121,69029.5243778,1,-0.9572169113931167,98.08805674974863,319.99393320673346,9.431590994654227,36.73294212774128,6.323639428948058,56.23804527834529,61.1267454966124,163.24927962049813,2078.9301605999935
122,69047.6269003,1,-0.9641733037374908,99.27867841390834,322.3511049326145,9.124439656505132,38.028723806307354,6.340440310533852,39.472339280784524,39.655105619093376,156.7264273686482,2097.0326830999984
123,69064.3394332,1,-0.8132450077543695,97.54027779338814,320.50227632533245,10.42798051314856,38.028723806307354,5.4608075822284885,185.9118859369226,63.115454437897455,163.87512168684498,2113.7452159999957
124,69081.5227221,1,-0.9020253866687132,97.6125216697531,319.97038223055546,9.431843751111078,36.73294212774128,6.323639428948058,180.13378701886109,62.133343389073765,163.276795799703,2130.928504899988
125,69098.6076576,1,-0.9695027665511247,99.1661669000144,324.908297937428,9.063697980360592,37.65355119804845,6.332460309045285,45.960990071043284,40.637218004398775,156.7264273686482,2148.013440399998
126,69115.5949263,1,-0.9446433187897875,99.20198771114731,319.99393320673346,9.431590994654227,38.028723806307354,6.323639428948058,39.484011533628276,61.1267454966124,163.87512168684498,2165.000709099986
127,69132.1885667,1,-0.9481445643293771,99.20198771114731,319.99393320673346,9.431590994654227,38.028723806307354,6.323639428948058,31.587467982982922,61.1267454966124,163.75148570675685,2181.5943494999956
128,69149.6131582,1,-0.8908825366000431,97.61696849614916,290.49495276932214,9.063697980360592,38.028723806307354,6.332460549253907,189.3342371100358,41.643816500059614,156.7264273686482,2199.0189409999875
129,69167.0771064,1,-0.9021392019801688,97.61696849614916,324.908297937428,9.063697980360592,38.028723806307354,6.332464916792444,189.3342371100358,41.643816500059614,156.7264273686482,2216.482889199993
130,69184.3705672,1,-0.9222849371419619,99.16172007361835,319.97038223055546,9.425359319032406,36.65414458598225,6.3236392451193115,148.52263176573845,58.04769874901861,163.85875406672272,2233.77635
131,69201.945324,1,-0.9384519085665635,97.61696849614916,324.7637584904648,9.509691436535338,38.107521348066385,6.3236347648210245,36.30353112946756,14.850579180632543,163.29316341982525,2251.3511067999934
132,69219.330195,1,-0.94424243725201,99.22793730101517,319.9696815993571,9.504414049663898,37.993226035612786,5.737312719036039,34.97582687887616,10.873896571433795,163.88758108307005,2268.7359777999955
133,69236.6947717,1,-0.9632239366984169,97.10240952765736,319.99393320673346,9.431590994654227,36.86263099131275,6.323639428948058,34.97582687887616,62.97644886338282,164.38086815130603,2286.1005544999935
134,69253.955595,1,-0.9633785780735674,97.30237036979585,319.99393320673346,9.50552191346279,36.73294212774128,6.304606722373277,30.297424102849526,60.82364696792893,163.27553705235383,2303.3613778
135,69271.2012919,1,-0.9684689211626641,99.02797645887668,319.9696815993571,9.430483130855336,36.82713322061818,5.756345425610815,34.97582687887616,11.19844262870997,163.27678547843985,2320.6070746999903
136,69288.1549595,1,-0.8947932188754834,89.27943481988687,317.5654795065618,9.431590994654227,39.52728919053907,7.784827783361864,34.97582687887616,61.1267454966124,160.9257875460528,2337.560742299989
137,69305.5495246,1,-0.9371273487774211,91.5856249704122,319.99393320673346,9.431590994654227,38.028723806307354,6.323639428948058,34.97582687887616,61.1267454966124,163.87512168684498,2354.9553073999996
138,69322.444297,1,-0.9338998698402057,89.5999937069,319.99393320673346,9.431590994654227,38.028723806307354,6.28748175631485,34.71134472360576,61.1267454966124,160.89275508278007,2371.8500797999877
139,69339.5435756,1,-0.9385087453852714,101.80224438305406,319.99393320673346,9.431590994654227,38.028723806307354,7.73729743501591,34.97582687887616,61.1267454966124,167.38426188721078,2388.9493583999865
140,69355.6175994,1,1.0123555748615054,100.8900859600108,305.80266976601274,9.50552191346279,36.73294212774128,6.304606722373277,30.187920745945824,60.82364696792893,163.27553705235383,2405.0233821999864
141,69372.9941293,1,-0.9455297274642631,99.20198771114731,317.0856479375307,9.431590994654227,38.028723806307354,6.323639428948058,34.97582687887616,61.1267454966124,163.87512168684498,2422.3999120999943
142,69389.3914152,1,-0.9467860668051367,99.20198771114731,319.99393320673346,9.431590994654227,38.028723806307354,6.323639428948058,34.97582687887616,61.1267454966124,163.87512168684498,2438.797198
143,69407.10722,1,-0.9328164187909627,98.34492056782018,319.97038223055546,9.736427359030968,37.556174240677045,6.323639428948058,36.04349525963019,61.1267454966124,163.276795799703,2456.5130027999985
144,69424.0332584,1,-0.9663214047152842,99.16075530474599,319.97038223055546,9.431843751111078,36.73294212774128,6.291651190826984,36.04349525963019,10.335394112599111,163.276795799703,2473.439041199992
145,69441.8451732,1,-0.9632941721543056,97.12932388639759,319.9696815993571,9.504414049663898,36.82713322061818,5.7693009571571086,34.97582687887616,61.69952260456437,165.18534432061819,2491.250955999989
146,69458.6358929,1,-0.9425558380615847,99.20198771114731,319.94083306660616,9.431590994654227,38.242113938923865,6.323639428948058,34.97582687887616,61.1267454966124,163.276795799703,2508.041675699991
147,69475.9102513,1,-0.9549712796593508,97.10240952765736,351.83775029172114,9.431590994654227,36.86263099131275,6.5451565152608016,34.97582687887616,62.97644886338282,164.38086815130603,2525.3160340999893
148,69492.7975914,1,-0.9446433187897875,99.20198771114731,319.99393320673346,9.431590994654227,38.028723806307354,6.323639428948058,39.484011533628276,61.1267454966124,163.87512168684498,2542.2033741999912
149,69510.3848815,1,-0.9467860668051367,99.20198771114731,319.99393320673346,9.431590994654227,38.028723806307354,6.323639428948058,34.97582687887616,61.1267454966124,163.87512168684498,2559.790664299988
150,69527.6108251,1,-0.9449161518465291,99.20198771114731,319.99393320673346,9.431590994654227,38.028723806307354,6.323639428948058,39.484011533628276,61.1267454966124,164.80883703265377,2577.01660789999
151,69544.9824773,1,-0.9481445643293771,99.20198771114731,319.99393320673346,9.431590994654227,38.028723806307354,6.323639428948058,31.587467982982922,61.1267454966124,163.75148570675685,2594.388260099993
152,69562.0925002,1,-0.9694544159754943,99.02797645887668,325.7619299628619,9.430483130855336,36.82713322061818,5.756345425610815,34.97582687887616,11.19844262870997,163.27678547843985,2611.4982829999935
153,69579.1950584,1,-0.9483067900060954,99.20198771114731,319.99393320673346,9.431590994654227,38.028723806307354,6.323639428948058,31.587467982982922,58.513394483693865,163.75148570675685,2628.6008411999937
154,69595.2712176,1,1.0298882928670705,97.12835911752522,319.9696815993571,12.541557260981874,36.73336438166759,5.737312719036039,30.37141028068358,8.903949391538195,163.27552673109068,2644.677000399999
155,69611.7164506,1,1.014203549589703,102.70615493590965,319.99393320673346,10.068737084809923,36.82671096669187,6.304606722373277,34.931667981130346,62.878016352113576,163.27553705235383,2661.1222333999904
156,69628.9120049,1,-0.9679827990122646,99.20198771114731,319.99393320673346,9.431590994654227,36.73294212774128,6.323639428948058,34.97582687887616,61.1267454966124,164.24449536077634,2678.317787699998
157,69646.2829646,1,-0.9743526070496549,103.36609598608786,324.908297937428,9.063697980360592,37.65355119804845,6.332460309045285,45.960990071043284,39.4853762753474,156.7264273686482,2695.688747399996
158,69662.96551,1,-0.9729552735636546,98.8910018330413,324.908297937428,9.063697980360592,37.65355119804845,5.726956394072916,45.960990071043284,40.637218004398775,156.7264273686482,2712.3712927999877
159,69681.1349953,1,-0.9694718032088053,99.02797645887668,319.9696815993571,9.430483130855336,36.76904305295796,5.756345425610815,34.97582687887616,10.914769921451047,163.93330913491397,2730.540778099996
160,69698.7615938,1,-0.9712791749766418,103.36609598608786,311.9587424236835,9.063697980360592,37.65355119804845,6.332460309045285,45.960990071043284,42.218306389788665,156.7264273686482,2748.1673765999876
161,69715.9953955,1,-0.971716642651725,99.02797645887668,319.9696815993571,9.430483130855336,36.76904305295796,5.756345425610815,34.97582687887616,22.6239023251554,163.93330913491397,2765.401178299988
162,69732.9412054,1,-0.9688209308046961,99.02061435644816,320.1272000766402,9.063697980360592,37.68333511648507,6.332460309045285,45.960990071043284,40.637218004398775,156.9681461178916,2782.3469881999918
163,69749.8002641,1,-0.9708307373514534,99.17352900244293,324.75077946014494,9.430483130855336,36.73925913452135,5.756345425610815,34.97582687887616,10.914769921451047,163.69159180796342,2799.206046899999
164,69766.702575,1,-0.9619605066904645,97.12835911752522,319.9696815993571,9.504414049663898,36.82713322061818,5.737312719036039,34.97582687887616,10.873896571433795,163.27552673109068,2816.108357799996
165,69784.0525145,1,-0.9878405028783569,99.16075530474599,319.97038223055546,8.66035832573191,36.73294212774128,6.291651190826984,36.04349525963019,10.335394112599111,163.276795799703,2833.4582972999924
166,69800.325736,1,1.0093019723920895,105.89592653612495,319.96988224427986,9.461847228346123,36.82914068460669,6.323639428948058,34.97582687887616,61.1267454966124,163.276795799703,2849.731518799992
167,69817.4396649,1,-0.9673275558962305,99.25063996012473,319.99373256181076,9.504414049663898,36.73093466375277,5.7693009571571086,34.97582687887616,61.69952260456437,165.18534432061819,2866.8454476999905
168,69834.3620737,1,-0.9672390146252325,99.02711259032479,319.99393320673346,9.431747938879232,36.73294212774128,6.323639428948058,34.97582687887616,62.69554701470891,163.2767867295832,2883.767856499995
169,69850.992875,1,-0.9691457072412819,99.20285157969921,325.7619299628619,9.430326186630333,36.82713322061818,5.784554029832321,34.97582687887616,9.687682729638173,163.27679454855962,2900.3986577999895
170,69868.6523685,1,-0.9821033602421668,98.86661304596853,324.908297937428,9.069778879124426,36.81878062142365,5.726956394072916,45.656690849882594,40.637218004398775,156.7264273686482,2918.0581512999925
171,69885.5453518,1,-0.9486544164470013,97.12835911752522,319.9696815993571,9.498333150900065,37.66190379724298,5.737312719036039,35.28032177589473,10.873896571433795,165.7889843369792,2934.9511345999927
172,69903.0332113,1,-0.9780612118581768,99.02797645887668,317.98399061359675,9.093865306276937,36.82713322061818,5.756345425610815,45.51491630703424,11.19844262870997,155.898035666344,2952.438994099997
173,69920.2498646,1,-0.9576847479821562,99.1661669000144,324.908297937428,9.400315804938993,37.65355119804845,6.332460309045285,35.42209097172199,28.32408037465792,164.10519700636104,2969.6556473999954
174,69937.6833432,1,-0.9696856808194012,99.02797645887668,325.7619299628619,9.430483130855336,36.82713322061818,5.756345425610815,34.97582687887616,11.19844262870997,165.78584221210542,2987.0891259999917
175,69954.5916986,1,-0.9632239366984169,97.10240952765736,319.99393320673346,9.431590994654227,36.86263099131275,6.323639428948058,34.97582687887616,62.97644886338282,164.38086815130603,3003.997481399987
176,69972.1750084,1,-0.9779805658266063,98.8910018330413,324.908297937428,8.937800278029368,37.65355119804845,5.726956394072916,45.960990071043284,40.637218004398775,156.7264273686482,3021.5807911999873
177,69989.4159102,1,-0.9572169113931167,98.08805674974863,319.99393320673346,9.431590994654227,36.73294212774128,6.323639428948058,56.23804527834529,61.1267454966124,163.24927962049813,3038.821692999991
178,70007.1161031,1,-0.9672959212555858,99.27867841390834,322.3511049326145,9.06370500652608,38.028723806307354,6.341018394944028,39.472339280784524,39.655105619093376,156.7264273686482,3056.521885899987
179,70024.0955418,1,-0.9724654434757545,103.36609598608786,324.908297937428,9.124432630339646,37.65355119804845,6.331882224635109,43.60030154003938,39.4853762753474,156.7264273686482,3073.501324599987
180,70041.8025354,1,-0.9047357370992946,98.43064919273219,325.7619299628619,9.430483130855336,40.45789123612086,5.756345425610815,34.97582687887616,11.19844262870997,163.27678547843985,3091.2083181999915
181,70058.193553,1,-0.972294452579233,99.17352900244293,324.75077946014494,9.430483130855336,36.73925913452135,5.756345425610815,32.43086813322432,10.914769921451047,163.69159180796342,3107.599335799998
182,70075.9712336,1,-0.9700082766645902,96.62853171157238,324.908297937428,9.063697980360592,37.65355119804845,5.726956394072916,45.960990071043284,40.637218004398775,156.7264273686482,3125.377016399987
183,70093.2681401,1,-0.9708307373514534,99.17352900244293,324.75077946014494,9.430483130855336,36.73925913452135,5.756345425610815,34.97582687887616,10.914769921451047,163.69159180796342,3142.673922899994
184,70109.2717299,1,0.9966478952945511,112.79749571148358,325.7619299628619,9.430326186630333,36.82713322061818,5.784554029832321,46.45056938726677,9.687682729638173,163.27679454855962,3158.6775127
185,70126.1989133,1,-0.9722706498619362,102.17727764784817,320.1272000766402,9.063697980360592,37.68333511648507,6.332460309045285,45.960990071043284,40.637218004398775,156.9681461178916,3175.6046960999956
186,70143.8097501,1,-0.9689319760594254,99.02061435644816,320.1272000766402,9.063697980360592,37.68333511648507,6.332460309045285,45.960990071043284,39.08523348204933,156.9681461178916,3193.2155328999943
187,70160.5273432,1,-0.925838406873955,103.36609598608786,324.908297937428,9.063697980360592,40.71002765488549,6.332460309045285,45.960990071043284,39.4853762753474,156.7264273686482,3209.933125999989
188,70177.6415293,1,-0.9780612118581768,99.02797645887668,317.98399061359675,9.093865306276937,36.82713322061818,5.756345425610815,45.51491630703424,11.19844262870997,155.898035666344,3227.047312099996
189,70194.4867528,1,-0.9779805658266063,98.8910018330413,324.908297937428,8.937800278029368,37.65355119804845,5.726956394072916,45.960990071043284,40.637218004398775,156.7264273686482,3243.8925355999963
190,70211.9112613,1,-0.9695239523390362,99.02797645887668,319.9696815993571,9.430483130855336,36.76904305295796,5.756345425610815,34.97582687887616,11.13334082996535,163.93330913491397,3261.3170440999966
191,70229.9302326,1,-0.9985917632598492,103.71348732915737,319.97038223055546,8.66035832573191,36.73294212774128,5.467385841763865,36.04349525963019,10.335394112599111,163.276795799703,3279.3360153999965
192,70247.8292691,1,-0.9664633191524236,99.16075530474599,319.97038223055546,9.428861844477002,36.733937147719004,6.291651190826984,36.04349525963019,10.335394112599111,163.21018605419414,3297.2350518999883
193,70265.1321296,1,-0.9959801808474407,99.02797645887668,319.9696815993571,8.661979612110343,36.768048032980246,5.756345425610815,31.124626929685427,22.6239023251554,163.99991888042285,3314.5379123999883
194,70282.7733225,1,-0.9848563308054933,98.8910018330413,324.908297937428,8.937800278029368,36.883251969575035,5.725119919167465,45.52798900818947,40.637218004398775,155.93908196143184,3332.1791052999906
195,70300.0037699,1,-0.9688701700267237,99.02797645887668,317.98399061359675,9.093865306276937,37.59743244909159,5.758181900516266,45.94791736988805,11.19844262870997,156.68538107356034,3349.409552699988
196,70317.2615517,1,-0.9761428446694983,104.38466599337036,324.908297937428,9.132727893411543,37.62439610547653,5.726956394072916,45.656690849882594,39.46280570840278,156.7264273686482,3366.667334499987
197,70334.5214136,1,-0.9783188200174593,98.34814404769568,324.908297937428,9.061483616052529,36.84793571399556,6.331882224635109,43.60030154003938,40.6597885713434,156.7264273686482,3383.9271963999927
198,70352.1611834,1,-0.9681940395507759,99.2073360357262,319.99393320673346,9.42940537682525,36.73276209811407,6.319042979736749,34.97582687887616,23.450718017834213,157.26565415159703,3401.5669662
199,70369.7155859,1,-0.9812677816328401,98.86126472138966,324.908297937428,9.071964496953404,36.81896065105085,5.731552843284219,45.656690849882594,61.58332970136266,163.7052704176861,3419.121368699998
200,70387.2687868,1,-0.9734806217795519,98.86661304596853,324.908297937428,9.368340603561142,35.51968431253476,7.630937521355264,36.30122644128311,40.637218004398775,156.7264273686482,3436.6745696
201,70404.2174806,1,-0.9844365952281956,99.16075530474599,319.97038223055546,8.66035832573191,36.73294212774128,6.188329679068729,45.39898633333578,10.335394112599111,163.276795799703,3453.62326339999
202,70421.4483547,1,-0.9729552735636546,98.8910018330413,324.908297937428,9.063697980360592,37.65355119804845,5.726956394072916,45.960990071043284,40.637218004398775,156.7264273686482,3470.8541374999913
203,70438.4502188,1,-0.9985917632598492,103.71348732915737,319.97038223055546,8.66035832573191,36.73294212774128,5.467385841763865,36.04349525963019,10.335394112599111,163.276795799703,3487.8560015999974
204,70456.2523812,1,-0.9950747717877368,103.71348732915737,319.97038223055546,8.66035832573191,34.68715279994725,5.467385841763865,36.04349525963019,10.335394112599111,163.276795799703,3505.658163999993
205,70473.3218603,1,-0.9780612118581768,99.02797645887668,317.98399061359675,9.093865306276937,36.82713322061818,5.756345425610815,45.51491630703424,11.19844262870997,155.898035666344,3522.727643099992
206,70490.9641439,1,-0.9853815117409581,98.86661304596853,324.908297937428,8.932705374512802,36.83047329303561,5.726956394072916,46.01271135203354,40.637218004398775,156.7264273686482,3540.36992669999
207,70507.9655171,1,-0.9619884293119784,98.8910018330413,327.82433513972677,9.07487378264099,29.980805228329608,5.726956394072916,45.604969568892336,40.637218004398775,156.7264273686482,3557.371299899998
208,70525.278287,1,-0.9562584770186061,98.85216605364798,324.908297937428,9.071964496953404,38.7787462222565,5.731552843284219,45.656690849882594,61.58332970136266,163.7052704176861,3574.684069799987
209,70542.557947,1,-0.9785483763433371,98.35724271543737,324.908297937428,9.061483616052529,36.82091778714745,6.331882224635109,43.60030154003938,40.6597885713434,156.7264273686482,3591.963729799987
210,70560.007705,1,-0.9724631582920943,99.02797645887668,317.98399061359675,9.093865306276937,37.32552436464999,5.756345425610815,45.51491630703424,11.19844262870997,155.898035666344,3609.4134877999895
211,70577.3098068,1,-0.9866643466816655,98.8910018330413,324.908297937428,8.937800278029368,36.883251969575035,5.725119919167465,41.29419200085974,40.637218004398775,155.93908196143184,3626.7155895999895
212,70595.1313643,1,-0.9764100570894327,99.02797645887668,317.98399061359675,8.134987150523125,36.82713322061818,5.724734178781677,45.65673178738723,11.19844262870997,156.7897834733198,3644.537147099996
213,70612.0312762,1,-1.0001448397529131,104.38466599337036,324.908297937428,9.132727893411543,34.829619759767816,5.758567640902054,45.514875369529605,39.46280570840278,155.83467956167237,3661.437058999989
214,70629.8014948,1,-0.9701431028847873,98.86126472138966,324.908297937428,9.071964496953404,37.75780059731315,5.886018450702372,45.656690849882594,59.78042965053056,163.7052704176861,3679.2072775999986
215,70646.7131663,1,-0.9856584532669957,98.8910018330413,329.1045611469142,8.937800278029368,36.714711251786156,5.726988117897529,45.960990071043284,40.637218004398775,156.7264273686482,3696.118949099997
216,70664.0480782,1,-0.9907322523296005,103.36609598608786,319.6009860672574,8.297483249162852,37.65355119804845,5.799341778761743,45.960990071043284,39.4853762753474,156.8819063411307,3713.4538609999872
217,70680.9420456,1,-0.9916237186883687,99.02797645887668,325.2769934695276,8.661979612110343,36.768048032980246,6.289463955894352,31.124626929685427,22.6239023251554,163.84444148097342,3730.3478283999866
218,70698.1778949,1,-0.9959801808474407,99.02797645887668,319.9696815993571,8.661979612110343,36.768048032980246,5.756345425610815,31.124626929685427,22.6239023251554,163.99991888042285,3747.583677699993
219,70715.4817836,1,-0.9860707864861035,100.17832579386443,319.97038223055546,8.66035832573191,36.73294212774128,6.291651190826984,43.03950949205595,10.335394112599111,163.276795799703,3764.8875663999934
220,70732.7402708,1,-1.0023167963443265,103.83741001511186,319.9696815993571,8.661979612110343,36.768048032980246,5.756345425610815,31.124626929685427,22.6239023251554,166.9646136563459,3782.146053599994
221,70750.2770077,1,-0.9927977040942398,98.90405377288697,319.97038223055546,8.66035832573191,36.73294212774128,5.467385841763865,36.04349525963019,10.335394112599111,163.96142763183695,3799.6827904999955
222,70767.2661702,1,-0.9985917632598492,103.71348732915737,319.97038223055546,8.66035832573191,36.73294212774128,5.467385841763865,36.04349525963019,10.335394112599111,163.276795799703,3816.6719529999973
223,70784.9513433,1,-0.9782568693717837,93.58406628500327,324.908297937428,8.937800278029368,36.883251969575035,5.725119919167465,41.29419200085974,40.637218004398775,154.41489058731722,3834.357126099989
224,70802.4471396,1,-0.9825804746495443,104.61517541773182,314.247305675818,7.935573089922944,37.65355119804845,5.799341778761743,45.960990071043284,39.4853762753474,156.8819063411307,3851.852922399994
225,70820.3986523,1,-1.0001448397529131,104.38466599337036,324.908297937428,9.132727893411543,34.829619759767816,5.758567640902054,45.514875369529605,39.46280570840278,155.83467956167237,3869.804435099999
226,70837.5505854,1,-0.9916237186883687,99.02797645887668,325.2769934695276,8.661979612110343,36.768048032980246,6.289463955894352,31.124626929685427,22.6239023251554,163.84444148097342,3886.956368199986
227,70854.9612177,1,-0.9985917632598492,103.71348732915737,319.97038223055546,8.66035832573191,36.73294212774128,5.467385841763865,36.04349525963019,10.335394112599111,163.276795799703,3904.3670004999876
228,70871.6556391,1,-0.9863398710658056,98.8910018330413,324.908297937428,8.937800278029368,36.883251969575035,5.725119919167465,41.29419200085974,40.637218004398775,154.97987425646733,3921.061421899998
229,70888.9058,1,-0.9903010372841976,99.02797645887668,325.2769934695276,8.661979612110343,36.768048032980246,6.44640739888124,31.124626929685427,22.6239023251554,163.84444148097342,3938.3115827999864
230,70905.1826531,1,1.0119784413159825,104.38466599337036,324.908297937428,9.647997260810042,36.687590562677634,5.758567640902054,31.818064870048225,39.46280570840278,165.0827153638224,3954.58843589999
231,70922.4559457,1,-0.982679699321456,99.02797645887668,319.9696815993571,8.637845504084664,38.10891181247759,5.756345425610815,44.88480705270992,22.6239023251554,156.0100770039645,3971.8617284999928
232,70939.7031264,1,-0.9985917632598492,103.71348732915737,319.97038223055546,8.66035832573191,36.73294212774128,5.467385841763865,36.04349525963019,10.335394112599111,163.276795799703,3989.1089091999893
233,70956.8510163,1,-0.9860707864861035,100.17832579386443,319.97038223055546,8.66035832573191,36.73294212774128,6.291651190826984,43.03950949205595,10.335394112599111,163.276795799703,4006.256799099996
234,70974.6217644,1,-0.9861403443092122,98.99951510886304,319.97045726365576,8.6604020304633,34.15634839684269,5.467385841763865,36.04349525963019,11.676577978140049,163.276795799703,4024.027547199992
235,70993.6976314,1,-0.9967534179650402,103.7419486791538,319.9696065662568,8.661935907378952,34.45467558895247,5.756345425610815,31.124626929685427,21.282722684666528,163.99991888042285,4043.103414199999
236,71011.0878973,1,-0.9650822766250005,82.3303069392602,319.97036794951157,8.660447822869365,36.05961350073596,5.756345425610815,31.124626929685427,24.82091135318184,163.99991888042285,4060.4936801000003
237,71028.5551761,1,-0.9825998931329502,99.73380723723271,319.969695880401,8.661890114972888,37.28296391144006,6.188329679068729,45.39898633333578,8.138801228312602,163.276795799703,4077.9609588999883
238,71045.8726417,1,-0.9916837732966608,103.36609598608786,319.6009860672574,8.297483249162852,37.65355119804845,5.799341778761743,45.960990071043284,39.4853762753474,159.29560802580633,4095.278424499993
239,71063.060681,1,-0.9861912351531292,99.16075530474599,319.97038223055546,8.775725924089391,36.73294212774128,6.188329679068729,45.39898633333578,17.144239805739083,163.276795799703,4112.466463799996
240,71080.2956371,1,-0.9821165363335828,92.84910424179277,324.91817571940663,9.132727893411543,34.829619759767816,5.758567640902054,46.14228993475822,22.326760731390287,155.69145788877674,4129.701419899997
241,71098.2197853,1,-0.9919801557876159,99.0441743392324,325.26711568754905,8.661979612110343,36.768048032980246,6.289463955894352,33.647458498243815,39.75994774818731,163.98768176721373,4147.625568099989
242,71116.051165,1,-0.9968829808091184,103.7419486791538,319.96968283880875,8.661980054545324,34.44082057174182,5.756345425610815,31.124626929685427,22.538742851141684,163.99991888042285,4165.45694779999
243,71133.6501407,1,-0.9925767885176477,99.02797645887668,319.96960532680515,8.941113550768845,36.78190305019084,5.756345425610815,31.124626929685427,21.36788215868024,163.99991888042285,4183.055923499996
244,71151.2328949,1,-0.9931066229250454,104.38466599337036,324.908297937428,8.671775742493866,34.829619759767816,5.758607631988784,45.715460394076366,39.46280570840278,155.83467956167237,4200.638677699986
245,71169.1617128,1,-0.9933809940308012,103.83741001511186,319.9696815993571,9.12293176302802,36.768048032980246,5.7563054345240845,31.03036979384708,22.6239023251554,166.9646136563459,4218.5674956
246,71186.3682375,1,-0.992037865189261,99.09709095774768,319.9640521963986,8.297483249162852,37.66741373654459,5.799130509982513,30.59630862577476,39.4853762753474,159.29560802580633,4235.774020299999
247,71204.1210829,1,-0.9964071255319652,104.25438429598456,319.60661547021596,8.661979612110343,36.754185494484105,5.756556694390044,46.84983798167588,22.6239023251554,163.99991888042285,4253.526865699998
248,71225.5856228,1,-0.9971246230031957,103.3020287385535,319.97038223055546,8.661987548534917,36.73294212774128,5.467385841763865,36.04349525963019,8.035060773581762,159.3126858437082,4274.991405599998
249,71243.488337,1,-0.9935363696683845,103.77755457669173,319.6009860672574,8.295854026359844,37.65355119804845,5.799341778761743,45.960990071043284,41.804912264029724,163.25971798226203,4292.894119799996
250,71260.6415485,1,-0.9981969227158566,103.71348732915737,319.97038223055546,8.66035832573191,36.73294212774128,5.467385841763865,36.04349525963019,9.034970368201048,163.276795799703,4310.047331299997
251,71278.0965339,1,-0.9949837470289047,103.71348732915737,319.97038223055546,8.66035832573191,34.68715279994725,5.467385841763865,36.04349525963019,10.037487337436067,163.276795799703,4327.502316699989
252,71295.138773,1,-0.9975206445702602,102.75485908469584,319.97038223055546,8.66035832573191,36.73294212774128,5.467385841763865,36.04349525963019,10.335394112599111,163.276795799703,4344.544555799992
253,71312.9909278,1,-0.9967534179650402,103.7419486791538,319.9696065662568,8.661935907378952,34.45467558895247,5.756345425610815,31.124626929685427,21.282722684666528,163.99991888042285,4362.396710599991
254,71331.0752836,1,-0.9985917632598492,103.71348732915737,319.97038223055546,8.66035832573191,36.73294212774128,5.467385841763865,36.04349525963019,10.335394112599111,163.276795799703,4380.481066399996
255,71348.5701193,1,-0.9621311083199149,103.71348732915737,319.97038223055546,7.55634250963321,36.73294212774128,4.827671308288072,36.04349525963019,10.335394112599111,163.276795799703,4397.975902099992
256,71365.4869496,1,-0.992032103430407,103.71348732915737,319.1937852809426,8.279429126466832,36.7653641055228,5.5530125222397295,35.545970460886764,9.778046771928327,163.276795799703,4414.892732399996
257,71383.5648668,1,-0.9295910509146151,99.02797645887668,319.97036591976774,7.057747588218907,36.73562605519873,5.762840850980387,31.623573688199436,23.18127441396275,163.99991888042285,4432.9706496
258,71400.216085,1,-1.0001448397529131,104.38466599337036,324.908297937428,9.132727893411543,34.829619759767816,5.758567640902054,45.514875369529605,39.46280570840278,155.83467956167237,4449.621867799986
259,71417.5304691,1,-1.0023167963443265,103.83741001511186,319.9696815993571,8.661979612110343,36.768048032980246,5.756345425610815,31.124626929685427,22.6239023251554,166.9646136563459,4466.936251899999
260,71434.8126838,1,-0.9985917632598492,103.71348732915737,319.97038223055546,8.66035832573191,36.73294212774128,5.467385841763865,36.04349525963019,10.335394112599111,163.276795799703,4484.218466599996
261,71452.8951493,1,-1.0001448397529131,104.38466599337036,324.908297937428,9.132727893411543,34.829619759767816,5.758567640902054,45.514875369529605,39.46280570840278,155.83467956167237,4502.300932099999
262,71469.7074882,1,-0.9957033906024869,103.71348732915737,319.96951913041653,8.66186382552102,34.33364988703053,5.467385841763865,36.04349525963019,20.82985738266707,163.227157153661,4519.113270999995
263,71487.2839384,1,-0.9975502634563969,103.7419486791538,309.00113744976204,8.660430407589839,36.853967829663,5.756345425610815,31.124626929685427,10.788261370940095,164.04955752646484,4536.689721199989
264,71504.0366674,1,-0.9920438086485562,104.38466599337036,324.908297937428,8.650859112442527,37.41090044188426,5.759116107339904,47.187250105397254,39.17455016545189,155.83467956167237,4553.442450199989
265,71521.5603151,1,-1.003903448404477,103.71348732915737,319.97038223055546,9.142227106700927,34.15166144561821,5.466837375326015,36.016631261971206,10.625429563301111,163.276795799703,4570.966097899989
266,71538.6673313,1,-0.9905691876157722,94.96253333748041,319.9696815993571,8.661979612110343,36.768048032980246,5.756345425610815,31.124626929685427,22.6239023251554,166.9646136563459,4588.0731141
267,71556.6067877,1,-1.0023167963443265,103.83741001511186,319.9696815993571,8.661979612110343,36.768048032980246,5.756345425610815,31.124626929685427,22.6239023251554,166.9646136563459,4606.0125704999955
268,71573.911919,1,-0.9983789289483551,103.83669418646343,319.97038223055546,8.66035832573191,36.73294212774128,5.466221883025092,36.04349525963019,9.034970368201048,163.7319637830944,4623.317701799999
269,71591.5540191,1,-1.0018552365496178,103.7142031578058,324.4453938949782,8.661979612110343,36.768048032980246,5.7575093843495875,31.124626929685427,22.6239023251554,166.50944567296014,4640.959801899997
270,71608.6326941,1,-0.999366917665465,104.38466599337036,324.908297937428,9.24664694418268,34.829619759767816,5.758567640902054,45.514875369529605,39.46280570840278,155.83467956167237,4658.038476899994
271,71626.0295658,1,-0.9985917632598492,103.71348732915737,319.97038223055546,8.66035832573191,36.73294212774128,5.467385841763865,36.04349525963019,10.335394112599111,163.276795799703,4675.435348599989
272,71643.1461645,1,-0.9988778340578959,103.71348732915737,319.97038223055546,8.66035832573191,36.73294212774128,5.467385841763865,36.04349525963019,10.335394112599111,166.60030694888204,4692.551947299988
273,71660.6742928,1,-1.0001448397529131,104.38466599337036,324.908297937428,9.132727893411543,34.829619759767816,5.758567640902054,45.514875369529605,39.46280570840278,155.83467956167237,4710.080075599995
274,71677.598814,1,-0.9933022825579699,96.67349465991713,319.9696815993571,8.661979612110343,36.75395121638838,5.756555831866465,30.768122724714672,22.6239023251554,166.9646136563459,4727.00459679999
275,71695.0592656,1,-0.9961172928485106,104.25438429598456,319.60661547021596,8.661979612110343,36.76828231107597,5.756346288134394,47.46958514794244,22.6239023251554,163.99991888042285,4744.465048399987
276,71711.9552578,1,-0.9985969471889123,103.71348732915737,319.97038223055546,8.660507985478887,36.73294212774128,5.467385841763865,36.04349525963019,10.335394112599111,163.276795799703,4761.361040599993
277,71729.4316331,1,-0.9976544928727645,103.3020287385535,319.97038223055546,8.66183788878794,36.73294212774128,5.467385841763865,36.04349525963019,10.041232649066059,159.3126858437082,4778.837415899994
278,71745.8423796,1,0.9957124131494854,104.38466599337036,324.908297937428,9.736294932754276,34.829619759767816,5.758567640902054,45.514875369529605,39.46280570840278,155.83467956167237,4795.248162399992
279,71762.2457218,1,0.9962306688947729,104.38466599337036,324.908297937428,9.788069312669988,34.829619759767816,5.930253901625102,45.514875369529605,39.46280570840278,155.83467956167237,4811.651504599999
280,71778.9844441,1,-1.0001448397529131,104.38466599337036,324.908297937428,9.132727893411543,34.829619759767816,5.758567640902054,45.514875369529605,39.46280570840278,155.83467956167237,4828.3902268999955
281,71796.5580824,1,-0.9905461536357419,104.38466599337036,329.24200230303546,9.132727893411543,34.829619759767816,6.956983062875647,45.514875369529605,39.46280570840278,155.83467956167237,4845.963865199999
282,71813.7627128,1,-1.0020282299795666,104.34403391293206,324.47465811857234,8.661979612110343,36.030230518917875,5.945621179472381,31.014597648703134,22.6239023251554,166.50944567296014,4863.168495599995
283,71831.0741499,1,-0.9999382516880311,103.7548352382441,324.87903371383385,9.132727893411543,34.829619759767816,5.64863072005793,45.73642241571723,39.46280570840278,155.83467956167237,4880.479932699993
284,71848.3104324,1,-0.9985917632598492,103.71348732915737,319.97038223055546,8.66035832573191,36.73294212774128,5.467385841763865,36.04349525963019,10.335394112599111,163.276795799703,4897.716215199995
285,71865.9987037,1,-1.0020791072102355,104.38466599337036,324.908297937428,9.132727893411543,34.829619759767816,5.364450022515154,45.514875369529605,39.46280570840278,155.83467956167237,4915.404486499989
286,71883.0477723,1,-1.0023167963443265,103.83741001511186,319.9696815993571,8.661979612110343,36.768048032980246,5.756345425610815,31.124626929685427,22.6239023251554,166.9646136563459,4932.453555099986
287,71900.7349896,1,-1.0001448397529131,104.38466599337036,324.908297937428,9.132727893411543,34.829619759767816,5.758567640902054,45.514875369529605,39.46280570840278,155.83467956167237,4950.140772399987
288,71919.0070579,1,-0.9985976656898493,103.83741001511186,319.9704310104761,8.660599755042224,36.768048032980246,5.756345425610815,31.124626929685427,6.8203746008124035,166.99206683609165,4968.412840699995
289,71936.9012797,1,-1.001392476237204,103.71348732915737,319.96963281943647,8.661887842547006,36.73294212774128,5.467385841763865,36.04349525963019,23.210323119453843,163.24934261996748,4986.307062499996
290,71953.1551867,1,0.9848696706049666,103.83017210503897,303.4565991571159,9.132727893411543,34.23907334166983,5.7563403971390965,45.45948162189765,39.46280570840278,155.96423003864174,5002.560969499988
291,71970.7497544,1,-1.0026064246131843,104.39190390344325,319.9696815993571,8.661979612110343,36.83314983149695,5.7585726693737715,31.24893738403034,22.6239023251554,166.83515589178074,5020.1555372
292,71988.2183327,1,-0.9890948521955827,104.32064664009268,325.69187672097087,8.571467600891133,34.84155469933763,5.758815411379032,45.514875369529605,22.555273045084842,155.83467956167237,5037.624115499988
293,72005.4301058,1,-1.003764760042411,103.90142936838954,320.26180287058344,8.661979612110343,36.756113093410434,5.756097655133836,31.124626929685427,39.53143525568997,166.9646136563459,5054.835888599991
294,72022.7646451,1,-0.9953792958043229,103.71348732915737,319.9696551912529,8.347496707739376,37.063975411470985,5.466837375326015,35.408501882047304,10.625429563301111,163.276795799703,5072.170427899997
295,72040.2643717,1,-0.9936768805035452,103.83741001511186,319.97040863865965,8.661979612110343,33.855734067123414,5.756345425610815,31.73406329131566,22.6239023251554,166.9646136563459,5089.670154499996
296,72057.9057844,1,-1.003672798005419,103.71348732915737,325.4220148625311,9.111863104227558,34.15166144561821,5.476386750113693,36.016631261971206,10.625429563301111,166.29870693614967,5107.3115671999985
297,72075.2271146,1,-1.0019998181249217,103.7142031578058,318.9937612630021,8.692343614583715,36.768048032980246,5.7575093843495875,30.936128507497074,26.672610437708013,163.48753453651506,5124.632897399992
298,72092.7976914,1,-1.003764760042411,103.90142936838954,320.26180287058344,8.661979612110343,36.756113093410434,5.756097655133836,31.124626929685427,39.53143525568997,166.9646136563459,5142.203474199996
299,72109.9545457,1,-1.0023167963443265,103.83741001511186,319.9696815993571,8.661979612110343,36.768048032980246,5.756345425610815,31.124626929685427,22.6239023251554,166.9646136563459,5159.360328499999
300,72127.9136924,1,-0.9962089793686969,103.83741001511186,319.9696815993571,8.286638107275701,36.768048032980246,5.756345425610815,31.124626929685427,22.6239023251554,165.95825304821338,5177.319475199998
301,72145.2309545,1,-1.0052444323737633,103.71348732915737,320.350700012143,9.111863104227558,34.15166144561821,5.012459108779341,36.016631261971206,10.625429563301111,166.2738150767994,5194.636737299996
302,72162.9793992,1,-1.0009034726176578,103.71348732915737,325.0416970809436,8.988023742384046,34.15166144561821,5.467172813641772,36.016631261971206,10.625429563301111,160.08586504573086,5212.385181999998
303,72180.1278961,1,-1.0027850574417625,103.90142936838954,320.2517109682726,8.661979612110343,36.75793390428465,5.756097655133836,31.121959343321677,39.53143525568997,163.2109885980734,5229.533678899999
304,72197.6063268,1,-1.0020244494127142,101.32100687016874,318.4043268400647,9.142227106700927,34.149840634743825,5.2759990455541494,36.021097736525,10.625429563301111,167.03042085799046,5247.012109599993
305,72215.1001935,1,-1.0026064246131843,104.39190390344325,319.9696815993571,8.661979612110343,36.83314983149695,5.7585726693737715,31.24893738403034,22.6239023251554,166.83515589178074,5264.505976299988
306,72233.0053917,1,-1.0033301791488134,103.83741001511186,319.9696815993571,8.661979612110343,36.768048032980246,5.756345425610815,31.124626929685427,31.549561679047528,166.9646136563459,5282.411174499997
307,72250.5524562,1,-1.0003057448129407,104.38309529143321,319.9696815993571,8.661979612110343,36.83314983149695,6.117048779960761,31.24893738403034,22.94309653430185,166.7333171486026,5299.958239
308,72267.9353968,1,-1.000205283154236,104.3934746053804,324.908297937428,9.132727893411543,34.829619759767816,5.758567484834315,45.514875369529605,39.14361171412264,155.93660449771414,5317.3411796
309,72285.1198127,1,-1.0037788958655256,103.7142031578058,324.4453938949782,8.661979612110343,36.04725988041752,5.7575093843495875,31.124626929685427,35.056738671935506,166.50944567296014,5334.525595499988
310,72303.2818085,1,-0.9967779542585175,104.34403391293206,341.2667522629831,8.661979612110343,36.7510186714806,5.945621179472381,31.014597648703134,22.6239023251554,174.60210331023825,5352.687591299997
311,72320.3185342,1,-1.0040580280052538,104.38466599337036,324.908297937428,9.132727893411543,34.86571947831984,5.756342288595585,45.514875369529605,39.46280570840278,166.54556202107736,5369.724317
312,72338.1957481,1,-1.0004570772089207,103.83741001511186,319.9696815993571,8.661979612110343,36.73194831442822,5.758570777917283,31.124626929685427,22.6239023251554,156.2538189697999,5387.601530899992
313,72354.9855057,1,-0.9959277796237656,103.83741001511186,316.8118520893307,8.661979612110343,35.639422943622826,6.655362617968501,31.124626929685427,22.6239023251554,166.9646136563459,5404.391288499988
314,72372.4333496,1,-1.0023167963443265,103.83741001511186,319.9696815993571,8.661979612110343,36.768048032980246,5.756345425610815,31.124626929685427,22.6239023251554,166.9646136563459,5421.839132399997
315,72388.6599843,1,1.0041883551257051,104.38466599337036,324.908297937428,11.569710718707624,34.829619759767816,5.758567640902054,48.35480230701001,39.46280570840278,155.83467956167237,5438.0657670999935
316,72406.6379796,1,-0.9947543263143315,104.34403391293206,324.47465811857234,8.661979612110343,38.05244356087602,5.945621179472381,31.014597648703134,22.6239023251554,166.50944567296014,5456.04376239999
317,72424.0076209,1,-1.0087151321205299,104.38466599337036,324.908297937428,9.165454055821636,34.86571947831984,5.449144869239909,31.603635446860753,22.858440824912382,166.55187197322144,5473.413403699989
318,72441.6939245,1,-0.9991904687011901,103.83741001511186,319.9696815993571,8.629253449700252,36.768048032980246,5.756345453211526,45.10132644321351,39.22826742575768,166.95830370420182,5491.099707299989
319,72459.0062059,1,-1.0023225728485083,103.83741001511186,319.9696815993571,8.661979612110343,36.768048032980246,5.756345425610815,31.124626929685427,22.654464650377232,166.9646136563459,5508.411988699998
320,72476.7001184,1,-0.9941491496411282,103.71348732915737,319.03063118957823,9.111863104227558,33.434409613062094,3.4138142281191963,36.016631261971206,10.625429563301111,166.2738150767994,5526.10590119999
321,72493.5014971,1,-0.9695094435677354,103.71348732915737,320.350700012143,9.117933725274208,38.34092432115132,5.012459108779341,36.016631261971206,10.625429563301111,166.2738150767994,5542.907279899999
322,72510.41592,1,-1.0016834102540693,103.3450529791579,319.9696815993571,8.661979612110343,36.768048032980246,5.7697327739773225,31.124626929685427,22.6239023251554,166.9646136563459,5559.821702799993
323,72527.6046561,1,-1.0014888933013426,103.83741001511186,319.9696815993571,8.661979612110343,36.768048032980246,5.756345425610815,33.51980050493747,22.969818998311254,166.9646136563459,5577.01043889999
324,72545.0990356,1,-1.0033040920730458,103.83741001511186,319.9696815993571,8.661979612110343,36.768048032980246,5.756345425610815,31.124626929685427,31.203645006346136,166.9646136563459,5594.50481839999
325,72562.1897856,1,-1.0046382093272412,103.71348732915737,319.97038223055546,9.181171354161686,34.13087657994903,5.466837375326015,36.016631261971206,12.030180589955847,163.276795799703,5611.595568399993
326,72579.7878992,1,-1.003646760372795,103.90142936838954,320.26180287058344,8.623035364649592,36.77689795907937,5.756097655133836,31.124626929685427,38.12806661080671,166.9646136563459,5629.193681999997
327,72599.6548971,1,-1.004088516915808,104.38150288151495,320.27201362521595,8.661979612110343,36.756113093410434,5.756097655133836,31.234094611399776,39.53143525568997,166.53765494312302,5649.060679899994
328,72619.3108114,1,-1.0036729892681076,103.90459248024497,324.89808718279556,9.132727893411543,34.86571947831984,5.756342288595585,45.47446906175353,39.46280570840278,166.97252073430025,5668.716594199999
329,72636.5572281,1,-1.0029330851025329,103.7142031578058,324.4453938949782,8.661979612110343,36.04725988041752,5.757325060369626,31.122129912422466,35.056738671935506,163.04592028800872,5685.963010899999
330,72653.9367779,1,-1.0036858016728574,103.90142936838954,320.2517109682726,8.661979612110343,36.75793390428465,5.756281979113797,31.124456360584638,39.53143525568997,166.6745139830371,5703.342560699995
331,72669.8961783,1,1.0195045107412157,104.39190390344325,319.9696815993571,10.826490366598044,36.83314983149695,5.7585726693737715,31.24893738403034,15.635193311997817,166.83515589178074,5719.301961099991
332,72687.662875,1,-1.0010866147174087,103.71348732915737,325.4220148625311,9.111863104227558,34.15166144561821,5.369019435396395,36.016631261971206,2.1866532712332294,166.29870693614967,5737.068657799988
333,72705.5652001,1,-0.9996889229497419,103.89367397984863,320.3786071660398,9.115834099143175,34.829619759767816,5.753983384275807,45.514875369529605,39.460498616760866,155.83467956167237,5754.970982899991
334,72723.475484,1,-1.0060703691000306,104.39242138191129,324.7914936419717,8.67887340637871,36.756113093410434,5.366564293373183,31.124626929685427,39.53374234733189,166.9646136563459,5772.881266799988
335,72741.0696232,1,-0.9976443909591352,103.90142936838954,320.2517109682726,8.314334635159739,36.75793390428465,5.756097655133836,31.121959343321677,39.53143525568997,163.2109885980734,5790.475405999998
336,72758.9968502,1,-1.0051283889548204,103.71348732915737,319.97038223055546,9.142227106700927,34.15166144561821,5.466837375326015,32.36123846318923,9.279976726701504,163.276795799703,5808.402632999991
337,72776.0099266,1,-0.9960426704270712,104.38466599337036,324.3841637259291,9.14064851292982,36.694451346151084,5.449144869239909,31.180404236981477,22.858440824912382,166.55187197322144,5825.415709399997
338,72793.6030023,1,-0.9973604253752507,103.71348732915737,320.49451644205436,9.167032649592743,34.02648703042924,5.466837375326015,50.03670931013496,9.279976726701504,163.276795799703,5843.008785099999
339,72810.6467812,1,-1.0036858016728574,103.90142936838954,320.2517109682726,8.661979612110343,36.75793390428465,5.756281979113797,31.124456360584638,39.53143525568997,166.6745139830371,5860.052563999998
340,72828.3553746,1,-0.9962699415321666,104.39242138191129,324.7914936419717,8.67887340637871,33.58743801091559,5.366564293373183,31.124626929685427,39.53374234733189,166.9646136563459,5877.761157399989
341,72845.4306792,1,-1.0081429883456519,103.90459248024497,322.05995345741644,9.132727893411543,34.88026414581257,5.756342288595585,31.60687682463711,39.466724122722844,166.97252073430025,5894.836461999992
342,72862.5856158,1,-0.9991204659971963,103.90142936838954,324.4665250924604,8.661979612110343,36.74156842591769,5.756097655133836,45.05716136811684,39.52751684136991,166.9646136563459,5911.991398599988
343,72880.0250703,1,-1.004089760145553,103.71348732915737,320.350700012143,9.030336968206822,34.15166144561821,5.012459108779341,36.016631261971206,10.625429563301111,166.2738150767994,5929.430853099999
344,72897.387363,1,-1.0029330851025329,103.7142031578058,324.4453938949782,8.661979612110343,36.04725988041752,5.757325060369626,31.122129912422466,35.056738671935506,163.04592028800872,5946.793145799995
345,72914.3981048,1,-1.0036465650954411,104.38466599337036,324.90432655364015,9.132727893411543,34.86571947831984,5.756342288595585,46.86096807231132,39.46280570840278,166.5606410322029,5963.803887599992
346,72931.6690072,1,-1.0062406901757486,104.39242138191129,324.7954650257596,8.67887340637871,36.756113093410434,5.366564293373183,30.38035944677936,39.53374234733189,166.94953464522035,5981.074789999999
347,72947.9979938,1,1.0087725356769681,108.37341692968226,324.7051163733035,9.163707593521986,34.86571947831984,5.449144869239909,31.603635446860753,10.830387835225608,157.97499211045513,5997.4037765999965
348,72965.5735831,1,-1.0060870552628003,104.39059789226103,320.17356379468,9.005123839120829,34.15166144561821,5.466837375326015,36.15102829964105,22.653486711665394,166.31568145777234,6014.979365899999
349,72982.5267564,1,-0.996168946563412,103.71836030166003,320.26180287058344,9.10831256904408,36.665994732663385,5.749315847183508,31.34402500659359,39.53143525568997,166.9646136563459,6031.932539199988
350,73000.1981542,1,-0.9947496924284754,103.89655639588688,320.350700012143,8.665530147293824,34.2417798063651,5.0192409167296805,35.79881773531696,10.625429563301111,166.2738150767994,6049.603936999993
351,73017.3611133,1,-1.0035670882781218,104.38633613380965,327.3941790528173,8.661979612110343,36.756113093410434,5.756097655133836,31.234094611399776,39.53143525568997,166.53763068044128,6066.766896099987
352,73035.1940948,1,-1.0037421791762926,103.89659611609484,320.26137148056165,8.661979612110343,36.756113093410434,5.756097655133836,31.124626929685427,39.53143525568997,166.96463791902767,6084.599877599991
353,73052.1253863,1,-1.0030344448215356,103.71348732915737,324.4498903465454,9.051305317505541,34.15166144561821,5.476386750113693,35.783525413890885,11.367798691910465,164.680170643834,6101.531169099995
354,73069.5554617,1,-1.002711617552209,103.7142031578058,325.41751841096396,9.117147691797992,36.04725988041752,5.538995260993899,31.35930645306439,34.31490359547919,166.50944567296014,6118.961244499995
355,73086.9005743,1,-1.0051283889548204,103.71348732915737,319.97038223055546,9.142227106700927,34.15166144561821,5.466837375326015,32.36123846318923,9.279976726701504,163.276795799703,6136.306357099995
356,73103.921675,1,-1.003764760042411,103.90142936838954,320.26180287058344,8.661979612110343,36.756113093410434,5.756097655133836,31.124626929685427,39.53143525568997,166.9646136563459,6153.327457799998
357,73121.5684915,1,-1.0040161673535442,104.39242138191129,320.33315762435575,8.67887340637871,36.96707484052579,5.364444188901735,31.124626929685427,39.387629682659295,161.76778189953396,6170.974274299995
358,73138.8247794,1,-1.0040026771308321,103.71348732915737,324.42871824817144,9.142227106700927,33.49125445446397,5.468957479797463,32.36123846318923,9.42962308062948,167.1714128744783,6188.2305621999985
359,73156.5926635,1,-0.992213138120744,95.35027128080827,324.78613157292466,8.661979612110343,36.143551027400754,5.739020868838388,31.124626929685427,35.028776638037264,166.93675697498367,6205.9984463
360,73172.5747913,1,0.9856012247754563,108.94972213316892,317.3837569417561,8.67887340637871,36.65982194642719,5.385052808884382,45.6683640634597,39.56170438123014,160.91897004486918,6221.980574099987
361,73189.9325879,1,-1.0060836414582586,104.39242138191129,324.7954650257596,8.67887340637871,36.756113093410434,5.366564293373183,30.38035944677936,39.53374234733189,166.2175930423504,6239.338370699988
362,73206.5657931,1,-1.0072488803791135,104.38466599337036,324.908297937428,9.165454055821636,34.86571947831984,5.746673383859321,31.603635446860753,22.858440824912382,166.55187197322144,6255.9715758999955
363,73223.482438,1,-1.0081429883456519,103.90459248024497,322.05995345741644,9.132727893411543,34.88026414581257,5.756342288595585,31.60687682463711,39.466724122722844,166.97252073430025,6272.8882207999995
364,73240.6172158,1,-1.0039392911522216,103.71348732915737,332.1071168085669,9.111863104227558,34.238843810355576,5.012459108779341,36.016631261971206,10.625429563301111,166.2738150767994,6290.02299859999
365,73257.5922739,1,-0.952205565692898,105.77333961817766,322.05841235659875,8.661979612110343,28.83921717887231,5.756331552812436,31.124626929685427,35.32006689389914,166.48391079241296,6306.9980566999875
366,73274.7674804,1,-0.9992662407023712,103.90261342972485,324.4469349957959,9.132727893411543,36.07193666776462,5.757520120132736,36.976170295753896,46.57381120534481,166.99805561484746,6324.173263199991
367,73293.0052764,1,-1.0063846672079175,104.39242138191129,320.29345408591456,8.67887340637871,36.756113093410434,5.366564293373183,30.38035944677936,39.53374234733189,166.94953464522035,6342.411059199992
368,73310.4774699,1,-1.0087151321205299,104.38466599337036,324.908297937428,9.165454055821636,34.86571947831984,5.449144869239909,31.603635446860753,22.858440824912382,166.55187197322144,6359.88325269999
369,73327.8377441,1,-1.0037467871499792,103.90103774186312,320.26383945884913,8.665758969564873,36.756113093410434,5.756097655133836,31.124626929685427,39.753430589755666,166.9646136563459,6377.243526899998
370,73344.8157491,1,-1.0055590829672487,105.16119372620513,320.34866342387727,9.026557610752292,34.15166144561821,5.012459108779341,36.016631261971206,10.40555340039399,166.2738150767994,6394.221531899995
371,73362.5747423,1,-1.007985462878108,104.48351191909231,320.1711760750659,9.132106599185466,34.15166144561821,5.466837375326015,36.15102829964105,22.653486711665394,166.31568145777234,6411.9805250999925
372,73379.5802617,1,-1.0035321178231729,103.62057330232611,319.97276995016955,9.01524434663629,34.15166144561821,5.38483687949539,32.36123846318923,9.279976726701504,163.276795799703,6428.986044499994
373,73397.5035047,1,-1.003764760042411,103.90142936838954,320.26180287058344,8.661979612110343,36.756113093410434,5.756097655133836,31.124626929685427,39.53143525568997,166.9646136563459,6446.9092874999915
374,73414.7008749,1,-1.003903448404477,103.71348732915737,319.97038223055546,9.142227106700927,34.15166144561821,5.466837375326015,36.016631261971206,10.625429563301111,163.276795799703,6464.106657699987
375,73432.2919809,1,-1.0056785757505773,103.71348732915737,320.350700012143,9.030336968206822,34.15166144561821,5.012459108779341,32.21995664960467,10.625429563301111,166.2738150767994,6481.6977636999945
376,73449.0184375,1,-1.003764760042411,103.90142936838954,320.26180287058344,8.661979612110343,36.756113093410434,5.756097655133836,31.124626929685427,39.53143525568997,166.9646136563459,6498.4242202999885
377,73466.3718722,1,-1.0046398730059674,101.86543434695717,324.79594082523124,8.67887340637871,36.80886890039937,5.366564293373183,31.583410703190626,39.53374234733189,174.5139082036192,6515.777654999998
378,73483.8370756,1,-0.9574510341589308,104.38466599337036,324.9078221379564,8.204952736439338,31.53904964675429,5.449144869239909,30.400715947858682,22.858440824912382,166.55187197322144,6533.242858399986
379,73501.159667,1,-0.9929879023881792,103.90459248024497,322.05995345741644,9.132727893411543,31.178729088811416,5.756342288595585,31.60687682463711,39.466724122722844,171.01520727012172,6550.565449799993
380,73518.5225667,1,-1.0063846672079175,104.39242138191129,320.29345408591456,8.67887340637871,36.756113093410434,5.366564293373183,30.38035944677936,39.53374234733189,166.94953464522035,6567.928349499998
381,73535.8989678,1,-1.0049112325113907,103.71348732915737,319.97038223055546,9.142227106700927,34.15166144561821,5.466837375326015,32.36123846318923,8.473773376075782,163.33338493163174,6585.3047506
382,73552.5824446,1,-1.0081276488966768,103.90459248024497,322.05995345741644,9.132727893411543,34.88026414581257,5.756342288595585,31.60687682463711,39.466724122722844,166.91593160237886,6601.988227399997
383,73569.9588282,1,-1.009658615252947,103.90264960702532,321.89344503531044,9.132727893411543,34.865486948117834,5.4520995223849695,31.603554006996198,39.466724122722844,166.97252073430025,6619.364610999997
384,73586.5841842,1,1.0018404407019905,104.38660886659002,306.77168054225734,9.165454055821636,34.88049667601457,5.753387635450524,31.606958264501664,22.858440824912382,166.55187197322144,6635.989966999987
385,73604.2361502,1,-1.005582866972662,103.71348732915737,325.01558462870537,9.030336968206822,34.16202192715748,5.01816877393878,32.21995664960467,10.625429563301111,166.2738150767994,6653.641932999992
386,73620.5603189,1,1.004230725993443,104.38466599337036,311.9271681876966,9.165454055821636,34.855358996780566,5.44343520408047,30.571262684466557,22.858440824912382,166.55187197322144,6669.966101699989
387,73638.7317591,1,-1.0060013922913127,104.48351191909231,320.1711760750659,9.132106599185466,34.15166144561821,5.466837375326015,41.69283996959069,22.653486711665394,166.31568145777234,6688.137541899996
388,73655.6648404,1,-1.0084627147244596,104.38466599337036,323.7100106225215,9.165454055821636,34.86571947831984,5.449144869239909,32.33498763097108,22.858440824912382,166.55187197322144,6705.070623199994
389,73673.1701364,1,-1.0063986404550378,104.39242138191129,320.29345408591456,8.67887340637871,36.756113093410434,5.366564293373183,30.146454025601177,39.53374234733189,166.94953464522035,6722.575919199997
390,73690.5788704,1,-1.0077013241684099,104.48351191909231,321.0940418782391,9.132106599185466,34.15166144561821,5.542931445156271,36.15102829964105,22.653486711665394,166.31568145777234,6739.984653199994
391,73707.6837178,1,-1.0055090633896426,104.38556554597696,324.908297937428,9.165454055821636,34.86571947831984,5.755724702447452,36.22449658387724,22.657087229460515,166.55187197322144,6757.089500599992
392,73725.0350201,1,-1.0078310491924152,104.5087767274598,320.17356379468,9.005123839120829,34.15166144561821,5.457786056737884,31.530719182346026,22.854840307117257,166.31568145777234,6774.44080289999
393,73742.3248924,1,-1.010158042389754,103.90459248024497,321.9689607683974,9.13900117883025,34.88026414581257,5.243138341793976,31.60687682463711,39.473615532500546,166.24363279272902,6791.7306752
394,73759.8276776,1,-1.004313965166451,104.39242138191129,324.8864577147786,8.672600120960004,36.756113093410434,5.768204149831662,30.02452286963657,39.52685093755419,166.9464809839216,6809.233460399992
395,73777.283258,1,-1.0062406901757486,104.39242138191129,324.7954650257596,8.67887340637871,36.756113093410434,5.366564293373183,30.38035944677936,39.53374234733189,166.94953464522035,6826.689040799989
396,73797.1295231,1,-1.0056785757505773,103.71348732915737,320.350700012143,9.030336968206822,34.15166144561821,5.012459108779341,32.21995664960467,10.625429563301111,166.2738150767994,6846.53530589999
397,73814.3904502,1,-1.008059693239637,103.85961007574396,322.15590926580694,9.165801228975027,34.86571947831984,5.449144869239909,31.603634805511724,22.858440824912382,166.55672369628647,6863.796232999986
398,73831.891809,1,-1.009216693675951,104.42964839787139,324.81234212903746,9.132380720258151,34.88026414581257,5.756342288595585,31.606877465986138,39.466724122722844,168.7296179999848,6881.297591799987
399,73849.9677042,1,-1.0070776577958185,104.39839952136198,323.8437775146599,9.167939989135887,34.864079613190896,5.735386753159031,32.33498763097108,22.858440824912382,166.55187197322144,6899.37348699999
400,73867.2397787,1,-1.0013420208317605,101.62636043046555,321.92618656527804,9.130241960097292,35.901337116828444,5.4701004046764625,31.60687682463711,39.466724122722844,165.06570457694153,6916.645561499987
401,73884.5174622,1,-0.9942605084256713,103.90264960702532,321.9143920864429,9.132727893411543,36.90302530198215,5.451643694790061,31.603554006996198,39.53623381516655,166.94974209357756,6933.923244999998
402,73901.9306835,1,-1.0039162413595526,104.39242138191129,320.2725070347821,8.67887340637871,34.71857473954607,5.3670201209680926,30.38035944677936,39.464232654888185,166.97231328594305,6951.336466299996
403,73919.4688742,1,-1.0064818298567992,104.39242138191129,320.29345408591456,8.67887340637871,36.756113093410434,5.366564293373183,30.069905276926864,39.53374234733189,166.94953464522035,6968.874656999993
404,73937.1222513,1,-1.0098235738577666,104.38466599337036,324.908297937428,9.165454055821636,34.86571947831984,5.449144869239909,31.603635446860753,33.048777272972444,166.55187197322144,6986.528034099989
405,73954.8993322,1,-0.9821593654223565,93.08794017853862,322.11167721754674,9.137157449028907,36.83145214136537,5.333343138914653,30.212904130895286,39.53395849907942,166.94953464522035,7004.305114999996
406,73972.43356,1,-1.001190296320781,103.90459248024497,320.2417303257843,8.674443850761348,34.80492509785763,5.789563443054113,31.54462121625565,39.466507970975314,166.97252073430025,7021.839342799998
407,73989.2948084,1,-1.0053247914420373,104.39242138191129,330.3184591420042,8.67887340637871,36.756113093410434,5.366564293373183,30.38035944677936,34.078043302024426,166.94953464522035,7038.700591199988
408,74006.8046311,1,-1.0081429883456519,103.90459248024497,322.05995345741644,9.132727893411543,34.88026414581257,5.756342288595585,31.60687682463711,39.466724122722844,166.97252073430025,7056.2104139
409,74024.1367118,1,-0.9985189323993696,98.2353488771673,324.7954650257596,8.67887340637871,36.756113093410434,5.366564293373183,30.38035944677936,39.53374234733189,166.94953464522035,7073.5424945999985
410,74041.9155267,1,-1.007985462878108,104.48351191909231,320.1711760750659,9.132106599185466,34.15166144561821,5.466837375326015,36.15102829964105,22.653486711665394,166.31568145777234,7091.321309499996
411,74059.2345287,1,-1.0057684535753737,103.89885326515444,320.0157919615967,9.146430361438213,32.8700356582014,5.44863787991859,31.60687682463711,38.77380841912952,163.10912251731997,7108.640311499999
412,74076.676944,1,-1.007603945842641,104.48925113418285,322.1664002992558,9.139045734442952,34.15166144561821,5.602373796286067,36.15102829964105,23.353294025621103,166.31462889715803,7126.082726799999
413,74094.3820414,1,-1.0060603446176235,103.90459248024497,321.9689607683974,8.75832413202475,34.88026414581257,5.243138341793976,31.60687682463711,39.473615532500546,166.24363279272902,7143.787824199986
414,74112.1800578,1,-1.0081429883456519,103.90459248024497,322.05995345741644,9.132727893411543,34.88026414581257,5.756342288595585,31.60687682463711,39.466724122722844,166.97252073430025,7161.58584059999
415,74129.1015841,1,-1.0104503148983284,104.37908992834788,320.97171143446195,9.132727893411543,34.86573811842164,4.663819601715875,31.60355339649169,22.69975120397313,166.97252073430025,7178.507366899998
416,74146.4326224,1,-0.9985846772780261,96.6624360337165,325.83003153827644,9.165454055821636,34.86546830801603,5.449304913852738,31.603636057365264,39.625414014185715,162.93901380419564,7195.838405199989
417,74163.6974744,1,-1.0103198975331527,104.37908992834788,326.3090126270415,9.132727893411543,34.86573811842164,4.663819601715875,31.60355339649169,22.69975120397313,166.97252073430025,7213.103257199997
418,74180.2989322,1,0.9976918426321837,108.07977566928193,318.2826643228124,9.132727893411543,32.69805532178143,5.4520995223849695,31.603554006996198,39.466724122722844,166.97252073430025,7229.704715
419,74197.3816054,1,-1.0068604428995345,104.38466599337036,324.908297937428,9.165454055821636,34.86571947831984,6.006764667388883,31.40267020194401,33.29316285923771,166.55187197322144,7246.7873881999985
420,74215.4129354,1,-0.982269473360743,104.38466599337036,324.908297937428,9.165454055821636,30.042649344768027,5.449144869239909,31.603635446860753,22.614055242851656,166.55187197322144,7264.8187181999965
421,74232.5317135,1,-1.0084627147244596,104.38466599337036,323.7100106225215,9.165454055821636,34.86571947831984,5.449144869239909,32.33498763097108,22.858440824912382,166.55187197322144,7281.937496299986
422,74249.9643567,1,-1.0085177474571079,104.42964839787139,330.73117421755757,9.132380720258151,34.88026414581257,5.756342288595585,31.606877465986138,39.466724122722844,168.7296179999848,7299.370139499995
423,74266.8672111,1,-1.0077074209141126,104.3808954151841,320.1820723397566,9.132786560642801,34.15166144561821,5.352591199505421,36.39728744845,20.024517880406034,166.31568145777234,7316.272993899998
424,74284.4776373,1,-1.010274819351542,104.4817064322561,320.9608151697712,9.13204793195421,34.86573811842164,4.643005729291076,31.358967088497145,22.651696839872596,166.97252073430025,7333.883420099999
425,74301.665298,1,-1.0087151321205299,104.38466599337036,324.908297937428,9.165454055821636,34.86571947831984,5.449144869239909,31.603635446860753,22.858440824912382,166.55187197322144,7351.0710808
426,74319.4302388,1,-1.010158042389754,103.90459248024497,321.9689607683974,9.13900117883025,34.88026414581257,5.243138341793976,31.60687682463711,39.473615532500546,166.24363279272902,7368.8360216
427,74337.1366551,1,-1.0045130256776273,103.90459248024497,322.05995345741644,9.119055600765517,35.66484999795947,5.756342288595585,31.60687682463711,39.466724122722844,166.97252073430025,7386.542437899989
428,74354.7652355,1,-0.950896714254066,103.90459248024497,321.9689607683974,7.4915462334573935,34.88026414581257,5.243138341793976,31.60687682463711,39.473615532500546,166.24363279272902,7404.171018299996
429,74370.7591693,1,1.0040082839391613,105.67851229185521,322.04862524022224,9.132193064484628,34.86571947831984,5.741900380343726,31.60699800649182,39.89296388961848,166.55187197322144,7420.164952099993
430,74388.3194467,1,-1.0092572757921134,103.90459248024497,324.91962615462216,9.16598888474855,34.88026414581257,5.463586777491768,31.60351426500604,32.62253750607973,166.97252073430025,7437.725229499993
431,74405.3641374,1,-1.0094489653775507,104.4875411322588,320.1711760750659,9.132106599185466,34.15166144561821,5.4811091685943145,32.126588559500895,23.435762298239617,166.31568145777234,7454.769920199993
432,74423.0961155,1,-0.9992256024289489,97.80952018258027,324.81234212903746,9.132380720258151,34.88026414581257,5.742070495327284,35.63153919048789,38.684448733847546,168.67687000031788,7472.50189829999
433,74439.6985648,1,-1.008730571534325,104.38466599337036,325.0683147663883,9.165454055821636,34.87979977990938,5.449139913354642,31.603635446860753,22.858440824912382,166.96393573995678,7489.10434759999
434,74457.4499604,1,-1.0079284914026658,103.90459248024497,321.8999366284561,9.132727893411543,34.86618384422302,5.756347244480851,31.60687682463711,39.466724122722844,166.0145344107482,7506.855743199994
435,74474.5296908,1,-1.008199073760963,103.90446664012138,322.05995345741644,9.132727893411543,34.86592676377444,5.750448244718795,31.60687682463711,39.466724122722844,166.9203041667849,7523.935473599995
436,74491.5205629,1,-0.9071803275574363,103.90277544714893,321.89344503531044,9.132727893411543,42.015419010531325,5.457993566261759,31.603554006996198,39.466724122722844,166.96814816989422,7540.926345699991
437,74507.8215795,1,0.99535873060474,105.96729292716265,291.40055465847666,9.138569613962087,34.88026414581257,5.769649494042782,31.606877504914667,39.473615532500546,168.50836607447596,7557.227362299993
438,74525.2864213,1,-1.0052572274804568,100.54200914357189,330.73117421755757,9.132812285126317,34.88026414581257,5.229831136346779,31.606876785708575,39.466724122722844,166.46488471823787,7574.6922040999925
439,74542.612672,1,-1.0050411378542035,99.97847511827713,320.9608151697712,9.13204793195421,34.86573811842164,4.643005729291076,31.358967088497145,22.651696839872596,166.97252073430025,7592.018454799996
440,74560.4677883,1,-1.008730571534325,104.38466599337036,325.0683147663883,9.165454055821636,34.87979977990938,5.449139913354642,31.603635446860753,22.858440824912382,166.96393573995678,7609.87357109999
441,74577.8802576,1,-1.0097607120823127,103.90264960702532,321.9657482242687,9.132727893411543,34.88394147230947,5.4520995223849695,31.603561854316368,39.46748721461065,166.22982646708346,7627.286040399995
442,74594.8913553,1,-1.010406860721756,103.90459248024497,321.89665757943914,9.13900117883025,34.861809621620935,5.243138341793976,31.606868977316935,39.47285244061275,166.98632705994584,7644.297138099995
443,74612.315196,1,-1.009658615252947,103.90264960702532,321.89344503531044,9.132727893411543,34.865486948117834,5.4520995223849695,31.603554006996198,39.466724122722844,166.97252073430025,7661.720978799989
444,74629.6368455,1,-1.010158042389754,103.90459248024497,321.9689607683974,9.13900117883025,34.88026414581257,5.243138341793976,31.60687682463711,39.473615532500546,166.24363279272902,7679.042628299998
445,74646.7990682,1,-1.00864551584691,104.37908992834788,320.85377553828874,9.132727893411543,34.12666197051013,5.626724448257711,32.121417391631574,22.71548622358368,166.97252073430025,7696.204850999988
446,74663.7689909,1,-0.9986806740098321,104.4875411322588,320.28911197123904,9.132106599185466,36.50411640650937,4.5182043220653645,31.60872456436581,23.420027278629064,166.31568145777234,7713.174773699997
447,74681.0295649,1,-1.0085177474571079,104.42964839787139,330.73117421755757,9.132380720258151,34.88026414581257,5.756342288595585,31.606877465986138,39.466724122722844,168.7296179999848,7730.435347699997
448,74698.1226647,1,-1.009216693675951,104.42964839787139,324.81234212903746,9.132380720258151,34.88026414581257,5.756342288595585,31.606877465986138,39.466724122722844,168.7296179999848,7747.5284474999935
449,74714.1731984,1,1.006777368997161,108.71049592056096,333.0328925657949,9.128590998098165,34.86571927435485,5.480514273357225,31.60355339649169,22.864108079668892,166.97252073430025,7763.5789812
450,74732.1716705,1,-1.0084501022609267,104.38466599337036,330.60402145860184,9.169590951135014,34.865738322386626,4.632450197598996,36.3072335808458,25.704574121446154,166.55187197322144,7781.577453299993
451,74750.1560841,1,-1.0104503148983284,104.37908992834788,320.97171143446195,9.132727893411543,34.86573811842164,4.663819601715875,31.60355339649169,22.69975120397313,166.97252073430025,7799.561866899996
452,74768.1824655,1,-0.9945485017058942,104.37908992834788,326.3090126270415,9.132727893411543,36.9779424045924,4.663819601715875,31.60355339649169,22.69975120397313,166.97252073430025,7817.588248299988
453,74785.4230807,1,-1.008407866292331,104.38466599337036,325.0683147663883,9.165454055821636,34.87979977990938,5.449139913354642,31.603635446860753,22.858440824912382,165.1134900434097,7834.828863499992
454,74802.1807669,1,-1.0046192673593708,100.20263148787718,324.908297937428,9.165454055821636,34.86571947831984,5.449144869239909,31.603635446860753,33.048777272972444,166.55187197322144,7851.58654969999
455,74824.5616644,1,-1.0094489653775507,104.4875411322588,320.1711760750659,9.132106599185466,34.15166144561821,5.4811091685943145,32.126588559500895,23.435762298239617,166.31568145777234,7873.96744719999
456,74841.713102,1,-1.0092572757921134,103.90459248024497,324.91962615462216,9.16598888474855,34.88026414581257,5.463586777491768,31.60351426500604,32.62253750607973,166.97252073430025,7891.118884799987
457,74858.5689886,1,1.0039912034310359,105.8760704476874,324.81234212903746,9.132380720258151,34.88026414581257,5.617326205547313,31.606877465986138,42.466726053632776,168.7296179999848,7907.974771399997
458,74875.7844312,1,-1.0103416185644614,104.4817064322561,320.9608151697712,9.13204793195421,34.86573811842164,4.5018909996370455,31.358967088497145,22.651696839872596,168.9404734308442,7925.1902139999875
459,74893.1906959,1,-1.0120019606390636,104.37908992834788,326.3090126270415,9.132727893411543,34.86573811842164,4.663819601715875,31.60355339649169,22.69975120397313,177.1811714993492,7942.5964786999975
460,74911.0266033,1,-1.0033116703740321,98.76721071835493,320.97171143446195,9.132727893411543,34.86573811842164,4.663819601715875,31.60355339649169,22.69975120397313,166.97252073430025,7960.432386099987
461,74928.5903984,1,-1.010015207872916,103.89221811606366,320.1711760750659,9.131510482963044,34.15166144561821,5.4811091685943145,31.60409558492416,43.78863242259063,166.16695733886786,7977.9961811999965
462,74945.5483598,1,-1.0093869228743857,104.4999154964401,321.9689607683974,9.139597295052674,34.88026414581257,5.243138341793976,32.12936979921951,23.28169759692956,166.24363279272902,7994.954142599992
463,74962.8865935,1,-1.0096535549076924,103.90461957801479,321.89344503531044,9.138678916800659,34.865486948117834,5.4520995223849695,31.603554006996198,39.466724122722844,166.95655977073469,8012.2923763
464,74979.2055248,1,1.0041708583310471,105.0409545126238,321.9689607683974,9.133050155441135,35.07635606055608,5.243138341793976,31.60687682463711,39.473615532500546,166.2595937562946,8028.611307599989
465,74997.0666288,1,-1.009560974278287,104.4875411322588,320.1711760750659,9.132106599185466,34.15166144561821,5.4811091685943145,32.126588559500895,23.407560968294067,166.95652692191362,8046.4724116
466,75014.0086855,1,-1.0011178333412578,104.37908992834788,326.3090126270415,9.132727893411543,34.86573811842164,4.663819601715875,52.263456232246234,17.748569544389994,166.331675270159,8063.41446829999
467,75031.525789,1,-1.0090424075631805,104.39150822610824,324.9156899341284,9.164793249006367,34.8656403985441,5.756342288595585,31.607547600915606,39.146313458290464,168.64874211232632,8080.9315718
468,75048.5280954,1,-1.0099973491612075,104.4228061651335,324.804950132337,9.133041527073422,34.880343225588305,5.449144869239909,31.60296531193129,33.36918793740515,166.63274786087993,8097.933878199998
469,75066.5773,1,-1.0095822802524703,103.90458174762432,321.9677874457547,9.139802201072627,34.861809621620935,5.468518728055481,31.606701012215304,39.47263498366501,166.973291511257,8115.983082799998
470,75083.1494274,1,1.010207365305804,103.90266033964599,321.8946183579531,10.103481106137945,34.88394147230947,5.226719136123465,31.603729819418,39.46770467155839,166.2428620157723,8132.555210199993
471,75099.7141696,1,1.0032026008475896,107.70252102265475,320.97171143446195,9.132727893411543,34.86573811842164,4.663819601715875,31.60355339649169,22.69975120397313,166.97252073430025,8149.119952399997
472,75116.0679649,1,1.0160635846567065,103.90459248024497,321.9689607683974,11.226852999941947,34.88026414581257,5.243138341793976,31.60687682463711,39.473615532500546,165.63601596342488,8165.473747699987
473,75133.7079202,1,-1.009734633954138,104.37908992834788,320.97171143446195,9.01562452735613,34.86573811842164,4.663819601715875,31.60355339649169,20.519360095923588,166.97252073430025,8183.113702999995
474,75149.911771,1,0.9975899576465699,104.37908992834788,298.6665382594051,9.132727893411543,34.86573811842164,4.663819601715875,31.60355339649169,27.761822466415055,166.97252073430025,8199.317553799992
475,75167.611922,1,-1.010158042389754,103.90459248024497,321.9689607683974,9.13900117883025,34.88026414581257,5.243138341793976,31.60687682463711,39.473615532500546,166.24363279272902,8217.01770479999
476,75184.7679465,1,-1.010274819351542,104.4817064322561,320.9608151697712,9.13204793195421,34.86573811842164,4.643005729291076,31.358967088497145,22.651696839872596,166.97252073430025,8234.17372929999
477,75202.3488086,1,-1.009734633954138,104.37908992834788,320.97171143446195,9.01562452735613,34.86573811842164,4.663819601715875,31.60355339649169,20.519360095923588,166.97252073430025,8251.754591399993
478,75219.189462,1,-1.0097959002808234,104.38466599337036,323.4095292896307,9.165454055821636,34.86571947831984,5.449144869239909,31.603635446860753,33.048777272972444,166.55187197322144,8268.595244799988
479,75236.903401,1,-1.0103634260790815,104.4817064322561,321.96192425159643,9.13204793195421,34.865032574919404,4.643005729291076,31.358967088497145,22.651696839872596,166.97252073430025,8286.309183799996
480,75254.3343515,1,-1.0110132240581238,103.90459248024497,320.9678516865722,9.13900117883025,34.8809696893148,5.303930795041027,31.60687682463711,38.56343048174189,170.8926924409723,8303.740134299995
481,75271.4993952,1,-1.0103198975331527,104.37908992834788,326.3090126270415,9.132727893411543,34.86573811842164,4.663819601715875,31.60355339649169,22.69975120397313,166.97252073430025,8320.905177999986
482,75289.3453817,1,-1.0075850472603065,104.37908992834788,320.97171143446195,9.132727893411543,34.86573811842164,4.663819601715875,39.32512742017508,22.69975120397313,168.35284288614267,8338.75116449999
483,75305.5311848,1,1.006400755645538,104.02867390984977,321.9689607683974,9.476130827703509,34.88026414581257,5.243138341793976,31.60687682463711,39.473615532500546,166.24363279272902,8354.936967599991
484,75322.9459135,1,-1.0089366228028505,104.4817064322561,320.9608151697712,9.13204793195421,34.86573811842164,4.5018909996370455,35.38852495371836,22.651696839872596,168.9404734308442,8372.3516963
485,75340.4296282,1,-1.0101480445644568,103.90459248024497,321.02571281516333,9.139296552793889,34.88026414581257,5.243138341793976,31.362836885704656,39.473615532500546,166.24363279272902,8389.835410999993
486,75358.1259873,1,-1.0095805167967786,104.4817064322561,321.9040631230053,9.131752557990572,34.86573811842164,4.541429191514988,33.09739866261609,22.651696839872596,166.97252073430025,8407.531770099988
487,75375.3182103,1,-1.0107660818864281,103.89325974835079,321.986376072919,9.132727893411543,34.86573811842164,4.603286444258352,31.60355339649169,39.437817917767205,166.1997907841673,8424.723993099993
488,75392.8944883,1,-1.00929000980379,104.39042266024207,320.95429612994036,9.13900117883025,34.88026414581257,5.303671499251573,31.60687682463711,22.735549027758964,167.016362742862,8442.300271099986
489,75409.8523147,1,-1.010406860721756,103.90459248024497,321.89665757943914,9.13900117883025,34.861809621620935,5.243138341793976,31.606868977316935,39.47285244061275,166.98632705994584,8459.258097499987
490,75427.6056206,1,-1.010158042389754,103.90459248024497,321.9689607683974,9.13900117883025,34.88026414581257,5.243138341793976,31.60687682463711,39.473615532500546,166.24363279272902,8477.0114034
491,75443.5475706,1,1.0020051495577924,110.70643274715557,321.89665757943914,9.13900117883025,34.861809621620935,5.243138341793976,31.606868977316935,39.47285244061275,166.98632705994584,8492.953353399993
492,75460.6881469,1,-1.0101774006552418,104.37908992834788,326.3090126270415,9.132727893411543,33.369597530462045,4.663819601715875,31.60355339649169,30.182518710621522,166.97252073430025,8510.0939297
493,75478.1471998,1,-0.9975913818008212,104.4817064322561,320.9608151697712,9.132726426561337,36.347971420790394,4.701287522907465,42.312578247179786,26.874598783561964,168.33060466757797,8527.552982599998
494,75495.8237525,1,-1.011770295371254,104.37908992834788,326.3090126270415,9.132049398804416,34.86573811842164,4.4644230784454555,31.486073308381513,22.69975120397313,177.79104027291288,8545.229535299994
495,75512.992184,1,-1.0120019606390636,104.37908992834788,326.3090126270415,9.132727893411543,34.86573811842164,4.663819601715875,31.60355339649169,22.69975120397313,177.1811714993492,8562.397966799996
496,75530.6599599,1,-1.0102846858604044,104.37908992834788,320.97171143446195,9.132727893411543,34.86573811842164,4.663819601715875,31.60355339649169,23.681939049786113,166.97252073430025,8580.065742699997
497,75548.2423257,1,-1.0101629130706662,103.90459248024497,321.89665757943914,9.13900117883025,34.861809621620935,5.243138341793976,31.606868977316935,39.47285244061275,166.06624636899,8597.648108499998
498,75565.7450573,1,-1.0109014732798633,104.37908992834788,326.3090126270415,8.93156195216354,34.86573811842164,4.663819601715875,31.60355339649169,22.69975120397313,177.1811714993492,8615.150840099988
499,75582.8258193,1,-1.0120019606390636,104.37908992834788,326.3090126270415,9.132727893411543,34.86573811842164,4.663819601715875,31.60355339649169,22.69975120397313,177.1811714993492,8632.231602099986
500,75600.2913601,1,-1.0030130200113203,103.90459248024497,322.45492160018705,9.132455569125982,34.861809621620935,6.423250173092391,31.606868977316935,51.16909566231813,166.98632705994584,8649.697142899997
501,75617.0434155,1,-1.0120295713968461,104.37908992834788,326.3090126270415,9.139273503115811,34.86573811842164,4.663819601715875,31.386201676579972,22.69975120397313,177.1811714993492,8666.44919829999
502,75634.3587933,1,-1.0097325667712247,104.37908992834788,320.97171143446195,9.132757494652669,34.86573811842164,4.663819601715875,31.47297267511508,22.69975120397313,162.72261754281905,8683.764576099988
503,75651.2819495,1,-1.0106318648666925,104.37908992834788,326.3090126270415,9.132019797563292,34.86573811842164,4.4644230784454555,31.616654029758124,18.182613207784886,177.79104027291288,8700.687732299994
504,75668.3737041,1,-1.010583753668152,104.37908992834788,320.97171143446195,9.132727893411543,34.86573811842164,4.663819601715875,30.194756918738083,22.69975120397313,166.97252073430025,8717.779486899992
505,75685.7700807,1,-1.0104503148983284,104.37908992834788,320.97171143446195,9.132727893411543,34.86573811842164,4.663819601715875,31.60355339649169,22.69975120397313,166.97252073430025,8735.175863499986
506,75702.9539061,1,-1.0102846858604044,104.37908992834788,320.97171143446195,9.132727893411543,34.86573811842164,4.663819601715875,31.60355339649169,23.681939049786113,166.97252073430025,8752.35968889999
507,75720.3387682,1,-0.9717872379638063,102.0955939332412,321.96192425159643,7.949170794751804,34.865032574919404,4.643005729291076,31.358967088497145,22.651696839872596,166.97252073430025,8769.744550999996
508,75737.3777314,1,-1.0104459619853963,104.4817064322561,319.2818631042071,9.13204793195421,34.86573811842164,4.504530528752803,31.35622627909253,22.649605258187467,168.9404734308442,8786.783514199997
509,75755.0277672,1,-1.010313251560948,104.37908992834788,326.3090126270415,9.132727893411543,34.86573811842164,4.661180072600117,31.60629420589632,22.701842785658254,166.97252073430025,8804.433549999987
510,75772.2680284,1,-1.0112465319432615,103.90459248024497,320.9678516865722,9.13900117883025,34.8809696893148,5.303930795041027,31.60687682463711,38.56343048174189,171.94470241636864,8821.673811199988
511,75789.4738952,1,-1.010274819351542,104.4817064322561,320.9608151697712,9.13204793195421,34.86573811842164,4.643005729291076,31.358967088497145,22.651696839872596,166.97252073430025,8838.879677999998
512,75806.8420999,1,-1.0001672589646422,95.72119973918892,311.50795341862414,9.13900117883025,34.86642839851564,4.5880275191708,31.606773739094344,38.591733256929274,171.13059504230193,8856.247882699987
513,75824.1619975,1,-0.9748794931806659,103.89325974835079,321.986376072919,9.132727893411543,29.23320030811997,5.3191897201286675,31.60365648203446,39.40951514257982,165.96188818291245,8873.5677803
514,75841.4568936,1,-1.009999708916376,104.37908992834788,320.97171143446195,9.13912304026249,34.86573811842164,4.615961268518909,31.60355339649169,22.69975120397313,166.97252073430025,8890.862676399993
515,75858.5196604,1,-1.0102795798361501,103.90459248024497,321.89665757943914,9.132606031979304,34.861809621620935,5.290996674990988,31.606868977316935,39.47285244061275,166.98632705994584,8907.925443199987
516,75874.7736396,1,1.0008782274127912,106.06850923109702,326.3090126270415,9.132727893411543,33.73152093254096,4.663819601715875,31.60355339649169,22.69975120397313,177.1811714993492,8924.17942239999
517,75892.4945505,1,-0.9733951232953777,98.8366601135245,326.3090126270415,7.939276315932725,35.65346592213191,4.4644230784454555,31.486073308381513,22.69975120397313,177.79104027291288,8941.9003333
518,75908.7358369,1,-1.0091240115212223,104.37908992834788,320.97171143446195,9.132727893411543,34.86573811842164,4.663819601715875,31.60355339649169,22.69975120397313,161.20213103037224,8958.141619699993
519,75926.1245348,1,-1.0120019606390636,104.37908992834788,326.3090126270415,9.132727893411543,34.86573811842164,4.663819601715875,31.60355339649169,22.69975120397313,177.1811714993492,8975.530317599987
520,75943.5253587,1,-1.0091602671628574,104.37908992834788,320.97171143446195,9.132727893411543,34.86573811842164,4.663819601715875,31.60355339649169,22.69975120397313,161.41107894414975,8992.931141499997
521,75961.5689639,1,-1.0112465319432615,103.90459248024497,320.9678516865722,9.13900117883025,34.8809696893148,5.303930795041027,31.60687682463711,38.56343048174189,171.94470241636864,9010.974746699998
522,75978.5056759,1,-1.0116147203216936,104.37908992834788,326.3090126270415,9.132049398804416,34.86573811842164,4.444919770004317,31.486073308381513,22.69975120397313,177.21310679635968,9027.911458699993
523,75996.2028523,1,-1.0023631779576587,104.37908992834788,326.3090126270415,9.132727893411543,34.82632412891279,3.4044709089826313,31.60355339649169,22.69975120397313,177.7591049759024,9045.608635099998
524,76013.2011619,1,-1.0120019606390636,104.37908992834788,326.3090126270415,9.132727893411543,34.86573811842164,4.663819601715875,31.60355339649169,22.69975120397313,177.1811714993492,9062.60694469999
525,76030.8319396,1,-1.0104503148983284,104.37908992834788,320.97171143446195,9.132727893411543,34.86573811842164,4.663819601715875,31.60355339649169,22.69975120397313,166.97252073430025,9080.237722399994
526,76047.644572,1,-1.0131201617145427,105.40418585695953,326.3090126270415,9.132727893411543,34.86573811842164,4.663819601715875,31.60355339649169,22.69975120397313,177.1811714993492,9097.050354799998
527,76065.296222,1,-1.0112465319432615,103.90459248024497,320.9678516865722,9.13900117883025,34.8809696893148,5.303930795041027,31.60687682463711,38.56343048174189,171.94470241636864,9114.702004799998
528,76082.5635656,1,-1.0088096276882617,104.37908992834788,326.3090126270415,9.132727893411543,34.847329564164575,5.27465118769001,31.60355339649169,13.59857219873065,177.1811714993492,9131.969348399987
529,76100.3595577,1,-1.0120295713968461,104.37908992834788,326.3090126270415,9.139273503115811,34.86573811842164,4.663819601715875,31.386201676579972,22.69975120397313,177.1811714993492,9149.765340499987
530,76117.3617591,1,-1.0074784314870144,102.00583640645644,319.2818631042071,9.13204793195421,34.86573811842164,4.504530528752803,31.35622627909253,22.649605258187467,168.9404734308442,9166.767541899986
531,76134.956294,1,-1.0120295713968461,104.37908992834788,326.3090126270415,9.139273503115811,34.86573811842164,4.663819601715875,31.386201676579972,22.69975120397313,177.1811714993492,9184.362076799996
532,76152.2489316,1,-1.011124271428078,103.90459248024497,326.8586544606286,9.13377192524014,34.8809696893148,5.303930795041027,31.606874240643105,38.56343048174189,170.8926924409723,9201.654714399992
533,76169.7452532,1,-1.011714402392315,104.37908992834788,320.4182098529844,9.137957147001654,34.86573811842164,4.663819601715875,31.603555980485698,22.69975120397313,177.1811714993492,9219.151035999996
534,76187.9214956,1,-1.010189666857226,103.9105201138343,321.3769570157659,8.93156195216354,34.60400674829787,4.663819601715875,31.606830697632677,22.69975120397313,176.9337882707771,9237.3272784
535,76205.3815521,1,-1.0004242128422125,98.76471307253472,320.9678516865722,9.13900117883025,34.8809696893148,6.097591860292176,31.603599523496126,38.56343048174189,171.1400756695694,9254.7873349
536,76222.526095,1,-1.0100574931991804,103.90459248024497,320.9678516865722,9.13900117883025,34.8809696893148,4.7045632310901615,38.675232813964,38.56343048174189,171.94470241636864,9271.931877799987
537,76240.4799247,1,-1.0120295713968461,104.37908992834788,326.3090126270415,9.139273503115811,34.86573811842164,4.663819601715875,31.386201676579972,22.69975120397313,177.1811714993492,9289.885707499998
538,76257.1463259,1,-1.0120019606390636,104.37908992834788,326.3090126270415,9.132727893411543,34.86573811842164,4.663819601715875,31.60355339649169,22.69975120397313,177.1811714993492,9306.552108699994
539,76275.2676602,1,-1.0121825608162853,104.37908992834788,326.3090126270415,9.139273503115811,34.86573811842164,4.663819601715875,30.893988980421987,22.69975120397313,177.1811714993492,9324.673442999992
540,76292.6127661,1,-1.0118226169307527,104.37908992834788,329.90119222129476,9.139273503115811,34.86573811842164,4.663819601715875,31.386201676579972,22.69975120397313,177.1811714993492,9342.0185489
541,76311.4110627,1,-1.0112465319432615,103.90459248024497,320.9678516865722,9.13900117883025,34.8809696893148,5.303930795041027,31.60687682463711,38.56343048174189,171.94470241636864,9360.816845499998
542,76328.7852083,1,-1.0117954781191993,104.37908992834788,326.3090126270415,9.132727893411543,34.86573811842164,4.663819601715875,31.60355339649169,22.69975120397313,175.88220518336496,9378.190991099997
543,76345.2234919,1,0.997743103109211,103.90459248024497,303.09062406185814,9.13900117883025,34.8809696893148,5.303930795041027,31.60687682463711,38.56343048174189,171.94470241636864,9394.629274699997
544,76362.6060159,1,-1.0116566531477977,104.38635070524144,326.8766060867535,9.132730565388417,34.865386638987395,5.303930795041027,31.606874240643105,38.116496101233935,170.8926924409723,9412.011798699998
545,76379.6057039,1,1.0101879788658117,103.89733170335141,326.2910610009166,10.152733867445642,34.88132116874905,4.663819601715875,31.60355339649169,23.146685703800756,177.1811714993492,9429.011486699994
546,76397.3195603,1,-1.0120631306875292,104.37908992834788,326.3090126270415,9.132855744574382,34.86573811842164,4.663819601715875,31.374274748252493,22.69975120397313,177.1811714993492,9446.725343099999
547,76414.5754824,1,-1.0119599219641924,104.37908992834788,326.3090126270415,9.139145651952973,34.86573811842164,4.663819601715875,31.615480324819178,22.69975120397313,177.1811714993492,9463.981265199996
548,76431.1838191,1,-0.9896366104796327,104.37908992834788,326.3090126270415,7.825176920996491,37.79243049040367,4.663819601715875,31.60355339649169,27.72875179648661,177.1811714993492,9480.589601899992
549,76449.2159123,1,-1.013423256367179,105.40418585695953,326.3090126270415,9.132727893411543,34.86573811842164,4.772188340241427,31.60355339649169,22.69975120397313,178.85661225722512,9498.621695099995
550,76465.6319165,1,1.001002541888376,104.37908992834788,314.60775914515267,9.139273503115811,34.86573811842164,4.663819601715875,31.386201676579972,22.69975120397313,177.1811714993492,9515.037699299995
551,76482.7031553,1,-1.0120019606390636,104.37908992834788,326.3090126270415,9.132727893411543,34.86573811842164,4.663819601715875,31.60355339649169,22.69975120397313,177.1811714993492,9532.108938099991
552,76500.4287731,1,-1.012031771378246,104.37908992834788,326.3090126270415,9.139899652025909,34.86573811842164,4.663819601715875,31.36754066002954,22.69975120397313,177.1811714993492,9549.834555899986
553,76517.5633749,1,-1.011991409903654,104.37908992834788,326.3090126270415,9.132101744501446,34.86573811842164,4.663819601715875,31.62221441304214,22.69975120397313,177.1811714993492,9566.96915769999
554,76534.2342129,1,1.0020092129223936,110.17055368148135,326.3090126270415,9.132727893411543,34.86573811842164,4.663819601715875,31.60355339649169,22.69975120397313,177.1811714993492,9583.639995699996
555,76551.1864,1,-1.011770295371254,104.37908992834788,326.3090126270415,9.132049398804416,34.86573811842164,4.4644230784454555,31.486073308381513,22.69975120397313,177.79104027291288,9600.5921828
556,76568.5776892,1,-1.012031771378246,104.37908992834788,326.3090126270415,9.139899652025909,34.86573811842164,4.663819601715875,31.36754066002954,22.69975120397313,177.1811714993492,9617.983471999993
557,76585.4038906,1,-1.0120019606390636,104.37908992834788,326.3090126270415,9.132727893411543,34.86573811842164,4.663819601715875,31.60355339649169,22.69975120397313,177.1811714993492,9634.8096734
558,76602.8024922,1,-1.0131042244967237,104.37908992834788,326.3090126270415,9.139273503115811,34.86573811842164,4.663819601715875,31.386201676579972,28.386295327650345,177.1811714993492,9652.208274999997
559,76619.5774014,1,-1.0119070222765392,105.40418585695953,326.3090126270415,9.132727893411543,34.86573811842164,4.240229000025842,31.60355339649169,22.69975120397313,177.1811714993492,9668.983184199999
560,76637.2854519,1,-1.0120322311264152,104.37908992834788,326.3090126270415,9.132727893411543,34.86573811842164,4.7090435135980915,31.60355339649169,22.69975120397313,177.1811714993492,9686.691234699989
561,76654.2147279,1,-1.013423256367179,105.40418585695953,326.3090126270415,9.132727893411543,34.86573811842164,4.772188340241427,31.60355339649169,22.69975120397313,178.85661225722512,9703.620510699999
562,76670.294136,1,1.0082329686321103,104.37908992834788,326.3090126270415,9.782987701108521,34.86573811842164,4.663819601715875,31.36754066002954,22.69975120397313,177.1811714993492,9719.69991879999
563,76686.9479377,1,-1.0094286444811769,104.37908992834788,318.57156891088846,9.132727893411543,34.86573811842164,4.412038007358246,36.30566117479011,22.69975120397313,177.1811714993492,9736.353720499988
564,76704.4142158,1,-1.0121825608162853,104.37908992834788,326.3090126270415,9.139273503115811,34.86573811842164,4.663819601715875,30.893988980421987,22.69975120397313,177.1811714993492,9753.819998599996
565,76721.8146317,1,-1.0119874363218897,104.37908992834788,326.3090126270415,9.139273503115811,34.86573811842164,4.663819601715875,31.386201676579972,22.49000451124414,177.1811714993492,9771.2204145
566,76740.1767169,1,-1.0122362531815008,104.37908992834788,326.3090126270415,9.132736594639125,34.86573811842164,4.663819601715875,30.86499678324193,22.69975120397313,177.1811714993492,9789.582499699987
567,76757.3999744,1,-1.0124450270799916,104.37908992834788,326.3090126270415,9.13939265305107,34.86573811842164,4.663819601715875,30.176569480194576,22.69975120397313,177.1811714993492,9806.805757199996
568,76774.8188736,1,-1.0131201617145427,105.40418585695953,326.3090126270415,9.132727893411543,34.86573811842164,4.663819601715875,31.60355339649169,22.69975120397313,177.1811714993492,9824.224656399994
569,76791.730926,1,-1.0120019606390636,104.37908992834788,326.3090126270415,9.132727893411543,34.86573811842164,4.663819601715875,31.60355339649169,22.69975120397313,177.1811714993492,9841.136708799997
570,76809.0053508,1,-1.0118309219552033,104.37908992834788,330.44284879285135,9.139273503115811,34.86573811842164,4.663819601715875,30.893988980421987,22.69975120397313,177.1811714993492,9858.411133599991
571,76826.1386811,1,-1.011457688337795,104.37908992834788,326.3090126270415,9.209825024081853,34.86573811842164,4.663819601715875,31.60355339649169,22.69975120397313,177.1811714993492,9875.54446389999
572,76843.7612814,1,-1.0120631306875292,104.37908992834788,326.3090126270415,9.132855744574382,34.86573811842164,4.663819601715875,31.374274748252493,22.69975120397313,177.1811714993492,9893.167064199995
573,76864.3191968,1,-1.011995147507685,104.37908992834788,323.81760854173007,9.139273503115811,34.86573811842164,4.663819601715875,31.386201676579972,22.69975120397313,177.1811714993492,9913.724979599996
574,76882.7880137,1,-1.0100342927187185,104.37718863877295,326.3090126270415,9.334551394818801,34.86573811842164,4.663819601715875,31.60355339649169,22.69975120397313,178.92552025140893,9932.193796499996
575,76899.0087897,1,1.006981672430771,105.40608714653446,326.3090126270415,9.65226684936093,34.86573811842164,4.772188340241427,31.60355339649169,22.69975120397313,177.11226350516537,9948.414572499998
576,76916.766095,1,-1.013423256367179,105.40418585695953,326.3090126270415,9.132727893411543,34.86573811842164,4.772188340241427,31.60355339649169,22.69975120397313,178.85661225722512,9966.171877799992
577,76933.6036028,1,-1.0120679625594353,104.37908992834788,326.3090126270415,9.132736594639125,34.86573811842164,4.663819601715875,30.86499678324193,22.69975120397313,176.07071288710767,9983.009385599988
578,76951.260071,1,-1.0120906739282243,104.37908992834788,326.3090126270415,9.132855744574382,34.86573811842164,4.714277908285144,31.374274748252493,22.69975120397313,177.1811714993492,10000.66585379999
579,76968.6397854,1,-1.0113615540085275,104.37908992834788,326.3090126270415,9.139273503115811,34.86573811842164,4.663819601715875,30.893988980421987,22.69975120397313,171.95525094322946,10018.045568199988
580,76986.0042712,1,-1.0121825608162853,104.37908992834788,326.3090126270415,9.139273503115811,34.86573811842164,4.663819601715875,30.893988980421987,22.69975120397313,177.1811714993492,10035.410053999993
581,77003.7001174,1,-1.0120295713968461,104.37908992834788,326.3090126270415,9.139273503115811,34.86573811842164,4.663819601715875,31.386201676579972,22.69975120397313,177.1811714993492,10053.105900199997
582,77021.7141009,1,-1.0123254000007447,104.65741060375977,326.3090126270415,9.140306608783638,34.86573811842164,4.663819601715875,31.367646796161953,22.69975120397313,177.1811714993492,10071.119883699997
583,77038.9092689,1,-1.0120924521119055,104.37908992834788,326.3090126270415,9.132448787816651,34.86573811842164,4.663819601715875,31.374168612120084,22.69975120397313,177.1811714993492,10088.315051699989
584,77056.2499483,1,-1.012031771378246,104.37908992834788,326.3090126270415,9.139899652025909,34.86573811842164,4.663819601715875,31.36754066002954,22.69975120397313,177.1811714993492,10105.655731099992
585,77073.6002786,1,-0.9957239969305429,104.37908992834788,320.8612553920852,9.139273503115811,30.978441849941994,4.663819601715875,31.386201676579972,28.386295327650345,177.1811714993492,10123.006061399996
586,77091.2002934,1,-1.0124087233532861,104.37908992834788,326.3090126270415,9.139386769693878,34.86573811842164,4.691041902628647,30.176569480194576,22.69975120397313,177.1811714993492,10140.606076199998
587,77108.2383903,1,-1.0121817212382922,104.37908992834788,326.3090126270415,9.139279386473003,34.86573811842164,4.663819601715875,30.893988980421987,22.69975120397313,177.1811714993492,10157.644173099994
588,77126.3606687,1,-1.0043015149615706,104.37908992834788,347.5892431973455,9.13939265305107,34.86573811842164,4.663819601715875,30.176569480194576,22.69975120397313,177.1811714993492,10175.766451499992
589,77143.6674879,1,-1.011392541540668,104.37908992834788,331.93942273929486,9.139273503115811,34.86573811842164,4.663819601715875,31.386201676579972,22.69975120397313,177.97615495797305,10193.073270699999
590,77160.4855326,1,-1.013215800673451,105.40418585695953,326.3090126270415,9.132727893411543,34.86573811842164,4.776947953760126,31.60355339649169,22.69975120397313,177.28561424015507,10209.89131539999
591,77178.1044956,1,-1.0133584325788352,105.40418585695953,326.3090126270415,9.132727893411543,34.86573811842164,4.659059988197176,31.60355339649169,22.69975120397313,178.75216951641923,10227.51027839999
592,77195.4132841,1,-1.0131201617145427,105.40418585695953,326.3090126270415,9.132727893411543,34.86573811842164,4.663819601715875,31.60355339649169,22.69975120397313,177.1811714993492,10244.819066899989
593,77212.6906517,1,-1.013157839198152,105.40418585695953,326.3090126270415,9.132727893411543,34.86573811842164,4.772188340241427,31.60355339649169,23.148294478932847,176.45507195161537,10262.096434499996
594,77229.6584195,1,-1.0126688659558174,104.37908992834788,326.3090126270415,9.132727893411543,34.87407993023768,4.663819601715875,31.60355339649169,22.69975120397313,181.6410342639698,10279.064202299996
595,77247.3109932,1,-1.01282659104394,105.40418585695953,326.3090126270415,9.132727893411543,34.86573811842164,4.772188340241427,33.55116015893679,22.69975120397313,178.85661225722512,10296.716775999987
596,77263.9249024,1,-1.013423256367179,105.40418585695953,326.3090126270415,9.132727893411543,34.86573811842164,4.772188340241427,31.60355339649169,22.69975120397313,178.85661225722512,10313.330685199995
