iteration,timestamp,success,NPV_over_CAPEX,clearance,sp,p_rated,Nwt,wind_MW_per_km2,solar_MW,surface_tilt,surface_azimuth,time_sec
0,123678.1084768,1,0.9592287759231912,61.65070716095722,289.88372499887845,14.169077535253612,16.542133848637135,2.36332651637887,38.45761572793013,30.638761801357802,176.29636299723455,0.0
1,123691.3316189,1,-0.18343366254850726,36.09610190093926,238.53903316750763,14.225805201015547,44.979727241983014,6.1186871699118175,52.61189558842038,50.770424174774405,186.7897015611046,13.223142100003315
2,123704.5941037,1,-0.647388818613678,16.95705826324095,204.24761078602722,9.702824576224018,21.425472411716864,7.244566872690705,196.16513232209505,14.731933404100264,185.94447366342084,26.48562690000108
3,123717.2024157,1,0.8868896361860995,100.24453623179487,226.4928218107318,12.773035120253816,40.6850759936787,9.865626835800333,185.31964437383246,44.8769156700463,184.88689953369214,39.09393889999774
4,123731.0720117,1,-0.5467497707689981,31.58828482045414,303.1606486125948,19.435486997461133,8.261305202763987,9.639600652841581,58.47026102894904,72.08052064865933,192.96639555398667,52.96353490000183
5,123744.5975545,1,-0.0327761848912358,23.92068837263094,221.94249304348435,17.556922194865976,37.85094482343373,5.2456543541629586,45.88339290351182,29.463866808200528,174.05552633657916,66.48907769999641
6,123758.6892748,1,0.6692285140163923,118.82953497002221,252.98564362146362,7.482619903061575,20.640983508599447,3.9846269528411753,181.9599184319223,81.20637383482246,207.12423989313183,80.58079799999541
7,123772.7111313,1,-0.5880527071086724,50.727328458152456,224.53332318933363,9.044503215309357,48.49766235248901,3.869853084709683,188.6049069739892,46.90176276978848,156.85903468910757,94.60265450000588
8,123786.3927464,1,0.9710734145900665,62.57044084005185,208.20963789292475,17.580830342041786,34.7572300025906,5.236156910820933,78.58351711875093,59.60884907414657,152.23128951565718,108.2842696000007
9,123800.7499528,1,0.869845761710822,118.05975023588657,231.92040072011426,10.19395028495136,34.06175320340752,3.428256482249434,148.45285813613884,78.15007889540715,197.7199017473049,122.64147600000433
10,123815.6309806,1,-0.7292240030233312,50.13559785586112,283.73890256978,5.276823942170884,31.764758087171945,6.090961197793438,32.536796042224246,60.76137935603763,181.82620854061548,137.52250380000623
11,123831.006846,1,-0.7536503036192326,63.28979714132979,203.38611393912498,6.81850407936085,27.779015563895907,3.971895154045,103.15460361754464,41.78080504891511,155.99714537564944,152.8983692000038
12,123845.8646734,1,0.7730782604766565,104.02434585979726,284.88295865209454,6.882140305320238,25.142674329875025,1.518130198570619,149.7044664841688,10.892267898247379,182.14971461074396,167.75619660000666
13,123861.2493998,1,-0.8439669847458029,98.07028143325711,331.87348323857356,9.697554312564408,18.45992620363102,4.029676185688807,189.3152169883159,62.560980291541654,187.37378765538463,183.14092299999902
14,123877.317495,1,0.7872837751549511,96.36989310427215,351.2722410919471,7.9645843951552875,24.204636282160056,1.8172854972264854,140.51463319340957,34.016460805659165,161.79260737723007,199.20901819999563
15,123894.7140845,1,-0.496915915371818,43.90238843499143,285.72732119690625,5.34603674140988,15.269691773875092,9.623589622958661,185.7477031532281,40.1879510041549,173.9318149428117,216.60560769999574
16,123910.5749418,1,0.9770540304287377,67.42594902979064,253.22343205587305,19.560452069205382,21.20678740171036,9.380672872512225,47.03564773334078,66.77753494444579,194.29123767951907,232.46646500000497
17,123926.696704,1,-0.787203068229398,18.030376491872886,263.54135076162163,7.083389902269045,40.037310789368725,6.258852438377278,179.65962433833428,9.584282309974304,199.4771853499418,248.5882272000017
18,123943.7736809,1,-0.7051482627879707,99.43330814698814,355.26473414139025,9.60712184866512,14.094762124886724,5.55449088193285,61.24420874444533,36.74105924477014,157.89929455172376,265.6652041000052
19,123959.3321758,1,0.8094896557128466,76.37641320922444,218.39496556146037,6.303098261745648,20.479689020569616,2.7085539173125124,104.05521033043374,5.279968046400931,155.16131853494602,281.22369899999467
20,123974.4536148,1,0.6286775890114232,36.41835513359944,344.3161646290664,7.9660704072123,12.134364295773725,1.9972455907768878,156.23277401858883,61.08199386624836,157.24990505953835,296.3451380000042
21,123991.6456796,1,-0.6909968594358186,93.09458283066171,359.82048412008044,9.058263316048482,15.088799780749559,5.5403777513066865,61.24420874444533,45.73981386581879,161.82674204554965,313.53720279999834
22,124008.5733458,1,-0.5343817193009296,57.06509616259462,225.29503937662412,9.593361747925996,48.49766235248901,3.883966218363404,188.6049069739892,36.41429703895292,156.85903468910757,330.4648690000031
23,124025.7480644,1,-0.8060992959009121,50.13559785586112,263.77826197972763,5.276823942170884,39.98322369454487,6.090961197793438,36.57955617193623,61.58505827712381,181.82620854061548,347.6395876000024
24,124042.6900034,1,-0.7412756378047607,18.030376491872886,283.5019913517935,7.083389902269045,31.818844924933494,6.407686712870569,178.10906439498785,11.588349290239563,199.4771853499418,364.58152659999905
25,124059.5148551,1,-0.4962500608016663,43.90238843499143,285.72732119690625,5.34603674140988,15.269691773875092,9.709267893573339,185.7477031532281,40.1879510041549,173.9318149428117,381.40637830000196
26,124076.7351249,1,-0.8439669847458029,98.07028143325711,331.87348323857356,9.697554312564408,18.45992620363102,4.029676185688807,189.3152169883159,62.560980291541654,187.37378765538463,398.6266481000057
27,124093.3995777,1,-0.7945346838775438,50.727328458152456,223.93756588005792,9.044503215309357,28.718975000219597,3.8725833139871617,188.6049069739892,42.04858712826908,156.85903468910757,415.2911008999945
28,124110.7389192,1,-0.8352343078047525,63.28979714132979,204.00345448995597,6.81850407936085,47.45584577940346,3.969164924767521,103.15460361754464,53.41275635247995,155.99714537564944,432.63044239999726
29,124127.4905051,1,-0.647388818613678,16.95705826324095,204.24761078602722,9.702824576224018,21.425472411716864,7.244566872690705,196.16513232209505,14.731933404100264,185.94447366342084,449.382028299995
30,124145.4989058,1,-0.7536503036192326,63.28979714132979,203.38611393912498,6.81850407936085,27.779015563895907,3.971895154045,103.15460361754464,41.78080504891511,155.99714537564944,467.3904290000064
31,124162.5098665,1,-0.12288335099976232,36.09610190093926,238.53903316750763,14.225805201015547,47.920964779164265,6.144368387872232,52.61189558842038,24.940148619774902,186.7897015611046,484.4013896999968
32,124179.6038878,1,-0.031948921343964105,23.92068837263094,221.94249304348435,17.556922194865976,37.85094482343373,4.640866108590253,45.88339290351182,55.316471287773766,174.05552633657916,501.49541099999624
33,124196.9563961,1,-0.7294817191024632,50.12779831238146,283.73890256978,5.276823942170884,31.764758087171945,6.090961197793438,32.536796042224246,61.353119475513076,181.82620854061548,518.8479192999948
34,124214.3126854,1,-0.04071607559785469,23.928695691186242,221.94249304348435,17.44594139499476,37.85094482343373,5.2456543541629586,45.88339290351182,26.596489415504074,174.05552633657916,536.2042086000001
35,124231.7980561,1,-0.8307922613213982,98.07028143325711,332.80214661689547,9.697554312564408,18.452118248136923,9.690711731513101,189.3152169883159,40.68719269019169,187.37378765538463,553.6895793000003
36,124249.2161153,1,-0.5052635453999131,43.90238843499143,284.79830338120576,5.34603674140988,15.277499729387896,3.8947037253856385,185.7477031532281,62.06173804677475,173.9318149428117,571.1076385000051
37,124265.8057562,1,0.6798159386494601,95.36572092989928,350.1985232634048,7.9645843951552875,24.204636282160056,1.8172854972264854,178.74596144089637,33.90337685850208,197.39251153794856,587.697279400003
38,124282.4740315,1,-0.774137947784761,19.254760321825685,263.54135076162163,6.262797815189695,40.82525840515301,6.256831140931899,141.42796160860016,9.584282309974304,163.87512168684498,604.3655546999944
39,124298.9561683,1,0.773133333484938,96.36989310427215,351.2722410919471,7.9645843951552875,24.204636282160056,1.8172854972264854,150.41151453804883,34.016460805659165,161.79260737723007,620.8476915000065
40,124315.6015295,1,-0.7063934297957745,99.43330814698814,355.26473414139025,9.60712184866512,14.094762124886724,5.55449088193285,52.221298573455115,36.74105924477014,157.89929455172376,637.493052699996
41,124332.7460323,1,-0.4702988102665107,59.23929363025931,203.98606541499396,9.938580235891672,47.45584577940346,7.508847023366023,104.89100597844589,10.89803242514564,155.99714537564944,654.6375554999977
42,124350.357219,1,-0.6942472862984762,21.056540572648878,204.26499986098924,6.840563841257584,21.425472411716864,3.704878404380062,196.16513232209505,57.27505273787389,185.94447366342084,672.2487421999977
43,124367.8049265,1,-0.6922777068500597,16.95705826324095,204.24761078602722,9.702824576224018,28.828192046662377,7.244566872690705,196.16513232209505,14.731933404100264,185.94447366342084,689.6964497000008
44,124385.8481701,1,-0.7377950782706592,50.727328458152456,234.58756407597335,9.044503215309357,21.316255367223498,3.8725833139871617,188.6049069739892,42.04858712826908,156.85903468910757,707.7396932999982
45,124403.2294844,1,-0.7967193822755023,50.19248759604295,284.00748133676194,6.605241414417825,31.67805272657031,6.251852629969885,32.536796042224246,56.74420539028181,181.82620854061548,725.1210075999988
46,124421.0051103,1,-0.7825201548423254,22.526978878858174,263.27277199484945,6.347474453058187,41.088582519091936,6.443235851139512,141.42796160860016,9.584282309974304,162.3507891849355,742.8966335000005
47,124437.9032149,1,-0.8067215111531423,54.87410962537196,263.77826197972763,5.276823942170884,39.98322369454487,6.090961197793438,36.57955617193623,61.58505827712381,181.82620854061548,759.7947380999976
48,124454.5486156,1,0.9114355874312615,99.43330814698814,355.26473414139025,11.404828572402964,14.094762124886724,5.55449088193285,52.221298573455115,36.74105924477014,157.89929455172376,776.4401387999969
49,124471.037223,1,-0.8187379845686906,98.07028143325711,332.7866782790114,9.697554312564408,18.45992620363102,9.507422988122329,182.05195890795326,62.580048509355585,187.37378765538463,792.9287462000066
50,124489.3100314,1,-0.9024728472265198,90.30153618388293,331.88895157645754,9.697554312564408,22.984768649246696,4.170771650064179,198.83035468923333,45.9750776900931,187.37378765538463,811.2015546000039
51,124506.7562799,1,-0.8562012248911884,98.07028143325711,332.80214661689547,9.697554312564408,18.452118248136923,4.5341275737468205,189.3152169883159,40.68719269019169,187.37378765538463,828.6478031000006
52,124523.6300241,1,-0.8209066774404077,98.07028143325711,331.87348323857356,9.697554312564408,18.45992620363102,9.149767611289908,189.3152169883159,62.560980291541654,187.37378765538463,845.5215472999989
53,124541.4767356,1,-0.5253046020296719,18.030376491872886,283.5019913517935,7.083389902269045,15.07334083078501,6.407686712870569,178.10906439498785,11.588349290239563,203.25320946905708,863.3682587999938
54,124558.6894795,1,-0.9423750332662815,96.28476039262534,359.82048412008044,9.058263316048482,31.834368518595596,5.524140976899394,83.09097475189067,46.34068377623363,161.82674204554965,880.581002699997
55,124576.1165354,1,-0.8197516925679397,93.40919869006434,325.95396177335647,6.19524201204632,40.82525840515301,6.256831140931899,186.602081571268,2.8072132628180952,187.93222360745145,898.0080585999967
56,124592.6585175,1,-0.652627827434661,24.062439150254832,274.37471249031097,9.76549956490685,18.45992620363102,4.029676185688807,136.51688233467226,70.89475110744058,163.31692183808272,914.5500406999927
57,124609.3320439,1,0.8296683744616,104.07904649129193,328.00396793769295,9.697554312564408,38.35028289202087,4.029676185688807,189.3152169883159,60.908346434276574,188.58508101375418,931.2235670999944
58,124626.3349652,1,-0.6030814626018977,13.752630819517556,267.40901767107044,7.083389902269045,20.146699650765107,6.558857752234964,179.65962433833428,10.093692162015678,198.2658886089663,948.2264884000033
59,124643.7683546,1,-0.7388036746924507,66.9214895136601,204.24952189921936,9.702824576224018,21.732680386084073,3.985640831084318,196.16513232209505,15.009807624523575,155.4820434252097,965.6598778000043
60,124661.6052523,1,-0.7802415020796125,13.860347648499822,204.00154337676383,6.81850407936085,47.06496343979886,7.228090386844594,103.15460361754464,53.136583606883406,186.4933098957255,983.4967754999961
61,124678.6498362,1,-0.8916934192076419,90.30153618388293,331.88895157645754,9.317046630541888,22.984768649246696,4.170771650064179,198.83035468923333,45.9750776900931,187.37378765538463,1000.5413593999983
62,124696.4316434,1,-0.8434338463298432,98.07028143325711,334.1306208474568,9.33054482154808,18.452118248136923,4.5341275737468205,189.3152169883159,40.68719269019169,187.37378765538463,1018.3231666000065
63,124713.4944964,1,-0.8197516925679397,93.40919869006434,325.95396177335647,6.19524201204632,40.82525840515301,6.256831140931899,186.602081571268,2.8072132628180952,187.93222360745145,1035.3860196000023
64,124731.5249841,1,-0.7858949941378454,50.13559785586112,263.77826197972763,5.276823942170884,37.26594984620194,6.090961197793438,36.57955617193623,61.58505827712381,181.82620854061548,1053.416507300004
65,124748.4911576,1,-0.9269629788371614,98.07028143325711,332.80214661689547,9.697554312564408,28.65009513976501,9.437024657442668,189.3152169883159,32.36625759896059,187.37378765538463,1070.3826808000013
66,124766.6310942,1,-0.8517384040685967,98.07028143325711,332.7866782790114,9.697554312564408,20.82365877966991,9.507422988122329,180.00022406582056,62.580048509355585,187.37378765538463,1088.5226173999981
67,124783.8499312,1,-0.7378456391111147,47.29063025439851,339.0645866203647,9.697554312564408,18.642735983088265,4.5341275737468205,189.3152169883159,40.0466463422482,187.37378765538463,1105.7414544000058
68,124801.158096,1,-0.848246505597875,105.62224591887913,257.4800737744728,5.412518028416826,39.98322369454487,6.090961197793438,36.57955617193623,61.979599944875986,181.82620854061548,1123.0496191999991
69,124818.8537823,1,-0.7837041074118252,50.01733827291039,291.40180018156667,6.605241414417825,31.96363413464471,6.256693391761551,32.536796042224246,2.8149885301134,181.70580253627872,1140.7453054999933
70,124835.2693024,1,-0.8849405138915521,93.5841866073774,328.4318312384558,6.19524201204632,40.82525840515301,6.251990379140232,182.03411822563,56.45424531048177,188.05262961176354,1157.1608256000036
71,124853.2031575,1,-0.8882720558697772,83.33481131163316,331.88895157645754,9.697554312564408,22.984768649246696,4.170771650064179,198.83035468923333,45.9750776900931,187.37378765538463,1175.0946807
72,124870.6709055,1,-0.8187379845686906,98.07028143325711,332.7866782790114,9.697554312564408,18.45992620363102,9.507422988122329,182.05195890795326,62.580048509355585,187.37378765538463,1192.5624286999955
73,124888.5472177,1,-0.8046931764287398,50.13559785586112,263.77826197972763,5.276823942170884,39.98322369454487,6.27687354840711,36.57955617193623,61.58505827712381,181.82620854061548,1210.4387409000046
74,124905.1122625,1,-0.8209066774404077,98.07028143325711,331.87348323857356,9.697554312564408,18.45992620363102,9.149767611289908,189.3152169883159,62.560980291541654,187.37378765538463,1227.0037856999988
75,124922.7403862,1,-0.9251665617567766,90.10920515226773,359.82048412008044,9.058263316048482,31.834368518595596,5.188492522818786,83.09097475189067,46.34068377623363,156.7282009188231,1244.6319094000064
76,124940.0270677,1,-0.8380725901002543,63.28979714132979,204.00345448995597,6.81850407936085,47.45584577940346,3.969164924767521,103.15460361754464,41.106889362041585,155.99714537564944,1261.9185908999934
77,124957.4900136,1,-0.9457218175630082,96.28476039262534,359.82048412008044,9.058263316048482,31.834368518595596,4.591059995766754,74.78070171851203,46.34068377623363,159.83933889023,1279.3815368000069
78,124974.0169619,1,0.6601014237043444,111.54134223565931,331.87348323857356,9.697554312564408,18.45992620363102,4.029676185688807,191.562662448412,62.560980291541654,187.37378765538463,1295.9084850999934
79,124991.1094342,1,-0.5214400611801914,13.860347648499822,204.00154337676383,9.365904051024794,47.06496343979886,7.228090386844594,103.15460361754464,53.136583606883406,186.47894970331586,1313.0009573999996
80,125008.732391,1,-0.7380077373394648,98.07028143325711,331.87348323857356,7.150160650286354,18.733179430919094,3.5940716543878493,189.3152169883159,62.560980291541654,187.38814784779427,1330.6239141999977
81,125025.9638408,1,-0.9127115932698833,90.30153618388293,331.88895157645754,9.697554312564408,22.984768649246696,4.170771650064179,198.83035468923333,42.741623037470994,194.5349879974183,1347.8553640000027
82,125044.1075902,1,-0.9456589446086071,96.28476039262534,359.8825029471343,9.058263316048482,31.834368518595596,4.591059995766754,74.78070171851203,46.34068377623363,159.83933889023,1365.999113400001
83,125061.246214,1,-0.8400841625011566,98.17812342349438,332.7866782790114,9.361959877472904,20.82365877966991,9.507422988122329,182.50334701234743,62.97139777628457,187.37378765538463,1383.1377371999988
84,125079.2555115,1,-0.9639943333317667,96.17691840238805,359.82048412008044,9.645033737236231,31.834368518595596,4.331911667388461,71.3776749778889,46.34068377623363,159.83933889023,1401.1470346999995
85,125096.2694932,1,-0.8645661885043494,96.96847647093932,331.87348323857356,10.448671791519049,18.45992620363102,4.029676185688807,189.3152169883159,62.560980291541654,187.37378765538463,1418.1610164000012
86,125113.3618283,1,-0.8352343078047525,63.28979714132979,204.00345448995597,6.81850407936085,47.45584577940346,3.969164924767521,103.15460361754464,53.41275635247995,155.99714537564944,1435.253351499996
87,125130.997503,1,-0.9423750332662815,96.28476039262534,359.82048412008044,9.058263316048482,31.834368518595596,5.524140976899394,83.09097475189067,46.34068377623363,161.82674204554965,1452.889026200006
88,125147.457916,1,0.6553590120572138,103.9040757322891,331.87348323857356,9.697554312564408,18.45992620363102,4.029676185688807,193.0894437748483,62.560980291541654,187.37378765538463,1469.3494391999993
89,125164.3701486,1,0.6749126748516044,107.80121509015888,332.8221701264437,9.33054482154808,18.452118248136923,4.5341275737468205,179.77465359791836,24.06973350008257,187.37378765538463,1486.2616718000063
90,125181.7976921,1,-0.8567363617488692,98.07028143325711,331.1121804981077,9.697554312564408,18.452118248136923,4.5341275737468205,189.3152169883159,40.68719269019169,187.37378765538463,1503.6892152999935
91,125199.8479834,1,-0.8434338463298432,98.07028143325711,334.1306208474568,9.33054482154808,18.452118248136923,4.5341275737468205,189.3152169883159,40.68719269019169,187.37378765538463,1521.7395066000026
92,125217.2857421,1,-0.8998380327883881,84.32770735274828,332.80214661689547,9.697554312564408,28.65009513976501,9.437024657442668,189.3152169883159,32.36625759896059,187.37378765538463,1539.1772652999935
93,125235.0715999,1,-0.8047550618071384,83.20091804833402,331.87355296746523,9.697554312564408,16.72817492295936,4.032982573745531,199.4498607237624,46.28886009631339,187.37378765538463,1556.9631230999948
94,125252.5477623,1,-0.9085915902452371,98.20417457179286,331.8888818475659,9.697554312564408,22.984768649246696,4.167465262007455,189.12045506992123,58.92239899601809,187.37378765538463,1574.4392855000042
95,125270.1431466,1,-0.8854611173349246,83.64861516910868,332.7691072104199,9.697554312564408,22.72842502874206,4.174883377574801,199.40859420204765,40.87357193563017,187.37378765538463,1592.0346698000067
96,125287.9868627,1,-0.8669139284411067,97.75647749420837,331.9219909829331,9.697554312564408,19.11119502984633,4.530015846236198,188.5733423705911,45.78869844465462,187.37378765538463,1609.878385899996
97,125305.3460113,1,-0.9392637872530378,92.99796447319505,359.37328940534627,9.697554312564408,32.03297446471058,9.437024657442668,80.67540043072147,32.36625759896059,187.37378765538463,1627.2375345000037
98,125323.5771963,1,-0.9009302401207989,96.32998085634692,332.4989669941501,9.058263316048482,28.45148919364959,5.524140976899394,191.27929073912776,43.7722896715476,161.82674204554965,1645.4687195000006
99,125341.1624954,1,-0.9106717930659736,90.30153618388293,331.85519042391525,9.361478887285543,30.85640293041833,4.158919729088482,195.965765030748,37.92108734569157,156.62888166768838,1663.0540185999998
100,125359.4204498,1,-0.8647793854571465,90.10920515226773,359.1464801886686,9.049385875607745,23.360963031203976,5.200344443807454,83.33237916607669,46.34068377623363,187.4879589579897,1681.3119730000035
101,125376.6823184,1,-0.8964700978682096,96.17691840238805,359.82048412008044,9.645033737236231,22.665113366834348,4.178499196929531,71.3776749778889,46.34068377623363,196.77445805643927,1698.573841599995
102,125395.1700288,1,-0.9191965303475184,90.30153618388293,323.6944003629119,9.697554312564408,32.15402380208159,4.324184120523109,198.83035468923333,48.187799202850165,157.63615710533554,1717.0615519999992
103,125412.7129147,1,-0.9634975159652271,96.28686235331173,356.1357609913819,9.70794444435983,33.85086714661865,5.5565846874545635,82.8209242770385,38.22223759811082,164.75080596998907,1734.604437899994
104,125429.7934116,1,0.7695214992237374,98.20207261110647,335.0268302180125,11.483579251797652,22.984768649246696,4.135021551826025,180.6424321504802,58.92239899601809,184.4500489366323,1751.684934799996
105,125447.4847043,1,-0.8148326746957876,98.20417457179286,359.4391852989398,9.003288698548106,23.135527665509123,5.505268404141713,194.2417659871533,59.028097868267395,162.64896862142942,1769.3762275000045
106,125465.5550939,1,-0.9972440400913783,96.28476039262534,331.42099048341186,9.75252893006484,31.683609502625572,4.1863378349130915,83.09097475189067,46.2349849027584,186.55195568285808,1787.446617099995
107,125483.2057888,1,-0.9604162775374516,96.17471729891882,359.8204103576672,9.554953069053077,31.834368518595596,3.8411752990755366,71.3776749778889,46.34068377623363,161.9124573479505,1805.097311999998
108,125500.523472,1,-0.9489883269339803,96.28696149609458,359.8825767094986,9.148343984231637,31.834368518595596,4.591059995766754,74.78070171851203,46.55036109726808,159.83933889023,1822.4149952000007
109,125518.8598022,1,-0.9430995845779292,96.28476039262534,359.82048412008044,9.058263316048482,31.834368518595596,4.673647037033819,83.09097475189067,46.34068377623363,159.8507500989218,1840.7513253999932
110,125536.2833116,1,-0.9454318778867165,96.28476039262534,359.82048412008044,9.058263316048482,31.834368518595596,5.441553935633048,74.78070171851203,45.71014725272373,161.81533083685804,1858.1748347999965
111,125553.8838136,1,-0.9308097161423856,90.37160545623414,359.89782690591153,9.058263316048482,31.834368518595596,5.303509121878084,74.78070171851203,45.61840025923637,159.83933889023,1875.7753367999976
112,125571.2947249,1,-0.947348355928163,100.9306794222065,359.82048412008044,9.058263316048482,31.834368518595596,4.4760433967081505,80.81168049011924,41.36245230410642,151.97965608253347,1893.186248099999
113,125589.767327,1,-0.9310273501206852,90.35688476495528,359.81871194908734,9.201356891423895,31.834368518595596,5.188492522818786,83.09097475189067,46.34068377623363,156.7282009188231,1911.658850199994
114,125607.4040176,1,-0.945131409969611,96.03708077993169,359.88427511799574,9.058263316048482,31.834368518595596,4.591059995766754,74.78070171851203,46.34068377623363,159.83933889023,1929.295540799998
115,125625.2502097,1,-0.9673550648392001,96.8532651447441,359.82048412008044,9.058263316048482,31.834368518595596,5.482337106486232,91.62569962417504,46.34068377623363,194.35277033722662,1947.141732899996
116,125642.7743634,1,-0.8540477535043008,89.73303143169338,331.88895157645754,9.697554312564408,22.984768649246696,4.170771650064179,198.83035468923333,42.741623037470994,162.01032286239248,1964.665886600007
117,125659.6370548,1,-0.9291086988511268,96.32998085634692,332.99736434820073,9.058263316048482,32.18963268038323,5.524140976899394,191.27929073912776,32.09373757146191,161.82674204554965,1981.5285779999977
118,125677.7899003,1,-0.9196548147775127,92.99796447319505,358.4574693555086,9.697554312564408,28.294830977975813,9.437024657442668,80.67540043072147,44.04480969957095,187.37378765538463,1999.6814235000056
119,125695.2726496,1,-0.9217880006604731,92.99796447319505,359.37328940534627,9.697554312564408,28.99980618009552,9.437024657442668,80.67540043072147,32.36625759896059,187.37378765538463,2017.1641727999959
120,125713.0947492,1,-0.8869316275196719,88.87340532997645,332.4989669941501,9.058263316048482,28.45148919364959,5.524140976899394,191.27929073912776,43.7722896715476,161.82674204554965,2034.9862723999977
121,125730.9274364,1,-0.9469534315651068,96.28476039262534,359.6546525094238,9.058263316048482,32.49559334910513,5.469513855974026,83.09097475189067,48.65715728560524,161.82674204554965,2052.818959600001
122,125749.1597687,1,-0.9962736813848303,96.28476039262534,331.42099048341186,9.75252893006484,31.84714779127031,4.165930466025418,87.59915940649742,46.2349849027584,186.55195568285808,2071.051291900003
123,125767.1121867,1,-0.9385447823372917,96.28476039262534,359.8825029471343,9.058263316048482,31.834368518595596,3.5102044528677947,75.46447271318726,46.15447046051219,159.83933889023,2089.0037099000037
124,125785.3162197,1,-0.8866005994175375,74.03637098977632,359.8825767094986,9.148343984231637,31.834368518595596,4.591059995766754,74.78070171851203,46.55036109726808,159.83933889023,2107.2077429000055
125,125802.1436583,1,-0.9745394757750159,97.97143776652612,351.0720504679807,9.659318047745733,31.834368518595596,4.591059995766754,74.961716162676,46.55036109726808,159.83933889023,2124.035181500003
126,125820.5457808,1,-0.9490235142984447,96.17691840238805,359.81712580179834,9.134059673722138,31.834368518595596,4.331911667388461,71.19666053372492,46.34068377623363,159.83933889023,2142.4373040000064
127,125838.0971269,1,-0.9430995845779292,96.28476039262534,359.82048412008044,9.058263316048482,31.834368518595596,4.673647037033819,83.09097475189067,46.34068377623363,159.8507500989218,2159.9886501
128,125856.3201489,1,-0.9770435246623834,96.8532651447441,359.82048412008044,9.058263316048482,34.063741884657055,5.482337106486232,91.62569962417504,46.34068377623363,194.35277033722662,2178.2116721000057
129,125874.6587761,1,-0.9457173811889549,96.28686235331173,356.1357609913819,10.016341707356032,34.689127855821546,5.5565846874545635,82.8209242770385,38.22223759811082,164.75080596998907,2196.5502992999973
130,125892.4702398,1,-0.96482473721843,100.9306794222065,337.7811276498692,9.058263316048482,31.834368518595596,5.028424647322579,80.81168049011924,41.36245230410642,151.97965608253347,2214.3617629999935
131,125911.3957831,1,-0.9640041949289201,96.28686235331173,356.1357609913819,9.70794444435983,33.85086714661865,5.419984225258145,82.8209242770385,41.225871633998544,164.75080596998907,2233.2873063000006
132,125929.4655447,1,-0.9194956168030259,96.03708077993169,359.88427511799574,7.800402883223666,35.865999280693906,4.591059995766754,74.78070171851203,46.34068377623363,159.83933889023,2251.3570678999968
133,125947.739457,1,-0.9601630833498068,96.28476039262534,359.82048412008044,9.627579280603872,31.834368518595596,5.524140976899394,81.51087025681669,46.03336915651869,161.82674204554965,2269.6309802000033
134,125965.7734896,1,-0.9623631364967874,96.28476039262534,359.89838146009674,9.493465890306222,31.834368518595596,5.441553935633048,74.78070171851203,45.71014725272373,165.29143857394428,2287.6650128000038
135,125984.7784884,1,-0.9519788033688803,99.35119949540139,359.82048412008044,9.058263316048482,31.834368518595596,4.591059995766754,74.78070171851203,45.95471517043375,159.83933889023,2306.6700115999993
136,126002.3061313,1,-0.9587230404646889,96.17691840238805,353.06994453590687,9.645033737236231,31.834368518595596,3.261174962389754,71.3776749778889,46.34068377623363,159.83933889023,2324.197654500007
137,126020.0739662,1,-0.9462787688453749,96.28476039262534,359.82048412008044,9.058263316048482,31.834368518595596,4.443888616419486,74.78070171851203,42.47898632870529,159.83933889023,2341.9654893999978
138,126037.9813047,1,-0.9105217937630529,96.17471729891882,359.8204103576672,8.242665950693548,31.834368518595596,3.8411752990755366,67.02378378227627,46.34068377623363,161.9124573479505,2359.872827900006
139,126056.2958666,1,-0.9962426078529822,96.28476039262534,331.42099048341186,9.75252893006484,31.683609502625572,4.1863378349130915,87.62811229950421,46.2349849027584,186.55195568285808,2378.187389800005
140,126073.9001595,1,-0.9777888315845248,96.17471729891882,337.36762618205756,9.554953069053077,31.834368518595596,3.8411752990755366,71.3776749778889,46.34068377623363,161.9124573479505,2395.791682700001
141,126091.7418296,1,-0.9661829965292922,96.27555343631684,359.95700591861737,9.719811090752714,31.867894381252956,5.5565846874545635,82.8209242770385,38.22223759811082,167.58730975138604,2413.633352799996
142,126109.7704125,1,-0.9743692745312563,96.18602621591373,343.0160023195532,9.543086422660195,33.817341283961284,3.8411752990755366,71.3776749778889,46.34068377623363,162.06393197994862,2431.661935700002
143,126126.824323,1,-0.9632113666560794,96.31966628168111,357.00705126887635,9.70794444435983,33.85086714661865,5.035562260069781,85.56273970000886,44.72684181940579,164.75080596998907,2448.7158461999934
144,126144.8759705,1,-0.9641789999633729,100.89787549383453,337.41457462484254,9.058263316048482,31.834368518595596,5.297662095879098,80.81168049011924,41.137317812536516,151.97965608253347,2466.7674936999974
145,126162.5276035,1,-0.9034923948333917,95.68572539823943,359.82033073510996,8.127416416308606,31.834368518595596,4.331911667388461,71.19666053372492,45.98646503543416,159.83933889023,2484.4191266999987
146,126181.3961828,1,-0.9105342278968873,99.84239249954916,359.61073636842,9.058263316048482,27.484401487230087,4.591059995766754,76.64085207852068,46.30893391123322,159.83933889023,2503.287706000003
147,126200.2979221,1,-0.9942255836504744,96.29275911860384,345.0343334220583,9.645033737236231,31.83913020770192,4.496116919935237,66.76331285987183,46.34068377623363,187.20275200630908,2522.1894452999986
148,126219.6610792,1,-0.9663783713689431,96.16891967640956,331.42099048341186,9.75252893006484,31.678847813519248,3.532456448672992,99.57939728234686,46.2349849027584,159.19200487806953,2541.552602399999
149,126236.6143033,1,-0.9873818129738101,96.28476039262534,331.42099048341186,9.708459199173735,33.93850512835828,5.375977881197264,87.50315894551348,46.2349849027584,186.19429402531213,2558.505826499997
150,126254.7491428,1,-0.9685649327805477,96.28686235331173,356.1357609913819,9.752014175250935,31.595971520885936,4.230344179025441,82.94587763102923,41.225871633998544,165.13809500002324,2576.6406660000066
151,126272.561409,1,-0.9568616748216201,96.17471729891882,359.8204103576672,9.554953069053077,31.834368518595596,3.535884688444267,71.3776749778889,46.34068377623363,161.9124573479505,2594.4529322000017
152,126290.3183618,1,-0.9976382224821165,96.28476039262534,331.42099048341186,9.75252893006484,31.84714779127031,4.165930466025418,81.52870277074715,46.2349849027584,186.55195568285808,2612.209885000004
153,126307.8102689,1,-0.9832816093731195,96.17691840238805,332.47671502616697,9.643400051745132,31.834368518595596,4.331911667388461,71.3776749778889,46.34068377623363,159.83933889023,2629.7017920999933
154,126325.6873566,1,-0.9807462014442557,96.28476039262534,358.0990162513476,9.754162615555938,31.683609502625572,4.1863378349130915,83.09097475189067,46.2349849027584,186.55195568285808,2647.5788797999994
155,126343.3870934,1,-0.9626250778297234,96.28686235331173,356.1357609913819,9.70794444435983,33.85086714661865,5.5565846874545635,82.8209242770385,46.77907742775837,164.75080596998907,2665.2786166000005
156,126360.5379881,1,-0.9764993262644734,96.8532651447441,359.82048412008044,9.058263316048482,34.063741884657055,5.482337106486232,95.51147211536059,46.34068377623363,194.35277033722662,2682.429511299997
157,126378.6061781,1,-0.9765466289555987,96.8532651447441,359.82048412008044,9.058263316048482,34.063741884657055,5.576188427412251,91.62569962417504,46.34068377623363,194.35277033722662,2700.4977013000025
158,126395.5045292,1,-0.9978664390825358,96.28476039262534,331.42099048341186,9.75252893006484,31.84714779127031,4.457780561640146,87.59915940649742,46.2349849027584,187.2906014749771,2717.3960523999995
159,126413.7564566,1,-0.9738881890731589,96.2887880662901,337.41768874466,8.902729314132253,31.834368518595596,3.8411752990755366,90.31652350302468,46.337393803050695,187.56675695042847,2735.6479797999928
160,126431.0997107,1,-0.9801715176213901,96.17068962525408,331.3709279207994,9.754313242594641,31.683609502625572,4.1863378349130915,83.09097475189067,46.238274875941336,160.89897959587964,2752.9912339
161,126448.5451627,1,-0.9781277293050096,96.28476039262534,332.4644387908536,9.644102327234405,31.683609502625572,4.334358287643648,83.09097475189067,50.0036383500316,160.78941386304083,2770.4366859
162,126466.0933887,1,-0.9992142062092103,96.17691840238805,331.43326671872524,9.751826654575568,31.834368518595596,4.183891214657904,71.3776749778889,46.335610396247574,185.60317447909426,2787.984911899999
163,126483.4537875,1,-0.9843590319704499,96.2845746178031,330.02843194306246,9.751986924360208,31.595971520885936,4.163133001351255,82.94587763102923,41.225871633998544,165.13809500002324,2805.345310699995
164,126501.3280205,1,-0.9876727513866022,99.6323694869977,356.1532152341191,9.752556180955567,31.84714779127031,4.139771793108775,87.59915940649742,46.2349849027584,186.55195568285808,2823.2195437000046
165,126518.3847975,1,-0.9533948541018346,96.29275911860384,345.0343334220583,11.195753284250275,31.83913020770192,4.496116919935237,66.76331285987183,46.34068377623363,187.20275200630908,2840.2763206999953
166,126536.2386583,1,-0.998480801373875,96.28476039262534,328.82005294492916,9.75252893006484,31.84714779127031,4.457780561640146,87.59915940649742,46.2349849027584,187.2906014749771,2858.1301815000043
167,126553.4100019,1,-0.9972395760605743,96.28476039262534,331.42099048341186,9.75252893006484,31.683609502625572,4.1863378349130915,83.1117349083659,46.2349849027584,186.55195568285808,2875.3015251000033
168,126573.2704335,1,-0.9962474655587618,96.28476039262534,331.42099048341186,9.75252893006484,31.683609502625572,4.1863378349130915,87.60735214302896,46.2349849027584,186.55195568285808,2895.1619567000016
169,126591.2808756,1,-0.9740282691920655,97.97143776652612,351.0720504679807,9.60904905764799,31.834368518595596,5.285545823806979,74.34222462889457,38.41056592249714,159.83933889023,2913.1723988000012
170,126609.5464472,1,-0.9962736813848303,96.28476039262534,331.42099048341186,9.75252893006484,31.84714779127031,4.165930466025418,87.59915940649742,46.2349849027584,186.55195568285808,2931.437970400002
171,126626.7862206,1,-0.9976378889255583,96.28473635227884,331.42099048341186,9.75252893006484,31.847146094614082,4.165930466025418,81.52870277074715,46.2349849027584,186.55195568285808,2948.677743799999
172,126644.6146633,1,-0.9867178892646928,96.29278315895034,345.0343334220583,9.206319917279643,31.839131904358148,4.496116919935237,66.76331285987183,46.34068377623363,192.7363693331438,2966.5061865000025
173,126662.4561328,1,-0.9720497051309818,96.1686431187873,339.4566219245657,9.708459199173735,33.93850512835828,5.375977881197264,80.59895256732315,46.2349849027584,162.19877962755154,2984.347655999998
174,126679.9889572,1,-0.9894393141894859,96.29083457275688,337.36762618205756,9.554953069053077,31.834368518595596,3.8411752990755366,86.25216234046306,46.34068377623363,185.9082602139087,3001.8804803999956
175,126698.8279327,1,-0.9337355245657826,96.17471729891882,337.36762618205756,9.554953069053077,37.66800223973393,4.306289513887268,71.3776749778889,46.34068377623363,161.73404363011153,3020.7194559000054
176,126716.0005729,1,-0.9819457380015232,96.17691840238805,332.47671502616697,9.942423197752122,31.834368518595596,3.8667974525767383,71.3776749778889,47.80870104130989,160.01775260806923,3037.8920960999967
177,126734.1471107,1,-0.9701837415347405,96.28686235331173,355.1202855483725,9.752014175250935,31.694528052404866,4.230344179025441,81.56947010555092,41.225871633998544,165.13809500002324,3056.038633899996
178,126751.0567856,1,-0.97685225080251,96.28476039262534,331.42099048341186,9.75252893006484,28.341438724846462,4.165930466025418,80.6060567536894,46.2349849027584,186.55195568285808,3072.948308799998
179,126769.1198256,1,-0.9917538639476429,105.58308438938482,359.82048412008044,9.058263316048482,34.063741884657055,5.482337106486232,91.62569962417504,46.34068377623363,194.35277033722662,3091.011348800006
180,126786.982984,1,-0.9880300200266824,96.28476039262534,331.42099048341186,9.137688256802509,31.84714779127031,4.457780561640146,84.10334588570142,46.2349849027584,187.2906014749771,3108.874507200002
181,126806.3982947,1,-0.9960141238127825,96.28475981224803,331.42099048341186,9.75252893006484,31.67182382288471,4.184768469008185,88.5537366815933,46.2349849027584,186.55195568285808,3128.289817900004
182,126823.7865959,1,-0.9916522189901927,96.28473693265617,331.42099048341186,9.75252893006484,31.858931774354943,5.743909453882363,83.14887530812004,46.2349849027584,179.61769831649067,3145.6781191000046
183,126841.3559789,1,-0.9860929259923987,96.17691840238805,332.6244968553989,9.75254712173589,29.456449542930596,4.183891214657904,72.1230491418555,46.335610396247574,185.60317447909426,3163.247502099999
184,126858.8826707,1,-0.996406101376952,96.28476039262534,331.42099048341186,9.751808462904517,31.67904227533579,4.1863378349130915,86.8619779798335,46.2349849027584,186.55195568285808,3180.774193899997
185,126876.0202212,1,-1.0025252329706245,96.69578239909094,331.38932052278847,9.77595858903151,31.866626007200647,4.48054472058065,66.60374690398507,58.71560176407826,190.44487293232663,3197.9117444000003
186,126893.7463778,1,-0.9669692305613679,96.28476039262534,345.06600242520335,9.182890258312975,31.656115399783072,3.1887041720668066,82.3505454761037,46.2349849027584,186.55195568285808,3215.6379009999946
187,126912.3624638,1,-0.9942255836504744,96.29275911860384,345.0343334220583,9.645033737236231,31.83913020770192,4.496116919935237,66.76331285987183,46.34068377623363,187.20275200630908,3234.2539870000037
188,126931.0185623,1,-0.9947475718282166,96.28476039262534,331.42099048341186,9.531015927124116,31.683609502625572,4.1863378349130915,83.1117349083659,46.2349849027584,186.55195568285808,3252.9100854999997
189,126948.307895,1,-0.8490809705882518,96.46736710825083,359.82048412008044,6.792307295173784,32.00857212242722,5.147966884098505,91.64189940044035,39.76244449185167,186.97970435369817,3270.1994182000053
190,126965.7114824,1,0.919593203643989,105.40047763696369,328.82005294492916,9.72234757170982,33.90231755350014,4.478830032653256,87.58295963023211,46.22493249613801,194.6636674526627,3287.603005600002
191,126982.7238004,1,-0.9688758298120738,96.28476039262534,331.42099048341186,10.819213855129634,31.84714779127031,4.168651775709057,86.40656183095707,46.2349849027584,186.55195568285808,3304.6153235999955
192,127000.5455072,1,-0.9577695602689332,77.86191732000108,331.42099048341186,9.75252893006484,31.84714779127031,4.457780561640146,87.59915940649742,39.71702907068722,187.2906014749771,3322.437030400004
193,127018.0431969,1,-0.9984137488987488,96.17691840238805,331.43326671872524,9.751826654575568,31.834368518595596,4.183891214657904,71.3776749778889,52.662723900162305,185.60317447909426,3339.9347201000055
194,127035.2935541,1,-0.9678483453283538,96.28476039262534,331.42099048341186,8.535771444276676,31.84714779127031,4.457780561640146,87.59915940649742,46.2349849027584,187.2906014749771,3357.185077300004
195,127052.9758604,1,-0.9948394219391058,96.28476039262534,331.42099048341186,9.75252893006484,31.84714779127031,4.345067500622392,82.69258843412481,60.20502049945903,186.55195568285808,3374.8673835999944
196,127070.2714494,1,-0.9936958038697812,96.28476039262534,333.7033593981004,9.75252893006484,31.84714779127031,4.165930466025418,95.2262149689823,46.2349849027584,186.55195568285808,3392.1629725999956
197,127088.4132719,1,-0.9951807812533237,96.28476039262534,331.42099048341186,9.75252893006484,31.84714779127031,3.9948270112717186,87.59915940649742,46.2349849027584,186.55195568285808,3410.3047951000044
198,127105.7836815,1,-0.9880300200266824,96.28476039262534,331.42099048341186,9.137688256802509,31.84714779127031,4.457780561640146,84.10334588570142,46.2349849027584,187.2906014749771,3427.6752047000045
199,127124.2190938,1,-1.0015262074991795,96.28476039262534,330.14191266667876,9.75252893006484,31.96200701187128,4.457780561640146,87.57919751103906,46.349173954792015,193.0754226701339,3446.1106169999985
200,127141.5422839,1,-0.9807107145647035,105.58308438938482,357.7695034100407,9.058263316048482,31.903093337480943,5.482337106486232,91.6456615196334,46.226494724200016,188.08217028762988,3463.4338070999947
201,127159.2750927,1,-0.9975393348523472,96.28473635227884,331.97937250565724,9.75252893006484,31.847146094614082,4.185489978725932,81.52870277074715,46.2349849027584,186.55195568285808,3481.1666159000015
202,127176.9475854,1,-0.9940955339784631,96.28476039262534,316.88601331804193,9.58827937882603,31.683609502625572,4.1667783222125765,93.68983057007425,46.2349849027584,186.55195568285808,3498.8391086000047
203,127194.9097586,1,-1.0024917901900614,96.28476039262534,331.42099048341186,9.75252893006484,31.84714779127031,4.457780561640146,65.44181996072584,46.2349849027584,187.2906014749771,3516.801281799999
204,127212.6934535,1,-0.997646581454662,96.28476039262534,328.82005294492916,9.75252893006484,31.84714779127031,4.227375361975412,87.59915940649742,46.2349849027584,187.2906014749771,3534.5849767000036
205,127235.3439401,1,-0.9763577212389161,85.54434120023264,328.82005294492916,9.75252893006484,31.64882813824083,4.097355635929,87.59915940649742,46.2349849027584,187.22578016682584,3557.235463300007
206,127252.9591507,1,-0.99011492503375,96.28475981224803,331.42099048341186,10.325774665739424,31.87014347591419,4.545193394719333,88.5537366815933,46.2349849027584,186.61677699100935,3574.8506739000004
207,127270.373803,1,-1.000622424764359,96.29956326168907,330.14191266667876,9.75252893006484,31.96200701187128,4.208108082501864,87.57919751103906,46.34891695997827,193.0754226701339,3592.265326199995
208,127288.2224612,1,-1.0009718729295358,96.16211553332433,331.43326671872524,9.751826654575568,31.834368518595596,4.433563693796186,67.52628996262796,46.33586739106131,185.60317447909426,3610.113984399999
209,127305.4727898,1,-1.0003730730207057,96.17691840238805,331.4340350646219,9.752211204030722,31.86681619238012,4.483612308733584,71.3446362075114,46.335610396247574,185.60317447909426,3627.364312999998
210,127323.0694427,1,-1.0013434343058873,96.69578239909094,331.3885521768918,9.775574039576355,31.834178333416126,4.18082362650497,66.63678567436259,58.71560176407826,190.44487293232663,3644.960965899998
211,127340.9217216,1,-0.9966937075931256,96.57110742653784,331.42099048341186,9.75252893006484,31.249574103205113,4.188808366466483,82.92918409267519,46.2349849027584,186.55195568285808,3662.813244799996
212,127359.0566063,1,-0.9844152557137101,89.74649427348861,331.42099048341186,9.75252893006484,31.84714779127031,4.163459934472026,87.78171022218812,46.2349849027584,186.55195568285808,3680.9481295000005
213,127376.2537028,1,-0.9969409074380228,96.17691840238805,331.43326671872524,9.751826654575568,31.834368518595596,4.183891214657904,71.3776749778889,52.662723900162305,182.91729874155192,3698.1452259999933
214,127394.650829,1,-0.9790165477967485,96.28476039262534,331.42099048341186,10.66414011485859,31.67904227533579,4.1863378349130915,86.8619779798335,46.2349849027584,186.55195568285808,3716.5423522000056
215,127412.0032575,1,-0.9948228844740626,96.28476039262534,331.42099048341186,9.75252893006484,31.84714779127031,4.345067500622392,82.7412000069246,60.20502049945903,186.55195568285808,3733.894780699993
216,127429.2624071,1,-0.9876819163382138,96.28473635227884,331.42099048341186,9.75252893006484,29.676127026327652,4.165930466025418,81.48009119794736,46.2349849027584,186.55195568285808,3751.1539303000027
217,127447.5796146,1,-0.9976727428989677,96.28476039262534,330.14191266667876,9.305859316508654,32.4920245411425,4.156652408508727,83.44942280852,46.349173954792015,193.0754226701339,3769.4711378000065
218,127465.0638873,1,-0.9949677217329148,96.28476039262534,331.42099048341186,9.75252893006484,31.683609502625572,3.8634571726646856,83.1117349083659,46.2349849027584,186.55195568285808,3786.955410499999
219,127483.5174129,1,-0.9974868553099046,96.28476039262534,331.42099048341186,9.75252893006484,31.84714779127031,4.165930466025418,81.52870277074715,41.05569661837622,186.55195568285808,3805.4089360999933
220,127500.6423299,1,-1.0025252329706245,96.69578239909094,331.38932052278847,9.77595858903151,31.866626007200647,4.48054472058065,66.60374690398507,58.71560176407826,190.44487293232663,3822.5338531000016
221,127518.7325531,1,-1.0016602678497164,98.16882342378514,331.43326671872524,9.751826654575568,31.849158115105894,4.189500413455999,71.3776749778889,52.662723900162305,185.60317447909426,3840.624076299995
222,127536.5189083,1,-0.9992275266124055,96.28476039262534,329.75776911526805,9.75252893006484,31.832358194760012,4.452171362842051,87.59915940649742,40.05492357643788,189.5656733772311,3858.4104315000004
223,127556.6488884,1,0.9248681029630884,103.88737465467227,331.42099048341186,9.75252893006484,31.847146094614082,4.165930466025418,81.52870277074715,46.2349849027584,186.55195568285808,3878.540411599999
224,127574.8379688,1,-0.9864725122045594,89.5646015081076,331.43326671872524,9.751826654575568,31.834368518595596,4.183891214657904,71.3776749778889,51.148994542127085,185.60317447909426,3896.7294919999986
225,127592.6651342,1,-0.9995491143285815,94.5122665375017,331.42099048341186,9.75252893006484,31.84714779127031,4.479210868527169,65.44181996072584,46.2349849027584,187.3955136836659,3914.5566573999968
226,127610.0788107,1,-1.002420164401161,96.69578239909094,331.38932052278847,9.77595858903151,31.866626007200647,4.459114413693626,66.60374690398507,58.71560176407826,190.3399607236378,3931.970333899997
227,127627.507957,1,-0.9959532030084464,96.28892677919377,328.82005294492916,9.75252893006484,32.05999332207146,4.911914998227945,87.59915940649742,59.07923156988494,187.27455556288504,3949.3994801999943
228,127645.3887646,1,-1.004515842443342,96.69161601252252,331.38932052278847,9.77595858903151,31.863999165304328,4.459540611234538,66.60374690398507,45.87135509480305,190.46091884441867,3967.280287799993
229,127662.5576163,1,-1.0027021029062826,96.69578239909094,331.38932052278847,9.85025817237222,31.83003906174795,4.48054472058065,66.60374690398507,58.71560176407826,190.44487293232663,3984.449139499993
230,127680.5871693,1,-1.0013776896713042,96.69578239909094,331.3885521768918,9.775574039576355,31.87076527886882,4.18082362650497,66.63678567436259,58.71560176407826,190.44487293232663,4002.4786924999935
231,127697.9691461,1,-0.9933886257004945,91.5560953736316,331.38932052278847,9.77595858903151,31.866626007200647,4.48054472058065,66.27459424830911,58.71560176407826,190.44487293232663,4019.860669300004
232,127716.0611072,1,-0.9712448896606835,96.28476039262534,330.14191266667876,9.75252893006484,27.24954005487351,4.457780561640146,96.42627892593295,46.349173954792015,193.0754226701339,4037.952630400003
233,127733.3518041,1,-1.001147437904718,96.28476039262534,330.19580569461385,9.75252893006484,31.84235988013256,4.2289331583369005,87.59915940649742,46.22409108716425,194.17568781241638,4055.243327300006
234,127751.2318202,1,-0.9906108183113903,96.28476039262534,328.766159916994,9.305859316508654,32.49681245228024,4.155094612147238,91.11775573906141,46.36006777038617,183.15840388803994,4073.1233434000023
235,127768.3255658,1,-0.9952389204271874,96.28150333284043,330.1005709841467,10.031707015878595,31.96200701187128,4.208108082501864,87.57919751103906,46.34891695997827,186.58405435216122,4090.217088999998
236,127785.5917423,1,-0.9785991788703748,96.30282032147397,331.4623321659439,10.712363504436144,31.84714779127031,4.165930466025418,81.52870277074715,46.2349849027584,193.04332400054315,4107.483265500006
237,127803.1064969,1,-1.004572162143127,96.28476039262534,331.44339091583936,9.752520662151607,31.963216266490445,4.457780561640146,71.36371263501735,46.34961875872599,194.30311753059405,4124.9980201
238,127820.580425,1,-0.9956374263381991,96.17691840238805,330.13178846956464,9.7518349224888,31.83315926397643,4.183891214657904,87.59315985477824,46.335165592313594,184.9163000729869,4142.471948199993
239,127838.8110894,1,-0.9935593561732042,96.67071202585828,331.38107750811685,9.305859316508654,32.4920245411425,4.156652408508727,83.44942280852,59.25477778429482,190.3984538218852,4160.702612599998
240,127855.6855335,1,-1.004263901368521,96.30983076585801,330.14938733545375,9.775574039576355,31.834178333416126,4.18082362650497,66.63678567436259,45.809997931614376,193.1218417805753,4177.5770567
241,127873.9347335,1,-0.9976288781177861,96.28476039262534,331.4204324578809,9.751791347251697,31.84714779127031,4.457780561640146,67.49265871242508,46.76338292158579,178.49967780524042,4195.826256700006
242,127891.4095364,1,-0.9859549093867294,96.16211553332433,331.4338247442562,9.752564237388711,29.32726324304556,4.10132387684568,65.4754512109287,46.33586739106131,185.71849762253743,4213.301059599995
243,127909.3701309,1,-1.000996062266335,96.69578239909094,331.38932052278847,9.77595858903151,31.866626007200647,4.48054472058065,66.60374690398507,58.71560176407826,187.4049863814226,4231.2616541000025
244,127926.3443057,1,-1.0024709252257962,96.69578239909094,331.38932052278847,9.77595858903151,31.866626007200647,4.459114413693626,66.60374690398507,58.71560176407826,190.44234996783763,4248.235828899997
245,127944.533523,1,-1.0012532746942977,96.28476039262534,330.19580569461385,9.75252067615192,31.84235988013256,4.251388700864415,87.59915940649742,46.22282818718965,194.17568781241638,4266.425046200005
246,127962.3187392,1,-1.0045083678632334,96.28476039262534,331.44339091583936,9.752528916064524,31.963216266490445,4.435325019112631,71.36371263501735,46.35088165870059,194.30311753059405,4284.210262399996
247,127979.3829005,1,-1.0033603789749568,96.30983076585801,330.14938733545375,9.775574039576355,31.36541512562633,4.18082362650497,66.63678567436259,45.809997931614376,193.1218417805753,4301.274423700001
248,127997.507043,1,-1.0027021029062826,96.69578239909094,331.38932052278847,9.85025817237222,31.83003906174795,4.48054472058065,66.60374690398507,58.71560176407826,190.44487293232663,4319.398566200005
249,128014.8411314,1,-1.0007053459446253,96.69161601252252,331.38932052278847,9.77595858903151,31.86408724727453,4.578601188479542,66.60374690398507,64.16726460032422,190.3412635750228,4336.732654599997
250,128032.6169303,1,-1.0045207627352246,96.69578239909094,331.38932052278847,9.77595858903151,31.866537925230443,4.459536319126782,66.60374690398507,44.87094997122837,190.45961599303368,4354.508453500006
251,128049.2907305,1,-1.001147437904718,96.28476039262534,330.19580569461385,9.75252893006484,31.84235988013256,4.2289331583369005,87.59915940649742,46.22409108716425,194.17568781241638,4371.182253699997
252,128066.8945225,1,-0.9944123742712886,96.17691840238805,331.4340350646219,9.752211204030722,33.47001189697605,4.483612308733584,71.3446362075114,46.335610396247574,185.60317447909426,4388.786045700006
253,128083.6375768,1,-0.9990415881934682,96.69578239909094,331.38932052278847,9.77595858903151,33.05666570864208,4.48054472058065,66.60374690398507,58.71560176407826,190.44487293232663,4405.5291
254,128101.0554968,1,-1.0047196228537798,96.30983076585801,330.14938733545375,9.775574039576355,31.834178333416126,4.18082362650497,63.88022591777047,45.809997931614376,193.1218417805753,4422.947020000007
255,128118.6821361,1,-1.0016602678497164,98.16882342378514,331.43326671872524,9.751826654575568,31.849158115105894,4.189500413455999,71.3776749778889,52.662723900162305,185.60317447909426,4440.573659300004
256,128135.1977054,1,-0.9905062024975723,88.74334449368597,331.44339091583936,9.752520662151607,31.963216266490445,4.457780561640146,71.36371263501735,46.34961875872599,194.30311753059405,4457.089228600002
257,128152.7536841,1,-1.0010455094695987,96.69220148387713,331.43326671872524,9.853485686428128,31.849158115105894,4.276614165549846,71.3776749778889,58.466947927048714,190.49556564382004,4474.645207299996
258,128170.031493,1,-0.9931745632055504,98.17240433899896,331.38932052278847,9.158956616137091,31.83003906174795,4.48054472058065,66.60374690398507,45.65011515807573,185.55248176759594,4491.923016200002
259,128188.0048451,1,-1.0011145780929889,96.53767286619347,331.3885521768918,9.775574039576355,31.87076527886882,4.18082362650497,66.63678567436259,58.71560176407826,190.44487293232663,4509.896368300004
260,128204.9699748,1,-1.004515842443342,96.69161601252252,331.38932052278847,9.77595858903151,31.863999165304328,4.459540611234538,66.60374690398507,45.87135509480305,190.46091884441867,4526.861497999998
261,128222.3573965,1,-1.0025252329706245,96.69578239909094,331.38932052278847,9.77595858903151,31.866626007200647,4.48054472058065,66.60374690398507,58.71560176407826,190.44487293232663,4544.248919699996
262,128239.1812116,1,-0.976463058174892,96.69161601252252,331.38932052278847,10.833009462694925,31.863999165304328,4.459540611234538,66.60374690398507,45.87135509480305,190.46091884441867,4561.072734799993
263,128256.5696127,1,-0.9611528552180453,96.69578239909094,331.38932052278847,11.095775625774579,31.866626007200647,4.458743289063406,66.60374690398507,44.91215076554081,190.44487293232663,4578.461135899997
264,128274.2070351,1,-0.9996564190239997,96.69578239909094,331.38932052278847,9.77595858903151,31.866537925230443,4.481337750644027,76.46521157921046,60.80088069308189,190.45961599303368,4596.0985583
265,128291.4003844,1,-1.0061540864256082,96.69578239909094,331.38932052278847,9.77595858903151,31.866537925230443,4.459536319126782,57.215086711521934,44.87094997122837,190.45961599303368,4613.291907599996
266,128309.7760533,1,-0.9984084264453843,96.28476039262534,331.42099048341186,9.75252893006484,31.84714779127031,4.457780561640146,85.14282352201678,46.2349849027584,187.2906014749771,4631.667576499996
267,128327.0844773,1,-0.9776934058947178,85.76163206276627,331.38932052278847,9.773818626191403,31.867124767007034,3.891634520786482,61.47248054654078,62.884549165789124,190.44487293232663,4648.976000499999
268,128345.124448,1,-1.0022615188716106,96.69578239909094,331.38932052278847,9.85239813521233,31.367230177032255,4.48054472058065,66.60374690398507,58.71560176407826,190.44487293232663,4667.015971200002
269,128362.3724141,1,-1.004609783023942,96.69046317761827,331.38932052278847,9.85025817237222,31.83003906174795,4.430284713485522,66.60374690398507,46.38358029629982,190.48069378955825,4684.263937299998
270,128380.5966059,1,-1.0025785847441164,96.29007961409802,331.44339091583936,9.904440734401454,31.963216266490445,4.48558502620776,71.36371263501735,58.68290312580552,194.26729667336014,4702.488129100006
271,128398.0645527,1,-1.0042909153774033,96.30983076585801,331.36576848413233,9.775574039576355,31.834178333416126,4.18082362650497,63.88022591777047,45.809997931614376,193.1218417805753,4719.956075900001
272,128415.636224,1,-1.0045688680727412,96.69161601252252,331.38932052278847,9.77595858903151,31.863999165304328,4.480802477991285,66.60374690398507,45.50774445234659,190.46091884441867,4737.527747200002
273,128433.4534627,1,-1.0049717337484767,96.67210807296361,331.44026041953595,9.752520662151607,31.96223933823075,4.457780561640146,71.36371263501735,42.78575258446017,194.11031633847946,4755.344985899996
274,128450.7067424,1,-0.9844669290902328,86.32476389791547,331.3924510190919,9.77595858903151,31.86497609356402,4.459540611234538,66.60374690398507,46.34989754369244,190.6537200365312,4772.598265599998
275,128469.1208203,1,-1.0045725724901515,96.28476039262534,331.44339091583936,9.752519491384358,31.963216266490445,4.457780561640146,71.36371263501735,46.34961875872599,194.30311753059405,4791.012343499999
276,128486.1739876,1,-1.0045074606476967,96.28476039262534,331.44339091583936,9.752530086831772,31.963216266490445,4.435325019112631,71.36371263501735,46.35088165870059,194.30311753059405,4808.065510800006
277,128503.8665882,1,-1.0023176510595821,95.871695922765,330.14938733545375,9.775574039576355,31.848334065131287,5.73611191964789,63.88022591777047,45.809997931614376,192.60779626583397,4825.758111400006
278,128520.3566798,1,-0.9975432454509993,96.30983076585801,330.14938733545375,9.775574039576355,31.36541512562633,3.5459078652267078,66.63678567436259,45.809997931614376,193.1218417805753,4842.248202999996
279,128538.676139,1,-1.010150386093584,100.69391393965799,330.14938733545375,9.775574039576355,31.36541512562633,4.18082362650497,66.63678567436259,45.809997931614376,193.1218417805753,4860.567662200003
280,128554.604613,1,0.9509043353667163,101.4493671035981,331.38932052278847,10.136402478608627,31.83003906174795,4.48054472058065,66.60374690398507,58.71560176407826,190.44487293232663,4876.496136200003
281,128572.2683477,1,-0.9945972429260536,96.69159510125132,331.38932052278847,9.178292491323393,31.866433919314908,4.459540611234538,56.86080531373618,40.53672144412425,190.46091884441867,4894.159870899995
282,128590.5918763,1,-1.004458940282401,96.69580331036212,331.38932052278847,9.77595858903151,31.86410317121986,4.459536319126782,66.9580283023243,45.84160477483615,190.45961599303368,4912.4833994999935
283,128607.9885364,1,-1.002405783243792,96.28476039262534,331.44339091583936,9.752520662151607,31.963216266490445,4.305256307240624,71.36371263501735,46.34961875872599,190.44083968102726,4929.880059599993
284,128626.1321453,1,-1.0045074606476967,96.28476039262534,331.44339091583936,9.752530086831772,31.963216266490445,4.435325019112631,71.36371263501735,46.35088165870059,194.30311753059405,4948.023668499998
285,128643.3435384,1,-1.0045610283835755,96.28407959877528,331.44339091583936,9.752519491384358,31.95411516944025,4.457780561640146,71.36371263501735,45.76172148044085,194.30311753059405,4965.235061600004
286,128661.3263183,1,-1.0035923277141179,96.31051155970808,330.14938733545375,9.775574039576355,31.843279430466318,4.18082362650497,70.64093701411981,46.39789520989951,193.1218417805753,4983.217841499994
287,128678.6525236,1,-1.0065105751809753,96.69578239909094,331.38932052278847,9.77595858903151,31.866537925230443,4.685886482909836,57.215086711521934,44.87094997122837,190.45961599303368,5000.5440468000015
288,128696.7766884,1,-0.9745008139270498,96.67210807296361,331.44026041953595,8.473002288338655,31.96223933823075,4.457780561640146,62.97111464543535,42.78575258446017,201.25418015164996,5018.668211600001
289,128713.816791,1,-1.0024104267187675,96.6958605995144,331.38932052278847,9.85025817237222,31.83003906174795,4.520535248137916,52.7986753556128,58.56545693808209,182.38286671881025,5035.708314200005
290,128731.7156675,1,-1.0047428181518165,96.6903849771948,331.38932052278847,9.85025817237222,31.83003906174795,4.50264047528761,66.72812344729645,46.53372512165283,190.48113706662397,5053.6071907000005
291,128749.6073156,1,-1.0118288389112489,101.52719049597818,330.14938733545375,9.775574039576355,31.381900663130708,4.18082362650497,63.88022591777047,45.809997931614376,193.1218417805753,5071.498838800006
292,128766.8699576,1,-1.0030286826933443,95.57944152088504,330.14938733545375,9.775574039576355,31.817692795911753,4.18082362650497,66.63678567436259,45.809997931614376,193.1218417805753,5088.761480800007
293,128784.7132454,1,-0.9985427047064181,96.30983076585801,330.14938733545375,9.475076337298166,31.36541512562633,4.18082362650497,66.63678567436259,45.809997931614376,193.1218417805753,5106.604768599995
294,128801.904654,1,-1.010150386093584,100.69391393965799,330.14938733545375,9.775574039576355,31.36541512562633,4.18082362650497,66.63678567436259,45.809997931614376,193.1218417805753,5123.796177199998
295,128820.0714002,1,-1.0045688680727412,96.69161601252252,331.38932052278847,9.77595858903151,31.863999165304328,4.480802477991285,66.60374690398507,45.50774445234659,190.46091884441867,5141.962923400002
296,128837.5701739,1,-1.0034371067993222,96.69161601252252,331.38932052278847,9.77595858903151,31.863999165304328,4.459540611234538,66.60374690398507,45.87135509480305,188.05021234529448,5159.461697100007
297,128856.116397,1,-1.0045000467574334,96.28476039262534,331.46320743828204,9.752530086831772,31.963216266490445,4.435325019112631,71.36371263501735,46.35088165870059,194.30311753059405,5178.007920200005
298,128873.3162648,1,-1.0045083678632334,96.28476039262534,331.44339091583936,9.752528916064524,31.963216266490445,4.435325019112631,71.36371263501735,46.35088165870059,194.30311753059405,5195.207788
299,128891.5896076,1,-1.0060510823424795,96.70751621778186,331.38685544907776,9.846613156828363,31.963351358539384,4.430146142704302,66.60374690398507,46.57341579799772,194.2695703942506,5213.481130800006
300,128909.1408092,1,-1.0027688025238906,96.26770735246174,331.44585598955007,9.756173931608378,31.82990396969901,4.43546358989385,71.36371263501735,46.38387063224757,190.51424092589957,5231.0323324000055
301,128926.8087204,1,-0.9907107995246899,89.38589190412812,330.14938733545375,9.775574039576355,31.80021557225986,4.18082362650497,66.74717746130666,45.809997931614376,191.17030606623305,5248.700243600004
302,128944.5942354,1,-1.0040417766380587,96.39994913318826,330.14938733545375,9.775574039576355,31.399377886782602,4.18082362650497,63.769834130826396,45.809997931614376,193.1218417805753,5266.4857586
303,128961.8513921,1,-1.0047428181518165,96.6903849771948,331.38932052278847,9.85025817237222,31.83003906174795,4.50264047528761,66.72812344729645,46.53372512165283,190.48113706662397,5283.742915299998
304,128979.8150965,1,-1.0078374534406724,100.69391393965799,330.14938733545375,9.775574039576355,31.36541512562633,4.18082362650497,97.06872678443558,45.809997931614376,199.331986031044,5301.706619699995
305,128997.0476851,1,-0.9928732301006713,89.7360315327457,331.42181835897065,9.77595858903151,32.170505561265536,4.685886482909836,67.67628041938757,44.87094997122837,193.1445063069297,5318.939208299998
306,129015.7133491,1,-1.010931648484931,100.80948709478625,330.11688949927157,9.775574039576355,31.36541512562633,4.18082362650497,56.175591969691645,45.809997931614376,190.43695146667923,5337.6048722999985
307,129033.2210499,1,-1.0029700906675287,96.69046317761827,331.38932052278847,9.611991950961409,31.83003906174795,4.430284713485522,66.60374690398507,46.43990962049247,190.48026729546712,5355.112573100007
308,129051.3890782,1,-1.007735478346118,98.71776473725096,331.38932052278847,9.77595858903151,31.863999165304328,4.459540611234538,66.60374690398507,45.81502577061039,190.46134533850977,5373.280601399994
309,129069.1407111,1,-1.0131979367867254,101.52719049597818,330.14938733545375,9.775574039576355,31.381900663130708,4.862211306667025,63.88022591777047,46.553416734745994,193.1218417805753,5391.032234300001
310,129087.398922,1,-0.9884576820969656,96.69161601252252,331.38932052278847,8.994953587841675,31.863999165304328,4.480802477991285,66.60374690398507,45.50774445234659,190.46091884441867,5409.290445199993
311,129105.3304493,1,-1.0070812051536027,96.69578239909094,331.38932052278847,9.775995158821418,31.866537925230443,4.45805717691194,57.215086711521934,44.87094997122837,193.0736646601894,5427.221972500003
312,129122.9902476,1,-1.010788877598622,101.52719049597818,330.14938733545375,9.775537469786448,31.381900663130708,4.18230276871981,63.88022591777047,45.809997931614376,190.50779311341958,5444.881770799999
313,129141.0709747,1,-1.0059615101605084,96.21927733725386,331.44206271745793,9.752594715849586,31.866537925230443,4.395677206889603,59.86684935781903,44.87554981901145,194.22938067744118,5462.962497899993
314,129158.452323,1,-1.0059309854598641,96.76126545446243,331.3906487211699,9.775884535333532,31.963216266490445,4.457780561640146,59.81705617083612,46.345018910942905,190.53335284618436,5480.343846200005
315,129176.7605814,1,-1.0065183635163506,96.69578239909094,331.38932052278847,9.77595858903151,31.86682038456003,4.685886482909836,57.215086711521934,45.495188949799946,190.45961599303368,5498.652104599998
316,129193.2022916,1,0.9439088920702635,108.66190691000818,331.38932052278847,9.77595858903151,31.86371670597474,4.480802477991285,66.60374690398507,44.88350547377501,190.46091884441867,5515.093814799999
317,129211.6692049,1,-0.9969913001421116,96.69161601252252,331.4419119660497,9.264199284205667,31.982024766084276,4.459540611234538,66.52595860784731,42.6978561003774,190.46091884441867,5533.5607280999975
318,129228.8513991,1,-0.9810536095748255,96.67210807296361,331.38766897627465,10.76223215266069,31.844213737450804,4.457780561640146,71.4415009311551,45.95925157888582,194.11031633847946,5550.742922300007
319,129246.7713489,1,-1.0012120650014775,96.30983076585801,330.14938733545375,9.775574039576355,31.849459200481874,4.18082362650497,63.77260118699791,45.06745948192228,184.74145544947868,5568.662872100002
320,129263.6234246,1,0.9376331096967959,100.69391393965799,301.7274854632404,9.775574039576355,31.36541512562633,4.18082362650497,66.74441040513516,45.809997931614376,193.14610057734177,5585.514947799995
321,129281.5909105,1,-1.0118288389112489,101.52719049597818,330.14938733545375,9.775574039576355,31.381900663130708,4.18082362650497,63.88022591777047,45.809997931614376,193.1218417805753,5603.482433700003
322,129299.7462422,1,-1.0014753147063975,94.71977875397396,327.5395053378832,9.775574039576355,31.36541512562633,4.267402472304292,66.63678567436259,45.809997931614376,193.1218417805753,5621.637765399995
323,129317.0033199,1,-1.0057302263735877,100.69391393965799,335.1834739536241,9.775574039576355,31.368392975558475,4.18082362650497,99.49651683146912,45.809997931614376,199.00399695628084,5638.894843100003
324,129335.7393769,1,-1.005342339143538,96.69578239909094,331.38932052278847,9.775995158821418,31.8635600752983,4.132006766180455,54.78777240803526,44.87094997122837,190.9408643483004,5657.6309001000045
325,129353.068481,1,-1.0050809955609938,96.69578239909094,331.38932052278847,9.77595858903151,31.866537925230443,4.485565803244941,63.76903609153614,44.87094997122837,190.45961599303368,5674.960004199995
326,129371.3702451,1,-1.014214481378425,101.52719049597818,330.14938733545375,9.775574039576355,31.381900663130708,4.836181822548867,57.32627653776009,46.553416734745994,193.1218417805753,5693.261768299999
327,129388.6313219,1,-0.9894274282898675,88.60243576929483,330.14938733545375,9.775574039576355,31.381900663130708,4.18082362650497,63.88022591777047,45.809997931614376,193.1218417805753,5710.5228451
328,129406.6106166,1,-1.010788877598622,101.52719049597818,330.14938733545375,9.775537469786448,31.381900663130708,4.18230276871981,63.88022591777047,45.809997931614376,190.50779311341958,5728.502139799995
329,129423.5753921,1,0.8935637086424916,106.66468542912983,330.14938733545375,9.775574039576355,31.36541512562633,4.18082362650497,97.06872678443558,45.809997931614376,199.331986031044,5745.4669152999995
330,129441.2277225,1,-1.0073513307460487,98.71776473725096,321.54314526005555,9.77595858903151,31.863999165304328,4.459540611234538,66.60374690398507,45.81502577061039,188.2883711808835,5763.1192457
331,129459.4060493,1,-1.0102024133526466,100.37498008217325,331.38932052278847,9.77595858903151,31.863999165304328,4.459540611234538,66.60374690398507,45.81502577061039,190.46134533850977,5781.2975725
332,129477.3293743,1,-1.0087811149855501,100.69391393965799,330.14938733545375,9.670737689731329,31.36541512562633,4.18082362650497,66.63678567436259,45.809997931614376,193.1218417805753,5799.220897499996
333,129495.5437581,1,-1.0097822090321331,100.80948709478625,319.7894863839894,9.775538900710291,31.364083319923644,4.18082362650497,51.962832680672335,45.809997931614376,185.79989096654276,5817.4352813000005
334,129513.1737515,1,-1.0109789042294803,101.52719049597818,327.270140054229,9.775572608652514,31.38323246883339,4.18230276871981,63.815886369214674,45.809997931614376,190.44392899906157,5835.065274699999
335,129531.2504662,1,-1.0026711151817005,96.69578239909094,331.38932052278847,9.77595858903151,31.866537925230443,3.855756738380786,57.215086711521934,44.87094997122837,190.45961599303368,5853.141989399999
336,129547.4551948,1,0.9398157059888828,100.69391393965799,314.7475825814799,9.775574039576355,31.36541512562633,4.555219497479029,66.63678567436259,45.809997931614376,193.1218417805753,5869.346718000001
337,129565.7270286,1,-1.0065361596575526,96.69578239909094,331.38932052278847,9.775995158821418,31.866537925230443,4.685528361760047,57.215086711521934,44.87094997122837,190.528489126529,5887.618551799998
338,129583.4677449,1,-1.0050605329151194,96.16404722228911,331.38932052278847,9.77595858903151,31.866537925230443,4.458415298061729,57.215086711521934,44.87094997122837,189.9382742539273,5905.359268100001
339,129601.2056762,1,-1.0132434985482583,101.52719049597818,331.37897602673945,9.752410294692568,31.381900663130708,4.862211306667025,71.41524914952507,46.51591587837958,197.79649317414845,5923.097199399999
340,129619.7091528,1,-1.0109410330360113,100.79557824758618,330.2106717282503,9.540427780313012,31.96223933823075,4.457780561640146,63.82868940326491,42.82325344082658,194.0781265321663,5941.600676000002
341,129637.0618132,1,-1.0132717821611736,101.52719049597818,330.14938733545375,9.775574039576355,31.38181523927454,4.862211306667025,63.72160646154323,46.553416734745994,193.2522736920753,5958.953336399994
342,129655.1931898,1,-1.0086461857702818,100.80948709478625,330.11688949927157,9.775574039576355,31.365500549482494,4.18082362650497,56.33421142594489,60.41509147580123,190.3065195551791,5977.084713000004
343,129673.0472558,1,-1.0107897779792623,101.52719049597818,330.14938733545375,9.775574999714104,31.381900663130708,4.18230276871981,63.88022591777047,45.809997931614376,190.50779311341958,5994.938779000004
344,129690.0256822,1,0.9559672481022289,104.03765405538033,330.14938733545375,10.67108568694616,31.381900663130708,5.921027887790271,63.88022591777047,47.741483158831834,193.1218417805753,6011.917205399994
345,129707.2701,1,-1.0145001217981189,101.55059936611546,330.2106717282503,9.540427780313012,31.96223933823075,4.457780561640146,64.40176444162843,42.82325344082658,201.87337346741646,6029.161623199994
346,129725.1975675,1,-0.9100031134512281,98.97342728035366,335.1084964109734,9.752410294692568,39.211164998660585,4.405784812508101,70.84217411116316,46.51591587837958,197.85037250964174,6047.089090699999
347,129742.6704532,1,-1.0006656407454395,101.52719049597818,330.14938733545375,8.78467275749863,33.31621520164559,4.836181822548867,57.32627653776009,46.553416734745994,193.1218417805753,6064.5619764
348,129763.3162295,1,-1.0107573100390852,101.52719049597818,330.25614518319946,9.775537469786448,31.381900663130708,4.18230276871981,63.88022591777047,45.809997931614376,190.50779311341958,6085.207752699993
349,129781.0061346,1,-0.9918581173869357,101.52719049597818,330.14938733545375,9.775574039576355,28.481790429599346,4.18082362650497,72.9453680380134,45.809997931614376,193.1218417805753,6102.8976578
350,129800.5792279,1,-1.0068361821776868,101.52719049597818,329.79976180166,9.775574039576355,30.289826160384745,4.18082362650497,63.88022591777047,45.809997931614376,193.1218417805753,6122.4707511000015
351,129820.6282338,1,-1.0101998565715182,101.52719049597818,321.40132784317933,9.775572608652514,31.38323246883339,4.18230276871981,66.6498002216892,45.80989382766681,190.42084758988517,6142.519757000002
352,129837.7814387,1,-1.0079875931794153,98.71776473725096,327.4119574711048,9.77595858903151,31.863999165304328,4.459540611234538,63.76983305151053,45.79129200593347,188.2883711808835,6159.672961899996
353,129856.0304694,1,-1.013221014881153,101.52719049597818,330.14938733545375,9.775573652136057,31.381900663130708,4.836181822548867,63.791186918288766,45.817958293905896,193.10359312760355,6177.921992599993
354,129873.3590759,1,-1.012560724960157,101.52719049597818,328.5513598012592,9.775537857226748,31.381900663130708,4.18230276871981,53.81451323483244,46.545456372454474,190.52604176639133,6195.250599100007
355,129891.2264926,1,-1.009020888476205,100.37498008217325,331.38932052278847,9.776059769131388,31.863999165304328,4.173547301356096,63.99680854974622,38.96691452994674,190.51152144682723,6213.118015800006
356,129908.7806992,1,-1.0111547400442549,101.52719049597818,330.14938733545375,9.775472859476478,31.381900663130708,4.466816936383412,66.48716427200932,49.79738000014607,190.42154103891923,6230.672222399997
357,129927.5576143,1,-0.9718999567086646,100.81344326458792,327.45053290738196,8.471786147161922,31.36402892607781,4.182288810174869,38.36785873416046,45.809997931614376,190.42112219503295,6249.449137500007
358,129944.6963359,1,0.9504486105406192,101.5232343261765,319.6090935308309,9.775572633724435,31.383286862679224,4.180837585049911,61.76215083183135,45.809997931614376,185.82269777056933,6266.587859099993
359,129961.5262934,1,0.9393763567062181,101.52719049597818,331.4185859884219,10.248291418472913,31.381900663130708,4.862211306667025,70.85054174085856,46.51591587837958,198.0728022358403,6283.417816600006
360,129979.4390306,1,-1.0146497470093832,101.52719049597818,330.1097773737713,9.775574039576355,31.381900663130708,4.862211306667025,64.44493332643844,46.553416734745994,197.2719276873236,6301.330553799999
361,129997.0352314,1,-1.0131979367867254,101.52719049597818,330.14938733545375,9.775574039576355,31.381900663130708,4.862211306667025,63.88022591777047,46.553416734745994,193.1218417805753,6318.926754600005
362,130015.1762098,1,-1.0128412115157237,101.52719049597818,330.14938733545375,9.775573652136057,31.381900663130708,4.836181822548867,63.791186918288766,45.817958293905896,192.13399567692264,6337.0677330000035
363,130032.0994012,1,-1.0152679313360091,101.52719049597818,330.1100253636188,9.838780727781351,31.381900663130708,4.862211306667025,64.44493332643844,46.553416734745994,197.2719276873236,6353.990924400001
364,130049.4265191,1,0.946044537520927,103.28113934381827,330.1491393456063,9.775574039576355,31.38181523927454,4.862211306667025,63.72160646154323,46.553416734745994,193.2522736920753,6371.318042300001
365,130066.9486606,1,-1.0147494919534277,101.52719049597818,330.1092488783039,9.775574039576355,31.381900663130708,4.8505869083331765,63.88022591777047,46.58716947914033,197.31748521577055,6388.840183799999
366,130085.4484176,1,-1.0117872554522729,101.52719049597818,330.14991583092115,9.775574039576355,31.381900663130708,4.192448024838922,64.44493332643844,45.77624518722004,193.0762842520674,6407.339940799997
367,130102.6109923,1,-1.01286531308529,101.52719049597818,330.14938733545375,9.775573652136057,31.381900663130708,4.836181822548867,66.11187706223646,45.74404141324698,193.10359312760355,6424.502515500004
368,130120.3517624,1,-1.0115588274589735,101.52719049597818,336.4313532265992,9.752410294692568,31.381900663130708,4.862211306667025,71.34921715116616,46.589832759038494,197.79649317414845,6442.243285599994
369,130138.0676164,1,-1.014212894266055,101.52719049597818,331.37897602673945,9.752410294692568,31.381760571373484,4.862211306667025,64.16544454348706,46.51591587837958,197.79649317414845,6459.959139600003
370,130155.6662153,1,-1.0083755155982856,101.52719049597818,337.61786551936143,9.775572608652514,31.383372560590615,4.18230276871981,71.06569097525443,45.809997931614376,193.99495527073267,6477.557738500007
371,130173.9606753,1,-1.013633430690544,101.55059936611546,330.2106717282503,9.540427780313012,31.96223933823075,4.224028105439345,64.40176444162843,42.895080060635244,201.87337346741646,6495.852198499997
372,130191.2416953,1,-0.9484595521301391,101.52719049597818,330.25614518319946,9.775537469786448,37.054778123257556,4.209312788063407,63.88022591777047,39.962087138462515,186.142574413281,6513.1332185000065
373,130208.5594456,1,0.9538507892526593,112.60410721567368,330.14938733545375,8.736219319444645,31.393187951123192,4.862211306667025,50.123438402090784,46.553416734745994,193.2522736920753,6530.450968799996
374,130225.8801816,1,-1.0125799572919751,101.55059936611546,340.6851277567478,9.774547201885522,31.950866626382098,4.457780561640146,64.36876382111201,42.82325344082658,201.87337346741646,6547.771704800005
375,130244.700142,1,-1.0109410330360113,100.79557824758618,330.2106717282503,9.540427780313012,31.96223933823075,4.457780561640146,63.82868940326491,42.82325344082658,194.0781265321663,6566.591665200001
376,130262.3745831,1,-1.0126158393642282,100.41813566141843,330.14938733545375,9.775574039576355,31.381900663130708,4.836181822548867,57.32627653776009,46.553416734745994,193.1218417805753,6584.266106299998
377,130280.2928789,1,-1.0106217498803958,101.52719049597818,328.5513598012592,9.77553784550279,31.292163211200776,4.18230276871981,63.8106787334787,45.7360413319842,190.50749256828504,6602.1844021
378,130298.4930899,1,-0.9539819488900269,101.52719049597818,330.14938733545375,8.062004802061857,31.381900663130708,4.18230276871981,53.88406042015255,46.619412972084646,190.52634231152587,6620.384613100003
379,130316.7667964,1,-1.0118493771127721,101.52719049597818,330.13198078617353,9.775574986557588,31.381900663130708,4.18230276871981,64.03453838553723,45.77614657978672,193.19428358498942,6638.658319599999
380,130334.2357396,1,-0.9985435119135282,101.52719049597818,328.5687663505394,8.996336184724269,32.04682815582203,4.18082362650497,45.65774159589281,46.579307724282124,190.45359996197715,6656.127262800001
381,130351.6958497,1,-1.0130138207756958,101.52719049597818,330.1496913437201,9.775574039576355,31.381900663130708,4.862211306667025,65.03534412887679,46.553416734745994,193.1218417805753,6673.587372900001
382,130369.9414857,1,-1.0164768799571995,101.52719049597818,330.10894487003753,9.775574039576355,31.381900663130708,5.207550897448742,43.60022606583524,46.58716947914033,197.31748521577055,6691.833008899994
383,130387.7262241,1,-1.0024364286256529,94.95627499441697,330.14938733545375,9.775574039576355,31.381900663130708,5.064850011038937,64.48456987184342,46.553416734745994,193.1218417805753,6709.617747299999
384,130404.7136628,1,0.9526178693604598,103.06888948254634,330.1097773737713,9.775574039576355,31.381900663130708,4.862211306667025,58.42635289025914,46.553416734745994,197.2719276873236,6726.605186000001
385,130422.1827295,1,-0.9768965018086622,91.75615201997039,331.3576751063629,9.107466310505293,30.70542942675582,4.862211306667025,64.16544454348706,46.516189297371696,197.2358458789318,6744.074252699997
386,130440.6791131,1,-1.0160156388202664,101.52719049597818,330.16922439379204,9.753557166033069,31.38189811468068,4.862211306667025,64.44493332643844,46.55314331575387,202.23653133012994,6762.570636300006
387,130457.9348145,1,-1.014592747627894,101.13911006049334,328.28161832721577,9.84404263726768,31.381900663130708,4.862211306667025,66.13190518391643,46.553416734745994,197.1119387058448,6779.826337699997
388,130476.3306913,1,-1.0132060216844574,101.52719049597818,330.1100253636188,9.770312130090026,31.381900663130708,4.862211306667025,63.870545548447836,46.553416734745994,193.28183076201833,6798.222214499998
389,130494.3447845,1,-1.013078699638144,101.52719049597818,331.37897602673945,9.751403400975857,31.381900663130708,4.953420086722353,71.41524914952507,49.282159308447156,197.79649317414845,6816.2363077000045
390,130512.1251342,1,-1.0148340631630761,101.52719049597818,330.1100253636188,9.839787621498065,31.381900663130708,4.862211306667025,64.44493332643844,46.51497681228175,196.03674667543936,6834.016657400003
391,130529.4833298,1,0.9490862113610741,101.54838124342244,330.1519764139262,10.115464329313905,31.40450337550867,4.452538015762009,64.40525777339985,42.70831837765982,193.10359312760355,6851.374853000001
392,130546.8759388,1,-1.0015223281386114,101.52940861867121,330.20808264977785,9.540427780313012,29.867099864113644,4.841424368427003,66.10838373046505,42.99501250769079,201.87337346741646,6868.767462000003
393,130564.8992812,1,-1.0145001217981189,101.55059936611546,330.2106717282503,9.540427780313012,31.96223933823075,4.457780561640146,64.40176444162843,42.82325344082658,201.87337346741646,6886.790804400007
394,130582.5701822,1,-1.0050051772772066,101.52719049597818,330.14938733545375,9.775574039576355,29.81535058964659,4.836181822548867,57.32627653776009,46.553416734745994,193.1218417805753,6904.461705399997
395,130600.4410859,1,-1.008018288342807,101.55167837427965,331.37897602673945,9.538048907348541,31.381785835526063,5.881244867541944,50.86025640251309,42.91125381731044,197.89660112159052,6922.332609100005
396,130618.4031756,1,-1.0146457039536914,101.526111487814,330.2106717282503,9.754789167657039,31.96235416583539,4.224028105439345,71.32178235782884,46.08177468785127,201.77326551811626,6940.294698800004
397,130636.4811464,1,-1.0131490184468046,101.52719049597818,330.14938733545375,9.775539602393238,31.38181523927454,4.8158312052636605,63.72160646154323,49.684750345273955,193.2522736920753,6958.372669599994
398,130654.395313,1,-0.9937104588451969,101.52719049597818,328.5513598012592,9.775572294409866,28.65402221347617,4.228682870123265,53.81451323483244,46.545456372454474,190.52604176639133,6976.286836200001
399,130672.3488119,1,-1.0159112427985009,101.52719049597818,330.1322783918798,9.775574039576355,31.381900663130708,4.8505869083331765,54.680439787232245,46.58723418903211,197.31748521577055,6994.240335099996
400,130690.1885384,1,-1.0118769314677707,101.52719049597818,330.10895127259766,9.775574986557588,31.381900663130708,4.18230276871981,63.88214142431646,45.77608186989493,193.19428358498942,7012.080061600005
401,130707.4341668,1,-1.0152679313360091,101.52719049597818,330.1100253636188,9.838780727781351,31.381900663130708,4.862211306667025,64.44493332643844,46.553416734745994,197.2719276873236,7029.325689999998
402,130725.5595665,1,-0.9965782058452243,101.52719049597818,330.1097773737713,9.01989116383367,31.381900663130708,4.862211306667025,64.44493332643844,46.553416734745994,197.2719276873236,7047.4510897
403,130743.2727237,1,-1.0146490095459677,101.52719049597818,330.1323705924225,9.775574039576355,31.381900663130708,4.861172606574959,64.44493332643844,46.5926820876965,197.27273583042196,7065.164246900007
404,130761.139878,1,-0.9951731793821137,101.52719049597818,330.1096851732286,8.982238502593852,31.381900663130708,4.851625608425243,69.67743637109804,46.54796883608161,197.3166770726722,7083.031401200002
405,130778.8998775,1,-1.0132843840694286,101.5261025603134,330.2083496460825,9.7535136688375,31.997151057440064,4.224028105439345,80.5441555345877,47.78205392877235,201.77326551811626,7100.791400699993
406,130797.4381594,1,-1.0157875654310238,101.52719942347878,330.17154647595976,9.75508617050633,31.34710122307601,4.862211306667025,64.44493332643844,44.13397352541536,202.23653133012994,7119.3296826000005
407,130815.0184055,1,-0.9976580035272714,90.18919053446857,327.95525833535805,9.775574039576355,31.381900663130708,4.565868113283964,63.86711033298399,44.69904007818905,202.83952264180525,7136.909928699999
408,130832.2011363,1,-1.014663436349961,101.5276383154288,330.10676343634253,9.959859447096264,31.96223933823075,4.759221587364715,64.4148800264149,42.867622419816435,197.26292973266632,7154.0926595000055
409,130849.8948383,1,-1.0089165739522654,101.52719049597818,330.10899310840796,9.775574039576355,33.18957827020089,4.659106878613243,63.72160646154323,42.21946263417906,193.24973812851988,7171.786361499995
410,130866.2892075,1,0.9619901394886816,101.52719049597818,325.4054367135126,10.070586771789802,31.381900663130708,5.207550897448742,54.13305255009695,45.96225332855339,197.3200207792928,7188.180730699998
411,130884.7305645,1,-1.0110346647534338,101.13911006049334,328.28161832721577,9.84404263726768,31.381900663130708,3.897626238773768,66.13190518391643,45.0281769393694,197.1119387058448,7206.622087700001
412,130901.9990518,1,-1.0168976868868382,101.52719049597818,330.16922439379204,9.753557166033069,31.38189811468068,4.862211306667025,55.94880339096376,46.55314331575387,202.23653133012994,7223.890574999998
413,130918.9080376,1,0.9574277481358012,105.50161867016688,330.1100253636188,9.839787621498065,31.381900663130708,4.862211306667025,55.780462509103934,45.23739249673764,196.03674667543936,7240.799560800006
414,130936.3000218,1,-1.0075938431437932,101.55059936611546,327.80960278726025,9.540427780313012,30.61960303649941,4.457780561640146,64.40176444162843,42.82325344082658,201.87337346741646,7258.191544999994
415,130954.3521665,1,-1.014109197428412,101.52679010044864,330.2308720521149,9.543313121428024,32.01705246963557,4.224028105439345,64.40788975089691,46.71199479369963,202.03109902173992,7276.243689700001
416,130972.0021678,1,-1.0137824027061852,101.55099976164502,331.3587757028749,9.749524953577556,31.326947439968663,4.862211306667025,64.15931923421857,42.699001145315194,197.63876761237208,7293.893691000005
417,130989.9967277,1,-1.0149106972803617,101.76698093870075,330.14938733545375,9.775574039576355,31.381900663130708,4.836181822548867,57.32627653776009,46.471287700880396,194.1669687655836,7311.888250899996
418,131007.8863952,1,-1.0147688075330676,101.52719049597818,330.1322783918798,9.775574039576355,31.381900663130708,4.8505869083331765,54.680439787232245,36.656655038206424,197.31748521577055,7329.7779183999955
419,131025.0656378,1,-1.006849325838922,97.00851122443554,330.2106717282503,9.754789167657039,32.51676816799655,4.224028105439345,71.32178235782884,46.08177468785127,201.77326551811626,7346.957160999998
420,131043.3695705,1,-1.0164768799571995,101.52719049597818,330.10894487003753,9.775574039576355,31.381900663130708,5.207550897448742,43.60022606583524,46.58716947914033,197.31748521577055,7365.261093699999
421,131060.5585377,1,-0.9319707526302854,101.52719049597818,330.1322783918798,9.775574039576355,22.985485357556794,4.850798358209676,58.66780456142754,46.58662802732779,197.31748521577055,7382.450060899995
422,131079.021365,1,-1.005466071519063,101.52719049597818,330.1100253636188,9.838780727781351,29.53966969686398,4.861999856790526,64.44493332643844,46.55402289645032,197.2719276873236,7400.912888199993
423,131096.4828367,1,-1.015028064961666,101.52718971157043,330.1701017239735,9.838780727781351,31.348317473047796,4.862211306667025,64.44493332643844,44.319103989098686,197.03777844057967,7418.374359899986
424,131114.6797285,1,-1.0152078555442683,101.52720020788652,333.1697320978369,9.75508617050633,31.38068441315892,4.862211306667025,64.44493332643844,46.368286271062665,202.4706804853512,7436.571251699992
425,131131.967884,1,-1.015803930912474,101.52719942347878,330.17154647595976,9.756900936794525,31.34710122307601,4.862211306667025,64.44493332643844,44.13397352541536,202.23653133012994,7453.859407200012
426,131150.4192159,1,-1.0164496022385836,101.52719049597818,330.10894487003753,9.773759273288162,31.381900663130708,5.207550897448742,43.60022606583524,46.58716947914033,197.31748521577055,7472.3107391000085
427,131166.8172631,1,0.9910639046739046,101.52719049597818,339.0889613564674,11.441803524532464,31.381900663130708,4.821809070982283,43.60022606583524,46.58501503148595,197.44831050854975,7488.708786300005
428,131184.0740388,1,-1.016395954837858,101.52719049597818,330.16899174933525,9.777163921355527,31.38189811468068,5.247953133133485,55.94880339096376,46.55529776340825,202.10570602080475,7505.965561999998
429,131202.1605099,1,-1.0133522944411468,101.52719049597818,330.16922439379204,9.774138835500288,32.995687172959244,4.862238239810485,64.44493332643844,46.55314331575387,202.51213888224976,7524.052033099986
430,131219.6665604,1,-1.014274136090521,101.52719049597818,330.1323705924225,9.754992370109136,31.381900663130708,4.8611456734315,64.44493332643844,46.5926820876965,196.9971281648464,7541.558083599986
431,131237.8577744,1,-1.014566040362413,101.78317118144675,330.1100253636188,9.837055886571408,31.381900663130708,4.868688780517333,64.44493332643844,46.471390879111105,194.37401092401453,7559.749297600007
432,131254.1804044,1,0.9545438316542849,105.97692304428575,336.80783459346617,9.778305774503012,31.150587527693514,4.829704348698559,57.32627653776009,46.51487363405105,195.82970451700842,7576.071927599987
433,131271.4800085,1,0.9659516195485807,105.3537401896795,330.10894487003753,9.775574039576355,31.381900747841883,5.125303024563929,48.85439250005672,46.593231870608726,202.18789746385696,7593.371531699988
434,131289.1304357,1,-1.0135720593114756,101.52719049597818,333.791127524732,9.753557166033069,31.381898029969506,5.1934731914600185,56.3811210442597,43.36980306901376,197.36611906491356,7611.021958900004
435,131305.3592031,1,0.9587305268393235,106.5116512802945,329.5343903007986,9.775574039576355,31.381900663130708,4.8505869083331765,54.680439787232245,36.92358439477465,198.0014837739309,7627.250726300001
436,131323.6257797,1,-0.990324486003659,101.52719049597818,330.10894487003753,9.312567705455638,29.671068388582412,5.207550897448742,43.60022606583524,46.32024012258413,197.31748521577055,7645.5173029
437,131340.6483401,1,-1.0142350972139287,101.76698093870075,330.1082323174533,9.767456837724874,31.381900663130708,4.380812766916597,57.32627653776009,46.51672195082212,194.1669687655836,7662.539863299986
438,131358.8696309,1,-1.014865400589986,101.52719049597818,330.1511803816192,9.847904823349547,31.381900663130708,4.862211306667025,64.44493332643844,47.706326017501326,196.03674667543936,7680.761154100008
439,131375.8816783,1,-1.0152322868818224,101.52719049597818,330.1048918646934,9.838780727781351,31.381900663130708,4.862211306667025,64.44493332643844,45.085285444819796,197.2719276873236,7697.773201500007
440,131394.0624552,1,-1.0178397316250822,102.87603032098295,330.17435789271735,9.753557166033069,31.38189811468068,4.862211306667025,64.44493332643844,46.553188822024815,202.23653133012994,7715.953978400008
441,131410.9964569,1,-1.016010356328655,101.52719049597818,330.16922439379204,9.753557166033069,31.38189811468068,4.850524700312494,64.53873424420382,46.55314331575387,202.23653133012994,7732.8879801
442,131429.2359417,1,-1.013643619978954,101.52719049597818,330.1322783918798,9.775574039576355,31.381900663130708,4.862273514687708,54.58663887029318,57.5247770340653,193.9840539877688,7751.127464899997
443,131447.7766023,1,0.9683408698377391,101.527199547993,330.17154647595976,12.641454906074335,31.34710122307601,4.61367706022813,64.44493332643844,45.83010309959718,202.23366655781516,7769.6681255
444,131465.6449742,1,-1.0161404966006822,101.52719037146394,330.16899174933525,9.756220316384066,31.38189811468068,5.247953133133485,55.94880339096376,46.55529776340825,202.10857079311953,7787.536497399997
445,131483.6420854,1,-1.0176024453102848,101.52719049597818,330.10894487003753,9.775574039576355,31.381900663130708,5.207550897448742,43.60022606583524,46.493171726863196,202.11675421812512,7805.5336086000025
446,131499.7004789,1,0.9422315509979955,108.34364229992961,330.17154647595976,9.75508617050633,31.34710122307601,4.862211306667025,64.44493332643844,47.10709653808726,197.43726231115087,7821.592002099991
447,131518.0085904,1,-1.0160117165553393,101.52719049597818,330.1752109806027,9.753557166033069,31.381900548627552,4.862211306667025,64.44493332643844,46.55314331575387,202.23653133012994,7839.900113599986
448,131534.4415791,1,0.9449871165111517,115.08800584929608,330.10403877680807,9.838780727781351,31.381898229183836,4.862211306667025,62.73727997279986,46.553416734745994,197.2719276873236,7856.333102300006
449,131552.7332134,1,-1.011526582963591,100.66736205662264,330.16899174933525,9.776712350387468,31.38190064010577,5.025913263124937,55.34511414386228,46.55529776340825,188.9764930810244,7874.6247366000025
450,131570.3480871,1,-1.0153190269278334,101.52719049597818,330.10894487003753,9.774210844256219,31.38189813770562,5.717127612557257,44.20391600919691,46.58716947914033,202.08225820322386,7892.239610299992
451,131588.4761089,1,-1.0145616743732,101.52719049597818,325.42426769032807,9.774455827038839,31.381900559839966,4.862011002249701,67.26297457486503,46.58723418903211,197.31748521577055,7910.367632100009
452,131606.1572945,1,-1.0178745882300366,102.87603032098295,330.12897197880915,9.754675378570585,31.381898217971422,4.850787212750501,64.44493332643844,46.553188822024815,202.23653133012994,7928.048817700008
453,131623.9620326,1,-1.0159259256003053,101.52718971157043,330.169219742565,9.754804887127294,31.34719484649964,4.862211306667025,64.44493332643844,46.72347482229316,202.20471625426856,7945.853555799986
454,131641.9488744,1,-1.0143257109837125,101.52719049597818,336.2187168146057,9.837533006687126,31.38302074122884,4.862211306667025,55.94880339096376,44.14877248255939,197.0695934875748,7963.840397599997
455,131659.8957072,1,-1.0146793731969193,101.52719049597818,330.16750584849416,9.752691002601736,31.38189811468068,5.281398564998078,43.627395589626204,46.55291250194987,192.67916436936486,7981.78723039999
456,131676.8571195,1,0.953445950681099,105.02728634250681,330.1106634153354,9.776440203007688,31.381900663130708,4.788363639117692,55.921634635491344,46.58740029294433,206.3130299644529,7998.748642699997
457,131694.4184978,1,-1.016494617719059,101.52719049597818,330.1095862863389,9.776615185722319,31.38190065498651,5.207550897448742,43.60022606583524,46.58716947914033,197.31748521577055,8016.310021000012
458,131712.9772157,1,-1.017825755557008,102.87603032098295,330.1737164764159,9.752516019887105,31.38189812282488,4.862211306667025,64.44493332643844,46.553188822024815,202.23653133012994,8034.868738899997
459,131730.5516909,1,-0.9939151922309614,101.52719002912725,330.0888277259597,9.754265147748564,28.24649471501963,4.862211306667025,64.53220703176135,46.368286271062665,202.4706804853512,8052.4432141
460,131749.1238218,1,-1.0151970521788416,101.52720067473744,333.1898492419147,9.776395062334123,31.38191337825226,5.207550897448742,43.513010742939365,46.58716947914033,195.95039123640245,8071.0153449999925
461,131766.8150993,1,-1.0158009072234222,101.52719049597818,330.16922439379204,9.753557166033069,31.38189811468068,5.027642335599512,64.53873424420382,46.55199511194934,202.23653133012994,8088.706622500002
462,131785.0195074,1,-1.0155352621476592,101.52719049597818,330.10894487003753,9.60452248220794,31.77746908292279,5.207550897448742,43.60022606583524,46.58831768294486,197.31748521577055,8106.911030599993
463,131802.7390793,1,-1.0178899661930019,102.87603032098295,330.10952727062573,9.753557166033069,31.381898114500604,4.738772471843304,64.44493332643844,46.552403524709,202.23653133012994,8124.630602499994
464,131820.0022701,1,-1.0145755957872402,101.52719049597818,330.1737754921291,9.774210844256219,31.381898137885695,5.840566447385867,44.20391600919691,46.58795477645615,202.08225820322386,8141.893793299998
465,131838.0461922,1,-1.017206538020129,101.52719049597818,330.16899174933525,9.777163921355527,32.235823703341715,5.247953133133485,55.94880339096376,46.55529776340825,202.10854326510477,8159.93771540001
466,131855.9853471,1,-1.014930590282871,101.52719037146394,330.16899174933525,9.756220316384066,31.38189811468068,5.247953133133485,67.30569297359551,46.55529776340825,202.10573354881947,8177.87687030001
467,131874.4802304,1,-1.0168976868868382,101.52719049597818,330.16922439379204,9.753557166033069,31.38189811468068,4.862211306667025,55.94880339096376,46.55314331575387,202.23653133012994,8196.37175359999
468,131892.0148293,1,-0.9881673495873968,99.21879777203361,330.12897197880915,9.754675378570585,35.12314445006871,4.850787212750501,64.44493332643844,46.553188822024815,202.23653133012994,8213.906352499995
469,131909.3266868,1,0.9465725486480234,105.04359849500706,316.1429791647558,9.753557166033069,33.493301059412794,4.862211306667025,64.44493332643844,46.55314331575387,202.23653133012994,8231.218209999992
470,131925.5269151,1,0.9662392760225733,101.52719049597818,312.3201824389564,9.753557166033069,36.161245448438365,4.862211306667025,55.94880339096376,46.55314331575387,202.23653133012994,8247.418438299996
471,131943.3698627,1,-1.0164496022385836,101.52719049597818,330.10894487003753,9.773759273288162,31.381900663130708,5.207550897448742,43.60022606583524,46.58716947914033,197.31748521577055,8265.261385899998
472,131961.6268197,1,-1.0179626885924722,101.52719049597818,330.10894487003753,9.939272013871896,31.381900663130708,5.207550897448742,43.60022606583524,46.58716947914033,197.31748521577055,8283.518342900003
473,131978.8576015,1,-1.0149795141786646,101.04864337056615,330.17149933416135,9.752550681824093,31.38189858386566,5.058229710182925,64.91846587078352,46.493171726863196,202.11675421812512,8300.7491247
474,131997.47792,1,-1.014741584143501,102.89891813777183,330.1118034285935,9.77658052378533,30.396893019150326,4.862211306667025,48.44384112765212,46.553188822024815,202.23653133012994,8319.369443200005
475,132014.7695082,1,-1.017359962116223,101.52719049597818,330.10894487003753,9.775574039576355,31.38190071843214,4.875258088100548,41.36076162335529,46.558558609169694,197.31748521577055,8336.661031399999
476,132033.1106612,1,-1.004720244360118,95.14357937337569,330.1737164764159,9.752516019887105,31.23985162141701,5.194504116015221,66.06180463287606,46.58179969199546,202.23653133012994,8355.002184399986
477,132050.3869668,1,-1.0173911209029078,102.87603032098295,330.12897197880915,9.754675378570585,31.381898217971422,4.409104933976985,64.44493332643844,46.553188822024815,202.23653133012994,8372.278489999997
478,132068.747701,1,-1.017825755557008,102.87603032098295,330.1737164764159,9.752516019887105,31.38189812282488,4.862211306667025,64.44493332643844,46.553188822024815,202.23653133012994,8390.639224199986
479,132086.1423313,1,-1.0176024453102848,101.52719049597818,330.10894487003753,9.775574039576355,31.381900663130708,5.207550897448742,43.60022606583524,46.493171726863196,202.11675421812512,8408.033854500012
480,132103.7638322,1,-1.013720993406853,101.52719049597818,330.16922439379204,9.753557166033069,31.38189811468068,5.040372607847935,81.45986912245539,46.55314331575387,202.23653133012994,8425.655355399998
481,132121.410208,1,-1.0171814970537816,101.52719049597818,330.1095862863389,9.777063098277926,31.38190065498651,4.83368231898138,43.60022606583524,45.64275917817084,197.31748521577055,8443.301731199987
482,132139.2115566,1,-1.0161732964733758,101.52719049597818,330.16922439379204,9.753109253477463,31.38189811468068,5.236079885134389,55.94880339096376,46.55314331575387,202.23653133012994,8461.1030798
483,132156.863475,1,-1.017808218211132,101.52719049597818,330.16899310782406,9.776438700649301,32.25526259642011,4.867125703457492,55.94880339096376,46.55529776340825,202.10854326510477,8478.754998199991
484,132173.2989787,1,0.9742710524278364,101.52719049597818,330.1692230353032,11.557170349255397,32.15145412477316,5.243038736343018,55.94880339096376,46.55314331575387,202.23653133012994,8495.190501900011
485,132191.2356347,1,-1.0190645570950505,101.43191721216064,330.10894487003753,9.939272013871896,31.381900663130708,4.538003471062086,36.40780797931299,46.58716947914033,197.33538787563037,8513.127157899988
486,132207.5757819,1,0.952720786657746,102.97130360480048,330.10952727062573,10.600839654757545,31.381898114500604,4.738772471843304,64.44493332643844,35.258258747195,202.2186286529218,8529.467305099999
487,132226.0255001,1,-1.0201848385827101,101.54572597933968,330.1173532721446,9.973080552388335,31.38189842420547,4.862211306667025,40.42955604186745,46.553188822024815,202.23653133012994,8547.91702329999
488,132242.393198,1,0.9504133378191816,102.85749483762145,330.1653080743088,9.939272013871896,31.381900361750116,5.207550897448742,61.20943838612443,46.58716947914033,197.31748521577055,8564.284721200005
489,132260.3819485,1,-1.0067211705235846,102.87603032098295,330.12556279560073,9.753075547411225,29.509308934095294,4.850787212750501,64.41508323356229,46.553188822024815,202.12460747848118,8582.273471699998
490,132278.6734499,1,-1.0165931706646514,101.52719049597818,330.11235405324595,9.777173870735716,31.381900663130708,5.567235963612786,44.6988894465938,46.493171726863196,204.30125102894087,8600.564973100001
491,132295.7428094,1,-0.9984301975922971,101.56003335563342,330.16958241974606,9.02062318409828,31.38189814911402,4.893421842374372,67.11466436187827,46.55371858486732,202.23653133012994,8617.634332599991
492,132314.046023,1,-1.019832014866332,102.8431874613277,330.11372034300877,9.778902866828599,31.38190062869737,5.176340361741397,40.93193240296981,47.922447487645925,202.11675421812512,8635.937546200003
493,132331.3641381,1,-1.0176220665983073,102.87603032098295,330.1737164764159,9.752516019887105,31.38189812282488,4.862211306667025,64.44493332643844,46.553188822024815,201.58379551680056,8653.255661300005
494,132349.6396788,1,-1.003119144041963,101.52719049597818,330.10894487003753,9.809128042201664,29.363542903146378,5.207550897448742,43.60022606583524,46.58716947914033,197.31748521577055,8671.531202000013
495,132367.0553358,1,-1.0176024453102848,101.52719049597818,330.10894487003753,9.775574039576355,31.381900663130708,5.207550897448742,43.60022606583524,46.493171726863196,202.11675421812512,8688.946858999989
496,132383.9622873,1,0.9464318168537006,102.87603032098295,330.12897197880915,10.197174036913035,31.381898217971422,4.850787212750501,64.44493332643844,46.553188822024815,202.23653133012994,8705.853810500004
497,132401.561235,1,-1.0165093451450837,102.87603032098295,330.17435789271735,9.753557166033069,31.38189811468068,4.862211306667025,75.59133840886611,46.553188822024815,202.23653133012994,8723.452758200001
498,132419.4692919,1,-1.016786821719089,101.43755868582878,330.16922439379204,9.753557166033069,31.38189811468068,4.840483897354625,55.94880339096376,46.55314331575387,202.23653133012994,8741.360815099993
499,132437.659661,1,-1.0146712582072037,102.87603032098295,330.1737164764159,9.752516019887105,30.723201581060657,5.176200653339864,64.44493332643844,46.55318728880629,202.23653133012994,8759.551184200012
500,132453.9639847,1,0.9366610776866096,104.58918412388229,330.10952727062573,9.753557166033069,30.247680941690096,4.738772471843304,64.44493332643844,46.55240505792752,202.23653133012994,8775.855507900007
501,132472.5937653,1,-1.0190645570950505,101.43191721216064,330.10894487003753,9.939272013871896,31.381900663130708,4.538003471062086,36.40780797931299,46.58716947914033,197.33538787563037,8794.4852885
502,132490.2100983,1,-1.0178899661930019,102.87603032098295,330.10952727062573,9.753557166033069,31.381898114500604,4.738772471843304,64.44493332643844,46.552403524709,202.23653133012994,8812.101621500013
503,132508.2067751,1,-1.016610653177663,101.54277606376765,330.11372034300877,9.778902866828599,31.381898003581565,5.186647325551358,56.27710523597745,49.22858029352476,202.11675421812512,8830.0982983
504,132525.6578384,1,-1.0199826504819558,102.82760189353824,330.16922439379204,9.753557166033069,31.38190073979648,4.851904342857064,40.603670568283505,46.67473874023504,202.23653133012994,8847.549361599988
505,132544.0141885,1,-1.0088658124178884,101.54572597933968,330.1172030893829,9.754096878045068,29.950123692583293,4.86248585283513,41.314814701201136,47.131722058255946,202.23653133012994,8865.905711700005
506,132561.3133906,1,-1.0167229447925517,102.87603032098295,340.39259812436785,10.008736198963206,31.381898217971422,4.8505126665823965,59.644251168136826,47.34277060249202,202.23653133012994,8883.2049138
507,132579.1453599,1,-1.0199103269148257,101.5459009475977,330.1184927266657,9.983874692189843,31.38189842420547,4.862090245120874,41.353334244838265,46.553188822024815,201.18644487037596,8901.036883099994
508,132596.6004681,1,-1.0179143523417198,101.52701552772017,324.4303399681356,9.764779899774847,31.38190071843214,4.875379149646698,40.43698342038448,46.558558609169694,198.70664078428206,8918.49199129999
509,132613.9154168,1,-1.0145841789456,101.52719049597818,330.16899310782406,9.776438700649301,30.908755557007243,5.03594888368839,55.94880339096376,46.55529776340825,200.6776878756803,8935.80694000001
510,132632.3945938,1,-1.0160154067225602,101.52719049597818,330.10894487003753,9.939272013871896,31.381900663130708,5.685313754986754,43.60022606583524,46.58716947914033,197.53156698972802,8954.28611700001
511,132649.4921733,1,-1.0178961749373845,102.87603032098295,330.11722593404943,9.753557166033069,31.381898114663972,4.8905132830583495,63.8780646113917,46.552403524709,202.23653133012994,8971.383696500008
512,132667.7266915,1,-1.0178659782183226,102.87603032098295,330.1666592292936,9.753557166033069,31.38189811451731,4.71047049545198,64.44493332643844,46.553188822024815,202.23653133012994,8989.618214699993
513,132684.2841823,1,0.939781418721609,111.02584975767954,330.11032222939326,9.752516019887105,31.38189812282488,4.862211306667025,64.77949582423798,46.490317662581006,202.12255138977704,9006.175705500005
514,132701.177133,1,0.9789510349626965,101.52719049597818,319.5168887565949,10.39925250918693,31.381900663130708,5.207550897448742,43.265755356537774,46.556042886307,202.230734158478,9023.06865619999
515,132719.2897824,1,-1.0179626885924722,101.52719049597818,330.10894487003753,9.939272013871896,31.381900663130708,5.207550897448742,43.60022606583524,46.58716947914033,197.31748521577055,9041.18130560001
516,132736.8895872,1,-1.0178745882300366,102.87603032098295,330.12897197880915,9.754675378570585,31.381898217971422,4.850787212750501,64.44493332643844,46.553188822024815,202.23653133012994,9058.781110400014
517,132754.9617729,1,-1.0119213970388496,102.87603032098295,330.10060575250384,9.422870098096066,31.38189811468068,4.868942321688174,64.44493332643844,48.58971611377852,202.11724580518603,9076.853296099987
518,132772.3327729,1,-1.0198577996050395,102.8431874613277,330.1874724832222,9.778902866828599,31.38190062869737,5.1696093467202475,40.93193240296981,47.92453743545987,202.236039743069,9094.224296100001
519,132790.6378215,1,-1.017793438446885,102.86984387250433,330.17510429514755,9.752516019887105,31.381900484715143,4.862211306667025,64.44493332643844,46.553188822024815,202.1681121951316,9112.529344699986
520,132808.1222866,1,-1.016830215119769,101.53337694445679,330.1075570513059,9.775574039576355,31.381898301240444,5.012705618680408,43.60022606583524,36.437241053038356,201.53243753979407,9130.013809800002
521,132826.0429088,1,-1.006962523772357,101.52701552772017,329.71393341089185,9.764779899774847,29.84446845506093,4.875379149646698,57.01660666158871,46.558558609169694,198.65609567321104,9147.93443200001
522,132842.3206186,1,0.9813261259748648,102.87603032098295,324.89076444996084,9.753557166033069,31.38189811468068,5.427122731199194,39.047787449549965,46.553188822024815,202.2870764399448,9164.212141800002
523,132859.6026941,1,-1.016046500507645,102.8431874613277,330.19826891779934,9.778902866828599,30.977952531395932,5.1696093467202475,40.690221912260455,47.87913922770959,194.28270913569986,9181.494217300002
524,132877.5045105,1,-1.0191447170936605,101.52719049597818,330.0981484354605,9.939272013871896,31.38190063266191,5.207550897448742,43.84193655656534,46.63256768689061,202.57259329131006,9199.396033700003
525,132894.8665475,1,-1.0199826504819558,102.82760189353824,330.16922439379204,9.753557166033069,31.38190073979648,4.851904342857064,40.603670568283505,46.67473874023504,202.23653133012994,9216.758070699987
526,132913.4128306,1,-1.0190645570950505,101.43191721216064,330.10894487003753,9.939272013871896,31.381900663130708,4.538003471062086,36.40780797931299,46.58716947914033,197.33538787563037,9235.304353799991
527,132931.9248931,1,-1.0179446965130796,102.89771773288413,330.1169973570771,9.754675378570585,31.381898217971422,4.850787212750501,64.13389066628362,46.553188822024815,202.23653133012994,9253.81641629999
528,132950.3432096,1,-1.0203547327620435,101.52403856743848,330.1293278938767,9.973080552388335,31.38189842420547,4.862211306667025,40.74114714226529,46.553188822024815,203.37186585727727,9272.234732799989
529,132967.9612592,1,-1.0192429375756662,101.43191721216064,330.10894487003753,9.939272013871896,31.3819007713502,4.859459110119331,36.363909877361564,46.55315874602057,197.33538787563037,9289.852782400005
530,132985.275022,1,0.9886570662184058,101.54572597933968,330.1173532721446,10.920837906167284,31.381898315985982,4.540755667609781,40.473454164537415,46.58719955514458,202.23653133012994,9307.166545199987
531,133002.950234,1,-1.011667141137805,97.69866237796968,332.8173720625315,9.753557166033069,31.38190061020198,4.738772471843304,36.63607828948329,46.587017290135336,202.52079003583268,9324.841757199989
532,133020.7050053,1,-1.0153927399892517,101.43191721216064,330.10894487003753,9.939272013871896,31.381898167429327,4.538003471062086,64.22667860645144,46.552555713714,197.33538787563037,9342.596528499998
533,133038.1291663,1,-1.0168670011672671,102.87603032098295,330.11722593404943,9.753557166033069,31.381898114663972,4.8905132830583495,71.16639583434919,43.7266022638442,202.23653133012994,9360.020689500001
534,133055.330359,1,-1.0043478657450464,102.8431874613277,330.1874724832222,9.778902866828599,29.205744616912376,5.1696093467202475,40.93193240296981,45.4066638898973,203.77665378356386,9377.221882200014
535,133073.9922889,1,-1.0178276930290004,102.87603032098295,330.17331548083894,9.752516019887105,31.38189812282488,4.862211306667025,64.44493332643844,46.553188822024815,202.23653133012994,9395.883812099986
536,133091.5029079,1,-1.0198326065822365,102.8431874613277,330.11412133858573,9.778902866828599,31.38190062869737,5.176340361741397,40.93193240296981,47.922447487645925,202.11675421812512,9413.394431099994
537,133109.722484,1,-1.017072676239941,102.61908539185166,330.1666592292936,9.753557166033069,31.38189811451731,4.71047049545198,64.44493332643844,46.553188822024815,200.8424513765636,9431.614007199998
538,133127.0542151,1,-0.9940953349338766,101.52719049597818,330.10894487003753,9.939272013871896,28.066146502279096,5.207550897448742,32.82356652988216,45.79156251082593,197.31748521577055,9448.945738300012
539,133145.3467861,1,-1.0199242681469096,101.54684764365413,330.1184927266657,9.983874692189843,31.38190068662708,4.862090245120874,41.353334244838265,46.5546580526808,201.24993525478837,9467.23830930001
540,133162.819809,1,-1.019969077671948,102.82665519748181,330.16922439379204,9.753557166033069,31.38189847737487,4.851904342857064,40.603670568283505,46.67326950957905,202.17304094571753,9484.711332200008
541,133180.9226527,1,-1.0188598949332528,101.43191721216064,330.10894487003753,9.939272013871896,31.381900663130708,4.538003471062086,36.40780797931299,41.81641643748925,197.33538787563037,9502.814175900014
542,133198.5454369,1,-1.0203984140929294,101.43191721216064,330.10894487003753,9.939272013871896,31.381900663130708,4.538003471062086,36.40780797931299,46.58716947914033,204.48105142879155,9520.436960099993
543,133215.9165533,1,-1.020086919153741,101.54542450480248,330.11871001385464,9.973043958011656,31.38190068662708,4.8620846529700374,40.740395792441056,43.326281684593916,202.58592856932935,9537.80807649999
544,133234.0430626,1,-1.019123002392001,101.52546170629013,330.12911060668773,9.983911286566522,31.38189842420547,5.3943233483718975,41.3540855946625,48.77371873125494,203.40065272586037,9555.934585799987
545,133251.2309037,1,-1.0199635187719576,101.54572597933968,330.1173532721446,9.973080552388335,31.38189842420547,4.862211306667025,40.42955604186745,46.553188822024815,201.12606848323185,9573.122426899994
546,133269.0840755,1,-1.0199426248136831,102.82760189353824,330.16922439379204,9.753557166033069,31.38190073979648,4.902362648793994,40.603670568283505,46.67473874023504,202.23653133012994,9590.975598699995
547,133286.6274668,1,-1.0195865579614434,101.54572597933968,330.1173532721446,9.973673652189825,31.381898480980958,4.733090409529765,40.42955604186745,38.83610348206835,202.23653133012994,9608.518990000011
548,133304.7062111,1,-1.0199503005017478,102.82665519748181,330.16922439379204,9.752964066231579,31.381898420599384,4.851904342857064,40.603670568283505,49.63701064125358,202.17304094571753,9626.597734300012
549,133322.2355252,1,-1.0192830514853168,101.48235188956208,330.1102733010919,9.939272013871896,31.3819007713502,4.859606722773299,36.363909877361564,46.796233009284286,197.0993444784041,9644.127048399998
550,133340.477213,1,-1.0199638551352792,102.77716721613679,330.16789596273765,9.753557166033069,31.38190073979648,4.851756730203095,40.603670568283505,46.66914993809331,202.47257464403683,9662.368736200006
551,133358.738426,1,-1.0203830890182801,102.8431874613277,330.11372034300877,9.778902866828599,31.38190062869737,4.863122896575421,40.93193240296981,47.922447487645925,202.11675421812512,9680.629949199996
552,133376.8436895,1,-1.0190134838304523,102.82760189353824,330.16922439379204,9.753557166033069,31.38190073979648,5.16512180802304,40.603670568283505,46.67473874023504,200.1936223670213,9698.735212700005
553,133394.1343615,1,0.9777623021576344,101.5459009475977,316.2969948786349,9.983874692189843,31.38189842420547,4.862090245120874,41.353334244838265,46.553188822024815,201.18644487037596,9716.025884700008
554,133414.9251393,1,-1.0199476901711972,101.54684764365413,330.1184927266657,10.029245194004478,31.38190068662708,4.862090245120874,41.353334244838265,46.5546580526808,201.24993525478837,9736.816662500001
555,133431.7517689,1,0.991279651444655,101.43191721216064,330.10894487003753,10.127745015418931,31.381900663130708,4.538003471062086,36.40780797931299,59.088534690788656,197.33538787563037,9753.643292099994
556,133449.081673,1,-1.0198098324806923,102.82760189353824,330.16922439379204,9.753557166033069,31.38190073979648,4.851904342857064,40.603670568283505,49.874550473437026,201.50511961920898,9770.973196200008
557,133467.6013545,1,-1.019593723284444,101.51994440206091,330.1137513701894,9.77705034241492,31.978129043801772,5.173586006072589,40.94295488610906,47.922447487645925,203.2763167522463,9789.492877699988
558,133484.1166018,1,0.9810638483925495,102.84728162670528,330.12929686669605,9.974933076802014,31.38189842420547,4.864965662335833,40.73012465912604,46.553188822024815,202.21230332315608,9806.008124999993
559,133503.2305659,1,-1.0190645570950505,101.43191721216064,330.10894487003753,9.939272013871896,31.381900663130708,4.538003471062086,36.40780797931299,46.58716947914033,197.33538787563037,9825.122089100012
560,133520.7004137,1,-1.0191447170936605,101.52719049597818,330.0981484354605,9.939272013871896,31.38190063266191,5.207550897448742,43.84193655656534,46.63256768689061,202.57259329131006,9842.59193689999
561,133538.5051752,1,-1.0212192073534252,101.60580639478121,330.1293278938767,9.976769616126363,31.38189804907443,4.862211306667025,31.38938914299124,46.553188822024815,203.4266849643956,9860.3966984
562,133556.373918,1,-1.0122954486802092,102.76141963398499,332.1341171917229,9.393208150930821,33.235395774474,3.6452425574344693,40.926834598327915,47.922447487645925,202.06193511100656,9878.265441199997
563,133574.6665269,1,-1.0198700912079528,101.54684730498852,330.11851308586716,10.02743018485176,31.38190068662708,4.9925965885206764,40.71185018023434,46.5546580526808,201.24993525478837,9896.558050099993
564,133592.9468897,1,-1.019412869508847,101.54542484346811,331.60462310044625,9.974858967164373,31.215229409249478,4.862090470624568,41.381879857044986,43.326281684593916,202.58592856932935,9914.83841289999
565,133610.8352208,1,-1.019363852533124,101.54572597933968,330.1173532721446,9.973080552388335,31.38189842420547,4.862211306667025,40.42955604186745,46.553188822024815,198.29999592747734,9932.726744000014
566,133628.0719773,1,0.9791092489204447,104.02967102487219,330.16922439379204,9.753557166033069,31.38189847737487,4.851904342857064,40.603670568283505,46.67326950957905,202.17304094571753,9949.963500499987
567,133645.3808016,1,-1.0181412478830336,101.6131126624707,330.17094985043957,9.742130554512192,31.38189842420547,4.852760759337201,40.42955604186745,46.599373409537044,202.23653133012994,9967.272324799997
568,133662.3733539,1,0.9812522848826137,103.31620870302402,330.1156278154971,9.983914064107724,31.381898420599384,4.851904342857064,40.603670568283505,49.590826053741345,202.17304094571753,9984.26487710001
569,133679.3114814,1,-1.0201689114317647,102.82760189353824,330.16922439379204,9.753557166033069,31.38190073979648,4.851904342857064,37.67421029820344,46.67473874023504,202.23653133012994,10001.203004599985
570,133697.4111071,1,-1.0208286282328807,102.8431874613277,330.11412133858573,9.778902866828599,31.38190062869737,5.176340361741397,40.93193240296981,47.922447487645925,207.2647197219472,10019.302630299993
571,133714.9639034,1,-1.0199426248136831,102.82760189353824,330.16922439379204,9.753557166033069,31.38190073979648,4.902362648793994,40.603670568283505,46.67473874023504,202.23653133012994,10036.8554266
572,133732.7526373,1,-1.0189651202495353,102.82760189353824,330.16922439379204,9.753557166033069,31.38190073979648,5.318529932568504,40.603670568283505,46.67473874023504,202.23653133012994,10054.6441605
573,133751.3359528,1,-1.0190932969336046,102.82665519748181,330.16922439379204,9.753301889888439,31.38189842801876,4.472905600963925,47.5611992427465,49.63701064125358,202.17304094571753,10073.227476
574,133768.6189966,1,-1.0204020500481936,101.43191721216064,330.10894487003753,9.938934190215038,31.38190065571133,4.5172800476275645,35.70712353971916,46.58716947914033,204.48105142879155,10090.51051980001
575,133785.6484199,1,0.9775518272570201,101.52403856743848,313.2229183136842,9.973080552388335,31.38189842420547,4.862211306667025,40.74114714226529,46.553188822024815,203.37186585727727,10107.539943100011
576,133803.1115433,1,-1.0203417442469782,102.82665519748181,330.16922439379204,9.753557166033069,31.38189847737487,4.851904342857064,34.254388450674945,46.67326950957905,202.17304094571753,10125.003066500009
577,133821.5652638,1,-1.0186698414137765,101.54542450480248,330.11871001385464,9.973043958011656,31.38190068662708,4.8620846529700374,53.46672181740485,43.326281684593916,202.58592856932935,10143.456787000003
578,133839.130272,1,-1.019376010110589,101.54684764365413,330.1184927266657,10.029245194004478,31.38190068662708,4.862090245120874,41.353334244838265,39.32886056784789,201.24993525478837,10161.02179520001
579,133856.9943136,1,-1.0208992729314732,101.53941337297935,330.1139307805702,9.942004281201623,31.381900663130708,4.846015894066655,36.40780797931299,47.8419005831442,205.28466990907106,10178.885836800007
580,133875.1481685,1,-1.0165346827103268,102.73569130050898,330.1087344324761,9.582259313019932,31.38190062869737,4.555110473570851,40.93193240296981,46.66771638364205,201.31313545896452,10197.039691699989
581,133892.8306621,1,-1.002945160019541,101.42605179603865,330.12900798586935,9.938934190215038,33.981234623990936,4.520999899814321,35.70712353971916,46.352619939381,204.48105142879155,10214.722185299994
582,133911.3949101,1,0.9935198041765916,101.6116718109032,317.5397068471143,9.976769616126363,31.38189804907443,4.858491454480269,31.38938914299124,46.59128589165862,203.4266849643956,10233.286433300003
583,133929.0895664,1,-1.020427870874399,101.55528156766349,330.16922439379204,9.967093563525937,31.381898314780646,4.851904342857064,37.67421029820344,46.67473874023504,202.23653133012994,10250.981089600013
584,133947.4785542,1,-1.0205046242050302,102.81804630521444,330.1173532721446,9.759544154895467,31.381900849221307,4.862211306667025,32.40128544495686,46.553188822024815,202.04695376428384,10269.370077400003
585,133965.4778396,1,-1.0195662564275272,102.82665519748181,332.79752298578416,9.783361343032121,31.38189847737487,4.851904342857064,40.603670568283505,47.82441741878692,201.6148852040685,10287.369362800004
586,133984.0840817,1,-0.9934975491029134,102.8431874613277,330.11592179497615,8.837172483909303,31.38190062869737,5.176340361741397,40.93193240296981,46.789110236323815,207.82210673317863,10305.975604900013
587,134001.8237323,1,-1.015360303267365,101.43191721216064,326.38179059509145,9.939272013871896,32.7447599281774,4.538003471062086,36.40780797931299,46.58716947914033,202.25321508314798,10323.715255499992
588,134018.5637763,1,0.9862672226394654,102.82665519748181,315.49522551055713,9.753557166033069,31.38189847737487,4.851904342857064,34.254388450674945,46.67326950957905,204.40087729115916,10340.455299499998
589,134036.2741129,1,-1.0204398060800792,102.84343959572297,330.11418036097604,9.778902866828599,31.381900759076032,4.850430056118849,40.592229519216495,47.988806919576525,202.24016302863043,10358.165636099991
590,134052.8579689,1,0.9782360288189564,102.82734975914298,327.1573977742336,9.753557166033069,31.38190060941782,4.864597183313634,40.943373452036816,46.60837930830444,202.1131225196246,10374.749492100003
591,134071.5367187,1,-0.869671628305882,101.60580639478121,330.1293278938767,6.60339280719184,31.38189804907443,5.18105131887305,31.38938914299124,46.553188822024815,203.4266849643956,10393.428241899994
592,134089.1697632,1,-1.0184316250251317,101.71784234153513,330.16922439379204,9.753557166033069,31.38189847737487,4.851904342857064,40.603670568283505,46.67326950957905,202.17304094571753,10411.061286400014
593,134109.3693428,1,-1.020787452424936,101.54572597933968,330.1133498533085,9.973080552388335,31.381898394640523,4.862211306667025,40.17370236754423,47.77225387697018,205.24574193319748,10431.260865999997
594,134127.6250256,1,0.9837690489982528,101.53941337297935,310.4964554969545,9.942004281201623,31.38190069269566,4.846015894066655,36.66366166515502,39.57133526765928,202.27545929353465,10449.516548799991
595,134146.0167024,1,-1.0202853441635251,101.43191721216064,330.10894487003753,9.938934190215038,31.38190065571133,4.5172800476275645,37.91421926617164,46.58716947914033,204.86955292004043,10467.908225599997
596,134163.6661315,1,-1.020502049789209,101.53941337297935,330.1139307805702,9.942004281201623,31.381900663130708,4.707142029052494,36.40780797931299,47.8419005831442,202.94235975826706,10485.55765470001
597,134181.9696943,1,-1.0203153229535002,102.81896110280958,330.1679251372666,9.753557166033069,31.38190073979648,4.851756730203095,40.603670568283505,47.886678968230015,203.8435382791865,10503.861217500002
598,134199.4334168,1,-1.020112615948783,102.78580800686545,330.1691952192631,9.753557166033069,31.38190073979648,4.851904342857064,37.67421029820344,46.6751338283645,202.24184612895928,10521.324939999991
599,134217.0187804,1,-1.0198355627465225,102.8431874613277,330.1136998208262,9.778902866828599,31.38190062869737,5.176340361741397,40.93193240296981,47.922447487645925,202.13444359577878,10538.910303599987
600,134233.7088573,1,0.9856093052093787,102.8431874613277,330.11414186076837,10.301890342518336,31.38190062869737,4.863122896575421,38.814501901098865,47.922447487645925,208.8325380298592,10555.600380499993
601,134251.2063878,1,-1.0212192073534252,101.60580639478121,330.1293278938767,9.976769616126363,31.38189804907443,4.862211306667025,31.38938914299124,46.553188822024815,203.4266849643956,10573.09791099999
