iteration,timestamp,success,NPV_over_CAPEX,clearance,sp,p_rated,Nwt,wind_MW_per_km2,solar_MW,surface_tilt,surface_azimuth,time_sec
0,76084.3010402,1,-0.8639570576093734,73.58900468722119,347.0528029134636,12.256894308970491,26.877436758556357,6.662609832742491,192.5204281610697,37.90603109692196,159.9267107917396,0.0
1,76101.7442566,1,-0.18343366254850726,36.09610190093926,238.53903316750763,14.225805201015547,44.979727241983014,6.1186871699118175,52.61189558842038,50.770424174774405,186.7897015611046,17.44321639998816
2,76118.7501243,1,-0.647388818613678,16.95705826324095,204.24761078602722,9.702824576224018,21.425472411716864,7.244566872690705,196.16513232209505,14.731933404100264,185.94447366342084,34.44908409999334
3,76135.0267376,1,0.8868896361860995,100.24453623179487,226.4928218107318,12.773035120253816,40.6850759936787,9.865626835800333,185.31964437383246,44.8769156700463,184.88689953369214,50.72569739999017
4,76151.5820509,1,-0.5467497707689981,31.58828482045414,303.1606486125948,19.435486997461133,8.261305202763987,9.639600652841581,58.47026102894904,72.08052064865933,192.96639555398667,67.28101069999684
5,76168.6038207,1,-0.0327761848912358,23.92068837263094,221.94249304348435,17.556922194865976,37.85094482343373,5.2456543541629586,45.88339290351182,29.463866808200528,174.05552633657916,84.30278049998742
6,76185.3828906,1,0.6692285140163923,118.82953497002221,252.98564362146362,7.482619903061575,20.640983508599447,3.9846269528411753,181.9599184319223,81.20637383482246,207.12423989313183,101.0818503999908
7,76202.5802184,1,-0.5880527071086724,50.727328458152456,224.53332318933363,9.044503215309357,48.49766235248901,3.869853084709683,188.6049069739892,46.90176276978848,156.85903468910757,118.27917819999857
8,76218.6607456,1,0.9710734145900665,62.57044084005185,208.20963789292475,17.580830342041786,34.7572300025906,5.236156910820933,78.58351711875093,59.60884907414657,152.23128951565718,134.35970539999835
9,76235.1169323,1,0.869845761710822,118.05975023588657,231.92040072011426,10.19395028495136,34.06175320340752,3.428256482249434,148.45285813613884,78.15007889540715,197.7199017473049,150.81589209999947
10,76252.2555923,1,-0.7292240030233312,50.13559785586112,283.73890256978,5.276823942170884,31.764758087171945,6.090961197793438,32.536796042224246,60.76137935603763,181.82620854061548,167.95455209999636
11,76270.2638982,1,-0.7536503036192326,63.28979714132979,203.38611393912498,6.81850407936085,27.779015563895907,3.971895154045,103.15460361754464,41.78080504891511,155.99714537564944,185.96285799999896
12,76286.4865977,1,0.7730782604766565,104.02434585979726,284.88295865209454,6.882140305320238,25.142674329875025,1.518130198570619,149.7044664841688,10.892267898247379,182.14971461074396,202.1855574999936
13,76304.9911654,1,-0.8439669847458029,98.07028143325711,331.87348323857356,9.697554312564408,18.45992620363102,4.029676185688807,189.3152169883159,62.560980291541654,187.37378765538463,220.69012519999524
14,76321.5603963,1,0.7872837751549511,96.36989310427215,351.2722410919471,7.9645843951552875,24.204636282160056,1.8172854972264854,140.51463319340957,34.016460805659165,161.79260737723007,237.25935609999578
15,76338.7480045,1,-0.496915915371818,43.90238843499143,285.72732119690625,5.34603674140988,15.269691773875092,9.623589622958661,185.7477031532281,40.1879510041549,173.9318149428117,254.4469642999902
16,76355.8196791,1,0.9770540304287377,67.42594902979064,253.22343205587305,19.560452069205382,21.20678740171036,9.380672872512225,47.03564773334078,66.77753494444579,194.29123767951907,271.5186388999864
17,76372.8542863,1,-0.787203068229398,18.030376491872886,263.54135076162163,7.083389902269045,40.037310789368725,6.258852438377278,179.65962433833428,9.584282309974304,199.4771853499418,288.5532460999966
18,76390.2747802,1,-0.7051482627879707,99.43330814698814,355.26473414139025,9.60712184866512,14.094762124886724,5.55449088193285,61.24420874444533,36.74105924477014,157.89929455172376,305.9737399999867
19,76405.8465675,1,0.8094896557128466,76.37641320922444,218.39496556146037,6.303098261745648,20.479689020569616,2.7085539173125124,104.05521033043374,5.279968046400931,155.16131853494602,321.54552729999705
20,76421.9708377,1,0.6286775890114232,36.41835513359944,344.3161646290664,7.9660704072123,12.134364295773725,1.9972455907768878,156.23277401858883,61.08199386624836,157.24990505953835,337.6697974999988
21,76439.3886361,1,-0.663450949001345,93.09458283066171,353.0605069159663,9.058263316048482,14.094762124886724,5.5403777513066865,61.24420874444533,47.22852497565468,157.89929455172376,355.0875958999968
22,76456.9900831,1,-0.5332161616554422,55.24557746882518,225.29503937662412,9.593361747925996,48.49766235248901,3.883966218363404,188.6049069739892,36.41429703895292,156.85903468910757,372.68904289999045
23,76473.9460761,1,-0.8060992959009121,50.13559785586112,263.77826197972763,5.276823942170884,39.98322369454487,6.090961197793438,36.57955617193623,61.58505827712381,181.82620854061548,389.6450358999864
24,76491.752446,1,-0.7323594269057,18.030376491872886,283.5019913517935,7.083389902269045,31.818844924933494,6.258852438377278,178.10906439498785,8.825659174518574,199.4771853499418,407.45140579999133
25,76508.5238627,1,-0.496915915371818,43.90238843499143,285.72732119690625,5.34603674140988,15.269691773875092,9.623589622958661,185.7477031532281,40.1879510041549,173.9318149428117,424.2228224999999
26,76526.4749842,1,-0.8439669847458029,98.07028143325711,331.87348323857356,9.697554312564408,18.45992620363102,4.029676185688807,189.3152169883159,62.560980291541654,187.37378765538463,442.17394399999466
27,76543.0425834,1,-0.7945346838775438,50.727328458152456,223.93756588005792,9.044503215309357,28.718975000219597,3.8725833139871617,188.6049069739892,42.04858712826908,156.85903468910757,458.741543199998
28,76560.3293266,1,-0.8369096838728726,63.28979714132979,204.00345448995597,6.81850407936085,47.45584577940346,3.969164924767521,103.15460361754464,46.63398069043453,155.99714537564944,476.02828639998916
29,76577.5259484,1,-0.647388818613678,16.95705826324095,204.24761078602722,9.702824576224018,21.425472411716864,7.244566872690705,196.16513232209505,14.731933404100264,185.94447366342084,493.22490819999075
30,76594.8486791,1,-0.7536503036192326,63.28979714132979,203.38611393912498,6.81850407936085,27.779015563895907,3.971895154045,103.15460361754464,41.78080504891511,155.99714537564944,510.54763889999595
31,76611.5712366,1,-0.18214484324851965,36.09610190093926,238.53903316750763,14.225805201015547,44.979727241983014,6.144368387872232,52.61189558842038,24.940148619774902,186.7897015611046,527.2701963999862
32,76629.2537663,1,-0.032735606348406825,23.92068837263094,221.94249304348435,17.556922194865976,37.85094482343373,5.21997313620216,45.88339290351182,55.294170567458295,174.05552633657916,544.9527260999894
33,76646.5189099,1,-0.7294817191024632,50.12779831238146,283.73890256978,5.276823942170884,31.764758087171945,6.090961197793438,32.536796042224246,61.353119475513076,181.82620854061548,562.2178696999908
34,76663.5272081,1,-0.032716109838977464,23.928695691186242,221.94249304348435,17.556922194865976,37.85094482343373,5.2456543541629586,45.88339290351182,28.872125954396207,174.05552633657916,579.226167899993
35,76680.7466741,1,-0.8307922613213982,98.07028143325711,332.80214661689547,9.697554312564408,18.452118248136923,9.690711731513101,189.3152169883159,40.68719269019169,187.37378765538463,596.445633899988
36,76697.8989416,1,-0.5052635453999131,43.90238843499143,284.79830338120576,5.34603674140988,15.277499729387896,3.8947037253856385,185.7477031532281,62.06173804677475,173.9318149428117,613.5979013999895
37,76714.1842943,1,0.6794237071442981,95.36572092989928,351.2722410919471,7.9645843951552875,24.204636282160056,1.8172854972264854,178.74596144089637,34.016460805659165,197.39251153794856,629.8832540999865
38,76732.8465215,1,-0.7886706951698875,19.254760321825685,263.54135076162163,7.083389902269045,40.037310789368725,6.258852438377278,141.42796160860016,9.584282309974304,163.87512168684498,648.545481299996
39,76749.5479002,1,0.7868147832888772,96.36989310427215,351.2722410919471,7.9645843951552875,24.14809211087205,1.8172854972264854,140.51463319340957,34.016460805659165,161.79260737723007,665.2468599999993
40,76766.468587,1,-0.7051482627879707,99.43330814698814,355.26473414139025,9.60712184866512,14.094762124886724,5.55449088193285,61.24420874444533,36.74105924477014,157.89929455172376,682.1675467999885
41,76783.7029122,1,-0.7542628189259649,20.99611146828866,263.54135076162163,9.03923985575936,28.198563128717435,6.425088275493174,140.19858374661518,19.45023240188641,163.87512168684498,699.4018719999876
42,76800.7639524,1,-0.8119692276419902,48.98990896205711,223.93756588005792,7.0886534217083215,40.55770579036093,3.7063480367971016,189.79771150424148,42.04858712826908,156.85903468910757,716.4629121999897
43,76817.1883788,1,0.8677595331338146,95.12243334143234,257.26372314561735,9.574015290273454,14.094762124886724,6.1342495802484525,61.24420874444533,34.260298862766376,157.89929455172376,732.8873385999905
44,76834.0228811,1,-0.746031150893731,54.44532651005028,357.9791760624837,5.337436023742334,39.98322369454487,5.511202499477825,36.57955617193623,64.0658018534119,181.82620854061548,749.7218408999906
45,76853.0637297,1,-0.8485918943122943,50.12779831238146,283.73890256978,5.276823942170884,47.661899783577255,6.090961197793438,32.536796042224246,61.353119475513076,181.82620854061548,768.7626894999994
46,76873.2000476,1,-0.7883421720202174,63.28979714132979,204.00345448995597,6.81850407936085,31.529790888471187,3.969164924767521,103.15460361754464,46.63398069043453,159.99089469911772,788.8990073999885
47,76891.2681605,1,-0.6370334917393283,98.20160970230981,332.77854156773714,6.858902585286927,17.833009371609144,6.1919447217859656,179.65962433833428,9.584282309974304,199.4771853499418,806.9671202999889
48,76908.2896306,1,-0.678385787549125,18.140639998719124,262.63272350440565,9.92206193810132,40.66335922755626,4.09658392320101,189.3152169883159,62.560980291541654,187.37378765538463,823.9885903999966
49,76926.1011968,1,-0.7039346905883651,99.43330814698814,357.1686811161397,9.60712184866512,14.094762124886724,5.55449088193285,61.24420874444533,36.74105924477014,157.89929455172376,841.8001565999875
50,76943.1317999,1,-0.787203068229398,18.030376491872886,263.54135076162163,7.083389902269045,40.037310789368725,6.258852438377278,179.65962433833428,9.584282309974304,199.4771853499418,858.8307596999948
51,76960.5735084,1,-0.8317192047923413,98.07028143325711,331.645908988163,9.697554312564408,18.452118248136923,9.592764930481799,189.3152169883159,40.714306917821794,187.37378765538463,876.2724681999971
52,76977.5759937,1,-0.7874758907315509,19.254760321825685,264.6950134225046,7.083389902269045,40.037310789368725,6.344363261563508,141.42796160860016,9.560902544456377,163.87512168684498,893.2749534999894
53,76995.2969235,1,-0.8439669847458029,98.07028143325711,331.87348323857356,9.697554312564408,18.45992620363102,4.029676185688807,189.3152169883159,62.560980291541654,187.37378765538463,910.9958832999982
54,77011.7795776,1,0.7079618006435591,98.07028143325711,203.1011005177071,9.697554312564408,18.433520320592912,4.029676185688807,189.3152169883159,62.560980291541654,187.37378765538463,927.4785373999912
55,77029.3504796,1,-0.8616423735819144,63.28979714132979,336.32268741731644,6.81850407936085,47.366185057504374,3.969164924767521,103.15460361754464,46.63398069043453,155.99714537564944,945.0494393999979
56,77046.1757703,1,-0.72379030492699,62.51390263162205,258.970147181725,5.248851415055548,27.779015563895907,3.971895154045,99.40596018754488,38.65596030303247,182.44003183231047,961.8747300999967
57,77063.5294821,1,-0.8067365740411395,50.91149236567853,208.5808375867443,6.849001101832056,39.98322369454487,6.090961197793438,40.518868123162974,64.70989522131144,155.4047209831037,979.2284418999916
58,77080.8815057,1,-0.8166001485738693,66.76984694753997,278.96735539035103,6.81850407936085,31.503048966064117,3.971895154045,103.15460361754464,41.488729805633426,160.4036410708985,996.5804654999956
59,77098.1631717,1,-0.6864621558359559,14.886284852726263,208.65309880106068,7.083389902269045,28.094811522764587,6.258852438377278,178.10906439498785,9.124317995676975,195.11544565486216,1013.8621314999909
60,77114.8037938,1,-0.79379154162919,100.7739720576352,332.4449132660258,9.705018015526202,18.45992620363102,4.029676185688807,182.16610146063167,44.693840493143405,155.6265129692191,1030.502753599998
61,77132.8600883,1,-0.8803843267472564,60.58508935491355,335.751257389864,6.811049581170154,47.366185057504374,3.969164924767521,110.15747663748172,64.50111978921717,187.77813637592823,1048.5590480999963
62,77149.4179678,1,-0.7224291262966939,98.07028143325711,331.87348323857356,9.704784377258154,45.34265194123478,4.029676185688807,189.3152169883159,62.560980291541654,155.72557165953424,1065.1169275999855
63,77167.0731692,1,-0.7061194592234245,63.28979714132979,204.00345448995597,6.811283186999,20.473799906949353,3.969164924767521,103.15460361754464,46.63398069043453,184.0522020590264,1082.77212899999
64,77184.4957162,1,-0.8131392960878184,66.76984694753997,336.5269042833974,6.81850407936085,31.503048966064117,3.971895154045,105.56421577457611,41.488729805633426,189.83463747774093,1100.1946759999992
65,77201.1312767,1,0.7471073779206837,98.07028143325711,274.3085943460357,9.697554312564408,18.45992620363102,4.029676185688807,186.74074320573757,62.560980291541654,157.9581849052924,1116.8302364999981
66,77218.4390303,1,-0.7886706951698875,19.254760321825685,263.54135076162163,7.083389902269045,40.037310789368725,6.258852438377278,141.42796160860016,9.584282309974304,163.87512168684498,1134.137990099989
67,77235.6806873,1,-0.8307922613213982,98.07028143325711,332.80214661689547,9.697554312564408,18.452118248136923,9.690711731513101,189.3152169883159,40.68719269019169,187.37378765538463,1151.379647099995
68,77253.1910404,1,-0.8439669847458029,98.07028143325711,331.87348323857356,9.697554312564408,18.45992620363102,4.029676185688807,189.3152169883159,62.560980291541654,187.37378765538463,1168.8900001999864
69,77270.683869,1,-0.8317192047923413,98.07028143325711,331.645908988163,9.697554312564408,18.452118248136923,9.592764930481799,189.3152169883159,40.714306917821794,187.37378765538463,1186.3828287999931
70,77288.0020537,1,-0.8616423735819144,63.28979714132979,336.32268741731644,6.81850407936085,47.366185057504374,3.969164924767521,103.15460361754464,46.63398069043453,155.99714537564944,1203.7010134999873
71,77305.5782034,1,-0.8060992959009121,50.13559785586112,263.77826197972763,5.276823942170884,39.98322369454487,6.090961197793438,36.57955617193623,61.58505827712381,181.82620854061548,1221.277163199993
72,77322.8315066,1,-0.8485918943122943,50.12779831238146,283.73890256978,5.276823942170884,47.661899783577255,6.090961197793438,32.536796042224246,61.353119475513076,181.82620854061548,1238.5304663999996
73,77340.5326439,1,-0.8307922613213982,98.07028143325711,332.80214661689547,9.697554312564408,18.452118248136923,9.690711731513101,189.3152169883159,40.68719269019169,187.37378765538463,1256.2316036999982
74,77358.0731964,1,-0.8671906503504191,98.07028143325711,331.645908988163,9.697554312564408,21.704671783032182,9.592764930481799,31.73489277313891,40.714306917821794,187.37378765538463,1273.7721561999933
75,77375.2399881,1,-0.8212652435641595,50.12779831238146,283.73890256978,5.276823942170884,44.30421319493703,6.090961197793438,194.38231536964065,61.353119475513076,181.82620854061548,1290.9389478999947
76,77393.5606746,1,-0.7881040397168065,19.98550276103967,264.01271158428295,7.031844112514463,40.037310789368725,6.344363261563508,141.42796160860016,9.560902544456377,163.11204419928023,1309.2596343999903
77,77411.0114379,1,-0.775640994045054,97.50340853311488,332.55291284536503,9.749103659863898,14.532157995888,4.029676185688807,189.3152169883159,62.560980291541654,188.13717348029877,1326.7103976999933
78,77428.6790244,1,-0.8439669847458029,98.07028143325711,331.87348323857356,9.697554312564408,18.45992620363102,4.029676185688807,189.3152169883159,62.560980291541654,187.37378765538463,1344.377984199993
79,77445.439964,1,-0.8734450050970117,98.07028143325711,331.645908988163,9.697554312564408,21.680757843302278,9.592764930481799,192.16758340064445,40.714306917821794,187.37378765538463,1361.1389237999974
80,77462.9707134,1,-0.8140560393571975,98.07028143325711,331.645908988163,9.697554312564408,18.476032187868505,9.592764930481799,32.3613022407357,40.714306917821794,187.37378765538463,1378.6696731999982
81,77479.7538382,1,-0.8802420086870152,58.7411980816004,331.76708534932214,6.713040925050139,48.54807697827123,4.029676185688807,116.66064191775038,62.560980291541654,187.37378765538463,1395.4527979999984
82,77497.4192478,1,-0.816380361131683,99.91331610527988,335.8576552791154,9.795591506510346,16.71721592278848,3.969164924767521,182.70174833498564,64.50111978921717,187.77813637592823,1413.1182075999968
83,77515.1696346,1,-0.8433670701223019,98.07028143325711,331.7517554464001,9.697554312564408,18.45992620363102,4.028955224508123,107.87916266461205,62.53697402932039,187.38825442030114,1430.868594399988
84,77532.5417981,1,-0.8617876501457001,60.58508935491355,335.8729851820374,6.811049581170154,47.366185057504374,3.9698858859482047,191.24110219803362,64.52512605143843,187.76366961101175,1448.2407578999992
85,77549.7754738,1,-0.8318637928997377,98.07028143325711,331.645908988163,9.697554312564408,18.47455301839803,9.653015859993653,191.1052149571822,40.714306917821794,187.37378765538463,1465.4744335999858
86,77566.7574932,1,-0.8960895170426356,98.07028143325711,331.87348323857356,9.697554312564408,21.690044968266804,3.9139933041980477,32.94519548460532,62.560980291541654,187.37378765538463,1482.4564529999916
87,77583.8094836,1,-0.8226242856322958,49.79368776738823,332.78736767365956,5.276823942170884,47.65120082157804,6.328387580812625,92.8863155781832,46.800542136021356,183.84002673376946,1499.5084433999873
88,77601.2818733,1,-0.8951036953551084,63.62390768664544,287.27333714600263,6.81850407936085,47.3768840195036,3.969164924767521,43.4019696729803,61.18655802151976,154.07057922239008,1516.980833099995
89,77617.9776207,1,-0.856004783811555,63.21214401318707,336.17429604435705,7.091944236506864,47.389089990416636,4.029676185688807,196.9468747368841,62.560980291541654,187.37378765538463,1533.6765804999886
90,77635.3264206,1,-0.7981800761233839,98.14782407535367,332.0218746115328,9.424120796350676,18.31420102427846,3.969164924767521,92.18627929683186,46.63398069043453,155.99714537564944,1551.025380399995
91,77652.5879972,1,-0.8439669847458029,98.07028143325711,331.87348323857356,9.697554312564408,18.45992620363102,4.029676185688807,189.3152169883159,62.560980291541654,187.37378765538463,1568.2869569999893
92,77670.070763,1,-0.6767143880321271,50.12779831238146,283.68072184867754,9.758942272341663,44.32912467155291,4.005671405915631,188.068171407963,61.353119475513076,181.80553391018296,1585.7697227999888
93,77687.9035385,1,-0.5897732882150146,98.07028143325711,331.9314324652029,5.2582142349381265,21.687415530362223,6.114965996401904,35.88253480323918,62.560980291541654,187.3944622858134,1603.6024982999952
94,77705.5501794,1,-0.8616423735819144,63.28979714132979,336.32268741731644,6.81850407936085,47.366185057504374,3.969164924767521,103.15460361754464,46.63398069043453,155.99714537564944,1621.2491391999938
95,77722.8653334,1,-0.8439669847458029,98.07028143325711,331.87348323857356,9.697554312564408,18.45992620363102,4.029676185688807,189.3152169883159,62.560980291541654,187.37378765538463,1638.56429319999
96,77740.063857,1,-0.7593763729057951,98.07028143325711,331.645908988163,9.697554312564408,18.452118248136923,9.374650903293936,189.3152169883159,41.18342660424233,153.54028647749618,1655.7628167999937
97,77757.262353,1,-0.8911444121731406,63.28979714132979,336.32268741731644,6.81850407936085,47.366185057504374,4.158911994616943,103.15460361754464,46.16486100401401,190.05827179081498,1672.961312799991
98,77774.7622133,1,-0.8671906503504191,98.07028143325711,331.645908988163,9.697554312564408,21.704671783032182,9.592764930481799,31.73489277313891,40.714306917821794,187.37378765538463,1690.4611730999895
99,77791.9581379,1,-0.8734450050970117,98.07028143325711,331.645908988163,9.697554312564408,21.680757843302278,9.592764930481799,192.16758340064445,40.714306917821794,187.37378765538463,1707.6570976999938
100,77809.2131019,1,-0.8527950877397565,67.24152794978707,335.6423739429493,6.817275709978163,47.65289239541167,3.9698858859482047,198.6299583998248,64.52512605143843,182.19068452649557,1724.9120616999862
101,77826.506668,1,-0.8494920258632239,50.12779831238146,283.96864354197385,5.271988928619418,47.37519244566997,6.090961197793438,58.78026128902295,61.353119475513076,187.39919362512467,1742.2056277999945
102,77843.8256763,1,-0.8951036953551084,63.62390768664544,287.27333714600263,6.81850407936085,47.3768840195036,3.969164924767521,43.4019696729803,61.18655802151976,154.07057922239008,1759.5246360999881
103,77860.7136908,1,-0.8617876501457001,60.58508935491355,335.8729851820374,6.811049581170154,47.366185057504374,3.9698858859482047,191.24110219803362,64.52512605143843,187.76366961101175,1776.4126505999884
104,77877.9327962,1,-0.8884628253109683,63.57350918019689,336.32268741731644,6.818628952087218,47.366185057504374,3.969164924767521,103.15460361754464,46.938359679137534,187.33598788396637,1793.631755999988
105,77894.6737875,1,-0.8492542157796154,60.30137731604644,335.751257389864,6.810924708443787,47.366185057504374,3.969164924767521,110.15747663748172,64.19674066058,156.4601267331532,1810.372747299989
106,77911.6609575,1,-0.8684101707018025,63.29044950454302,336.17906965646443,7.091944236506864,47.365717557533486,4.029522478409978,181.70968131586866,45.26061272934864,187.53577205859278,1827.3599172999966
107,77929.2070541,1,-0.8822288451683425,63.21149164997384,336.31791380520906,6.81850407936085,47.38955749038752,4.159065701895772,117.55358857428637,63.46522835798142,189.8962873876068,1844.906013899992
108,77946.4085585,1,-0.722293305627611,59.53389804523012,332.2672825084566,9.697554312564408,44.769457973461236,4.029676185688807,189.3152169883159,46.86153466644551,187.37378765538463,1862.107518299992
109,77963.6264412,1,-0.7483863650288461,101.82421411418345,335.9288881474332,6.81850407936085,20.967660729256608,4.158911994616943,103.15460361754464,61.86430659686792,190.05827179081498,1879.3254009999946
110,77980.0297164,1,-0.8802003060763239,57.85841126632646,331.76708534932214,6.713040925050139,48.54807697827123,4.029676185688807,116.66064191775038,62.560980291541654,187.37378765538463,1895.7286761999858
111,77997.804412,1,-0.8623121028482263,98.07028143325711,331.87348323857356,8.868431018422019,21.690044968266804,3.9139933041980477,32.94519548460532,62.560980291541654,187.37378765538463,1913.5033717999904
112,78015.076295,1,-0.8666451373284135,98.07028143325711,331.87348323857356,9.697554312564408,21.690044968266804,9.748490926916434,41.99993161510476,40.09004426453477,187.37378765538463,1930.775254799999
113,78032.3096346,1,-0.8865772519802007,98.07028143325711,331.645908988163,9.697554312564408,21.680757843302278,3.644987520519548,184.4876166837582,63.18524159199508,187.37378765538463,1948.0085943999875
114,78049.0681316,1,-0.8608731885565296,63.28979714132979,336.32268741731644,6.846373121659871,47.68999754846115,3.969164924767521,103.15460361754464,46.63398069043453,155.99714537564944,1964.76709139999
115,78066.5223395,1,-0.8455232284212325,50.12779831238146,283.73890256978,5.251340921489567,47.338087292620486,6.090961197793438,32.536796042224246,61.353119475513076,181.82620854061548,1982.2212992999994
116,78083.3097787,1,-0.9416609463897477,97.87880021113142,333.9652303786934,6.594292909956609,48.247686884505285,3.969164924767521,43.4019696729803,61.15371946792082,154.07057922239008,1999.0087384999933
117,78100.626204,1,-0.7806536015014969,63.81529663970914,285.1809781439767,9.921849173393417,17.197134807931178,4.029676185688807,189.3152169883159,62.59381884514059,187.37378765538463,2016.3251637999929
118,78117.5406235,1,-0.9485110826642874,97.79412639652469,336.32268741731644,6.81850407936085,48.1607184663525,4.158911994616943,103.15460361754464,46.16486100401401,190.05827179081498,2033.23958329999
119,78135.1694965,1,-0.8790072161197051,63.37438032454832,333.9652303786934,6.594292909956609,47.45315347530973,3.969164924767521,43.4019696729803,61.15371946792082,154.07057922239008,2050.868456299999
120,78152.2815,1,-0.9078156499968731,63.571529244465744,287.3553928737998,6.81850407936085,47.3768840195036,3.969164924767521,43.4019696729803,61.18655802151976,187.8433228321101,2067.98045979999
121,78169.8910163,1,-0.8596040184313798,63.62588762237659,336.23997454126135,6.818628952087218,47.366185057504374,3.969164924767521,103.15460361754464,46.938359679137534,153.6829876494615,2085.589976099989
122,78186.7381939,1,-0.8638554969635955,63.62390768664544,287.27333714600263,6.805053970227755,47.3768840195036,9.341776642562916,43.4019696729803,61.18655802151976,188.24763481304393,2102.437153699997
123,78204.6457546,1,-0.8364780698071075,98.07028143325711,331.645908988163,9.71101447985493,21.680757843302278,4.19214579877783,192.16758340064445,40.714306917821794,153.36666556377014,2120.3447143999947
124,78221.7073541,1,-0.8912525876190233,66.960904195786,336.32268741731644,6.81850407936085,47.366185057504374,4.158911994616943,103.15460361754464,46.16486100401401,190.05827179081498,2137.406313899992
125,78239.325657,1,-0.8802003060763239,57.85841126632646,331.76708534932214,6.713040925050139,48.54807697827123,4.029676185688807,116.66064191775038,62.560980291541654,187.37378765538463,2155.0246167999867
126,78256.5943652,1,-0.704196774487305,99.07249561537635,331.645908988163,9.697554312564408,48.390785631046754,9.592764930481799,108.83560840223387,40.714306917821794,187.37378765538463,2172.2933249999915
127,78274.3383465,1,-0.6889615949377207,62.208987486242236,336.31791380520906,6.81850407936085,20.31359905876762,4.159065701895772,197.743357168492,63.46522835798142,189.8962873876068,2190.037306299986
128,78291.4678676,1,-0.9416609463897477,97.87880021113142,333.9652303786934,6.594292909956609,48.247686884505285,3.969164924767521,43.4019696729803,61.15371946792082,154.07057922239008,2207.1668273999967
129,78309.6510564,1,-0.8734450050970117,98.07028143325711,331.645908988163,9.697554312564408,21.680757843302278,9.592764930481799,192.16758340064445,40.714306917821794,187.37378765538463,2225.350016199998
130,78327.1156771,1,-0.8951036953551084,63.62390768664544,287.27333714600263,6.81850407936085,47.3768840195036,3.969164924767521,43.4019696729803,61.18655802151976,154.07057922239008,2242.814636899988
131,78344.0481373,1,-0.8617876501457001,60.58508935491355,335.8729851820374,6.811049581170154,47.366185057504374,3.9698858859482047,191.24110219803362,64.52512605143843,187.76366961101175,2259.7470970999857
132,78361.26428,1,-0.6799521195204735,63.65797081643505,332.4431862034238,9.886818800212707,47.3768840195036,3.969164924767521,43.4019696729803,61.18655802151976,154.07057922239008,2276.963239799996
133,78378.2657781,1,-0.7200798664869522,98.03612518209935,286.47582241011486,6.629302492237686,21.704671783032182,9.592764930481799,31.73489277313891,40.714306917821794,187.37378765538463,2293.9647378999944
134,78395.9624857,1,-0.6501832250608803,60.58508935491355,335.8533382937745,6.811049581170154,19.82784949540524,3.9658947842106027,110.45566177208553,64.55743584877825,187.3652956252321,2311.6614454999944
135,78413.6565772,1,-0.7171452714198004,98.07028143325711,331.771402334663,9.697554312564408,48.69204901942443,3.9172634447549655,33.550805929600905,62.50466423198057,187.78662840608078,2329.355536999996
136,78434.1998192,1,-0.7859431842723564,60.58508935491355,331.89685115226735,9.741024334873458,20.958517653582575,3.914090706200966,110.15747663748172,64.50111978921717,187.35497145590577,2349.8987789999956
137,78451.7188105,1,-0.9588682156287238,98.07028143325711,335.7278894761702,6.767595189350975,47.90347180447457,3.969067522764602,32.94519548460532,62.560980291541654,187.79695257540712,2367.4177702999878
138,78468.9707348,1,-0.9225049215510364,97.79294268844907,336.32268741731644,6.81850407936085,48.162284851545415,4.158911994616943,100.42551252458334,46.16486100401401,153.76319430735674,2384.6696945999865
139,78486.1987351,1,-0.9554981443625233,97.87998391920704,333.9652303786934,6.594292909956609,48.24612049931236,3.969164924767521,46.15207953155755,61.15371946792082,190.50267404512743,2401.8976948999916
140,78504.1276194,1,-0.8405539848728992,98.07028143325711,331.645908988163,8.40888429309207,21.680757843302278,3.6340729348578713,188.01984220886007,63.18524159199508,187.25362865300707,2419.8265791999875
141,78520.6490259,1,-0.9558819492771902,98.07028143325711,335.7278894761702,7.048556911082671,47.90347180447457,3.979982108426279,32.942479470874034,62.560980291541654,187.91711157778468,2436.347985699991
142,78539.3925818,1,-0.8912525876190233,66.960904195786,336.32268741731644,6.81850407936085,47.366185057504374,4.158911994616943,103.15460361754464,46.16486100401401,190.05827179081498,2455.0915415999916
143,78556.3210675,1,-0.8951036953551084,63.62390768664544,287.27333714600263,6.81850407936085,47.3768840195036,3.969164924767521,43.4019696729803,61.18655802151976,154.07057922239008,2472.0200272999937
144,78574.020252,1,-0.8990265770954853,98.07028143325711,332.099359305335,9.697554312564408,21.986551332386963,4.168815837742434,100.65010941349888,62.13479553447052,187.37378765538463,2489.719211799995
145,78591.1544889,1,-0.897276334296017,66.960904195786,336.09681135055484,6.81850407936085,46.99432121201368,3.904089461072557,36.126606102191424,46.5910457276803,190.05827179081498,2506.8534486999997
146,78608.5085833,1,-0.8793971700370885,63.71635037892992,335.83502533413366,6.776041137402716,47.45315347530973,3.969164924767521,43.4019696729803,61.15371946792082,154.07057922239008,2524.2075430999976
147,78625.6093061,1,-0.9564349317703745,97.72821507481983,333.85809452073,6.585846961904869,47.90347180447457,3.969067522764602,32.94519548460532,62.560980291541654,187.79695257540712,2541.308265899992
148,78643.567009,1,-0.8951036953551084,63.62390768664544,287.27333714600263,6.81850407936085,47.3768840195036,3.969164924767521,43.4019696729803,61.18655802151976,154.07057922239008,2559.2659687999985
149,78661.0300907,1,-0.9485110826642874,97.79412639652469,336.32268741731644,6.81850407936085,48.1607184663525,4.158911994616943,103.15460361754464,46.16486100401401,190.05827179081498,2576.7290504999983
150,78679.2104075,1,-0.8949145485432001,63.62390768664544,287.27333714600263,6.723327558162608,47.43714654550189,3.9707054808773137,43.4019696729803,61.18655802151976,154.07057922239008,2594.909367299988
151,78696.0461187,1,-0.8783127034270941,58.7411980816004,331.76708534932214,6.808217446248382,48.48781442588069,4.028135629579014,116.66064191775038,62.560980291541654,187.37378765538463,2611.7450784999965
152,78714.0363098,1,-0.8859694987411576,71.04344688298245,335.751257389864,6.811049581170154,47.366185057504374,3.969164924767521,110.15747663748172,64.50111978921717,187.77813637592823,2629.735269599987
153,78731.2439534,1,-0.8951036953551084,63.62390768664544,287.27333714600263,6.81850407936085,47.3768840195036,3.969164924767521,43.4019696729803,61.18655802151976,154.07057922239008,2646.942913199993
154,78749.955336,1,-0.9546620025517601,94.5430802025588,287.27333714600263,6.814158540769002,47.3768840195036,3.969164924767521,43.4019696729803,61.18655802151976,154.07057922239008,2665.654295799992
155,78767.3623239,1,-0.8804741575316144,66.95955928976147,333.9652303786934,6.598638448548459,48.247686884505285,3.969164924767521,43.4019696729803,61.15371946792082,154.07057922239008,2683.0612836999935
156,78785.1674999,1,-0.8959057018062235,61.814404909343914,285.5889360962472,6.594292909956609,48.2607020282634,3.969164924767521,43.4019696729803,61.153423685570196,154.07057922239008,2700.866459699988
157,78802.2918035,1,-0.9609974350434783,99.63546571179191,335.73065589208943,6.81850407936085,47.36386887504731,3.969164924767521,43.4019696729803,61.186853803870385,187.8433228321101,2717.9907632999966
158,78819.8275618,1,-0.9559818552251241,98.07028143325711,335.73094774165327,7.048727469431123,47.91236050246675,3.9682088838746554,32.92418881189131,61.11410815924781,187.91711157778468,2735.526521599997
159,78836.6924614,1,-0.9607392042642893,99.63546571179191,335.7275976266063,6.8183335210123985,47.35498017705414,3.9809381493191442,43.42216758206944,62.63372593616422,187.8433228321101,2752.3914211999945
160,78854.0559171,1,-0.9558692448601936,98.07028143325711,335.7278894761702,7.048556911082671,47.90347180447457,3.979982108426279,32.942479470874034,62.594739032846505,187.91711157778468,2769.7548768999986
161,78871.3737448,1,-0.899051784267149,98.07028143325711,332.099359305335,9.697554312564408,21.986551332386963,4.168815837742434,100.65010941349888,62.101036793165676,187.37378765538463,2787.0727045999956
162,78889.0142326,1,-0.8942496248182263,63.78065014400638,289.77048453484593,6.81850407936085,47.37427151018328,3.969164924767521,43.4019696729803,61.18655107232665,154.07057922239008,2804.7131923999987
163,78905.8793493,1,-0.9566662161329238,97.72315724048437,331.4678330597202,6.594292909956609,48.248733008204766,3.969164924767521,46.15207953155755,61.15372641711393,190.50267404512743,2821.5783090999903
164,78923.4915723,1,-0.9588633801004328,98.07028143325711,335.7278894761702,6.768909961171975,47.90347180447457,3.969067522764602,32.94519548460532,62.560980291541654,187.79695257540712,2839.190532099994
165,78940.6029194,1,-0.960989857529771,99.63546571179191,335.73065589208943,6.81718930753985,47.36386887504731,3.969164924767521,43.4019696729803,61.186853803870385,187.8433228321101,2856.301879199993
166,78958.5416183,1,-0.9393505248276514,97.71365553184405,332.1200765006827,6.480761247963443,47.90347180447457,4.165418495258336,112.88427916769979,62.52430259629844,187.79695257540712,2874.240578099998
167,78975.7970588,1,-0.90378968295016,98.08484097623288,333.8373773253822,9.802743072201324,21.986551332386963,3.9724648652486994,30.21719801031015,62.17147322971374,187.37378765538463,2891.4960185999953
168,78993.0382298,1,-0.9043245667189166,63.571529244465744,287.3553928737998,6.81850407936085,47.3768840195036,3.969164924767521,43.4019696729803,72.83542223210644,187.8433228321101,2908.737189599997
169,79010.6898043,1,-0.9546620025517601,94.5430802025588,287.27333714600263,6.814158540769002,47.3768840195036,3.969164924767521,43.4019696729803,61.18655802151976,154.07057922239008,2926.388764099989
170,79028.3088673,1,-0.9448411084310829,97.87880021113142,333.9652303786934,6.594292909956609,48.247686884505285,3.984981782299021,43.4019696729803,46.480827758830664,154.07057922239008,2944.0078270999948
171,79045.7688565,1,-0.944531699766917,97.79412639652469,336.6607217068474,6.81850407936085,48.1607184663525,4.143095137085442,103.15460361754464,60.837752703870095,190.05827179081498,2961.4678162999917
172,79062.9387737,1,-0.8951036953551084,63.62390768664544,287.27333714600263,6.81850407936085,47.3768840195036,3.969164924767521,43.4019696729803,61.18655802151976,154.07057922239008,2978.6377334999997
173,79080.412361,1,-0.9416609463897477,97.87880021113142,333.9652303786934,6.594292909956609,48.247686884505285,3.969164924767521,43.4019696729803,61.15371946792082,154.07057922239008,2996.111320799988
174,79097.5858228,1,-0.9586231643859171,98.07028143325711,335.7278894761702,6.7910237102196795,47.90347180447457,3.9132374061478705,32.94519548460532,62.560980291541654,187.79695257540712,3013.2847825999925
175,79115.4666343,1,-0.8913771336968482,95.80781131178819,331.87348323857356,9.674136644439518,21.690044968266804,3.9698234208147793,32.94519548460532,62.560980291541654,187.37378765538463,3031.1655940999917
176,79132.6952037,1,-0.954813040983375,97.79517381403228,336.37769686267615,6.585846961904869,48.1501362035281,3.969067522764602,32.94519548460532,62.560980291541654,187.79695257540712,3048.3941634999937
177,79150.3868541,1,-0.95084261088951,97.72716765731225,333.80308507537035,6.81850407936085,47.91405406729897,4.158911994616943,103.15460361754464,46.16486100401401,190.05827179081498,3066.08581389999
178,79167.4253232,1,-0.960989857529771,99.63546571179191,335.73065589208943,6.81718930753985,47.36386887504731,3.969164924767521,43.4019696729803,61.186853803870385,187.8433228321101,3083.1242829999974
179,79184.5803849,1,-0.9559818552251241,98.07028143325711,335.73094774165327,7.048727469431123,47.91236050246675,3.9682088838746554,32.92418881189131,61.11410815924781,187.91711157778468,3100.279344699986
180,79201.4523732,1,-0.9571280317199229,98.17713759448722,335.7278894761702,6.824923664890029,47.90347180447457,3.979982108426279,43.661753162621515,62.594739032846505,187.91711157778468,3117.151332999987
181,79218.9768083,1,-0.954348205124823,94.4362240413286,287.27333714600263,7.0377917869616455,47.3768840195036,3.969164924767521,32.68710559231071,61.18655802151976,154.07057922239008,3134.675768099987
182,79236.168344,1,-0.9597638020211041,99.63546571179191,335.7279948214022,7.029284838144955,47.37460443861091,3.969164924767521,43.4019696729803,61.186853803870385,187.8433228321101,3151.867303799998
183,79254.2193251,1,-0.9591725970782036,98.07028143325711,335.7305505468574,6.8377761522985665,47.89273624091047,3.979982108426279,32.942479470874034,62.560980291541654,187.91711157778468,3169.9182848999917
184,79271.2966043,1,-0.9607049229983776,99.63546571179191,335.72732463275435,6.817239049189375,47.35562749995944,3.980696268917195,43.42224884329883,62.771329550311854,187.8433228321101,3186.995564099998
185,79288.7316527,1,-0.9610311628608232,99.63546571179191,335.7309288859414,6.818283779362874,47.36322155214201,3.96940680516947,43.40188841175092,61.04925018972275,187.8433228321101,3204.4306124999857
186,79305.6360198,1,-0.9554981443625233,97.87998391920704,333.9652303786934,6.594292909956609,48.24612049931236,3.969164924767521,46.15207953155755,61.15371946792082,190.50267404512743,3221.3349795999966
187,79323.3156704,1,-0.9346140035158573,98.07028143325711,335.7278894761702,6.767595189350975,40.36685418385473,3.969067522764602,32.94519548460532,62.560980291541654,187.79695257540712,3239.014630199992
188,79340.2200679,1,-0.953233288398258,98.07028143325711,335.7278894761702,7.048556911082671,48.239719411595985,3.979982108426279,32.942479470874034,62.560980291541654,187.91711157778468,3255.919027699987
189,79358.4616323,1,-0.9558662391441762,97.87998391920704,333.9652303786934,6.594292909956609,47.909872892190926,3.969164924767521,46.15207953155755,61.15371946792082,190.50267404512743,3274.1605920999864
190,79375.3405734,1,-0.9544043627645598,97.79412639652469,336.4790949336302,6.593702162175143,48.24651157233922,4.158911994616943,45.88097828854042,62.35769509162443,190.45286286507104,3291.03953319999
191,79392.8559872,1,-0.9496305626313566,97.72315724048437,331.3114255434048,6.819094827142318,48.16293990221805,3.969164924767521,103.43719805872396,44.96089222546919,190.1080829708714,3308.554946999997
192,79409.9552756,1,-0.9566662161329238,97.72315724048437,331.4678330597202,6.594292909956609,48.248733008204766,3.969164924767521,46.15207953155755,61.15372641711393,190.50267404512743,3325.6542353999976
193,79428.0397609,1,-0.9564349317703745,97.72821507481983,333.85809452073,6.585846961904869,47.90347180447457,3.969067522764602,32.94519548460532,62.560980291541654,187.79695257540712,3343.7387206999992
194,79445.0376817,1,-0.9607378279695522,99.63546571179191,335.7275976266063,6.818430084785826,47.35498017705414,3.9809411946950783,43.42216758206944,62.63372593616422,187.8433228321101,3360.7366414999997
195,79463.0914061,1,-0.9588535508730444,98.07028143325711,335.7278894761702,6.768813397398548,47.90347180447457,3.9690644773886676,32.94519548460532,62.560980291541654,187.79695257540712,3378.7903658999858
196,79480.235025,1,-0.9589020282020624,98.07028143325711,335.73080324053853,6.82389211658174,47.90347180447457,3.969067522764602,33.46249150703289,62.69085641432783,187.79695257540712,3395.9339847999945
197,79497.9305158,1,-0.9605493763302027,99.63546571179191,335.72774212772106,6.763521923951084,47.36386887504731,3.969164924767521,42.88624791340856,61.0569776810842,187.8433228321101,3413.629475599999
198,79514.7616875,1,-0.9607378279695522,99.63546571179191,335.7275976266063,6.818430084785826,47.35498017705414,3.9809411946950783,43.42216758206944,62.63372593616422,187.8433228321101,3430.4606472999876
199,79532.2097023,1,-0.960989857529771,99.63546571179191,335.73065589208943,6.81718930753985,47.36386887504731,3.969164924767521,43.4019696729803,61.186853803870385,187.8433228321101,3447.908662099988
200,79549.6900927,1,-0.9607049229983776,99.63546571179191,335.72732463275435,6.817239049189375,47.35562749995944,3.980696268917195,43.42224884329883,62.771329550311854,187.8433228321101,3465.389052499988
201,79567.266777,1,-0.960989857529771,99.63546571179191,335.73065589208943,6.81718930753985,47.36386887504731,3.969164924767521,43.4019696729803,61.186853803870385,187.8433228321101,3482.96573679999
202,79584.1649296,1,-0.9610208710321253,99.63546571179191,335.73065589208943,6.817226469386611,47.36386887504731,3.969164924767521,43.4019696729803,61.186853803870385,187.8433228321101,3499.8638893999887
203,79601.6109576,1,-0.9610011176582915,99.63546571179191,335.73065589208943,6.81846691751409,47.36386887504731,3.969164924767521,43.4019696729803,61.186853803870385,187.8433228321101,3517.3099173999944
204,79619.3309017,1,-0.9607544027902117,99.63546571179191,335.7271965011398,6.8168229540193215,47.35498017705414,3.9808871490867057,43.42211092236597,62.63372593616422,187.8433228321101,3535.029861499992
205,79636.7364576,1,-0.9612147760427489,99.63546571179191,335.73105701755594,6.8186998745329275,47.36386887504731,3.9692159249999595,43.40202633268378,60.31878299899337,187.8433228321101,3552.435417399989
206,79654.6685241,1,-0.9597976397480131,98.07028143325711,335.7305505468574,6.774999002121558,45.21799101035448,3.97977530488722,32.942479470874034,62.560980291541654,187.91711157778468,3570.367483899987
207,79671.9081379,1,-0.9590226929500767,98.07028143325711,335.7278894761702,6.831687111348983,47.90347180447457,3.9692743263036614,32.94519548460532,62.560980291541654,187.79695257540712,3587.607097699991
208,79689.5971044,1,-0.9610591915807377,99.63546571179191,335.7305626650003,6.81850407936085,47.36392128144025,3.981062968904364,43.422027799050056,61.186853803870385,187.8433228321101,3605.296064199996
209,79706.3176263,1,-0.9606733993893577,99.63546571179191,335.72769085369544,6.818430084785826,47.3549277706612,3.9690431505582358,43.40210945599969,62.63372593616422,187.8433228321101,3622.0165860999987
210,79724.2162853,1,-0.9567107431853074,97.72315724048437,331.4678330597202,6.594292909956609,48.248733008204766,3.969164924767521,46.15207953155755,61.05854344207879,190.50267404512743,3639.9152450999973
211,79741.4991434,1,-0.960485783059126,99.63546571179191,335.72774212772106,6.763521923951084,47.36386887504731,3.969164924767521,42.88624791340856,61.15216065611934,187.8433228321101,3657.1981031999894
212,79758.8133066,1,-0.9547415007908487,98.17713759448722,335.7278894761702,6.825480774616398,47.90347180447457,3.678930520762651,43.661753162621515,62.65896613027715,187.91711157778468,3674.5122663999937
213,79776.3981557,1,-0.9605393895338193,99.63546571179191,335.72774212772106,6.762964814224716,47.36386887504731,3.969164924767521,42.88624791340856,60.99275058365356,187.8433228321101,3692.097115499986
214,79794.871634,1,-0.9606946175417852,99.63546571179191,335.72732463275435,6.817330208002408,47.35562749995944,3.980696268917195,43.42224884329883,62.771329550311854,187.8433228321101,3710.5705937999883
215,79814.2681848,1,-0.9610350645082953,99.63546571179191,335.7309288859414,6.818192620549841,47.36322155214201,3.96940680516947,43.40188841175092,61.04925018972275,187.8433228321101,3729.9671445999993
216,79832.1947437,1,-0.9611079207342598,99.63546571179191,335.7309184418451,6.818289594719381,47.34376334436896,3.9693942153950506,43.06193673156194,61.2415092066292,187.84150312541902,3747.893703499998
217,79849.9263464,1,-0.9588059454803063,98.07028143325711,335.7308136846349,6.823886301225233,47.92293001224576,3.9690801125390216,33.803070833757026,62.49859739742138,187.79877228209818,3765.6253061999887
218,79867.9395168,1,-0.9610350645082953,99.63546571179191,335.7309288859414,6.818192620549841,47.36322155214201,3.96940680516947,43.40188841175092,61.04925018972275,187.8433228321101,3783.6384765999974
219,79884.8276326,1,-0.9611079207342598,99.63546571179191,335.7309184418451,6.818289594719381,47.34376334436896,3.9693942153950506,43.06193673156194,61.2415092066292,187.84150312541902,3800.5265923999978
220,79903.244535,1,-0.9571872419175427,99.63546571179191,341.5103124470919,6.8183335210123985,47.35498017705414,3.9809381493191442,43.42216758206944,62.63372593616422,187.8433228321101,3818.943494799998
221,79920.5387817,1,-0.9610591915807377,99.63546571179191,335.7305626650003,6.81850407936085,47.36392128144025,3.981062968904364,43.422027799050056,61.186853803870385,187.8433228321101,3836.2377414999937
222,79938.4401893,1,-0.9609940478618524,99.63546571179191,335.73067599267546,6.81846691751409,47.36386887504731,3.9692164620033332,43.40197024731994,61.186853803870385,187.8433228321101,3854.139149099996
223,79955.7039253,1,-0.9611881207846384,99.63546571179191,335.7310369169699,6.8186998745329275,47.36386887504731,3.9691643877641467,43.40202575834415,60.31878299899337,187.8433228321101,3871.4028850999894
224,79973.6105675,1,-0.9610235457299646,99.63546571179191,335.7309288859414,6.818125941659648,47.36322155214201,3.981025193807747,43.40178483737592,61.34387709452566,187.8433228321101,3889.3095272999926
225,79990.8630907,1,-0.9607284329623017,99.63546571179191,335.72732463275435,6.817396886892601,47.35562749995944,3.969077880278918,43.42235241767383,62.476702645508944,187.8433228321101,3906.562050499997
226,80009.0535494,1,-0.9609819561290724,99.63546571179191,335.73065589208943,6.81718930753985,47.36386887504731,3.96881655495558,43.42268699922811,61.186853803870385,187.8433228321101,3924.7525091999996
227,80026.6084524,1,-0.9607968221886113,99.63546571179191,335.7275976266063,6.818430084785826,47.35498017705414,3.9812895645070197,43.401450255821636,62.63372593616422,187.8433228321101,3942.307412199996
228,80044.1958915,1,-0.961076532437344,99.63546571179191,335.7309184418451,6.818289594719381,47.36431173441618,3.9693942153950506,43.029491647430575,61.253300620752064,187.84155519241799,3959.8948512999923
229,80061.4896011,1,-0.9612474312388211,99.63546571179191,335.73105701755594,6.8186998745329275,47.34332048500009,3.9692159249999595,43.43447141681514,60.30699158487051,187.84327076511116,3977.1885608999874
230,80078.9721508,1,-0.960989857529771,99.63546571179191,335.73065589208943,6.81718930753985,47.36386887504731,3.969164924767521,43.4019696729803,61.186853803870385,187.8433228321101,3994.6711105999857
231,80096.1558214,1,-0.9609974350434783,99.63546571179191,335.73065589208943,6.81850407936085,47.36386887504731,3.969164924767521,43.4019696729803,61.186853803870385,187.8433228321101,4011.854781199989
232,80113.916811,1,-0.9617610534660733,99.63546571179191,335.73065589208943,6.81850407936085,47.36386887504731,4.123297494573145,43.4019696729803,61.186853803870385,187.8433228321101,4029.6157707999955
233,80131.108321,1,-0.960989857529771,99.63546571179191,335.73065589208943,6.81718930753985,47.36386887504731,3.969164924767521,43.4019696729803,61.186853803870385,187.8433228321101,4046.8072807999997
234,80148.4164705,1,-0.9606804506485683,99.63546571179191,335.7271965011398,6.81853604386262,47.35498017705414,3.9808871490867057,43.42211364831563,62.87144790864881,187.8433228321101,4064.115430299993
235,80165.6175831,1,-0.9610996452002668,99.63546571179191,335.7305626650003,6.816790989517552,47.36392128144025,3.981062968904364,43.422025073100386,60.94913183138579,187.8433228321101,4081.316542899993
236,80183.0323596,1,-0.9609891347495617,99.63546571179191,335.73052671593507,6.817185192253165,47.36386887504731,3.969164924767521,43.42304821053133,61.16132206184008,187.8433228321101,4098.731319399987
237,80200.41941,1,-0.9607626571958654,99.63546571179191,335.7277268027607,6.818434200072511,47.35498017705414,3.9809411946950783,43.40108904451842,62.65925767819452,187.8433228321101,4116.118369799995
238,80218.0181804,1,-0.9617615399451683,99.63546571179191,335.7305667413788,6.81850407936085,47.363936657818726,4.124833149435013,43.4019696729803,61.186853803870385,187.8433228321101,4133.717140199995
239,80234.888821,1,-0.961052095117385,99.63546571179191,335.7306518157109,6.81850407936085,47.36385349866883,3.979527314042496,43.422027799050056,61.186853803870385,187.8433228321101,4150.587780799993
240,80252.5183789,1,-0.9609974350434783,99.63546571179191,335.73065589208943,6.81850407936085,47.36386887504731,3.969164924767521,43.4019696729803,61.186853803870385,187.8433228321101,4168.217338699993
241,80269.9527871,1,-0.9610311628608232,99.63546571179191,335.7309288859414,6.818283779362874,47.36322155214201,3.96940680516947,43.40188841175092,61.04925018972275,187.8433228321101,4185.6517468999955
242,80287.3545228,1,-0.9612538521202727,99.63546571179191,335.73105701755594,6.818693254997482,47.36386887504731,3.9693820305663987,43.08426418227608,60.31878299899337,187.84334031481083,4203.053482599993
243,80305.2394266,1,-0.9610563798288149,99.63546571179191,335.7309184418451,6.818296214254827,47.34376334436896,3.9692281098286113,43.37969888196964,61.2415092066292,187.8414856427183,4220.938386399997
244,80322.9143782,1,-0.9611963357421048,99.63546571179191,335.7310971551229,6.81850407936085,47.36386887504731,3.969425386158192,43.4019696729803,60.4039620335572,187.8433228321101,4238.613337999996
245,80340.0904986,1,-0.961776112672051,99.63546571179191,335.7305956539364,6.8186998745329275,47.36386887504731,4.1230364961790995,43.40202575834415,61.10167476930656,187.8433228321101,4255.789458399988
246,80357.6299078,1,-0.9612159597945493,99.63546571179191,335.7309288859414,6.818192620549841,47.36322155214201,3.9691896938378184,43.40188841175092,60.33188063525736,187.8432712894623,4273.328867599994
247,80375.4000908,1,-0.9610887005475679,99.63546571179191,335.73105701755594,6.8186998745329275,47.34332048500009,3.969433036331611,43.43447141681514,61.024361139335895,187.84332230775894,4291.099050599994
248,80392.5722868,1,-0.9612500983845393,99.63546571179191,335.73105701755594,6.818691593754865,47.34332048500009,3.9692159249999595,43.43447141681514,60.30699158487051,187.84327076511116,4308.271246599994
249,80410.3861612,1,-0.9611069951520205,99.63546571179191,335.7309184418451,6.818297875497445,47.34376334436896,3.9693942153950506,43.06193673156194,61.2415092066292,187.84150312541902,4326.085120999996
250,80427.9669827,1,-0.960995148891288,99.63546571179191,335.73067599267546,6.81846691751409,47.36386887504731,3.9692164620033332,43.4019629200027,61.186853803870385,187.8433228321101,4343.665942499996
251,80445.8195854,1,-0.9611886910442937,99.63546571179191,335.7310369169699,6.8186998745329275,47.36386887504731,3.9691643877641467,43.40203308566139,60.31878299899337,187.8433228321101,4361.518545199986
252,80462.9422245,1,-0.9611291776584155,99.63546571179191,335.7310621934403,6.816790989517552,47.36392128144025,3.9814507637681387,43.422025073100386,60.94913183138579,187.8433228321101,4378.641184299995
253,80480.2260216,1,-0.9611847614382255,99.63546571179191,335.73055748911594,6.8186998745329275,47.36386887504731,3.968828130136185,43.40202633268378,60.31878299899337,187.8433228321101,4395.924981399992
254,80497.5640695,1,-0.9610316888421311,99.63546571179191,335.7309402441582,6.818053251896993,47.34446177096446,3.9693516067014176,43.422025073100386,61.24733992316629,187.8433228321101,4413.263029299997
255,80515.0458593,1,-0.9611801053982213,99.63546571179191,335.73054086268723,6.81702733233994,47.36322285484475,3.9811055775979973,43.06193673156194,60.943301114848715,187.84150312541902,4430.744819099986
256,80532.1323606,1,-0.9611079207342598,99.63546571179191,335.7309184418451,6.818289594719381,47.34376334436896,3.9693942153950506,43.06193673156194,61.2415092066292,187.84150312541902,4447.831320399986
257,80549.8940024,1,-0.9610350645082953,99.63546571179191,335.7309288859414,6.818192620549841,47.36322155214201,3.96940680516947,43.40188841175092,61.04925018972275,187.8433228321101,4465.592962199997
258,80567.0208604,1,-0.9612929123593039,99.63546571179191,335.7309288859414,6.817076197709002,47.363221514621806,3.9812680170638672,43.40188841175092,60.36876286731619,187.8432712894623,4482.7198202
259,80584.6754549,1,-0.9611742909877816,99.63546571179191,335.73054086268723,6.818143755180778,47.36322289236495,3.9690272543719485,43.06193673156194,60.90641888278988,187.84150312541902,4500.374414699996
260,80601.7189407,1,-0.9617549034541742,99.63546571179191,335.7305557906896,6.81850407936085,47.36386131980317,4.124833149435013,43.4019696729803,61.21886999957913,187.8433228321101,4517.41790049999
261,80619.7427019,1,-0.9611796317258468,99.63546571179191,335.7311081058121,6.81850407936085,47.36394421306286,3.969425386158192,43.4019696729803,60.37194583784846,187.8433228321101,4535.441661699995
262,80636.9149556,1,-0.9611707711501063,99.63546571179191,335.7310574895372,6.818486041614497,47.363922315874255,3.9917624347070797,43.422025073100386,60.94899326072462,187.8433228321101,4552.6139153999975
263,80654.6789074,1,-0.961699026448681,99.63546571179191,335.7306605959926,6.816809027263906,47.3638678406133,4.112985823634204,43.4019696729803,61.186992374531556,187.8433228321101,4570.37786719999
264,80671.5015941,1,-0.9610416502122163,99.63546571179191,335.73090910161807,6.818268626736017,47.34376334436896,3.9693942153950506,43.4085207292161,61.2415092066292,187.84150312541902,4587.200553899995
265,80688.9913186,1,-0.9618276234270574,99.63546571179191,335.7306652323165,6.818533328122279,47.36386887504731,4.123297494573145,43.05538567532614,61.186853803870385,187.8433228321101,4604.690278399998
266,80705.8606227,1,-0.9612467810902544,99.63546571179191,335.7305968579056,6.8186998745329275,47.36386887504731,3.974420081533292,43.402025715352124,60.31878299899337,187.8433228321101,4621.559582499991
267,80724.0513482,1,-0.9474982339156953,99.63546571179191,335.7310558135868,6.8186998745329275,49.90627670976504,4.117832339645766,43.4020263756758,61.10167476930656,187.8433228321101,4639.750307999988
268,80741.3657034,1,-0.9611879570088426,99.63546571179191,335.7310331331885,6.8186998745329275,47.36386887504731,3.9691643877641467,43.40203308566139,60.31878299899337,187.84326443594813,4657.064663199999
269,80758.6988112,1,-0.9574190708103292,99.63546571179191,341.85894710789825,6.818192620549841,47.36322155214201,3.9691896938378184,43.40188841175092,60.33188063525736,187.84332968562427,4674.397770999989
270,80776.0687354,1,-0.9611984332858896,99.63546571179191,335.7310971551229,6.818702924136127,47.36386887504731,3.9694321025082626,43.4019696729803,60.40041610974667,187.84332167173795,4691.767695199989
271,80793.9688984,1,-0.9612918824807145,99.63546571179191,335.73105701755594,6.8184927489795895,47.34332048500009,3.9692092086498887,43.43447141681514,60.31053750868104,187.8432719254833,4709.667858199988
272,80811.3726492,1,-0.9610689230355093,99.63546571179191,335.73105701755594,6.818691593754865,47.34622073359424,3.9692159249999595,43.432603463164,61.06521569886172,187.84331967669212,4727.071608999991
273,80829.2753692,1,-0.961954333202316,99.63546571179191,335.7305956539364,6.8186998745329275,47.36096862645317,4.1230364961790995,43.403893711995295,60.34345065531535,187.84327392052913,4744.97432899999
274,80846.8632202,1,-0.9641870608894701,101.88331033221516,335.7305667413788,6.81850407936085,47.363936657818726,4.123608055797082,43.07937290376082,61.186853803870385,187.8433228321101,4762.5621799999935
275,80864.0981851,1,-0.9611954011166952,99.63546571179191,335.73105701755594,6.818693254997482,47.36386887504731,3.9706071242043293,43.40686095149557,60.31878299899337,187.84334031481083,4779.797144899989
276,80881.681182,1,-0.9612474312388211,99.63546571179191,335.73105701755594,6.8186998745329275,47.34332048500009,3.9692159249999595,43.43447141681514,60.30699158487051,187.84327076511116,4797.380141799993
277,80899.1047265,1,-0.9612538521202727,99.63546571179191,335.73105701755594,6.818693254997482,47.36386887504731,3.9693820305663987,43.08426418227608,60.31878299899337,187.84334031481083,4814.803686299987
278,80916.7645384,1,-0.9617910057421671,99.63546571179191,335.7306605387217,6.81678805128014,47.3638678406133,4.125015421275931,43.4019696729803,61.186992374531556,187.8433228321101,4832.463498199999
279,80934.0600441,1,-0.9617114067825696,99.63546571179191,335.73065594936037,6.818525055344617,47.36386887504731,4.111267896931418,43.4019696729803,61.186853803870385,187.8433228321101,4849.7590038999915
280,80951.980735,1,-0.9620286462627573,99.63546571179191,335.73065589208943,6.81850407936085,47.36386887504731,4.123297494573145,43.071829981823775,60.26865940322667,187.8433228321101,4867.679694799997
281,80969.0062189,1,-0.9609966848119574,99.63546571179191,335.73105701755594,6.818693254997482,47.36386887504731,3.9693820305663987,43.41440387343261,61.23697739963709,187.84334031481083,4884.705178699995
282,80986.6512462,1,-0.9619560182739113,99.63546571179191,335.7305956539364,6.818693582352385,47.36096862645317,4.123432390585086,43.403893711995295,60.34345065531535,187.84327392052913,4902.350205999988
283,81003.6962069,1,-0.9612755243672086,99.63546571179191,335.73105701755594,6.818699547178024,47.36386887504731,3.968986136160411,43.08426418227608,60.31878299899337,187.84334031481083,4919.395166699993
284,81021.4828339,1,-0.9619555020250005,99.63546571179191,335.7305747447326,6.818192620549841,47.36390998646763,4.124991030758332,43.40188617767369,60.33188063525736,187.84327083180767,4937.181793699987
285,81038.7887413,1,-0.9609961814703266,99.63546571179191,335.7309208825876,6.81850407936085,47.3632482234931,3.9690318125144994,43.40197190705753,61.186853803870385,187.84332328976473,4954.487701099992
286,81056.3892613,1,-0.9612157974007949,99.63546571179191,335.7310781503538,6.818699627215487,47.36386887504731,3.9740976054867714,43.402025715352124,60.31878299899337,187.8433214250025,4972.088221099999
287,81073.7700669,1,-0.9612621557733542,99.63546571179191,335.73057572510766,6.818693502314922,47.36386887504731,3.9697045066129197,43.08426418227608,60.31878299899337,187.84334172191842,4989.469026699997
288,81091.6019136,1,-0.9619573880251447,99.63546571179191,335.7305956539364,6.8186998745329275,47.36096862645317,4.123341731187663,43.402000559301584,60.34345065531535,187.84331991483322,5007.300873399989
289,81109.1829576,1,-0.9616981554745145,99.63546571179191,335.7306605959926,6.816809027263906,47.3638678406133,4.11268058862564,43.40386282567401,61.186992374531556,187.843276837806,5024.881917399995
290,81126.5154611,1,-0.9617554557329013,99.63546571179191,335.7305668243772,6.81850407936085,47.363933885934046,4.124833149435013,43.40548908065923,61.21886999957913,187.8433228321101,5042.214420899996
291,81143.0794616,1,-0.9662136396231711,101.88331033221516,335.7305557076912,6.81850407936085,46.23371198863709,4.123608055797082,43.0758534960819,61.186853803870385,187.8433228321101,5058.7784213999985
292,81160.8105076,1,-0.9617020962118975,99.52312393073029,335.7305667413788,6.818496193373159,47.363936657818726,4.123608055797082,43.03836656018015,61.18897601784972,187.8433228321101,5076.509467399999
293,81177.5933927,1,-0.9642881883087518,101.99565211327676,335.7305956539364,6.818707760520619,47.36386887504731,4.1230364961790995,43.443032101924814,61.09955255532723,187.8433228321101,5093.292352499993
294,81195.0998698,1,-0.9617615399451683,99.63546571179191,335.7305667413788,6.81850407936085,47.363936657818726,4.124833149435013,43.4019696729803,61.186853803870385,187.8433228321101,5110.798829599997
295,81211.8071439,1,-0.9616302543563379,99.63546571179191,335.7306652323165,6.818533328122279,47.36386887504731,4.123297494573145,43.05538567532614,61.186853803870385,187.25226759784618,5127.506103699998
296,81229.2597008,1,-0.961982736467822,99.63546571179191,335.7310263293164,6.818693254997482,47.36386887504731,4.116228725353524,43.08426418227608,60.31878299899337,187.84334031481083,5144.958660599994
297,81246.3492338,1,-0.9611383186911553,99.63546571179191,335.730695920556,6.818533328122279,47.36386887504731,3.976450799786021,43.05538567532614,61.186853803870385,187.8433228321101,5162.0481936
298,81263.964266,1,-0.9617857034064488,99.65906148374422,335.7305860569361,6.818702757246712,47.36386887504731,4.123012765246008,43.4019696729803,61.18801499048471,187.8433228321101,5179.663225799988
299,81281.4018892,1,-0.9642198726056581,101.97205634132443,335.7306654890897,6.818509082634758,47.36386887504731,4.123321225506237,43.443032101924814,61.0983913687129,187.8433228321101,5197.100848999995
300,81298.597769,1,-0.9619528174592282,99.63546571179191,335.7306543352927,6.818516209543862,47.36387220775555,4.123293768040504,43.39537854996898,60.33188063525736,187.84332400980708,5214.296728799993
301,81315.6059679,1,-0.9620302339476774,99.63546571179191,335.73057630152937,6.818180490366828,47.363906653759386,4.124994757290974,43.078337609528475,60.26865940322667,187.84326965411066,5231.3049276999955
302,81332.8309961,1,-0.9662136396231711,101.88331033221516,335.7305557076912,6.81850407936085,46.23371198863709,4.123608055797082,43.0758534960819,61.186853803870385,187.8433228321101,5248.529955899998
303,81350.4193189,1,-0.9619560182739113,99.63546571179191,335.7305956539364,6.818693582352385,47.36096862645317,4.123432390585086,43.403893711995295,60.34345065531535,187.84327392052913,5266.1182787
304,81367.9210836,1,-0.9619377221658701,99.63546571179191,335.73111306671115,6.818693582352385,47.36092123002024,4.11602352172012,43.403893711995295,60.31765060776111,187.84327255486713,5283.620043399991
305,81385.5468796,1,-0.9620087749328515,99.63546571179191,335.7305089165417,6.818693254997482,47.363916271480235,4.12363759421849,43.08426418227608,60.34458304654761,187.84334168047283,5301.245839399999
306,81402.9026121,1,-0.9618155372092013,99.63546571179191,335.7305557906896,6.81850407936085,47.36386131980317,4.123440031983103,43.068352832689214,61.21886999957913,187.8433228321101,5318.601571899999
307,81420.4440836,1,-0.9620124799678547,99.63546571179191,335.73065589208943,6.81850407936085,47.36386887504731,4.124690612025054,43.40544682211487,60.26865940322667,187.8433228321101,5336.143043399992
308,81437.7440149,1,-0.9662136741463055,101.88331033221516,335.73055552411176,6.81850407936085,46.23371198863709,4.123608055797082,43.0758534960819,61.186853803870385,187.8433228321101,5353.442974699996
309,81455.3859504,1,-0.9641863862857607,101.88331033221516,335.7305669249582,6.81850407936085,47.363936657818726,4.123608055797082,43.07937290376082,61.186853803870385,187.8433228321101,5371.084910199992
310,81472.5634826,1,-0.9614165154704746,99.63546571179191,335.73103063310765,6.816808426120177,47.36386887520839,4.116228725353524,44.77930134247602,61.288100430527706,187.84332204661845,5388.262442399995
311,81490.4786368,1,-0.961973651044732,99.63546571179191,335.73065623493045,6.818672880157445,47.36386784045222,4.125015421275931,43.474607312002426,60.21767494299722,187.84334110030247,5406.177596599999
312,81509.034155,1,-0.9644176524806793,101.99565211327676,335.7305956539364,6.818708308750159,47.36386887504731,4.123033810599806,43.403179729381094,60.353981913613815,187.8433199587607,5424.733114799994
313,81527.2613887,1,-0.9618253080565115,99.63546571179191,335.7305956539364,6.818699326303387,47.36096862645317,4.1233444167669555,43.441852931845304,61.08902129702877,187.84332278818263,5442.960348499997
314,81544.1432951,1,-0.9605235629119181,99.63546571179191,337.9029002927676,6.8186998745329275,47.36091579064772,4.1230364961790995,43.40202575834415,61.10167476930656,187.84327581611248,5459.842254899995
315,81561.7087643,1,-0.9619457243504462,99.63546571179191,335.7305956539364,6.8186998745329275,47.36392171085276,4.1230364961790995,43.403893711995295,60.34345065531535,187.84332093652674,5477.40772409999
316,81578.5723694,1,-0.961954333202316,99.63546571179191,335.7305956539364,6.8186998745329275,47.36096862645317,4.1230364961790995,43.403893711995295,60.34345065531535,187.84327392052913,5494.271329199997
317,81596.1984062,1,-0.9617615399451683,99.63546571179191,335.7305667413788,6.81850407936085,47.363936657818726,4.124833149435013,43.4019696729803,61.186853803870385,187.8433228321101,5511.89736599999
318,81613.1986161,1,-0.9642280556529569,101.88331033221516,335.7305557076912,6.81850407936085,47.35110972841465,4.124834360673196,43.084443578081995,61.186853803870385,187.8433228321101,5528.897575899988
319,81630.8615655,1,-0.9638577426127551,99.63546571179191,335.7305747447326,6.818192620549841,46.24651224655984,4.123764725882218,43.3932960956736,60.33188063525736,187.84327083180767,5546.560525299996
320,81647.9226997,1,-0.9644002170524576,101.97872444065703,335.7305956539364,6.818708308750159,47.36386887504731,4.123033810599806,43.40546163509127,60.35313266933959,187.8433200523317,5563.621659499986
321,81665.5654428,1,-0.9620451237336282,99.65239338441162,335.73065589208943,6.81850407936085,47.36386887504731,4.123297494573145,43.069548076113605,60.2695086475009,187.8433227385391,5581.264402599991
322,81682.3448903,1,-0.9642198726056581,101.97205634132443,335.7306654890897,6.818509082634758,47.36386887504731,4.123321225506237,43.443032101924814,61.0983913687129,187.8433228321101,5598.043850099988
323,81700.0680907,1,-0.9641863862857607,101.88331033221516,335.7305669249582,6.81850407936085,47.363936657818726,4.123608055797082,43.07937290376082,61.186853803870385,187.8433228321101,5615.767050499999
324,81717.0812582,1,-0.9645114872204152,101.931038319139,335.73065589208943,6.81850407936085,47.24493793178753,4.123624786504677,43.40544682211487,61.19540469367318,187.8433228321101,5632.780218
325,81734.754671,1,-0.9638118655935187,99.58773772486806,335.7305557076912,6.81850407936085,46.35264293179172,4.124673881317459,43.0758534960819,60.26010851342387,187.8433228321101,5650.453630799995
326,81751.811658,1,-0.9641870608894701,101.88331033221516,335.7305667413788,6.81850407936085,47.363936657818726,4.123608055797082,43.07937290376082,61.186853803870385,187.8433228321101,5667.510617799999
327,81769.3485732,1,-0.961973651044732,99.63546571179191,335.73065623493045,6.818672880157445,47.36386784045222,4.125015421275931,43.474607312002426,60.21767494299722,187.84334110030247,5685.04753299999
328,81786.484752,1,-0.9636444207360879,99.56334773765862,335.7305557076912,6.81850407936085,46.23371198863709,4.123605554505187,43.0758534960819,61.186853803870385,187.8433403452009,5702.183711799997
329,81803.9702298,1,-0.9644439190187896,101.95542830634844,335.7305089165417,6.818693254997482,47.363916271480235,4.1236400955103845,43.08426418227608,60.34458304654761,187.84332416738204,5719.6691895999975
330,81821.3749577,1,-0.9640051566274613,101.99565211327676,335.7305572423531,6.81850401410611,47.44495455800139,4.1230364961790995,43.443032101924814,61.09955255532723,187.8433228321101,5737.073917499991
331,81838.897382,1,-0.9662691657936672,101.88331033221516,335.7305941192745,6.81870782577536,46.152626304504025,4.123608055797082,43.0758534960819,61.186853803870385,187.8433228321101,5754.596341799988
332,81856.5732732,1,-0.9662136741463055,101.88331033221516,335.73055552411176,6.81850407936085,46.23371198863709,4.123608055797082,43.0758534960819,61.186853803870385,187.8433228321101,5772.272232999996
333,81873.2858662,1,-0.9620302339476774,99.63546571179191,335.73057630152937,6.818180490366828,47.363906653759386,4.124994757290974,43.078337609528475,60.26865940322667,187.84326965411066,5788.984826
334,81891.3208821,1,-0.9662136741463055,101.88331033221516,335.73055552411176,6.81850407936085,46.23371198863709,4.123608055797082,43.0758534960819,61.186853803870385,187.8433228321101,5807.0198418999935
335,81908.3176115,1,-0.9642835543653755,101.98318157377744,335.730663188848,6.81850407936085,47.363936657818726,4.123658337163961,43.07937290376082,61.186853803870385,187.8433228321101,5824.016571299988
336,81926.0766759,1,-0.9641747932587553,101.87218509976216,335.7305690416206,6.818509082634758,47.36386887504731,4.123270944139358,43.443032101924814,61.0983913687129,187.8433228321101,5841.775635699989
337,81942.7922661,1,-0.9643772546955998,101.95500613943184,335.73059488981875,6.818708308750159,47.36391630728845,4.123033810599806,43.403179729381094,60.353981913613815,187.8433199587607,5858.4912258999975
338,81960.6573807,1,-0.9645110040218423,101.99607428019337,335.7305096806593,6.818693254997482,47.36386883923909,4.1236400955103845,43.08426418227608,60.34458304654761,187.84332416738204,5876.356340499988
339,81978.0241375,1,-0.9644439190187896,101.95542830634844,335.7305089165417,6.818693254997482,47.363916271480235,4.1236400955103845,43.08426418227608,60.34458304654761,187.84332416738204,5893.723097299997
340,81995.9925961,1,-0.9662691657936672,101.88331033221516,335.7305941192745,6.81870782577536,46.152626304504025,4.123608055797082,43.0758534960819,61.186853803870385,187.8433228321101,5911.69155589999
341,82014.8101012,1,-0.9662136741463055,101.88331033221516,335.73055552411176,6.81850407936085,46.23371198863709,4.123608055797082,43.0758534960819,61.186853803870385,187.8433228321101,5930.50906099999
342,82036.1389884,1,-0.9645783727645282,101.92944162475276,335.73065589208943,6.81850407936085,47.24019822734084,4.1236261296175085,43.079763861600284,61.19540469367318,187.8433228321101,5951.837948199987
343,82053.3471112,1,-0.9661554881356708,101.88490702660143,335.73055552411176,6.81850407936085,46.23845169305542,4.123606712684251,43.401536456596475,61.186853803870385,187.8433228321101,5969.04607099999
344,82071.1371332,1,-0.9643151365076125,101.99565211327676,335.7305977494706,6.818707760520619,47.36386887504731,4.123060962274619,43.08520794605969,61.10119902883266,187.8433228321101,5986.836092999991
345,82088.3215294,1,-0.9661524657073556,101.88331033221516,335.730553612157,6.81850407936085,46.23371198863709,4.123583589701563,43.433677651947015,61.18520733036495,187.8433228321101,6004.020489199989
346,82106.4525738,1,-0.9642655189675646,101.97367865799303,335.7306654890897,6.81850418556702,47.36386887504731,4.123320410754484,43.43956706724484,61.0983913687129,187.8433228321101,6022.151533599987
347,82123.928883,1,-0.9662107675720792,101.88168801554657,335.7305557076912,6.818508976428587,46.23371198863709,4.123608870548834,43.07931853076187,61.186853803870385,187.8433228321101,6039.627842799993
348,82141.7246447,1,-0.9663142641088116,101.92995415345162,335.7305941192745,6.818714389260962,46.152626304504025,4.123625326107294,43.0793586725872,61.19591011924401,187.8433228321101,6057.4236045
349,82159.1161542,1,-0.9644570106731246,101.88439449790256,335.73065589208943,6.818497515875248,47.24493793178753,4.123607516194466,43.40194164560956,61.18634837829956,187.8433228321101,6074.815113999997
350,82175.9581366,1,-0.9642831266730401,101.88331033221516,335.7305569495018,6.81850407936085,47.353881521601295,4.123607443009615,43.0758534960819,61.08199610671655,187.8433228321101,6091.657096399998
351,82193.4137104,1,-0.9662614235764219,101.99565211327676,335.73059441212575,6.818707760520619,46.24369934195228,4.123037108966567,43.443032101924814,61.20441025248106,187.8433228321101,6109.112670199989
352,82211.0848641,1,-0.9642198726056581,101.97205634132443,335.7306654890897,6.818509082634758,47.36386887504731,4.123321225506237,43.443032101924814,61.0983913687129,187.8433228321101,6126.7838238999975
353,82228.2253033,1,-0.9662136396231711,101.88331033221516,335.7305557076912,6.81850407936085,46.23371198863709,4.123608055797082,43.0758534960819,61.186853803870385,187.8433228321101,6143.924263099994
354,82246.1067958,1,-0.9657432901636133,101.99565211327676,335.7305956539364,6.818708308750159,46.81432806394824,4.123033810599806,43.403179729381094,60.353981913613815,187.8433199587607,6161.8057555999985
355,82262.9738795,1,-0.9694645118362539,105.4024004165541,335.73055552411176,6.81850407936085,46.23371198863709,4.123608055797082,43.0758534960819,61.186853803870385,187.8433228321101,6178.672839299994
356,82280.6361707,1,-0.9663142641088116,101.92995415345162,335.7305941192745,6.818714389260962,46.152626304504025,4.123625326107294,43.0793586725872,61.19591011924401,187.8433228321101,6196.335130499996
357,82298.0421948,1,-0.9662136741463055,101.88331033221516,335.73055552411176,6.81850407936085,46.23371198863709,4.123608055797082,43.0758534960819,61.186853803870385,187.8433228321101,6213.741154599993
358,82315.9226981,1,-0.9662592602386426,101.99565211327676,335.7305557675816,6.818707760520619,46.24369934195228,4.123037108966567,43.443032101924814,61.20441025248106,187.8433228321101,6231.621657899988
359,82333.2930733,1,-0.9662133242201831,101.88331033221516,335.73059416865584,6.81850407936085,46.23371198863709,4.123608055797082,43.0758534960819,61.186853803870385,187.8433228321101,6248.9920330999885
360,82350.8877299,1,-0.9665221094016785,102.18227938778148,335.73055552411176,6.81850407936085,46.23371198863709,4.123608055797082,43.0758534960819,61.186853803870385,187.8433228321101,6266.586689699994
361,82367.8881276,1,-0.9692198316906601,105.10343136098628,335.73055552411176,6.81850407936085,46.23371198863709,4.123608055797082,43.0758534960819,61.186853803870385,187.8433228321101,6283.587087399996
362,82385.4466844,1,-0.9662125970345548,101.88168801554657,335.73055552437324,6.818508694436347,46.23371198863709,4.123608870548834,43.07931853076187,61.186853803870385,187.8433228321101,6301.145644199991
363,82402.9833449,1,-0.9694661016033169,105.4024004165541,335.73055570742974,6.818504361353091,46.23371198863709,4.123608055797082,43.0758534960819,61.186853803870385,187.8433228321101,6318.6823046999925
364,82420.2048233,1,-0.9662582623521007,101.99565211327676,335.73055160871564,6.818707760520619,46.24369934195228,4.123037108966567,43.443032101924814,61.20441025248106,187.8433228321101,6335.903783099988
365,82437.5397323,1,-0.9662146969256925,101.88331033221516,335.7305985111013,6.81850407936085,46.23371198863709,4.123608055797082,43.0758534960819,61.186853803870385,187.8433228321101,6353.2386921
366,82454.8747004,1,-0.9632485142698671,101.92944162475276,335.73065589208943,6.81850407936085,47.6628756461493,4.1236261296175085,43.079763861600284,61.19540469367318,187.8433228321101,6370.573660199996
367,82472.0221654,1,-0.9662691657936672,101.88331033221516,335.7305941192745,6.81870782577536,46.152626304504025,4.123608055797082,43.0758534960819,61.186853803870385,187.8433228321101,6387.721125199998
368,82489.2949794,1,-0.9663142641088116,101.92995415345162,335.7305941192745,6.818714389260962,46.152626304504025,4.123625326107294,43.0793586725872,61.19591011924401,187.8433228321101,6404.993939199994
369,82506.7526792,1,-0.966271344444318,101.88331033221516,335.73055496780023,6.81870782577536,46.14695873602916,4.123608055797082,43.0758534960819,61.186853803870385,187.8433228321101,6422.451638999992
370,82523.9015014,1,-0.9620686245996611,101.88331033221516,335.7305946755861,6.81850407936085,46.239379557111945,4.123608055797082,64.50824524521235,61.186853803870385,187.8433228321101,6439.600461199996
371,82545.9914756,1,-0.9664044021040428,101.88331033221516,335.7305564891724,6.81850407936085,46.23371198863709,4.123608055797082,43.0758534960819,60.357618902146946,187.84332001506053,6461.6904354
372,82569.991221,1,-0.9655552688093721,101.99565211327676,335.7305946888757,6.818708308750159,46.81432806394824,4.123033810599806,43.403179729381094,61.18321681533725,187.84332277581026,6485.690180799997
373,82588.6471549,1,-0.966264285701893,101.88331033221516,335.7305941331428,6.818707760172562,46.152626304504025,4.123608055797082,43.0758534960819,61.204983608757324,187.8433228321101,6504.346114699991
374,82608.5018596,1,-0.9662648341797755,101.99565211327676,335.73059439825744,6.8187078261234175,46.24369934195228,4.123037108966567,43.443032101924814,61.18628044759412,187.8433228321101,6524.200819399994
375,82626.2781671,1,-0.9663113432481514,101.9317518524753,335.73055552411176,6.81850407936085,46.15229122889484,4.123625003551974,43.07606031755964,61.19552857617678,187.8433228321101,6541.97712689999
376,82643.9412765,1,-0.9665242697234487,102.18048168875778,335.7305941192745,6.818714389260962,46.23404706424627,4.123608378352402,43.07915185110946,61.18723534693762,187.8433228321101,6559.640236299994
377,82660.7221072,1,-0.9661966210509272,101.9295884220652,335.7305587910755,6.8187153407700345,46.24305254228842,4.123625326107294,43.44226672915168,61.19591011924401,187.8433228321101,6576.421066999988
378,82678.0293197,1,-0.9663784293634349,101.99601784466319,335.7305910957806,6.818706809011547,46.15327310416789,4.123037108966567,43.080124045360336,61.20441025248106,187.8433228321101,6593.728279499992
379,82695.1673953,1,-0.9694639480693061,105.4024004165541,335.73055570742974,6.818503966137625,46.23371198863709,4.123608055797082,43.0758534960819,61.186853803870385,187.8433228321101,6610.866355099992
380,82712.2694489,1,-0.9662142434850816,101.88331033221516,335.7305985111013,6.818504474576317,46.23371198863709,4.123608055797082,43.0758534960819,61.186853803870385,187.8433228321101,6627.968408699991
381,82729.9949353,1,-0.9665606097839546,102.22016691684995,335.73055552411176,6.81850407936085,46.23371198863709,4.123608055797082,43.0758534960819,61.186853803870385,187.8433228321101,6645.69389509999
382,82746.9059425,1,-0.9694318428020824,105.36451288748495,335.73055552411176,6.81850407936085,46.23371198863709,4.123608055797082,43.0758534960819,61.186853803870385,187.8433228321101,6662.604902299994
383,82764.5684878,1,-0.9662691657936672,101.88331033221516,335.7305941192745,6.81870782577536,46.152626304504025,4.123608055797082,43.0758534960819,61.186853803870385,187.8433228321101,6680.267447599996
384,82783.9504075,1,-0.9682984619961463,105.10343136098628,335.73055552411176,6.81850407936085,46.23371198863709,4.123608055797082,43.0758534960819,61.186853803870385,185.1740804404543,6699.649367299993
385,82804.1496998,1,-0.9694661016033169,105.4024004165541,335.73055570742974,6.818504361353091,46.23371198863709,4.123608055797082,43.0758534960819,61.186853803870385,187.8433228321101,6719.848659599986
386,82824.6715634,1,-0.9662413190152875,101.92995415345162,335.7305941192745,6.818714389260962,46.152626304504025,4.123625326107294,43.0793586725872,61.19591011924401,187.631642594753,6740.370523199992
387,82844.5145856,1,-0.9663142641088116,101.92995415345162,335.7305941192745,6.818714389260962,46.152626304504025,4.123625326107294,43.0793586725872,61.19591011924401,187.8433228321101,6760.2135453999945
388,82865.2272777,1,-0.9662696219501167,101.88331033221516,335.73055559239003,6.818688519651528,46.15062379606308,4.123608055797082,43.0758534960819,61.186853803870385,187.8433228321101,6780.926237499996
389,82884.654005,1,-0.9689603985941948,105.4024004165541,335.73055489952196,6.818523385484682,46.23004692860318,4.123608055797082,43.0758534960819,63.22541462705663,187.8433228321101,6800.352964799997
390,82903.213527,1,-0.9694318428020824,105.36451288748495,335.73055552411176,6.81850407936085,46.23371198863709,4.123608055797082,43.0758534960819,61.186853803870385,187.8433228321101,6818.912486799993
391,82920.3220851,1,-0.9692198316906601,105.10343136098628,335.73055552411176,6.81850407936085,46.23371198863709,4.123608055797082,43.0758534960819,61.186853803870385,187.8433228321101,6836.021044899986
392,82938.0083684,1,-0.9694639480693061,105.4024004165541,335.73055570742974,6.818503966137625,46.23371198863709,4.123608055797082,43.0758534960819,61.186853803870385,187.8433228321101,6853.707328199991
393,82954.935307,1,-0.9682984619961463,105.10343136098628,335.73055552411176,6.81850407936085,46.23371198863709,4.123608055797082,43.0758534960819,61.186853803870385,185.1740804404543,6870.6342668
394,82972.8428118,1,-0.9693528165415433,105.37971588831483,335.7305564891724,6.81850407936085,46.23371198863709,4.123608055797082,44.731204578458566,60.357618902146946,187.84332001506053,6888.541771599994
395,82989.8578806,1,-0.9662394267785878,101.90599486045265,335.73055570742974,6.818504361353091,46.23371198863709,4.123608055797082,43.0758534960819,61.186853803870385,187.8433228321101,6905.556840399993
396,83007.7381813,1,-0.9694662667881233,105.4024004165541,335.73055570742974,6.818504641779389,46.233505767786426,4.123608055797082,43.0758534960819,61.186853803870385,187.8433228321101,6923.437141099988
397,83024.933814,1,-0.9689582170206378,105.4024004165541,335.73055489952196,6.818523105058385,46.230253149453844,4.123608055797082,43.0758534960819,63.22541462705663,187.8433228321101,6940.632773799996
398,83042.9689197,1,-0.9694639480693061,105.4024004165541,335.73055570742974,6.818503966137625,46.23371198863709,4.123608055797082,43.0758534960819,61.186853803870385,187.8433228321101,6958.66787949999
399,83060.7965128,1,-0.9689603985941948,105.4024004165541,335.73055489952196,6.818523385484682,46.23004692860318,4.123608055797082,43.0758534960819,63.22541462705663,187.8433228321101,6976.4954726
400,83077.2622601,1,-0.9692213644761547,105.10439302837895,335.73055552411176,6.81850407936085,46.23371198863709,4.123608055797082,43.0758534960819,61.186853803870385,187.8433228321101,6992.961219899997
401,83094.7688007,1,-0.9665602404950956,102.21920524945712,335.73055552411176,6.81850407936085,46.23371198863709,4.123608055797082,43.0758534960819,61.186853803870385,187.8433228321101,7010.467760499989
402,83111.6002123,1,-0.9667018184580628,102.22016691684995,335.73055552411176,6.81850407936085,46.23371198863709,4.903759639516044,43.0758534960819,61.186853803870385,187.8433228321101,7027.2991721
403,83129.1573305,1,-0.9665242697234487,102.18048168875778,335.7305941192745,6.818714389260962,46.23404706424627,4.123608378352402,43.07915185110946,61.18723534693762,187.8433228321101,7044.856290299998
404,83146.2915197,1,-0.9694393511652785,105.37386880755305,335.73055552411176,6.81850407936085,46.23371198863709,4.123608055797082,43.0758534960819,61.186853803870385,187.8433228321101,7061.990479499989
405,83163.8263728,1,-0.9665525026623535,102.21081099678185,335.73055570742974,6.818504361353091,46.23371198863709,4.123608055797082,43.0758534960819,61.186853803870385,187.8433228321101,7079.525332599995
406,83181.0271766,1,-0.9694665046979684,105.4024004165541,335.7305555251849,6.818504332828007,46.23371198863709,4.123608055797082,43.0758534960819,61.186853803870385,187.8433228321101,7096.726136399986
407,83200.0717133,1,-0.9694641315185629,105.4024004165541,335.7305557063566,6.818504107885935,46.23371198863709,4.123608055797082,43.0758534960819,61.186853803870385,187.8433228321101,7115.770673099993
408,83217.0522562,1,-0.9694677473714006,105.4024004165541,335.73055552411176,6.818707702040369,46.23402329441589,4.123608055797082,43.0758534960819,61.186853803870385,187.8433228321101,7132.75121599999
409,83235.129104,1,-0.966518559390706,102.18048168875778,335.7305941192745,6.8185107665814435,46.233735758467475,4.123608378352402,43.07915185110946,61.18723534693762,187.8433228321101,7150.8280638
410,83252.4045348,1,-0.9694639226131133,105.4024004165541,335.7305555240196,6.81850407936085,46.23371198863709,4.123608055797082,43.0758534960819,61.186853803870385,187.8433228321101,7168.1034946
411,83270.4331191,1,-0.9694649318321293,105.4024004165541,335.7305555252771,6.818504332828007,46.23371198863709,4.123608055797082,43.0758534960819,61.186853803870385,187.8433228321101,7186.132078899987
412,83287.5889375,1,-0.9694665046979684,105.4024004165541,335.7305555251849,6.818504332828007,46.23371198863709,4.123608055797082,43.0758534960819,61.186853803870385,187.8433228321101,7203.28789729999
413,83305.4633837,1,-0.9694639480693061,105.4024004165541,335.73055570742974,6.818503966137625,46.23371198863709,4.123608055797082,43.0758534960819,61.186853803870385,187.8433228321101,7221.162343499993
414,83323.1426392,1,-0.9694641315185629,105.4024004165541,335.7305557063566,6.818504107885935,46.23371198863709,4.123608055797082,43.0758534960819,61.186853803870385,187.8433228321101,7238.841598999992
415,83340.8857928,1,-0.9692198316906601,105.10343136098628,335.73055552411176,6.81850407936085,46.23371198863709,4.123608055797082,43.0758534960819,61.186853803870385,187.8433228321101,7256.5847526
416,83359.5930852,1,-0.9692782682043839,105.4024004165541,335.73055570742974,6.818504083416017,46.233505767786426,4.123608055797082,43.0758534960819,61.186853803870385,187.29672037076188,7275.292044999995
417,83378.5906228,1,-0.9694661227371912,105.4024004165541,335.7305557063566,6.818504666249306,46.23371198863709,4.123608055797082,43.0758534960819,61.186853803870385,187.8433228321101,7294.289582599988
418,83395.8685284,1,-0.9694318428020824,105.36451288748495,335.73055552411176,6.81850407936085,46.23371198863709,4.123608055797082,43.0758534960819,61.186853803870385,187.8433228321101,7311.567488199988
419,83413.9631169,1,-0.9694662667881233,105.4024004165541,335.73055570742974,6.818504641779389,46.233505767786426,4.123608055797082,43.0758534960819,61.186853803870385,187.8433228321101,7329.662076699999
420,83431.3231731,1,-0.9694406518271762,105.37427472114665,335.73055552411176,6.818494449225562,46.23402329441589,4.123608055797082,43.0758534960819,61.186853803870385,187.8433228321101,7347.0221328999905
421,83448.6977805,1,-0.9694705235044915,105.4019945029605,335.73055552411176,6.818717332175658,46.23371198863709,4.123608055797082,43.0758534960819,61.186853803870385,187.8433228321101,7364.396740299999
422,83465.8230393,1,-0.9693518678337466,105.37971588831483,335.7305554698552,6.81850407936085,46.23371198863709,4.123608055797082,44.731204578458566,60.357618902146946,187.84332001506053,7381.52199909999
423,83483.3628941,1,-0.9692189159324861,105.10343136098628,335.730556543429,6.81850407936085,46.23371198863709,4.123608055797082,43.0758534960819,61.186853803870385,187.8433228321101,7399.061853899999
424,83500.7433064,1,-0.9692213644761547,105.10439302837895,335.73055552411176,6.81850407936085,46.23371198863709,4.123608055797082,43.0758534960819,61.186853803870385,187.8433228321101,7416.4422662
425,83518.2013712,1,-0.9694639480693061,105.4024004165541,335.73055570742974,6.818503966137625,46.23371198863709,4.123608055797082,43.0758534960819,61.186853803870385,187.8433228321101,7433.900330999997
426,83535.7029568,1,-0.9694664062962082,105.4024004165541,335.73055570742974,6.818503966137625,46.23369752022953,4.123608055797082,43.0758534960819,61.186853803870385,187.8433228321101,7451.401916599993
427,83553.1228933,1,-0.969469204312256,105.4024004165541,335.73055552411176,6.818707702040369,46.23403776282344,4.123608055797082,43.0758534960819,61.186853803870385,187.8433228321101,7468.8218530999875
428,83569.7642708,1,-0.9694661016033169,105.4024004165541,335.73055570742974,6.818504361353091,46.23371198863709,4.123608055797082,43.0758534960819,61.186853803870385,187.8433228321101,7485.4632305999985
429,83587.3515058,1,-0.9694702021774105,105.4024004165541,335.73055552411176,6.818697915202991,46.23401296118873,4.123608055797082,43.0758534960819,61.186853803870385,187.8433228321101,7503.050465599998
430,83604.9234078,1,-0.9694642330798716,105.4024004165541,335.73055570742974,6.818514148190468,46.23372232186424,4.123608055797082,43.0758534960819,61.186853803870385,187.8433228321101,7520.622367599994
431,83621.8552708,1,-0.9694656449599065,105.4024004165541,335.73055570742974,6.818503967640961,46.23369752022953,4.123608055797082,43.0758534960819,61.186853803870385,187.8433228321101,7537.554230599999
432,83639.3321092,1,-0.9694640738102479,105.4024004165541,335.73055570742974,6.818504359849754,46.23371198863709,4.123608055797082,43.0758534960819,61.186853803870385,187.8433228321101,7555.03106899999
433,83656.0244939,1,-0.9694701566290569,105.4024004165541,335.73055552411176,6.818707702040369,46.234043372754556,4.123608055797082,43.0758534960819,61.186853803870385,187.8433228321101,7571.7234536999895
434,83673.5375905,1,-0.9694642941562157,105.4024004165541,335.7305555251849,6.818504332828007,46.233706378705975,4.123608055797082,43.0758534960819,61.186853803870385,187.8433228321101,7589.236550299989
435,83690.8331661,1,-0.9694661227371912,105.4024004165541,335.7305557063566,6.818504666249306,46.23371198863709,4.123608055797082,43.0758534960819,61.186853803870385,187.8433228321101,7606.53212589999
436,83710.5538229,1,-0.9694641315185629,105.4024004165541,335.7305557063566,6.818504107885935,46.23371198863709,4.123608055797082,43.0758534960819,61.186853803870385,187.8433228321101,7626.252782699987
437,83728.5125022,1,-0.9694664062962082,105.4024004165541,335.73055570742974,6.818503966137625,46.23369752022953,4.123608055797082,43.0758534960819,61.186853803870385,187.8433228321101,7644.211461999992
438,83746.264908,1,-0.9694662667881233,105.4024004165541,335.73055570742974,6.818504641779389,46.233505767786426,4.123608055797082,43.0758534960819,61.186853803870385,187.8433228321101,7661.96386779999
439,83763.3619989,1,-0.9694661016033169,105.4024004165541,335.73055570742974,6.818504361353091,46.23371198863709,4.123608055797082,43.0758534960819,61.186853803870385,187.8433228321101,7679.060958699993
440,83781.4334281,1,-0.9694665046979684,105.4024004165541,335.7305555251849,6.818504332828007,46.23371198863709,4.123608055797082,43.0758534960819,61.186853803870385,187.8433228321101,7697.132387899997
441,83798.6119604,1,-0.9694701088400138,105.40239363067279,335.73055552411176,6.818717332175658,46.23371198863709,4.123608055797082,43.0758534960819,61.186853803870385,187.8433228321101,7714.3109201999905
442,83816.2520198,1,-0.9694658809529144,105.40200128884182,335.7305555251849,6.818504332828007,46.23371198863709,4.123608055797082,43.0758534960819,61.186853803870385,187.8433228321101,7731.950979599991
443,83833.2724595,1,-0.9694639999824213,105.4024004165541,335.7305555241278,6.818493177551822,46.233505767786426,4.123608055797082,43.0758534960819,61.186853803870385,187.8433228321101,7748.971419299996
444,83850.8808774,1,-0.9694705906624762,105.4019945029605,335.7305557074137,6.818728796403224,46.23371198863709,4.123608055797082,43.0758534960819,61.186853803870385,187.8433228321101,7766.579837199999
445,83867.920391,1,-0.9694661227371912,105.4024004165541,335.7305557063566,6.818504666249306,46.23371198863709,4.123608055797082,43.0758534960819,61.186853803870385,187.8433228321101,7783.6193508
446,83885.342743,1,-0.9694641315185629,105.4024004165541,335.7305557063566,6.818504107885935,46.23371198863709,4.123608055797082,43.0758534960819,61.186853803870385,187.8433228321101,7801.041702799994
447,83902.6080016,1,-0.9694708245632274,105.4024004165541,335.73055552411176,6.818715033644239,46.2340395572468,4.123608055797082,43.0758534960819,61.186853803870385,187.8433228321101,7818.306961399998
448,83919.868167,1,-0.9694658332691592,105.4024004165541,335.73055570742974,6.81849731017552,46.233489504955514,4.123608055797082,43.0758534960819,61.186853803870385,187.8433228321101,7835.567126799986
449,83937.283065,1,-0.9694701566290569,105.4024004165541,335.73055552411176,6.818707702040369,46.234043372754556,4.123608055797082,43.0758534960819,61.186853803870385,187.8433228321101,7852.982024799989
450,83954.6805468,1,-0.9694705906624762,105.4019945029605,335.7305557074137,6.818728796403224,46.23371198863709,4.123608055797082,43.0758534960819,61.186853803870385,187.8433228321101,7870.3795065999875
451,83971.8392263,1,-0.9694677415181949,105.4024004165541,335.73055552411176,6.818697915202991,46.23402305647858,4.123608055797082,43.0758534960819,61.186853803870385,187.8433228321101,7887.538186099991
452,83989.526994,1,-0.9694701856421907,105.4024004165541,335.73055552411176,6.818707702040369,46.23401319912605,4.123608055797082,43.0758534960819,61.186853803870385,187.8433228321101,7905.225953799993
453,84006.2596787,1,-0.9694638207291649,105.4024004165541,335.73055552407743,6.818504332828007,46.2340170038398,4.123608055797082,43.0758534960819,61.186853803870385,187.8433228321101,7921.958638499986
454,84023.6166084,1,-0.969470374322361,105.4024004165541,335.7305555252193,6.818697915202991,46.23370794598602,4.123608055797082,43.0758534960819,61.186853803870385,187.8433228321101,7939.315568199992
455,84041.3303926,1,-0.9694708245632274,105.4024004165541,335.73055552411176,6.818715033644239,46.2340395572468,4.123608055797082,43.0758534960819,61.186853803870385,187.8433228321101,7957.029352399986
456,84058.5883053,1,-0.9694705906624762,105.4019945029605,335.7305557074137,6.818728796403224,46.23371198863709,4.123608055797082,43.0758534960819,61.186853803870385,187.8433228321101,7974.2872650999925
457,84075.7964822,1,-0.9545299555264517,105.4024004165541,335.73055552411176,6.818715033644239,49.597514520290105,4.123608055797082,43.0758534960819,61.186853803870385,187.8433228321101,7991.4954419999995
458,84092.3305063,1,-0.9691612404305416,105.4019945029605,335.73055552411176,6.818717332175658,46.23371198863709,4.053268320387141,43.0758534960819,61.186853803870385,187.8433228321101,8008.029466099993
459,84109.5211793,1,-0.9694652064431561,105.40204623604016,335.73055570220345,6.818495572127491,46.23369752022953,4.123608055797082,43.0758534960819,61.186853803870385,187.8433228321101,8025.220139099998
460,84126.1351297,1,-0.9694695901976722,105.40234868347444,335.73055552933806,6.818725726185791,46.23371198863709,4.123608055797082,43.0758534960819,61.186853803870385,187.8433228321101,8041.834089499986
461,84143.6768011,1,-0.9694650356527169,105.4024004165541,335.7305555239487,6.818504314409785,46.23372600722721,4.123608055797082,43.0758534960819,61.186853803870385,187.8433228321101,8059.375760899988
462,84159.9889025,1,-0.9694662741257516,105.4024004165541,335.73055570866603,6.81850466019761,46.2334917491963,4.123608055797082,43.0758534960819,61.186853803870385,187.8433228321101,8075.687862299994
463,84177.6204959,1,-0.969466072025625,105.40240039486815,335.7305555251849,6.818504332828007,46.23371198863709,4.123608055797082,43.0758534960819,61.186853803870385,187.8433228321101,8093.319455699995
464,84194.7105798,1,-0.9694694140292675,105.40239365235874,335.73055552411176,6.818717332175658,46.23371198863709,4.123608055797082,43.0758534960819,61.186853803870385,187.8433228321101,8110.40953959999
465,84212.0222489,1,-0.969469204312256,105.4024004165541,335.73055552411176,6.818707702040369,46.23403776282344,4.123608055797082,43.0758534960819,61.186853803870385,187.8433228321101,8127.721208699993
466,84228.9616793,1,-0.9694665046979684,105.4024004165541,335.7305555251849,6.818504332828007,46.23371198863709,4.123608055797082,43.0758534960819,61.186853803870385,187.8433228321101,8144.660639099995
467,84246.6254536,1,-0.9694647907045206,105.4024004165541,335.7305557063566,6.818504319466614,46.23371198863709,4.123608055797082,43.0758534960819,61.186853803870385,187.8433228321101,8162.324413399998
468,84263.824417,1,-0.969465865567964,105.4024004165541,335.7305555251849,6.818504679610699,46.23371198863709,4.123608055797082,43.0758534960819,61.186853803870385,187.8433228321101,8179.523376799989
469,84281.1234821,1,-0.969470106968324,105.40199640313449,335.7305557498271,6.818728796403224,46.23371198863709,4.123608055797082,43.0758534960819,61.186853803870385,187.8433228321101,8196.822441899989
470,84298.1657066,1,-0.9694696914542662,105.40239851638012,335.7305554816984,6.818707702040369,46.23401319912605,4.123608055797082,43.0758534960819,61.186853803870385,187.8433228321101,8213.864666399997
471,84315.8976934,1,-0.969469878131658,105.4024004165541,335.73055552411176,6.818715033644239,46.23402328098696,4.123608055797082,43.0758534960819,61.186853803870385,187.8433228321101,8231.596653199987
472,84333.3983886,1,-0.9694701078223161,105.4024004165541,335.73055552411176,6.818707702040369,46.23403957067573,4.123608055797082,43.0758534960819,61.186853803870385,187.8433228321101,8249.097348399999
473,84350.5620505,1,-0.9694701566290569,105.4024004165541,335.73055552411176,6.818707702040369,46.234043372754556,4.123608055797082,43.0758534960819,61.186853803870385,187.8433228321101,8266.26101029999
474,84368.4018303,1,-0.9694702021774105,105.4024004165541,335.73055552411176,6.818697915202991,46.23401296118873,4.123608055797082,43.0758534960819,61.186853803870385,187.8433228321101,8284.100790099998
475,84386.5151932,1,-0.9694701088400138,105.40239363067279,335.73055552411176,6.818717332175658,46.23371198863709,4.123608055797082,43.0758534960819,61.186853803870385,187.8433228321101,8302.214152999994
476,84404.1286221,1,-0.9687137239139932,105.4019945029605,335.7305557074137,6.818713046480207,46.23371198863709,4.123608055797082,43.0758534960819,64.15081262911654,187.8433228321101,8319.827581899997
477,84421.4487935,1,-0.9694694239280075,105.4024004165541,335.73055552411176,6.818730783567256,46.2340395572468,4.123608055797082,43.0758534960819,61.186853803870385,187.8433228321101,8337.1477533
478,84438.806791,1,-0.9694705906624762,105.4019945029605,335.7305557074137,6.818728796403224,46.23371198863709,4.123608055797082,43.0758534960819,61.186853803870385,187.8433228321101,8354.505750799988
479,84455.9104129,1,-0.9698079563485358,105.40196071962308,335.73055552411176,6.818715528420842,46.2340395572468,4.2218268403538906,43.0758534960819,61.186853803870385,187.8433228321101,8371.609372699997
480,84473.3992187,1,-0.96912921614485,105.40243419989153,335.7305557074137,6.818728301626621,46.23371198863709,4.123608055797082,43.0758534960819,61.186853803870385,186.84784613523092,8389.09817849999
481,84492.1651122,1,-0.9694705235044915,105.4019945029605,335.73055552411176,6.818717332175658,46.23371198863709,4.123608055797082,43.0758534960819,61.186853803870385,187.8433228321101,8407.864071999997
482,84509.1241235,1,-0.9694708245632274,105.4024004165541,335.73055552411176,6.818715033644239,46.2340395572468,4.123608055797082,43.0758534960819,61.186853803870385,187.8433228321101,8424.823083299998
483,84525.9027542,1,-0.9694712627031168,105.40197566841745,335.73055552411176,6.818717332175658,46.23371162396039,4.123608055797082,43.0758534960819,61.186853803870385,187.8433228321101,8441.60171399999
484,84543.4178023,1,-0.9694694103901109,105.40241925109716,335.73055552411176,6.818707702040369,46.23403812750014,4.123608055797082,43.0758534960819,61.186853803870385,187.8433228321101,8459.116762099991
485,84560.6995625,1,-0.9694701047253806,105.4023997344082,335.7305557074137,6.818728796403224,46.233764355551834,4.123608055797082,43.0758534960819,61.186853803870385,187.8433228321101,8476.39852229999
486,84577.9629729,1,-0.9694693401317479,105.4019951851064,335.73055552411176,6.818707702040369,46.23399100583982,4.123608055797082,43.0758534960819,61.186853803870385,187.8433228321101,8493.661932699993
487,84595.4107369,1,-0.9694685355338063,105.4024004165541,335.73055552411176,6.818698469304496,46.23404090551103,4.123608055797082,43.0758534960819,61.186853803870385,187.8433228321101,8511.10969669999
488,84613.977127,1,-0.9694694107293927,105.4024004165541,335.73055552411176,6.8187144795427335,46.23401161292451,4.123608055797082,43.0758534960819,61.186853803870385,187.8433228321101,8529.676086799998
489,84631.3748936,1,-0.9647402112713254,105.40241779604945,335.7305557074137,6.672848844543998,46.23371198863709,4.123608055797082,43.0758534960819,61.186853803870385,187.8433228321101,8547.073853399997
490,84648.8578064,1,-0.9694688681993091,105.40197712346516,335.73055552411176,6.818697915202991,46.23401296118873,4.123608055797082,43.0758534960819,61.186853803870385,187.8433228321101,8564.556766199996
491,84665.7534234,1,-0.9694686735910214,105.40241225821914,335.73055568344904,6.818697915202991,46.23397391071168,4.123608055797082,43.0758534960819,61.186853803870385,187.8433228321101,8581.452383199998
492,84682.8994372,1,-0.9694717071862796,105.40198266129546,335.73055554807644,6.818728796403224,46.23375103911414,4.123608055797082,43.0758534960819,61.186853803870385,187.8433228321101,8598.598396999994
493,84701.0254138,1,-0.9655310031522396,105.4024004165541,335.73055552411176,6.818715033644239,46.2340395572468,3.5916243061573967,43.0758534960819,61.186853803870385,187.8433228321101,8616.724373599995
494,84718.2503905,1,-0.9694708245632274,105.4024004165541,335.73055552411176,6.818715033644239,46.2340395572468,4.123608055797082,43.0758534960819,61.186853803870385,187.8433228321101,8633.949350299998
495,84735.591419,1,-0.9698079563485358,105.40196071962308,335.73055552411176,6.818715528420842,46.2340395572468,4.2218268403538906,43.0758534960819,61.186853803870385,187.8433228321101,8651.290378799997
496,84753.2965467,1,-0.9694712627031168,105.40197566841745,335.73055552411176,6.818717332175658,46.23371162396039,4.123608055797082,43.0758534960819,61.186853803870385,187.8433228321101,8668.995506499996
497,84770.5637633,1,-0.9695136170888684,105.40195891161656,335.73055552411176,6.818717673153357,46.23371052240163,4.135260682484193,43.0758534960819,61.186853803870385,187.8433228321101,8686.262723099993
498,84787.7366392,1,-0.9697728724081006,105.40197747642398,335.73055552411176,6.818715187443144,46.23404065880556,4.21017421366678,43.0758534960819,61.186853803870385,187.8433228321101,8703.43559899999
499,84804.4287501,1,-0.9722215169568378,109.46616239431495,335.7305557074137,6.818728796403224,46.23371198863709,4.123608055797082,43.0758534960819,61.186853803870385,187.8433228321101,8720.1277099
500,84821.6870854,1,-0.9694708245632274,105.4024004165541,335.73055552411176,6.818715033644239,46.2340395572468,4.123608055797082,43.0758534960819,61.186853803870385,187.8433228321101,8737.386045199994
501,84838.7142992,1,-0.969469097623308,105.40240099179937,335.7305557060996,6.818707702040369,46.234043372754556,4.123608055797082,43.0758534960819,61.186853803870385,187.8433228321101,8754.413258999994
502,84856.0069832,1,-0.969470872608323,105.40199392771524,335.73055552542587,6.818728796403224,46.23371198863709,4.123608055797082,43.0758534960819,61.186853803870385,187.8433228321101,8771.705942999994
503,84873.5630894,1,-0.9694696313011845,105.4019945029605,335.73055553613005,6.818728679017157,46.23371198863709,4.123608055797082,43.0758534960819,61.186853803870385,187.8433228321101,8789.262049199999
504,84890.7182162,1,-0.9694703285292395,105.4019945029605,335.7305556953954,6.818717449561726,46.23371198863709,4.123608055797082,43.0758534960819,61.186853803870385,187.8433228321101,8806.417175999988
505,84908.6398219,1,-0.9694699548968188,105.40199998745503,335.7305555406779,6.818730559098394,46.234042448650946,4.123608055797082,43.0758534960819,61.186853803870385,187.8433228321101,8824.33878169999
506,84925.4498083,1,-0.9694705405185926,105.40239493205958,335.73055569084755,6.818713270949069,46.23370909723294,4.123608055797082,43.0758534960819,61.186853803870385,187.8433228321101,8841.1487681
507,84943.2228455,1,-0.9698079563485358,105.40196071962308,335.73055552411176,6.818715528420842,46.2340395572468,4.2218268403538906,43.0758534960819,61.186853803870385,187.8433228321101,8858.921805299993
508,84960.2116787,1,-0.969470872608323,105.40199392771524,335.73055552542587,6.818728796403224,46.23371198863709,4.123608055797082,43.0758534960819,61.186853803870385,187.8433228321101,8875.91063849999
509,84977.6174158,1,-0.9722215169568378,109.46616239431495,335.7305557074137,6.818728796403224,46.23371198863709,4.123608055797082,43.0758534960819,61.186853803870385,187.8433228321101,8893.3163756
510,84994.4275169,1,-0.9694705906624762,105.4019945029605,335.7305557074137,6.818728796403224,46.23371198863709,4.123608055797082,43.0758534960819,61.186853803870385,187.8433228321101,8910.126476699996
511,85012.0119066,1,-0.969469635065422,105.40198266129546,335.73055554807644,6.818728796403224,46.23371509381367,4.123608055797082,43.0758534960819,61.186853803870385,187.8433228321101,8927.710866399997
512,85028.8550766,1,-0.9694697747827931,105.40197566841745,335.73055552411176,6.818717332175658,46.233747569260856,4.123608055797082,43.0758534960819,61.186853803870385,187.8433228321101,8944.55403639999
513,85046.1510414,1,-0.9689343311202118,104.76217292590896,335.73055552411176,6.818715528420842,46.2340395572468,4.1229386174463984,43.0758534960819,61.186853803870385,187.8433228321101,8961.850001199986
514,85063.4822243,1,-0.9698078211236275,105.4024004165541,335.73055552411176,6.818715033644239,46.2340395572468,4.222496278704575,43.0758534960819,61.186853803870385,187.8433228321101,8979.181184099987
515,85080.7370865,1,-0.9697913348709748,105.40195891161656,335.73055552411176,6.818717673153357,46.23371052240163,4.216828271761016,43.0758534960819,61.186853803870385,187.8433228321101,8996.43604629999
516,85097.7572185,1,-0.9695314661895773,105.40196071962308,335.73055552411176,6.818715528420842,46.2340395572468,4.140259251077068,43.0758534960819,61.186853803870385,187.8433228321101,9013.456178299995
517,85115.6392308,1,-0.9695090091659532,105.40199392771524,335.73055552542587,6.818729161370846,46.233712020692224,4.134225918903227,43.0758534960819,61.186853803870385,187.8433228321101,9031.3381906
518,85132.566648,1,-0.9694734027171782,105.40195891161656,335.73055552411176,6.818717308185737,46.233710490346496,4.124642819378049,43.0758534960819,61.186853803870385,187.8433228321101,9048.2656078
519,85150.3551248,1,-0.9692803029169244,105.4019945029605,335.73055552362626,6.818728796403224,46.23371199740108,4.123608055797082,44.16863963212819,61.186853803870385,187.8433228321101,9066.054084599993
520,85167.219844,1,-0.9694685789021766,105.40197566841745,335.7305557078992,6.818717332175658,46.233711615196405,4.123608055797082,43.0758534960819,61.186853803870385,187.8433228321101,9082.9188038
521,85184.3222485,1,-0.969471856815346,105.40240424823159,335.73055573225366,6.818729548566495,46.2340395572468,4.123608055797082,43.0758534960819,61.186853803870385,187.8433228321101,9100.021208299993
522,85201.5952121,1,-0.9694686292481517,105.40199067128302,335.7305554992718,6.818714281480968,46.23371198863709,4.123608055797082,43.0758534960819,61.186853803870385,187.8433228321101,9117.294171899994
523,85219.3761887,1,-0.9722215169568378,109.46616239431495,335.7305557074137,6.818728796403224,46.23371198863709,4.123608055797082,43.0758534960819,61.186853803870385,187.8433228321101,9135.075148499993
524,85237.0016403,1,-0.968439577545811,105.4019945029605,335.7305557074137,6.818728796403224,46.91980684027417,4.123608055797082,43.0758534960819,61.186853803870385,187.8433228321101,9152.700600099997
525,85254.3024583,1,-0.9697728724081006,105.40197747642398,335.73055552411176,6.818715187443144,46.23404065880556,4.21017421366678,43.0758534960819,61.186853803870385,187.8433228321101,9170.001418099986
526,85271.8587072,1,-0.9694712627031168,105.40197566841745,335.73055552411176,6.818717332175658,46.23371162396039,4.123608055797082,43.0758534960819,61.186853803870385,187.8433228321101,9187.557666999986
527,85288.7482357,1,-0.969792898815073,105.40195891161656,335.73055552411176,6.818715573120077,46.23371052240163,4.216828271761016,43.0758534960819,61.186853803870385,187.8433228321101,9204.44719549999
528,85306.3588205,1,-0.9698069818893816,105.40196071962308,335.73055552411176,6.818717628454124,46.2340395572468,4.2218268403538906,43.0758534960819,61.186853803870385,187.8433228321101,9222.05778029999
529,85323.3446353,1,-0.9697896787513917,105.40195955423712,335.73055552411176,6.818717673153357,46.23371052240163,4.216828271761016,43.0758534960819,61.186853803870385,187.8433228321101,9239.043595099996
530,85341.0754124,1,-0.9694705461960887,105.4019750257969,335.73055552411176,6.818717332175658,46.23371162396039,4.123608055797082,43.0758534960819,61.186853803870385,187.8433228321101,9256.774372199987
531,85357.9658054,1,-0.9725794388026295,110.15348262385052,335.73055552411176,6.818728813702485,46.233711955783434,4.123608055797082,43.0758534960819,61.186853803870385,187.8433228321101,9273.664765199996
532,85375.8332895,1,-0.9688975639739156,104.71465542707132,335.7305557074137,6.818717314876398,46.23371165681405,4.123608055797082,43.0758534960819,61.186853803870385,187.8433228321101,9291.532249299999
533,85393.0359581,1,-0.9695090091659532,105.40199392771524,335.73055552542587,6.818729161370846,46.233712020692224,4.134225918903227,43.0758534960819,61.186853803870385,187.8433228321101,9308.734917899987
534,85410.9065433,1,-0.9697728724081006,105.40197747642398,335.73055552411176,6.818715187443144,46.23404065880556,4.21017421366678,43.0758534960819,61.186853803870385,187.8433228321101,9326.6055031
535,85427.9445026,1,-0.9722215169568378,109.46616239431495,335.7305557074137,6.818728796403224,46.23371198863709,4.123608055797082,43.0758534960819,61.186853803870385,187.8433228321101,9343.643462399996
536,85445.5958528,1,-0.9721457627718119,109.2033704289266,335.7305557205874,6.818717673153357,46.23371206916822,4.135260682484193,43.0758534960819,61.186853803870385,187.8433228321101,9361.294812599997
537,85462.5480861,1,-0.9696829587677125,105.66475087684582,335.7305555109381,6.818728796403224,46.2337104418705,4.123608055797082,43.0758534960819,61.186853803870385,187.8433228321101,9378.247045899989
538,85480.3542767,1,-0.969471856815346,105.40240424823159,335.73055573225366,6.818729548566495,46.2340395572468,4.123608055797082,43.0758534960819,61.186853803870385,187.8433228321101,9396.053236499996
539,85496.997686,1,-0.9722215169568378,109.46616239431495,335.7305557074137,6.818728796403224,46.23371198863709,4.123608055797082,43.0758534960819,61.186853803870385,187.8433228321101,9412.696645799995
540,85514.5823468,1,-0.9698079563485358,105.40196071962308,335.73055552411176,6.818715528420842,46.2340395572468,4.2218268403538906,43.0758534960819,61.186853803870385,187.8433228321101,9430.281306599994
541,85531.9620848,1,-0.9698078211236275,105.4024004165541,335.73055552411176,6.818715033644239,46.2340395572468,4.222496278704575,43.0758534960819,61.186853803870385,187.8433228321101,9447.661044599998
542,85549.4823394,1,-0.9695314661895773,105.40196071962308,335.73055552411176,6.818715528420842,46.2340395572468,4.140259251077068,43.0758534960819,61.186853803870385,187.8433228321101,9465.18129919999
543,85566.4028941,1,-0.9722216339881287,109.46616239431495,335.7305556927207,6.818728796403224,46.23371198863709,4.123608055797082,43.0758534960819,61.186853803870385,187.8433228321101,9482.101853899992
544,85583.9248485,1,-0.9698068367604222,105.40196071962308,335.73055553880477,6.818715528420842,46.2340395572468,4.2218268403538906,43.0758534960819,61.186853803870385,187.8433228321101,9499.623808299992
545,85600.9462214,1,-0.9722462425159373,109.46616239431495,335.7305557074137,6.818728794286464,46.23371198863709,4.123608055797082,43.0758534960819,61.186853803870385,187.8433228321101,9516.645181199987
546,85621.6262182,1,-0.9725784090297167,110.15348262385052,335.73055552411176,6.818728815819245,46.233711955783434,4.123608055797082,43.0758534960819,61.186853803870385,187.8433228321101,9537.325178
547,85639.064675,1,-0.9698080964536728,105.4024004165541,335.73055569721464,6.818715159417352,46.23403092095218,4.222496278704575,43.0758534960819,61.186853803870385,187.8433228321101,9554.763634799994
548,85656.0092535,1,-0.9722386719874558,109.46616239431495,335.73055551961784,6.818728670630111,46.233720624931706,4.123608055797082,43.0758534960819,61.186853803870385,187.8433228321101,9571.708213299993
549,85673.4095032,1,-0.9721457627718119,109.2033704289266,335.7305557205874,6.818717673153357,46.23371206916822,4.135260682484193,43.0758534960819,61.186853803870385,187.8433228321101,9589.108462999997
550,85690.8203881,1,-0.9722215169568378,109.46616239431495,335.7305557074137,6.818728796403224,46.23371198863709,4.123608055797082,43.0758534960819,61.186853803870385,187.8433228321101,9606.519347899986
551,85708.4745876,1,-0.9725550153370386,109.39828973653617,335.7305557074137,6.8187291168819995,46.23371198863709,4.229588580141113,43.0758534960819,61.186853803870385,187.8433228321101,9624.173547399987
552,85726.0706925,1,-0.9697053916977212,105.46983337722524,335.73055552411176,6.818715207942067,46.2340395572468,4.11584631600986,43.0758534960819,61.186853803870385,188.47149234063346,9641.76965229999
553,85747.0125473,1,-0.9698059337623871,105.40196071962308,335.73055550780845,6.818715819575391,46.2340395572468,4.2218268403538906,43.0758534960819,61.186853803870385,187.8433228321101,9662.711507099986
554,85764.8512938,1,-0.9722201107988725,109.46616239431495,335.73055572371703,6.818728505248676,46.23371198863709,4.123608055797082,43.0758534960819,61.186853803870385,187.8433228321101,9680.550253599999
555,85782.3767545,1,-0.9725472276852929,110.0929007960607,335.73055552411176,6.818728813702485,46.233711955783434,4.123608055797082,43.0758534960819,61.186853803870385,187.8433228321101,9698.075714299994
556,85799.6504932,1,-0.9722702435837745,109.52674422210477,335.7305557074137,6.818728796403224,46.23371198863709,4.123608055797082,43.0758534960819,61.186853803870385,187.8433228321101,9715.349452999988
557,85817.8715824,1,-0.9698069818893816,105.40196071962308,335.73055552411176,6.818717628454124,46.2340395572468,4.2218268403538906,43.0758534960819,61.186853803870385,187.8433228321101,9733.570542199988
558,85835.3852611,1,-0.9722216339881287,109.46616239431495,335.7305556927207,6.818728796403224,46.23371198863709,4.123608055797082,43.0758534960819,61.186853803870385,187.8433228321101,9751.084220899997
559,85856.4929105,1,-0.9698079563485358,105.40196071962308,335.73055552411176,6.818715528420842,46.2340395572468,4.2218268403538906,43.0758534960819,61.186853803870385,187.8433228321101,9772.191870299997
560,85874.8260151,1,-0.9722215169568378,109.46616239431495,335.7305557074137,6.818728796403224,46.23371198863709,4.123608055797082,43.0758534960819,61.186853803870385,187.8433228321101,9790.524974899992
561,86709.5345286,1,-0.9698079563485358,105.40196071962308,335.73055552411176,6.818715528420842,46.2340395572468,4.2218268403538906,43.0758534960819,61.186853803870385,187.8433228321101,10625.233488399987
562,86730.1334039,1,-0.9721457627718119,109.2033704289266,335.7305557205874,6.818717673153357,46.23371206916822,4.135260682484193,43.0758534960819,61.186853803870385,187.8433228321101,10645.8323637
563,86747.8130959,1,-0.9722215169568378,109.46616239431495,335.7305557074137,6.818728796403224,46.23371198863709,4.123608055797082,43.0758534960819,61.186853803870385,187.8433228321101,10663.51205569999
564,86768.945373,1,-0.9725550153370386,109.39828973653617,335.7305557074137,6.8187291168819995,46.23371198863709,4.229588580141113,43.0758534960819,61.186853803870385,187.8433228321101,10684.644332799988
565,86787.3728482,1,-0.9722215169568378,109.46616239431495,335.7305557074137,6.818728796403224,46.23371198863709,4.123608055797082,43.0758534960819,61.186853803870385,187.8433228321101,10703.071807999993
566,86804.1463759,1,-0.9722084928216296,109.44458113288921,335.73055552411176,6.818728813702485,46.233711955783434,4.123608055797082,43.0758534960819,61.186853803870385,187.8433228321101,10719.845335699996
567,86826.0713632,1,-0.9725577857805313,110.11448205748643,335.7305557074137,6.818728796403224,46.23371198863709,4.123608055797082,43.0758534960819,61.186853803870385,187.8433228321101,10741.77032299999
568,86842.3199988,1,-0.9726271920049807,110.18634113839809,335.73055551469986,6.818728796403224,46.23371198863709,4.123608055797082,43.0758534960819,61.186853803870385,187.8433228321101,10758.01895859999
569,86858.4390923,1,-0.972253598029784,109.49388570755721,335.7305557168256,6.818728813702485,46.233711955783434,4.123608055797082,43.0758534960819,61.186853803870385,187.8433228321101,10774.138052099996
570,86873.8752746,1,-0.972260121305522,109.50081122509332,335.7305557050486,6.818728813702485,46.233711955783434,4.123608055797082,43.0758534960819,61.186853803870385,187.8433228321101,10789.574234399988
571,86888.3450627,1,-0.9725911749010339,110.17941562086199,335.7305555264769,6.818728796403224,46.23371198863709,4.123608055797082,43.0758534960819,61.186853803870385,187.8433228321101,10804.044022499991
572,86902.4984081,1,-0.9722196009517696,109.46616239431495,335.73055553863134,6.818728796403224,46.233711954832096,4.123608055797082,43.0758534960819,61.186853803870385,187.8433228321101,10818.197367899993
573,86915.585358,1,-0.9725471322886046,110.0929007960607,335.73055569289414,6.818728813702485,46.23371198958842,4.123608055797082,43.0758534960819,61.186853803870385,187.8433228321101,10831.28431779999
574,86929.359391,1,-0.972218863255151,109.46472938318519,335.7305556927207,6.818728811423944,46.23371198863709,4.123608055797082,43.0758534960819,61.186853803870385,187.8433228321101,10845.058350799998
575,86943.7060814,1,-0.9725563060692891,109.39972274766595,335.7305557074137,6.818729101861281,46.23371198863709,4.229588580141113,43.0758534960819,61.186853803870385,187.8433228321101,10859.405041199992
576,86957.0966118,1,-0.9722203240502156,109.46616239431495,335.7305556927207,6.818728796403224,46.2337118248706,4.123608055797082,43.0758534960819,61.186853803870385,187.8433228321101,10872.7955716
577,86971.1305438,1,-0.9722475259281688,109.46616239431495,335.73055551961784,6.818728670630111,46.2337207886982,4.123608055797082,43.0758534960819,61.186853803870385,187.8433228321101,10886.82950359999
578,86984.5689476,1,-0.972239630804114,109.46616239431495,335.7305556927207,6.8187287965842005,46.23371198863709,4.123608055797082,43.0758534960819,61.186853803870385,187.8433228321101,10900.26790739999
579,86998.9656185,1,-0.9722403350761681,109.46616239431495,335.7305557074137,6.818728794105488,46.23371198863709,4.123608055797082,43.0758534960819,61.186853803870385,187.8433228321101,10914.664578299999
580,87013.4493755,1,-0.9725784090297167,110.15348262385052,335.73055552411176,6.818728815819245,46.233711955783434,4.123608055797082,43.0758534960819,61.186853803870385,187.8433228321101,10929.148335299993
581,87026.8830226,1,-0.9722216339881287,109.46616239431495,335.7305556927207,6.818728796403224,46.23371198863709,4.123608055797082,43.0758534960819,61.186853803870385,187.8433228321101,10942.581982399992
582,87041.2884741,1,-0.9722215169568378,109.46616239431495,335.7305557074137,6.818728796403224,46.23371198863709,4.123608055797082,43.0758534960819,61.186853803870385,187.8433228321101,10956.987433899994
583,87057.7582124,1,-0.9726271920049807,110.18634113839809,335.73055551469986,6.818728796403224,46.23371198863709,4.123608055797082,43.0758534960819,61.186853803870385,187.8433228321101,10973.457172199996
