iteration,timestamp,success,NPV_over_CAPEX,clearance,sp,p_rated,Nwt,wind_MW_per_km2,solar_MW,surface_tilt,surface_azimuth,time_sec
0,144884.0790674,1,-0.4476615430972451,66.31781439756779,263.146544297673,11.123680212811875,49.17164862900727,8.365667528281284,54.40740862832706,3.234461386659931,152.68054339147096,0.0
1,144902.0601539,1,-0.18343366254850726,36.09610190093926,238.53903316750763,14.225805201015547,44.979727241983014,6.1186871699118175,52.61189558842038,50.770424174774405,186.7897015611046,17.981086500018137
2,144920.742802,1,-0.647388818613678,16.95705826324095,204.24761078602722,9.702824576224018,21.425472411716864,7.244566872690705,196.16513232209505,14.731933404100264,185.94447366342084,36.66373460000614
3,144937.3007321,1,0.8868896361860995,100.24453623179487,226.4928218107318,12.773035120253816,40.6850759936787,9.865626835800333,185.31964437383246,44.8769156700463,184.88689953369214,53.221664700016845
4,144955.9040919,1,-0.5467497707689981,31.58828482045414,303.1606486125948,19.435486997461133,8.261305202763987,9.639600652841581,58.47026102894904,72.08052064865933,192.96639555398667,71.82502450002357
5,144973.3356621,1,-0.0327761848912358,23.92068837263094,221.94249304348435,17.556922194865976,37.85094482343373,5.2456543541629586,45.88339290351182,29.463866808200528,174.05552633657916,89.25659470001119
6,144989.9352073,1,0.6692285140163923,118.82953497002221,252.98564362146362,7.482619903061575,20.640983508599447,3.9846269528411753,181.9599184319223,81.20637383482246,207.12423989313183,105.8561399000173
7,145007.4022019,1,-0.5880527071086724,50.727328458152456,224.53332318933363,9.044503215309357,48.49766235248901,3.869853084709683,188.6049069739892,46.90176276978848,156.85903468910757,123.32313450000947
8,145023.9675549,1,0.9710734145900665,62.57044084005185,208.20963789292475,17.580830342041786,34.7572300025906,5.236156910820933,78.58351711875093,59.60884907414657,152.23128951565718,139.88848750002217
9,145041.3777828,1,0.869845761710822,118.05975023588657,231.92040072011426,10.19395028495136,34.06175320340752,3.428256482249434,148.45285813613884,78.15007889540715,197.7199017473049,157.29871540001477
10,145058.8805376,1,-0.7292240030233312,50.13559785586112,283.73890256978,5.276823942170884,31.764758087171945,6.090961197793438,32.536796042224246,60.76137935603763,181.82620854061548,174.80147020000732
11,145077.1888448,1,-0.7536503036192326,63.28979714132979,203.38611393912498,6.81850407936085,27.779015563895907,3.971895154045,103.15460361754464,41.78080504891511,155.99714537564944,193.10977740000817
12,145093.6415084,1,0.7730782604766565,104.02434585979726,284.88295865209454,6.882140305320238,25.142674329875025,1.518130198570619,149.7044664841688,10.892267898247379,182.14971461074396,209.5624410000164
13,145111.5019546,1,-0.8439669847458029,98.07028143325711,331.87348323857356,9.697554312564408,18.45992620363102,4.029676185688807,189.3152169883159,62.560980291541654,187.37378765538463,227.42288720002398
14,145128.675447,1,0.7872837751549511,96.36989310427215,351.2722410919471,7.9645843951552875,24.204636282160056,1.8172854972264854,140.51463319340957,34.016460805659165,161.79260737723007,244.59637959999964
15,145147.0423998,1,-0.496915915371818,43.90238843499143,285.72732119690625,5.34603674140988,15.269691773875092,9.623589622958661,185.7477031532281,40.1879510041549,173.9318149428117,262.96333240001695
16,145165.0473448,1,0.9770540304287377,67.42594902979064,253.22343205587305,19.560452069205382,21.20678740171036,9.380672872512225,47.03564773334078,66.77753494444579,194.29123767951907,280.96827740001027
17,145183.8774216,1,-0.787203068229398,18.030376491872886,263.54135076162163,7.083389902269045,40.037310789368725,6.258852438377278,179.65962433833428,9.584282309974304,199.4771853499418,299.7983542000002
18,145207.4436939,1,-0.7051482627879707,99.43330814698814,355.26473414139025,9.60712184866512,14.094762124886724,5.55449088193285,61.24420874444533,36.74105924477014,157.89929455172376,323.36462649999885
19,145224.3038994,1,0.8094896557128466,76.37641320922444,218.39496556146037,6.303098261745648,20.479689020569616,2.7085539173125124,104.05521033043374,5.279968046400931,155.16131853494602,340.22483200000715
20,145238.8924564,1,0.6286775890114232,36.41835513359944,344.3161646290664,7.9660704072123,12.134364295773725,1.9972455907768878,156.23277401858883,61.08199386624836,157.24990505953835,354.8133890000172
21,145254.6556039,1,-0.663450949001345,93.09458283066171,353.0605069159663,9.058263316048482,14.094762124886724,5.5403777513066865,61.24420874444533,47.22852497565468,157.89929455172376,370.57653650001157
22,145269.9841864,1,-0.5343817193009296,57.06509616259462,225.29503937662412,9.593361747925996,48.49766235248901,3.883966218363404,188.6049069739892,36.41429703895292,156.85903468910757,385.90511900000274
23,145286.9159963,1,-0.8056004803033086,50.13559785586112,263.77826197972763,5.276823942170884,39.98322369454487,6.090961197793438,36.57955617193623,63.14401498684305,181.82620854061548,402.8369289000111
24,145301.9746102,1,-0.7323594269057,18.030376491872886,283.5019913517935,7.083389902269045,31.818844924933494,6.258852438377278,178.10906439498785,8.825659174518574,199.4771853499418,417.89554280001903
25,145318.9573279,1,-0.496915915371818,43.90238843499143,285.72732119690625,5.34603674140988,15.269691773875092,9.623589622958661,185.7477031532281,40.1879510041549,173.9318149428117,434.8782605000015
26,145334.9464773,1,-0.8439669847458029,98.07028143325711,331.87348323857356,9.697554312564408,18.45992620363102,4.029676185688807,189.3152169883159,62.560980291541654,187.37378765538463,450.86740990000544
27,145350.4553722,1,-0.7945346838775438,50.727328458152456,223.93756588005792,9.044503215309357,28.718975000219597,3.8725833139871617,188.6049069739892,42.04858712826908,156.85903468910757,466.376304800011
28,145367.0040045,1,-0.8369096838728726,63.28979714132979,204.00345448995597,6.81850407936085,47.45584577940346,3.969164924767521,103.15460361754464,46.63398069043453,155.99714537564944,482.9249371000042
29,145382.239353,1,-0.7050047886055614,14.758842871339201,204.24761078602722,9.702824576224018,27.965912005277826,7.244566872690705,83.4157956766654,21.948906651980142,185.94447366342084,498.1602856000245
30,145398.0117206,1,-0.6675936743706828,65.8019235379274,203.38611393912498,6.81850407936085,21.238575971137436,3.971895154045,199.82724329802934,41.78080504891511,152.91049773256506,513.9326532000268
31,145413.7597562,1,-0.17538921312270486,24.567642334287783,238.53903316750763,14.225805201015547,44.979727241983014,6.1186871699118175,52.739113916296965,50.770424174774405,187.0777885358041,529.6806887999992
32,145429.8437049,1,-0.03625165389911558,35.449148450837846,221.94249304348435,17.556922194865976,37.85094482343373,5.2456543541629586,45.75617457711801,29.463866808200528,173.76743935351953,545.7646375000186
33,145446.3888805,1,-0.7986810290351216,50.2730736748313,276.51333797369045,5.276823942170884,38.07052808457654,5.108443494012536,32.536796042224246,60.36405284138334,181.82620854061548,562.3098131000006
34,145461.6398977,1,-0.22021636947924583,23.783473679709793,229.17099883388286,17.556922194865976,31.545174815829338,6.228172057939167,45.88339290351182,29.861192979503613,174.05552633657916,577.5608303000045
35,145477.0525282,1,-0.7760449757890852,98.07028143325711,331.87348323857356,9.596024984185245,18.45992620363102,9.285057972431485,189.3152169883159,62.560980291541654,170.47375616397608,592.9734608000144
36,145493.0735426,1,-0.5832195511301334,43.90238843499143,285.72732119690625,5.467048473153104,15.269691773875092,4.326992869138886,185.7477031532281,40.1879510041549,190.4292546392953,608.9944752000156
37,145507.4191583,1,0.8907365438066908,89.81990312034496,353.1120229348167,7.961248695308456,39.78915878411658,1.8172854972264854,141.83539295060157,9.393092746775476,161.79260737723007,623.3400909000193
38,145523.6277323,1,-0.7409089264260093,18.030376491872886,263.54135076162163,7.083389902269045,24.452744048055195,6.258852438377278,178.33853740246587,34.20897649874106,199.4771853499418,639.5486649000086
39,145537.6474534,1,0.7872837751549511,96.36989310427215,351.2722410919471,7.9645843951552875,24.204636282160056,1.8172854972264854,140.51463319340957,34.016460805659165,161.79260737723007,653.568385999999
40,145553.1411556,1,-0.7051482627879707,99.43330814698814,355.26473414139025,9.60712184866512,14.094762124886724,5.55449088193285,61.24420874444533,36.74105924477014,157.89929455172376,669.0620882000076
41,145569.6217669,1,-0.7421170716783795,18.796914426565028,285.09352086450303,7.083389902269045,31.003602264755855,6.857898492570444,37.222603148767334,8.825659174518574,199.74137126261473,685.5426995000162
42,145584.7600517,1,-0.8072531716265963,49.37710317045516,262.1867324680201,5.276823942170884,40.79846266707286,6.090961197793438,178.6842525371278,63.14401498684305,181.79739187321707,700.6809843000083
43,145600.6487288,1,-0.8121035642854726,98.07028143325711,331.87348323857356,9.02843671289125,18.605255519285546,4.577930463900344,46.77524004508858,62.560980291541654,181.6649781171094,716.569661400019
44,145616.1410493,1,-0.7474406628322176,54.38037051860878,283.73890256978,5.276823942170884,30.470169627518782,5.814732947512901,176.87083678678857,60.76137935603763,187.53501807888148,732.061981900013
45,145631.2548725,1,-0.7288950631567255,51.67050174927649,283.73890256978,5.276823942170884,31.764758087171945,6.227579528198503,34.62879687346626,60.76137935603763,181.18263036799348,747.175805100007
46,145647.3601554,1,-0.7525835573104495,61.754893248009736,203.38611393912498,6.81850407936085,27.779015563895907,3.8352769569117346,101.87371838274277,41.78080504891511,156.64915100589596,763.2810880000179
47,145661.7581193,1,0.7985089970958626,98.11072776451604,223.93756588005792,9.016739163676577,26.796348317320103,3.8725833139871617,188.66819783275713,41.59725020458303,156.36619343790545,777.6790519000206
48,145677.5749992,1,-0.6569038878402154,50.6860751959765,331.87348323857356,9.623789035818032,18.45992620363102,9.285057972431485,198.81858033562455,63.0123165817339,170.96711289264377,793.4959318000183
49,145693.1696544,1,-0.7981204093209351,50.22874147158775,276.51333797369045,5.276823942170884,38.07052808457654,5.108443494012536,183.24684380623273,62.50632694447434,182.441051514088,809.0905870000133
50,145708.5053561,1,-0.8422721036475199,98.11375663066009,331.87348323857356,9.697554312564408,18.45992620363102,4.029676185688807,40.572695651047454,60.418706188450656,186.75894468190964,824.4262887000223
51,145724.8998256,1,-0.7089941720289633,18.030376491872886,263.54135076162163,9.550358485585662,17.514340126085063,6.311828787465563,179.13697071855148,59.884885777295565,200.56122681567697,840.8207582000177
52,145740.3398019,1,-0.8628810873130821,98.07028143325711,331.87348323857356,7.66725835369972,25.398330177571736,3.9766998909985993,188.51678220715362,36.88506798035295,186.28969007672066,856.2607345000142
53,145755.8271783,1,-0.6152202519860549,16.688793862627513,331.2658069047505,7.345013633619249,18.858626900557454,4.048608079897574,190.5132176827978,64.09692556828534,186.12478341724378,871.7481109000219
54,145770.7545441,1,0.8737438149376318,99.92203457269058,264.14697969934036,9.43593190969975,39.63831963329544,6.23992056604742,178.46160772621917,8.160126952832776,200.7261143190935,886.6754767000093
55,145785.7475708,1,-0.8261043888478681,50.19076455601163,263.54135076162163,7.083389902269045,40.037310789368725,6.258852438377278,181.67704460494082,9.584282309974304,199.65176327123754,901.6685034000257
56,145801.6840045,1,-0.7547206396992864,17.98427788039006,263.77826197972763,5.276823942170884,39.98322369454487,6.090961197793438,36.19521542821428,63.14401498684305,181.65152288717974,917.6049371000263
57,145817.1526842,1,-0.8369096838728726,63.28979714132979,204.00345448995597,6.81850407936085,47.45584577940346,3.969164924767521,103.15460361754464,46.63398069043453,155.99714537564944,933.0736168000149
58,145832.514051,1,-0.7051482627879707,99.43330814698814,355.26473414139025,9.60712184866512,14.094762124886724,5.55449088193285,61.24420874444533,36.74105924477014,157.89929455172376,948.4349836000183
59,145848.7610192,1,-0.6635099322430106,65.8019235379274,277.6965782844852,6.81850407936085,21.238575971137436,3.866742186737315,199.82724329802934,41.78080504891511,152.91049773256506,964.681951800012
60,145864.297844,1,-0.7692329426824234,50.2730736748313,203.21159567700718,5.276823942170884,38.07052808457654,5.4511959628794004,32.996677477018906,60.36405284138334,181.82620854061548,980.2187765999988
61,145880.2013925,1,-0.8439669847458029,98.07028143325711,331.87348323857356,9.697554312564408,18.45992620363102,4.029676185688807,189.3152169883159,62.560980291541654,187.37378765538463,996.1223251000047
62,145895.5095955,1,-0.8217635158354649,50.19076455601163,263.54135076162163,7.083389902269045,38.828144021405755,6.175100788181162,181.67704460494082,9.584282309974304,199.65176327123754,1011.430528100027
63,145910.6165354,1,-0.8646499086333266,98.07028143325711,331.87348323857356,7.66725835369972,25.398330177571736,3.9653489313760226,188.51678220715362,39.7437749981543,186.28969007672066,1026.537468000024
64,145927.0360225,1,-0.8133643733951038,98.07028143325711,331.87348323857356,9.02843671289125,18.605255519285546,4.589281423523031,46.77524004508858,59.70227186294335,181.6649781171094,1042.9569551000022
65,145942.3930012,1,-0.7894663957942475,50.2730736748313,276.51333797369045,5.276823942170884,38.07052808457654,5.076921081205171,32.536796042224246,46.49452691846686,155.50659363934443,1058.3139338000037
66,145958.2175506,1,-0.8489700998402833,63.28979714132979,204.00345448995597,6.81850407936085,47.45584577940346,4.000687337620484,103.15460361754464,60.503506608466274,182.3355344347048,1074.1384832000185
67,145974.2031052,1,-0.7945346838775438,50.727328458152456,223.93756588005792,9.044503215309357,28.718975000219597,3.8725833139871617,188.6049069739892,42.04858712826908,156.85903468910757,1090.1240378000075
68,145989.3638269,1,-0.8315910842644633,63.28979714132979,200.7290614601891,6.81850407936085,47.45584577940346,3.969164924767521,103.15460361754464,46.63398069043453,155.99714537564944,1105.2847595000057
69,146005.7500196,1,-0.8270896921522127,63.28979714132979,229.52418907809545,5.2304624009707,46.688727057274846,3.969164924767521,103.15460361754464,46.63398069043453,155.99714537564944,1121.6709522000165
70,146021.1612326,1,-0.8493496515954594,49.37710317045516,262.1867324680201,6.86858846755669,41.565355451672225,6.090961197793438,178.6842525371278,63.14401498684305,181.79739187321707,1137.0821652000013
71,146036.9621605,1,-0.8197717427332738,98.07028143325711,331.87348323857356,9.7235706834129,41.67620865606936,4.029676185688807,188.98124797060683,62.9948620261834,184.50694250566715,1152.883093100012
72,146053.0148625,1,-0.6093079986952902,50.19076455601163,263.54135076162163,7.05737604556675,17.65398610124138,6.258852438377278,182.01101355581147,9.206020160383694,202.51755950974865,1168.9357950999984
73,146068.1356253,1,-0.8600520447109685,98.11365774193419,332.82724611918195,7.66725835369972,25.375347962228922,3.9766998909985993,188.51678220715362,33.8865223074465,186.73264100692813,1184.0565579000104
74,146084.3997872,1,-0.8412380168008474,98.07038032198301,331.87348323857356,9.697554312564408,18.482908423150167,4.029676185688807,40.572695651047454,63.417238952992506,186.3159937517022,1200.3207198000164
75,146099.5458852,1,-0.8078886711497509,50.22874147158775,276.51333797369045,5.276823942170884,38.07052808457654,5.108443494012536,191.23680571109432,62.56002760913009,187.41421910369908,1215.4668178000138
76,146115.2668341,1,-0.833737395596327,98.07028143325711,331.87348323857356,9.697554312564408,18.45992620363102,4.029676185688807,181.3252489397782,62.507279626885904,182.40062006577227,1231.1877667000226
77,146130.8194793,1,-0.8226116396044879,49.78181688612767,263.77826197972763,9.001336111781097,39.98322369454487,6.090961197793438,36.57955617193623,63.14401498684305,181.92778487919935,1246.740411900013
78,146146.2053585,1,-0.6947598001860595,50.682549569466225,223.93756588005792,5.339511181271265,28.718975000219597,3.8725833139871617,188.6049069739892,42.04858712826908,156.76293483399718,1262.126291100023
79,146162.6613275,1,-0.5852197886988139,18.48923337158414,263.54135076162163,7.083389902269045,18.27121875938441,6.175158462631566,178.3360842429396,9.584282309974304,199.4771853499418,1278.5822601000255
80,146177.7922572,1,-0.8919559181183031,97.89008675472306,331.87348323857356,9.697554312564408,40.22558253897869,4.113370182020208,42.3979584417,60.418706188450656,186.75894468190964,1293.713189800008
81,146192.6851896,1,-0.8408909844914082,98.0702825522797,331.87348323857356,9.697554312564408,18.481041169447895,4.029676185688807,189.3152169883159,63.388680722514344,186.41645615530055,1308.606122199999
82,146207.4448591,1,0.9319676757933189,98.0703792029604,331.87348323857356,9.697554312564408,18.461793457333297,2.9063316173036076,40.572695651047454,62.589538522019815,187.27332525178625,1323.3657917000237
83,146222.3803709,1,-0.934630108684391,98.07028143325711,331.87348323857356,9.697554312564408,26.281678677718883,4.029676185688807,189.3152169883159,62.560980291541654,187.37378765538463,1338.3013035000185
84,146238.0382629,1,-0.7583638716566234,98.07028143325711,331.87348323857356,7.66725835369972,17.576577826112647,3.9653489313760226,188.51678220715362,39.7437749981543,186.28969007672066,1353.959195500007
85,146252.8210888,1,0.9401620482621084,98.11375663066009,205.55539136488693,9.737533910437019,44.16129821763745,3.968460237753058,103.02517255734861,60.418706188450656,155.90435644215256,1368.7420214000158
86,146267.9180483,1,-0.6717452031249969,63.28979714132979,331.97268719662856,6.7785388321679,21.66462754483864,4.030380872703269,40.76028909162268,46.63398069043453,186.873554334806,1383.8389809000073
87,146284.3552165,1,-0.8549001958195055,61.778279644408435,204.00345448995597,6.81850407936085,47.21150648921986,3.969164924767521,47.23984266541068,45.45439777341515,155.99714537564944,1400.2761491000128
88,146299.1373437,1,-0.8740060106507085,99.40120345196715,331.87348323857356,9.697554312564408,40.469485134242355,4.113370182020208,98.33978773118731,61.598289064340335,186.75894468190964,1415.0582762999984
89,146314.9462267,1,-0.836364463931121,63.28979714132979,204.00345448995597,6.81850407936085,39.91578101049431,4.000687337620484,181.34555112976435,60.503506608466274,182.3355344347048,1430.867159300018
90,146330.5881645,1,-0.8453621311930153,50.19076455601163,263.54135076162163,7.083389902269045,47.57634632208188,6.258852438377278,103.459818120244,9.584282309974304,199.65176327123754,1446.5090971000027
91,146345.9480061,1,-0.7613911698726842,49.37710317045516,262.1867324680201,6.86858846755669,25.81452171524723,6.090961197793438,187.33239097752255,63.14401498684305,186.98691395279215,1461.868938700005
92,146362.0174461,1,-0.946110304998721,96.64264417853451,332.82724611918195,7.66725835369972,41.1260468032537,3.9766998909985993,172.01693682344867,33.8865223074465,181.5431189273494,1477.938378700026
93,146376.9122798,1,-0.8622942587068133,98.07120195718753,332.7989901335631,7.66725835369972,25.398330177571736,3.9766998909985993,188.51678220715362,36.88506798035295,186.28969007672066,1492.8332124000008
94,146392.2077946,1,-0.8606431452784988,98.11273721800379,331.90173922419245,7.66725835369972,25.375347962228922,3.9766998909985993,188.51678220715362,33.8865223074465,186.73264100692813,1508.1287272000045
95,146408.2238401,1,-0.8459849124319949,98.07028143325711,331.87348323857356,9.697554312564408,18.45992620363102,4.029676185688807,189.3152169883159,60.29905755609109,186.77651783608601,1524.144772700005
96,146423.5949384,1,-0.8417510586465303,98.11375663066009,331.87348323857356,9.697554312564408,18.45992620363102,4.029676185688807,40.572695651047454,62.68062892390122,187.35621450120826,1539.5158710000105
97,146439.3424725,1,-0.8600949156950618,97.89008675472306,330.82581902227196,9.697554312564408,40.22558253897869,6.015641937935147,171.42938743383212,60.34735104451862,186.67094748028464,1555.263405100006
98,146453.8059418,1,-0.8867482157924569,49.37710317045516,263.2321282535356,6.86858846755669,41.565355451672225,4.188689447562491,49.97017876876881,63.215370130775085,181.88538907484133,1569.7268744000176
99,146468.3911527,1,-0.8602849494426581,98.07028143325711,331.87348323857356,7.66725835369972,25.398330177571736,3.9766998909985993,188.51678220715362,33.9702615043124,186.28969007672066,1584.3120853000146
100,146484.6469783,1,-0.8270896921522127,63.28979714132979,229.52418907809545,5.2304624009707,46.688727057274846,3.969164924767521,103.15460361754464,46.63398069043453,155.99714537564944,1600.5679109000193
101,146498.8592867,1,0.839927248579591,96.64264417853451,206.76550354233635,7.702204605472499,41.68629760658259,3.9766998909985993,166.04191646684586,33.8865223074465,181.5431189273494,1614.7802193000098
102,146514.3933147,1,-0.882064053077839,63.28979714132979,331.69699223494723,6.81850407936085,46.89541499358915,4.000687337620484,109.1277653806377,60.503506608466274,182.3355344347048,1630.3142473000044
103,146530.0714084,1,-0.9459367093804522,96.63030763722249,332.82724611918195,7.66725835369972,41.25244683476023,3.9766998909985993,175.49434053981275,37.401463801925225,181.3940781352796,1645.9923410000047
104,146545.0664976,1,-0.8831324091202049,99.41353999327917,331.87348323857356,9.697554312564408,39.98194324521972,4.113370182020208,102.50380504835977,60.486865679709865,186.90798547397588,1660.9874302000098
105,146561.4558729,1,-0.9067187363834951,98.07028143325711,331.87348323857356,9.496437778820194,23.808536740717962,4.03470980539518,189.3152169883159,62.560980291541654,187.37378765538463,1677.376805500011
106,146576.2810135,1,-0.8614732598230858,99.10879454842463,331.87348323857356,7.66725835369972,25.382361834903556,3.971666271292226,188.51678220715362,33.9702615043124,186.28969007672066,1692.2019461000164
107,146591.946181,1,-0.7199882487779865,61.778279644408435,204.00345448995597,7.662542557546471,48.058714968771845,3.968577906804745,192.45798153934078,45.45439777341515,155.99714537564944,1707.8671136000194
108,146607.9672471,1,-0.7876509848729443,98.11365774193419,332.82724611918195,6.823219875726363,24.35095444843326,3.977286908961375,42.22175365975467,33.8865223074465,186.73264100692813,1723.8881797000067
109,146622.7859249,1,-0.8606208647082174,98.11273721800379,331.90173922419245,7.66725835369972,25.375347962228922,3.9766998909985993,188.51678220715362,33.8865223074465,186.7174757495694,1738.7068575000158
110,146638.9834658,1,-0.8623183048937688,98.07120195718753,332.7989901335631,7.66725835369972,25.398330177571736,3.9766998909985993,188.51678220715362,36.88506798035295,186.3048553340794,1754.9043984000164
111,146653.1621184,1,-0.9302326118186559,98.11273721800379,331.90173922419245,9.60061164808974,25.353083969961535,3.973347569912024,188.51323614122387,32.575071565430115,187.32637184399803,1769.0830510000233
112,146667.8507545,1,-0.8657620768943151,98.07028143325711,331.87348323857356,7.764201047341231,26.303942669986267,4.0330285067753815,189.31876305424564,63.872412421112955,186.7800568183147,1783.7716871000011
113,146683.6979768,1,-0.5721711356745082,50.19076455601163,252.69600253349427,10.223687527506446,46.80195276853227,6.258852438377278,103.459818120244,66.23976533155312,199.65176327123754,1799.6189094000147
114,146698.5016917,1,-0.9134042567202489,97.89008675472306,331.87348323857356,6.557446684724044,40.99947371661989,4.113370182020208,42.3979584417,4.433571787432683,186.75894468190964,1814.4226243000012
115,146714.5895199,1,-0.862290805541024,98.07023772132811,332.7989901335631,7.66725835369972,25.398330177571736,3.9766998909985993,188.51678220715362,36.88506798035295,186.28969007672066,1830.5104525000206
116,146730.1615128,1,-0.8627061209395342,98.07124566911654,331.87348323857356,7.66725835369972,25.398330177571736,3.9766998909985993,188.51678220715362,36.65423872833189,186.28969007672066,1846.0824454000103
117,146744.717688,1,-0.8489260605902089,98.07028143325711,263.30171504877455,7.612749053328473,23.851130038025207,3.9653489313760226,45.788303533874625,39.7437749981543,186.28969007672066,1860.638620600017
118,146761.043013,1,-0.8450274145404151,49.37710317045516,331.80176026515755,6.923097768007,41.565355451672225,4.188689447562491,191.60746472107974,63.215370130775085,181.88538907484133,1876.9639456000004
119,146775.8422956,1,-0.8606224515223998,98.07028143325711,331.87348323857356,7.66725835369972,25.398330177571736,4.117267318263785,188.51678220715362,33.9702615043124,186.28969007672066,1891.7632282000268
120,146791.2176334,1,-0.8493496515954594,49.37710317045516,262.1867324680201,6.86858846755669,41.565355451672225,6.090961197793438,178.6842525371278,63.14401498684305,181.79739187321707,1907.1385660000087
121,146806.4208977,1,-0.8417445885941831,97.89008675472306,331.87348323857356,9.780216430666668,41.893352253128754,4.113370182020208,42.3979584417,4.433571787432683,186.75894468190964,1922.3418303000217
122,146821.9138415,1,-0.9175201903138656,97.89008675472306,331.87348323857356,6.47488103044223,40.22558253897869,4.113370182020208,42.3979584417,60.418706188450656,186.75894468190964,1937.834774100018
123,146837.8971459,1,-0.7602593677941459,65.30978463399192,331.69734047511474,6.9672187722511065,25.398330177571736,4.001376988801333,190.35514806909393,39.7437749981543,182.53824010100274,1953.818078500015
124,146852.7923114,1,-0.9248715972646124,95.53249130111283,331.87313499840604,7.518543660948893,46.89541499358915,3.9646592801951734,107.00547889460779,60.503506608466274,186.0869844104227,1968.7132440000132
125,146867.7047524,1,-0.8623111576600709,98.0712752850607,332.7989901335631,7.66725835369972,25.35097845651534,4.270198717779695,188.5131720535379,36.88506798035295,186.27992268066657,1983.6256850000063
126,146882.9176196,1,-0.9290716952578966,98.11266389013062,331.90173922419245,9.60061164808974,25.40043569101793,3.9766832458118238,188.5168462948396,32.575071565430115,186.26069752317645,1998.8385522000026
127,146898.1026119,1,-0.9346537892845137,98.07028143325711,331.87348323857356,9.697554312564408,26.281678677718883,4.034966185227014,189.3152169883159,62.560980291541654,187.37378765538463,2014.0235444999998
128,146913.8636406,1,-0.9067045917311409,98.07028143325711,331.87348323857356,9.496437778820194,23.808536740717962,4.029419805856974,189.3152169883159,62.560980291541654,187.37378765538463,2029.7845732000133
129,146928.8597122,1,-0.8591510273673703,63.28979714132979,335.0568744462235,7.093131503766321,46.89541499358915,4.030517472814777,177.5962751024383,60.503506608466274,182.62152892180814,2044.7806448000192
130,146943.7744273,1,-0.9473744388898891,98.07028143325711,331.6934221206147,9.697554312564408,26.281678677718883,3.9998460504945132,120.7488066434143,62.560980291541654,187.0877931682803,2059.6953599000117
131,146960.0480863,1,-0.8921947189899465,97.89008675472306,331.87348323857356,9.697554312564408,40.24516243276504,4.111355545729338,39.20723834799088,60.55380736125749,186.79526447834695,2075.9690189000103
132,146974.9673662,1,-0.9415788526606532,98.11273721800379,331.8486390840651,9.60061164808974,26.84405590366555,3.975362206202894,191.51978119419732,32.43996892881479,187.29005204756072,2090.8882988000114
133,146989.740716,1,-0.9288597162078369,98.07028143325711,357.84542468592235,7.789841166226597,41.25931419590425,4.248897253252872,189.3152169883159,62.560980291541654,187.53392404092432,2105.661648600013
134,147005.0413502,1,-0.9025380213918448,96.63030763722249,332.8386780439304,9.373854977122999,23.80147666233072,3.9840342053636455,175.49434053981275,37.401463801925225,181.2339417497207,2120.9622827999992
135,147019.6033963,1,-0.946066716090136,96.64264417853451,332.82724611918195,7.66725835369972,41.142873503170144,3.9766998909985993,172.01693682344867,33.8865223074465,181.5431189273494,2135.5243289000064
136,147035.3056214,1,-0.9459803726557392,96.63030763722249,332.82724611918195,7.66725835369972,41.23562013484379,3.9766998909985993,175.49434053981275,37.401463801925225,181.3940781352796,2151.2265540000226
137,147049.5604089,1,-0.8471967504322268,99.41353999327917,331.87348323857356,9.689259281293923,41.02348166959191,4.119170553257863,172.99556085963837,33.6349731455455,187.02974978178648,2165.48134150001
138,147064.9171781,1,-0.9630261418543171,96.64264417853451,332.82724611918195,8.220487929736171,40.084508378881516,3.9708995197609447,101.52098648855107,60.738413307502576,181.42135461953458,2180.838110700017
139,147081.5582531,1,-0.8520565870818774,98.04785499023602,331.87348323857356,7.667932373940577,25.080053694094474,4.11005564230423,31.080107794178645,36.06016086303616,184.5350206187454,2197.479185700009
140,147096.4185546,1,-0.8584445075037493,97.91251319774416,331.87348323857356,6.556772675144915,41.317582894809576,3.9800144307145775,199.05397123136171,5.308381313507255,186.77138013936045,2212.339487200021
141,147112.3380983,1,-0.9429702648547078,98.07028143325711,331.6934221206147,9.697554312564408,26.281678677718883,3.9998460504945132,120.81194303631462,60.03173177301627,181.48427145981876,2228.2590309000225
142,147128.1518571,1,-0.9522607445917848,96.64264417853451,332.82724611918195,7.66725835369972,41.1260468032537,3.9766998909985993,171.953453757274,36.41576751205187,187.1466406358066,2244.0727897000033
143,147143.405745,1,-0.9343119951028129,98.07028143325711,334.94119974814487,7.789841166226597,41.26169823359773,4.248897253252872,189.91259890019472,64.44729843947971,182.1369205429794,2259.326677600009
144,147159.7807478,1,-0.9351696213959002,96.64264417853451,355.64575683699985,7.66725835369972,41.123662765560226,3.9766998909985993,171.41936356432922,32.00017324491499,186.94012242528808,2275.7016804000014
145,147174.6696673,1,-0.9216021253208969,97.89008675472306,331.87348323857356,6.682445506865852,40.99947371661989,4.113766910376701,42.3979584417,4.180287424405854,186.75894468190964,2290.5905999000242
146,147190.303528,1,-0.930962272023084,98.07028143325711,331.87348323857356,9.57258901865232,26.281678677718883,4.029279457332314,189.3152169883159,63.21964032633943,187.49480664163298,2306.224460600002
147,147205.7288173,1,-0.9470959494271273,96.62982887530207,332.82724611918195,7.66725835369972,41.23562013484379,3.9766998909985993,172.12784953680884,37.401463801925225,181.5481375569905,2321.6497499000106
148,147220.6557466,1,-0.9449379049250585,96.64312294045492,332.82724611918195,7.66725835369972,41.142873503170144,3.9766998909985993,175.38342782645262,33.8865223074465,181.38905950563853,2336.5766792000213
149,147236.0702455,1,-0.9459638933297545,96.63030763722249,332.82724611918195,7.66725835369972,41.13866239471118,3.9766998909985993,171.9353107008796,33.91560306706503,181.3940781352796,2351.9911781000264
150,147251.1325627,1,-0.9459086519021834,96.64264417853451,333.318353145486,7.66725835369972,41.23983124330275,3.9766998909985993,175.53827490054212,37.3723830423067,181.5431189273494,2367.0534953000024
151,147265.9939152,1,-0.9289893071126135,98.11273721800379,331.90173922419245,9.60061164808974,25.353083969961535,3.973347569912024,188.51323614122387,32.575071565430115,186.2554070461509,2381.9148478000134
152,147281.5935821,1,-0.9294533385676783,98.11266389013062,331.90173922419245,9.60061164808974,25.40043569101793,3.9766832458118238,188.5168462948396,32.575071565430115,186.5870282024854,2397.514514700015
153,147296.8851478,1,-0.7992686900134932,98.14427873460652,331.87348323857356,6.47488103044223,27.014530380174072,4.1076581489963955,42.3979584417,32.43689843674041,186.76627277895034,2412.8060804000124
154,147312.5408665,1,-0.8616020078119997,97.85854523812033,331.8486390840651,9.60061164808974,40.05509331140809,3.981074239226707,197.8476915816233,60.421775479048215,187.28272395052,2428.4617991000123
155,147327.7357054,1,-0.9470401601413944,96.63030763722249,332.82724611918195,7.66725835369972,40.837678231460956,3.9766998909985993,175.49434053981275,36.584331923272686,181.86237451217406,2443.656638000015
156,147343.0276522,1,-0.9502009562126813,98.07028143325711,331.6934221206147,9.697554312564408,26.696382976407413,3.9998460504945132,120.7488066434143,63.37810723505781,186.6194967913828,2458.948584800004
157,147359.0299816,1,-0.8641468546427785,96.64264417853451,332.78851673567783,8.220487929736171,24.5360623525266,3.9708995197609447,101.52098648855107,60.738413307502576,181.42135461953458,2474.950914200017
158,147374.1138749,1,-0.8219484572855951,98.07028143325711,331.91221262207773,9.697554312564408,41.82962627907317,4.034966185227014,189.3152169883159,62.560980291541654,187.37378765538463,2490.034807500022
159,147389.80842,1,-0.8570164939689613,96.64281422845136,332.82724611918195,9.700590076268805,40.084508378881516,3.9708995197609447,188.74784298012776,33.698306622308166,186.97715632301814,2505.7293525999994
160,147405.5726563,1,-0.8914745836661899,98.11256716808694,331.8486390840651,8.120509503015123,26.84405590366555,3.975362206202894,103.99327401140141,59.48007421761901,181.73425034407208,2521.493588900019
161,147420.4244976,1,-0.946110304998721,96.64264417853451,332.82724611918195,7.66725835369972,41.1260468032537,3.9766998909985993,172.01693682344867,33.8865223074465,181.5431189273494,2536.3454302000173
162,147436.5326506,1,-0.9459803726557392,96.63030763722249,332.82724611918195,7.66725835369972,41.23562013484379,3.9766998909985993,175.49434053981275,37.401463801925225,181.3940781352796,2552.4535832000256
163,147451.3632844,1,-0.9468878936887497,98.06724996370161,331.72467277480195,9.697554312564408,26.281678677718883,3.9998460504945132,115.62497488876107,32.523348354091794,181.48427145981876,2567.2842170000076
164,147467.1804839,1,-0.9387419187850528,96.63333910677798,332.79599546499463,7.66725835369972,41.13866239471118,3.9766998909985993,177.11653299377,61.42398231653524,181.3940781352796,2583.1014165000233
165,147482.578766,1,-0.9615635536527304,96.64314592229009,332.82724611918195,8.220487929736171,40.11552497770274,3.9708995197609447,105.18083544633672,60.95711108992863,181.4262563227068,2598.499698600004
166,147497.5344778,1,-0.9456576959976692,96.64262119669935,332.82724611918195,7.66725835369972,41.11185690434892,3.9766998909985993,171.71809426121897,33.66782278634897,181.38415780246632,2613.455410400027
167,147513.3807797,1,-0.9317499357629071,87.96858385229332,331.8486390840651,7.629373956997559,41.004648338944364,3.975362206202894,192.5389600444835,32.43507068546269,187.29005204756072,2629.3017123000172
168,147528.4598733,1,-0.9332276714107619,98.08055243397126,355.64575683699985,9.638496089031456,26.963026299716834,3.9766998909985993,170.3973013420954,32.00507148826709,186.94012242528808,2644.3808059000003
169,147543.4782507,1,-0.9479040877864621,96.6303039491591,332.82724611918195,7.66725835369972,40.837678231460956,3.9766998909985993,172.3693073051356,37.3972387217637,181.57751199274296,2659.3991833000036
170,147560.0978682,1,-0.9462225802903875,96.62983256336545,332.82724611918195,7.66725835369972,41.23562013484379,3.9766998909985993,175.25288277148596,36.588557003434204,181.8330000764216,2676.018800800026
171,147576.0945959,1,-0.9506428985376686,98.07028143325711,331.6934221206147,9.697554312564408,26.696382976407413,3.9998460504945132,120.7488066434143,63.37810723505781,187.02284234062918,2692.015528500022
172,147592.2289491,1,-0.8329131700562278,98.07028143325711,331.6934221206147,9.697554312564408,17.91638540099742,3.9998460504945132,120.7488066434143,62.560980291541654,186.68444761903393,2708.1498817000247
173,147607.5866725,1,-0.9526064001089721,96.64264417853451,332.82724611918195,7.66725835369972,41.1260468032537,3.9766998909985993,171.94401185512407,36.41576751205187,187.54079897789364,2723.5076051000215
174,147622.3499205,1,-0.9377596130017911,96.64264417853451,332.82724611918195,7.66725835369972,41.142873503170144,3.9766998909985993,172.0263787255986,23.48740444579351,181.14896058523482,2738.2708531000244
175,147638.720362,1,-0.9539449465607155,96.64264417853451,332.82724611918195,8.220487929736171,41.21709513291258,3.9708995197609447,101.52098648855107,59.564422309247064,181.41266520655248,2754.6412946000055
176,147653.6895176,1,-0.9478199577115096,96.64264417853451,332.82724611918195,7.66725835369972,40.01028674913907,3.9766998909985993,172.01693682344867,35.06051218174243,181.55180834033152,2769.610450200009
177,147669.076517,1,-0.9477826965633045,98.11177514536894,333.318353145486,7.66725835369972,41.23983124330275,3.9763934837272745,175.53827490054212,37.3723830423067,181.5431189273494,2784.9974496000214
178,147685.0673674,1,-0.9478236734168063,96.60115046642267,331.6934221206147,9.697554312564408,26.696382976407413,4.000152457765838,120.7488066434143,63.37810723505781,186.6194967913828,2800.9883000000264
179,147700.9666576,1,-0.9492673749736172,96.64264417853451,323.66237163301633,7.66725835369972,41.1260468032537,3.9766998909985993,172.01853499981402,33.704245829716776,181.67248092156132,2816.8875902
180,147717.2630933,1,-0.951460982588824,96.64264417853451,332.82724611918195,7.66725835369972,41.1260468032537,3.9766998909985993,171.95185558090864,36.598043989781594,186.13088066184972,2833.184025900002
181,147732.4679096,1,-0.9498312624956605,98.07028143325711,332.9688730177225,9.687359879271249,26.696382976407413,3.819600652576336,120.7488066434143,63.567467457492945,188.20459298442327,2848.3888422000164
182,147748.0157386,1,-0.9632823295646551,96.64264417853451,331.5517952220741,8.230682363344476,40.084508378881516,3.9708995197609447,101.52098648855107,60.549053085067435,181.42135461953458,2863.9366712000046
183,147763.5208833,1,-0.9514803514441753,96.64264417853451,332.82724611918195,7.66725835369972,41.1260468032537,3.9766998909985993,171.95185558090864,36.598043989781594,186.1525934416007,2879.441815900005
184,147778.2049254,1,-0.9522439324508785,96.64264417853451,332.82724611918195,7.66725835369972,41.1260468032537,3.9766998909985993,171.953453757274,36.41576751205187,187.12492785605565,2894.125858000014
185,147795.3712852,1,-0.941539953668369,96.64264417853451,332.82724611918195,8.231311349112428,41.1359273159758,3.976874709371213,171.953453757274,36.41576751205187,187.10629668596928,2911.2922178000154
186,147813.534758,1,-0.96052436385541,96.64264417853451,332.82724611918195,7.656434934323599,41.20721462019049,3.970724701388331,108.51700058133859,59.564422309247064,181.45300915638575,2929.455690600007
187,147829.0638182,1,-0.7969856914865212,96.64264417853451,322.7361002672699,9.720953130519987,43.52435403252243,3.9766998909985993,122.04725249527853,33.704245829716776,181.76718342640217,2944.9847508000094
188,147845.0040025,1,-0.838255226757722,98.07028143325711,332.61969348590617,7.643859587529964,24.295110642980774,3.9998460504945132,170.71975904403445,63.37810723505781,186.52479428654132,2960.924935100018
189,147860.2262129,1,-0.9464870988267238,96.62983256336545,332.82724611918195,7.66725835369972,41.13070339937057,3.9766998909985993,175.25288277148596,36.58863005182215,181.8330000764216,2976.147145499999
190,147876.6513208,1,-0.9507038246823518,96.64264417853451,332.82724611918195,7.66725835369972,41.23096353872693,3.9766998909985993,173.71259883507557,36.59797094139364,186.13088066184972,2992.5722534000233
191,147891.9566365,1,-0.9659803038705177,96.64314592229009,332.82724611918195,8.220487929736171,40.076013086137884,3.9708995197609447,105.18083544633672,61.04334602254103,187.12888328216857,3007.8775691000046
192,147907.5585467,1,-0.9446571809942959,98.07028143325711,331.6934221206147,9.697554312564408,26.735880588772524,3.9998460504945132,120.7488066434143,63.29187230244541,181.32021538116115,3023.4794793000037
193,147923.2583714,1,-0.9382022964524535,96.64314592229009,332.82724611918195,8.241179838194146,40.11552497770274,3.9708995197609447,174.07172688885987,62.031118300149046,181.4262563227068,3039.1793040000193
194,147938.3475632,1,-0.9687796190968959,96.64264417853451,332.82724611918195,7.646566445241978,41.1260468032537,3.9766998909985993,103.04732752676767,35.34175705716716,187.54079897789364,3054.2684958000027
195,147954.6482198,1,-0.9619192327351381,96.64264417853451,332.82724611918195,7.652951403931382,40.04891547120183,3.9706682871799353,101.52098648855107,60.99995912438575,181.42135461953458,3070.569152400014
196,147969.6198294,1,-0.941372532219405,96.64264417853451,332.82724611918195,8.234794879504674,41.16163971093338,3.9769311235796088,171.94401185512407,36.154220699225554,187.54079897789364,3085.5407620000187
197,147986.0023542,1,-0.858308933156073,96.62982887530207,332.82724611918195,9.61320247867707,41.23562013484379,3.97736644521275,119.76719026772534,38.94428396156846,181.5481375569905,3101.923286800011
198,148001.643685,1,-0.8733062251230665,96.60115046642267,331.6934221206147,7.751610217153848,26.814263137162826,3.9994859035516868,173.10870911914088,60.967213992698646,186.6194967913828,3117.564617600001
199,148016.9195154,1,-0.9736417848345267,96.64264417853451,332.82724611918195,8.220487929736171,38.53712214951696,3.976683619645316,101.52098648855107,34.79247316769243,181.41266520655248,3132.8404480000027
200,148033.1827741,1,-0.9427319008062136,96.64264417853451,332.82724611918195,7.66725835369972,40.0155145019787,3.970915791114228,172.01693682344867,59.83246067787169,181.55180834033152,3149.1037066999997
201,148048.8083483,1,-0.9541340738261674,96.64264417853451,333.00568469943306,8.230682363344476,41.11610615907393,3.971042546835392,101.52098648855107,60.549053085067435,181.54436363351078,3164.7292809000064
202,148064.5693394,1,-0.9702823816391539,96.64264417853451,331.3733566418229,7.646566445241978,40.09444902306128,4.0457774229325825,103.04732752676767,35.34175705716716,187.417789963908,3180.4902720000246
203,148080.6503691,1,-0.9618186561322272,96.64264417853451,332.8348220843859,8.220487929736171,40.084508378881516,3.8177180428834854,101.52098648855107,60.644231067917936,181.42135461953458,3196.5713017000235
204,148095.912537,1,-0.9507283280615241,98.07028143325711,332.9612970525186,9.687359879271249,26.696382976407413,3.972782129453795,120.7488066434143,63.66164969707758,188.20459298442327,3211.8334696000093
205,148112.2163643,1,-0.947835681466262,96.64264417853451,332.82724611918195,7.66725835369972,41.1260468032537,3.976242859055422,171.39466914162458,39.91556306463906,181.19911083960184,3228.1372969000076
206,148127.9580963,1,-0.9672820387717799,96.64264417853451,332.82724611918195,7.652951403931382,40.04891547120183,3.971125319123112,102.07567508259535,57.68243952574086,186.3748372215319,3243.8790289000026
207,148143.3670881,1,-0.9657611503596507,96.64273103992016,332.82724611918195,7.646617533154388,40.05433596426547,3.977752819528254,105.18083544633672,61.04334602254103,187.5476383046692,3259.2880207000126
208,148159.8186764,1,-0.9598135676691829,96.64305906090445,332.82724611918195,8.220436841823863,41.14772392512612,3.96984659123129,103.04732752676767,35.34175705716716,187.12204395539305,3275.739609000011
209,148174.6451302,1,-0.9517091859289514,96.64264417853451,332.82724611918195,8.220487929736171,41.3838289843027,3.970728281633479,101.52098648855107,60.738413307502576,181.42135461953458,3290.566062800004
210,148190.4601445,1,-0.959903048089522,96.64264417853451,332.82724611918195,7.656434934323599,39.907894014769255,3.970895939515797,111.61765636824764,59.564422309247064,181.45300915638575,3306.381077099999
211,148206.3153054,1,-0.9632823295646551,96.64264417853451,331.5517952220741,8.230682363344476,40.084508378881516,3.9708995197609447,101.52098648855107,60.549053085067435,181.42135461953458,3322.2362380000122
212,148221.8595443,1,-0.963221708207493,96.64264417853451,332.82724611918195,7.652951403931382,40.04891547120183,3.9706682871799353,101.52098648855107,64.41134006315549,185.62596121809315,3337.7804769000213
213,148237.9788491,1,-0.9481106896486402,96.64264417853451,332.82724611918195,7.66725835369972,41.1260468032537,3.9766998909985993,171.9444049079169,36.41576751205187,182.57105677568154,3353.89978170002
214,148253.0600962,1,-0.9526615560788811,96.64264417853451,332.82724611918195,7.66725835369972,41.1260468032537,3.9766998909985993,171.95146252811585,36.598043989781594,187.4939045851291,3368.9810288000153
215,148268.9079042,1,-0.9655131334720891,96.64264417853451,332.82724611918195,7.66725835369972,41.1260468032537,3.9766998909985993,111.019549979912,57.7746444561312,187.12492785605565,3384.8288368000067
216,148284.6865201,1,-0.939682702369551,96.64264417853451,332.82724611918195,8.220487929736171,41.21709513291258,3.9708995197609447,162.4530361864059,38.20554512778333,181.41266520655248,3400.607452700002
217,148301.3784099,1,-0.9562978035016487,96.64264417853451,332.82724611918195,8.220487929736171,41.21709513291258,3.9708995197609447,101.52098648855107,34.49763703387208,181.41266520655248,3417.299342500017
218,148317.4879755,1,-0.9706800326664218,96.64264417853451,332.82724611918195,8.220487929736171,38.53712214951696,3.976683619645316,101.52098648855107,59.85925773042574,181.41266520655248,3433.408908100013
219,148333.3346096,1,-0.9736417848345267,96.64264417853451,332.82724611918195,8.220487929736171,38.53712214951696,3.976683619645316,101.52098648855107,34.79247316769243,181.41266520655248,3449.2555422000005
220,148349.0810283,1,-0.9615635536527304,96.64314592229009,332.82724611918195,8.220487929736171,40.11552497770274,3.9708995197609447,105.18083544633672,60.95711108992863,181.4262563227068,3465.001960900001
221,148365.4197372,1,-0.9717271174191516,97.76026720194497,332.82724611918195,7.652551869396096,40.0523729237737,3.971125319123112,103.01296686916082,35.201190423512664,189.22356615742365,3481.3406698000035
222,148380.8137958,1,-0.9691952486600781,96.64264417853451,331.3733566418229,7.646965979777264,40.09099157048941,4.0457774229325825,102.1100357402022,57.82300604765204,187.48795952355482,3496.7347284000134
223,148397.2963463,1,-0.9657636601556744,96.6427372561357,332.82724611918195,7.646617533154388,40.054761319394736,3.977752819528254,105.16539326649732,61.04334602254103,187.5476383046692,3513.2172789000033
224,148412.672373,1,-0.9672789660770423,96.64263796231897,332.82724611918195,7.652951403931382,40.048490116072564,3.971125319123112,102.09111726243475,57.68243952574086,186.3748372215319,3528.5933056000213
225,148428.601284,1,-0.9736417848345267,96.64264417853451,332.82724611918195,8.220487929736171,38.53712214951696,3.976683619645316,101.52098648855107,34.79247316769243,181.41266520655248,3544.5222166000167
226,148444.7757256,1,-0.9728409077183134,96.64264417853451,332.82724611918195,8.220487929736171,38.53712214951696,3.976683619645316,94.05569589641647,59.85925773042574,181.41266520655248,3560.6966582000023
227,148459.9375085,1,-0.9568571671178138,96.64314592229009,332.82724611918195,8.220487929736171,41.20878206880121,3.9708995197609447,103.02332410806093,61.04334602254103,187.12888328216857,3575.8584411000193
228,148476.5403283,1,-0.968298141710156,96.64264417853451,332.82724611918195,7.646566445241978,39.99327782059038,4.505558877132593,105.20483886504346,35.34175705716716,184.19799191714552,3592.461260900018
229,148491.6670866,1,-0.9632823295646551,96.64264417853451,331.5517952220741,8.230682363344476,40.084508378881516,3.9708995197609447,101.52098648855107,60.549053085067435,181.42135461953458,3607.5880192000186
230,148506.7278948,1,-0.963221708207493,96.64264417853451,332.82724611918195,7.652951403931382,40.04891547120183,3.9706682871799353,101.52098648855107,64.41134006315549,185.62596121809315,3622.6488274000003
231,148526.2617308,1,-0.967841927964465,96.64264417853451,332.82724611918195,7.66725835369972,41.1260468032537,3.9766998909985993,101.46556940710012,57.7746444561312,187.12492785605565,3642.182663400017
232,148541.0018538,1,-0.9710766118534582,96.64264417853451,332.82724611918195,8.220487929736171,38.53712214951696,3.976683619645316,111.07496706136297,34.79247316769243,181.41266520655248,3656.922786400013
233,148557.3764053,1,-0.9646556481491899,96.64264417853451,332.82724611918195,7.646566445241978,38.43199686295997,3.9766821595127393,101.52621877316615,34.79702437667329,187.54079897789364,3673.297337900003
234,148572.5752345,1,-0.9563872329729592,96.64264417853451,331.160532481597,8.220487929736171,41.231172089777004,3.976701351131176,103.0420952421526,35.33720584818629,181.41266520655248,3688.4961671000056
235,148588.1893508,1,-0.9665721385568304,96.64264417853451,331.436928333878,7.646566445241978,40.55137891430382,4.046523403800759,103.04732752676767,35.34175705716716,181.11075393678385,3704.1102834000194
236,148604.1367555,1,-0.9763446927712544,96.64264417853451,332.76367442712683,8.419625401300745,38.08019225826889,3.9759376387771397,101.52098648855107,59.85925773042574,187.71970123363684,3720.0576881000015
237,148619.6433116,1,-0.9656327574342103,96.64264417853451,332.83469985226884,8.220487929736171,40.08244631770359,3.8282245934404493,101.52098648855107,61.047180490670584,186.91034345815717,3735.56424420001
238,148635.5346969,1,-0.9614930079565139,96.64273103992016,332.827368351299,7.646617533154388,40.05639802544339,3.96724626897129,105.18083544633672,60.64039659978839,182.0586494660387,3751.4556295000075
239,148651.2922061,1,-0.9736417848345267,96.64264417853451,332.82724611918195,8.220487929736171,38.53712214951696,3.976683619645316,101.52098648855107,34.79247316769243,181.41266520655248,3767.2131387000263
240,148666.3386236,1,-0.9632823295646551,96.64264417853451,331.5517952220741,8.230682363344476,40.084508378881516,3.9708995197609447,101.52098648855107,60.549053085067435,181.42135461953458,3782.259556200006
241,148683.0539466,1,-0.9716225718202618,96.64310143421525,332.82724611918195,8.220487929736171,38.49567859473942,4.611216884195844,105.18083544633672,59.872138676527705,181.22666932293293,3798.9748792000173
242,148698.686846,1,-0.9668485278540724,96.64268866660936,332.82724611918195,8.220487929736171,40.11745664091541,3.9705967793434835,101.52098648855107,61.030465076439064,187.31487916577547,3814.6077786000096
243,148714.5812744,1,-0.9703074698131576,96.64264417853451,332.82724611918195,8.220487929736171,38.53712214951696,3.976683619645316,101.52098648855107,60.58684917192059,181.41266520655248,3830.5022070000123
244,148730.6511094,1,-0.9753991815431269,96.64264417853451,332.82724611918195,8.220487929736171,38.53712214951696,3.976683619645316,94.05569589641647,34.06488016308016,181.41266520655248,3846.5720420000143
245,148746.3178137,1,-0.9662326811110078,96.64264417853451,331.3733566418229,7.646566445241978,38.554830451607984,4.046283899576098,103.04732752676767,35.34175705716716,187.417789963908,3862.2387463000196
246,148762.2146596,1,-0.9042725390436296,96.64264417853451,332.82724611918195,8.220487929736171,45.171047916582204,3.9761771430018005,101.52098648855107,34.79247316769243,181.41266520655248,3878.1355922000075
247,148779.3452248,1,-0.9677660356477079,96.64264417853451,331.3733566418229,7.646566445241978,40.08660437367441,4.041941947443506,97.87214011560062,35.34175705716716,181.40310027599946,3895.2661574000085
248,148796.0787729,1,-0.9741565935274872,96.64264417853451,332.82724611918195,8.220487929736171,38.54496679890383,3.8880791139284465,111.07496706136297,34.79247316769243,187.42735489445283,3911.9997054999985
249,148811.6943342,1,-0.9729023658067354,96.64264417853451,332.82724611918195,8.220487929736171,38.53712214951696,3.9709366404007294,93.7529558418598,59.85925773042574,181.42743231165664,3927.615266800014
250,148826.8593571,1,-0.9672861262728983,96.64264417853451,332.82724611918195,7.652951403931382,40.04891547120183,3.976872298367699,102.37841513715203,57.68243952574086,186.36007011642715,3942.780289700022
251,148843.3367036,1,-0.9707148892653574,96.64264417853451,332.766340251914,7.624300944356785,40.01935734630241,4.505558877132593,101.74320459009567,35.34175705716716,187.67412520237295,3959.2576362000254
252,148858.3994559,1,-0.9727425329712048,96.64264417853451,332.82458029439476,8.441890902193169,38.05411273255668,3.9759376387771397,104.98262076349886,59.85925773042574,184.2435679484094,3974.3203885000257
253,148874.805214,1,-0.9567313952138536,96.64264417853451,332.76367442712683,7.5076746276365345,38.08019225826889,3.9711380453550817,101.53483838799524,59.85925773042574,189.20615534908265,3990.7261466000054
254,148890.85915,1,-0.9742202117525179,97.76026720194497,332.82724611918195,7.993685087521589,40.0523729237737,3.9759249125451706,102.99911496971664,35.201190423512664,187.73711204197784,4006.7800826000166
255,148906.0642404,1,-0.9736417848345267,96.64264417853451,332.82724611918195,8.220487929736171,38.53712214951696,3.976683619645316,101.52098648855107,34.79247316769243,181.41266520655248,4021.9851730000228
256,148921.7646753,1,-0.9738280734483643,96.64264417853451,332.82724611918195,8.220487929736171,38.53712214951696,3.976683619645316,100.84387639835013,34.79247316769243,181.41266520655248,4037.685607899999
257,148936.4603264,1,-0.8161881814594761,96.64264417853451,332.82724611918195,10.812635095156368,38.53712214951696,3.976683619645316,101.52098648855107,34.79247316769243,181.41266520655248,4052.381259000016
258,148952.167153,1,-0.9714042813675368,96.48411616339924,332.82724611918195,8.220487929736171,40.08156566313622,3.976683619645316,101.52098648855107,35.23638577486316,191.37609701838468,4068.0880856000003
259,148967.8894128,1,-0.9669299152077244,102.28305792820707,332.82724611918195,7.652551869396096,38.50792941015443,3.971125319123112,103.01296686916082,34.75727781634193,179.26013424084817,4083.8103454000084
260,148983.2738908,1,-0.9760306947920719,96.64264417853451,332.82458029439476,8.441890902193169,37.984115302757154,3.9759376387771397,94.4322416294148,59.85925773042574,184.2435679484094,4099.194823400001
261,148999.8536086,1,-0.9687816946461858,96.64264417853451,339.79070261292986,8.220487929736171,38.607119579316496,3.976683619645316,104.60607503050069,34.06488016308016,181.41266520655248,4115.774541200022
262,149015.2745822,1,-0.9736417848345267,96.64264417853451,332.82724611918195,8.220487929736171,38.53712214951696,3.976683619645316,101.52098648855107,34.79247316769243,181.41266520655248,4131.195514800027
263,149030.7652588,1,-0.973027317994019,96.64264417853451,332.82724611918195,8.220487929736171,38.53712214951696,3.976683619645316,101.52098648855107,34.79247316769243,180.39579112484634,4146.686191400018
264,149046.6678693,1,-0.9729023658067354,96.64264417853451,332.82724611918195,8.220487929736171,38.53712214951696,3.9709366404007294,93.7529558418598,59.85925773042574,181.42743231165664,4162.588801900012
265,149062.0991137,1,-0.9736417848345267,96.64264417853451,332.82724611918195,8.220487929736171,38.53712214951696,3.976683619645316,101.52098648855107,34.79247316769243,181.41266520655248,4178.020046300022
266,149078.678035,1,-0.9783904463871326,96.64264417853451,332.82724611918195,8.220487929736171,38.53712214951696,3.976683619645316,94.05569589641647,34.06488016308016,187.0031364241697,4194.598967600003
267,149093.8865657,1,-0.9674927334598705,96.64264417853451,338.99531525973896,8.220487929736171,38.54496679890383,3.8880791139284465,111.07496706136297,34.79247316769243,181.83688367682888,4209.8074983000115
268,149109.2011126,1,-0.9736532883802533,99.28575249156972,332.82724611918195,8.220487929736171,38.53712214951696,3.976694773761914,102.92874092488657,26.929250399605635,181.41266520655248,4225.122045200027
269,149125.9124397,1,-0.9771276131043304,97.86025384183965,324.8887713804127,7.993685087521589,40.0523729237737,3.975913758428573,101.59136053338116,35.38087436609572,187.73711204197784,4241.833372300025
270,149141.5482831,1,-0.9662734964356515,96.64264417853451,332.82724611918195,8.220487929736171,34.822033757132274,3.976683619645316,101.52098648855107,39.05054495635731,181.41266520655248,4257.4692157000245
271,149157.5983218,1,-0.9736149651633356,96.64264417853451,332.82724611918195,8.220487929736171,38.56997628730327,3.976683619645316,101.52098648855107,34.87843788035232,181.41266520655248,4273.5192544000165
272,149173.1205369,1,-0.9741170758914656,96.64264417853451,332.82724611918195,8.227491227353068,38.54496679890383,3.8880791139284465,111.07496706136297,34.79247316769243,187.4159131879376,4289.041469500022
273,149188.8151772,1,-0.976370090948221,96.64264417853451,332.76367442712683,8.412622103683846,38.08019225826889,3.9759376387771397,101.52098648855107,59.85925773042574,187.73114294015207,4304.736109800026
274,149205.5211761,1,-0.9736417848345267,96.64264417853451,332.82724611918195,8.220487929736171,38.53712214951696,3.976683619645316,101.52098648855107,34.79247316769243,181.41266520655248,4321.442108700023
275,149221.0011458,1,-0.9738280734483643,96.64264417853451,332.82724611918195,8.220487929736171,38.53712214951696,3.976683619645316,100.84387639835013,34.79247316769243,181.41266520655248,4336.922078400006
276,149236.9664326,1,-0.9716225718202618,96.64310143421525,332.82724611918195,8.220487929736171,38.49567859473942,4.611216884195844,105.18083544633672,59.872138676527705,181.22666932293293,4352.887365200004
277,149252.9719615,1,-0.9759599557990418,96.64264417853451,332.82724611918195,8.217476514381634,38.53712214951696,3.976714975707381,100.8130068930918,58.92433921077651,187.7260989532703,4368.8928941000195
278,149268.2417821,1,-0.9748408358999688,96.64264417853451,332.76367442712683,8.422636816655281,38.08019225826889,3.9759062827150746,101.55185599380943,35.72739118481609,181.4062674869036,4384.162714700011
279,149284.5248112,1,-0.9273857675867596,96.64264417853451,332.8259393517532,8.411092622965212,42.736716379577786,3.9767147496117827,100.84387639835013,35.774061431405585,181.40608254935515,4400.4457438000245
280,149299.5653785,1,-0.9736927907582844,96.64264417853451,332.76498119455556,8.232032123426238,38.527962883238274,3.975875152748608,101.55185599380943,34.745802921102936,181.41285014410093,4415.486311100016
281,149315.2033668,1,-0.973041010949221,97.76026720194497,332.7543253000553,7.993685087521589,40.269963344152195,3.9759249125451706,103.01169883171416,34.20640628387921,187.73711204197784,4431.12429940002
282,149331.0875292,1,-0.9740043852464275,94.89479397899053,332.83659524625347,8.412622103683846,37.86260183788742,3.9759376387771397,101.50840262655358,60.85403990846336,187.73114294015207,4447.0084618000255
283,149346.5308382,1,-0.9740998833756276,96.64264417853451,332.82724611918195,8.228261378881589,38.54496679890383,3.8880791139284465,111.07496706136297,34.79247316769243,187.41590314863524,4462.45177080002
284,149362.4229343,1,-0.9741113508940363,96.64264417853451,332.82724611918195,8.21971777820765,38.54496679890383,3.8880791139284465,111.07496706136297,34.79247316769243,187.42736493375517,4478.343866900017
285,149378.0376068,1,-0.9736204935393371,96.64264417853451,334.0559003975054,8.04667561316133,38.08019225826889,3.975937206625054,101.52098648855107,31.481045842549207,187.73668435861632,4493.958539400017
286,149393.2388524,1,-0.9653152673424196,97.86025384183965,323.59654540865716,8.366634875661005,40.0523729237737,3.975914190580659,101.59136053338116,63.759060973172026,187.72012891699833,4509.159785000025
287,149409.1898241,1,-0.9786267654909069,96.64264417853451,332.82724611918195,8.220487929736171,38.53712214951696,3.976683619645316,94.05569589641647,34.79062679097288,187.0031364241697,4525.1107567000145
288,149424.3671225,1,-0.9709273099192391,96.64264417853451,332.82724611918195,8.220487929736171,38.53712214951696,3.976683619645316,100.84387639835013,33.42814111556265,177.26274848882727,4540.288055100013
289,149440.7923707,1,-0.9818596201872561,98.813041124659,332.82724611918195,8.220487929736171,38.53712214951696,3.976696014755307,94.05569589641647,34.06488016308016,187.87762982535514,4556.713303299999
290,149455.9772375,1,-0.9706977433611582,97.11535554544524,332.82724611918195,8.220487929736171,38.53712214951696,3.976682378651922,102.92874092488657,26.929250399605635,181.52289099790443,4571.898170100001
291,149470.821783,1,-0.962930143858412,97.88783012825122,324.8887713804127,8.470767096970814,40.0523729237737,3.9759378868464594,101.59136053338116,35.38087436609572,184.14405083893612,4586.742715600005
292,149487.3563784,1,-0.9731712422796551,96.61506789212295,332.82458029439476,7.9648088927439575,37.984115302757154,3.9759135103592538,94.4322416294148,59.85925773042574,187.83662915145104,4603.277311000013
293,149502.3262622,1,-0.9736054431863732,96.64264417853451,332.82458029439476,8.215933898568547,37.96252418257353,3.9767013583381323,101.08781830665797,59.85925773042574,184.2435679484094,4618.247194800002
294,149518.0668321,1,-0.9740132312836179,96.64264417853451,332.82724611918195,8.446444933360791,38.558713269700576,3.9759199000843233,94.18829972110697,34.79247316769243,181.41266520655248,4633.987764700025
295,149532.6447404,1,-0.9764025981350927,96.64264417853451,332.82530160796074,8.419625401300745,38.08019225826889,3.9017013800727782,101.52098648855107,58.424754064978295,187.71970123363684,4648.565673000005
296,149547.5109199,1,-0.9751141967638848,100.4136509170753,332.76561893834804,8.220487929736171,38.53712214951696,3.976694773761914,102.92874092488657,26.929250399605635,181.41266520655248,4663.431852500013
297,149563.8021843,1,-0.9755741996948838,96.64264417853451,332.82724611918195,8.220487929736171,38.53712214951696,3.976683619645316,94.13553203166016,34.792586468018456,181.41266520655248,4679.723116900015
298,149578.8852375,1,-0.9734918936118141,96.64264417853451,332.82724611918195,8.220487929736171,38.53712214951696,3.976683619645316,101.44115035330738,34.06476686275413,181.41266520655248,4694.806170100026
299,149594.7065038,1,-0.9763802027121254,96.64264417853451,332.76367442712683,8.419625401300745,38.08019225826889,3.9759858600418356,101.39644829991879,59.85925773042574,187.71970123363684,4710.627436400013
300,149610.4988449,1,-0.9783586505855101,96.64264417853451,332.82724611918195,8.220487929736171,38.53712214951696,3.97663539838062,94.18023408504877,34.06488016308016,187.0031364241697,4726.419777500007
301,149625.755632,1,-0.9841546878254113,98.813041124659,332.82724611918195,8.220487929736171,38.53712214951696,3.9766559165294812,83.94504196770212,33.97308185292724,187.87762982535514,4741.6765645999985
302,149641.5368631,1,-0.9765873823276827,97.76026720194497,332.82724611918195,7.993685087521589,38.422642305412545,3.9759650107709965,102.64917170730175,35.292988733665595,187.73711204197784,4757.4577957
303,149656.4679254,1,-0.981633730035137,98.813041124659,332.82724611918195,8.220487929736171,38.54419414189142,3.976696014755307,94.05569589641647,34.06488016308016,187.45814052204568,4772.38885800002
304,149671.6078305,1,-0.9741469997211933,96.64264417853451,332.82724611918195,8.228261378881589,38.53789480652937,3.8880791139284465,111.07496706136297,34.79247316769243,187.41590314863524,4787.52876310001
305,149687.7143618,1,-0.9752171405189173,96.64264417853451,332.82724611918195,8.220487929736171,37.748719132583105,3.8880791139284465,111.07496706136297,34.79247316769243,187.42735489445283,4803.63529440001
306,149702.8223437,1,-0.9757484497075085,96.64264417853451,332.82724611918195,8.220487929736171,38.53712214951696,3.976683619645316,92.64489765611786,34.06488016308016,181.41266520655248,4818.743276300025
307,149718.8193851,1,-0.975505003801833,100.40772333342579,332.76561011145395,8.19695722989046,38.53712214951696,3.976658828665235,101.51424689993354,26.929250399605635,181.41266520655248,4834.740317700023
308,149734.2176064,1,-0.9758493411031851,96.6485717621838,332.76368325402086,8.436152803529557,38.08019225826889,3.975973583873818,102.9354805135041,59.85925773042574,187.73114294015207,4850.138539000007
309,149749.3044464,1,-0.9643905502801821,97.86025384183965,332.72688055975533,8.403419148899491,40.0523729237737,3.975913758428573,101.52178065714382,60.030230007562615,187.73648388944568,4865.22537900001
310,149765.6139801,1,-0.9775554219677746,96.64264417853451,324.92556524776114,8.002888042305944,37.862664231395584,3.9759376387771397,101.59056636478842,35.2099014572146,187.73177109268423,4881.534912700008
311,149780.504689,1,-0.9754560069783822,96.64264417853451,332.82724611918195,8.220487929736171,38.54137741087003,3.976683619645316,94.05569589641647,34.79062679097288,181.22670220664497,4896.425621600007
312,149796.7600208,1,-0.9781780007984207,96.64264417853451,332.76367442712683,8.422636816655281,38.075936996915814,3.9759062827150746,101.55185599380943,35.72739118481609,187.18270170441895,4912.680953400006
313,149812.5738009,1,-0.9763446927712544,96.64264417853451,332.76367442712683,8.419625401300745,38.08019225826889,3.9759376387771397,101.52098648855107,59.85925773042574,187.71970123363684,4928.494733500003
314,149828.0014577,1,-0.9764025981350927,96.64264417853451,332.82530160796074,8.419625401300745,38.08019225826889,3.9017013800727782,101.52098648855107,58.424754064978295,187.71970123363684,4943.922390300024
315,149843.6489568,1,-0.9749350366256492,96.63001071967744,325.1936784023914,7.9935486260790904,40.19387152491303,3.975913758428573,101.59136053338116,35.38087436609572,187.73711204197784,4959.569889400009
316,149858.8667721,1,-0.9791828781838551,97.87288730069673,332.5203945859581,8.419761862743243,37.93869365712828,3.9017013800727782,101.52098648855107,58.424754064978295,188.23364441510097,4974.787704700022
317,149873.7016964,1,-0.9783909870999961,96.64264417853451,332.82724611918195,8.220487929736171,38.53712214951696,3.976683619645316,94.05569589641647,34.06810786205807,187.0031364241697,4989.6226290000195
318,149889.4902378,1,-0.9786269045838342,96.64264417853451,332.82724611918195,8.220487929736171,38.53712214951696,3.976683619645316,94.05569589641647,34.78739909199497,187.0031364241697,5005.41117040001
319,149904.3539059,1,-0.9841830418788557,98.813041124659,332.82724611918195,8.220487929736171,38.53712214951696,3.976695661507893,83.94504196770212,34.06494951711102,187.87762982535514,5020.274838500016
320,149920.0744673,1,-0.9815807596502034,98.813041124659,332.9332435015498,8.220487929736171,38.54419414189142,3.9766562697768952,94.05569589641647,33.97301249889638,187.45814052204568,5035.995399900014
321,149935.3236312,1,-0.9719300840063636,96.64264417853451,332.82724611918195,8.220487929736171,35.637011861325874,3.97663539838062,103.24537618366392,34.06488016308016,187.0031364241697,5051.244563800021
322,149950.243417,1,-0.9783904463871326,96.64264417853451,332.82724611918195,8.220487929736171,38.53712214951696,3.976683619645316,94.05569589641647,34.06488016308016,187.0031364241697,5066.164349600003
323,149966.7318148,1,-0.9786617545725871,96.64264417853451,332.76569569470786,8.220487929736171,38.53712214951696,3.976683619645316,94.05569589641647,34.78739909199497,187.0031364241697,5082.652747400018
324,149982.2459863,1,-0.9792141176069412,97.84583157787775,332.82399516668386,8.428849982622943,38.534317262845846,3.982716456841368,94.14426569625921,34.06488016308016,187.87762982535514,5098.1669189000095
325,149997.7368098,1,-0.9790375831566361,98.84009684747797,332.5236455384562,8.211399809856474,37.9414985437994,3.805820555893013,101.43241668870833,58.424754064978295,188.23364441510097,5113.657742400013
326,150012.8079328,1,-0.9763763132985487,96.64264417853451,332.8412966804571,8.419625401300745,38.08019225826889,3.9017013800727782,101.52098648855107,58.424754064978295,187.7327947410088,5128.728865400015
327,150027.897274,1,-0.9791803100383899,97.87288730069673,332.5043995134618,8.419761862743243,37.93869365712828,3.9017013800727782,101.52098648855107,58.424754064978295,188.220550907729,5143.818206600001
328,150044.3084134,1,-0.9751583781811731,96.64264417853451,324.92556524776114,8.215500586893096,39.84949481149391,3.9767016086638085,94.05009146989764,34.78943582621172,187.72489502649938,5160.229346000007
329,150059.8793248,1,-0.9750603386504685,96.64264417853451,332.82724611918195,8.007875385149017,38.53712214951696,3.975919649758647,101.59617079130723,35.211092421975756,187.01001249035454,5175.800257399998
330,150075.4259201,1,-0.9789047658706149,98.70936543435981,332.77097663433943,8.418811512647913,38.53712214951696,3.976720474071196,92.05915786085036,61.383903825915745,187.73501891398865,5191.346852700022
331,150091.0768312,1,-0.9721451704555403,96.74631986883368,332.81994391196935,8.710179644575758,38.08019225826889,3.9759131794612506,101.44159422201538,32.540229935953946,187.87375385151853,5206.997763799998
332,150105.9381421,1,-0.9806337878204422,96.60165198036056,332.82724611918195,8.220487929736171,38.53712214951696,3.9766835899439132,83.94504196770212,33.95397194013878,186.91522547130137,5221.859074700013
333,150121.7144965,1,-0.9819794102674,98.85403332283293,332.82724611918195,8.249551970912766,38.53712214951696,3.9766559462308835,94.05569589641647,34.08721777484653,187.9655407782235,5237.635429100017
334,150136.7782998,1,-0.9645847745025659,97.86025384183965,324.72954536914955,8.429495448286714,31.940848950280675,3.9760041427423465,101.39232721089213,35.38087436609572,187.7370279553068,5252.699232400017
335,150151.8639798,1,-0.9647688813812755,96.64264417853451,332.9229004383392,7.983815040535622,40.175346047998765,3.975895475728062,106.96477499565708,67.22590940673061,187.71978532030786,5267.784912400006
336,150167.93312,1,-0.9770091417805603,96.64264417853451,328.3232906681156,8.450508342470762,38.123865711967035,3.911887023192496,101.16793910646585,58.424754064978295,186.9986609734117,5283.854052600014
337,150183.1119089,1,-0.9787797383346738,96.64264417853451,332.82724611918195,8.189604988566153,38.493448695818806,3.9664979765255977,94.40874327850169,34.78739909199497,187.72417668439482,5299.032841500011
338,150199.0270651,1,-0.9810112813268477,98.70936543435981,332.77097663433943,8.418811512647913,38.53712214951696,4.096019270880406,92.05915786085036,32.17929291744773,187.73501891398865,5314.947997700016
339,150214.6516326,1,-0.9788676162935439,98.85403332283293,332.82724611918195,8.249551970912766,38.53712214951696,3.9767214041769305,94.05569589641647,63.29181323284819,187.9655407782235,5330.572565200011
340,150229.7962209,1,-0.9799795505164505,97.75226454495781,332.82724611918195,8.225280161903344,38.53712214951696,3.976683619645316,94.05569589641647,34.06810786205807,187.0085098117282,5345.717153500009
341,150245.9627459,1,-0.977610433338593,96.76326693427343,332.5203945859581,8.414969630576072,37.93869365712828,3.9017013800727782,101.52098648855107,58.424754064978295,188.22827102754243,5361.883678500017
342,150260.7519775,1,-0.9866154877140139,104.02522126760113,332.52055231909196,8.419761862743243,37.93869365712828,3.9017013800727782,101.42869827294354,58.424754064978295,188.23364441510097,5376.672910100024
343,150276.8084149,1,-0.9740692177704351,99.09432441037126,332.52348780532236,8.211399809856474,37.9414985437994,3.805820555893013,122.95709521974983,58.424754064978295,188.23364441510097,5392.729347500019
344,150292.6894264,1,-0.9735588260646555,91.79436989002497,321.18473913381297,8.21280213188844,38.53712214951696,3.8030069923136867,94.05569589641647,34.08721777484653,188.23072409047097,5408.610359000013
345,150307.7394596,1,-0.9806137842626274,98.84009684747797,319.36455578192124,8.2481496488808,37.9414985437994,3.9794695098102104,112.8866948962344,58.424754064978295,187.9684611028535,5423.660392200021
346,150324.1747298,1,-0.9786075551824395,96.64264417853451,332.82724611918195,8.220487929736171,38.53712214951696,3.9768397707073526,94.039445989584,34.78739909199497,187.0031364241697,5440.09566240001
347,150340.0539439,1,-0.9787657974869812,96.64264417853451,332.82724611918195,8.189604988566153,38.493448695818806,3.966341825463561,94.42499318533415,34.78739909199497,187.72417668439482,5455.974876500026
348,150355.2549134,1,-0.9818596201872561,98.813041124659,332.82724611918195,8.220487929736171,38.53712214951696,3.976696014755307,94.05569589641647,34.06488016308016,187.87762982535514,5471.175845999998
349,150371.8017334,1,-0.9841546878254113,98.813041124659,332.82724611918195,8.220487929736171,38.53712214951696,3.9766559165294812,83.94504196770212,33.97308185292724,187.87762982535514,5487.722666000016
350,150387.3908286,1,-0.9855393059147695,98.813041124659,329.17904780326074,8.220487929736171,38.53712214951696,3.9766559165294812,83.94504196770212,33.97448853536703,187.87762982535514,5503.311761200021
351,150403.8979811,1,-0.9841834176629456,98.813041124659,332.82724611918195,8.220487929736171,38.53712214951696,3.976695661507893,83.94504196770212,34.063542834671225,187.87762982535514,5519.818913700001
352,150419.2215689,1,-0.9707967702812043,93.09562259560322,332.82724611918195,8.20830750812762,38.53712214951696,3.519706473888159,84.04313904328987,34.064878420554834,187.87762982535514,5535.142501499999
353,150434.473942,1,-0.9806448026321215,97.84583157787775,332.82399516668386,8.441030404231496,38.534317262845846,4.276202742751942,94.04616862067192,34.064951259636345,187.87762982535514,5550.394874600024
354,150450.578755,1,-0.9795985763531506,95.77782945136231,332.82724611918195,8.220487929736171,38.53712214951696,4.0154022349817655,83.94504196770212,33.95397194013878,186.91522547130137,5566.499687600008
355,150466.1104419,1,-0.9792141176069412,97.84583157787775,332.82399516668386,8.428849982622943,38.534317262845846,3.982716456841368,94.14426569625921,34.06488016308016,187.87762982535514,5582.031374500017
356,150482.0684226,1,-0.9801512463436394,96.60165198036056,333.8410037261491,8.220487929736171,38.537224759169234,3.976656626988006,83.94504196770212,33.95397194013878,186.91522547130137,5597.989355199999
357,150497.5442894,1,-0.9816262505949362,98.813041124659,332.8247509213552,8.220487929736171,38.544091532239136,3.976683232732802,94.05569589641647,33.97301249889638,187.45814052204568,5613.465221999999
358,150513.0542388,1,-0.9843886858601207,104.02522126760113,332.8341367539538,8.423177871172163,38.53240814361475,3.975852044468557,101.42869827294354,33.688028279595144,187.86555766624835,5628.975171400001
359,150529.1279852,1,-0.9836264266837901,98.813041124659,332.5136616843201,8.217071921307253,37.94340766303049,3.8707624699384433,83.94504196770212,58.70980731955351,188.24571657420776,5645.048917800013
360,150544.3078025,1,-0.983682498503908,98.813041124659,333.27220211248647,8.220487929736171,38.54400735085851,3.9766555773376475,84.33882617080509,33.97299204920523,187.45899743362764,5660.228735100012
361,150560.2622839,1,-0.9833814765989037,98.813041124659,328.73159661212935,8.220487929736171,38.53720633089759,3.9766835719246356,93.6619116933139,33.97450898505818,187.8767729137732,5676.183216500009
362,150575.6955876,1,-0.9856545186967725,98.813041124659,328.8372152966549,8.220487929736171,38.53712214951696,3.9766559165294812,83.94504196770212,33.97308185292724,187.87762982535514,5691.616520200012
363,150590.7369923,1,-0.9834553170353829,98.813041124659,333.1690786257877,8.220487929736171,38.53712214951696,3.9766559165294812,83.94504196770212,33.97448853536703,186.64244881468932,5706.657924900006
364,150607.3398659,1,-0.9776370972612058,98.813041124659,332.82724611918195,8.560378606929742,38.53712214951696,3.976696014755307,94.05569589641647,34.06488016308016,187.87762982535514,5723.260798500007
365,150622.6554048,1,-0.9819794102674,98.85403332283293,332.82724611918195,8.249551970912766,38.53712214951696,3.9766559462308835,94.05569589641647,34.08721777484653,187.9655407782235,5738.576337400009
366,150638.0006904,1,-0.9819229532796312,98.85403332283293,332.82724611918195,8.220875258260525,38.53712214951696,3.9766971610010104,94.05569589641647,34.08721777484653,187.87765374005505,5753.921623000002
367,150654.4733334,1,-0.981917272446878,98.813041124659,332.82724611918195,8.24916464238841,38.53712214951696,3.9766547999851802,94.05569589641647,34.06488016308016,187.9655168635236,5770.3942660000175
368,150669.4892869,1,-0.9792701135606731,98.22538434484846,332.80632493823765,8.419761862743243,37.93869365712828,3.9017013800727782,102.7388487519976,58.424754064978295,188.25409205053552,5785.410219500016
369,150686.3276657,1,-0.9888413923186876,104.61287804634836,332.54147350003626,8.220487929736171,38.54419414189142,3.976696014755307,92.74554541736256,34.06488016308016,187.4376928866111,5802.248598300008
370,150701.5542315,1,-0.981608231688167,98.813041124659,332.9326786286614,8.220487929736171,38.54445705010229,3.976656625285388,94.05569589641647,34.06413586570205,187.45814052204568,5817.475164100004
371,150717.4040052,1,-0.984167847769294,98.813041124659,332.82781099207034,8.220487929736171,38.53685924130608,3.9766953059994004,83.94504196770212,33.972419467865556,187.87762982535514,5833.324937800004
372,150734.7433224,1,-0.9564438082460521,98.83462397001179,332.82724611918195,7.322499747460412,38.53712214951696,3.976682561072873,83.94504196770212,34.06378441630964,186.91522547130137,5850.664255000011
373,150749.9051697,1,-0.9757140656496183,96.58006913500776,332.82724611918195,8.220487929736171,38.53712214951696,3.473143138288355,83.94504196770212,33.95373035850036,187.87762982535514,5865.826102300023
374,150766.2367686,1,-0.9801282947448563,96.60165198036056,333.8410037261491,8.220487929736171,38.537133109497944,3.976656626988006,83.94504196770212,33.95397194013878,186.91522547130137,5882.15770120002
375,150781.4649623,1,-0.984183390855666,98.813041124659,332.82724611918195,8.220487929736171,38.53721379918825,3.976695661507893,83.94504196770212,34.06494951711102,187.87762982535514,5897.385894900013
376,150796.9832199,1,-0.986229738053404,98.813041124659,332.82724611918195,8.220487929736171,38.53712214951696,3.9766609394109764,75.04506478586434,34.059969415508576,187.87762982535514,5912.904152500007
377,150812.6866774,1,-0.9754536955926517,98.813041124659,332.82724611918195,8.220487929736171,40.2369395125541,3.9766906386263976,83.94504196770212,33.97806195452968,187.87762982535514,5928.607610000006
378,150828.0539591,1,-0.9888432810774583,107.8157973397247,332.8341367539538,8.423177871172163,38.53716659358027,3.975852044468557,101.42869827294354,33.688028279595144,190.28756118022568,5943.974891700025
379,150843.9893459,1,-0.9816425927730433,96.01817219344555,329.17904780326074,8.220487929736171,38.53236369955145,3.9766559165294812,83.94504196770212,33.97448853536703,187.8657886106565,5959.9102785
380,150859.3044042,1,-0.985915126833875,104.02522126760113,332.49243015705844,8.419761862743243,37.923644453145215,3.975777317385535,101.74463487874954,60.638989576875105,187.87323966647554,5975.225336800009
381,150874.5574466,1,-0.9857596088815237,98.813041124659,332.8553682812155,8.220487929736171,38.55217135350003,3.902585002098219,70.91015222569104,31.221720457780222,188.23803457398057,5990.478379200009
382,150891.334729,1,-0.9862082365023038,98.813041124659,332.82724611918195,8.220487929736171,38.53712214951696,3.9766609394109764,75.03951367058968,34.059969415508576,187.87762982535514,6007.255661600007
383,150907.4749784,1,-0.9730020711814027,98.813041124659,332.82724611918195,8.779926079543843,38.53712214951696,3.9766559165294812,83.95059308297742,33.97308185292724,187.87762982535514,6023.395911
384,150923.5050877,1,-0.9833850250722308,98.813041124659,328.7239432117061,8.220487929736171,38.53721579181601,3.9766852167665387,93.6619116933139,33.97450949714756,187.8767729137732,6039.426020300016
385,150939.6217953,1,-0.9855427580525756,98.813041124659,329.18670120368404,8.220487929736171,38.53711268859854,3.976654271687578,83.94504196770212,33.97448802327765,187.87762982535514,6055.5427279
386,150954.7597131,1,-0.9834230101609512,98.813041124659,332.5136616843201,8.217148689114374,37.88730516721147,3.8707624699384433,83.94504196770212,58.70980731955351,187.87616589897036,6070.68064570002
387,150971.4204417,1,-0.9841684678436071,98.813041124659,332.82724611918195,8.22041116192905,38.59322464533597,3.9766559165294812,83.94504196770212,33.97308185292724,188.24718050059258,6087.341374300013
388,150986.4425899,1,-0.9857163960623403,98.813041124659,328.8372152966549,8.220487929736171,38.53712214951696,3.976694393843043,83.78996097597799,33.97543605096225,187.87762982535514,6102.3635225000035
389,151002.5381405,1,-0.9846656990803256,98.813041124659,332.82724611918195,8.220487929736171,38.53712214951696,3.9766571841943312,83.94504196770212,34.06118863663621,188.98546784124832,6118.459073100006
390,151018.7195207,1,-0.989501751063985,104.04132540668299,332.5200881481776,8.419761862743243,37.96854316000822,4.0211602781692495,93.14954951301642,58.424754064978295,188.23364441510097,6134.640453300002
391,151034.2225858,1,-0.9868127276728373,104.5967739072665,332.5419376709506,8.220487929736171,38.514344639011476,3.9681225986455346,101.02469417728969,34.06488016308016,187.4376928866111,6150.1435184
392,151050.6607604,1,-0.9841600268552155,98.813041124659,332.8433005074907,8.220487929736171,38.54396835521544,3.976655915882594,83.94504196770212,33.97308185292724,187.86865117979607,6166.581693000015
393,151066.0391537,1,-0.9888688440624351,104.61287804634836,332.52541911172744,8.220487929736171,38.53734793619293,3.9766960154021946,92.74554541736256,34.06488016308016,187.44667153217017,6181.960086300009
394,151081.9397785,1,-0.9842031988801246,98.813041124659,332.83182119734414,8.220487929736171,38.53712487729805,3.9766948915351192,83.94504196770212,34.06205388439692,187.87762982535514,6197.8607111000165
395,151097.9786231,1,-0.9834578897931537,98.813041124659,333.16450354762543,8.220487929736171,38.537211071407164,3.976656686502255,83.94504196770212,33.97738416808113,186.64244881468932,6213.899555700016
396,151113.3020927,1,-0.9845616640150602,98.813041124659,332.82724611918195,8.220487929736171,38.53721379918825,3.976695661507893,82.39689588223769,34.06494951711102,187.87762982535514,6229.223025300016
397,151129.9148117,1,-0.9843886858601207,104.02522126760113,332.8341367539538,8.423177871172163,38.53240814361475,3.975852044468557,101.42869827294354,33.688028279595144,187.86555766624835,6245.835744300013
398,151145.0020908,1,-0.9817025428700721,98.813041124659,332.82724611918195,8.220487929736171,37.868681849518204,3.9766609394109764,99.75815561917356,34.70796723974138,187.86702440152368,6260.923023400013
399,151160.2210724,1,-0.9896556331994744,104.02522126760113,332.52055231909196,8.419761862743243,38.60713395712704,3.9017013800727782,76.71560748179576,57.77675605481892,188.24424983893243,6276.1420050000015
400,151176.4156328,1,-0.9829119959141417,98.92446932292972,332.6155838004939,8.431857370124803,37.96854316000822,4.0172028280211505,93.14954951301642,58.90257609117158,187.90827101483387,6292.336565400008
401,151191.8897694,1,-0.9915745972127384,103.9298972083634,328.7417196443386,8.208392422354613,38.53712214951696,3.9806518439911422,83.78996097597799,33.4976136042551,188.20300322562224,6307.810702000017
402,151208.1144532,1,-0.988520732159047,104.02522126760113,332.52451165005357,8.419761862743243,37.923644453145215,3.980802612693132,92.9867445868504,60.638989576875105,188.2456243675886,6324.035385800002
403,151223.4437123,1,-0.9869428925485179,104.04132540668299,332.4880066551824,8.419761862743243,37.96854316000822,4.016134982861653,101.9074398049156,58.424754064978295,187.8612597139879,6339.3646449000225
404,151238.5960806,1,-0.9844995763196429,104.93086195620215,332.82724611918195,8.220487929736171,40.420126640575596,4.359155731284428,75.41804703727033,34.059969415508576,187.87762982535514,6354.517013200006
405,151255.1790295,1,-0.9833358264605313,98.49505721357323,332.52541911172744,8.220487929736171,38.5370819214371,4.299670657664651,92.36701205158721,34.06488016308016,187.44667153217017,6371.099962100008
406,151270.5579456,1,-0.9855387248193377,98.813041124659,329.1792535244509,8.220487929736171,38.53712232096871,3.9766559165294812,83.94504196770212,33.974487958544735,187.87762982535514,6386.478878200025
407,151286.6417792,1,-0.9855807698694331,98.813041124659,329.1864954824938,8.220487929736171,38.53711251714679,3.976654271687578,83.94504196770212,33.97448860009995,187.87762982535514,6402.562711800012
408,151302.5145049,1,-0.9825451396115713,104.02522126760113,332.8477860439625,8.419761862743243,38.55414881512171,3.975777317385535,101.74463487874954,60.638989576875105,187.87323966647554,6418.435437500011
409,151318.140141,1,-0.9891751305954389,104.02522126760113,332.47878086704975,8.423177871172163,37.90190378163827,3.975852044468557,96.17903465953496,33.688028279595144,187.86555766624835,6434.0610736000235
410,151336.3229652,1,-0.9872011659330143,104.5967739072665,331.92534517011995,8.220487929736171,38.514344639011476,3.976281831228281,100.45261866429388,34.06488016308016,187.4376928866111,6452.243897800014
411,151351.7452894,1,-0.9853143723716602,98.813041124659,329.4538077974855,8.220487929736171,38.53712214951696,3.968535161260297,84.36203648910072,33.97543605096225,187.87762982535514,6467.666222
412,151368.2275971,1,-0.9862021199890061,98.813041124659,332.82724611918195,8.220487929736171,38.53712214951696,3.976655935635719,75.04506478586434,33.96746442691479,187.87762982535514,6484.148529700004
413,151384.2196036,1,-0.985593875912571,98.813041124659,329.17904780326074,8.220487929736171,38.53712214951696,3.976660920304738,83.94504196770212,34.06699352396082,187.87762982535514,6500.140536200022
414,151403.697336,1,-0.9887458501900306,104.61287804634836,332.52541911172744,8.220487929736171,38.53735105896818,3.9766960154021946,92.74554541736256,33.702709017007855,187.44667153217017,6519.618268600025
415,151421.3831893,1,-0.9889981625806745,107.8157973397247,332.8341367539538,8.423177871172163,38.53716347080502,3.975852044468557,101.42869827294354,34.05019942566745,190.28756118022568,6537.304121900001
416,151437.0460665,1,-0.9856545186967725,98.813041124659,328.8372152966549,8.220487929736171,38.53712214951696,3.9766559165294812,83.94504196770212,33.97308185292724,187.87762982535514,6552.966999100026
417,151453.4039205,1,-0.9868127276728373,104.5967739072665,332.5419376709506,8.220487929736171,38.514344639011476,3.9681225986455346,101.02469417728969,34.06488016308016,187.4376928866111,6569.324853099999
418,151468.7758788,1,-0.9889666243236007,107.74566079989187,332.51638471218655,8.423177871172163,38.53716659358027,3.975852044468557,101.42869827294354,34.050440537931095,190.2183864861022,6584.696811400005
419,151484.5226972,1,-0.9887568628466167,104.68301458617756,332.8431711534947,8.220487929736171,38.53734793619293,3.9766960154021946,92.74554541736256,33.70246790474421,187.51584622629366,6600.443629800022
420,151500.8676782,1,-0.9924301805595375,107.36558561067632,332.5232702722295,8.423109619161522,37.901541461420265,4.0211602781692495,96.80523818778887,57.18979313704486,188.2199746197332,6616.788610800024
421,151517.1582244,1,0.9428666211566644,104.03887582069788,332.4755987429978,10.507681935889881,37.968905480226226,3.975852044468557,92.52334598476251,34.92298902824057,187.8792274616161,6633.079157
422,151533.5537074,1,-0.9891477911559245,104.59370555571942,332.5046136993418,8.445206720104323,37.6167951620904,4.019266459681585,101.83355105608449,57.43742828476355,187.85396107330826,6649.47464
423,151549.3645906,1,-0.9626713948313437,104.04439375823006,331.90873812596055,8.195043072375093,32.24101468353565,3.973150354408349,100.526507413125,35.05220576290737,187.44499152729077,6665.2855232
424,151564.7715905,1,-0.9928055013008992,109.80943334453563,332.4880066551824,8.42243850210435,37.96854316000822,4.016134982861653,101.0376180720182,33.25051170517209,187.8612597139879,6680.692523100006
425,151581.192237,1,-0.985192437342669,104.5967739072665,332.5419376709506,8.217811290375066,38.514344639011476,3.9681225986455346,101.8945159101871,59.23912187872697,187.4376928866111,6697.113169600023
426,151597.1674585,1,-0.9893712151606259,108.05999987545098,332.8322474804099,8.429839986405627,38.53734879881878,3.975852044468557,101.42869827294354,34.05019942566745,190.8950590746856,6713.088391099998
427,151613.3790148,1,-0.989285580394311,104.36867551058486,332.5273083852714,8.213825814502707,38.53716573095441,3.9766960154021946,92.74554541736256,33.702709017007855,189.1532200439191,6729.299947400024
428,151630.1785253,1,-0.98868787784426,107.91207345918326,332.8341367539538,8.423177871172163,38.53715578279054,3.976753387304988,102.25304018968038,33.688028279595144,190.28083824182514,6746.099457900011
429,151645.1968281,1,-0.9918821435916219,104.51660192687855,332.52541911172744,8.220487929736171,38.537358746982655,3.975794672565764,79.61230785792038,34.06488016308016,187.45339447057071,6761.117760699999
430,151661.5658413,1,-0.9915449638315883,103.9298972083634,328.7417196443386,8.208392422354613,38.53712214951696,3.9821527246833908,83.78996097597799,33.33377943421625,188.20177532272024,6777.486773900018
431,151676.9245083,1,-0.9894309362310879,104.04132540668299,332.5200881481776,8.419761862743243,37.96854316000822,4.0196593974770005,93.14954951301642,58.58858797216455,188.23487231800297,6792.845440900011
432,151692.216714,1,-0.9895151074435333,104.02522126760113,332.52055231909196,8.419761862743243,38.60742612779724,3.9017013800727782,76.71560748179576,58.16840327798293,188.24424983893243,6808.137646600022
433,151707.8234567,1,-0.9886461393092923,104.61287804634836,332.52541911172744,8.220487929736171,38.53705888829798,3.9766960154021946,92.74554541736256,33.31106160348857,187.44667153217017,6823.744389300002
434,151723.126087,1,-0.9869102193913988,104.61287804634836,332.54147350003626,8.220487929736171,38.54412149955231,3.975132489980611,94.9949192485418,59.03989164257459,187.2365097423375,6839.047019600024
435,151739.6611541,1,-0.9876342161065731,101.51888230542626,332.52055231909196,8.419761862743243,38.607206599466146,3.9032649048474743,74.46623365972404,32.80174398874645,188.44543298320605,6855.582086700015
436,151755.0794254,1,-0.9895831977545894,104.02561808142119,328.7417196443386,8.208392422354613,38.53712214951696,3.9806518439911422,92.70929408822543,33.4976136042551,188.20300322562224,6871.000358000019
437,151770.5825975,1,-0.9907689720543033,103.92950039454334,332.52451165005357,8.419761862743243,37.923644453145215,3.980802612693132,84.0674114746031,60.638989576875105,188.2456243675886,6886.503530100017
438,151787.0738372,1,-0.9930332498911772,104.04132540668299,332.51996494893064,8.419761862743243,37.96854316000822,4.0211602781692495,78.85382198245621,58.58337516310837,188.22614687965563,6902.994769800018
439,151802.2043452,1,-0.9887576778236055,104.51660192687855,332.52554231097434,8.220487929736171,38.537358746982655,3.975794672565764,93.90803538861931,34.888446649701294,187.46089200601602,6918.12527780002
440,151818.5264045,1,-0.9918821435916219,104.51660192687855,332.52541911172744,8.220487929736171,38.537358746982655,3.975794672565764,79.61230785792038,34.06488016308016,187.45339447057071,6934.44733710002
441,151834.0252297,1,-0.9930807634603387,107.36558561067632,329.8686657446284,8.423109619161522,37.901541461420265,4.0211602781692495,96.80523818778887,57.18979313704486,188.2199746197332,6949.94616230001
442,151849.4155711,1,-0.9896225446821766,104.02522126760113,328.87757016665614,8.419761862743243,38.60407443100423,3.8980922211670435,79.66014138513803,57.77675605481892,188.24518684483527,6965.336503700004
443,151865.9946144,1,-0.9860837701917086,104.02561808142119,332.3847017967744,8.208392422354613,38.54018167563978,3.8362520693812345,89.76476018503247,33.4976136042551,183.98436570844893,6981.915547000011
444,151880.8963139,1,-0.9925658937411583,103.9298972083634,328.657831777424,8.161355600073893,38.55047731088338,3.9806575399679556,83.78996097597799,37.786625076399254,188.20300322562224,6996.817246500024
445,151896.5922127,1,-0.9878415892734888,103.92950039454334,332.60839951696806,8.419761862743243,37.910289291778795,3.5392724324625626,84.0674114746031,56.34997725937192,188.2456243675886,7012.513145300007
446,151912.5163986,1,-0.9905347123613217,103.92950039454334,332.52451165005357,8.419761862743243,37.923644453145215,3.980802612693132,84.07277655211887,61.13234840258407,188.2456243675886,7028.437331200024
447,151927.6314878,1,-0.9914073984666053,103.9298972083634,328.7417196443386,8.208392422354613,38.53712214951696,3.9806518439911422,83.78459589846223,33.00425226502942,188.20300322562224,7043.552420400025
448,151947.2735815,1,-0.9903186562814199,104.08651601146869,332.5046136993418,8.443991592338335,38.7295917392102,4.197427765058304,76.47756390511812,57.43742828476355,187.85396107330826,7063.194514100003
449,151962.7239814,1,-0.9885387047643156,104.53241081185186,332.52055231909196,8.420976990509232,37.49462955067744,3.9017013800727782,102.07159466551028,58.16840327798293,188.24424983893243,7078.644914000004
450,151979.8357536,1,-0.98311413855306,103.9718204836158,332.48463578102945,8.42243850210435,38.783695694251115,4.016134982861653,101.0376180720182,33.25051170517209,188.19886302036156,7095.756686200009
451,151998.5270402,1,-0.9975823065924788,109.76751005994936,328.7450905184915,8.208392422354613,37.721969615274055,3.9821527246833908,83.78996097597799,33.33377943421625,187.86417201634657,7114.447972800001
452,152016.802611,1,-0.9926244327184967,109.72532379155666,332.8565345360262,8.429818572599443,37.973568780538145,4.016134982861653,101.42411684487483,34.05304281311146,187.58786070785712,7132.723543600005
453,152032.9707311,1,-0.9895344781902585,108.14410942842991,332.46371959956605,8.422459915910535,38.53232317828885,3.975852044468557,101.04219950008691,33.247668317728085,191.1684580808161,7148.891663700022
454,152048.0645588,1,-0.9878402136692543,107.36558561067632,332.5232702722295,8.42322017574329,38.65528075022074,4.0211602781692495,96.72279573921146,58.17273425540387,188.24415834894572,7163.9854914000025
455,152064.5509307,1,-0.9935002924300979,104.02522126760113,332.52055231909196,8.419651306161475,37.853686838996765,3.9017013800727782,76.79804993278628,57.185462159623924,188.2200661097199,7180.471863300016
456,152079.9432068,1,-0.9901388150990083,104.02561808142119,328.7417196443386,8.208392422354613,37.84631529436263,3.9806518439911422,92.70929408822543,32.289100969201975,188.20300322562224,7195.864139400015
457,152095.4952192,1,-0.9915449638315883,103.9298972083634,328.7417196443386,8.208392422354613,38.53712214951696,3.9821527246833908,83.78996097597799,33.33377943421625,188.20177532272024,7211.416151800018
458,152111.8911988,1,-0.990957920167747,104.31264390190267,328.7450560029814,8.208392422354613,38.47761199794093,3.980424919285375,83.78996097597799,33.49970801697329,185.51385718446244,7227.812131400016
459,152127.1046315,1,-0.997295742970178,109.38476335899115,328.7417541598487,8.208392422354613,37.781479766850076,3.9823796493891583,83.78996097597799,33.33168502149806,187.86217434055757,7243.025564100011
460,152143.1677107,1,-0.9917815979895163,104.52178069067169,328.7417196443386,8.208392422354613,38.53712214951696,3.9821527246833908,83.78996097597799,33.33377943421625,187.40840615933269,7259.088643300027
461,152159.6298532,1,-0.9915978895329514,103.92471844457025,332.52541911172744,8.220487929736171,38.537358746982655,3.975794672565764,79.61230785792038,34.06488016308016,188.24676363395827,7275.5507858000055
462,152175.4065426,1,-0.9544296722715714,104.04132540668299,332.5253072924451,9.38876577233707,37.96854316000822,4.0211602781692495,78.87460972996425,58.33895756727135,188.22614687965563,7291.3274752
463,152191.4286672,1,-0.9920054435881777,104.51660192687855,332.52007676821296,8.234990350944729,38.537358746982655,3.975794672565764,79.59152011041235,34.30929753712048,187.45339447057071,7307.349599800014
464,152206.494084,1,-0.9882522173910536,104.02522126760113,332.52055231909196,8.200123667082991,39.42053908686688,3.9017013800727782,76.79804993278628,57.185462159623924,188.2200661097199,7322.415016600018
465,152222.8915265,1,-0.9926058708146959,109.72532379155666,332.8565345360262,8.430897800953513,37.973568780538145,4.016134982861653,101.42411684487483,34.05304281311146,187.58786070785712,7338.812459100009
466,152238.2799761,1,-0.9912623486982737,103.93306366905122,328.7417196443386,8.208392422354613,38.63175598080112,3.9821527246833908,83.96027934867108,33.33377943421625,188.2191302023862,7354.200908700004
467,152253.6432156,1,-0.9938375303933465,104.0220548069133,332.52055231909196,8.419651306161475,37.75905300771261,3.9017013800727782,76.62773156009325,57.185462159623924,188.20271123005395,7369.5641482000065
468,152270.0651345,1,-0.9911544436726919,107.17012813380694,332.52322800552474,8.220487929736171,37.93733900636544,3.975794672565764,96.58933693074174,33.03504835567047,187.45339447057071,7385.986067100021
469,152285.2044333,1,-0.9908793110586175,104.71205940374728,332.5254613784323,8.423109619161522,38.50156120203747,4.0211602781692495,79.82820911524496,58.21962471062381,188.2199746197332,7401.125365900021
470,152301.1245834,1,-0.9806140804619968,104.51660192687855,332.4858577197958,8.215786501167853,38.537358746982655,3.139720339395052,79.61230785792038,34.01314759605118,187.45339447057071,7417.045516000013
471,152317.4462234,1,-0.9927428282402683,109.80943334453563,332.52756804711413,8.427139930672668,37.96854316000822,4.016134982861653,101.0376180720182,33.302244272201065,187.8612597139879,7433.367156000022
472,152332.9714871,1,-0.9931622735143609,107.36558561067632,329.8686657446284,8.40941680995445,37.901541461420265,4.022176533602096,96.80523818778887,33.09030865299646,188.22066174827177,7448.892419700016
473,152349.1637615,1,-0.990673352177192,103.9298972083634,328.7417196443386,8.222085231561685,38.75421002369658,3.9796355885582955,83.78996097597799,57.59709801334479,188.20231609708367,7465.08469410002
474,152364.2172733,1,-0.9930861050750026,107.36558561067632,329.76814719496053,8.423109619161522,37.901541461420265,4.0211602781692495,96.80523818778887,57.18979313704486,188.2199746197332,7480.1382059000025
475,152379.3253411,1,-0.9924033222911212,107.36558561067632,332.6237888218974,8.423109619161522,37.901541461420265,4.0211602781692495,96.80523818778887,57.18979313704486,188.2199746197332,7495.246273700002
476,152395.5849829,1,-0.9927454811569529,109.8101951614635,332.4880066551824,8.42243850210435,37.98054655995451,4.016134982861653,101.0376180720182,33.25021682634408,187.8607517781772,7511.50591550002
477,152411.1393294,1,-0.9975752909073295,109.76674824302151,328.7450905184915,8.208392422354613,37.70996621532776,3.9821527246833908,83.78996097597799,33.33407431304426,187.86467995215725,7527.060262000014
478,152427.5113498,1,-0.9975735815923512,109.76674824302151,328.7450905184915,8.208392422354613,37.709762638281745,3.9821523783202055,83.78996097597799,33.33141806191912,187.864607260533,7543.432282400026
479,152441.9306799,1,0.9302950621672809,109.38476335899115,318.0863037993834,8.832070892001095,37.78168334389609,3.9823799957523436,83.78996097597799,33.33434127262319,187.86224703218184,7557.851612500002
480,152457.4700712,1,-0.993851509501366,104.02528911327767,332.52055231909196,8.419651306161475,37.76355177555017,3.9017013800727782,76.62773156009325,57.185462159623924,188.20271123005395,7573.391003800003
481,152473.863177,1,-0.993533602158736,104.02198696123676,332.52055231909196,8.419651306161475,37.849188071159205,3.9017013800727782,76.79804993278628,57.185462159623924,188.2200661097199,7589.784109600005
482,152489.1926412,1,-0.9943889270869964,104.00516238685945,332.52055231909196,8.408893800001568,37.853686838996765,4.020315826129904,76.79804993278628,57.185462159623924,188.2200661097199,7605.113573800016
483,152505.4684425,1,-0.9922082888037023,107.38564449141256,329.8686657446284,8.420174316114359,37.901541461420265,3.9035620875449695,96.80523818778887,33.09030865299646,188.22066174827177,7621.3893751
484,152521.3445669,1,-0.9856127732194283,102.24871604682387,332.4880066551824,8.42243850210435,37.96854316000822,3.983715987477297,101.0376180720182,33.25051170517209,187.8612597139879,7637.265499500005
485,152535.3312536,1,0.9222967871983394,111.4906102122667,328.657831777424,8.161355600073893,38.55047731088338,4.013076535352311,83.78996097597799,37.786625076399254,188.20300322562224,7651.252186199999
486,152551.2160376,1,0.9075525000111225,107.36558561067632,311.9914381199042,8.423109619161522,37.901541461420265,4.0211602781692495,96.80523818778887,57.18979313704486,188.2199746197332,7667.136970200023
487,152566.832777,1,-0.9930861050750026,107.36558561067632,329.76814719496053,8.423109619161522,37.901541461420265,4.0211602781692495,96.80523818778887,57.18979313704486,188.2199746197332,7682.753709600016
488,152581.3205053,1,0.9078844040888968,110.31716521210727,328.73813129484927,8.40941680995445,37.914869315488474,4.022176533602096,97.59168976731837,33.108768072161936,187.81448171872967,7697.241437900026
489,152597.533622,1,-0.9952890741478374,106.81516864141898,329.8756249682707,8.208392422354613,37.69663836125956,3.9821527246833908,83.00350939649458,33.31561489387879,188.27085998169935,7713.454554600001
490,152612.9665129,1,-0.9978192588068224,109.95761178560285,328.7450905184915,8.21189543777097,37.730186514610175,4.019334410847111,83.78996097597799,32.751127806277125,187.86417201634657,7728.887445500004
491,152629.4004127,1,-0.9843006852247573,103.85122365788986,332.51996494893064,8.416258847326887,34.02459685403043,3.9839785920055286,78.85382198245621,59.16602623970896,188.22614687965563,7745.321345300006
492,152644.0350231,1,0.9082978509181787,112.68659098011165,329.8686657446284,8.423109619161522,37.901541461420265,4.0211602781692495,96.80523818778887,57.18979313704486,188.2199746197332,7759.9559557000175
493,152659.2715199,1,-1.0003260969775913,109.76751005994936,328.7450905184915,8.208392422354613,37.721969615274055,3.9821527246833908,71.36737418995781,33.33377943421625,187.86417201634657,7775.192452500021
494,152675.5904328,1,-0.9924230843221356,104.10203538069118,332.5206128016208,8.238597214005944,37.75905300771261,3.9017013800727782,76.46509703559148,57.185462159623924,187.45081072326903,7791.511365400016
495,152690.3424676,1,-0.9908136025165846,104.43662135310069,332.52001628568416,8.41604444310026,38.537358746982655,3.975794672565764,79.75415463491412,34.30929753712048,188.20529497735563,7806.263400200027
496,152705.6742009,1,-0.9933187787721871,104.04132540668299,332.51996494893064,8.422798291689912,37.96854316000822,4.0211602781692495,77.44899723530577,58.716684343791904,188.22630807621528,7821.595133499999
497,152722.3925014,1,-0.9946610624339435,107.36558561067632,329.76814719496053,8.420073190214854,37.901541461420265,4.445844016393605,98.21006294022452,57.056483956361326,188.21981342317355,7838.313434000011
498,152737.2785759,1,-0.9947822213424657,103.97118780571718,332.52055231909196,8.40428999127099,37.853686838996765,4.020315826129904,76.88256442855798,34.776178419612606,188.2200661097199,7853.1995085000235
499,152754.3321127,1,-0.9980045767162385,109.80072281445138,328.7450905184915,8.212996231085192,37.70996621532776,3.9821527246833908,83.7054464802063,55.74335802562454,187.86467995215725,7870.253045300022
500,152769.9818123,1,-0.9992546100452092,109.38476335899115,328.8630732895113,8.409309185790748,37.781479766850076,3.9823796493891583,79.84178062231487,33.33168502149806,187.86217434055757,7885.902744899999
501,152785.4948479,1,-0.9959201075372621,104.02198696123676,332.39923318942937,8.218734542725342,37.849188071159205,3.9017013800727782,60.43997103855784,57.185462159623924,188.2200661097199,7901.415780500014
502,152801.8416178,1,-0.9931310168986994,107.36558561067632,329.76814719496053,8.423109619161522,37.901541461420265,4.024263794996475,96.6345043481099,57.18979313704486,188.2199746197332,7917.762550400017
503,152817.3193725,1,-0.9934923108774323,104.02198696123676,332.52055231909196,8.419651306161475,37.849188071159205,3.8985978632455516,76.96878377472355,57.185462159623924,188.2200661097199,7933.240305100015
504,152834.1009106,1,-0.9938449528119468,104.00505669408606,332.52055231909196,8.405936737671123,37.7515868938286,3.9002017116492405,76.6235602056376,57.185462159623924,188.2027258652937,7950.021843200026
505,152849.0876157,1,-0.9943472551656047,104.02216049968668,332.52055231909196,8.422608368491918,37.86115295288077,4.021815494553442,76.80222128724193,57.185462159623924,188.22005147448016,7965.008548300015
506,152864.0061044,1,-0.993325937557761,104.04132540668299,332.51996494893064,8.422798291689912,37.96854316000822,4.0211602781692495,77.44899723530577,58.779660876304185,188.22630807621528,7979.927037000016
507,152880.6355751,1,-0.9938698795018025,104.02528911327767,332.52055231909196,8.419651306161475,37.76355177555017,3.9017013800727782,76.62773156009325,57.12248562711164,188.20271123005395,7996.5565077000065
508,152895.9189226,1,-0.9967208700414552,107.29535087198511,328.7450905184915,8.21189543777097,37.73548879119336,4.454346024340964,86.69167383131828,32.57152643924608,187.86417201634657,8011.8398552
509,152910.7795902,1,0.8998260229794742,110.0278465242871,329.76814719496053,8.420073190214854,37.896239184837086,4.010832402899753,103.48379123494176,57.23608534323053,188.21981342317355,8026.700522800005
510,152926.3295698,1,-0.9955476522163837,107.06005244817997,328.69403038858843,8.208392422354613,37.719999158108685,3.9821527246833908,83.00350939649458,33.31561489387879,187.81884586681414,8042.250502400013
511,152941.5269733,1,-0.9973929306852999,109.5226262531812,329.92668509817383,8.208392422354613,37.69860881842494,3.9821527246833908,83.78996097597799,33.33377943421625,188.31618613123177,8057.447905900015
512,152958.1714208,1,-0.9995044208413288,110.75595509303231,328.7450905184915,8.208392422354613,37.709762638281745,3.9821523783202055,83.78996097597799,37.87481578451469,187.864607260533,8074.092353400018
513,152973.3826462,1,-0.9975823065924788,109.76751005994936,328.7450905184915,8.208392422354613,37.721969615274055,3.9821527246833908,83.78996097597799,33.33377943421625,187.86417201634657,8089.303578800027
514,152988.8552128,1,-1.0003260010737576,109.76751005994936,328.7417027405697,8.208392422354613,37.7222200979149,3.9821527246833908,71.36737418995781,33.33142874647105,187.86417201634657,8104.776145400014
515,153004.5269248,1,-0.9972948716348717,109.38476335899115,328.7451419377706,8.208392422354613,37.78122928420923,3.9823796493891583,83.78996097597799,33.33403570924325,187.86217434055757,8120.447857400024
516,153019.8476072,1,-0.9933928490206907,104.02522126760113,332.40901579226664,8.419651306161475,37.857197511311014,3.9024365971993813,76.65487102521963,57.185462159623924,187.86257453728214,8135.768539800018
517,153036.4608554,1,-1.0004063050154457,109.76751005994936,328.8566270453169,8.208392422354613,37.7184589429598,3.981417507556788,71.51055309752448,33.33377943421625,188.2216635887843,8152.381787999999
518,153051.9140048,1,-0.9972678421548941,109.5226262531812,329.92668509817383,8.208392422354613,37.72128937067899,3.9821527246833908,84.32927920128081,33.33377943421625,188.31300245887365,8167.83493740001
519,153067.8593605,1,-1.0005203702476533,109.76751005994936,328.8566270453169,8.208392422354613,37.695778390705755,3.981417507556788,70.97123487242146,33.33377943421625,188.22484726114243,8183.780293100019
520,153084.1619845,1,-0.9945782257768448,103.97118780571718,332.52055231909196,8.40428999127099,37.853686838996765,3.979798371306037,76.71385484621592,34.776178419612606,188.2200661097199,8200.082917100022
521,153099.6470883,1,-0.997809082792682,109.76674824302151,328.7450905184915,8.208392422354613,37.70996621532776,4.022670179507257,83.95867055832011,33.33407431304426,187.86467995215725,8215.568020900013
522,153116.0137509,1,-0.9974667042757565,109.80072281445138,328.7450905184915,8.212996231085192,37.70996621532776,3.99042448878251,83.58914327115765,32.446500737703516,187.86467995215725,8231.934683500003
523,153131.7373347,1,-0.9972411145360002,107.29535087198511,328.7450905184915,8.21189543777097,37.73548879119336,4.446074260241849,86.80797704036694,55.86838381836032,187.86417201634657,8247.658267300023
524,153146.9614824,1,-0.9975824203940183,109.95761178560285,328.7450905184915,8.211889100812586,37.730865636492254,3.983641816084716,83.78996097597799,32.76456221043539,187.86419992591496,8262.882415
525,153162.4761882,1,0.9198440239700507,116.4957083873067,328.7450905184915,8.208398759312997,37.70908351639967,4.0178449730826005,83.78996097597799,37.86138138035646,187.8645793509646,8278.397120800015
526,153177.8027603,1,-1.0004014104808632,109.76751005994936,328.7417027405697,8.208392422354613,37.730067248847675,4.01942842431504,71.36737418995781,32.759163913618934,187.86417201634657,8293.723692900006
527,153194.3308007,1,-0.9977669468218212,109.95761178560285,328.7450905184915,8.21189543777097,37.72233936367739,3.9820587112154606,83.78996097597799,33.32339263912924,187.86417201634657,8310.251733300014
528,153210.181546,1,-1.0003260969775913,109.76751005994936,328.7450905184915,8.208392422354613,37.721969615274055,3.9821527246833908,71.36737418995781,33.33377943421625,187.86417201634657,8326.10247860002
529,153224.7156767,1,-1.0003260010737576,109.76751005994936,328.7417027405697,8.208392422354613,37.7222200979149,3.9821527246833908,71.36737418995781,33.33142874647105,187.86417201634657,8340.63660930001
530,153241.0097359,1,-0.9975752909073295,109.76674824302151,328.7450905184915,8.208392422354613,37.70996621532776,3.9821527246833908,83.78996097597799,33.33407431304426,187.86467995215725,8356.93066850002
531,153256.1341028,1,-0.9975823065924788,109.76751005994936,328.7450905184915,8.208392422354613,37.721969615274055,3.9821527246833908,83.78996097597799,33.33377943421625,187.86417201634657,8372.0550354
532,153272.1622634,1,-1.0001682994890972,107.31688201115294,328.8566270453169,8.208392422354613,37.7184589429598,4.410003528228301,71.51055309752448,32.631905535943616,188.2216635887843,8388.083196000021
533,153287.8470185,1,-0.9972161900801222,109.74597892078026,328.7450905184915,8.21189543777097,37.73548879119336,4.025760003669454,86.69167383131828,33.27340033751871,187.86417201634657,8403.767951100017
534,153303.5450724,1,-0.9975741533472737,109.76751005994936,328.7450905184915,8.208392422354613,37.721969615274055,3.9821527246833908,83.82598606129885,33.33377943421625,187.86417201634657,8419.466005000024
535,153319.4184193,1,-1.0003318539357315,109.76751005994936,328.7450905184915,8.208392422354613,37.721969615274055,3.9821527246833908,71.33134910469727,33.33377943421625,187.86417201634657,8435.33935190001
536,153334.3392839,1,-0.9901852443652575,109.76906672922719,328.7450905184915,8.212996231085192,37.70996621532776,3.9821527246833908,107.52374669796544,29.631342657383925,187.86467995215725,8450.260216499999
537,153349.6637067,1,-0.9946025364658908,109.79916614517354,328.7450905184915,8.208392422354613,36.394587825192524,3.9821527246833908,83.78996097597799,59.44579638384895,187.86417201634657,8465.58463930001
538,153365.7495851,1,-1.0004500699389274,109.76751005994936,328.8566270453169,8.208392422354613,37.7184589429598,3.9821594287553386,71.33198160493895,33.33377943421625,188.2216635887843,8481.670517700026
539,153381.105841,1,-1.0002897689601522,109.76751005994936,328.7450905184915,8.208392422354613,37.721969615274055,3.9814108034848403,71.5099205972828,33.33377943421625,187.86417201634657,8497.026773600024
540,153396.87398,1,-0.9944859966087564,109.76751005994936,328.7450905184915,8.208392422354613,37.721969615274055,3.4369367489231375,71.33134910469727,33.33377943421625,187.86417201634657,8512.794912600017
541,153412.4117143,1,-1.0003260969775913,109.76751005994936,328.7450905184915,8.208392422354613,37.721969615274055,3.9821527246833908,71.36737418995781,33.33377943421625,187.86417201634657,8528.332646900002
542,153428.1575294,1,-1.0003147984179575,109.76542643376094,328.74160640564645,8.208392422354613,37.73012300933555,3.9821527246833908,71.36737418995781,33.29968870841198,187.86417201634657,8544.078462000005
543,153444.2627841,1,-0.9971260502314405,109.858328342409,328.74518685341474,8.21189543777097,37.045377623569784,4.019334410847111,83.78996097597799,32.782867844336195,187.86417201634657,8560.183716700005
544,153459.2606229,1,-1.0004377260149444,109.76751005994936,328.85720363121123,8.208392422354613,37.7222200979149,3.982198663279457,71.3722808902418,33.33372685631559,188.21322663029733,8575.181555500021
545,153475.3577407,1,-1.0002920387890595,109.76751005994936,328.7411261546753,8.208392422354613,37.7184589429598,3.981371568960722,71.5056463972405,33.33148132437171,187.87260897483358,8591.278673300025
546,153490.7416188,1,-1.0003450663184696,109.76751005994936,328.7391300933386,8.208392422354613,37.695778390705755,3.9838291953980494,71.37858919463595,33.36273590922048,187.87542038931457,8606.662551400019
547,153505.3619356,1,-1.0005774092425272,109.76751005994936,328.859199692548,8.208392422354613,37.730067248847675,4.01701673647378,70.96001986774333,32.730207438614705,188.21359888817443,8621.28286820001
548,153521.2078645,1,-1.0029189990646898,110.86121317858482,328.8566270453169,8.208392422354613,37.70973726956875,4.410003528228301,71.51055309752448,32.631905535943616,188.20683209894014,8637.128797100013
549,153536.2644868,1,-0.9967822403039186,107.2116239252671,328.7450905184915,8.208392422354613,37.718484311672796,3.9821523783202055,83.78996097597799,37.87481578451469,187.92578322470044,8652.185419400019
550,153550.125742,1,0.9388671250049285,109.96038567882978,328.7211071600788,8.409309185790748,37.781479766850076,3.9823796493891583,73.55567789283836,33.33110816539962,187.86192141148885,8666.046674600017
551,153566.6758296,1,-1.0007279713038064,109.38198946576422,328.887056647924,8.21189543777097,37.72233936367739,3.9820587112154606,83.78996097597799,33.32396949522768,196.52997283630407,8682.596762200003
552,153581.7059055,1,-1.0004596625680766,109.9547349857064,328.7417027405697,8.208360650004158,37.72268209830192,3.9821527246833908,71.36737418995781,33.33142874647105,187.86417201634657,8697.626838100026
553,153597.5126902,1,-0.997680694461874,109.77038685984583,328.7450905184915,8.211927210121425,37.72972451422315,4.019334410847111,83.78996097597799,32.751127806277125,187.86417201634657,8713.433622800017
554,153613.3585349,1,-1.0003247005240148,109.76751005994936,328.7453617927867,8.208392422354613,37.7222200979149,3.9821527246833908,71.36737418995781,33.33142874647105,187.86417201634657,8729.279467500019
555,153628.5690475,1,-1.0003261598590059,109.76751005994936,328.7414314662745,8.208392422354613,37.721969615274055,3.9821527246833908,71.36737418995781,33.33377943421625,187.86417201634657,8744.489980100014
556,153644.8682148,1,-0.9989228519637141,109.76751005994936,328.7293506131932,8.208392422354613,37.695778390705755,3.7932866927578086,71.35413800259363,33.33377943421625,188.22484726114243,8760.789147400006
557,153660.3380612,1,-1.0004655369640523,109.76751005994936,328.86897917269334,8.208392422354613,37.730067248847675,4.01942842431504,70.98447105978565,32.759163913618934,187.86417201634657,8776.258993800002
558,153676.1490299,1,-1.0004541687968507,109.76751005994936,328.7092829852903,8.208392422354613,37.7222200979149,3.982156579358922,71.37226611285648,33.33372599746499,188.20059511503604,8792.069962500012
559,153692.4746793,1,-1.0003087402420294,109.76751005994936,328.8930111644124,8.208392422354613,37.721969615274055,3.9821948086039263,71.36738896734313,33.333780293066845,187.8768035316079,8808.395611900021
560,153707.4371782,1,-1.0038410182113038,110.86121317858482,328.8566270453169,8.208392422354613,37.71044881168953,4.410003528228301,72.63718159066669,32.631905535943616,191.4262929563399,8823.358110800007
561,153723.9718674,1,-1.0009476623039146,109.38198946576422,328.887056647924,8.21189543777097,37.72162782155661,3.9820587112154606,82.66333248287283,33.32396949522768,196.52997283630407,8839.892800000001
562,153740.9052799,1,-1.0004471017656587,109.76751005994936,328.8568576756222,8.208392422354613,37.7184589429598,3.9821594287553386,71.33198160493895,33.33377943421625,188.220987409971,8856.826212500018
563,153756.539573,1,-1.0005761462625804,109.76751005994936,328.85896906224264,8.208392422354613,37.730067248847675,4.01701673647378,70.96001986774333,32.730207438614705,188.21427506698777,8872.4605056
564,153772.3193333,1,-1.0001230508651862,109.76751005994936,328.7417045040681,8.208392422354613,37.721969615274055,3.977657218599189,71.33134910469727,32.738528508356644,187.86417201634657,8888.240265900007
565,153787.9786795,1,-1.0005961084313792,109.76751005994936,328.84170010483604,8.208392422354613,37.730067248847675,4.023923930399242,71.36737418995781,33.354414839478544,187.86417201634657,8903.89961210001
566,153804.7590253,1,-1.0008290157851023,109.39287897557858,328.88545082253694,8.21189543777097,37.72233936367739,3.982401873679393,84.23233953274419,33.36411809776952,196.9676150367542,8920.679957900022
567,153820.6144645,1,-1.0018747137333046,109.75662055013498,328.74073591872565,8.208392422354613,37.695778390705755,4.298188330665424,70.93621063805291,33.32258730667864,187.43777800743464,8936.5353971
568,153835.258934,1,0.9369266313426088,109.76751005994936,328.8562692817951,8.208392422354613,37.721969615274055,2.5302525608336146,71.36737418995781,33.33377943421625,187.86417201634657,8951.179866600025
569,153851.492758,1,-1.0005373335093086,109.76751005994936,328.7454482820133,8.208392422354613,37.695778390705755,3.981417507556788,70.97123487242146,33.33377943421625,188.22484726114243,8967.41369060002
570,153866.8050538,1,-1.0005203702476533,109.76751005994936,328.8566270453169,8.208392422354613,37.695778390705755,3.981417507556788,70.97123487242146,33.33377943421625,188.22484726114243,8982.725986400008
571,153881.9822985,1,0.9373543432095628,109.76751005994936,328.8566270453169,8.208392422354613,37.7184589429598,2.9577382205954597,71.51055309752448,33.33377943421625,188.2216635887843,8997.903231100005
572,153897.6868067,1,-1.0004493569227986,109.9547349857064,328.85491390516074,8.208360650004158,37.72268209830192,3.9821527246833908,71.33975970666724,33.33142874647105,187.86417201634657,9013.607739300001
573,153912.6759919,1,-1.0004770233096314,109.76751005994936,328.75576800810234,8.208392422354613,37.730067248847675,4.01942842431504,71.01208554307622,32.759163913618934,187.86417201634657,9028.596924500016
574,153927.2197173,1,-1.0008239100477436,110.84929134152243,328.8566270453169,8.208392422354613,37.709643118081594,3.9779686296856513,71.36946830048325,32.631905535943616,187.87671405819543,9043.140649900015
575,153939.8145852,1,-0.9979868373286639,109.9666568227688,328.7417027405697,8.208360650004158,37.72277624978907,4.414187623226042,71.50845898699905,33.33142874647105,177.43306387140092,9055.7355178
576,153952.7126686,1,-1.0007886605590164,109.76751005994936,328.859199692548,8.208392422354613,37.730067248847675,4.017476112109527,70.96001986774333,33.41736036793048,188.21359888817443,9068.63360120001
577,153966.5427237,1,-1.0003211706306254,109.76751005994936,328.7450905184915,8.208392422354613,37.721969615274055,3.9816933490476436,71.36737418995781,33.33377943421625,187.86417201634657,9082.46365630001
578,153979.4663413,1,-1.000814902805996,109.76751005994936,328.84170010483604,8.208392422354613,37.730067248847675,4.023923930399242,70.98729711098238,33.354414839478544,188.2257025508127,9095.387273900007
579,153992.1617929,1,-1.000320471247476,109.76751005994936,328.7454482820133,8.208392422354613,37.695778390705755,3.981417507556788,71.3513119513969,33.33377943421625,187.8633167266763,9108.082725500019
580,154006.302919,1,-1.0005203702476533,109.76751005994936,328.8566270453169,8.208392422354613,37.695778390705755,3.981417507556788,70.97123487242146,33.33377943421625,188.22484726114243,9122.223851600022
581,154019.4243513,1,-0.9490885658728698,97.50211265087586,328.7454482820133,7.233639612406229,37.695778390705755,3.981417507556788,70.97123487242146,33.33377943421625,188.22484726114243,9135.34528390001
582,154031.9080951,1,-1.003267512304579,109.46790303089648,328.8566270453169,8.208392422354613,37.71044881168953,4.426742980541759,72.63718159066669,33.773744773543804,191.4262929563399,9147.829027700005
583,154046.0981232,1,-1.0015093736681706,110.77529961345253,328.887056647924,8.21189543777097,37.72162782155661,3.965319258902007,82.66333248287283,32.59274180067304,196.52997283630407,9162.019055800018
584,154058.792728,1,-1.000786177461869,109.39287897557858,328.88545082253694,8.21189543777097,37.72233936367739,3.9820466345278693,84.23233953274419,33.36420136634766,196.85447474813517,9174.713660600013
585,154072.1750619,1,-1.0037036775653922,109.38198946576422,328.887056647924,8.21189543777097,37.72162782155661,3.982413950366984,82.66333248287283,36.318333654260854,201.4915346559997,9188.095994500007
586,154086.3183467,1,-1.0005203702476533,109.76751005994936,328.8566270453169,8.208392422354613,37.695778390705755,3.981417507556788,70.97123487242146,33.33377943421625,188.22484726114243,9202.239279300004
587,154099.4695415,1,-1.0029189990646898,110.86121317858482,328.8566270453169,8.208392422354613,37.70973726956875,4.410003528228301,71.51055309752448,32.631905535943616,188.20683209894014,9215.390474100015
588,154112.1594447,1,-1.0007886605590164,109.76751005994936,328.859199692548,8.208392422354613,37.730067248847675,4.017476112109527,70.96001986774333,33.41736036793048,188.21359888817443,9228.080377300008
589,154125.8047393,1,-0.99944809553211,109.38198946576422,328.887056647924,8.21189543777097,37.72233936367739,3.9820587112154606,90.2149453678189,33.32396949522768,196.52997283630407,9241.7256719
590,154138.4623123,1,-1.0010543502224059,110.84929134152243,328.8566270453169,8.208392422354613,37.709643118081594,3.9779686296856513,71.36946830048325,33.376684083194306,187.87671405819543,9254.383244900004
591,154151.557701,1,-1.0005614265563119,109.76751005994936,328.859199692548,8.208392422354613,37.730067248847675,4.017476112109527,70.96001986774333,32.672581820679795,188.21359888817443,9267.478633600025
592,154165.1738151,1,-1.0031325241206621,110.86121317858482,328.8566270453169,8.208392422354613,37.70973726956875,4.410003528228301,71.51055309752448,33.31987109547208,188.20683209894014,9281.0947477
593,154178.1748747,1,-0.8985448004705808,109.75662055013498,328.74073591872565,8.208392422354613,46.661565462726045,4.298188330665424,70.93621063805291,32.63462174715018,187.43777800743464,9294.095807300007
594,154190.9657004,1,-1.0008665021071181,109.77923823127952,328.8593092857319,8.212099204467044,37.730067248847675,4.01701673647378,84.1724604743793,32.730207438614705,196.33004071210937,9306.886633000016
595,154205.3597942,1,-1.0003718926586442,109.37026129443404,328.88694705474006,8.208188655658539,37.72233936367739,3.9820587112154606,70.5775203695832,33.32396949522768,188.41353098973804,9321.280726800003
596,154218.25342,1,-0.9588121368755289,110.83955402171947,334.94039320779103,7.18154320431009,37.73082613318573,4.410003528228301,72.63718159066669,32.631905535943616,191.36048830832007,9334.174352600006
597,154231.8037033,1,-1.0006109584863971,109.78916921681471,328.859199692548,8.208392422354613,37.70968992735148,4.01701673647378,70.96001986774333,32.730207438614705,188.27940353619417,9347.724635899998
598,154246.1104596,1,-1.0038410182113038,110.86121317858482,328.8566270453169,8.208392422354613,37.71044881168953,4.410003528228301,72.63718159066669,32.631905535943616,191.4262929563399,9362.031392200006
