iteration,timestamp,success,NPV_over_CAPEX,clearance,sp,p_rated,Nwt,wind_MW_per_km2,solar_MW,surface_tilt,surface_azimuth,time_sec
0,56895.2526403,1,0.8378880812626363,97.8431967081185,236.51777351720796,14.759334411443188,14.325639269804642,5.830245656084942,95.51026579181872,48.62509721479691,205.20455565945178,0.0
1,56909.6068826,1,-0.18343366254850726,36.09610190093926,238.53903316750763,14.225805201015547,44.979727241983014,6.1186871699118175,52.61189558842038,50.770424174774405,186.7897015611046,14.354242299996258
2,56924.5900214,1,-0.647388818613678,16.95705826324095,204.24761078602722,9.702824576224018,21.425472411716864,7.244566872690705,196.16513232209505,14.731933404100264,185.94447366342084,29.33738109999831
3,56937.1944463,1,0.8868896361860995,100.24453623179487,226.4928218107318,12.773035120253816,40.6850759936787,9.865626835800333,185.31964437383246,44.8769156700463,184.88689953369214,41.94180600000254
4,56950.0206273,1,-0.5467497707689981,31.58828482045414,303.1606486125948,19.435486997461133,8.261305202763987,9.639600652841581,58.47026102894904,72.08052064865933,192.96639555398667,54.767986999999266
5,56963.5752768,1,-0.0327761848912358,23.92068837263094,221.94249304348435,17.556922194865976,37.85094482343373,5.2456543541629586,45.88339290351182,29.463866808200528,174.05552633657916,68.32263650000095
6,56976.6754938,1,0.6692285140163923,118.82953497002221,252.98564362146362,7.482619903061575,20.640983508599447,3.9846269528411753,181.9599184319223,81.20637383482246,207.12423989313183,81.4228535000002
7,56991.3391259,1,-0.5880527071086724,50.727328458152456,224.53332318933363,9.044503215309357,48.49766235248901,3.869853084709683,188.6049069739892,46.90176276978848,156.85903468910757,96.0864855999971
8,57006.3478036,1,0.9710734145900665,62.57044084005185,208.20963789292475,17.580830342041786,34.7572300025906,5.236156910820933,78.58351711875093,59.60884907414657,152.23128951565718,111.09516330000042
9,57022.5078308,1,0.869845761710822,118.05975023588657,231.92040072011426,10.19395028495136,34.06175320340752,3.428256482249434,148.45285813613884,78.15007889540715,197.7199017473049,127.25519050000003
10,57042.1390797,1,-0.7292240030233312,50.13559785586112,283.73890256978,5.276823942170884,31.764758087171945,6.090961197793438,32.536796042224246,60.76137935603763,181.82620854061548,146.88643939999747
11,57058.1163404,1,-0.7536503036192326,63.28979714132979,203.38611393912498,6.81850407936085,27.779015563895907,3.971895154045,103.15460361754464,41.78080504891511,155.99714537564944,162.86370010000246
12,57073.3195421,1,0.7730782604766565,104.02434585979726,284.88295865209454,6.882140305320238,25.142674329875025,1.518130198570619,149.7044664841688,10.892267898247379,182.14971461074396,178.06690179999714
13,57091.67554,1,-0.8439669847458029,98.07028143325711,331.87348323857356,9.697554312564408,18.45992620363102,4.029676185688807,189.3152169883159,62.560980291541654,187.37378765538463,196.42289969999547
14,57105.8694472,1,0.7872837751549511,96.36989310427215,351.2722410919471,7.9645843951552875,24.204636282160056,1.8172854972264854,140.51463319340957,34.016460805659165,161.79260737723007,210.61680689999775
15,57124.9164298,1,-0.496915915371818,43.90238843499143,285.72732119690625,5.34603674140988,15.269691773875092,9.623589622958661,185.7477031532281,40.1879510041549,173.9318149428117,229.66378950000217
16,57140.2951318,1,0.9770540304287377,67.42594902979064,253.22343205587305,19.560452069205382,21.20678740171036,9.380672872512225,47.03564773334078,66.77753494444579,194.29123767951907,245.0424914999967
17,57159.9635408,1,-0.787203068229398,18.030376491872886,263.54135076162163,7.083389902269045,40.037310789368725,6.258852438377278,179.65962433833428,9.584282309974304,199.4771853499418,264.710900500002
18,57175.3039619,1,-0.7051482627879707,99.43330814698814,355.26473414139025,9.60712184866512,14.094762124886724,5.55449088193285,61.24420874444533,36.74105924477014,157.89929455172376,280.0513215999963
19,57188.6628601,1,0.8094896557128466,76.37641320922444,218.39496556146037,6.303098261745648,20.479689020569616,2.7085539173125124,104.05521033043374,5.279968046400931,155.16131853494602,293.4102197999964
20,57202.6540887,1,0.6286775890114232,36.41835513359944,344.3161646290664,7.9660704072123,12.134364295773725,1.9972455907768878,156.23277401858883,61.08199386624836,157.24990505953835,307.40144839999994
21,57217.0643058,1,-0.6613671037142166,93.09458283066171,353.0605069159663,9.058263316048482,14.094762124886724,5.5403777513066865,61.24420874444533,51.82881233354418,157.89929455172376,321.8116654999976
22,57231.9302598,1,-0.5352372807961499,57.06509616259462,225.29503937662412,9.593361747925996,48.49766235248901,5.488027985993627,188.6049069739892,36.41429703895292,156.85903468910757,336.6776194999984
23,57246.7221341,1,-0.8022545475814237,50.13559785586112,263.77826197972763,5.205170007654801,39.98322369454487,6.090961197793438,36.57955617193623,61.58505827712381,181.82620854061548,351.4694937999957
24,57263.3486546,1,-0.7323594269057,18.030376491872886,283.5019913517935,7.083389902269045,31.818844924933494,6.258852438377278,178.10906439498785,8.825659174518574,199.4771853499418,368.0960142999975
25,57279.4928503,1,-0.496915915371818,43.90238843499143,285.72732119690625,5.34603674140988,15.269691773875092,9.623589622958661,185.7477031532281,40.1879510041549,173.9318149428117,384.2402099999963
26,57294.3078355,1,-0.8428121437546843,98.07028143325711,334.4654502060554,9.697554312564408,18.45992620363102,4.029676185688807,189.3152169883159,62.560980291541654,187.37378765538463,399.05519520000234
27,57309.0632462,1,-0.7971813410420183,50.727328458152456,223.93756588005792,9.304437245602601,28.718975000219597,3.8725833139871617,188.6049069739892,42.04858712826908,156.85903468910757,413.81060589999834
28,57323.8153154,1,-0.8369096838728726,63.28979714132979,204.00345448995597,6.81850407936085,47.45584577940346,3.969164924767521,103.15460361754464,46.63398069043453,155.99714537564944,428.5626751000018
29,57339.484104,1,-0.647388818613678,16.95705826324095,204.24761078602722,9.702824576224018,21.425472411716864,7.244566872690705,196.16513232209505,14.731933404100264,185.94447366342084,444.23146370000177
30,57357.2662187,1,-0.7536503036192326,63.28979714132979,203.38611393912498,6.81850407936085,27.779015563895907,3.971895154045,103.15460361754464,41.78080504891511,155.99714537564944,462.0135784000013
31,57373.0307465,1,-0.18214484324851965,36.09610190093926,238.53903316750763,14.225805201015547,44.979727241983014,6.144368387872232,52.61189558842038,24.940148619774902,186.7897015611046,477.77810619999946
32,57388.208888,1,-0.032735606348406825,23.92068837263094,221.94249304348435,17.556922194865976,37.85094482343373,5.21997313620216,45.88339290351182,55.294170567458295,174.05552633657916,492.95624769999995
33,57403.8558241,1,-0.7927957671863479,50.13559785586112,283.73890256978,6.479652816817531,31.764758087171945,6.090961197793438,32.536796042224246,60.76137935603763,181.82620854061548,508.6031837999981
34,57419.9132792,1,-0.10661994401832231,23.92068837263094,221.94249304348435,17.556922194865976,34.95539935345199,5.2456543541629586,45.88339290351182,29.463866808200528,174.05552633657916,524.6606389000008
35,57435.3557948,1,-0.7267442325026268,46.780802416621164,331.87348323857356,9.697554312564408,18.45992620363102,4.029676185688807,189.3826693124727,62.560980291541654,187.6778871964248,540.1031545000005
36,57451.1755856,1,-0.538144525839233,95.19039896851177,285.72732119690625,5.34603674140988,15.269691773875092,9.623589622958661,185.68025082898447,40.1879510041549,173.62771537687954,555.9229453000007
37,57467.5962897,1,0.7872837751549511,96.36989310427215,351.2722410919471,7.9645843951552875,24.204636282160056,1.8172854972264854,140.51463319340957,34.016460805659165,161.79260737723007,572.343649399998
38,57484.0056554,1,-0.787203068229398,18.030376491872886,263.54135076162163,7.083389902269045,40.037310789368725,6.258852438377278,179.65962433833428,9.584282309974304,199.4771853499418,588.7530150999955
39,57498.9333081,1,0.8216411269806203,96.36989310427215,355.2549625530971,9.646782526059896,23.902655862438046,1.9021851213756158,140.51463319340957,34.016460805659165,161.74318199685138,603.6806677999994
40,57515.32227,1,-0.6164526958519592,99.29508788412865,351.2820125393836,7.924923722384157,14.094762124886724,4.935189412793736,64.23966601235287,36.72084660258959,157.9487199336586,620.0696296999959
41,57531.5492442,1,-0.647388818613678,16.95705826324095,204.24761078602722,9.702824576224018,21.425472411716864,7.244566872690705,196.16513232209505,14.731933404100264,185.94447366342084,636.2966039000021
42,57547.789541,1,-0.8430550338887941,63.28979714132979,204.00345448995597,6.81850407936085,45.86567325380697,3.969164924767521,103.15460361754464,46.63398069043453,153.4936901978631,652.5369006999972
43,57563.4846468,1,-0.7066610995864776,101.61113908225768,355.26473414139025,9.60712184866512,14.094762124886724,5.55449088193285,61.24420874444533,22.870492084326123,157.89929455172376,668.2320065000022
44,57579.9864023,1,-0.7910321467521436,50.13559785586112,283.73890256978,6.479652816817531,31.764758087171945,6.090961197793438,44.80917730352284,60.76137935603763,178.16680506757916,684.7337619999962
45,57595.8463076,1,-0.7615293145998601,46.652464801561145,331.74407855564425,6.331955991710947,29.51675896423432,3.9759614627109316,189.3826693124727,62.560980291541654,187.6778871964248,700.593667299996
46,57611.9151854,1,-0.7277658211420996,50.263935470921155,283.8680892667671,10.309834284164179,17.533077961877087,6.1446759514499245,32.536796042224246,59.957367331118,181.82620854061548,716.6625451
47,57627.7495679,1,-0.8908093951874999,110.63967635655477,351.2820125393836,7.924923722384157,47.03612028617346,4.8876504302530455,106.29469289672008,36.72084660258959,155.8022736189651,732.4969275999974
48,57645.0558087,1,-0.5740829928037178,63.44728620717268,204.00345448995597,7.098711351278061,14.356055833234947,3.969164924767521,61.099712795458345,48.18082228123523,158.14359169063934,749.8031684000016
49,57666.6261688,1,-0.7551700515746755,63.28979714132979,205.0203750216956,6.81850407936085,27.779015563895907,3.971895154045,103.15460361754464,41.78080504891511,155.99714537564944,771.3735285000002
50,57684.1841588,1,-0.8022545475814237,50.13559785586112,263.77826197972763,5.205170007654801,39.98322369454487,6.090961197793438,36.57955617193623,61.58505827712381,181.82620854061548,788.9315185000014
51,57700.5723643,1,-0.8490708958905003,98.07028143325711,331.87348323857356,9.697554312564408,40.30488562179225,4.029676185688807,195.99361191133607,62.560980291541654,187.37378765538463,805.3197240000009
52,57719.7327061,1,-0.5199059060784906,50.13559785586112,263.77826197972763,5.205170007654801,18.137742686074027,6.090961197793438,36.57955617193623,61.58505827712381,181.82620854061548,824.4800658000022
53,57736.9768266,1,-0.7407698898838884,63.744688903592575,224.2108506660217,6.6050432413778575,25.74311158805551,3.9689143542989416,108.29287273284778,41.78080504891511,155.99714537564944,841.7241863000017
54,57753.2679422,1,-0.7786947002893101,50.70418544456782,209.3212584474323,9.517932215634628,28.746293233067117,3.645804981369209,188.6049069739892,42.04858712826908,156.85903468910757,858.015301899999
55,57769.2218877,1,-0.8428121437546843,98.07028143325711,334.4654502060554,9.697554312564408,18.45992620363102,4.029676185688807,189.3152169883159,62.560980291541654,187.37378765538463,873.9692473999967
56,57786.0911626,1,-0.6613671037142166,93.09458283066171,353.0605069159663,9.058263316048482,14.094762124886724,5.5403777513066865,61.24420874444533,51.82881233354418,157.89929455172376,890.8385223000005
57,57802.0358096,1,-0.8321202811103013,98.07028143325711,334.42227695106004,9.697554312564408,18.45992620363102,3.64526204381829,189.3152169883159,62.560980291541654,183.1362902590165,906.7831692999971
58,57817.2676526,1,0.6877729068427125,98.07028143325711,331.91665649356895,11.208437779515329,18.45992620363102,5.176791112379625,195.427216611595,62.560980291541654,187.37378765538463,922.0150122999985
59,57833.0592151,1,-0.7866700459144405,18.030376491872886,284.5272167929598,7.083389902269045,40.037310789368725,6.258852438377278,179.65962433833428,14.1734037246237,181.43783177427082,937.8065748000008
60,57849.748087,1,-0.745659825226501,50.13559785586112,262.75303653891325,5.276823942170884,31.764758087171945,6.090961197793438,32.536796042224246,56.20112011811055,199.8653974243265,954.4954466999989
61,57865.4931783,1,-0.7268411209057262,50.13559785586112,283.73890256978,5.18461870933456,31.86722730394154,6.090961197793438,32.536796042224246,61.58143430935559,187.89514106546238,970.2405379999982
62,57881.5975669,1,-0.8543274131301611,50.13559785586112,263.77826197972763,6.502875740932867,39.880754247924926,6.090961197793438,36.57955617193623,60.765003323805836,181.82620854061548,986.3449266000025
63,57897.6777111,1,-0.8023641085459406,50.599801260198944,263.77826197972763,5.205170007654801,39.98322369454487,6.090961197793438,36.57955617193623,61.58505827712381,181.82620854061548,1002.4250707999963
64,57913.7577469,1,-0.8439669847458029,98.07028143325711,331.87348323857356,9.697554312564408,18.45992620363102,4.029676185688807,189.3152169883159,62.560980291541654,187.37378765538463,1018.5051066000015
65,57929.8889937,1,-0.8032167396400711,98.07028143325711,331.87348323857356,9.697554312564408,16.685717536409946,4.029676185688807,196.2015928777892,62.560980291541654,182.68198438066185,1034.6363533999975
66,57945.9237472,1,-0.7983592075618985,98.07028143325711,308.0660994771835,9.697554312564408,42.074856445338554,3.64526204381829,189.1071562473971,62.560980291541654,187.82809353373597,1050.6711069000012
67,57962.1662488,1,-0.8490708958905003,98.07028143325711,331.87348323857356,9.697554312564408,40.30488562179225,4.029676185688807,195.99361191133607,62.560980291541654,187.37378765538463,1066.913608499999
68,57978.3827593,1,-0.7946627691745775,50.13559785586112,283.73890256978,6.479652816817531,32.146693338286255,6.090961197793438,44.80917730352284,60.76137935603763,178.16680506757916,1083.1301190000013
69,57994.5455895,1,-0.842817033683109,98.07028143325711,334.4514963997889,9.697554312564408,18.45992620363102,4.029676185688807,189.3152169883159,62.560980291541654,187.37378765538463,1099.2929491999967
70,58010.9702801,1,-0.8511763476585607,98.07028143325711,331.8874370448401,9.697554312564408,18.45992620363102,4.029676185688807,189.3152169883159,57.12643259501508,187.37378765538463,1115.717639800001
71,58026.9216525,1,-0.7819180373863162,97.7969546235893,263.54135076162163,7.083389902269045,18.181926936240316,4.024288829647585,189.33946411100493,58.88189276090736,199.4771853499418,1131.6690122
72,58042.790544,1,-0.7409962729443211,18.53835722341971,334.4654502060554,9.697554312564408,36.154291258981225,6.264239819219531,179.6353765642673,13.297921493310337,187.37378765538463,1147.537903700002
73,58059.1085645,1,-0.8075509705495669,56.505341412839925,223.93756588005792,9.12357046644497,28.718975000219597,3.8725833139871617,188.6049069739892,42.04858712826908,156.85903468910757,1163.8559241999974
74,58074.8524333,1,-0.8930016628490883,111.03100852905104,351.2820125393836,7.924923722384157,46.91311770858697,4.8876504302530455,106.29469289672008,36.72084660258959,156.34504996394887,1179.5997930000012
75,58090.744869,1,-0.8901957160593796,110.63967635655477,351.2820125393836,7.924923722384157,47.03612028617346,4.8876504302530455,106.29469289672008,42.27404675831701,155.8022736189651,1195.4922287000009
76,58106.3501997,1,-0.8369096838728726,63.28979714132979,204.00345448995597,6.81850407936085,47.45584577940346,3.969164924767521,103.15460361754464,46.63398069043453,155.99714537564944,1211.0975593999974
77,58122.5796667,1,-0.84595266946953,63.28979714132979,204.00345448995597,6.81850407936085,44.65650648584397,3.8854338380808233,103.15460361754464,40.93393566568156,153.4936901978631,1227.327026400002
78,58138.4453712,1,-0.8369096838728726,63.28979714132979,204.00345448995597,6.81850407936085,47.45584577940346,3.969164924767521,103.15460361754464,46.63398069043453,155.99714537564944,1243.192730900002
79,58154.5008212,1,-0.7927957671863479,50.13559785586112,283.73890256978,6.479652816817531,31.764758087171945,6.090961197793438,32.536796042224246,60.76137935603763,181.82620854061548,1259.248180900002
80,58170.3337566,1,-0.8321202811103013,98.07028143325711,334.42227695106004,9.697554312564408,18.45992620363102,3.64526204381829,189.3152169883159,62.560980291541654,183.1362902590165,1275.0811162999962
81,58187.0057142,1,-0.8490708958905003,98.07028143325711,331.87348323857356,9.697554312564408,40.30488562179225,4.029676185688807,195.99361191133607,62.560980291541654,187.37378765538463,1291.7530738999994
82,58205.5075375,1,-0.8933345852280532,110.63967635655477,351.2820125393836,7.924923722384157,47.03612028617346,4.8876504302530455,99.78325799082667,36.72084660258959,155.8022736189651,1310.2548972000004
83,58222.113982,1,-0.8511763476585607,98.07028143325711,331.8874370448401,9.697554312564408,18.45992620363102,4.029676185688807,189.3152169883159,57.12643259501508,187.37378765538463,1326.8613417000015
84,58238.5866751,1,-0.8382381372197673,50.13559785586112,263.77826197972763,6.104282364278605,39.34437963958245,6.090961197793438,36.57955617193623,60.765003323805836,181.82620854061548,1343.3340347999983
85,58254.4897365,1,-0.8139394032133217,45.76200992501875,204.00345448995597,6.81850407936085,43.05835495010031,3.8943492541387386,103.15460361754464,41.974183595202064,154.83263284695764,1359.2370961999986
86,58270.5035175,1,-0.8574709174801407,63.53148921568446,273.33316875279576,6.502875740932867,39.880754247924926,6.082045814742272,36.57955617193623,60.765003323805836,180.5401459448669,1375.2508772
87,58286.049898,1,-0.8900065154382103,110.63967635655477,351.2820125393836,7.924923722384157,47.03612028617346,4.8876504302530455,106.29469289672008,43.286590214455934,155.8022736189651,1390.7972576999964
88,58301.9473606,1,-0.8958914614602691,110.63967635655477,351.2820125393836,7.763131171772315,47.43423974634583,4.8876504302530455,106.29469289672008,35.70830314645268,155.8022736189651,1406.6947203000018
89,58317.6595119,1,-0.8502281973230077,98.07028143325711,334.41655421811026,9.697554312564408,18.45992620363102,4.029676185688807,189.3152169883159,57.00991189481588,187.37378765538463,1422.4068715999965
90,58333.5365999,1,-0.8384349071923041,98.07028143325711,331.9363330327852,9.697554312564408,18.45992620363102,5.104100399079446,189.3152169883159,64.49100736663937,187.37378765538463,1438.2839595999976
91,58349.1665183,1,-0.8528040989841993,98.07028143325711,331.0782177650489,9.697554312564408,40.14382234122445,4.029676185688807,196.21735045710247,62.560980291541654,188.37843400623046,1453.9138779999994
92,58365.6882709,1,-0.8459708973478435,98.07028143325711,335.24676187331346,9.636387091656685,18.816383411339217,4.029676185688807,189.09139292277922,62.560980291541654,187.37378765538463,1470.4356305999972
93,58381.3483955,1,-0.8741947098604353,97.43274426678325,329.3968156952728,7.864718143846704,48.206036671578104,4.8876504302530455,111.41242349397159,36.72084660258959,159.34951987990328,1486.0957551999963
94,58396.5437536,1,0.644634962970336,111.66844011330124,351.7430047564019,9.757759905547147,16.744278961364806,4.029676185688807,182.36540049856205,62.560980291541654,187.37378765538463,1501.2911133000016
95,58412.361116,1,-0.8369096838728726,63.28979714132979,204.00345448995597,6.81850407936085,47.45584577940346,3.969164924767521,103.15460361754464,46.63398069043453,155.99714537564944,1517.108475699999
96,58428.3653743,1,-0.8894424214813146,111.03100852905104,351.2820125393836,7.924923722384157,46.91311770858697,4.8876504302530455,115.46742785973281,36.72084660258959,156.34504996394887,1533.112734000002
97,58444.0477209,1,-0.8497169552189383,110.63967635655477,351.2820125393836,8.419123822994111,47.03612028617346,4.876707138303821,118.53348823241438,42.22009923682838,155.80924572929854,1548.7950806000008
98,58459.2195488,1,0.9128542941723092,63.28979714132979,204.00345448995597,6.81850407936085,47.45584577940346,2.3236287764193686,106.38507183297978,46.68792821192316,155.990173265316,1563.9669084999987
99,58475.6507946,1,-0.8439669847458029,98.07028143325711,331.87348323857356,9.697554312564408,18.45992620363102,4.029676185688807,189.3152169883159,62.560980291541654,187.37378765538463,1580.3981542999973
100,58491.5740883,1,-0.841760239394764,98.07028143325711,331.87348323857356,9.697554312564408,40.30488562179225,4.029676185688807,195.99361191133607,62.560980291541654,179.87783820631057,1596.3214480000024
101,58508.1626975,1,-0.8502281973230077,98.07028143325711,334.41655421811026,9.697554312564408,18.45992620363102,4.029676185688807,189.3152169883159,57.00991189481588,187.37378765538463,1612.9100572000025
102,58524.1439211,1,-0.8511763476585607,98.07028143325711,331.8874370448401,9.697554312564408,18.45992620363102,4.029676185688807,189.3152169883159,57.12643259501508,187.37378765538463,1628.8912808000023
103,58539.839283,1,-0.8900065154382103,110.63967635655477,351.2820125393836,7.924923722384157,47.03612028617346,4.8876504302530455,106.29469289672008,43.286590214455934,155.8022736189651,1644.5866427
104,58555.7930547,1,-0.8916497800096727,110.63967635655477,346.10002045771387,7.924923722384157,47.03612028617346,4.8876504302530455,106.29469289672008,42.27404675831701,155.8022736189651,1660.5404143999986
105,58573.9894435,1,-0.9069265617538173,110.63967635655477,351.2820125393836,7.924923722384157,47.03612028617346,4.8876504302530455,84.65598789235113,43.286590214455934,170.4008709677056,1678.7368032000013
106,58590.1665558,1,-0.8944977812815246,110.63967635655477,351.2820125393836,6.105523839482389,47.03612028617346,4.8876504302530455,106.29469289672008,36.72084660258959,155.8022736189651,1694.9139155000012
107,58606.3134578,1,-0.9563564412289098,110.71991742565014,351.2820125393836,7.872407841093066,39.96888137742826,4.8876504302530455,106.29469289672008,35.70830314645268,155.8022736189651,1711.0608175000016
108,58621.9351808,1,-0.7194032126338507,97.99002383834,331.0782177650489,9.588277657128137,47.60802188366621,4.029676185688807,196.21735045710247,62.560980291541654,188.37843400623046,1726.6825404999981
109,58638.194689,1,-0.8934661171202569,97.78783758167077,351.47592377815425,7.489131150583447,48.149934322568924,4.8876504302530455,111.41242349397159,30.818591914980594,159.35704370427166,1742.9420487000025
110,58653.9096554,1,-0.8889289249326143,109.32358108570641,329.20175652579223,7.866430331779235,47.490342095274784,5.057726767387445,106.29469289672008,27.19960248349291,155.79474980486563,1758.6570150999978
111,58670.2962322,1,-0.8933345852280532,110.63967635655477,351.2820125393836,7.924923722384157,47.03612028617346,4.8876504302530455,99.78325799082667,36.72084660258959,155.8022736189651,1775.043591900001
112,58685.5656528,1,0.6856213483580124,98.07028143325711,331.8874370448401,10.849504810196997,18.45992620363102,4.029676185688807,187.51161191744984,57.12643259501508,187.37378765538463,1790.3130125000025
113,58701.9145501,1,-0.8951379539684654,111.01411853403093,351.2820125393836,7.924923722384157,46.91311770858697,4.8876504302530455,99.82021753529327,36.72084660258959,155.79790469358025,1806.661909800001
114,58718.5388937,1,-0.8918313333115383,110.65656635157487,348.8129951008294,7.924923722384157,47.03612028617346,4.8876504302530455,106.2577333522535,36.72084660258959,156.3494188893337,1823.2862534000014
115,58734.5010434,1,-0.8197662703693155,47.65808892892397,351.2820125393836,7.924923722384157,47.363034291362034,4.9202847740882945,38.57849458251442,36.72084660258959,156.34504996394887,1839.2484030999985
116,58750.1227241,1,0.8610795387298927,113.20094871528127,263.77826197972763,6.502875740932867,39.42968747508885,6.058326853958519,113.7970138581047,60.765003323805836,181.82620854061548,1854.8700838000004
117,58765.8142631,1,-0.8899813573827614,113.14174155661192,351.2820125393836,7.924923722384157,46.91311770858697,4.8876504302530455,115.46742785973281,36.72084660258959,156.34504996394887,1870.5616228
118,58782.3819911,1,-0.8544168416131557,50.13559785586112,263.77826197972763,6.502875740932867,39.880754247924926,6.090961197793438,32.7958337423976,60.765003323805836,181.82620854061548,1887.1293508000017
119,58797.3507944,1,0.9524229699868222,111.03100852905104,351.2820125393836,8.832620043984225,46.91311770858697,4.8876504302530455,106.29469289672008,36.72084660258959,159.03379997833352,1902.0981541
120,58813.8305202,1,-0.920280232308828,110.63967635655477,351.2820125393836,6.613469127111199,47.03612028617346,4.8876504302530455,106.29469289672008,51.335082043043975,155.8022736189651,1918.5778798999963
121,58829.3559015,1,-0.8953647060298386,111.01411853403093,351.2820125393836,7.924923722384157,46.89720209751085,4.8876504302530455,99.82021753529327,36.71781399111549,155.79790469358025,1934.103261199998
122,58845.1784355,1,-0.8897965072833702,110.63967635655477,351.2820125393836,7.924923722384157,47.052035897249574,4.8876504302530455,106.29469289672008,43.28962282593018,155.8022736189651,1949.925795199997
123,58861.7377338,1,-0.85993608749815,110.64108351815838,351.2820125393836,6.183668209217131,39.781474237806464,4.8876504302530455,106.29469289672008,36.53638591011026,155.8022736189651,1966.4850934999995
124,58881.523721,1,-0.8967364130577924,110.71851026404653,351.2820125393836,7.794268331034906,47.22300094832816,4.8876504302530455,106.29469289672008,35.892763838932005,155.8022736189651,1986.2710806999967
125,58898.2453971,1,-0.9276888631539872,110.63967635655477,351.2820125393836,6.7854780854828185,47.42917338224731,4.8876504302530455,100.39047883081172,36.72084660258959,152.6342004205345,2002.9927567999985
126,58915.3100645,1,-0.8912550834955595,110.63967635655477,351.2820125393836,7.921527843820262,47.04118665027198,4.8876504302530455,105.68747205673505,35.70830314645268,155.8022736189651,2020.0574242000002
127,58932.1048751,1,-0.8928498428288854,110.65656635157487,348.8129951008294,7.924923722384157,47.03612028617346,4.8876504302530455,106.2577333522535,36.72084660258959,157.93415230111046,2036.852234799997
128,58949.1834323,1,-0.8900065154382103,110.63967635655477,351.2820125393836,7.924923722384157,47.03612028617346,4.8876504302530455,106.29469289672008,43.286590214455934,155.8022736189651,2053.930791999999
129,58965.8944319,1,-0.8901040805122931,110.63967635655477,351.2820125393836,6.105523839482389,46.92070382392159,4.8876504302530455,106.29469289672008,36.72084660258959,151.65945509408596,2070.641791599999
130,58983.2777865,1,-0.9065555453308484,110.63967635655477,351.2820125393836,7.924923722384157,47.03612028617346,4.8876504302530455,84.65598789235113,43.286590214455934,169.70852556744575,2088.0251462000015
131,58999.887893,1,-0.9167164490444049,110.63967635655477,351.2820125393836,6.613469127111199,47.03612028617346,4.8876504302530455,106.29469289672008,58.423013138187734,155.8022736189651,2104.635252699998
132,59017.3923947,1,-0.8960222323546015,112.05428869265893,351.2820125393836,7.763131171772315,47.43423974634583,4.8876504302530455,107.12144016310455,35.70830314645268,155.8022736189651,2122.139754399999
133,59034.1345306,1,-0.920280232308828,110.63967635655477,351.2820125393836,6.613469127111199,47.03612028617346,4.8876504302530455,106.29469289672008,51.335082043043975,155.8022736189651,2138.881890299999
134,59051.6649979,1,-0.8928775820570303,110.63967635655477,351.2820125393836,7.924923722384157,47.03612028617346,4.8876504302530455,106.29469289672008,36.72084660258959,158.89695611956182,2156.4123575999984
135,59068.0809424,1,-0.8934661171202569,97.78783758167077,351.47592377815425,7.489131150583447,48.149934322568924,4.8876504302530455,111.41242349397159,30.818591914980594,159.35704370427166,2172.8283021000025
136,59085.0163099,1,-0.9069265617538173,110.63967635655477,351.2820125393836,7.924923722384157,47.03612028617346,4.8876504302530455,84.65598789235113,43.286590214455934,170.4008709677056,2189.7636695999972
137,59101.9803635,1,-0.8929913294128138,109.72258775858772,351.2820125393836,7.924923722384157,47.03612028617346,4.8876504302530455,99.78325799082667,36.72084660258959,155.8022736189651,2206.727723199998
138,59119.2204649,1,-0.9563102534796176,110.71991742565014,351.2820125393836,8.270188840041783,39.96888137742826,4.8876504302530455,106.29469289672008,35.70830314645268,155.8022736189651,2223.9678245999967
139,59136.6503545,1,-0.9323653516536511,110.63967635655477,346.10002045771387,7.005521450983421,47.03612028617346,4.8690292260004115,106.29469289672008,24.06965777778281,155.8022736189651,2241.3977142000003
140,59154.1626428,1,-0.8933345852280532,110.63967635655477,351.2820125393836,7.924923722384157,47.03612028617346,4.8876504302530455,99.78325799082667,36.72084660258959,155.8022736189651,2258.9100025000007
141,59171.6264541,1,-0.8698047984923419,110.71851026404653,351.2820125393836,8.19460399701374,47.22300094832816,4.8876504302530455,106.29469289672008,35.892763838932005,157.00779979745104,2276.373813799997
142,59191.2002171,1,-0.9069265617538173,110.63967635655477,351.2820125393836,7.924923722384157,47.03612028617346,4.8876504302530455,84.65598789235113,43.286590214455934,170.4008709677056,2295.9475767999975
143,59209.0263263,1,-0.8905016151911948,110.63967635655477,347.920626493824,7.812883644643999,47.45982621450016,4.8876504302530455,106.29469289672008,51.335082043043975,155.8022736189651,2313.7736860000005
144,59226.2568583,1,-0.9217267595308224,110.63967635655477,351.2820125393836,6.56371670071886,46.798741608352714,4.8876504302530455,106.29469289672008,35.70830314645268,155.8022736189651,2331.004218000002
145,59243.0507666,1,-0.9335186080738527,110.63967635655477,346.10002045771387,7.005521450983421,47.03612028617346,4.8690292260004115,106.29469289672008,24.06965777778281,157.78117030372835,2347.7981262999965
146,59260.8339218,1,-0.911479245858208,100.88318274105269,351.2820125393836,6.613469127111199,47.03612028617346,4.690298421418974,106.29469289672008,51.335082043043975,155.8022736189651,2365.5812814999954
147,59277.6707586,1,-0.9459411168024983,108.64023023397735,351.2820125393836,7.012106674773436,47.03612028617346,4.8876504302530455,84.65598789235113,42.77933455560514,169.70852556744575,2382.4181182999964
148,59295.1914142,1,-0.9000945825004886,110.63967635655477,351.2820125393836,7.698295135681651,47.42917338224731,4.8876504302530455,100.39047883081172,37.228102261440505,152.37019644030354,2399.9387739000013
149,59312.3347772,1,-0.9564645952909557,110.71991742565014,353.3801174969361,8.147035265498536,39.96888137742826,4.8876504302530455,106.29469289672008,35.70830314645268,155.8022736189651,2417.082136899997
150,59329.9706392,1,-0.920280232308828,110.63967635655477,351.2820125393836,6.613469127111199,47.03612028617346,4.8876504302530455,106.29469289672008,51.335082043043975,155.8022736189651,2434.7179988999997
151,59347.3642769,1,-0.903661995679472,110.70977238006863,351.2820125393836,7.924923722384157,47.224849893799785,4.8876504302530455,84.65598789235113,46.151315747225134,169.87580407802753,2452.1116365999987
152,59364.4725359,1,-0.955866013474586,110.61331505579874,351.2820125393836,8.375936816420912,39.779620997652614,4.8876504302530455,106.29469289672008,35.70830314645268,156.32783496777253,2469.2198955999993
153,59381.1045564,1,-0.9203556540310873,119.81705311455784,351.2820125393836,6.613469127111199,47.82438165873504,4.8876504302530455,106.29469289672008,58.423013138187734,155.8022736189651,2485.8519161000004
154,59399.3977911,1,-0.9069265617538173,110.63967635655477,351.2820125393836,7.924923722384157,47.03612028617346,4.8876504302530455,84.65598789235113,43.286590214455934,170.4008709677056,2504.1451507999955
155,59417.3072905,1,-0.930209351518441,110.63967635655477,346.10002045771387,7.005521450983421,47.03612028617346,4.8690292260004115,106.29469289672008,51.22368546701777,155.8022736189651,2522.0546501999997
156,59435.0457629,1,-0.9230833313507664,110.63967635655477,351.2820125393836,6.613469127111199,47.03612028617346,4.8876504302530455,106.29469289672008,25.581635631183946,155.8022736189651,2539.7931226
157,59451.9029056,1,-0.9562029152523245,110.6426384178002,351.2820125393836,8.291180822218168,39.89833205589195,4.8876504302530455,106.29469289672008,36.705158840430485,155.675051565534,2556.650265299999
158,59469.2571458,1,-0.9292165369796433,113.85496060908393,351.2820125393836,6.764486186830361,47.498935499989834,4.8876504302530455,100.39047883081172,35.72399090861178,152.76142386059442,2574.004505500001
159,59486.7081181,1,-0.9243895657204053,110.71991742565014,351.2820125393836,6.579671153012161,46.8645368339258,4.8876504302530455,101.35838808763,35.70830314645268,155.8022736189651,2591.455477800002
160,59504.2737466,1,-0.9448731980961432,110.63967635655477,359.86161361243296,8.303987379053114,40.14027666656041,4.8876504302530455,106.29469289672008,58.423013138187734,158.79025203235972,2609.0211063000024
161,59521.4128616,1,-0.9608745428516323,110.72042562003647,353.35676604703133,8.147035265498536,39.96888137742826,4.887749359045751,106.29469289672008,35.70830314645268,161.50683379140744,2626.1602213000006
162,59538.8418829,1,-0.9340042098593722,110.63916816216845,346.12337006480755,7.005521450983421,47.03612028617346,4.868930297207706,106.29469289672008,26.12683145104165,157.78117030372835,2643.589242599999
163,59555.7122728,1,-0.9531673038433766,110.61331505579874,351.2820125393836,8.375936816420912,39.97541942288057,4.8876504302530455,108.06744083855503,35.70830314645268,155.85436664688336,2660.459632500002
164,59573.3436175,1,-0.9568335308382969,110.71991742565014,351.2820125393836,7.872407841093066,39.773082952200305,4.8876504302530455,106.29469289672008,35.70830314645268,156.27574193985424,2678.0909772000014
165,59590.199059,1,-0.9492337731772469,108.64023023397735,352.5908234669346,7.046343650418019,47.03612028617346,4.497074514899547,84.65598789235113,42.78266570764688,176.3928250449572,2694.9464186999976
166,59607.7987811,1,-0.9557637056260949,110.71991742565014,351.2820125393836,7.838170865539537,39.96888137742826,4.8876504302530455,106.29469289672008,35.70497199441142,155.8022736189651,2712.5461407999974
167,59624.9360049,1,-0.9507096383979621,110.71991742565014,353.3801174969361,8.147035265498536,39.96888137742826,6.055046368213241,106.29469289672008,35.70830314645268,155.8022736189651,2729.6833646000014
168,59642.1808331,1,-0.9319540787060901,101.73685694085503,359.86161361243296,8.303987379053114,40.14027666656041,4.8876504302530455,111.45689409038334,58.423013138187734,158.79025203235972,2746.928192799998
169,59659.7453163,1,-0.9186103654437715,110.63967635655477,351.2820125393836,6.7854780854828185,47.42917338224731,4.8876504302530455,122.50772779608019,36.72084660258959,152.6342004205345,2764.4926760000017
170,59677.2783179,1,-0.930209351518441,110.63967635655477,346.10002045771387,7.005521450983421,47.03612028617346,4.8690292260004115,106.29469289672008,51.22368546701777,155.8022736189651,2782.0256776000024
171,59693.8983682,1,-0.9562029152523245,110.6426384178002,351.2820125393836,8.291180822218168,39.89833205589195,4.8876504302530455,106.29469289672008,36.705158840430485,155.675051565534,2798.6457279000024
172,59711.7643718,1,-0.9217267595308224,110.63967635655477,351.2820125393836,6.56371670071886,46.798741608352714,4.8876504302530455,106.29469289672008,35.70830314645268,155.8022736189651,2816.5117315000025
173,59728.5600292,1,-0.9653001504508323,110.61331505579874,343.04343174530726,8.292226440908143,39.779620997652614,4.8876504302530455,106.29469289672008,35.70830314645268,161.23138639306393,2833.3073889000007
174,59746.1672464,1,-0.9542577244064816,110.6426384178002,351.5038409158488,8.374891197730937,39.89833205589195,4.8876504302530455,106.29469289672008,36.705158840430485,155.675051565534,2850.914606099999
175,59763.3412292,1,-0.9320501401061746,110.63967635655477,346.10002045771387,7.005521450983421,47.03612028617346,4.8690292260004115,106.29469289672008,22.83678245773863,155.8022736189651,2868.0885888999983
176,59780.4939502,1,-0.9297259347127738,110.63967635655477,346.10002045771387,7.005521450983421,47.03612028617346,4.8690292260004115,106.29469289672008,52.45659775713053,155.8022736189651,2885.241309899997
177,59797.2586888,1,-0.9508165247369074,110.63967635655477,359.86161361243296,8.27046847120776,40.280511871681846,4.8876504302530455,106.29469289672008,35.462017046393214,158.77742780524252,2902.0060484999995
178,59814.6384027,1,-0.9489256288958381,110.71991742565014,351.2820125393836,8.303707747887135,39.96888137742826,4.8876504302530455,106.29469289672008,58.66929901012372,155.8022736189651,2919.385762400001
179,59831.9645426,1,-0.9559652609062228,110.71991742565014,351.2820125393836,8.270188840041783,39.96888137742826,4.8876504302530455,106.29469289672008,39.478489533115976,155.8022736189651,2936.7119022999977
180,59849.1103782,1,-0.9449076606950234,107.27506768126673,351.2820125393836,7.012106674773436,47.03612028617346,4.8876504302530455,84.65598789235113,42.77933455560514,169.70852556744575,2953.857737899998
181,59866.3684617,1,-0.9589126560900448,110.71991742565014,351.3026937727744,8.16856594818119,39.78565919591041,4.8876504302530455,106.29469289672008,35.70830314645268,156.27574193985424,2971.1158214000025
182,59883.4046233,1,-0.950878581024735,110.71991742565014,353.35943626353065,7.8508771584104124,39.956305133718146,4.8876504302530455,121.97540422143396,35.70830314645268,158.90331635068958,2988.151982999996
183,59900.2475838,1,-0.9564645952909557,110.71991742565014,353.3801174969361,8.147035265498536,39.96888137742826,4.8876504302530455,106.29469289672008,35.70830314645268,155.8022736189651,3004.9949435000017
184,59917.6987674,1,-0.9608745428516323,110.72042562003647,353.35676604703133,8.147035265498536,39.96888137742826,4.887749359045751,106.29469289672008,35.70830314645268,161.50683379140744,3022.4461270999964
185,59933.5487653,1,0.9529716199671189,110.64259279540731,359.86161361243296,10.215222362804196,40.287116630073456,4.8876504302530455,106.29469289672008,35.47993914327741,158.77742780524252,3038.2961250000008
186,59950.7492243,1,-0.9543446403116219,110.63972197894766,351.5038409158488,8.374891197730937,39.89172729750034,4.8876504302530455,106.29469289672008,36.687236743546286,155.675051565534,3055.4965840000004
187,59967.7881277,1,-0.9576083555479317,110.6426384178002,351.2820125393836,8.196538869069654,39.89833205589195,4.907362058183693,106.29469289672008,35.97617289193139,155.675051565534,3072.535487399997
188,59985.0576803,1,-0.9560036670575169,110.71991742565014,351.2820125393836,7.872407841093066,39.96888137742826,4.186520942750111,106.29469289672008,35.21959352172799,155.8022736189651,3089.8050399999993
189,60001.9344658,1,-0.9523206656693377,110.71991742565014,357.65068559297976,8.270188840041783,39.96888137742826,4.8876504302530455,106.29469289672008,35.70830314645268,155.8022736189651,3106.681825499996
190,60019.8005314,1,-0.963346809702455,110.71991742565014,351.2820125393836,8.270188840041783,38.12338932756142,4.8876504302530455,106.29469289672008,37.627390061623615,155.8022736189651,3124.5478910999955
191,60036.7725452,1,-0.9563102534796176,110.71991742565014,351.2820125393836,8.270188840041783,39.96888137742826,4.8876504302530455,106.29469289672008,35.70830314645268,155.8022736189651,3141.5199049000003
192,60054.0948035,1,-0.9529390890204769,110.71991742565014,351.2820125393836,8.270188840041783,39.96888137742826,4.8876504302530455,106.29469289672008,51.36975972670042,155.8022736189651,3158.8421631999954
193,60071.0755317,1,-0.9278170685335468,110.72042562003647,353.35676604703133,8.147035265498536,42.97315141894865,4.887747494492553,106.29469289672008,61.22014709541779,161.9794155031646,3175.822891399999
194,60088.1928065,1,-0.9553045612704951,110.71991742565014,351.2820125393836,8.303707747887135,39.96888137742826,4.887652294806243,106.29469289672008,35.78167278908354,155.3296992861785,3192.940166200002
195,60105.0880712,1,-0.9651576121998443,110.71109371737059,343.04343174530726,8.309103650856448,39.779620997652614,4.732452650363244,106.29469289672008,35.70830314645268,161.23138639306393,3209.8354308999988
196,60122.7634015,1,-0.9509712977142677,110.62213876407829,357.00150260119693,7.821293655591245,39.96888137742826,4.8876504302530455,106.29469289672008,35.70497199441142,155.8022736189651,3227.5107611999993
197,60139.518611,1,-0.9562029152523245,110.6426384178002,351.2820125393836,8.291180822218168,39.89833205589195,4.8876504302530455,106.29469289672008,36.705158840430485,155.675051565534,3244.2659706999984
198,60156.9125222,1,-0.9653001504508323,110.61331505579874,343.04343174530726,8.292226440908143,39.779620997652614,4.8876504302530455,106.29469289672008,35.70830314645268,161.23138639306393,3261.659881899999
199,60173.9202324,1,-0.9502562632313157,110.71991742565014,353.3801174969361,8.147035265498536,39.96888137742826,6.076903336226132,106.29469289672008,39.50607700046978,155.8022736189651,3278.6675920999987
200,60192.1758958,1,-0.9192710768362812,110.61331505579874,351.2820125393836,7.021862588862993,39.779620997652614,4.8876504302530455,106.29469289672008,35.70830314645268,156.32783496777253,3296.923255499998
201,60208.9772452,1,-0.9625444298357052,110.64243480438272,342.11713805321796,7.87270444565462,39.77246201974242,4.9089453791341,106.29469289672008,35.75179608562588,156.27574193985424,3313.7246049000023
202,60231.6089,1,-0.9571067627197833,110.72012103906762,351.2820125393836,8.1962422645081,39.89895298834983,4.8860671093026395,106.29469289672008,35.9326799527582,154.91413912434666,3336.356259699998
203,60248.299559,1,-0.9653001504508323,110.61331505579874,343.04343174530726,8.292226440908143,39.779620997652614,4.8876504302530455,106.29469289672008,35.70830314645268,161.23138639306393,3353.046918699998
204,60265.8036394,1,-0.9603234902958705,108.65895082191788,345.73254244502226,8.16856594818119,39.78565919591041,4.8876504302530455,106.29469289672008,35.70830314645268,156.27574193985424,3370.5509991
205,60282.8215226,1,-0.9653001504508323,110.61331505579874,343.04343174530726,8.292226440908143,39.779620997652614,4.8876504302530455,106.29469289672008,35.70830314645268,161.23138639306393,3387.568882300002
206,60299.0288378,1,0.9244885959190696,116.28460354140289,353.3801174969361,8.147035265498536,39.96888137742826,4.8876504302530455,106.29469289672008,35.70830314645268,155.8022736189651,3403.7761974999958
207,60316.088386,1,-0.9333891304969227,92.28825064474431,353.8160742156298,8.309103650856448,39.74480492197436,4.732452650363244,106.29469289672008,29.19071907953209,161.5205588713937,3420.835745700002
208,60332.9826231,1,-0.9621150733600875,110.71991742565014,342.60736145065846,8.147035265498536,40.00369745310652,4.8876504302530455,106.29469289672008,35.70830314645268,155.51310353712384,3437.729982799996
209,60349.7572585,1,-0.95570918605738,110.71991742565014,342.983185308674,7.8931130397611495,36.33325508030414,4.8876504302530455,106.29469289672008,35.70830314645268,161.37506399714476,3454.5046182000006
210,60367.093209,1,-0.9628457317340398,110.61331505579874,351.34225802605147,8.27152124224006,39.761732976031,4.8876504302530455,109.67839223481243,33.110197426289,164.9720223870769,3471.8405686999977
211,60384.4338162,1,-0.9655669124239649,110.71991742565014,351.2820125393836,8.270188840041783,38.12338932756142,4.8876504302530455,106.29469289672008,37.627390061623615,158.49417558279123,3489.1811758999975
212,60401.9829223,1,-0.9608745428516323,110.72042562003647,353.35676604703133,8.147035265498536,39.96888137742826,4.887749359045751,106.29469289672008,35.70830314645268,161.50683379140744,3506.730281999997
213,60421.8751081,1,-0.9551260704957427,110.72042741822568,353.2966738380036,8.270188840041783,39.96888137742826,4.8876504302530455,106.29469289672008,35.70830314645268,155.8022736189651,3526.6224678
214,60439.6025029,1,-0.9618186908985046,110.71991562746092,351.3421047483992,8.147035265498536,39.96888137742826,4.887749359045751,106.29469289672008,31.616890970177785,161.50683379140744,3544.3498626
215,60456.7071643,1,-0.9564645952909557,110.71991742565014,353.3801174969361,8.147035265498536,39.96888137742826,4.8876504302530455,106.29469289672008,35.70830314645268,155.8022736189651,3561.4545240000007
216,60473.5512356,1,-0.9568335308382969,110.71991742565014,351.2820125393836,7.872407841093066,39.773082952200305,4.8876504302530455,106.29469289672008,35.70830314645268,156.27574193985424,3578.2985953000025
217,60491.1108837,1,-0.9567758611530037,110.72042562003647,353.35676604703133,8.147035265498536,39.96888137742826,5.05287882435721,106.29469289672008,20.390505580235065,161.50683379140744,3595.858243399998
218,60507.8086589,1,-0.9627767388330335,110.71991742565014,351.2820125393836,8.270188840041783,38.12338932756142,4.8876504302530455,106.29469289672008,41.49729357167821,155.8022736189651,3612.5560186000002
219,60525.4008231,1,-0.9653001504508323,110.61331505579874,343.04343174530726,8.292226440908143,39.779620997652614,4.8876504302530455,106.29469289672008,35.70830314645268,161.23138639306393,3630.148182799996
220,60542.5566767,1,-0.9559559366974527,110.71991742565014,351.2820125393836,7.872407841093066,39.96888137742826,4.186520942750111,106.29469289672008,36.21715130333962,155.8022736189651,3647.304036399997
221,60560.2457562,1,-0.9462138640224365,99.87460270166987,353.4175383007231,8.293727811094927,39.967571569209085,4.8876504302530455,106.29469289672008,35.70830314645268,161.23138639306393,3664.993115899997
222,60577.9593316,1,-0.9676430970478116,110.71871878177225,342.98262591633693,8.145533895311752,39.78093080587179,4.887749359045751,106.29469289672008,35.70830314645268,161.50683379140744,3682.7066913000017
223,60594.7254721,1,-0.9653001504508323,110.61331505579874,343.04343174530726,8.292226440908143,39.779620997652614,4.8876504302530455,106.29469289672008,35.70830314645268,161.23138639306393,3699.472831799998
224,60612.1241312,1,-0.9656536957534189,110.71991742565014,351.2820125393836,8.270188840041783,38.12338932756142,4.8876504302530455,106.29469289672008,35.58102250196376,158.49417558279123,3716.8714908999973
225,60629.5389673,1,-0.9653001504508323,110.61331505579874,343.04343174530726,8.292226440908143,39.779620997652614,4.8876504302530455,106.29469289672008,35.70830314645268,161.23138639306393,3734.2863270000016
226,60647.1019096,1,-0.9618186908985046,110.71991562746092,351.3421047483992,8.147035265498536,39.96888137742826,4.887749359045751,106.29469289672008,31.616890970177785,161.50683379140744,3751.8492693000007
227,60664.6781369,1,-0.9651858533217778,110.61331505579874,343.42173032982964,8.292226440908143,39.779620997652614,4.800844015545192,106.29469289672008,35.70830314645268,161.23138639306393,3769.4254966000008
228,60682.1910148,1,-0.9684530271019639,110.61331505579874,333.53322648110816,8.292226440908143,39.779620997652614,4.8876504302530455,106.29469289672008,35.70830314645268,161.23138639306393,3786.9383745000014
229,60698.772119,1,-0.9627767388330335,110.71991742565014,351.2820125393836,8.270188840041783,38.12338932756142,4.8876504302530455,106.29469289672008,41.49729357167821,155.8022736189651,3803.5194787
230,60716.0570136,1,-0.963698939332405,110.71991742565014,351.2820125393836,8.270188840041783,38.12338932756142,5.435049397135491,106.29469289672008,37.627390061623615,158.49417558279123,3820.8043733000013
231,60733.1320475,1,-0.9640433280806837,110.61331505579874,342.55340283074645,8.292226440908143,39.976786144209974,4.8876504302530455,106.29469289672008,35.70830314645268,161.23138639306393,3837.879407200002
232,60750.485118,1,-0.9655921066225039,110.71991562746092,351.83212858922013,8.147035265498536,39.7717162308709,4.887749359045751,98.09311717878808,31.616890970177785,161.50683379140744,3855.232477699996
233,60766.8873138,1,-0.9636814316705505,108.65229594268466,345.73254244502226,8.16856594818119,39.78565919591041,4.619527654056863,111.9128728015678,32.49667906020949,163.75970090075594,3871.634673499997
234,60784.6283715,1,-0.9578699500496128,110.61996993503169,351.34225802605147,8.27152124224006,39.761732976031,4.8876504302530455,106.06254861225764,33.31049101512181,156.03426127338597,3889.3757312000016
235,60801.9373673,1,-0.9628457317340398,110.61331505579874,351.34225802605147,8.27152124224006,39.761732976031,4.8876504302530455,109.67839223481243,33.110197426289,164.9720223870769,3906.684727
236,60819.5269197,1,-0.963346809702455,110.71991742565014,351.2820125393836,8.270188840041783,38.12338932756142,4.8876504302530455,106.29469289672008,37.627390061623615,155.8022736189651,3924.2742794000005
237,60836.5569473,1,-0.9650884973462709,110.71109371737059,343.04343174530726,8.309103650856448,39.779620997652614,4.5666066503342915,106.29469289672008,35.70830314645268,161.23138639306393,3941.3043069999985
238,60853.7824066,1,-0.9653653749607969,110.71970761726328,345.51741708246226,8.310773151244469,39.7856778432456,4.8876504302530455,106.29469289672008,35.70830314645268,163.34038071767242,3958.529766300002
239,60870.8024767,1,-0.9619999290217586,110.71130352575744,342.6117236674469,8.145365765110515,39.99764060751354,4.921180204001094,106.29469289672008,35.70830314645268,155.3686527038416,3975.5498364000014
240,60888.3594522,1,-0.9684530271019639,110.61331505579874,333.53322648110816,8.292226440908143,39.779620997652614,4.8876504302530455,106.29469289672008,35.70830314645268,161.23138639306393,3993.1068118999974
241,60905.6737624,1,-0.9670682570624647,112.3578168751016,351.2820125393836,8.270188840041783,38.12338932756142,4.8876504302530455,106.29469289672008,37.627390061623615,158.49417558279123,4010.4211221000005
242,60922.9490756,1,-0.970426177485553,110.61277277418951,342.883849876964,8.147035265498536,39.770707838793236,4.887749359045751,98.09311717878808,25.317418870824294,163.7891473833629,4027.6964353000003
243,60938.878096,1,0.921300677101739,116.22261390494752,350.3284878284873,8.292226440908143,39.78062938973029,4.8876504302530455,106.29469289672008,35.82933675889456,161.22430288237095,4043.6254556999993
244,60956.154999,1,-0.9580242249952473,104.00099816151813,342.55340283074645,8.292226440908143,39.976786144209974,4.8876504302530455,106.29469289672008,35.70830314645268,161.23138639306393,4060.9023586999974
245,60973.2050979,1,-0.967319420349152,110.71991742565014,348.7038396592037,8.270188840041783,38.12338932756142,4.8876504302530455,106.29469289672008,35.58102250196376,158.49417558279123,4077.9524575999967
246,60990.4399927,1,-0.9652934319844384,110.61331505579874,343.04343174530726,8.292226440908143,39.779620997652614,4.891068931955429,106.29469289672008,35.70830314645268,161.23138639306393,4095.1873523999966
247,61007.4758219,1,-0.9618855521255617,110.71109371737059,343.04343174530726,8.309103650856448,39.779620997652614,4.771078746061029,114.47604286186906,35.70830314645268,161.23138639306393,4112.2231815999985
248,61024.9234591,1,-0.9653001504508323,110.61331505579874,343.04343174530726,8.292226440908143,39.779620997652614,4.8876504302530455,106.29469289672008,35.70830314645268,161.23138639306393,4129.6708187999975
249,61042.2680532,1,-0.9676430970478116,110.71871878177225,342.98262591633693,8.145533895311752,39.78093080587179,4.887749359045751,106.29469289672008,35.70830314645268,161.50683379140744,4147.0154129
250,61060.7592985,1,-0.9653001504508323,110.61331505579874,343.04343174530726,8.292226440908143,39.779620997652614,4.8876504302530455,106.29469289672008,35.70830314645268,161.23138639306393,4165.5066582
251,61077.7704381,1,-0.9422787317684007,110.71991742565014,351.2820125393836,7.576031867276846,38.12338932756142,4.8876504302530455,106.29469289672008,35.58102250196376,158.38209967744356,4182.517797799999
252,61094.9404976,1,-0.972364143961388,110.61636520222075,351.83212858922013,8.142342472455207,39.7717162308709,4.887749359045751,80.29189970994673,31.616890970177785,161.50683379140744,4199.687857299999
253,61111.844289,1,-0.965248872748794,110.71686548103892,343.04343174530726,8.296919233951472,39.779620997652614,4.8876504302530455,106.29469289672008,35.70830314645268,161.23138639306393,4216.5916486999995
254,61129.3317935,1,-0.9578163700553592,110.61071523156247,343.04343174530726,8.550264124712939,39.78091538545506,4.887750296302972,106.29469289672008,35.70830314645268,161.23138639306393,4234.0791532
255,61146.2144345,1,-0.9685079916776838,110.72131860600851,342.98262591633693,8.144383827873284,39.779636418069344,4.887649492995823,106.29469289672008,35.70830314645268,162.6235461347071,4250.961794199997
256,61163.5720418,1,-0.9653001504508323,110.61331505579874,343.04343174530726,8.292226440908143,39.779620997652614,4.8876504302530455,106.29469289672008,35.70830314645268,161.23138639306393,4268.319401499997
257,61180.5531476,1,-0.9653653749607969,110.71970761726328,345.51741708246226,8.310773151244469,39.7856778432456,4.8876504302530455,106.29469289672008,35.70830314645268,163.34038071767242,4285.300507300002
258,61197.8426858,1,-0.9678437749261095,110.61331505579874,334.17621681437504,8.310248721758045,39.785659528191196,4.8876504302530455,106.29469289672008,35.70830314645268,161.23138639306393,4302.590045500001
259,61214.7186813,1,-0.9654895020699583,110.71970761726328,344.8744264212237,8.292750870394569,39.77963931270701,4.8876504302530455,107.82703160274946,35.70830314645268,163.34038071767242,4319.466041
260,61231.9507713,1,-0.9678437749261095,110.61331505579874,334.17621681437504,8.310248721758045,39.785659528191196,4.8876504302530455,106.29469289672008,35.70830314645268,161.23138639306393,4336.698130999997
261,61248.4758345,1,-0.9676430970478116,110.71871878177225,342.98262591633693,8.145533895311752,39.78093080587179,4.887749359045751,106.29469289672008,35.70830314645268,161.50683379140744,4353.2231942
262,61265.9338079,1,-0.9655669124239649,110.71991742565014,351.2820125393836,8.270188840041783,38.12338932756142,4.8876504302530455,106.29469289672008,37.627390061623615,158.49417558279123,4370.6811676
263,61282.9648934,1,-0.972364143961388,110.61636520222075,351.83212858922013,8.142342472455207,39.7717162308709,4.887749359045751,80.29189970994673,31.616890970177785,161.50683379140744,4387.712253099999
264,61300.2804808,1,-0.9735300523824746,110.61277277418951,342.883849876964,8.147035265498536,37.79456780981624,4.887749359045751,98.09311717878808,25.317418870824294,163.7891473833629,4405.027840499999
265,61317.5526971,1,-0.9653001504508323,110.61331505579874,343.04343174530726,8.292226440908143,39.779620997652614,4.8876504302530455,106.29469289672008,35.70830314645268,161.23138639306393,4422.300056799999
266,61334.6109101,1,0.9270859926729935,110.71991742565014,328.14707754725686,8.270188840041783,38.12338932756142,4.8876504302530455,96.82347209904532,35.58102250196376,158.49417558279123,4439.3582697999955
267,61352.019671,1,-0.9655921066225039,110.71991562746092,351.83212858922013,8.147035265498536,39.7717162308709,4.887749359045751,98.09311717878808,31.616890970177785,161.50683379140744,4456.767030700001
268,61369.382379,1,-0.9476319679678179,110.71991562746092,351.83212858922013,7.421645859347716,39.7717162308709,4.887749359045751,98.09311717878808,31.616890970177785,161.50683379140744,4474.129738700001
269,61387.5121,1,-0.967319420349152,110.71991742565014,348.7038396592037,8.270188840041783,38.12338932756142,4.8876504302530455,106.29469289672008,35.58102250196376,158.49417558279123,4492.259459699999
270,61404.6450954,1,-0.9678437749261095,110.61331505579874,334.17621681437504,8.310248721758045,39.785659528191196,4.8876504302530455,106.29469289672008,35.70830314645268,161.23138639306393,4509.392455100002
271,61421.2112899,1,-0.9684268626726699,110.61331505579874,333.53322648110816,8.292226440908143,39.779620997652614,4.8876504302530455,106.29469289672008,34.77080234899583,161.23138639306393,4525.958649599997
272,61438.9618566,1,-0.9625825045158929,110.61774492333195,350.0688269502518,8.271635645370669,39.779620997652614,4.8876504302530455,106.29469289672008,37.61852614659095,161.6641259121162,4543.709216299998
273,61455.4511335,1,-0.9747003983409751,110.71548755811692,334.74622461704803,8.29077963557926,38.12338932756142,4.8876504302530455,106.29469289672008,35.71716706148534,158.8579859512025,4560.198493199998
274,61472.783589,1,-0.9685079916776838,110.72131860600851,342.98262591633693,8.144383827873284,39.779636418069344,4.887649492995823,106.29469289672008,35.70830314645268,162.6235461347071,4577.530948699998
275,61489.762733,1,-0.967319420349152,110.71991742565014,348.7038396592037,8.270188840041783,38.12338932756142,4.8876504302530455,106.29469289672008,35.58102250196376,158.49417558279123,4594.510092700002
276,61506.9981541,1,-0.9699626219646817,110.61331505579874,333.53322648110816,8.292226440908143,39.779620997652614,4.8876504302530455,106.29469289672008,35.70830314645268,163.36904289465602,4611.7455138000005
277,61524.2471171,1,-0.972364143961388,110.61636520222075,351.83212858922013,8.142342472455207,39.7717162308709,4.887749359045751,80.29189970994673,31.616890970177785,161.50683379140744,4628.994476799999
278,61541.5673636,1,-0.9676430970478116,110.71871878177225,342.98262591633693,8.145533895311752,39.78093080587179,4.887749359045751,106.29469289672008,35.70830314645268,161.50683379140744,4646.314723299998
279,61558.8455972,1,-0.9685079916776838,110.72131860600851,342.98262591633693,8.144383827873284,39.779636418069344,4.887649492995823,106.29469289672008,35.70830314645268,162.6235461347071,4663.5929569
280,61576.2107919,1,-0.968315009710069,110.61277277418951,342.883849876964,8.147035265498536,39.770707838793236,4.887749359045751,98.09311717878808,25.317418870824294,159.91588867549035,4680.958151599996
281,61593.0508276,1,-0.970426177485553,110.61277277418951,342.883849876964,8.147035265498536,39.770707838793236,4.887749359045751,98.09311717878808,25.317418870824294,163.7891473833629,4697.798187299995
282,61610.9224877,1,-0.9684530271019639,110.61331505579874,333.53322648110816,8.292226440908143,39.779620997652614,4.8876504302530455,106.29469289672008,35.70830314645268,161.23138639306393,4715.6698474
283,61628.0808309,1,-0.972144168608536,110.61277277418951,342.883849876964,8.147035265498536,37.79456780981624,4.887749359045751,101.88255292190192,25.317418870824294,163.825754965675,4732.8281905999975
284,61645.7722228,1,-0.9799846539953456,110.71548755811692,334.74622461704803,8.29077963557926,38.12338932756142,4.8876504302530455,107.04945542067782,35.71716706148534,166.26351442566678,4750.519582499997
285,61662.8102167,1,-0.9726303194886909,110.61636520222075,351.83212858922013,8.142342472455207,39.7717162308709,4.887749359045751,79.53713723257957,31.616890970177785,161.4584818486384,4767.557576400002
286,61680.4509097,1,-0.972364143961388,110.61636520222075,351.83212858922013,8.142342472455207,39.7717162308709,4.887749359045751,80.29189970994673,31.616890970177785,161.50683379140744,4785.198269399996
287,61696.2478763,1,0.9638162260489105,110.61636520222075,351.83212858922013,9.19939334620682,39.7717162308709,4.887749359045751,80.29189970994673,31.616890970177785,161.50683379140744,4800.9952360000025
288,61712.7440617,1,0.9375377137689296,110.61331505579874,333.53322648110816,9.612043477791891,39.779620997652614,4.8876504302530455,106.29469289672008,35.70830314645268,163.36904289465602,4817.491421400002
289,61729.795656,1,-0.9743603825925563,110.61277277418951,342.883849876964,8.147035265498536,37.79456780981624,4.887749359045751,98.09311717878808,25.317418870824294,165.20702875598573,4834.543015700001
290,61746.8066945,1,-0.9703813832108301,110.61656427617052,333.53322648110816,8.13611336165466,39.779620997652614,4.8876504302530455,106.29469289672008,29.742760253583757,161.23138639306393,4851.554054200002
291,61763.6463466,1,-0.9709029218808962,110.61311598184895,351.83212858922013,8.29845555170869,39.7717162308709,4.887749359045751,80.29189970994673,42.04683401863801,161.50683379140744,4868.393706299998
292,61781.9545266,1,-0.965996992423552,110.72131860600851,342.98262591633693,7.88667490218881,39.779636418069344,4.887649492995823,106.29469289672008,35.70830314645268,160.81468308203128,4886.701886299998
293,61799.1210713,1,-0.9684593622121647,110.72131860600851,342.98262591633693,8.144383827873284,39.779636418069344,4.887649492995823,106.29469289672008,34.78370812408843,162.6235461347071,4903.868430999995
294,61817.0278844,1,-0.9676430970478116,110.71871878177225,342.98262591633693,8.145533895311752,39.78093080587179,4.887749359045751,106.29469289672008,35.70830314645268,161.50683379140744,4921.7752440999975
295,61833.9753178,1,-0.9747003983409751,110.71548755811692,334.74622461704803,8.29077963557926,38.12338932756142,4.8876504302530455,106.29469289672008,35.71716706148534,158.8579859512025,4938.722677500002
296,61851.8503632,1,-0.9718531933131426,110.61636520222075,351.83212858922013,8.142342472455207,39.77140343845683,4.887749359045751,81.60283860178188,31.616890970177785,161.50683379140744,4956.597722899998
297,61868.8538033,1,-0.9676414033151838,110.71871878177225,342.98262591633693,8.145533895311752,39.781243598285855,4.887749359045751,106.29469289672008,35.70830314645268,161.50683379140744,4973.601162999999
298,61886.5426042,1,-0.972364143961388,110.61636520222075,351.83212858922013,8.142342472455207,39.7717162308709,4.887749359045751,80.29189970994673,31.616890970177785,161.50683379140744,4991.2899639000025
299,61903.9085738,1,-0.9759446243495314,110.61636520222075,345.8571789604354,8.142342472455207,39.7717162308709,4.887749359045751,80.29189970994673,31.616890970177785,161.50683379140744,5008.655933499998
300,61921.1775532,1,-0.9682964527372959,110.61636520222075,353.7846505216017,8.146738560193084,39.7717162308709,3.6811417074688855,80.29189970994673,30.566135573993847,164.96581042323695,5025.924912900002
301,61938.4604569,1,-0.9733116310095625,110.61277277418951,340.9309886848071,8.142639177760659,37.79456780981624,4.887749359045751,98.09311717878808,25.317418870824294,161.7480521241826,5043.207816599999
302,61955.5430717,1,-0.9917567684605407,110.62869509134173,334.74622461704803,8.29897844038682,38.14836724553189,4.948604239341461,73.425455552678,35.613381414883236,166.26351442566678,5060.290431399997
303,61972.3270978,1,-0.9605627714068176,110.69990844862413,351.83212858922013,8.290256746901127,39.74673831290042,4.88764602662249,107.55055217297365,42.150619665240384,161.50683379140744,5077.074457499999
304,61989.3692887,1,-0.9757730389008259,110.61636520222075,351.83212858922013,8.142342472455207,39.7717162308709,4.887749359045751,71.27681363147255,42.32967467983505,161.50683379140744,5094.116648399999
305,62006.5251744,1,-0.9708959940399443,110.61311598184895,351.83212858922013,8.29845555170869,39.7717162308709,4.887749359045751,80.29189970994673,31.334050309270637,161.50683379140744,5111.272534099997
306,62023.9641315,1,-0.9711765161340721,110.61277277418951,342.5868826004209,8.147035265498536,38.104282502201826,4.8876751214978755,98.09311717878808,24.96152622861451,159.1037093227318,5128.711491199996
307,62041.5914537,1,-0.9787612449073605,110.71548755811692,335.0431918913422,8.29077963557926,37.81367463517584,4.88772466780092,106.29469289672008,36.07305970648299,163.60708654209884,5146.338813399998
308,62058.7776099,1,-0.9671396674450577,109.6007157931531,340.46956606476635,8.13611336165466,39.779620997652614,4.887636093552808,106.29469289672008,29.8073434673423,161.23138639306393,5163.5249695999955
309,62075.8034681,1,-0.9723565649546093,110.61657387268225,351.83212858922013,8.142342472455207,39.7717162308709,4.887763695745988,80.29189970994673,31.552307756419246,161.50683379140744,5180.550827799998
310,62093.4631011,1,-0.9739484156822984,110.71548755811692,334.74622461704803,8.29077963557926,38.12338932756142,4.8876504302530455,106.29469289672008,35.71716706148534,157.88317308044,5198.210460800001
311,62110.9597161,1,-0.9743603825925563,110.61277277418951,342.883849876964,8.147035265498536,37.79456780981624,4.887749359045751,98.09311717878808,25.317418870824294,165.20702875598573,5215.707075799997
312,62128.9343022,1,-0.9747003983409751,110.71548755811692,334.74622461704803,8.29077963557926,38.12338932756142,4.8876504302530455,106.29469289672008,35.71716706148534,158.8579859512025,5233.681661900002
313,62146.0462417,1,-0.9673737470762409,110.61762633675123,348.3796924353276,8.144462677047349,39.770707838793236,4.887749359045751,98.47134201026674,25.317418870824294,163.7891473833629,5250.793601400001
314,62163.4901332,1,-0.969024633951307,112.943959285847,342.98635323340176,8.146956416324473,39.779636418069344,4.887649492995823,105.91646806524143,28.024487537305653,162.6235461347071,5268.2374929
315,62179.5323057,1,0.9266535372674672,110.71548755811692,326.8077498782788,8.29077963557926,43.480258061354306,4.8876504302530455,107.04945542067782,35.71716706148534,166.26351442566678,5284.279665399998
316,62196.425218,1,0.8971601125490557,111.75116023651483,329.67464670402865,8.147035265498536,31.74839560534537,4.887749359045751,98.09311717878808,25.317418870824294,163.7891473833629,5301.172577699996
317,62213.4435799,1,-0.9747003983409751,110.71548755811692,334.74622461704803,8.29077963557926,38.12338932756142,4.8876504302530455,106.29469289672008,35.71716706148534,158.8579859512025,5318.190939599997
318,62230.6499645,1,-0.9723873292403791,108.22029231520088,341.3077025841621,8.147035265498536,37.79456780981624,4.696912552988371,98.09311717878808,25.317418870824294,163.7891473833629,5335.397324199999
319,62247.4087004,1,-0.9746718885049567,110.71548755811692,334.74622461704803,8.29077963557926,38.12338932756142,4.8876504302530455,106.29469289672008,35.71716706148534,158.821283404351,5352.156060100002
320,62264.0184874,1,-0.9727206007277092,110.71548755811692,334.74622461704803,8.29077963557926,38.12338932756142,4.8876504302530455,106.29469289672008,44.64282630079087,157.9198756272915,5368.765847099996
321,62281.2302023,1,-0.9774426095076311,110.61277277418951,333.77238321286933,8.142639177760659,37.79456780981624,5.246224971534058,98.09311717878808,35.44953250165797,161.63158264648453,5385.977562
322,62298.4550428,1,-0.970354932466019,110.71548755811692,341.9048300861248,8.29077963557926,38.12338932756142,4.887651615039528,106.29469289672008,25.585053431439178,158.9744554289255,5403.202402499999
323,62315.3071025,1,-0.9721283954760227,110.61636520222075,351.83212858922013,8.142342472455207,39.7717162308709,4.887749359045751,80.29189970994673,44.04972729391347,161.50683379140744,5420.054462200002
324,62332.7875175,1,-0.9880369907619898,110.62869509134173,350.262527421704,8.29897844038682,38.14836724553189,4.948604239341461,73.425455552678,35.613381414883236,174.35617206296763,5437.5348772
325,62349.544812,1,-0.9759446243495314,110.61636520222075,345.8571789604354,8.142342472455207,39.7717162308709,4.887749359045751,80.29189970994673,31.616890970177785,161.50683379140744,5454.292171699999
326,62366.6804272,1,-0.9747003983409751,110.71548755811692,334.74622461704803,8.29077963557926,38.12338932756142,4.8876504302530455,106.29469289672008,35.71716706148534,158.8579859512025,5471.4277869
327,62383.8989319,1,-0.9768604967449482,110.61696475873585,339.7260203669368,8.141958069261003,36.66594272045057,5.786771260865325,70.20285941521306,25.317418870824294,161.4800830304844,5488.646291600002
328,62401.0697892,1,-0.9678762432372097,110.6121732176744,351.83212858922013,8.14741966869274,39.7717162308709,4.887749359045751,99.16707185979608,42.32967467983505,165.23377951695005,5505.8171489000015
329,62416.9172508,1,0.9401673853817423,110.63075199004886,334.74622461704803,10.727762460917278,38.14626729088647,4.8876504302530455,109.889382153296,35.72554004142272,166.26351442566678,5521.664610499996
330,62434.3951546,1,-0.9805809634789301,110.71343065940978,334.74622461704803,8.29897844038682,40.1437127145813,4.948604239341461,73.425455552678,35.60500843494586,166.26351442566678,5539.1425143000015
331,62451.7232324,1,-0.9671354904882233,110.61636520222075,345.8571789604354,8.142342472455207,40.84746906411889,3.969943793248707,80.29189970994673,31.616890970177785,161.50683379140744,5556.470592099999
332,62469.3023152,1,-0.974300657883714,110.71548755811692,334.74622461704803,8.29077963557926,36.659737541800595,4.8876504302530455,106.29469289672008,35.71716706148534,158.8579859512025,5574.049674900001
333,62485.9934696,1,-0.9757730389008259,110.61636520222075,351.83212858922013,8.142342472455207,39.7717162308709,4.887749359045751,71.27681363147255,42.32967467983505,161.50683379140744,5590.740829299997
334,62502.941805,1,-0.9743603825925563,110.61277277418951,342.883849876964,8.147035265498536,37.79456780981624,4.887749359045751,98.09311717878808,25.317418870824294,165.20702875598573,5607.689164700001
335,62519.864685,1,-0.9799367813821944,110.71548755811692,334.74622461704803,8.29077963557926,38.12338932756142,5.822518395730418,95.71740739226105,35.71716706148534,165.72861930040534,5624.612044699999
336,62537.0387137,1,-0.9748042434661098,110.71548755811692,334.74622461704803,8.29077963557926,38.12338932756142,4.8876504302530455,107.04945542067782,35.71716706148534,159.3928812868223,5641.786073399999
337,62553.0599383,1,0.9668184029787631,110.61636520222075,345.91262689980664,9.539246027812691,39.7717162308709,4.887749359045751,80.29189970994673,31.616890970177785,161.24148583762798,5657.807298
338,62570.1154092,1,-0.9756575957704041,110.61636520222075,345.8571789604354,8.142342472455207,39.838350799885134,4.887749359045751,80.29189970994673,31.616890970177785,161.50683379140744,5674.862768899999
339,62587.744854,1,-0.9877044961585494,110.62869509134173,350.262527421704,8.29897844038682,38.14836724553189,5.075407541773123,73.425455552678,35.613381414883236,174.35617206296763,5692.492213699996
340,62604.6986014,1,-0.9805809634789301,110.71343065940978,334.74622461704803,8.29897844038682,40.1437127145813,4.948604239341461,73.425455552678,35.60500843494586,166.26351442566678,5709.445961099998
341,62621.8951163,1,-0.9768604967449482,110.61696475873585,339.7260203669368,8.141958069261003,36.66594272045057,5.786771260865325,70.20285941521306,25.317418870824294,161.4800830304844,5726.642476000001
342,62639.2663117,1,-0.9747003983409751,110.71548755811692,334.74622461704803,8.29077963557926,38.12338932756142,4.8876504302530455,106.29469289672008,35.71716706148534,158.8579859512025,5744.013671399996
343,62655.6965731,1,-0.9760788985600967,110.61636520222075,351.83212858922013,8.138736571319075,39.834590309714486,4.887748691141917,70.63225302334172,35.38625008025852,161.50683379140744,5760.443932800001
344,62673.2582986,1,-0.9798031943606189,110.71548755811692,334.74622461704803,8.294385536715392,38.060515248717785,4.887651098156878,107.69401919652469,42.66059166106306,166.26351442566678,5778.005658299997
345,62690.2065551,1,-0.9881524907437474,110.62730217270214,334.74622461704803,8.299875179497752,38.12364374167435,5.817800656927913,73.425455552678,35.609892494916664,166.26351442566678,5794.953914799997
346,62707.5291398,1,-0.9835197805837455,110.7168804767565,334.74622461704803,8.28988289646833,38.14811283141896,4.953321978144047,95.71740739226105,35.72065598145191,165.72861930040534,5812.276499499996
347,62725.2362091,1,-0.973559332551459,110.71548755811692,354.37679709788364,8.29077963557926,38.12338932756142,5.822518395730418,82.44092979765527,35.71716706148534,165.72861930040534,5829.983568800002
348,62742.4663952,1,-0.9839394350659701,110.71548755811692,334.74622461704803,8.29077963557926,37.58655243096814,4.8876504302530455,85.64435705083733,35.71716706148534,159.3928812868223,5847.213754899996
349,62760.3394169,1,-0.9881760872255048,110.61636520222075,351.84265051399296,8.307028716658653,38.112633946294025,4.887749359045751,71.41559676456255,42.32967467983505,174.28066052631885,5865.086776600001
350,62777.0914185,1,-0.9761424660436496,110.62869509134173,350.2520054969311,8.134292196183374,39.80744953010874,4.948604239341461,73.28667241958802,35.613381414883236,161.582348932455,5881.838778199999
351,62793.9618778,1,-0.9846415639366254,110.62869509134173,330.9990919825799,8.29897844038682,38.14836724553189,5.217298750981412,95.01403585525415,35.47505914017611,166.26351442566678,5898.709237499999
352,62811.652276,1,-0.9874271097856576,110.61277277418951,333.7979882293858,8.142639177760659,37.79456780981624,4.488741909742564,73.7355336562817,35.5878547763651,161.63158264648453,5916.3996357
353,62827.7631736,1,0.9034111373241819,111.59342963934729,334.74622461704803,8.29077963557926,38.12338932756142,4.8876504302530455,112.49824501577216,35.71716706148534,166.26351442566678,5932.510533299996
354,62845.3413155,1,-0.9805809634789301,110.71343065940978,334.74622461704803,8.29897844038682,40.1437127145813,4.948604239341461,73.425455552678,35.60500843494586,166.26351442566678,5950.088675200001
355,62862.2255368,1,-0.9721655785453424,106.63108110763923,345.8571789604354,8.142342472455207,39.7717162308709,4.887749359045751,80.29189970994673,31.616890970177785,161.50683379140744,5966.972896499996
356,62879.1194408,1,-0.9787612449073605,110.71548755811692,335.0431918913422,8.29077963557926,37.81367463517584,4.88772466780092,106.29469289672008,36.07305970648299,163.60708654209884,5983.8668005
357,62895.0927394,1,0.9669580863394533,110.62598847728896,334.74622461704803,9.860326363767639,37.58655243096814,4.9211206387815425,73.50674155428572,35.71716706148534,165.98080688861154,5999.840099100002
358,62912.6272567,1,-0.9800517249831234,110.7168012535301,334.74622461704803,8.289928820157433,38.12364374167435,5.784330448399624,85.56307104925715,35.609892494916664,159.6755888966655,6017.374616399997
359,62929.8261595,1,-0.9804980366582278,102.88694080601812,334.74622461704803,8.299875179497752,37.59555095724791,4.9547305987269965,85.43839596237545,36.38085643876229,166.26351442566678,6034.573519199999
360,62947.4314596,1,-0.9847711996707118,110.71019872302308,334.74622461704803,8.29077963557926,38.11464521539459,5.750720488454154,73.63141664116685,35.71716706148534,159.3928812868223,6052.178819299996
361,62963.9728374,1,-0.987590175650129,110.71172965364065,351.8156833040114,8.306323183697724,38.06008917861762,4.887749359045751,74.60277531702964,42.35201592212073,174.56149754685245,6068.720197099996
362,62981.022413,1,-0.9802576055487707,110.62012310669701,334.77294787100664,8.295091069676321,38.11306001639418,4.887651098156878,104.5068420647763,42.638250418777375,165.65616440041032,6085.769772699998
363,62997.3061224,1,-0.9877913170721739,110.62869509134173,334.74622461704803,8.29077916966772,38.14884808027898,5.85183706861349,73.425455552678,35.613381414883236,166.26351442566678,6102.0534820999965
364,63013.9340125,1,-0.9836824375052354,110.71548755811692,334.74622461704803,8.29897890629836,38.12290849281433,4.919285566458659,95.71740739226105,35.71716706148534,165.72861930040534,6118.681372200001
365,63031.279524,1,-0.9846433908171265,110.61277277418951,333.7979882293858,8.142639177760659,37.79456780981624,4.488741909742564,81.36867082364046,35.5878547763651,161.63158264648453,6136.026883699997
366,63048.8177394,1,-0.9866014324142656,110.62869509134173,350.262527421704,8.29897844038682,38.14836724553189,4.1055119530727735,73.425455552678,35.613381414883236,173.80009633614793,6153.5650991
367,63065.1680717,1,0.9479780064215356,110.71330715682805,331.60365510400413,8.318887278805992,38.112633946294025,4.9536751253483,71.41559676456255,42.32967467983505,174.16144839318233,6169.915431399997
368,63082.112589,1,-0.9717373454052445,110.61648870480249,354.96481637683,8.29897844038682,40.1437127145813,4.882678473038912,73.425455552678,35.60500843494586,166.38272656199626,6186.859948699996
369,63099.0740539,1,-0.978686231783194,110.71548755811692,335.0431918913422,8.29077963557926,37.81367463517584,4.88772466780092,106.29469289672008,40.09546806269752,163.60708654209884,6203.821413600002
370,63116.3245859,1,-0.9917567684605407,110.62869509134173,334.74622461704803,8.29897844038682,38.14836724553189,4.948604239341461,73.425455552678,35.613381414883236,166.26351442566678,6221.071945600001
371,63133.1205331,1,-0.9813235644977343,110.71343065940978,334.74622461704803,8.29897844038682,40.1437127145813,4.948604239341461,73.425455552678,35.60500843494586,167.84195559752698,6237.867892800001
372,63149.8009919,1,-0.9788813831541561,110.71548755811692,335.0431918913422,8.29077963557926,37.81367463517584,4.6445297190444235,106.29469289672008,36.07305970648299,163.60708654209884,6254.548351600002
373,63165.7859144,1,0.9554675429812407,110.71343065940978,330.86152839594433,8.29897844038682,40.1437127145813,4.948604239341461,73.425455552678,35.60500843494586,166.26351442566678,6270.533274100002
374,63183.1628907,1,-0.9877044961585494,110.62869509134173,350.262527421704,8.29897844038682,38.14836724553189,5.075407541773123,73.425455552678,35.613381414883236,174.35617206296763,6287.910250399997
375,63199.8743208,1,-0.9862749915341756,110.62869509134173,350.262527421704,8.29897844038682,38.14836724553189,4.948604239341461,79.31198618172483,35.613381414883236,174.35617206296763,6304.6216805
376,63217.1681694,1,-0.9899621020712259,110.61277277418951,333.7979882293858,8.142639177760659,37.79456780981624,4.488741909742564,71.83596250535113,35.5878547763651,165.04244893376023,6321.915529099999
377,63233.8265157,1,-0.9916903211268522,110.62869509134173,334.74622461704803,8.29897844038682,37.698922001540005,4.948604239341461,73.425455552678,35.613381414883236,164.95398918802553,6338.573875399998
378,63250.7800783,1,-0.987590175650129,110.71172965364065,351.8156833040114,8.306323183697724,38.06008917861762,4.887749359045751,74.60277531702964,42.35201592212073,174.56149754685245,6355.527437999997
379,63267.600177,1,-0.977802089609164,102.2646736135664,351.84265051399296,8.307028716658653,38.15446429585405,4.979897062121151,71.68861747524656,42.01204876491002,174.28066052631885,6372.347536699999
380,63283.5333274,1,0.9359357127180684,114.38532747538753,327.67922559477853,8.29077916966772,38.10701773071896,5.7596893655383345,87.69617197575542,35.93100732980852,160.64806372449283,6388.280687099999
381,63300.3829056,1,-0.9858942782203358,110.62869509134173,350.262527421704,8.29897844038682,38.14836724553189,4.943056723289951,79.30689759170605,35.613381414883236,173.62346577246626,6405.130265300002
382,63317.0532748,1,-0.9865694003534692,110.62869509134173,350.262527421704,8.29897844038682,38.14836724553189,5.378483706081614,73.4305441426968,35.613381414883236,174.35617206296763,6421.800634499996
383,63334.8369327,1,-0.9874271097856576,110.61277277418951,333.7979882293858,8.142639177760659,37.79456780981624,4.488741909742564,73.7355336562817,35.5878547763651,161.63158264648453,6439.584292399995
384,63351.2147596,1,-0.9825942315112193,110.62730217270214,345.8425488290304,8.299875179497752,38.21069318823078,5.817800656927913,73.425455552678,35.609892494916664,166.26351442566678,6455.962119299998
385,63367.9056039,1,0.9304878346063937,112.38470087600118,334.74622461704803,8.29897844038682,32.13199706176001,4.948604239341461,73.425455552678,35.613381414883236,166.26351442566678,6472.652963599998
386,63384.7931837,1,-0.9868644729001897,110.62869509134173,350.262527421704,8.29897844038682,38.14836724553189,4.948604239341461,78.7947490237921,42.98379717016948,174.35617206296763,6489.540543399999
387,63402.284171,1,-0.9861508360767474,110.61277277418951,329.29597728954064,8.142639177760659,37.79456780981624,4.488741909742564,81.36867082364046,35.5878547763651,161.63158264648453,6507.031530699998
388,63419.3423813,1,-0.9917567684605407,110.62869509134173,334.74622461704803,8.29897844038682,38.14836724553189,4.948604239341461,73.425455552678,35.613381414883236,166.26351442566678,6524.089740999996
389,63436.6086821,1,-0.9883378319196207,110.71019872302308,334.74622461704803,8.290695968247945,38.11464521539459,5.754725966859999,73.41409844833143,35.71716706148534,165.871063952161,6541.356041799998
390,63452.6605343,1,0.954452518112346,111.8731742011879,334.74622461704803,8.299958846829064,38.12364374167435,5.813795178522069,73.64277374551344,35.609892494916664,159.78533183058227,6557.407893999996
391,63469.4734169,1,-0.9884068006047604,110.63059737090057,350.2784628473571,8.306323183697724,38.06008917861762,4.887749359045751,74.61181702166824,42.35201592212073,174.35624744617138,6574.220776599999
392,63485.943904,1,-0.987090226544805,110.70982737408181,351.79974787835823,8.29897844038682,38.14836724553189,4.993407280921263,73.4164138480394,35.613381414883236,174.56142216364873,6590.691263699999
393,63503.2782445,1,-0.9817199213027566,110.62850797776609,349.04711036532797,8.142639177760659,37.79456780981624,4.488741909742564,71.83596250535113,35.5878547763651,165.04244893376023,6608.025604199996
394,63520.3456416,1,-0.9954525566659876,110.61295988776514,335.0133457885126,8.29897844038682,38.14836724553189,5.075407541773123,73.425455552678,35.613381414883236,174.35617206296763,6625.093001299996
395,63537.991436,1,-0.9908467623754469,110.62869509134173,350.262527421704,8.29897844038682,38.14836724553189,4.948604239341461,63.69124362351235,35.613381414883236,174.35617206296763,6642.7387956999955
396,63554.764532,1,-0.9917567684605407,110.62869509134173,334.74622461704803,8.29897844038682,38.14836724553189,4.948604239341461,73.425455552678,35.613381414883236,166.26351442566678,6659.5118917
397,63572.0747494,1,-0.9900648447097236,108.85109976508754,334.74622461704803,8.29897844038682,37.888299918091775,4.948604239341461,73.425455552678,35.613381414883236,164.97814347432606,6676.822109100001
398,63588.9692129,1,-0.9917442495438218,110.62869509134173,334.74622461704803,8.29897844038682,38.14836724553189,4.948604239341461,73.425455552678,35.613381414883236,166.23936013936625,6693.716572600002
399,63606.1489067,1,-0.9917567684605407,110.62869509134173,334.74622461704803,8.29897844038682,38.14836724553189,4.948604239341461,73.425455552678,35.613381414883236,166.26351442566678,6710.896266399999
400,63623.2530965,1,-0.9877044961585494,110.62869509134173,350.262527421704,8.29897844038682,38.14836724553189,5.075407541773123,73.425455552678,35.613381414883236,174.35617206296763,6728.000456199996
401,63640.5146428,1,-0.9958353167871671,110.61295988776514,335.0133457885126,8.29897844038682,38.14836724553189,5.075407541773123,73.425455552678,35.613381414883236,175.1519337559424,6745.2620025
402,63657.3870971,1,-0.9883378319196207,110.71019872302308,334.74622461704803,8.290695968247945,38.11464521539459,5.754725966859999,73.41409844833143,35.71716706148534,165.871063952161,6762.134456799999
403,63674.7327178,1,-0.9881760872255048,110.61636520222075,351.84265051399296,8.307028716658653,38.112633946294025,4.887749359045751,71.41559676456255,42.32967467983505,174.28066052631885,6779.480077499997
404,63691.622097,1,-0.9916903211268522,110.62869509134173,334.74622461704803,8.29897844038682,37.698922001540005,4.948604239341461,73.425455552678,35.613381414883236,164.95398918802553,6796.369456699998
405,63708.9596046,1,-0.973988489919303,110.62869509134173,334.74622461704803,8.29897844038682,40.804425164005586,4.948604239341461,73.425455552678,35.613381414883236,166.26351442566678,6813.7069642999995
406,63725.5089268,1,-0.9934434775003966,108.10170805638761,334.74622461704803,8.29897844038682,38.14836724553189,4.948604239341461,73.425455552678,35.613381414883236,173.82788798413395,6830.2562865
407,63742.5683087,1,-0.9397425367881563,110.61295988776514,335.0133457885126,7.347197428894801,34.874453220003126,5.075407541773123,73.425455552678,35.613381414883236,174.35617206296763,6847.315668399999
408,63759.7805412,1,-0.9826669027173929,110.62869509134173,334.74622461704803,8.29897844038682,34.44683218741216,4.948604239341461,73.425455552678,35.613381414883236,170.30620096150423,6864.5279009000005
409,63777.2400138,1,-0.9881524907437474,110.62730217270214,334.74622461704803,8.299875179497752,38.12364374167435,5.817800656927913,73.425455552678,35.609892494916664,166.26351442566678,6881.9873735
410,63794.1201499,1,-0.9899027130277555,110.61277277418951,333.7979882293858,8.142639177760659,37.79456780981624,4.488741909742564,71.83596250535113,34.680472166322936,165.04244893376023,6898.867509600001
411,63811.3426201,1,-0.9884068006047604,110.63059737090057,350.2784628473571,8.306323183697724,38.06008917861762,4.887749359045751,74.61181702166824,42.35201592212073,174.35624744617138,6916.0899797999955
412,63828.5684762,1,-0.9883378319196207,110.71019872302308,334.74622461704803,8.290695968247945,38.11464521539459,5.754725966859999,73.41409844833143,35.71716706148534,165.871063952161,6933.315835900001
413,63845.9947742,1,-0.9996262554384361,110.62869509134173,331.9594016044264,8.29897844038682,38.14836724553189,4.948604239341461,63.69124362351235,35.613381414883236,174.35617206296763,6950.742133899999
414,63862.9865434,1,-0.9877044961585494,110.62869509134173,350.262527421704,8.29897844038682,38.14836724553189,5.075407541773123,73.425455552678,35.613381414883236,174.35617206296763,6967.733903100001
415,63879.0892151,1,0.9599803535089351,110.62869509134173,326.42997948387597,8.29897844038682,38.14836724553189,4.948604239341461,64.82304830738495,35.613381414883236,166.26351442566678,6983.8365748
416,63896.2382961,1,-0.989823370102237,110.62869509134173,334.74622461704803,8.29897844038682,38.14836724553189,4.948604239341461,78.96726722262484,35.613381414883236,166.26351442566678,7000.985655799996
417,63914.0256412,1,-0.995639899248029,110.62869509134173,335.01483311410726,8.29897844038682,38.14836724553189,5.073904791920717,73.425455552678,35.613381414883236,174.71185494124472,7018.773000900001
418,63931.020702,1,-0.9919693257093295,110.61295988776514,334.7447372914534,8.29897844038682,38.14836724553189,4.950106989193867,73.425455552678,35.613381414883236,166.70359324845523,7035.7680617000005
419,63947.3680026,1,0.947551468481324,113.28810762893521,334.74622461704803,8.29897844038682,38.14836724553189,4.948604239341461,73.425455552678,35.613381414883236,170.7231133873665,7052.115362299999
420,63966.8812895,1,-0.9937695871215667,107.94430360087725,335.0133457885126,8.29897844038682,38.04877343050887,5.075407541773123,73.425455552678,35.613381414883236,175.1519337559424,7071.6286492
421,63984.5405967,1,-0.9946336151963735,110.61295988776514,337.0953923837345,8.29897844038682,38.14836724553189,5.075407541773123,73.425455552678,35.613381414883236,174.35617206296763,7089.287956399996
422,64001.7867448,1,-0.9917567684605407,110.62869509134173,334.74622461704803,8.29897844038682,38.14836724553189,4.948604239341461,73.425455552678,35.613381414883236,166.26351442566678,7106.534104500002
423,64021.6640339,1,0.9518879779071029,110.62869509134173,334.74622461704803,8.400900635484435,38.14836724553189,4.948604239341461,73.425455552678,35.613381414883236,166.26351442566678,7126.411393599999
424,64038.532972,1,-0.890735311782858,110.62869509134173,354.35146584199543,6.47491052728193,38.14836724553189,4.948604239341461,63.69124362351235,35.613381414883236,174.35617206296763,7143.2803317
425,64055.97465,1,-0.9920749596445319,110.62869509134173,334.74622461704803,8.29897844038682,38.14836724553189,4.948604239341461,73.425455552678,35.613381414883236,166.87740003037078,7160.722009699995
426,64073.2229305,1,-0.9934434775003966,108.10170805638761,334.74622461704803,8.29897844038682,38.14836724553189,4.948604239341461,73.425455552678,35.613381414883236,173.82788798413395,7177.970290199999
427,64090.7402881,1,-0.9611567188306339,100.84173429818173,335.0783082399608,7.640225995577445,38.145580258198606,5.069115672955198,71.83596250535113,35.587557190593984,164.72662840723913,7195.487647800001
428,64107.7813524,1,-0.9943900868006423,110.61295988776514,333.7706822158482,8.139959167230215,37.797354797149524,4.4950337785604955,73.425455552678,35.61367900065436,174.67199268020798,7212.5287121
429,64124.7564795,1,-0.9945742990460946,110.62869509134173,335.0882621434393,8.246356071671652,38.14836724553189,4.948604239341461,64.10248435550842,35.613381414883236,166.55548928123162,7229.503839199999
430,64140.6073147,1,0.9461629217513033,111.53201599299581,331.6173640780351,8.29897844038682,38.14836724553189,4.948604239341461,73.0142148207082,35.613381414883236,174.040042924573,7245.354674399998
431,64157.1044608,1,-0.9917567684605407,110.62869509134173,334.74622461704803,8.29897844038682,38.14836724553189,4.948604239341461,73.425455552678,35.613381414883236,166.26351442566678,7261.8518205
432,64174.5511959,1,0.9563222082025171,110.62869509134173,334.74622461704803,8.753612970556325,38.14836724553189,4.948604239341461,73.425455552678,35.613381414883236,166.26351442566678,7279.2985555999985
433,64192.0527927,1,-0.9907917968442418,110.62869509134173,334.74622461704803,8.29897844038682,36.77253624262851,4.948604239341461,73.425455552678,37.652725468966686,164.95398918802553,7296.800152399999
434,64210.5709703,1,-0.9806825187827646,110.62869509134173,334.74622461704803,7.825292133292634,38.14836724553189,4.948604239341461,73.425455552678,35.613381414883236,166.26351442566678,7315.318330000002
435,64227.8763873,1,-0.9996262554384361,110.62869509134173,331.9594016044264,8.29897844038682,38.14836724553189,4.948604239341461,63.69124362351235,35.613381414883236,174.35617206296763,7332.623746999998
436,64245.5360327,1,-0.9899027130277555,110.61277277418951,333.7979882293858,8.142639177760659,37.79456780981624,4.488741909742564,71.83596250535113,34.680472166322936,165.04244893376023,7350.283392400001
437,64261.8061724,1,0.9702834031183301,110.62869509134173,317.94835733955625,8.29897844038682,38.14836724553189,4.948604239341461,52.72266829929349,35.613381414883236,174.35617206296763,7366.553532099999
438,64278.5612995,1,-0.996039483998553,110.62869509134173,335.01483311410726,8.29897844038682,38.14836724553189,4.530745622514708,73.425455552678,35.613381414883236,174.71185494124472,7383.308659199996
439,64295.8697338,1,-0.9935817557244616,108.10170805638761,334.74622461704803,8.29897844038682,38.14836724553189,4.948604239341461,73.425455552678,36.48974374921794,173.82788798413395,7400.617093499997
440,64312.959066,1,-0.9969285123174889,110.61295988776514,335.0133457885126,8.29897844038682,38.14836724553189,5.075407541773123,68.38572062445822,35.613381414883236,174.35617206296763,7417.706425700002
441,64329.5926937,1,-0.9985712546756762,110.61295988776514,334.8543347584817,8.29897844038682,38.14836724553189,5.075407541773123,64.18904235951625,35.613381414883236,175.1448829770187,7434.340053399996
442,64346.7303071,1,-0.9956040084629574,110.42213917015792,332.11841263445734,8.183089294530252,38.14836724553189,4.948604239341461,72.92765681669985,35.613381414883236,174.36322284189134,7451.477666799998
443,64363.7820959,1,-0.9920749596445319,110.62869509134173,334.74622461704803,8.29897844038682,38.14836724553189,4.948604239341461,73.425455552678,35.613381414883236,166.87740003037078,7468.529455600001
444,64381.0665312,1,-0.9947533824103595,110.62869509134173,335.01483311410726,8.29897844038682,38.14836724553189,5.073904791920717,76.39449601633116,35.613381414883236,174.71185494124472,7485.813890899997
445,64397.8657925,1,-0.9876644546202136,108.22183633271361,334.74622461704803,8.08503735913037,38.14836724553189,5.728273267759114,73.425455552678,35.613381414883236,174.63027441528436,7502.6131522
446,64415.4130778,1,-0.9920327697616882,110.50856681501226,334.74622461704803,8.29897844038682,38.14836724553189,4.948604239341461,73.425455552678,43.41489717866095,167.02869290322218,7520.160437500002
447,64432.4774269,1,-0.9996262554384361,110.62869509134173,331.9594016044264,8.29897844038682,38.14836724553189,4.948604239341461,63.69124362351235,35.613381414883236,174.35617206296763,7537.224786599996
448,64449.3186239,1,-0.9946336151963735,110.61295988776514,337.0953923837345,8.29897844038682,38.14836724553189,5.075407541773123,73.425455552678,35.613381414883236,174.35617206296763,7554.065983599998
449,64466.3574716,1,-0.9927011689455996,110.62869509134173,334.74622461704803,8.29897844038682,37.78392249045219,4.934182066517913,73.425455552678,35.61338855113096,166.87740003037078,7571.104831299999
450,64483.7569261,1,-0.9972066861876344,110.61295988776514,333.7706822158482,8.139959167230215,38.16179955222922,4.509455951384044,73.425455552678,35.61367186440663,179.96505017619924,7588.5042858000015
451,64500.1803823,1,-1.0010089769885955,110.62869509134173,331.9594016044264,8.29897844038682,38.14836724553189,4.948604239341461,63.69124362351235,35.613381414883236,177.61112726577625,7604.927742
452,64517.810293,1,-0.9934434775003966,108.10170805638761,334.74622461704803,8.29897844038682,38.14836724553189,4.948604239341461,73.425455552678,35.613381414883236,173.82788798413395,7622.557652700001
453,64534.8990255,1,-0.9903922428612787,110.62869509134173,335.0882621434393,7.924884046460407,38.14836724553189,4.948604239341461,52.42906041308707,35.613381414883236,166.55548928123162,7639.6463852000015
454,64550.7725818,1,0.9471889252080353,110.62869509134173,329.68449961526034,8.29897844038682,37.2264867726258,4.948604239341461,73.425455552678,35.613381414883236,166.26351442566678,7655.5199415000025
455,64567.1182373,1,0.9518677000067444,113.08709153829334,335.0133457885126,8.801380151288758,38.15041872130651,5.075407541773123,73.425455552678,35.613381414883236,175.1519337559424,7671.865596999996
456,64584.0497869,1,-0.9844482555627514,107.94430360087725,341.16377329228754,7.962795506728309,38.04672195473425,4.641923567526456,73.425455552678,35.613381414883236,175.1519337559424,7688.797146600002
457,64601.1434371,1,-1.0010089769885955,110.62869509134173,331.9594016044264,8.29897844038682,38.14836724553189,4.948604239341461,63.69124362351235,35.613381414883236,177.61112726577625,7705.8907967999985
458,64618.3180772,1,-0.9973860683315628,110.61295988776514,335.0133457885126,8.29897844038682,38.14836724553189,5.075407541773123,66.84488618287665,35.613381414883236,174.35617206296763,7723.065436899997
459,64635.3428729,1,-0.9984803565341394,110.62869509134173,335.01483311410726,8.29897844038682,38.14836724553189,5.073904791920717,63.73009469968276,35.613381414883236,174.71185494124472,7740.0902326
460,64652.2863463,1,-0.9870201243112775,110.62869509134173,354.15119725818926,8.29897844038682,38.14836724553189,4.948604239341461,73.38660447653605,35.613381414883236,177.61112726577625,7757.033706000002
461,64668.8483515,1,-0.9972066861876344,110.61295988776514,333.7706822158482,8.139959167230215,38.16179955222922,4.509455951384044,73.425455552678,35.61367186440663,179.96505017619924,7773.595711199996
462,64685.3251046,1,0.948590845903328,112.42775500829389,335.0133457885126,8.29897844038682,38.14836724553189,5.075407541773123,73.425455552678,35.613381414883236,169.32653241412294,7790.072464299999
463,64702.3558873,1,-0.9996262554384361,110.62869509134173,331.9594016044264,8.29897844038682,38.14836724553189,4.948604239341461,63.69124362351235,35.613381414883236,174.35617206296763,7807.103246999999
464,64719.6104229,1,-0.9956040084629574,110.42213917015792,332.11841263445734,8.183089294530252,38.14836724553189,4.948604239341461,72.92765681669985,35.613381414883236,174.36322284189134,7824.357782599996
465,64736.7833633,1,-0.9997902315987626,110.61292631671355,331.8174649231379,8.29897844038682,38.14836724553189,4.959252902536199,63.1816450361427,35.613381414883236,174.35617206296763,7841.530722999996
466,64754.0300462,1,-0.99530086310971,110.62872866239331,335.15528246980114,8.29897844038682,38.14836724553189,5.0647588785783855,73.93505414020544,35.613381414883236,174.35617206296763,7858.7774059
467,64770.4573181,1,-0.9996262554384361,110.62869509134173,331.9594016044264,8.29897844038682,38.14836724553189,4.948604239341461,63.69124362351235,35.613381414883236,174.35617206296763,7875.2046778
468,64787.9545226,1,-0.9908393437262858,105.28830640353904,335.0133457885126,8.29897844038682,38.14836724553189,5.075407541773123,73.425455552678,38.957083886268876,174.35617206296763,7892.701882299996
469,64804.7341138,1,-0.9917585984528178,110.62898007363015,334.8185371200683,8.29897844038682,38.14836724553189,5.073904791920717,76.39449601633116,24.55420543652681,174.70387345516644,7909.481473499996
470,64821.4572357,1,-0.9973829144164835,110.61267490547672,335.05063075252065,8.29897844038682,38.14836724553189,5.075407541773123,64.18904235951625,35.613381414883236,172.53870893897803,7926.204595399999
471,64838.1256827,1,-0.9975608167065844,110.62869509134173,337.3911322596936,8.29897844038682,38.14836724553189,4.948604239341461,63.69124362351235,34.676787678619604,174.35617206296763,7942.873042400002
472,64855.1594527,1,-0.9946336151963735,110.61295988776514,337.0953923837345,8.29897844038682,38.14836724553189,5.075407541773123,73.425455552678,35.613381414883236,174.35617206296763,7959.906812399997
473,64872.6519917,1,-0.9965155159477872,110.62869509134173,331.9594016044264,8.29897844038682,38.14836724553189,5.082564285953259,73.19496828986807,35.613381414883236,174.35617206296763,7977.399351399996
474,64889.7129604,1,-0.9990183160101147,110.62869509134173,335.01483311410726,8.29897844038682,38.14836724553189,4.939944745308919,63.921730886349614,39.16473029762329,174.71185494124472,7994.460320099999
475,64906.7181086,1,-0.9967747065167527,110.61295988776514,334.9120843350013,8.139959167230215,38.16225968003124,4.509455951384044,73.425455552678,35.61338165861817,179.96505017619924,8011.465468299997
476,64922.9398748,1,0.9411386029439991,112.3925076031547,303.30502488499224,8.29897844038682,38.14790711772986,4.530745622514708,73.425455552678,35.613671620671695,174.71185494124472,8027.687234500001
477,64939.621344,1,-0.9999529804868915,110.62869509134173,331.9594016044264,8.29897844038682,38.14836724553189,4.948604239341461,63.69124362351235,39.839090498156324,174.35617206296763,8044.368703699998
478,64957.0251957,1,-0.9996262554384361,110.62869509134173,331.9594016044264,8.29897844038682,38.14836724553189,4.948604239341461,63.69124362351235,35.613381414883236,174.35617206296763,8061.772555399999
479,64974.2575821,1,-0.9772512354038293,110.61267490547672,335.05063075252065,7.839261771136381,36.43753494783189,5.075407541773123,64.18904235951625,35.613381414883236,172.53870893897803,8079.004941799998
480,64991.5971991,1,-0.9996262554384361,110.62869509134173,331.9594016044264,8.29897844038682,38.14836724553189,4.948604239341461,63.69124362351235,35.613381414883236,174.35617206296763,8096.344558799996
481,65008.4395242,1,-0.9983461778989902,110.63022398673614,335.0133457885126,8.29897844038682,38.14836724553189,5.07908500060779,63.68341839554952,35.613381414883236,174.35617206296763,8113.186883900002
482,65025.032549,1,-0.9987100238895097,110.61143099237073,331.9594016044264,8.29897844038682,38.14836724553189,4.944926780506794,66.85271141083948,35.613381414883236,174.35617206296763,8129.779908700002
483,65042.5989859,1,-0.9977130629373782,110.62869509134173,331.9594016044264,8.29897844038682,38.71262011500992,4.948604239341461,63.69124362351235,35.613381414883236,174.35617206296763,8147.346345599995
484,65060.5481386,1,-0.9997902315987626,110.61292631671355,331.8174649231379,8.29897844038682,38.14836724553189,4.959252902536199,63.1816450361427,35.613381414883236,174.35617206296763,8165.295498300002
485,65078.1840599,1,-1.0010683894639507,110.62869509134173,331.8222989397043,8.29897844038682,38.14836724553189,4.948604239341461,63.66890944539587,35.613381414883236,177.61112726577625,8182.931419599998
486,65095.2859017,1,-0.9997420664257551,110.61292631671355,331.95456758785997,8.29897844038682,38.14836724553189,4.959252902536199,63.20397921425918,35.613381414883236,174.35617206296763,8200.0332614
487,65112.0400168,1,-0.998174487257347,110.61236266581113,335.0133457885126,8.29897844038682,38.14836724553189,5.075407541773123,64.18291279618211,35.613381414883236,174.35617206296763,8216.787376499997
488,65128.2814725,1,0.9605869014773835,110.62929231329574,331.9594016044264,9.069373100122977,38.14836724553189,4.948604239341461,67.89405145178848,35.613381414883236,177.61112726577625,8233.028832199998
489,65145.1069816,1,-0.9996262554384361,110.62869509134173,331.9594016044264,8.29897844038682,38.14836724553189,4.948604239341461,63.69124362351235,35.613381414883236,174.35617206296763,8249.8543413
490,65161.9808585,1,-1.0010089769885955,110.62869509134173,331.9594016044264,8.29897844038682,38.14836724553189,4.948604239341461,63.69124362351235,35.613381414883236,177.61112726577625,8266.728218199998
491,65178.69386,1,-0.9996262554384361,110.62869509134173,331.9594016044264,8.29897844038682,38.14836724553189,4.948604239341461,63.69124362351235,35.613381414883236,174.35617206296763,8283.441219699998
492,65195.7782024,1,-0.9990148007084747,110.62869509134173,335.01483311410726,8.29897844038682,38.14836724553189,4.939944745308919,63.921730886349614,39.07984302158506,174.71185494124472,8300.525562099996
493,65212.1836282,1,0.9812770734532831,110.57715561840305,335.01483311410726,9.678615328643298,41.3900007751101,5.073904791920717,63.73009469968276,35.698268690921466,174.71185494124472,8316.9309879
494,65229.4625289,1,-0.9961896027164373,110.62869509134173,331.9594016044264,8.29897844038682,38.14836724553189,4.948604239341461,63.69124362351235,22.196826371395673,174.35617206296763,8334.209888600002
495,65246.8714922,1,-0.9968691951754363,110.62869509134173,331.9594016044264,8.29897844038682,38.14836724553189,3.8935351772596225,63.69124362351235,35.613381414883236,174.35617206296763,8351.618851899999
496,65263.7561748,1,-1.0010683894639507,110.62869509134173,331.8222989397043,8.29897844038682,38.14836724553189,4.948604239341461,63.66890944539587,35.613381414883236,177.61112726577625,8368.5035345
497,65280.7543508,1,-0.9997902315987626,110.61292631671355,331.8174649231379,8.29897844038682,38.14836724553189,4.959252902536199,63.1816450361427,35.613381414883236,174.35617206296763,8385.5017105
498,65297.4717773,1,-0.9999877465426097,110.61296101042528,331.8165021068202,8.29897844038682,38.14836724553189,4.959252902536199,63.72588538598641,41.442706781431106,174.35617206296763,8402.219137
499,65315.102405,1,-1.0003962170437881,110.62866039762999,331.96036442074404,8.29897844038682,38.14836724553189,5.236516887641484,63.14700327366864,35.613381414883236,177.61112726577625,8419.849764699997
500,65331.9460603,1,-0.998951040071127,110.62869509134173,331.9594016044264,8.29897844038682,38.14836724553189,4.948604239341461,63.69124362351235,52.36619838958949,174.35617206296763,8436.693419999996
501,65349.1068625,1,-1.0001645103912982,110.62869509134173,331.9594016044264,8.29897844038682,37.691986203058256,4.948604239341461,63.69124362351235,34.909904831120656,174.35617206296763,8453.854222199996
502,65365.8950331,1,-0.997805527219401,110.62869509134173,331.9594016044264,7.937081866750176,38.14836724553189,4.948604239341461,41.36485127657029,35.613381414883236,174.35617206296763,8470.6423928
503,65382.2405645,1,0.9685906520459622,110.61292631671355,331.8174649231379,9.142656984127555,38.14836724553189,4.959252902536199,63.1816450361427,35.613381414883236,174.35617206296763,8486.987924200002
504,65401.2976964,1,-0.9996262554384361,110.62869509134173,331.9594016044264,8.29897844038682,38.14836724553189,4.948604239341461,63.69124362351235,35.613381414883236,174.35617206296763,8506.045056099996
505,65419.0492087,1,-1.0010089769885955,110.62869509134173,331.9594016044264,8.29897844038682,38.14836724553189,4.948604239341461,63.69124362351235,35.613381414883236,177.61112726577625,8523.796568400001
506,65436.2220513,1,-0.9996262554384361,110.62869509134173,331.9594016044264,8.29897844038682,38.14836724553189,4.948604239341461,63.69124362351235,35.613381414883236,174.35617206296763,8540.969410999998
507,65453.5129054,1,-0.9988804874751256,110.62869509134173,337.9677622281964,8.29897844038682,38.14836724553189,4.948604239341461,63.69124362351235,35.613381414883236,177.61112726577625,8558.260265099998
508,65470.1592735,1,-0.9991638297595232,110.62869509134173,331.9594016044264,8.29897844038682,38.14836724553189,4.948604239341461,63.69124362351235,35.613381414883236,173.2660810115436,8574.9066332
509,65487.6211088,1,-1.0010089769885955,110.62869509134173,331.9594016044264,8.29897844038682,38.14836724553189,4.948604239341461,63.69124362351235,35.613381414883236,177.61112726577625,8592.368468499997
510,65503.8969894,1,0.95568452050358,116.30933366966268,331.9594016044264,8.29897844038682,38.14836724553189,4.948604239341461,63.69124362351235,35.613381414883236,177.61112726577625,8608.644349099995
511,65521.5315365,1,-1.0010683894639507,110.62869509134173,331.8222989397043,8.29897844038682,38.14836724553189,4.948604239341461,63.66890944539587,35.613381414883236,177.61112726577625,8626.278896199998
512,65538.390016,1,-0.9992514268544027,110.62869509134173,331.9594016044264,8.29897844038682,38.14836724553189,4.321776485189681,63.69124362351235,35.613381414883236,174.35617206296763,8643.137375700004
513,65555.6922067,1,-0.9997420664257551,110.61292631671355,331.95456758785997,8.29897844038682,38.14836724553189,4.959252902536199,63.20397921425918,35.613381414883236,174.35617206296763,8660.439566399997
514,65572.301691,1,-0.994341478188825,108.12235612916686,331.9594016044264,8.29897844038682,38.948781884642564,4.948604239341461,63.69124362351235,35.613381414883236,173.54427388233054,8677.0490507
515,65589.6339363,1,-1.0013513968933243,110.62869509134173,331.9594016044264,8.29897844038682,38.14836724553189,4.948604239341461,63.69124362351235,35.613381414883236,178.42302544641436,8694.381296
516,65606.4687584,1,-1.0014362826916545,110.62869509134173,331.9594016044264,8.29897844038682,38.14836724553189,4.948604239341461,63.69124362351235,41.62585232452413,177.61112726577625,8711.216118100005
517,65623.6584654,1,-1.0013513968933243,110.62869509134173,331.9594016044264,8.29897844038682,38.14836724553189,4.948604239341461,63.69124362351235,35.613381414883236,178.42302544641436,8728.405825100002
518,65639.6490223,1,0.9586388928147686,110.61219463965406,326.6430150223967,8.29897844038682,38.14836724553189,5.696644780970023,63.1816450361427,35.613381414883236,174.35617206296763,8744.396381999999
519,65657.3042275,1,-0.978029770625084,110.6294267684012,336.9582957868565,8.29897844038682,41.037908870512595,5.38177922043571,63.69124362351235,35.613381414883236,178.42302544641436,8762.051587200003
520,65674.4030629,1,-1.001417105889034,110.62869509134173,331.8196846707715,8.29897844038682,37.970372192675185,4.948604239341461,63.66890944539587,35.613381414883236,177.61112726577625,8779.150422600003
521,65691.831941,1,-1.0010181764424881,110.62869509134173,331.9620158733592,8.29897844038682,38.14836724553189,4.948604239341461,63.69124362351235,35.613381414883236,177.61112726577625,8796.579300699996
522,65708.5876897,1,-1.000048269331694,110.62866039762999,331.96036442074404,8.29897844038682,38.14836724553189,5.334735657469013,63.14700327366864,35.613381414883236,177.61112726577625,8813.335049399997
523,65725.6195031,1,-0.9997390417549767,110.62869509134173,331.9594016044264,8.29897844038682,37.691986203058256,4.948604239341461,63.69124362351235,34.909904831120656,173.36071642278145,8830.366862799994
524,65742.778625,1,-0.9997902315987626,110.61292631671355,331.8174649231379,8.29897844038682,38.14836724553189,4.959252902536199,63.1816450361427,35.613381414883236,174.35617206296763,8847.525984700005
525,65759.9183686,1,-1.0010683894639507,110.62869509134173,331.8222989397043,8.29897844038682,38.14836724553189,4.948604239341461,63.66890944539587,35.613381414883236,177.61112726577625,8864.665728300002
526,65776.7232256,1,-1.0001659433969794,110.62869509134173,331.9594016044264,8.053822633603136,38.14836724553189,4.948604239341461,52.000422444394005,35.613381414883236,177.61112726577625,8881.470585299998
527,65793.4721035,1,0.9586180285160892,110.28147044210044,331.8222989397043,8.441643555660727,38.14836724553189,4.948604239341461,63.66890944539587,35.613381414883236,177.61112726577625,8898.219463199996
528,65809.8299037,1,0.9565526685199567,110.62866039762999,323.9724507514004,8.29897844038682,38.14836724553189,5.2335451156889645,63.14700327366864,35.613381414883236,177.45568577959094,8914.577263399995
529,65827.5146498,1,-0.9998321869519862,110.61292631671355,331.95313929735215,8.29897844038682,38.14836724553189,4.962224674488717,63.1816450361427,35.613381414883236,174.51161354915294,8932.262009499995
530,65844.4313095,1,-1.0010035547496905,110.62869509134173,331.9595200712407,8.29897844038682,38.14836724553189,4.948604239341461,63.66890944539587,35.613381414883236,177.61112726577625,8949.178669199995
531,65860.0943472,1,0.9737038476170118,110.62869509134173,334.9231026177318,9.80029630474119,38.14836724553189,4.948604239341461,63.69124362351235,35.613381414883236,177.61112726577625,8964.841706900006
532,65877.6439989,1,-1.0010089769885955,110.62869509134173,331.9594016044264,8.29897844038682,38.14836724553189,4.948604239341461,63.69124362351235,35.613381414883236,177.61112726577625,8982.391358600005
533,65894.8384948,1,-1.0010683894639507,110.62869509134173,331.8222989397043,8.29897844038682,38.14836724553189,4.948604239341461,63.66890944539587,35.613381414883236,177.61112726577625,8999.585854500001
534,65912.5857574,1,-1.001018949024955,110.62869509134173,331.95940330604947,8.29897844038682,38.14836724553189,4.948604239341461,63.69124362351235,35.613381414883236,177.61112726577625,9017.333117099995
535,65930.1825792,1,-0.9895434930272836,110.62869509134173,331.8222972380812,7.807953143401248,38.14836724553189,4.948604239341461,63.66890944539587,35.613381414883236,177.61112726577625,9034.9299389
536,65947.6032073,1,-1.0010089769885955,110.62869509134173,331.9594016044264,8.29897844038682,38.14836724553189,4.948604239341461,63.69124362351235,35.613381414883236,177.61112726577625,9052.350566999994
537,65964.5272729,1,-1.004601493346396,110.62869509134173,331.8196846707715,8.29897844038682,36.99423526126114,4.948604239341461,50.55215288641263,35.613381414883236,177.61112726577625,9069.274632599998
538,65981.5338887,1,-1.0015882722863683,110.62869509134173,331.9594016044264,8.29897844038682,38.14836724553189,4.85416375372898,63.69124362351235,41.62585232452413,177.61112726577625,9086.281248399995
539,65998.6162675,1,-1.0010683894639507,110.62869509134173,331.8222989397043,8.29897844038682,38.14836724553189,4.948604239341461,63.66890944539587,35.613381414883236,177.61112726577625,9103.363627199993
540,66015.8188242,1,-1.001018949024955,110.62869509134173,331.95940330604947,8.29897844038682,38.14836724553189,4.948604239341461,63.69124362351235,35.613381414883236,177.61112726577625,9120.566183900002
541,66031.9404815,1,0.9596487652459718,110.62869509134173,331.9594016044264,8.561980934311409,38.14836724553189,4.948604239341461,63.69124362351235,35.613381414883236,178.42302544641436,9136.6878412
542,66049.0775162,1,-0.9923887695716043,110.62869509134173,331.9594016044264,8.29897844038682,34.8006156696508,4.416490616460246,63.69124362351235,35.613381414883236,178.42302544641436,9153.824875900005
543,66065.9500981,1,-0.998078546865683,110.62869509134173,331.9620158733592,8.29897844038682,38.14836724553189,4.948604239341461,63.69124362351235,24.320723200325354,177.61112726577625,9170.6974578
544,66083.1732781,1,-1.0010683894639507,110.62869509134173,331.8222989397043,8.29897844038682,38.14836724553189,4.948604239341461,63.66890944539587,35.613381414883236,177.61112726577625,9187.920637800002
545,66099.8513887,1,-1.0010089769885955,110.62869509134173,331.9594016044264,8.29897844038682,38.14836724553189,4.948604239341461,63.69124362351235,35.613381414883236,177.61112726577625,9204.5987484
546,66117.4020672,1,-1.001004814104173,110.62869509134173,331.93561781069076,8.29897844038682,38.14836724553189,4.948604239341461,63.69124362351235,35.613381414883236,177.61112726577625,9222.149426900003
547,66134.3996792,1,-1.00240860461267,110.62869509134173,331.8434684645071,8.29897844038682,37.970372192675185,4.948604239341461,63.66890944539587,35.613381414883236,180.00902782878177,9239.147038899995
548,66150.524065,1,0.9630347497696071,111.2077959682881,331.9594016044264,8.861728727726597,38.14836724553189,4.948604239341461,63.69124362351235,35.75977888521742,178.36375287868694,9255.271424700004
549,66167.7247138,1,-1.001460694979847,110.62869509134173,331.9594016044264,8.29897844038682,38.14836724553189,4.948604239341461,63.69124362351235,41.479454854190024,177.67039983350364,9272.472073499994
550,66187.514435,1,-1.0010089769885955,110.62869509134173,331.9594016044264,8.29897844038682,38.14836724553189,4.948604239341461,63.69124362351235,35.613381414883236,177.61112726577625,9292.261794700004
551,66204.7193648,1,-1.001263423301248,110.62869509134173,331.8222989397043,8.29897844038682,38.14836724553189,4.850694458675909,63.66890944539587,35.613381414883236,177.75260232934156,9309.466724499995
552,66222.2119773,1,-0.9967842927972902,105.69493160555447,331.8222989397043,8.29897844038682,38.14836724553189,4.948604239341461,63.66890944539587,35.613381414883236,177.61112726577625,9326.959337
553,66239.637235,1,-1.0010683894639507,110.62869509134173,331.8222989397043,8.29897844038682,38.14836724553189,4.948604239341461,63.66890944539587,35.613381414883236,177.61112726577625,9344.3845947
554,66256.9991629,1,-1.0013530953686978,110.62869509134173,331.9594016044264,8.29897844038682,38.14836724553189,4.948604239341461,63.69124362351235,35.613381414883236,178.4301919626685,9361.746522599999
555,66273.9348526,1,-0.9791183681991925,110.62869509134173,331.9594016044264,8.29897844038682,41.0886152038604,4.948604239341461,63.69124362351235,35.613381414883236,177.6039607495221,9378.682212299995
556,66291.2284294,1,-1.001050815370131,110.62869509134173,331.8222989397043,8.29897844038682,38.14836724553189,4.948604239341461,63.66890944539587,35.495590651255654,177.61112726577625,9395.975789099997
557,66307.3746353,1,-1.001589552094128,110.62869509134173,331.9594016044264,8.29897844038682,38.14836724553189,4.85416375372898,63.69124362351235,41.74364308815189,177.61112726577625,9412.121995000001
558,66325.432029,1,-1.0010683894639507,110.62869509134173,331.8222989397043,8.29897844038682,38.14836724553189,4.948604239341461,63.66890944539587,35.613381414883236,177.61112726577625,9430.179388700002
559,66342.2427036,1,-1.0008713698630656,110.62869509134173,331.9594016044264,8.29897844038682,38.14836724553189,4.948604239341461,63.69124362351235,32.83919856710399,178.42302544641436,9446.9900633
560,66359.4954122,1,-1.0028670781951812,109.9889072976276,331.9594016044264,8.29897844038682,38.14836724553189,4.948604239341461,55.17099413535048,35.613381414883236,177.57665309692055,9464.242771900004
561,66376.2528202,1,-0.9960622093359686,110.62869509134173,345.379699065569,8.29897844038682,38.14836724553189,4.948604239341461,63.69124362351235,41.62585232452413,178.45749961527002,9481.000179899995
562,66393.2587647,1,-1.0018531227349687,110.62869509134173,331.80323129263786,8.29897844038682,37.962506257305094,4.951702948778487,63.69173189779321,41.0919395771261,177.61112726577625,9498.006124400003
563,66410.2160855,1,-1.0012080938375039,110.62869509134173,331.97585498256,8.29897844038682,38.15623318090198,4.851065044291954,63.66842117111501,36.147294162281334,177.61112726577625,9514.963445199995
564,66427.7524061,1,-1.0036348947553104,110.62869509134173,334.3068287494417,8.29897844038682,36.99423526126114,4.948604239341461,50.55215288641263,35.613381414883236,177.61112726577625,9532.4997658
565,66444.6435699,1,-1.0007703448515899,110.62869509134173,331.8223327316004,8.29897844038682,38.14836724553189,4.850694458675909,63.66890944539587,32.74993468389192,177.75260232934156,9549.390929599998
566,66462.0109493,1,-0.9985555050451518,110.62869509134173,332.832041553526,8.29897844038682,38.14836724553189,5.542264048198342,64.06645043399003,35.613381414883236,177.61112726577625,9566.758309000004
567,66478.1265654,1,0.9584152279745421,110.62869509134173,331.8222989397043,8.43057554375004,38.14836724553189,4.948604239341461,63.66890944539587,35.613381414883236,177.61112726577625,9582.8739251
568,66494.9983263,1,-1.0035747252192815,110.62869509134173,331.9594016044264,8.29897844038682,37.36080240071704,4.948604239341461,57.744255115141996,35.613381414883236,178.42302544641436,9599.745686000002
569,66512.4285498,1,-1.0010683894639507,110.62869509134173,331.8222989397043,8.29897844038682,38.14836724553189,4.948604239341461,63.66890944539587,35.613381414883236,177.61112726577625,9617.175909499994
570,66528.988484,1,-0.9979125998165015,107.3372334246646,334.8971157518955,8.29897844038682,38.14836724553189,4.733977422640303,63.69124362351235,41.62585232452413,177.61112726577625,9633.7358437
571,66546.2512292,1,-1.0009515609430055,110.62869509134173,340.0532269925572,8.29897844038682,36.99423526126114,4.980945412381784,50.55215288641263,35.613381414883236,177.61112726577625,9650.998588900002
572,66563.6860651,1,-1.0008453482249478,110.62869509134173,331.8434684645071,8.248794661501595,37.970372192675185,4.948604239341461,63.66890944539587,35.613381414883236,177.43896376836204,9668.433424800001
573,66580.2833103,1,-1.0021208661180006,110.62869509134173,331.8222989397043,8.29897844038682,38.14836724553189,4.948604239341461,63.66890944539587,35.613381414883236,180.18119132619597,9685.03067
574,66597.0821221,1,-0.9996642850755142,110.62869509134173,331.8450677307019,8.29897844038682,38.14836724553189,4.948604239341461,63.69124362351235,42.3347492100351,173.5716951946942,9701.829481799992
575,66613.1054024,1,0.9546735006037939,114.19144378439127,331.95780233823166,8.29897844038682,37.970372192675185,4.948604239341461,63.66890944539587,34.75808705904081,180.11195983960886,9717.852762100003
576,66628.9312872,1,0.9539952315693023,110.62869509134173,320.10197781074885,8.29897844038682,37.962506257305094,4.951702948778487,63.69173189779321,41.0919395771261,177.61112726577625,9733.6786469
577,66646.0822507,1,-1.0028670781951812,109.9889072976276,331.9594016044264,8.29897844038682,38.14836724553189,4.948604239341461,55.17099413535048,35.613381414883236,177.57665309692055,9750.829610399996
578,66662.993838,1,-1.0013513968933243,110.62869509134173,331.9594016044264,8.29897844038682,38.14836724553189,4.948604239341461,63.69124362351235,35.613381414883236,178.42302544641436,9767.741197699994
579,66680.2117754,1,-1.004601493346396,110.62869509134173,331.8196846707715,8.29897844038682,36.99423526126114,4.948604239341461,50.55215288641263,35.613381414883236,177.61112726577625,9784.959135100005
580,66696.1517703,1,0.9525752244438929,114.61471117726875,331.8196846707715,8.29897844038682,36.99423526126114,4.948604239341461,63.54447790154158,35.613381414883236,178.4898938017463,9800.899129999998
581,66713.4728913,1,-1.0045221695540023,110.62869509134173,331.9594016044264,8.29897844038682,38.14836724553189,4.948604239341461,50.69891865755373,35.613381414883236,177.54425891044428,9818.220250999999
582,66730.8168597,1,-1.0028670781951812,109.9889072976276,331.9594016044264,8.29897844038682,38.14836724553189,4.948604239341461,55.17099413535048,35.613381414883236,177.57665309692055,9835.564219400003
583,66748.0110748,1,-1.0036348947553104,110.62869509134173,334.3068287494417,8.29897844038682,36.99423526126114,4.948604239341461,50.55215288641263,35.613381414883236,177.61112726577625,9852.7584345
584,66764.9387238,1,-1.0024314232997429,110.62869509134173,331.82263041314377,8.29897844038682,37.970372192675185,4.948604239341461,63.66890944539587,35.613381414883236,180.00902782878177,9869.686083500004
585,66782.3365392,1,-1.0021123584039882,110.62869509134173,331.8431369910677,8.29897844038682,38.14836724553189,4.948604239341461,63.66890944539587,35.613381414883236,180.18119132619597,9887.083898899997
586,66799.1331787,1,-0.9996926104799366,110.62869509134173,331.9594016044264,8.29897844038682,38.14836724553189,4.948604239341461,63.69124362351235,35.613381414883236,174.51326723882073,9903.880538399993
587,66816.516121,1,-1.001571578399491,110.62869509134173,331.9594016044264,8.29897844038682,38.14836724553189,4.546680844044823,63.69124362351235,41.62585232452413,177.61112726577625,9921.263480699992
588,66833.1172276,1,-1.0014019251490285,110.62869509134173,331.9594016044264,8.29897844038682,38.14836724553189,4.85416375372898,63.69124362351235,47.27496571276981,177.61112726577625,9937.864587299999
589,66850.8627907,1,-1.001460694979847,110.62869509134173,331.9594016044264,8.29897844038682,38.14836724553189,4.948604239341461,63.69124362351235,41.479454854190024,177.67039983350364,9955.610150400003
590,66867.8265134,1,-1.0034710991886686,110.62869509134173,331.9594016044264,8.29897844038682,38.1666934078206,4.948604239341461,57.33674197329877,41.479454854190024,178.4666866376808,9972.573873099995
591,66884.8853573,1,-1.0016050161922587,110.62869509134173,331.9594016044264,8.29897844038682,37.34247623842832,4.948604239341461,64.09875676536332,35.613381414883236,177.6267386422372,9989.632716999993
592,66901.6395832,1,-1.0035747252192815,110.62869509134173,331.9594016044264,8.29897844038682,37.36080240071704,4.948604239341461,57.744255115141996,35.613381414883236,178.42302544641436,10006.386942899997
593,66918.7077319,1,-1.0014362826916545,110.62869509134173,331.9594016044264,8.29897844038682,38.14836724553189,4.948604239341461,63.69124362351235,41.62585232452413,177.61112726577625,10023.455091599993
594,66936.5116781,1,-1.0021208661180006,110.62869509134173,331.8222989397043,8.29897844038682,38.14836724553189,4.948604239341461,63.66890944539587,35.613381414883236,180.18119132619597,10041.259037799995
595,66954.4587622,1,-1.00240860461267,110.62869509134173,331.8434684645071,8.29897844038682,37.970372192675185,4.948604239341461,63.66890944539587,35.613381414883236,180.00902782878177,10059.206121899995
596,66971.1840447,1,-1.004601493346396,110.62869509134173,331.8196846707715,8.29897844038682,36.99423526126114,4.948604239341461,50.55215288641263,35.613381414883236,177.61112726577625,10075.931404399998
