iteration,timestamp,success,NPV_over_CAPEX,clearance,sp,p_rated,Nwt,wind_MW_per_km2,solar_MW,surface_tilt,surface_azimuth,time_sec
0,53607.1429371,1,-0.5710647979966782,74.00649990065035,290.5113060779088,5.886514310596512,17.95582516365441,6.624610731595894,33.37784542776925,44.4625050830589,188.2005844227117,0.0
1,53623.9495098,1,-0.18343366254850726,36.09610190093926,238.53903316750763,14.225805201015547,44.979727241983014,6.1186871699118175,52.61189558842038,50.770424174774405,186.7897015611046,16.80657269999938
2,53641.7043161,1,-0.647388818613678,16.95705826324095,204.24761078602722,9.702824576224018,21.425472411716864,7.244566872690705,196.16513232209505,14.731933404100264,185.94447366342084,34.56137899999885
3,53657.9896886,1,0.8868896361860995,100.24453623179487,226.4928218107318,12.773035120253816,40.6850759936787,9.865626835800333,185.31964437383246,44.8769156700463,184.88689953369214,50.84675150000112
4,53675.8050079,1,-0.5467497707689981,31.58828482045414,303.1606486125948,19.435486997461133,8.261305202763987,9.639600652841581,58.47026102894904,72.08052064865933,192.96639555398667,68.66207080000459
5,53693.1392098,1,-0.0327761848912358,23.92068837263094,221.94249304348435,17.556922194865976,37.85094482343373,5.2456543541629586,45.88339290351182,29.463866808200528,174.05552633657916,85.99627270000201
6,53709.7911897,1,0.6692285140163923,118.82953497002221,252.98564362146362,7.482619903061575,20.640983508599447,3.9846269528411753,181.9599184319223,81.20637383482246,207.12423989313183,102.64825260000362
7,53726.7326731,1,-0.5880527071086724,50.727328458152456,224.53332318933363,9.044503215309357,48.49766235248901,3.869853084709683,188.6049069739892,46.90176276978848,156.85903468910757,119.58973600000172
8,53743.2399704,1,0.9710734145900665,62.57044084005185,208.20963789292475,17.580830342041786,34.7572300025906,5.236156910820933,78.58351711875093,59.60884907414657,152.23128951565718,136.09703330000048
9,53759.2190028,1,0.869845761710822,118.05975023588657,231.92040072011426,10.19395028495136,34.06175320340752,3.428256482249434,148.45285813613884,78.15007889540715,197.7199017473049,152.07606569999916
10,53777.0888657,1,-0.7292240030233312,50.13559785586112,283.73890256978,5.276823942170884,31.764758087171945,6.090961197793438,32.536796042224246,60.76137935603763,181.82620854061548,169.94592860000557
11,53794.3124458,1,-0.7536503036192326,63.28979714132979,203.38611393912498,6.81850407936085,27.779015563895907,3.971895154045,103.15460361754464,41.78080504891511,155.99714537564944,187.16950870000437
12,53811.0389175,1,0.7730782604766565,104.02434585979726,284.88295865209454,6.882140305320238,25.142674329875025,1.518130198570619,149.7044664841688,10.892267898247379,182.14971461074396,203.8959804000042
13,53828.6202215,1,-0.8439669847458029,98.07028143325711,331.87348323857356,9.697554312564408,18.45992620363102,4.029676185688807,189.3152169883159,62.560980291541654,187.37378765538463,221.47728440000355
14,53845.4767526,1,0.7872837751549511,96.36989310427215,351.2722410919471,7.9645843951552875,24.204636282160056,1.8172854972264854,140.51463319340957,34.016460805659165,161.79260737723007,238.33381550000195
15,53863.1770331,1,-0.496915915371818,43.90238843499143,285.72732119690625,5.34603674140988,15.269691773875092,9.623589622958661,185.7477031532281,40.1879510041549,173.9318149428117,256.03409600000305
16,53878.9286752,1,0.9770540304287377,67.42594902979064,253.22343205587305,19.560452069205382,21.20678740171036,9.380672872512225,47.03564773334078,66.77753494444579,194.29123767951907,271.78573809999943
17,53897.0372801,1,-0.787203068229398,18.030376491872886,263.54135076162163,7.083389902269045,40.037310789368725,6.258852438377278,179.65962433833428,9.584282309974304,199.4771853499418,289.89434299999994
18,53914.3865122,1,-0.7051482627879707,99.43330814698814,355.26473414139025,9.60712184866512,14.094762124886724,5.55449088193285,61.24420874444533,36.74105924477014,157.89929455172376,307.2435751000012
19,53931.29417,1,0.8094896557128466,76.37641320922444,218.39496556146037,6.303098261745648,20.479689020569616,2.7085539173125124,104.05521033043374,5.279968046400931,155.16131853494602,324.1512329000034
20,53947.1170216,1,0.6286775890114232,36.41835513359944,344.3161646290664,7.9660704072123,12.134364295773725,1.9972455907768878,156.23277401858883,61.08199386624836,157.24990505953835,339.9740845000051
21,53965.0312409,1,-0.663450949001345,93.09458283066171,353.0605069159663,9.058263316048482,14.094762124886724,5.5403777513066865,61.24420874444533,47.22852497565468,157.89929455172376,357.8883038000058
22,53982.1129785,1,-0.5349481107330512,57.06509616259462,225.29503937662412,9.593361747925996,48.49766235248901,4.032802715952413,188.6049069739892,39.17698713319241,156.85903468910757,374.97004140000354
23,53999.7909082,1,-0.804934184150998,50.13559785586112,263.77826197972763,5.276823942170884,39.98322369454487,6.2469204272887415,36.57955617193623,61.58505827712381,181.82620854061548,392.64797109999927
24,54016.7854495,1,-0.7323594269057,18.030376491872886,283.5019913517935,7.083389902269045,31.818844924933494,6.258852438377278,178.10906439498785,8.825659174518574,199.4771853499418,409.6425124000016
25,54034.3848568,1,-0.496915915371818,43.90238843499143,285.72732119690625,5.34603674140988,15.269691773875092,9.623589622958661,185.7477031532281,40.1879510041549,173.9318149428117,427.2419197000054
26,54051.5009849,1,-0.8316400073383781,98.07028143325711,331.87348323857356,9.697554312564408,18.45992620363102,4.029676185688807,189.3152169883159,69.3317951145649,187.37378765538463,444.35804780000035
27,54069.0623689,1,-0.7945346838775438,50.727328458152456,223.93756588005792,9.044503215309357,28.718975000219597,3.8725833139871617,188.6049069739892,42.04858712826908,156.85903468910757,461.9194318000009
28,54086.0306586,1,-0.8369096838728726,63.28979714132979,204.00345448995597,6.81850407936085,47.45584577940346,3.969164924767521,103.15460361754464,46.63398069043453,155.99714537564944,478.88772150000295
29,54103.4454824,1,-0.7148990886479121,14.758842871339201,204.24761078602722,9.702824576224018,31.574391712585722,7.244566872690705,83.4157956766654,14.731933404100264,185.94447366342084,496.30254530000093
30,54120.5657801,1,-0.6751018645164104,65.8019235379274,203.38611393912498,6.81850407936085,21.238575971137436,3.393055730309236,199.82724329802934,41.80310657345151,155.99714537564944,513.4228430000003
31,54137.9871715,1,-0.17538921312270486,24.567642334287783,238.53903316750763,14.225805201015547,44.979727241983014,6.1186871699118175,52.739113916296965,50.770424174774405,187.0777885358041,530.8442343999996
32,54155.0223639,1,-0.03625165389911558,35.449148450837846,221.94249304348435,17.556922194865976,37.85094482343373,5.2456543541629586,45.75617457711801,29.463866808200528,173.76743935351953,547.8794268000056
33,54172.517656,1,-0.7986810290351216,50.2730736748313,276.51333797369045,5.276823942170884,38.07052808457654,5.108443494012536,32.536796042224246,60.36405284138334,181.82620854061548,565.374718900006
34,54189.7800232,1,-0.22021636947924583,23.783473679709793,229.17099883388286,17.556922194865976,31.545174815829338,6.228172057939167,45.88339290351182,29.861192979503613,174.05552633657916,582.6370861000032
35,54207.1017119,1,-0.7720555695414489,98.07028143325711,331.87348323857356,9.596024984185245,18.158128512376486,9.285057972431485,189.3152169883159,62.560980291541654,170.87634607811862,599.9587748000049
36,54224.1177436,1,-0.5851410259016818,43.76422920834724,285.72732119690625,5.467048473153104,15.269691773875092,3.8024556658511246,188.18961668447815,40.167738111072346,190.4292546392953,616.9748065000022
37,54240.642205,1,0.8905057481757306,96.36989310427215,351.2722410919471,7.9645843951552875,39.78915878411658,1.8172854972264854,141.83539295060157,9.393092746775476,161.79260737723007,633.4992678999988
38,54256.847007,1,-0.7409089264260093,18.030376491872886,263.54135076162163,7.083389902269045,24.452744048055195,6.258852438377278,178.33853740246587,34.20897649874106,199.4771853499418,649.704069899999
39,54272.9501611,1,0.7677487592387333,90.377738417145,351.2722410919471,7.9645843951552875,24.204636282160056,1.8172854972264854,153.49635179237004,34.016460805659165,161.79260737723007,665.8072240000038
40,54289.8222944,1,-0.7067794093725877,99.43330814698814,355.26473414139025,9.60712184866512,14.094406383761562,4.874948410282575,61.24420874444533,36.74105924477014,157.89929455172376,682.6793573000032
41,54307.6440584,1,-0.7399090644219916,63.28979714132979,203.090519207568,6.81850407936085,27.7738194430693,3.90436461039525,189.63112251646305,43.46204847540886,155.99714537564944,700.5011213000034
42,54324.515471,1,-0.818668069215798,50.727328458152456,223.93756588005792,9.302310458020587,28.724171121046204,3.8725833139871617,103.6114851547419,42.04858712826908,156.85903468910757,717.3725339000011
43,54342.0599378,1,-0.8005209053026949,63.28979714132979,205.0104261567337,5.484305409137703,40.53876793689162,3.969164924767521,35.19000527705127,61.1363084678047,155.99714537564944,734.9170006999993
44,54360.5487877,1,-0.8798823820140986,50.13559785586112,263.1253456086737,6.611906931192166,46.899823569204074,6.2469204272887415,105.08948646494633,47.08273048964121,181.82620854061548,753.4058506000001
45,54377.8688273,1,-0.8693230342613019,98.07028143325711,342.1352471288975,9.86609215357105,18.568625519458916,4.029676185688807,189.04171208755838,62.560980291541654,199.48773223280176,770.725890200003
46,54395.729311,1,-0.7445417505057415,18.030376491872886,263.54135076162163,8.325964621744006,24.520669263132174,6.258852438377278,178.61204067416418,30.192089245865258,187.3632363721709,788.5863739000051
47,54412.3277291,1,-0.7067470437807402,51.66890141168726,223.93756588005792,9.044503215309357,19.37403988849383,4.216426360250337,188.5791674664867,42.04858712826908,155.46437665369274,805.184792
48,54429.5183316,1,-0.9494900883580936,100.44942348365912,331.87348323857356,9.697554312564408,27.80486144782526,4.033132721241199,189.34095649581838,62.560980291541654,187.40207139021268,822.375394499999
49,54447.1905681,1,-0.8380556826720693,50.13559785586112,263.77826197972763,5.276823942170884,45.25080403121293,6.2469204272887415,36.57955617193623,61.58505827712381,181.82620854061548,840.0476310000013
50,54464.4331231,1,-0.7996283388321069,50.2730736748313,276.51333797369045,5.276823942170884,38.07052808457654,5.108443494012536,32.536796042224246,56.51879856400005,181.82620854061548,857.2901860000056
51,54482.0763497,1,-0.8147252346823671,98.07028143325711,320.5734901485747,9.697554312564408,18.45992620363102,4.936206265565984,189.3152169883159,80.55326468764885,190.91142267142834,874.9334126000031
52,54499.5860078,1,-0.6751018645164104,65.8019235379274,203.38611393912498,6.81850407936085,21.238575971137436,3.393055730309236,199.82724329802934,41.80310657345151,155.99714537564944,892.4430706999992
53,54516.3926297,1,-0.7323594269057,18.030376491872886,283.5019913517935,7.083389902269045,31.818844924933494,6.258852438377278,178.10906439498785,8.825659174518574,199.4771853499418,909.2496926000022
54,54533.8590049,1,-0.8316400073383781,98.07028143325711,331.87348323857356,9.697554312564408,18.45992620363102,4.029676185688807,189.3152169883159,69.3317951145649,187.37378765538463,926.7160678
55,54550.7144723,1,-0.6573388126220501,70.04087685652199,279.3519608610557,5.4486299996209455,27.779015563895907,3.971895154045,102.84791117232928,70.87364025295328,152.32227976349807,943.5715352000043
56,54568.4316576,1,-0.8121291889457201,50.70507983323233,205.85973162322068,6.647638341336545,37.936230967598085,5.108443494012536,32.536796042224246,42.8271724935315,185.90159659538736,961.2887205000006
57,54585.3197316,1,-0.741668429421117,98.07028143325711,329.8509621260566,9.596024984185245,45.966972360138534,9.664921780846994,108.77067543525135,62.560980291541654,168.0600815208524,978.1767945000029
58,54602.7080302,1,-0.6691198752184793,63.28979714132979,207.620838931262,6.81850407936085,20.92395189467517,3.493440326143161,183.54728116307794,46.63398069043453,156.12951493048865,995.5650931000055
59,54619.7587838,1,-0.8045300567898299,18.030376491872886,283.5019913517935,7.083389902269045,32.39622305043908,6.258852438377278,178.10906439498785,37.35840870640567,201.42771057622107,1012.6158467000059
60,54637.4306713,1,-0.6458253295842457,18.030376491872886,263.54135076162163,7.083389902269045,23.875365920069488,6.258852438377278,178.33853740246587,5.7228154320785976,199.4771853499418,1030.2877341999992
61,54654.519732,1,-0.8126284979141861,50.70507983323233,205.85973162322068,6.681903142653719,37.936230967598085,5.108443494012536,195.81776531678983,42.8271724935315,185.90159659538736,1047.376794900003
62,54672.2393094,1,-0.9773941197314346,100.44942348365912,333.29354977599786,9.726861521638494,27.80486144782526,4.033132721241199,31.049487879730094,62.560980291541654,187.40207139021268,1065.0963723000023
63,54689.1186654,1,-0.735326677869448,58.263410535454604,331.87348323857356,10.074314039957201,18.45992620363102,4.029676185688807,189.3152169883159,69.3317951145649,181.72147277138913,1081.9757283
64,54706.7338477,1,-0.9357837486154333,96.7289240327026,263.1253456086737,6.330711812833352,46.899823569204074,6.0050870770904465,103.50751924057575,47.08273048964121,183.67849168523358,1099.5909106000036
65,54723.7379385,1,-0.6211029301582434,27.137038626442635,331.87348323857356,6.928966809773228,18.45992620363102,4.029676185688807,189.00515484388396,62.560980291541654,187.23104459247074,1116.5950014000045
66,54741.6305159,1,-0.9515343604109856,89.14720732267779,283.5019913517935,9.851988235267742,32.39622305043908,6.258852438377278,178.41912461867744,37.35840870640567,201.5703781229353,1134.487578799999
67,54759.4167402,1,-0.8445851884696863,50.13559785586112,263.77826197972763,5.276823942170884,46.07210609249052,6.2469204272887415,36.57955617193623,61.55335360905429,186.75976360723882,1152.2738031000044
68,54775.9067218,1,-0.9370084317247969,100.44942348365912,331.87348323857356,9.697554312564408,27.80486144782526,4.033132721241199,189.34095649581838,62.59268495961117,179.1000321480676,1168.7637847000005
69,54793.5445208,1,-0.7826767187614325,50.2730736748313,276.51333797369045,5.276823942170884,36.24828294130389,6.258250639713227,107.80022766240012,48.650203596701125,181.82620854061548,1186.4015837000043
70,54810.5909454,1,-0.9023289206700726,50.13559785586112,263.1253456086737,6.611906931192166,47.04272642072892,5.09711328158335,30.095407712038686,47.08273048964121,181.82620854061548,1203.4480083000017
71,54828.0613373,1,-0.7531543509790642,51.655891829000545,205.45160073328117,5.484305409137703,35.87335570217938,3.9689452401425824,112.73285400566692,42.39982161938476,154.28238957467653,1220.9184002000038
72,54844.8234842,1,-0.8742251313007545,76.51068161024193,223.50022960482772,9.302310458020587,28.724171121046204,3.8728029986121,34.149829366871984,60.78507388711954,156.85903468910757,1237.6805471000043
73,54862.3949865,1,-0.8640451201715963,98.07028143325711,342.1352471288975,9.695262149346012,18.568625519458916,4.029676185688807,189.04171208755838,62.560980291541654,199.48773223280176,1255.2520494000055
74,54879.3201231,1,-0.8243290944431455,63.28979714132979,204.00345448995597,6.989344962173264,47.64508357356784,3.5335922765442946,103.15460361754464,46.63398069043453,155.99714537564944,1272.1771860000008
75,54896.6764036,1,-0.8436525186912479,98.07028143325711,331.87348323857356,9.697554312564408,18.45992620363102,4.029676185688807,185.90627579850945,62.813136564964935,187.37378765538463,1289.5334665000046
76,54913.8799769,1,-0.8045300567898299,18.030376491872886,283.5019913517935,7.083389902269045,32.39622305043908,6.258852438377278,178.10906439498785,37.35840870640567,201.42771057622107,1306.7370398000057
77,54931.2429791,1,-0.8379688441273694,50.13559785586112,263.77826197972763,5.276823942170884,45.25080403121293,6.2469204272887415,36.57955617193623,61.58505827712381,181.60879616037775,1324.1000420000055
78,54948.6421591,1,-0.8253714330090197,98.07028143325711,330.835330577134,9.697554312564408,18.37833723879111,4.029676185688807,189.3152169883159,71.8015079393255,187.37378765538463,1341.4992220000058
79,54966.0277998,1,-0.8637376274908669,97.23388645808524,342.73733634162016,9.743635780199602,18.568625519458916,4.029676185688807,186.47899464243017,62.560980291541654,199.48773223280176,1358.8848627000043
80,54982.7071101,1,-0.813581590791287,57.63515380427653,263.136065589644,5.429503930675645,39.98322369454487,6.2469204272887415,39.83146975758406,61.58505827712381,181.82620854061548,1375.5641729999988
81,55000.1203023,1,-0.8769739318995424,98.07028143325711,322.146048466339,9.841252362403944,18.568625519458916,4.029676185688807,189.04171208755838,62.560980291541654,199.48773223280176,1392.9773652000003
82,55017.2449217,1,-0.8588891453955332,98.07028143325711,342.1352471288975,9.720101940513116,18.568625519458916,3.6831184930253347,189.04171208755838,65.26267636686413,199.48773223280176,1410.1019846000054
83,55034.7125484,1,-0.8622117955359883,89.46171412828198,342.1352471288975,9.865621754884666,19.881882690379037,6.270135682597817,189.04171208755838,65.76954326531688,199.48773223280176,1427.5696113000013
84,55050.5158641,1,0.7924015213731398,97.75577462704534,283.5019913517935,9.852458633954127,31.082967301304777,4.018392969218876,179.84476917495962,34.149800007255664,201.5703781229353,1443.372927000004
85,55067.6702903,1,-0.9494900883580936,100.44942348365912,331.87348323857356,9.697554312564408,27.80486144782526,4.033132721241199,189.34095649581838,62.560980291541654,187.40207139021268,1460.5273531999992
86,55084.7721785,1,-0.9530572350676128,100.44942348365912,333.29354977599786,9.041750322600624,27.80486144782526,4.033132721241199,31.049487879730094,62.560980291541654,187.51282336582614,1477.6292414000054
87,55102.2226739,1,-0.8472699268035602,50.13559785586112,263.7061084642456,5.262343677807414,47.0407190008592,6.2469204272887415,30.204394602110163,61.55335360905429,181.61068554522612,1495.0797368000058
88,55119.3655071,1,-0.902146664054239,46.996756977642875,263.19749912415574,6.627454709097785,46.07411351235064,4.890045177174896,36.60372119424698,47.08273048964121,186.9752866026252,1512.2225700000054
89,55137.097445,1,-0.9320603323429647,90.60564866153439,329.55233341683896,9.697554312564408,29.318091092377642,3.8643892653285805,187.06757189783704,62.59268495961117,179.1000321480676,1529.9545079000018
90,55154.5816246,1,-0.9035178988463435,96.7289240327026,265.4444810012279,5.78609275399535,45.36985630194746,6.173830628468561,103.50751924057575,47.08273048964121,183.67849168523358,1547.4386875000055
91,55172.1774461,1,-0.9021511230334326,96.7289240327026,222.85141036628815,6.330711812833352,46.81279624130123,6.0050870770904465,103.50751924057575,46.75285812135795,183.67849168523358,1565.0345090000046
92,55189.6494166,1,-0.9157141937030484,76.51068161024193,263.77448072081864,9.302310458020587,28.794815803540907,3.8728029986121,34.149829366871984,61.11494624657531,156.85903468910757,1582.5064794999998
93,55206.8722222,1,-0.9037103733399249,72.17351468826335,318.80037918774167,9.302310458020587,29.253003532329583,3.8728029986121,39.64549964896014,62.508367648667736,156.85903468910757,1599.729285100002
94,55223.3840354,1,0.6972373235223971,99.2406472130126,236.5901767179322,9.697554312564408,17.93109466434681,4.029676185688807,185.15683933493477,66.25188261130764,187.37378765538463,1616.2410983000009
95,55240.2531661,1,-0.84495243899503,98.04705202438507,331.87348323857356,9.729256327114523,18.45992620363102,4.029676185688807,189.3152169883159,62.560980291541654,187.3722079741546,1633.1102290000053
96,55257.6398131,1,-0.9764066244638587,100.47265289253116,333.29354977599786,9.69515950708838,27.80486144782526,4.033132721241199,31.049487879730094,62.560980291541654,187.4036510714427,1650.4968760000047
97,55274.7051339,1,-0.8865360636360903,50.13559785586112,258.59643905543146,6.655996228481587,46.14967470340832,6.2469204272887415,36.33259850839386,60.797971124234415,181.69703619431735,1667.562196800005
98,55292.2031072,1,-0.8635787782621079,50.13559785586112,263.55266398444115,5.234862081617066,46.96515780980302,3.9515298088183,30.462852315723726,69.73406607218355,186.88893595353517,1685.060170100005
99,55309.2679724,1,-0.8340311971247723,51.747897214274204,311.38321057638325,9.697554312564408,27.80486144782526,4.033132721241199,189.34095649581838,47.05641327471149,179.12389198432467,1702.1250352999996
100,55326.6262874,1,-0.9343318072866021,98.83523653888446,263.1253456086737,6.611906931192166,46.899823569204074,6.2469204272887415,105.08948646494633,62.61900215185949,181.80234870435842,1719.4833503000045
101,55343.4966209,1,-0.9395341580992275,100.44942348365912,316.9633452103015,9.698729720751999,27.80486144782526,4.118988866455165,189.34095649581838,62.56268187320355,179.1000321480676,1736.3536838
102,55361.9648587,1,-0.9779644138237624,100.44942348365912,331.80614809266433,9.725686113450905,27.80486144782526,4.033132721241199,31.049487879730094,62.59098337794928,187.40207139021268,1754.8219215999998
103,55378.9263783,1,-0.893215205834145,96.7289240327026,266.41611838612545,5.574066499470525,45.36985630194746,6.173830628468561,103.50751924057575,46.664691676136485,187.38138266630284,1771.783441200001
104,55397.0176106,1,-0.9491107501938166,100.44942348365912,330.9001353085953,9.922669399159854,27.80486144782526,4.033132721241199,189.34095649581838,62.560980291541654,183.69918040914337,1789.8746735000022
105,55413.7192763,1,-0.6302292560166435,89.14720732267779,263.50324039507365,9.851988235267742,47.50603259279593,6.258852438377278,178.41912461867744,37.12606914888981,201.5703781229353,1806.5763392000008
106,55431.4036312,1,-0.8573252172342317,96.7289240327026,283.1240965655336,6.330711812833352,31.761819211970895,6.0050870770904465,103.50751924057575,47.315070047176114,183.67849168523358,1824.260694100005
107,55448.3213167,1,-0.8187109541685665,100.44942348365912,341.9731756575393,6.69515499722793,27.80486144782526,4.033132721241199,185.17041954382282,56.49321836058596,181.44800024438234,1841.1783796000018
108,55464.6552025,1,0.925815823964369,98.83523653888446,252.93218635855837,9.61433164123782,43.84940630841609,6.2469204272887415,109.11235189003203,62.62042745746525,187.75641985016276,1857.5122654000006
109,55481.5434614,1,-0.8980721211688606,50.13559785586112,263.1253456086737,6.470905801948155,45.600236644897834,5.09711328158335,30.095407712038686,47.08273048964121,188.5242833811323,1874.4005242999992
110,55498.7512556,1,-0.9573863996343213,100.44942348365912,331.87348323857356,9.838679542200241,30.4161391750609,4.033132721241199,189.34095649581838,62.560980291541654,180.70399654930276,1891.6083185000025
111,55515.1877111,1,0.9416549118509756,96.90182421928299,263.1253456086737,10.080777157594726,46.899823569204074,4.136251632184119,103.50751924057575,47.08273048964121,183.5246030737257,1908.0447740000018
112,55532.3191479,1,-0.6834815263478345,100.2997527059506,333.29354977599786,5.947908300754092,22.911047732891532,5.9019681731864,31.049487879730094,62.560980291541654,187.4036510714427,1925.176210800004
113,55549.3046367,1,-0.9764054012535202,100.47265289253116,333.29354977599786,9.69515950708838,27.80486144782526,4.033132721241199,31.049487879730094,62.560980291541654,187.40372802576496,1942.1616996000012
114,55565.623767,1,0.7890373844088454,100.44942348365912,331.87348323857356,10.878899098822682,27.80486144782526,4.173700148499899,189.34095649581838,62.560980291541654,187.4019944358904,1958.4808298999997
115,55582.5929368,1,-0.9342770429295033,88.63579507878163,282.55149676979715,9.726861521638494,27.80486144782526,4.033132721241199,173.2513866247476,62.560980291541654,187.40207139021268,1975.449999700002
116,55600.4422212,1,-1.0099309384976134,100.96083564303422,335.02088891073413,9.851988235267742,32.39622305043908,6.258852438377278,39.43115442208624,37.35840870640567,201.5703781229353,1993.2992841000014
117,55617.209725,1,-0.8451791871115967,98.62637285390096,263.1253456086737,6.611906931192166,30.11705172017046,6.2469204272887415,104.22869544980973,71.9770364275241,187.474756146538,2010.066787900003
118,55635.4928295,1,-0.8215171137880761,100.6582871686426,333.29354977599786,9.041750322600624,46.88864556688367,4.033132721241199,33.38583989005849,62.46770001054866,181.84041592364193,2028.3498924000014
119,55652.6287206,1,-0.9380663933599094,90.34461408971187,329.55233341683896,9.57254780853994,29.04241760259052,3.8643892653285805,191.70584802033176,62.561645743704105,187.40576438537363,2045.4857835000003
120,55670.3422131,1,-0.9545241223852848,100.71045804249654,333.29354977599786,9.041750322600624,28.080534937612384,4.271801320572333,31.632464884950537,62.592019507448725,179.20709112826717,2063.1992759999994
121,55687.9648328,1,-0.9571662836794312,100.44942348365912,331.8388229795792,9.697554312564408,29.00586743661651,4.033132721241199,189.34095649581838,62.560980291541654,187.40207139021268,2080.821895699999
122,55705.2166556,1,-0.9806911256870473,102.61495652748579,333.3282100349922,9.726861521638494,27.80486144782526,4.033132721241199,31.049487879730094,62.560980291541654,187.40207139021268,2098.0737185000035
123,55722.9343682,1,-0.965642837654616,100.44879699147221,333.29354977599786,9.380177541299103,27.80486144782526,4.033132721241199,31.049487879730094,62.560980291541654,187.4036510714427,2115.791431100006
124,55739.9045707,1,-0.977179019654557,100.47327938471805,333.29354977599786,9.726861521638494,27.80486144782526,3.9907822076586252,31.049487879730094,62.560980291541654,187.40207139021268,2132.761633599999
125,55757.609661,1,-0.9573863996343213,100.44942348365912,331.87348323857356,9.838679542200241,30.4161391750609,4.033132721241199,189.34095649581838,62.560980291541654,180.70399654930276,2150.4667239000046
126,55773.6036281,1,0.9875920063255016,103.99305480048397,317.614884651934,9.725686113450905,27.80486144782526,4.033132721241199,30.673828859337803,62.59098337794928,187.40207139021268,2166.460691
127,55791.425212,1,-0.9673066756612969,100.44942348365912,328.964013672531,9.843569416163321,30.583961602985234,4.033132721241199,189.34095649581838,62.560980291541654,187.41090535102268,2184.2822749000043
128,55809.3947069,1,-0.9691658957570451,100.44942348365912,331.8073323895034,9.720796239487823,27.637039019900904,3.51662723459242,31.049487879730094,62.59098337794928,180.24963572533895,2202.251769800001
129,55827.1150893,1,-0.9568001032013057,100.38211093040769,332.753616643111,9.847175232940545,29.048422521848124,3.8751901722614073,195.94508268521662,62.561645743704105,187.40576438537363,2219.9721522000036
130,55844.3555554,1,-0.948317883457894,90.43515604545159,333.29354977599786,9.409789784947863,27.798856528567654,4.022331814308372,31.21887336067705,62.560980291541654,188.38248035825796,2237.2126183
131,55861.6511994,1,-0.955248271940184,100.44942348365912,331.87348323857356,9.92276052686791,27.80486144782526,4.319605359621748,189.34095649581838,62.53111146272047,187.40207139021268,2254.5082623000053
132,55877.6499669,1,0.8023900892114085,104.05555212036586,330.9001353085953,9.697463184856355,27.80486144782526,4.033132721241199,189.34095649581838,81.22953235460918,183.69918040914337,2270.507029799999
133,55894.3125364,1,0.7710438105390915,100.96083564303422,285.95077803908634,9.034308278138052,32.39622305043908,6.258852438377278,185.8026891384435,37.35840870640567,201.5703781229353,2287.169599300003
134,55911.4743706,1,-0.9876101750798811,89.14720732267779,336.50832438261705,9.851988235267742,32.39622305043908,6.258852438377278,34.870390208444874,37.35840870640567,201.5703781229353,2304.331433500003
135,55928.9186872,1,-0.9515343604109856,89.14720732267779,283.5019913517935,9.851988235267742,32.39622305043908,6.258852438377278,178.41912461867744,37.35840870640567,201.5703781229353,2321.7757501000015
136,55946.0096858,1,-0.9619110924357249,100.71045804249654,333.29354977599786,9.041750322600624,28.780820777008785,4.271801320572333,31.632464884950537,62.592019507448725,179.20709112826717,2338.8667487000057
137,55963.0226423,1,-0.9717416102093003,100.44942348365912,331.87348323857356,9.697544528283343,27.80486144782526,4.033132721241199,46.748865903292526,62.56438625052248,179.1514753049319,2355.879705200001
138,55979.7920276,1,-0.9505976841950764,100.47265289253116,333.29354977599786,9.695169291369448,27.80486144782526,4.033132721241199,182.6165553618228,62.58927900063035,187.35228486868724,2372.649090500003
139,55997.842787,1,-0.9920281395172638,101.00907954646772,331.32701705979014,9.362079255092066,32.39622305043908,6.247878460267724,39.43115442208624,80.07572748007027,178.066475572252,2390.6998499000038
140,56014.6872616,1,-0.9488194564540142,98.78699263545096,266.81481251415755,6.666474609292994,46.899823569204074,6.70608135335485,105.08948646494633,41.350321908892994,205.26024211021937,2407.5443244999988
141,56031.0934908,1,1.002476605811882,100.68743336381584,331.79036180505534,11.680841723178556,27.735789402149095,4.276070894139714,31.632464884950537,62.592055300792104,187.9411804161002,2423.9505537000005
142,56048.1407428,1,-0.959348533657914,100.47244816233982,336.2483571033309,9.03811677983087,28.84989282268495,4.0288631476738175,31.049487879730094,62.59094758460589,178.66798210092537,2440.9978057000044
143,56065.6605407,1,-0.9791634595067288,102.71010209812772,333.3282100349922,9.726861521638494,27.643717765190488,4.033132721241199,31.049487879730094,62.560980291541654,187.4054408916229,2458.517603600005
144,56083.3674673,1,-0.9707675107822166,100.35427791301719,331.8073323895034,9.720796239487823,27.798182702535676,3.51662723459242,30.360376300820068,62.59098337794928,180.24626622388033,2476.224530200001
145,56101.1767679,1,-1.0044576464674506,101.00907954646772,331.32701705979014,9.362079255092066,34.01690196269869,4.060455645640366,39.77405840393039,63.119617796148646,178.066475572252,2494.033830799999
146,56118.4312485,1,-0.93134418194609,100.44942348365912,331.87348323857356,9.838679542200241,32.47306701624475,6.2205555562290895,189.34095649581838,79.51700046086619,180.70399654930276,2511.2883113999997
147,56136.1567542,1,-0.9773941197314346,100.44942348365912,333.29354977599786,9.726861521638494,27.80486144782526,4.033132721241199,31.049487879730094,62.560980291541654,187.40207139021268,2529.0138171
148,56153.1737162,1,-0.9483261881683224,100.47327938471805,333.29354977599786,9.726861521638494,25.2157664140828,3.9907822076586252,31.049487879730094,62.84292637746703,187.40207139021268,2546.0307791000014
149,56170.4557224,1,-0.9874836136832867,89.30915244516127,336.50832438261705,9.724572184246295,32.39622305043908,6.306288465018593,34.870390208444874,37.35840870640567,201.5703781229353,2563.312785300004
150,56187.5271055,1,-0.9841003780345605,102.45301116498135,333.3282100349922,9.850953003276933,27.80486144782526,3.9856967436097634,31.049487879730094,62.560980291541654,187.40207139021268,2580.3841684
151,56204.5283949,1,-0.9830139585700164,100.45944456441433,335.55263064551536,9.843569416163321,32.094479353262535,4.033132721241199,189.34095649581838,37.67947792357576,200.98427662383503,2597.3854578000028
152,56222.0519238,1,-0.9966530745186237,100.95081456227902,335.02088891073413,9.851988235267742,30.327229711701083,6.258852438377278,39.43115442208624,61.75820714168216,179.7880233803829,2614.9089867000002
153,56239.2787158,1,-0.9655050468607796,100.44936733765579,331.916910416737,9.695983567101727,27.80486144782526,6.197197931031007,46.748865903292526,62.56438625052248,178.4233540126828,2632.1357787000015
154,56256.2412309,1,0.9851994332840713,105.42780979486267,334.97746173257065,9.853549196449357,32.39622305043908,4.0947872490918344,39.43115442208624,37.35840870640567,202.29510078810404,2649.0982938000016
155,56274.3130732,1,-0.9533522342074245,89.01169325704079,333.29354977599786,9.845619901920305,27.42662736430567,3.751650871207209,31.049487879730094,62.560980291541654,187.4036510714427,2667.1701361000014
156,56292.3009092,1,-1.0028000262198116,100.60816692703834,336.50832438261705,10.161600848138226,32.39622305043908,6.5403349110072,34.870390208444874,36.424632961515634,201.5703781229353,2685.1579721000016
157,56309.5191525,1,-0.9693957188213917,100.44942348365912,328.96451448250326,9.843569416163321,30.78528418122228,4.963564449107853,189.34095649581838,62.560980291541654,187.40967104235716,2702.3762153999996
158,56327.2586756,1,-0.9675038260602326,100.44942348365912,333.2930489660255,9.726861521638494,26.87202556172657,4.033132721241199,31.049487879730094,62.560980291541654,187.40330569887823,2720.115738500004
159,56345.1304789,1,-0.9918264643932437,101.00907954646772,331.8115355131425,9.362079255092066,32.39622305043908,6.247878460267724,39.43115442208624,80.07572748007027,178.066475572252,2737.987541800001
160,56363.2370054,1,-0.9573204542315245,100.44942348365912,331.35430452622694,9.697554312564408,29.00586743661651,4.033132721241199,189.34095649581838,62.560980291541654,187.40207139021268,2756.094068300001
161,56380.7122292,1,-0.9913705045395769,101.00907954646772,331.32701705979014,9.335962086258213,32.39622305043908,6.24862365935512,39.43115442208624,80.07572748007027,178.066475572252,2773.569292100001
162,56397.2963566,1,0.9836520859339372,104.20403715772919,335.02088891073413,9.878105404101596,28.112497114348866,6.258107239289883,39.43115442208624,61.75820714168216,179.7880233803829,2790.153419500006
163,56415.0587809,1,-0.970013622023713,87.83913384769131,335.4717677564278,9.851988235267742,34.29501994111491,6.258852438377278,40.12338026422589,60.90602186740903,196.07527565718925,2807.9158438000013
164,56432.9667786,1,-1.0012386964560633,102.25888731103105,336.4346228774798,9.851988235267742,30.327229711701083,6.258852438377278,34.17818121017497,38.21059311332053,179.7880233803829,2825.8238415000014
165,56450.0821441,1,-0.9791634595067288,102.71010209812772,333.3282100349922,9.726861521638494,27.643717765190488,4.033132721241199,31.049487879730094,62.560980291541654,187.4054408916229,2842.939207000003
166,56469.1360542,1,-0.9656951084503679,80.44096221246102,336.50832438261705,9.851988235267742,32.39622305043908,6.258852438377278,34.870390208444874,37.35840870640567,201.5703781229353,2861.993117099999
167,56486.5064107,1,-0.9966974895611629,101.00907954646772,331.32701705979014,9.723822343631166,32.39622305043908,6.360493408507295,39.3378032503408,80.07572748007027,178.066475572252,2879.363473600002
168,56504.5837724,1,-0.9889942697821504,102.71010209812772,333.3282100349922,9.365118433099394,29.947007854743465,3.9205178834806356,31.159096796855817,62.560980291541654,187.4054408916229,2897.4408353000035
169,56521.9529232,1,-1.0022808381185797,100.6246098567698,334.98774318865776,9.874194850548408,30.343424539576397,6.539592301510205,39.82925830716887,36.424632961515634,201.5703781229353,2914.809986100001
170,56539.4058588,1,-1.0059594195424693,100.94439271330275,336.5414701046934,10.13939423285756,32.39622305043908,6.2595950478742735,34.47229086000817,37.35840870640567,201.5703781229353,2932.2629216999994
171,56557.2292974,1,-0.9649467192720949,89.30915244516127,306.7643959631592,9.726305401597093,27.981243816134505,5.870089432096776,34.870390208444874,38.266181273764595,201.5703781229353,2950.0863603000034
172,56573.5997161,1,0.9988960892138044,104.92449380686028,333.29354977599786,9.693426289737582,32.21984068212556,4.469331769914241,31.049487879730094,61.6532062694412,197.78453578172957,2966.456779
173,56591.2582568,1,-0.9161857366869343,101.00907954646772,331.8115355131425,7.63414592595387,32.39622305043908,6.316067105326038,39.43115442208624,80.07572748007027,178.066475572252,2984.115319700002
174,56608.4769555,1,-0.9841003780345605,102.45301116498135,333.3282100349922,9.850953003276933,27.80486144782526,3.9856967436097634,31.049487879730094,62.560980291541654,187.40207139021268,3001.3340184000044
175,56626.0708838,1,-1.0027482841297513,100.60816692703834,335.0358686258697,10.161600848138226,32.39622305043908,6.593256610190908,34.870390208444874,36.424632961515634,201.5703781229353,3018.9279467000015
176,56642.8143577,1,-1.011780794671649,100.96083564303422,336.4933446674815,9.851988235267742,32.39622305043908,5.89538802150015,39.43115442208624,37.35840870640567,201.5703781229353,3035.6714206000033
177,56660.4852605,1,-0.999045225464599,100.50018426783414,333.29354977599786,8.868237043978036,34.19745246225257,4.033132721241199,31.049487879730094,62.560980291541654,177.9428915955187,3053.3423234
178,56677.2794554,1,-0.9640767278218182,100.9583187622927,331.32701705979014,9.362079255092066,27.624310947440154,4.060455645640366,39.77405840393039,63.119617796148646,187.52565536578254,3070.1365183000016
179,56694.5574773,1,-0.9966755025251827,100.82794819876744,333.3282100349922,9.887574494850108,33.915450540031024,4.062337689428185,30.559569177667758,62.57387690645587,177.84744795305238,3087.4145401999995
180,56711.7599131,1,-0.9057606174402808,83.99067052245317,331.32701705979014,8.803857131750474,27.90631287021391,3.325316635665848,40.402816731497886,63.10672118123443,187.62109900776557,3104.616976000005
181,56729.1212596,1,-0.9908871104776686,100.94756649818949,331.32701705979014,9.372551498591811,32.39622305043908,6.259060522816033,39.43115442208624,79.5774660875357,174.3401206011437,3121.978322499999
182,56745.9883329,1,-0.9941260702259083,101.01232761055725,335.02088891073413,9.841515991768,30.327229711701083,6.24767037582897,39.43115442208624,62.256346005164374,173.97339422486309,3138.8453958000027
183,56763.1808092,1,-1.006683057151364,100.60816692703834,335.01499880310644,9.858992110489808,32.39622305043908,6.593256610190908,39.361682779821805,36.424632961515634,201.5703781229353,3156.0378721000016
184,56780.0767601,1,-0.9867118328486576,89.14720732267779,336.52919420538024,9.854166653343551,32.39622305043908,6.258852438377278,34.870390208444874,32.75047674041173,201.5703781229353,3172.9338229999994
185,56797.4331818,1,-1.0031136110106857,100.60816692703834,335.06236229248435,10.161600848138226,32.39622305043908,6.54167519424091,34.870390208444874,36.424632961515634,201.5703781229353,3190.2902447000015
186,56814.6613677,1,-0.9222972679046291,100.60816692703834,336.4818307160023,10.161600848138226,37.226897294561965,6.591916326957198,34.870390208444874,36.424632961515634,201.5703781229353,3207.518430600001
187,56833.1871696,1,-1.0046031802963038,100.6246098567698,334.98774318865776,9.87345999034377,30.73821949769636,6.539592301510205,39.43421976296247,36.424632961515634,201.5703781229353,3226.044232500004
188,56849.7871801,1,0.9869374542766493,105.35776770501502,336.4933446674815,9.85272309547238,32.42333666616262,5.89538802150015,39.82619296629264,37.35840870640567,201.77414153629837,3242.6442430000025
189,56867.1054665,1,-0.9945527693860021,101.00907954646772,331.32701705979014,9.722757597890965,32.39622305043908,6.360493408507295,39.353342487711046,80.39684263148364,172.61588851262476,3259.9625293999998
190,56884.6410222,1,-0.9921442753550224,99.80413120442658,331.32701705979014,9.363144000832268,35.626733307851985,4.060455645640366,39.75851916656015,62.798343035108175,178.066475572252,3277.4980851
191,56902.2576612,1,-1.0050600208668667,101.00907954646772,331.32701705979014,9.362079255092066,34.01690196269869,4.156082698865692,39.77405840393039,63.119617796148646,178.066475572252,3295.1147241
192,56919.1266474,1,-1.0081300580631047,100.94439271330275,336.5414701046934,9.755441713390807,32.39622305043908,6.2595950478742735,34.47229086000817,28.571173079906366,201.5703781229353,3311.9837103000027
193,56936.6692639,1,-0.9892933857997492,100.9780649389713,335.02088891073413,9.851988235267742,34.25501349177912,6.356257340301934,39.43115442208624,37.88481967946586,177.33186854067458,3329.5263268000053
194,56954.4700479,1,-0.9927603612135594,100.48295497189704,333.29354977599786,8.868237043978036,32.33866202091253,3.9357279145346684,31.049487879730094,62.03456781629631,202.17766067833026,3347.3271108000044
195,56975.9329915,1,-0.991437506292519,101.00907954646772,331.32701705979014,9.34254896758041,32.39622305043908,6.258970444095673,39.43115442208624,80.07572748007027,178.066475572252,3368.7900544000004
196,56993.1009642,1,-1.011212423154618,100.96083564303422,335.02088891073413,9.871518522779402,32.39622305043908,6.04312070092776,39.43115442208624,37.35840870640567,201.5703781229353,3385.9580271000013
197,57010.2508903,1,-1.0099312624074215,100.96015249569737,336.5414701046934,9.86015670913958,32.39622305043908,6.2595950478742735,34.47229086000817,37.35840870640567,201.5703781229353,3403.1079532000003
198,57027.8461899,1,-1.0076964446905767,100.9450758606396,336.4933446674815,10.131225758985721,32.39622305043908,5.89538802150015,39.43115442208624,37.35840870640567,201.72084407220865,3420.7032528000054
199,57044.9456461,1,-0.9864257778567044,101.00907954646772,331.8115355131425,9.217518083988608,32.39622305043908,6.247878460267724,39.43115442208624,80.07572748007027,174.50016106776917,3437.8027090000032
200,57062.297177,1,-1.0028000262198116,100.60816692703834,336.50832438261705,10.161600848138226,32.39622305043908,6.5403349110072,34.870390208444874,36.424632961515634,201.5703781229353,3455.1542399000027
201,57079.6147967,1,-1.0094162432012064,100.96083564303422,336.4470310832589,9.858539455876608,32.39622305043908,6.258852438377278,39.43115442208624,37.35840870640567,201.7157747349704,3472.471859600002
202,57096.2636196,1,0.9930750203524009,100.9450758606396,335.0672024949568,10.728099959395319,32.39622305043908,5.89538802150015,40.738653870137895,37.35840870640567,201.57544746017356,3489.1206825000045
203,57113.802223,1,-0.9925103645928273,100.50018426783414,344.7828369681865,8.888152545564719,34.19745246225257,4.033132721241199,31.508579637698954,62.560980291541654,177.39035871816606,3506.659285900001
204,57131.4383397,1,-1.0068502801026875,100.60816692703834,335.01499880310644,9.839076608903998,32.39622305043908,6.593256610190908,38.91704337883075,36.424632961515634,201.5703781229353,3524.2954026000007
205,57148.4819477,1,-1.011780794671649,100.96083564303422,336.4933446674815,9.851988235267742,32.39622305043908,5.89538802150015,39.43115442208624,37.35840870640567,201.5703781229353,3541.3390106000006
206,57166.233466,1,-1.0029839559514686,100.60816692703834,336.50832438261705,10.161600848138226,32.39622305043908,6.5403349110072,33.57913918733927,36.424632961515634,201.5703781229353,3559.0905289
207,57183.754768,1,-1.00925786217352,100.96083564303422,335.02088891073413,9.871518522779402,32.39622305043908,6.337674203991953,39.43115442208624,37.35840870640567,201.5703781229353,3576.611830900001
208,57201.5235514,1,-1.0024971647613532,97.640763096703,336.5414701046934,9.707871643816647,32.39622305043908,6.2595950478742735,34.47229086000817,28.571173079906366,201.5703781229353,3594.380614300004
209,57218.1072303,1,-1.0073988055346301,100.96083564303422,335.02088891073413,9.870569360546295,32.39622305043908,6.5827067233512535,39.43234084664978,37.35840870640567,201.5703781229353,3610.964293199999
210,57235.5153228,1,-1.0134373317682164,102.57329766731152,335.01499880310644,9.859941272722917,32.39622305043908,6.053670587767409,39.36049635525826,36.424632961515634,201.5703781229353,3628.3723857000005
211,57252.523241,1,-1.01134088494536,100.96083564303422,334.8784326637829,9.851988235267742,32.39622305043908,5.89538802150015,39.43115442208624,31.178520856556656,203.70583293983347,3645.380303900005
212,57269.3482538,1,0.9867804570824119,108.35521946949952,334.97257954628896,9.851988235267742,32.39622305043908,6.258852438377278,39.43115442208624,37.35840870640567,201.5703781229353,3662.205316700005
213,57286.4123894,1,-0.9960562155876342,94.01229296248918,334.98210062671717,10.166385053994645,30.70772859525404,6.539592301510205,40.152161665332315,34.91093709660174,201.5703781229353,3679.2694523000027
214,57304.1863476,1,-1.0047234357461852,98.83567307191468,335.0680048544249,9.868675784487351,32.4267139528814,6.54167519424091,34.152467101088995,36.424632961515634,201.5703781229353,3697.043410500002
215,57321.5512796,1,-1.0059594195424693,100.94439271330275,336.5414701046934,10.13939423285756,32.39622305043908,6.2595950478742735,34.47229086000817,37.35840870640567,201.5703781229353,3714.408342499999
216,57338.798553,1,-1.005904970772722,100.96015249569737,336.5414701046934,9.86015670913958,32.606439474511134,6.6927160243360655,34.47229086000817,37.35840870640567,201.5703781229353,3731.655615900003
217,57355.8473473,1,-1.009981419973755,100.95922906082923,336.5414701046934,9.755441713390807,32.39622305043908,6.2595950478742735,34.47229086000817,36.81089623825544,201.5703781229353,3748.7044102
218,57373.0887786,1,-1.0077036092128815,100.94531614817087,336.5414701046934,9.934456292479025,32.39622305043908,6.2595950478742735,34.47229086000817,29.11868554809772,201.5703781229353,3765.9458415000045
219,57390.0227258,1,-0.9821217496425028,101.00907954646772,332.02577074452097,10.099784478852332,34.01690196269869,6.612587521201045,34.84544586666944,40.99182149541513,178.066475572252,3782.8797887000037
220,57407.1806506,1,-1.0009100867291187,95.46847990157895,335.8095706978854,9.423895624377982,32.39622305043908,3.9882031516292322,39.56431294434316,58.55242732679764,201.5703781229353,3800.0377135000017
221,57424.3439625,1,-1.0095764032924566,100.94439271330275,336.4901068019486,9.755441713390807,32.39622305043908,6.2595950478742735,40.007605949763004,38.047957738549705,201.5703781229353,3817.201025400005
222,57441.9673916,1,-0.99973065914732,100.96083564303422,336.54470797022634,9.193567080435473,32.39622305043908,5.89538802150015,39.45892600029071,27.881624048248277,201.5703781229353,3834.8244545000052
223,57459.4456032,1,-1.0106927598370088,100.96083564303422,334.9250548273637,9.851988235267742,32.39622305043908,5.89538802150015,39.43125045282763,37.8868071920393,192.89477750088776,3852.302666100004
224,57476.2804675,1,-1.00077902473708,100.96083564303422,336.589178750852,9.870569360546295,29.889117762733772,6.250446297393928,39.43224481590838,37.35840870640567,201.5703781229353,3869.137530400003
225,57494.207195,1,-1.0060675484632147,100.96083564303422,336.4933446674815,9.851988235267742,32.39622305043908,6.636862598906359,39.43115442208624,37.35840870640567,198.63288081589315,3887.064257900005
226,57511.9285338,1,-1.0125199247300756,100.96083564303422,335.02088891073413,9.870569360546295,32.39622305043908,5.841232145944457,39.43234084664978,37.35840870640567,201.5703781229353,3904.7855966999996
227,57529.6735275,1,-1.0090511931723354,100.94531614817087,336.5414701046934,9.934456292479025,32.39622305043908,6.0489062455399605,34.47229086000817,29.11868554809772,201.5703781229353,3922.530590400005
228,57546.9499335,1,-1.0098767446351815,100.96083564303422,335.02088891073413,9.871518522779402,32.39622305043908,6.253809503262072,39.43115442208624,37.35840870640567,201.5703781229353,3939.8069964000024
229,57564.6230906,1,-1.0149736952627595,102.57329766731152,335.01499880310644,9.859941272722917,31.92745984130567,6.056768064459829,34.27380629417167,36.340839292943585,201.5703781229353,3957.4801535000006
230,57581.9402237,1,-1.0093869442008052,100.96015249569737,336.5414701046934,9.86015670913958,32.39622305043908,6.256497571181853,39.55898571750985,37.442202374977725,201.5703781229353,3974.7972866000055
231,57599.7289325,1,-1.0106144160475663,100.96083564303422,334.87961301544243,9.851988235267742,32.39622305043908,6.014870121433887,39.43115442208624,31.16483496021244,204.33238933649437,3992.5859954000043
232,57616.7534863,1,-1.0091516835576482,100.96083564303422,335.01970855907456,9.871518522779402,32.39622305043908,6.337674203991953,39.43115442208624,37.37209460275038,200.94382171154444,4009.610549199999
233,57634.8106727,1,-1.0115172062315636,100.96083564303422,334.8028380431791,9.750587778761712,32.39622305043908,5.89538802150015,39.35114713916734,31.178520856556656,203.5598904114701,4027.6677356
234,57651.5630274,1,-1.0074831397553363,100.95922906082923,336.61706472529715,9.856842169896836,32.39622305043908,6.5802375676899105,34.55229943874082,36.81089623825544,201.71632065127363,4044.420090300002
235,57669.0925009,1,-1.0101370663252893,100.9085503624285,336.5075477687077,9.859113947374512,32.39622305043908,6.1318314789508435,39.36061600276521,37.35840870640567,201.5703781229353,4061.9495638000008
236,57686.2875987,1,-1.013531827315736,102.62558294791724,335.0007957018803,9.852815560616149,32.39622305043908,6.055240428463395,39.43103477457929,36.424632961515634,201.5703781229353,4079.144661600003
237,57703.6426768,1,-1.011771339422284,100.9450758606396,336.4933446674815,9.849178902016975,32.39622305043908,5.89538802150015,39.43115442208624,37.35840870640567,201.72084407220865,4096.499739700004
238,57720.7944929,1,-0.9978354050142251,100.96083564303422,335.02088891073413,9.106006090269721,32.39622305043908,6.258852438377278,39.43115442208624,37.35840870640567,201.5703781229353,4113.651555800003
239,57738.5129124,1,-1.012439918697164,100.94555043878576,336.4938293243425,9.75774726001013,32.39622305043908,5.89931092990573,34.47229086000817,37.68203375277375,201.5703781229353,4131.369975300004
240,57755.4074623,1,-1.0076798252403325,100.95875448268309,336.54098544783244,10.1289202123664,32.39622305043908,5.901702805048069,39.43115442208624,37.35840870640567,201.72084407220865,4148.2645252
241,57772.2605967,1,0.9910195231569289,102.62558294791724,335.0007957018803,10.207285903748653,32.39622305043908,6.055240428463395,39.43103477457929,36.424632961515634,201.5703781229353,4165.1176596000005
242,57789.248019,1,-1.012838624301161,100.96083564303422,326.08155389631713,9.871518522779402,32.39622305043908,6.04312070092776,39.43115442208624,37.35840870640567,201.5703781229353,4182.105081900001
243,57806.9662976,1,-1.008674101810206,102.60833064369722,351.3757832372944,9.750424950898251,32.39622305043908,4.991590195470402,39.43103477457929,31.00043949418962,201.49527754663828,4199.823360500006
244,57824.1574661,1,-0.9823026345660953,93.77976237812453,330.1349226079289,10.54795102014371,32.39622305043908,6.0644261782900575,39.35114713916734,36.60271432388291,203.0185774841757,4217.014529
245,57841.3018823,1,-1.0101603674437172,100.9135045434502,336.5075477687077,9.859113947374512,32.39622305043908,6.133518872679764,39.36061600276521,37.35840870640567,201.5703781229353,4234.158945200004
246,57858.4265343,1,-1.0136240896097592,102.56834348628983,335.01499880310644,9.859941272722917,32.39622305043908,6.05198319403849,39.36049635525826,37.33610386588223,201.5703781229353,4251.283597200003
247,57875.6785447,1,-1.0125264693713778,100.96083564303422,334.8784326637829,9.851988235267742,32.39622305043908,5.89538802150015,40.74209331393245,37.278431985858894,203.70583293983347,4268.535607600003
248,57893.360057,1,-1.0086260480943419,100.96083564303422,335.02088891073413,9.851988235267742,32.39622305043908,6.258852438377278,39.43115442208624,31.258497577103867,201.5703781229353,4286.2171199
249,57910.2795606,1,-1.0123064234490429,101.21578737232866,336.4933446674815,9.791403671204087,32.39622305043908,5.89538802150015,39.43115442208624,37.35840870640567,201.5703781229353,4303.136623500002
250,57927.6575723,1,-1.0100120784089828,100.9450758606396,336.4933446674815,9.33516261251703,32.39622305043908,5.078883284786016,39.43115442208624,37.35840870640567,201.72084407220865,4320.514635200001
251,57944.5456098,1,-1.0117255851954696,100.96014566576322,336.54091293845437,9.860070700305673,32.39622305043908,5.89538802150015,39.382327618119405,37.35840870640567,201.5703781229353,4337.402672700002
252,57963.3839396,1,-1.009977792225111,100.96084247296837,336.4939018337206,9.852074244101647,32.39622305043908,6.2595950478742735,34.52111897662782,37.35840870640567,201.5703781229353,4356.241002499999
253,57980.4908744,1,-1.015788337826428,102.57329766731152,335.01499880310644,9.854453924014676,32.379546764488936,5.8366498524937604,34.27380629417167,36.340839292943585,203.61532440500113,4373.347937300001
254,57997.1769882,1,0.9831842979268013,116.97368322300036,334.8028380431791,9.756075127469954,31.558601993173554,6.079658840112227,39.35114713916734,31.178520856556656,201.53204828692103,4390.034051100003
255,58014.6458853,1,-0.9966821628218974,93.19888120696208,335.02088891073413,9.870569360546295,32.39622305043908,6.203371123406452,39.43234084664978,37.35840870640567,201.5703781229353,4407.502948200003
256,58032.3516778,1,-1.0083499574470063,100.96083564303422,334.9250548273637,9.851988235267742,32.39622305043908,6.288591091336396,39.43125045282763,39.60367300261786,192.89477750088776,4425.2087407
257,58049.5664553,1,-1.0114684529846218,100.96215187846671,336.8997427873254,9.870569360546295,32.39622305043908,5.899919104168428,39.43234084664978,37.35840870640567,201.5703781229353,4442.423518200005
258,58067.1997313,1,-1.0082134238510743,100.94423420335325,334.61497544775125,9.75774726001013,33.6240731186719,5.840623971681759,34.47229086000817,49.66629654690423,201.5703781229353,4460.056794200005
259,58084.9756847,1,-0.9983890694926739,102.60401525303148,335.1339972666285,9.859941272722917,29.107659739609353,5.909204566855171,37.807204107406875,36.2055352934034,201.57449401878486,4477.832747600005
260,58103.1312069,1,-1.0119755019730614,100.91435827491965,336.3743462039595,9.849178902016975,32.39622305043908,5.89538802150015,38.049150072797524,37.49371270594585,201.7167281763591,4495.9882698
261,58119.9250127,1,-1.0122115876457756,100.96083564303422,336.4933446674815,9.851988235267742,32.39622305043908,5.89538802150015,39.43115442208624,40.937608645609046,201.5703781229353,4512.7820756
262,58137.4828378,1,-1.0108885757639112,100.96083564303422,334.8028380431791,9.750587778761712,32.39622305043908,5.89538802150015,43.62665024348982,31.178520856556656,203.5598904114701,4530.339900700004
263,58154.6764717,1,-0.9859298296362521,100.95501960820368,336.4933446674815,9.754736234471366,28.554049744497945,5.89538802150015,39.43115442208624,33.22148718585181,201.5703781229353,4547.533534599999
264,58171.1143047,1,0.9913364609440883,113.30505842822656,336.4938293243425,9.794414696742848,32.39622305043908,5.89931092990573,36.594387440157014,29.923732627410352,201.5703781229353,4563.971367600003
265,58190.3460501,1,-0.9830438470735724,86.45188518102773,335.0007957018803,9.852815560616149,32.39622305043908,6.051084366753138,39.43103477457929,36.49047936642495,201.5703781229353,4583.203113000003
266,58208.9670943,1,-1.0142824348045345,102.60995308373246,336.64068770624385,9.791403671204087,32.39622305043908,5.899544083210407,39.43115442208624,37.35840870640567,201.5703781229353,4601.824157200004
267,58226.385871,1,-1.0122250338400935,100.96083564303422,335.25250563938306,9.852267928927702,32.39622305043908,5.89538802150015,39.43115442208624,37.35840870640567,201.5703781229353,4619.242933900001
268,58243.4855873,1,-1.0121011455936215,102.57329766731152,336.25583783120493,9.859661579062958,31.02561128908909,6.056768064459829,34.27380629417167,36.340839292943585,201.5703781229353,4636.3426502
269,58261.2379801,1,-1.0161289033291234,102.57329766731152,334.8705471480802,9.859941272722917,31.90344109818188,5.903368724783705,34.27380629417167,37.280847715858926,201.5703781229353,4654.095043000001
270,58278.5029311,1,-1.0112403001184034,100.96083564303422,335.0228843188091,9.851988235267742,32.42024179356287,6.048787361176275,40.74209331393245,36.33842356294355,203.70583293983347,4671.359994000006
271,58296.0129397,1,-1.0109485332838593,100.96083564303422,335.3905012647442,9.859413464931144,32.39622305043908,6.053471402436027,39.43115442208624,36.468140168297545,201.5703781229353,4688.870002600001
272,58313.5354572,1,-1.008718158151509,98.15366908518152,325.7060514338497,9.873934579850335,32.39622305043908,6.043319886259142,39.36049635525826,37.314901499623765,201.5703781229353,4706.392520100002
273,58335.1899627,1,-1.0134373317682164,102.57329766731152,335.01499880310644,9.859941272722917,32.39622305043908,6.053670587767409,39.36049635525826,36.424632961515634,201.5703781229353,4728.047025600004
274,58353.5087807,1,-1.0136488377296515,102.56834348628983,335.01499880310644,9.859941272722917,32.39622305043908,6.05198319403849,39.36049635525826,37.33610386588223,201.71259712255184,4746.365843600004
275,58371.4067684,1,-1.0122993403373488,100.96083564303422,335.02088891073413,9.870427924959046,32.39622305043908,5.840952609773082,39.603127478247,36.38689755367787,201.5703781229353,4764.263831299999
276,58388.9921984,1,-1.01610639979235,102.57329766731152,335.01499880310644,9.854595359601923,32.379546764488936,5.836929388665134,32.639077437702994,37.312350445671385,203.61532440500113,4781.849261300005
277,58406.7145327,1,-1.014076710807705,102.57329766731152,335.01499880310644,9.602710791092637,32.379546764488936,5.8366498524937604,39.5877810749754,36.35717418822803,200.5247067769049,4799.571595600006
278,58423.933934,1,-1.0135852350947094,100.96083564303422,326.08155389631713,9.871473630905177,32.39622305043908,6.04312070092776,33.45589850546429,37.342073811121224,201.5703781229353,4816.790996900003
279,58441.7765792,1,-0.9998074743789169,102.55478901511364,335.01499880310644,9.048806532011431,32.39622305043908,6.046221643830684,39.36049635525826,37.3586520437063,201.5703781229353,4834.633642100001
280,58458.9577263,1,-1.0125520959883336,100.97370013693941,336.54091293845437,9.859940291754645,31.417481047879754,5.812491293069036,33.93105090001302,35.42750681557407,201.5703781229353,4851.814789200005
281,58476.4093063,1,-1.0110015411977868,102.57329766731152,335.01499880310644,9.854453924014676,33.215217111475454,5.8366498524937604,34.2651307062798,36.340839292943585,203.61532440500113,4869.266369199999
282,58493.7079923,1,-1.0165774246029995,102.57329766731152,335.01499880310644,9.854595359601923,32.379546764488936,5.836929388665134,32.64775303034833,37.312350445671385,207.2664479297725,4886.565055200001
283,58511.4138581,1,-1.0136546165400002,102.56839301531244,336.29607547147623,9.859941272722917,32.39622305043908,6.053629138214463,34.306300736919894,36.34175867745968,201.5703781229353,4904.270921000003
284,58528.7405196,1,-1.013617385145715,102.57324813828893,335.01499880310644,9.859941272722917,32.39622305043908,6.0520246435914355,39.36049635525826,37.418978149938184,201.5703781229353,4921.597582500006
285,58545.9776642,1,-1.013621038785228,102.56834348628983,335.01499880310644,9.859941272722917,32.39622305043908,6.05198319403849,39.36049635525826,37.17309024476895,201.71259712255184,4938.834727100002
286,58563.3148028,1,-1.0134405814799614,102.57329766731152,335.01499880310644,9.859941272722917,32.39622305043908,6.053670587767409,39.36049635525826,36.58764658262891,201.14463349514108,4956.171865700002
287,58579.9142768,1,-1.002463092303603,94.96056148988805,334.87022929020856,9.859941272722917,31.92110984916411,6.055348997787081,34.27380629417167,37.33966380932451,201.5703781229353,4972.771339700004
288,58596.7868615,1,0.9875872654238631,104.3213750777855,335.01531666097816,9.859941272722917,32.37855429945685,5.900002921035115,39.36049635525826,37.277287772416635,201.71259712255184,4989.643924399999
289,58613.8819984,1,-1.0147176481703786,100.96083564303422,325.93556178267454,9.595054811881951,32.39622305043908,5.827171620130178,33.32984807456971,36.31872062069756,201.59524316114917,5006.7390613000025
290,58630.6057286,1,-1.012752128006668,102.57329766731152,335.1609909163705,9.87912961011586,32.379546764488936,6.052598933291343,39.71390758550896,34.30860943877772,200.49984173869106,5023.462791500002
291,58647.6286088,1,-1.0165689024732234,102.57329766731152,335.01499880310644,9.854453924014676,32.379546764488936,5.8366498524937604,34.27380629417167,43.340902985241186,203.61532440500113,5040.4856717
292,58664.8896466,1,-1.016008762489746,102.57329766731152,335.01499880310644,9.854595359601923,32.379546764488936,5.836929388665134,32.639077437702994,36.370555575096255,203.6337747651861,5057.746709500003
293,58682.053419,1,-0.9556347309976607,102.57329766731152,335.01499880310644,9.736220962997512,25.64217029185664,6.056768064459829,30.091302691144868,36.340839292943585,201.5703781229353,5074.910481900006
294,58699.4833266,1,-1.0100606289081804,102.57329766731152,334.8705471480802,9.859941272722917,31.921652589259857,6.741503224705731,34.27380629417167,37.280847715858926,201.5703781229353,5092.340389500001
295,58716.1388428,1,-1.0128445494617742,100.96083564303422,325.3653982076568,9.871518522779402,32.39622305043908,6.04312070092776,39.684026949669345,37.35840870640567,201.5703781229353,5108.9959057000015
296,58733.4457643,1,-1.0144970350278342,102.60995308373246,336.64068770624385,9.791403671204087,32.39622305043908,5.899544083210407,39.43115442208624,38.626441761615055,201.5703781229353,5126.302827200001
297,58750.3507879,1,-1.0140143928951884,102.54641717662687,336.4938293243425,9.852830364592252,32.39622305043908,5.86366045813067,40.00850948461017,36.36813838259559,201.5703781229353,5143.207850800005
298,58767.758493,1,-1.0120100838515098,101.02471621007612,335.0007957018803,9.757732456034026,32.39622305043908,6.090890900238455,33.89484752800077,37.7385283316938,201.5703781229353,5160.6155559000035
299,58784.8163192,1,-1.012433432361076,100.97370013693941,336.64798104431213,9.859940291754645,31.40886968554829,5.819467450897454,34.00766362934287,35.44252123798163,201.5703781229353,5177.673382100002
300,58802.6401544,1,-1.013954155936409,102.62558294791724,334.8937275960226,9.852815560616149,32.40483441277055,6.048264270634977,39.3544290276297,36.409618539108074,203.67274265651938,5195.497217299999
301,58820.9467454,1,-1.010308944156899,102.57328987991563,335.01499880310644,9.31674884392682,33.0829323902148,6.05198319403849,39.36049635525826,37.30573904679858,201.70348786400214,5213.803808299999
302,58838.4735382,1,-1.0161326549668832,102.56835127368574,335.01499880310644,9.854760518853363,32.379546764488936,5.836929388665134,32.32268654910693,37.17970164364175,203.62443366354154,5231.330601100002
303,58855.1672591,1,-1.0173214477859354,102.60995308373246,336.64068770624385,9.791403671204087,32.39622305043908,5.316894796495763,39.43115442208624,38.626441761615055,201.5703781229353,5248.024322000005
304,58872.7436118,1,-0.9862066438944911,100.62691448297122,335.01499880310644,8.680035278991111,32.379546764488936,5.676425155848605,34.27380629417167,43.340902985241186,203.61532440500113,5265.600674699999
305,58889.581641,1,-1.0138672368295458,101.66037986968425,335.01499880310644,9.854453924014676,32.379546764488936,5.8366498524937604,34.27380629417167,36.340839292943585,199.58979642906363,5282.438703899999
306,58907.3327538,1,-1.0194437502406153,102.57329766731152,335.01499880310644,9.854595359601923,32.379546764488936,4.9705781370538915,32.639077437702994,36.370555575096255,205.7779482887613,5300.189816700004
307,58924.3853493,1,-1.016936121649971,102.57329766731152,335.014323882412,9.859823836939409,31.90344109818188,5.903368724783705,32.66610298793813,37.312570481484734,206.66696524777214,5317.242412200001
308,58943.047267,1,-1.0164058568516594,102.57329766731152,334.8712220687747,9.854712795385431,32.16201873825762,5.836929388665134,34.25545634092705,37.280627680045576,202.16979840037445,5335.904329900004
309,58960.0899467,1,-1.00142076216864,102.57117262468195,334.8939434691054,9.08655721539914,32.40483441277055,6.048264270634977,34.11081086742985,36.409618539108074,203.67274265651938,5352.9470096000005
310,58977.7332612,1,-1.0131395968986572,102.6277079905468,334.87033127499734,9.859941272722917,31.90344109818188,6.244181346094598,39.51743149476798,35.86879920833025,201.5703781229353,5370.590324100005
311,58996.1415152,1,-1.0150680592710317,102.57019371349095,336.64068770624385,9.791403671204087,32.39504165461934,5.899544083210407,39.43115442208624,45.76610911123508,201.56971705829045,5388.9985781
312,59013.9243648,1,-1.0120381048869318,99.86467316433902,335.01499880310644,9.854595359601923,32.380728160308685,5.836929388665134,32.639077437702994,37.320457190090096,203.63443582981245,5406.7814277
313,59032.2504257,1,-0.9987529018065368,102.60995308373246,334.9900492369344,9.791403671204087,29.227547987841294,5.899544083210407,39.43115442208624,37.33738255715004,206.66177732144527,5425.107488599999
314,59049.1042952,1,-1.0150120407169838,102.57329766731152,337.98182721713897,9.854595359601923,32.379546764488936,5.836929388665134,32.64775303034833,38.6014096501364,202.17498647068297,5441.961358100001
315,59066.4330499,1,-1.0149795669150328,102.57329766731152,335.01499880310644,9.860878411607889,31.92745984130567,6.056768064459829,34.27380629417167,36.340839292943585,201.5703781229353,5459.290112800001
316,59083.7545919,1,-1.0163051182399159,102.57329766731152,335.01499880310644,9.772052303294808,32.379546764488936,5.836929388665134,32.639077437702994,37.312350445671385,203.61532440500113,5476.611654799999
317,59101.5080231,1,-0.9912329850143379,100.96083564303422,326.7807085760416,9.595054811881951,29.199448863747534,5.827171620130178,33.35729931925362,36.31998348961475,201.59524316114917,5494.365086000005
318,59118.7629648,1,-1.0151786341420348,102.57329766731152,334.1698520095486,9.859941272722917,31.834355883454634,6.056768064459829,34.24635504948995,36.3395764240264,201.5703781229353,5511.6200277000025
319,59136.2381143,1,-1.0145650732527567,102.62558294791724,334.8937275960226,9.852815560616149,32.40483441277055,6.048264270634977,39.3544290276297,40.450691120044866,203.67274265651938,5529.095177200004
320,59153.7425465,1,-1.0184274344279596,102.57329766731152,335.01499880310644,9.854453924014676,32.379546764488936,5.130350865649488,36.11362004336952,36.340839292943585,203.059237794767,5546.5996094
321,59171.2991403,1,-1.0161940129343128,102.60995308373246,336.2910621724501,9.791403671204087,31.304148538967574,5.316894796495763,39.43115442208624,38.626441761615055,201.5703781229353,5564.1562032
322,59188.1978332,1,-1.016322082251917,102.57329766731152,335.01499880310644,9.772052303294808,32.379546764488936,5.836929388665134,32.639077437702994,37.312350445671385,203.59224299582334,5581.054896100002
323,59205.986843,1,-1.0155951107848984,102.57329766731152,334.9725577546658,9.794108645165991,32.37994152107968,5.8381102816917485,39.27548147143488,37.28851288204314,203.66465337566103,5598.843905900001
324,59223.2446089,1,-1.015504888115934,102.57019371349095,336.6831287546845,9.851890385640019,32.394646898028604,5.898363190183793,32.79501432825563,45.76610911123508,201.52038808759056,5616.101671800003
325,59241.6974088,1,-1.0192691214534455,102.57329766731152,333.4169712689119,9.854453522261807,32.379546764488936,5.137362039701358,34.195118238852295,36.45243260621271,203.63323817525588,5634.554471700001
326,59259.6062747,1,-1.0147504255801956,102.57329766731152,335.01499880310644,9.854595761354794,32.379546764488936,5.829918214613266,32.805052414600496,30.357771072202517,203.04132402451228,5652.463337600006
327,59277.6232695,1,-1.0182012833223315,102.61113530262534,335.03228776528533,9.792547490899743,32.37998801114351,5.333061133958157,39.43115442208624,42.59731566918519,200.96300731888957,5670.480332400002
328,59295.1118114,1,-0.9768996293000812,102.57211544841866,336.62339874406496,8.46716720651244,32.395781803784516,5.820763051202739,30.381333973500762,37.32396325307766,201.57257057567972,5687.968874300001
329,59313.0502368,1,-1.0195045290785933,102.57329766731152,335.01499880310644,9.854595359601923,32.379546764488936,4.9705781370538915,32.10718027261065,36.370555575096255,205.7779482887613,5705.907299700004
330,59329.0388225,1,0.9988079858561397,102.57329766731152,335.01499880310644,10.350335047781911,32.379546764488936,5.8366498524937604,34.27380629417167,43.340902985241186,203.61532440500113,5721.895885400001
331,59346.6884862,1,-1.0193558660422726,102.57329766731152,335.01499880310644,9.854439705797333,32.379546764488936,5.130350865649488,32.56883081829501,36.37124417181182,206.76113201145208,5739.545549100003
332,59363.4282513,1,-1.01574331067656,102.57329766731152,335.3160801829969,9.854609577819268,32.379546764488936,5.836929388665134,36.183873296874054,38.09719149933519,203.66959937672988,5756.285314200002
333,59380.0864341,1,0.9930525333159702,102.57329766731152,313.48786933619704,9.854712795385431,32.151840883022274,5.903047851536997,32.5769779367286,37.31752428374957,202.5996385396269,5772.943497
334,59396.1292102,1,1.0063599191309194,102.57329766731152,335.006138183714,10.333585025532347,35.58844826299241,5.837250261911842,34.344581412584844,34.74333812710569,206.23712135886834,5788.986273100003
335,59414.0890138,1,-1.0158128678052478,102.57438704429072,334.87490392605497,9.854712497318838,32.36623385774841,5.836929388665134,34.25545634092705,37.280540434900026,202.16979840037445,5806.9460767000055
336,59431.4020552,1,-1.0166649582411726,102.56726189670653,335.0113169458262,9.854760816919955,32.17533164499814,5.836929388665134,32.32268654910693,37.17978888878729,203.62443366354154,5824.2591181000025
337,59449.2899224,1,-1.0134556979018727,102.57329766731152,334.8705471480802,9.859941272722917,31.081525073850013,5.959616929056273,34.27380629417167,36.42491076822999,201.45659832527372,5842.146985300002
338,59466.4074167,1,-1.015669991870678,102.57329766731152,335.01499880310644,9.854595359601923,32.389614289102624,5.903979881411292,32.639077437702994,37.226492522725195,203.74755456274013,5859.264479600002
339,59483.9826425,1,-1.017863433057128,102.57329766731152,335.01499880310644,9.527507919167967,32.379546764488936,4.9705781370538915,32.639077437702994,36.370555575096255,205.23127798276388,5876.839705400002
340,59501.4159587,1,-1.015788337826428,102.57329766731152,335.01499880310644,9.854453924014676,32.379546764488936,5.8366498524937604,34.27380629417167,36.340839292943585,203.61532440500113,5894.273021600005
341,59518.5909775,1,-1.0143403365389123,102.57329766731152,334.8712220687747,9.854712795385431,32.75882299106514,5.836929388665134,34.25545634092705,37.280627680045576,203.96580614236996,5911.448040399999
342,59535.89872,1,-1.0182012833223315,102.61113530262534,335.03228776528533,9.792547490899743,32.37998801114351,5.333061133958157,39.43115442208624,42.59731566918519,200.96300731888957,5928.7557829
343,59552.634872,1,-1.0192663242085978,102.61113530262534,335.03228776528533,9.852717788870235,32.37998801114351,5.3307642384909135,32.37742147212781,42.59731566918519,204.5781897074795,5945.491934900005
344,59570.2325581,1,-1.0177290276639601,102.57329766731152,335.01499880310644,9.794425061631431,32.379546764488936,4.972875032521135,49.22820522734905,36.370555575096255,205.85724464108768,5963.089620999999
345,59587.5534327,1,-1.0174473775760493,102.57329766731152,335.01499880310644,9.510289302510037,32.379546764488936,5.128816803857709,32.57260433446833,36.33403285326967,206.8486679512423,5980.410495600001
346,59604.8824444,1,-1.010605909209848,102.56835127368574,352.68626639642935,9.854440928226888,32.379546764488936,5.260854736188494,30.529374815793496,47.03305602008129,203.53689683983245,5997.739507300001
347,59621.7210248,1,-1.0194224271811696,102.57329766731152,334.8738740408823,9.854712795385431,32.16201873825762,5.096622562369271,34.25545634092705,37.280627680045576,202.16979840037445,6014.5780877
348,59637.9355006,1,0.9959366682778978,109.56789388035403,335.01234683099887,9.854439705797333,32.379546764488936,5.130350865649488,32.56883081829501,36.37124417181182,206.76113201145208,6030.792563499999
349,59655.2920786,1,-1.0193730878550489,102.57329766731152,335.01499880310644,9.854595359601923,32.379546764488936,4.9705781370538915,32.639077437702994,36.370555575096255,205.17300928809237,6048.1491415000055
350,59672.5430809,1,-1.0195045290785933,102.57329766731152,335.01499880310644,9.854595359601923,32.379546764488936,4.9705781370538915,32.10718027261065,36.370555575096255,205.7779482887613,6065.400143800005
351,59689.8115736,1,-1.0173214477859354,102.60995308373246,336.64068770624385,9.791403671204087,32.39622305043908,5.316894796495763,39.43115442208624,38.626441761615055,201.5703781229353,6082.668636500006
352,59707.6494888,1,-0.9595004286862654,102.57329766731152,335.014323882412,8.145911115699203,31.90344109818188,5.903368724783705,32.66610298793813,37.312570481484734,206.66696524777214,6100.506551700004
353,59724.7862786,1,-1.0161749748351816,102.60995308373246,336.29641565676104,9.791403671204087,31.299728877677808,5.316894796495763,39.43115442208624,38.626441761615055,201.5703781229353,6117.643341499999
354,59742.6820148,1,-1.0064604905379118,102.60995308373246,336.6353342219329,9.01218859854871,33.06555749716549,5.316894796495763,34.44771109714197,38.626441761615055,201.5703781229353,6135.539077699999
355,59759.7454285,1,-1.019312642502511,102.57329766731152,335.01499880310644,9.77284621003215,32.379546764488936,4.9705781370538915,38.18088910765264,37.19085838801497,205.7779482887613,6152.602491400001
356,59777.3074105,1,-1.0146771897534428,101.74947513831327,335.01499880310644,9.85380145286458,32.379546764488936,5.875647945871986,32.639077437702994,37.312350445671385,203.61532440500113,6170.1644734
357,59794.4765876,1,-1.0010566630950912,100.13256772177695,336.53145079731144,9.178849198967708,32.379546764488936,5.858475489480409,32.4932601106437,36.9728969012329,203.63323817525588,6187.333650500004
358,59811.9955909,1,-1.0194567180504437,102.57329766731152,334.6999166620284,9.854595359601923,32.379546764488936,5.115815938886084,34.34961120463888,37.312350445671385,207.2664479297725,6204.852653800001
359,59828.962108,1,-1.0178497501029442,102.57329766731152,335.01499880310644,9.527507919167967,32.379546764488936,4.9705781370538915,32.83090218406214,36.370555575096255,205.23127798276388,6221.819170900002
360,59847.1867897,1,-1.0192691214534455,102.57329766731152,333.4169712689119,9.854453522261807,32.379546764488936,5.137362039701358,34.195118238852295,36.45243260621271,203.63323817525588,6240.0438526
361,59864.6679346,1,-1.0200001831417504,102.57329766731152,333.4169712689119,9.854450499694131,32.15464254352154,5.1383822047245715,34.195118238852295,37.24228109570172,203.61588775289476,6257.524997500004
362,59882.154155,1,-1.0160425951429348,102.57329766731152,334.8738740408823,9.854715817953107,32.38692295922501,5.770008003441401,34.01299910599305,36.49077919055656,202.18714882273514,6275.011217899999
363,59899.9939659,1,-1.017298215836631,102.57329766731152,335.01499880310644,9.854595359601923,32.823521243277995,4.9705781370538915,32.10718027261065,36.370555575096255,205.17424502695854,6292.851028800003
364,59918.0990747,1,-1.0194449190073989,102.57329766731152,335.01499880310644,9.854595359601923,32.379546764488936,4.9705781370538915,32.639077437702994,36.370555575096255,205.77671254989514,6310.956137600006
365,59936.3450587,1,-1.017743098998174,102.57329766731152,335.01499880310644,9.924860846698103,32.379546764488936,5.248741309192152,38.24042422664762,37.19085838801497,205.7779482887613,6329.202121599999
366,59954.6478795,1,-1.019400879655507,102.57329766731152,335.01499880310644,9.854439705797333,32.379546764488936,5.124968398241232,31.70388583503357,36.37124417181182,206.76113201145208,6347.504942400003
367,59971.1814205,1,0.9971622451858067,104.98189956636128,335.01499880310644,9.854595359601923,32.37955264486237,4.727369861763872,32.38384644410772,36.37224946071867,204.63605710677794,6364.0384834
368,59987.1676342,1,0.9953850551176158,102.61113530262534,327.6632681099764,9.852717788870235,32.379982130770074,5.287577628890086,32.63265246572308,42.59562178356287,205.72008088946018,6380.0246971000015
369,60005.3241166,1,-1.0193730878550489,102.57329766731152,335.01499880310644,9.854595359601923,32.379546764488936,4.9705781370538915,32.639077437702994,36.370555575096255,205.17300928809237,6398.181179500003
370,60021.4368693,1,0.9970675974501392,102.57329766731152,329.4450429136863,9.854595359601923,32.379546764488936,4.9705781370538915,32.10718027261065,36.370555575096255,205.7779482887613,6414.293932200002
371,60038.0467771,1,0.9707777028229694,102.57329766731152,335.01499880310644,11.552843331653442,28.687337416743635,5.088554186969859,51.55861001822332,36.340839292943585,205.93101936966107,6430.903839999999
372,60054.7076049,1,-1.0192283624794702,102.57329766731152,335.01499880310644,9.794425061631431,32.379546764488936,4.972875032521135,33.799093411609434,36.370555575096255,202.9854630214237,6447.564667800005
373,60072.1009911,1,-1.0188207064049315,102.57329766731152,335.01499880310644,9.854595359601923,32.379546764488936,5.28371192636117,32.639077437702994,36.370555575096255,205.7779482887613,6464.958054000002
374,60087.9002233,1,0.9922426315528401,102.57329766731152,325.0007931116202,9.854595359601923,32.379546764488936,5.115815938886084,34.34961120463888,37.312350445671385,207.2664479297725,6480.7572862000015
375,60105.6920634,1,-1.0101840650860396,102.57329766731152,335.01499880310644,9.854601882202735,29.860744389561273,4.9705781370538915,32.16240702890035,37.19085838801497,205.7779482887613,6498.5491263
376,60122.7034022,1,-1.0191612371156709,102.57329766731152,335.01499880310644,9.772839687431338,32.379546764488936,4.9705781370538915,38.12607417521669,36.370555575096255,205.7779482887613,6515.560465100003
377,60140.6720805,1,-1.0177468795289961,102.61224320269281,335.0324565031115,9.85708736588081,32.379509156611,4.986030237305344,39.617617138693866,32.35022380429028,205.7779482887613,6533.529143400003
378,60157.4258338,1,-1.0030407205067304,102.57218976724405,335.01483006528025,9.00473525127198,32.380025619021445,5.3199828334853,32.08485035630783,42.59731566918519,203.1271308064194,6550.282896700002
379,60175.0154281,1,-1.0208661740059073,102.57733919512388,329.2868066582125,9.787184638992779,32.37954391297136,4.887070408313488,39.017735012139084,37.312350445671385,207.00405467808068,6567.872491000002
380,60191.352076,1,0.9939378258128507,104.33264980434315,335.03228776528533,9.859958211508888,32.37999086266109,5.333061133958157,34.76303227174227,42.59731566918519,201.22526408422658,6584.209138900005
381,60207.4895821,1,0.9938103951983344,106.11802067139558,335.01499880310644,9.854595359601923,32.379546764488936,4.966358221599191,34.17677565604472,37.25271976414223,207.14650180327507,6600.346645000005
382,60224.7450468,1,-1.003170544330499,100.09088592746888,333.4169712689119,9.132309188542278,32.15464254352154,5.142602120179272,31.515516050709067,38.13019328822788,203.43449862024994,6617.602109700005
383,60242.1987075,1,-1.0154196334701593,102.57329766731152,344.37673714501466,9.750624181431121,32.379546764488936,4.9705781370538915,32.121480619873864,36.370555575096255,205.17300928809237,6635.055770400002
384,60258.8764701,1,-0.9990522053689499,90.78357066889458,335.01499880310644,9.854595359601923,32.379546764488936,4.9705781370538915,32.62477709044018,36.370555575096255,205.7779482887613,6651.733532999999
385,60276.3220632,1,-1.0067906635206965,102.57329766731152,335.01499880310644,9.093807067358966,32.379546764488936,4.9705781370538915,38.97937646885671,36.370555575096255,205.7779482887613,6669.1791261000035
386,60293.5275921,1,-1.0017986440776294,102.57733919512388,329.2868066582125,9.011234185305934,31.740751585441114,4.887070408313488,39.017735012139084,35.96176981088171,207.00405467808068,6686.384655000002
387,60311.2629065,1,-1.0168170387142124,99.29543624997368,329.188829160208,9.788350190116752,32.379543951783994,4.978463559174579,32.639077437702994,37.336761360262656,207.07045194683593,6704.119969400002
388,60328.4366318,1,-1.0187591642281026,102.57320074301968,335.1129763011075,9.853429808477948,32.3795467256763,4.8791849861928,39.017735012139084,36.346144660504976,205.71155101946053,6721.293694700005
389,60345.9662382,1,-1.0185025664067417,102.57329766731152,334.8605385882989,9.854712795385431,32.415735824331264,5.096622562369271,34.6341916019208,36.35568267673422,202.16979840037445,6738.823301100005
390,60362.8547253,1,-1.0201405999330895,102.57329766731152,335.0283342556899,9.854595359601923,32.08476515219017,5.127529992776499,32.10718027261065,37.29550057840761,205.7779482887613,6755.711788200002
391,60380.5421751,1,-0.98657270710618,102.57329766731152,334.7085283303157,9.854595359601923,27.4142526920268,4.9705781370538915,34.3639305288674,37.38280057976302,205.77671254989514,6773.399238000005
392,60397.4981204,1,-1.0187104328867778,102.57329766731152,336.914733209856,9.854595359601923,32.379546764488936,5.115815938886084,32.62475812393018,36.30010544100461,207.2664479297725,6790.355183300002
393,60415.2540201,1,-1.0193965566501524,102.57329766731152,335.01499880310644,9.85460401889711,32.379546764488936,5.124968398241232,31.747397823329724,36.37124417181182,206.76113201145208,6808.111083000003
394,60432.0481848,1,-1.0194237762255147,102.57329766731152,335.01499880310644,9.854431046502146,32.379546764488936,4.9705781370538915,32.59556545029664,42.999201166780125,200.36296859800484,6824.9052477000005
395,60448.9362873,1,0.9972846884372851,106.94878920118725,335.02292703548756,9.854595359601923,32.372601772558426,4.970576103632805,32.10718027261065,36.29140422235537,205.70430964642583,6841.793350200001
396,60465.9160652,1,-1.0194311961665374,102.57329766731152,334.86594580850124,9.854712795385431,32.168963730188125,5.096624595790358,34.25545634092705,37.280627680045576,202.24343690653015,6858.7731281000015
397,60483.2522662,1,-1.01909774614184,102.57329766731152,333.438359231534,9.854595359601923,32.379546764488936,5.291608327440382,32.734944413434846,35.629924610877524,205.7779482887613,6876.1093291
398,60499.7882753,1,-1.0187823933408025,102.57329766731152,334.99361084048434,9.854453522261807,32.379546764488936,5.129465638622148,34.09925126576363,36.37317643776283,203.63323817525588,6892.645338200004
399,60516.2872488,1,1.0089723632520364,102.57329766731152,333.4169712689119,12.23704396588456,32.15464254352154,5.1383822047245715,34.195118238852295,37.24228109570172,203.61588775289476,6909.144311700002
400,60533.1610833,1,-1.019400879655507,102.57329766731152,335.01499880310644,9.854439705797333,32.379546764488936,5.124968398241232,31.70388583503357,36.37124417181182,206.76113201145208,6926.018146200004
401,60550.7583567,1,-1.0156649273734422,102.57329766731152,343.6008052324796,9.854715840455734,32.3923287104634,5.096624595790358,34.11159911134804,37.280627680045576,205.84576454275773,6943.615419599999
402,60572.4294719,1,-1.0196001301457587,102.57329766731152,335.01182210005436,9.85459231453162,32.15618178421366,4.9705781370538915,32.782934670833264,36.370555575096255,202.17438466249675,6965.286534800005
403,60589.8647296,1,-1.019017075081496,102.57329766731152,335.0283342556899,9.854634094270823,32.08476515219017,5.447738650189781,31.74854298409885,36.35373724900286,205.7779482887613,6982.7217925
404,60606.192513,1,-1.019502770091326,102.57329766731152,335.01499880310644,9.854400971128433,32.379546764488936,5.127523943196102,32.0625231235455,37.313007501216575,206.76113201145208,6999.049575900004
405,60624.0535192,1,-1.0199826802050402,102.57329766731152,334.79094619321967,9.854595359601923,32.08231877889199,5.140315727360667,34.17447511868033,37.24341886333942,205.7779482887613,7016.910582100005
406,60640.1965668,1,1.0037287695742692,102.57329766731152,340.1307081978895,10.491883937512998,32.15708891681973,5.079333967092305,32.12782363825159,37.29436281076992,203.61588775289476,7033.0536297
407,60657.8124709,1,-1.0172709441047498,102.57329766731152,340.21726678871477,9.854595592361274,32.379546764488936,5.125134260068551,39.05320933862393,40.32284057759489,206.6972553176901,7050.669533799999
408,60674.8099487,1,1.0014071177092376,102.57329766731152,335.01499880310644,10.199913098824185,32.379546764488936,5.115650077058765,31.747397823329724,36.37124417181182,207.33032462353398,7067.667011600002
409,60691.6371903,1,0.9917920300596325,102.57733919512388,335.2438084208285,10.491469490324695,32.37954686632469,4.887070408313488,39.017735012139084,37.312350445671385,207.00405467808068,7084.494253200006
410,60708.1741337,1,1.000343049425272,102.57329766731152,329.0579970404835,10.026917745144948,32.379543811135605,4.9705781370538915,31.155740284350863,32.94898934412234,205.7779482887613,7101.031196600001
411,60725.0062481,1,-1.0187337224030868,102.57329766731152,334.99151081634864,9.854595359601923,32.379546764488936,5.090556013124206,34.20180359333553,36.370555575096255,202.74087289162952,7117.863311000001
412,60742.617481,1,-1.019793200544025,102.57329766731152,334.89736202764016,9.854712795385431,32.16201873825762,4.976644686298957,32.69273018932797,37.280627680045576,202.16979840037445,7135.4745439000035
413,60759.8430584,1,-1.017939349044049,102.57329766731152,337.142388146729,9.854581083899648,32.379546764488936,4.9705781370538915,32.639077437702994,35.8258685591205,200.4419377281797,7152.700121300004
414,60778.8333794,1,-1.0178933364141123,102.57329766731152,332.40506781604773,9.854445322204421,32.94482927542466,4.9705781370538915,32.59556545029664,43.54388818275805,205.69897528799277,7171.690442300001
415,60796.5005184,1,-1.0203163629035705,102.57329766731152,333.48809396658817,9.854450499694131,32.15464254352154,4.896860574300479,34.195118238852295,37.23859192250064,203.40696967587925,7189.357581299999
416,60813.0484435,1,0.9783753073081676,102.57733919512388,329.2156839605362,9.895824201749157,32.37954391297136,5.12859203873758,43.905370145648824,37.31603961887247,207.21296544583097,7205.905506400006
417,60830.4415795,1,-1.0114557554841024,102.57329766731152,351.1773382945098,9.854439705797333,32.379546764488936,5.124968398241232,31.70388583503357,36.37124417181182,206.76113201145208,7223.298642400005
418,60848.0214839,1,-1.019360325282876,102.57329766731152,336.4749777488518,9.854712795385431,32.16201873825762,5.096622562369271,34.25545634092705,41.9029955629855,202.16979840037445,7240.878546799999
419,60864.7508109,1,-1.0194437502406153,102.57329766731152,335.01499880310644,9.854595359601923,32.379546764488936,4.9705781370538915,32.639077437702994,36.370555575096255,205.7779482887613,7257.6078738
420,60882.3188314,1,-1.0195045290785933,102.57329766731152,335.01499880310644,9.854595359601923,32.379546764488936,4.9705781370538915,32.10718027261065,36.370555575096255,205.7779482887613,7275.175894300002
421,60899.6378672,1,-1.0184930113946964,102.57329766731152,335.01182210005436,9.85459598902695,32.152616368192945,5.409613834537203,32.71135942462418,36.370990677024494,202.19203122975497,7292.4949301000015
422,60917.4823505,1,-1.021203894286673,102.57329766731152,335.0283342556899,9.854591685106595,32.088330568210885,4.976406925395238,32.178755518823976,49.82217564403,205.76030158246724,7310.339413400005
423,60933.9682519,1,-1.0195653995797198,102.57733919512388,335.2234360882643,9.851171644023054,31.91111609694581,5.135951961201325,39.017735012139084,36.60886441821294,207.00405467808068,7326.8253148
424,60951.478509,1,-1.0171985678562834,102.57329766731152,328.85431676315704,9.426303342782282,32.09436555388752,4.891434174472831,30.228166361826087,37.24341886333942,205.7779482887613,7344.335571900003
425,60967.163847,1,1.0043927928050749,102.57329766731152,335.01499880310644,10.69827390326041,32.379546764488936,4.972875912328201,32.04324847160561,36.370555575096255,203.99542455796382,7360.020909900006
426,60984.4886324,1,-0.9815999795554653,102.57329766731152,335.01499880310644,9.854400971128433,35.709982746291615,5.125226167921793,32.65835208964694,37.313007501216575,206.76113201145208,7377.345695300006
427,61001.2796425,1,-1.019523875335756,102.57329766731152,335.01499880310644,9.854594169993849,32.379546764488936,4.9705781370538915,32.10590711501479,36.333478676208216,205.7779482887613,7394.1367054
428,61018.6811216,1,-1.0196523816623113,102.57329766731152,335.01499880310644,9.854402160736509,32.379546764488936,5.127523943196102,32.063796281141364,37.350084400104606,208.14276015815676,7411.538184500001
429,61035.7898156,1,-1.0202289168769425,102.57329766731152,335.00434127794614,9.854595359601923,32.08030255622143,4.960459183928423,34.27884919483737,37.326284823209875,205.7779482887613,7428.646878500003
430,61053.2095294,1,-1.0198363863131426,102.57329766731152,334.80160371838,9.854595359601923,32.38156298715949,5.150434680486136,30.588871824374756,39.23901683673389,205.77671254989514,7446.066592300005
431,61070.2125553,1,-1.0189023172594542,102.57329766731152,333.49005984427595,9.854595359601923,32.08476515219017,5.127529992776499,44.503747783064235,37.29550057840761,203.39138632597252,7463.069618200003
432,61087.3811332,1,-1.0201772402783755,102.57329766731152,335.0263683780022,9.854450499694131,32.15464254352154,4.896860574300479,34.11775791022623,37.23859192250064,205.7935316346506,7480.238196099999
433,61104.1887417,1,-1.0204351296367045,102.57329766731152,333.4169712689119,9.786481417109764,32.15464254352154,5.139434410034532,34.195118238852295,37.24228109570172,207.05917295864845,7497.045804600006
434,61120.8125697,1,0.9836374502254882,102.57733919512388,318.1430660486898,9.855153721577144,32.37954391297136,4.886018203003527,39.017735012139084,37.312350445671385,203.5607674695922,7513.669632600002
435,61137.6455074,1,-1.0204119198132025,102.57329766731152,334.89736202764016,9.854712795385431,32.16201873825762,4.976484061020876,32.90870761576845,37.316801888910796,207.5377326118116,7530.502570299999
436,61154.1571855,1,0.9973292538058016,104.47098752216799,334.6999166620284,9.854595359601923,32.379546764488936,5.115976564164165,32.72727365844443,37.27617623680617,201.8982986812106,7547.0142484000025
437,61170.5890082,1,-1.0209528112759911,102.57329766731152,333.48809396658817,9.854431552845522,32.15048298913619,4.896860574300479,34.195118238852295,42.82541389779192,203.40696967587925,7563.446071099999
438,61188.473569,1,-1.0199435232781973,102.57329766731152,335.01499880310644,9.854449993350755,32.38370631887428,4.9705781370538915,32.59556545029664,37.41237919148887,208.8798424867567,7581.330631900004
439,61204.4880184,1,0.9954954402520281,116.92863871190492,335.01499880310644,9.854595359601923,32.379546764488936,4.9705781370538915,31.739148951933828,37.22955616820176,203.5639992777526,7597.345081300002
440,61222.156638,1,-1.0201770884116375,102.57329766731152,333.4169712689119,9.854450499694131,32.15464254352154,5.1383822047245715,34.195118238852295,36.383280502596214,205.9253679582423,7615.013700900003
441,61239.1239767,1,-1.0203636028116483,102.57329766731152,333.48809396658817,9.854435041074312,32.15048298913619,4.859579618244947,34.195118238852295,37.23233794690861,203.40696967587925,7631.981039600003
442,61256.2123293,1,-1.0180927803324968,100.74825705458574,333.48809396658817,9.854447011465341,32.15464254352154,4.896860574300479,34.195118238852295,42.831667873383964,202.09362676137562,7649.069392199999
443,61272.6853981,1,-1.018544648378054,102.57329766731152,338.26848790032767,9.854450510717022,32.16329647458284,5.1383822047245715,32.84833449113606,36.383280502596214,205.9253679582423,7665.542461000005
444,61290.3287163,1,-1.0196722471267299,102.57329766731152,332.3830674891843,9.854449982327864,32.37505238781298,4.337930171654484,33.94234920109256,37.41237919148887,208.6904472235342,7683.185779200001
445,61307.4788567,1,-1.0189947211184078,102.57733919512388,336.6963535115074,9.851171644023054,31.91111609694581,5.135951961201325,39.017735012139084,36.60886441821294,207.00405467808068,7700.335919600002
446,61325.1937314,1,-1.0112943409335722,97.17488315191012,335.01499880310644,9.854402160736509,32.379546764488936,5.127523943196102,32.063796281141364,37.350084400104606,208.14276015815676,7718.050794300005
447,61342.0182447,1,-1.0205077549173098,102.57733919512388,329.2868066582125,9.787184638992779,32.38389284471407,5.144021760517296,39.017735012139084,37.31159942808469,207.00405467808068,7734.875307599999
448,61359.7147506,1,-1.0208140825144854,102.57329766731152,333.4169712689119,9.786481417109764,32.150293611778835,4.882483057830724,34.195118238852295,37.24303211328842,207.05917295864845,7752.571813499999
449,61376.5027003,1,-1.015612125213497,104.68347998625138,350.0528466188407,9.854712795385431,32.15995724474467,4.976644686298957,32.69273018932797,37.31177329215606,202.16979840037445,7769.359763200002
450,61393.8695659,1,-1.0208711343113757,102.57349067183861,328.5949073023476,9.787184638992779,32.38160540648432,4.732168064766769,39.017735012139084,37.281204833560906,207.00405467808068,7786.726628800003
451,61410.6682685,1,-1.0201157379536103,102.57329766731152,334.80162002075133,9.854595359601923,32.150415807795405,5.150434680486136,34.164275365076506,39.23901683673389,205.66277965556964,7803.5253314
452,61428.2900353,1,-1.020065557817041,102.57329766731152,333.4880776642168,9.854450499694131,32.385789722885626,4.896860574300479,30.623349452287382,37.23859192250064,203.52090256748718,7821.147098200003
453,61445.6790743,1,-1.014734246161677,98.94438940027666,335.0028990480704,9.852773002389531,32.08030255622143,4.960459183928423,34.277868303063606,37.32658350873164,205.6624872744585,7838.536137200004
454,61461.9639265,1,0.9904442961959037,114.838700945494,333.4184134987876,9.788303774322154,32.15464254352154,5.139434410034532,34.19609913062606,37.24198241017995,207.17463397060618,7854.820989400003
455,61478.8349098,1,-1.0203300960264567,102.57329766731152,334.89736202764016,9.854721457459794,32.16251879872193,4.976484061020876,34.18983915517009,37.31713169120823,207.52294021295643,7871.691972700006
456,61496.3705775,1,-1.0195611551010677,102.57329766731152,333.4169712689119,9.854441837619769,31.46333563087614,5.1383822047245715,32.91398669964976,36.033378498541275,203.63066865069237,7889.2276404
457,61513.8173323,1,-1.0201772402783755,102.57329766731152,335.0263683780022,9.854450499694131,32.15464254352154,4.896860574300479,34.11775791022623,37.23859192250064,205.7935316346506,7906.674395200003
458,61531.0154821,1,-1.021203894286673,102.57329766731152,335.0283342556899,9.854591685106595,32.088330568210885,4.976406925395238,32.178755518823976,49.82217564403,205.76030158246724,7923.872545000006
459,61548.0647723,1,-1.0211553763677625,102.57329766731152,335.0283342556899,9.854447194942814,32.088330568210885,4.975257707313145,32.733239378464745,49.82217564403,205.7599498461454,7940.9218352000025
460,61565.8739134,1,1.0037342815387653,115.18095769012567,335.0263683780022,11.80396919243372,32.15464254352154,4.898009792382573,34.15846799235762,37.23859192250064,205.79388337097242,7958.730976300001
461,61582.5393808,1,-1.0208548441541916,102.57733919512388,329.2868066582125,9.787184638992779,32.38389284471407,4.882002678966115,39.017735012139084,37.31159942808469,206.97923697031584,7975.396443700003
462,61600.1432184,1,-1.0197306843459564,102.57329766731152,335.0263683780022,9.854450499694131,32.15464254352154,5.15887965585166,34.11775791022623,37.23859192250064,205.81834934233564,7993.000281300003
463,61617.7806107,1,-1.0218859032342185,102.57329766731152,333.4199016547496,9.854454369148792,32.153981500389605,4.976406925395238,32.178755518823976,49.82217564403,208.29700358129722,8010.637673600002
464,61635.5870871,1,-1.0199000417729818,102.57329766731152,335.09652656752854,9.842368641520094,32.08899161134282,4.896860574300479,34.195118238852295,37.02131911230035,203.40696967587925,8028.444150000003
465,61653.4576842,1,-1.021116230657475,102.57329766731152,335.0283342556899,9.854591685106595,32.088330568210885,4.976406925395238,31.651140721973263,52.96205066736497,205.76030158246724,8046.314747100005
466,61669.9761293,1,0.999912427336411,102.57329766731152,335.0283342556899,10.09633858113258,32.088330568210885,4.976406925395238,31.34167119608831,49.82217564403,205.76030158246724,8062.8331922
467,61687.7056321,1,-1.0064595904638711,102.57329277703693,334.89736202764016,9.108641340333955,32.16251879872193,4.430301892734425,37.16635146754009,37.316848615054674,209.7792212224097,8080.5626950000005
468,61705.596637,1,-1.0208193330261321,102.5773440853985,329.2868066582125,9.777832959637184,32.38389284471407,4.972402952413128,39.017735012139084,37.31188250423825,207.00405467808068,8098.453699900005
469,61723.7651732,1,-1.0024437517270257,91.96178234245076,333.48809396658817,9.854434737010225,32.15464254352154,4.861678596568282,34.195118238852295,37.23851338782587,203.40696967587925,8116.622236100004
470,61740.275371,1,-1.0203282578429853,102.57329766731152,333.48809396658817,9.854450803758217,32.15048298913619,4.894761595977144,34.195118238852295,37.23241648158338,203.40696967587925,8133.132433900006
471,61757.6529701,1,-1.0010135878312574,92.34760918882472,340.28856368024566,9.85444741928152,32.088330568210885,4.975257707313145,30.787009746618857,49.82217564403,205.7599498461454,8150.510033000006
472,61774.7377789,1,-1.020930041483491,102.57329766731152,333.48809396658817,9.854431328506816,32.15048298913619,4.896860574300479,34.2291509180225,42.82541389779192,203.40696967587925,8167.594841800004
473,61791.8516878,1,-0.967122729800854,102.57708245800886,333.4169712689119,9.773347561614273,25.755335682793834,4.882483057830724,43.59471006271099,37.24303211328842,207.0605557386352,8184.708750700003
474,61808.76613,1,-1.021331369069546,102.57355440442656,329.2868066582125,9.787184638992779,32.37954391297136,4.887070408313488,34.50266456870085,37.312350445671385,207.00267189809395,8201.623192900006
475,61826.1820085,1,-1.0204123212697571,102.57329766731152,335.0263683780022,9.854450499694131,32.15732734657233,4.896860574300479,32.42995112219066,38.11601267948785,205.79173090433724,8219.039071400002
476,61843.0279467,1,-1.021050920811379,102.57329766731152,335.0283342556899,9.854591685106595,32.085645765160095,4.976406925395238,33.866562383976024,49.82217564403,205.76210231278057,8235.885009600002
477,61860.3232867,1,-1.0188115202382333,102.57349238477701,335.1452404953846,9.661409029717854,32.38160540648432,4.987091508078076,39.017735012139084,37.281204833560906,205.75554405558307,8253.1803496
478,61877.5139417,1,-0.9872680353039344,102.52829726618398,339.10189213636136,9.854447194942814,27.501249313340452,4.720334264001839,32.733239378464745,49.82217564403,207.0084604685146,8270.371004600005
479,61895.0295147,1,-1.0198966868135462,102.57329766731152,333.4169712689119,9.854450499694131,32.156966464152845,5.1383822047245715,36.61701597144326,36.41937676631441,205.9253679582423,8287.886577600002
480,61912.5218472,1,-1.021387719744884,102.57733919512388,329.2868066582125,9.787184638992779,32.37721999234006,4.887070408313488,34.184228298623715,37.276254181953185,207.00405467808068,8305.3789101
481,61929.9188938,1,-1.0203574153125627,102.57327339794566,335.0283342556899,9.783747343643151,32.088330568210885,4.973895677372581,32.733239378464745,49.82217564403,201.7641559609709,8322.775956700003
482,61946.5856406,1,0.9922643890369245,106.9611268245724,329.2868066582125,9.85788449029244,32.37721999234006,4.8884324382540525,34.184228298623715,37.276254181953185,207.00405467808068,8339.442703500004
483,61963.7498622,1,-1.0205269173315097,102.57329766731152,335.0283342556899,9.854591685106595,32.088330568210885,4.976406925395238,32.178755518823976,38.39486800922752,205.76030158246724,8356.6069251
484,61981.0914904,1,-1.021303552986937,102.57329766731152,334.89736202764016,9.854712795385431,32.16201873825762,4.976484061020876,32.90870761576845,48.74410952377622,207.5377326118116,8373.948553300004
485,61998.6653951,1,-1.0170833496682121,100.15128279205487,329.2868066582125,9.777832959637184,32.38389284471407,5.176264918822273,39.017735012139084,37.31188250423825,207.00405467808068,8391.522458
486,62015.6758299,1,-1.021203894286673,102.57329766731152,335.0283342556899,9.854591685106595,32.088330568210885,4.976406925395238,32.178755518823976,49.82217564403,205.76030158246724,8408.532892800002
487,62032.2980767,1,0.9848621910906591,102.57329766731152,328.31853725565463,9.854431328506816,32.15048298913619,4.896860574300479,38.77860593579121,44.09630938356824,203.38468997585724,8425.1551396
488,62049.2492343,1,-1.0121357087602103,102.57349067183861,333.7644640132801,9.462568983044061,32.38160540648432,3.726628792604347,34.46828134359835,36.01030934778827,207.0263321680025,8442.1062972
489,62065.7820379,1,0.9920356869183629,102.57357226557967,329.2868066582125,9.85849472756669,32.16782887619294,4.88568986289551,34.23967431163263,42.882480291751456,207.05769036568051,8458.6391008
490,62082.7739987,1,-1.018445364149718,102.5732798061584,333.48809396658817,9.783121239932907,31.83277261842393,5.509619856630147,34.492141175090715,37.255284051711875,203.35194811208464,8475.631061600005
491,62100.7085483,1,-1.0217390186252624,102.57355440442656,333.22643955781984,9.787184638992779,32.14877648577114,4.887070408313488,34.50266456870085,49.469730862621425,207.00267189809395,8493.5656112
492,62117.2267315,1,0.9970873377950782,102.57329766731152,329.48026875514216,9.854454369148792,32.384748927589825,4.976406925395238,32.178755518823976,34.28999871177899,208.29700358129722,8510.083794400001
493,62134.7209657,1,-0.992975860229871,102.57329766731152,334.9921177004169,9.854591685106595,28.14991640390403,5.561972480087548,32.086139218329414,49.82217564403,207.99805903096802,8527.5780286
494,62151.9879241,1,-1.0216407473502382,102.57329766731152,333.4561182100226,9.854454369148792,32.153981500389605,4.976406925395238,36.00614394109085,49.82217564403,208.30573854123432,8544.844987000004
495,62169.6898421,1,-1.002047261853145,105.5394257638283,329.2868066582125,8.75204536617467,32.38389284471407,4.882002678966115,33.463497115576224,51.018929500238286,207.0110240176146,8562.546905000003
496,62186.657951,1,-1.0193917512775017,102.57329766731152,335.0283342556899,9.79345321490252,32.085645765160095,4.976406925395238,39.42085055073271,36.11484557303683,205.73031526526725,8579.515013900003
497,62204.1495036,1,-1.021116230657475,102.57329766731152,335.0283342556899,9.854591685106595,32.088330568210885,4.976406925395238,31.651140721973263,52.96205066736497,205.76030158246724,8597.0065665
498,62220.8282666,1,-1.0190247126171321,101.07143093484947,335.0283342556899,9.854591685106595,32.088330568210885,4.976406925395238,32.178755518823976,49.82217564403,205.76030158246724,8613.685329500004
499,62237.2004544,1,0.994588098977062,107.5342635657255,335.0283342556899,9.854447194942814,32.088330568210885,4.975257707313145,32.733239378464745,49.82217564403,205.7599498461454,8630.057517300003
500,62253.3565647,1,-1.0215287355253122,102.67644851875532,329.2868066582125,9.787184638992779,32.37721999234006,4.887070408313488,34.184228298623715,37.276254181953185,207.00405467808068,8646.213627600002
501,62270.3892,1,-1.0219431315762926,102.67644851875532,329.2868066582125,9.787184638992779,32.15611071380505,4.887070408313488,34.185171490329296,37.276254181953185,207.00405467808068,8663.2462629
502,62287.307278,1,-1.021377686521818,102.57355440442656,333.22643955781984,9.787184638992779,32.36988576430615,4.887070408313488,34.33290890671732,49.469730862621425,207.00267189809395,8680.164340900003
503,62304.9310696,1,-1.021270250424084,102.57329766731152,335.0283342556899,9.854591685106595,32.088330568210885,4.767296217878343,32.178755518823976,49.82217564403,205.76030158246724,8697.788132500005
504,62322.1261327,1,-0.9553023030798707,94.46837739379798,333.22643955781984,8.203890215847624,31.750972905555773,4.887070408313488,34.50266456870085,49.469730862621425,207.00267189809395,8714.983195600005
505,62339.9681104,1,-1.020378247108572,102.57328075613496,335.0283342556899,9.854591685106595,32.387109573882164,4.975644561069456,32.178755518823976,49.82217564403,205.81254026685735,8732.8251733
506,62356.8713591,1,-1.022206255372346,102.5735713156031,329.2868066582125,9.787184638992779,32.08076490730007,4.88783277263927,34.50266456870085,39.65917632382518,206.95043321360515,8749.728422
507,62374.4638653,1,-1.0212652972845317,102.57329766731152,333.06470712664276,9.85441891924841,32.08754476153888,4.894912363894151,34.195118238852295,42.83396204749668,203.68730212091495,8767.320928200003
508,62390.9320406,1,-1.020826014678883,102.57329766731152,335.4517210956354,9.854604318703707,32.15126879580819,4.978355135801567,31.651140721973263,52.95350251764682,205.76030158246724,8783.7891035
509,62408.7236039,1,-1.02127710589717,102.57329766731152,334.89736202764016,9.854712795385431,32.16201873825762,4.976484061020876,32.93872928893968,47.34269485249411,207.5377326118116,8801.5806668
510,62426.0120159,1,-1.0212953573359709,102.57329766731152,335.0283342556899,9.854591685106595,32.088330568210885,4.976406925395238,32.14873384568867,49.82217564403,206.37494184850124,8818.869078800002
511,62442.8370559,1,-1.0220700999709997,102.57733919512388,329.2868066582125,9.787184638992779,32.09726974188054,4.978187752294189,32.26420039852081,37.183547453288135,208.19926183370765,8835.694118800006
512,62460.3682763,1,-1.0210732670534333,102.57329766731152,324.16834860812696,9.542044888156676,32.368280818670414,4.885289581414537,34.09878354604296,50.23288719996428,205.76030158246724,8853.225339200006
513,62477.4797088,1,-1.019868647713864,102.57363289436542,336.2046409428457,9.787184638992779,32.35985480837407,4.885566974439094,33.98117233002823,38.218574108090074,208.31202794236188,8870.3367717
514,62494.9744394,1,-1.0201656067630673,102.57700396807,333.6444234752742,9.854454369148792,32.1713466843556,5.432250103575018,36.20919991491177,49.82217564403,206.99776524946364,8887.831502300003
515,62512.0353526,1,-1.0219085719935286,102.57329766731152,333.4559996505346,9.854454369148792,32.153981500389605,4.976406925395238,31.71096783709025,49.82217564403,208.30611961488017,8904.892415500006
516,62529.3288734,1,-1.0215902495148672,102.57329766731152,333.4200202142376,9.854454369148792,32.153981500389605,4.976406925395238,36.4744680983898,49.82217564403,208.29662250765136,8922.185936300004
517,62546.432184,1,-1.0220206558710363,102.57329766731152,333.4199016547496,9.854595345002528,32.08627026190584,4.976406925395238,32.426033817555656,49.82217564403,208.29700358129722,8939.2892469
518,62563.8229015,1,-1.0209328814392433,102.57329766731152,335.0283342556899,9.85445070925286,32.15335700364386,4.976406925395238,33.61928410703241,49.82217564403,205.76210231278057,8956.679964400006
519,62581.1737824,1,-1.0211553763677625,102.57329766731152,335.0283342556899,9.854447194942814,32.088330568210885,4.975257707313145,32.733239378464745,49.82217564403,205.7599498461454,8974.030845300003
520,62599.2630768,1,-1.0214777808921474,102.67644851875532,329.2868066582125,9.787184638992779,32.37721999234006,4.887070408313488,34.184228298623715,37.08864275015783,207.00405467808068,8992.120139700004
521,62616.9296232,1,-1.022173316362626,102.57733919512388,329.2868066582125,9.787184638992779,32.09726974188054,4.754285923183007,32.17666857190151,37.183547453288135,208.19926183370765,9009.7866861
522,62634.7575463,1,-1.0211624224181384,102.57329766731152,335.0283342556899,9.854591685106595,32.088330568210885,4.991198046989526,32.26628734544328,49.82217564403,205.76030158246724,9027.614609200005
523,62651.7780413,1,-1.0230161263992779,102.57329766731152,329.26625077535255,9.788363053297397,32.14528713457471,4.886588384058829,31.71096783709025,49.82217564403,208.30611961488017,9044.635104200002
524,62669.3774155,1,-1.0193682349024824,102.67644851875532,333.47655553339445,9.853275954844174,32.385914358154956,4.976888949649897,35.0314767068812,33.67401204930843,207.00405467808068,9062.234478400002
525,62685.0192543,1,0.9743473608663612,104.0911012972589,333.5863287550581,9.789884976882876,32.36228633284267,4.976406925395238,45.17505583777602,49.82217564403,208.29700358129722,9077.876317200004
526,62701.6641657,1,0.9940119125894887,102.5734842673047,329.1493755845161,9.85189500711243,32.61673312662172,4.887070408313488,34.07148595607907,37.08864275015783,207.00405467808068,9094.521228600002
527,62718.5189628,1,-1.0219165989083145,102.57329766731152,333.4199016547496,9.854595345002528,32.08627026190584,4.976406925395238,32.426033817555656,53.025333439578716,208.29700358129722,9111.376025700003
528,62735.6997194,1,-1.0211956348649773,102.57329766731152,334.89736202764016,9.854712795385431,32.16201873825762,5.03076972735372,32.90870761576845,48.74410952377622,207.5377326118116,9128.556782300002
529,62752.5640141,1,-1.0068598946380702,93.55646240504556,333.4561182100226,9.854454369148792,32.153981500389605,4.976406925395238,36.00614394109085,49.82217564403,208.30573854123432,9145.421076999999
530,62769.7887932,1,-1.0219085719935286,102.57329766731152,333.4559996505346,9.854454369148792,32.153981500389605,4.976406925395238,31.71096783709025,49.82217564403,208.30611961488017,9162.645856100004
531,62785.9811855,1,0.9971088702043719,106.75340392839422,329.2868066582125,9.857981172996753,34.870051546773524,4.88783277263927,34.50266456870085,39.65917632382518,206.95043321360515,9178.838248400003
532,62803.2368824,1,-1.0216643960158984,102.57330915451851,333.4561182100226,9.783657835144817,32.157740924369286,4.976406925395238,36.00614394109085,49.82217564403,208.30573854123432,9196.093945300003
533,62820.6127406,1,-1.0213438000355017,102.57355440442656,333.22643955781984,9.787184638992779,32.36988576430615,4.887070408313488,34.5004742259257,49.469730862621425,207.00267189809395,9213.469803500004
534,62838.3820891,1,-1.0217690671009336,102.57355440442656,333.22643955781984,9.787184638992779,32.14877648577114,4.887070408313488,34.33509924949247,49.469730862621425,207.00267189809395,9231.239152000002
535,62855.887431,1,-1.020700220387553,102.57733919512388,334.48999990676174,9.787184638992779,32.003482730112054,4.978187752294189,32.145390317414716,37.287801715591414,208.20455200758335,9248.744493900005
536,62872.7361171,1,1.0065312738720302,109.12338788139564,329.8251410071393,11.956206409916295,32.09656165777334,4.976406925395238,32.267543926794765,49.71792138181585,206.36965138168853,9265.593180000003
537,62890.1539225,1,-1.0168030750828103,99.3288608084036,331.76261472526494,9.787184638992779,32.077114849368236,4.882276513260424,34.50266456870085,39.01365046175211,207.00267189809395,9283.010985400004
538,62907.5977229,1,-0.9978000143826055,102.5735538691982,334.199463850707,8.81093553219937,32.383193970903186,4.887026135916712,34.50266456870085,39.65917632382518,206.95043321360515,9300.4547858
539,62924.6305248,1,-1.0170411294723756,102.57329766731152,333.4199016547496,9.854454369148792,32.16987196617253,3.8070387134764108,34.5170821960051,49.82217564403,208.29700358129722,9317.487587700001
540,62941.071392,1,0.9833494026498238,103.94063299319352,329.15000483744547,10.405029336346663,26.264306294910583,4.975373159318218,31.99458531194546,49.469730862621425,207.00267189809395,9333.9284549
541,62957.9344482,1,-1.0217649132480287,102.5735403619785,333.2093455312205,9.854791867623193,32.14877648577114,4.887070408313488,36.110555881888516,49.481809044655485,208.27659279054214,9350.791511100004
542,62975.1385433,1,-0.9515515511489404,102.57331170975957,333.473212236622,7.832961342006482,32.153981500389605,5.374760562562161,33.27159012609935,49.810097461995944,207.03181762732012,9367.995606200006
543,62991.1517797,1,0.9944836031345847,102.57347595863514,326.6360836758875,9.78567876705904,32.09726974188054,4.754285923183007,31.757281107647177,50.179984798325215,208.3019290599338,9384.0088426
544,63009.5766985,1,-1.0209901955773024,102.57716090380028,333.4199016547496,9.855960241082531,32.153981500389605,4.976406925395238,32.17862310779716,36.82573829924815,208.19433635507107,9402.433761400003
545,63025.5639777,1,0.9940491780460583,102.57733919512388,324.6543693616521,9.787184638992779,32.09726974188054,4.754285923183007,32.1719863081867,37.183547453288135,208.19926183370765,9418.421040600006
546,63042.896505,1,-1.0229653908747918,102.57733919512388,329.2868066582125,9.787184638992779,32.09726974188054,4.665163477365573,32.26888266223561,50.32943581836362,208.19926183370765,9435.7535679
547,63060.3295747,1,-1.0205939965429005,102.57329766731152,333.4199016547496,9.854595345002528,32.14283567782023,4.237021718020684,32.42949636818489,49.82217564403,208.29700358129722,9453.186637600003
548,63078.3378631,1,-0.9525095195370573,102.57329766731152,329.26625077535255,7.780360141084671,32.088721718660324,4.886588384058829,31.70750528654361,49.82217564403,208.30611961488017,9471.194926000004
549,63094.6862524,1,0.9943160658431259,102.57329766731152,327.4975051724175,9.854595345002528,32.08627026190584,4.976406925395238,32.40229466579066,49.82217564403,208.29700358129722,9487.543315300005
550,63112.283672,1,-0.9251170565569339,102.57329766731152,333.4199016547496,9.854454369148792,38.654946114033656,4.976406925395238,32.202494670588976,49.82217564403,208.29700358129722,9505.1407349
551,63128.792672,1,0.9904119000676822,106.24203987467166,333.22643955781984,9.787184638992779,32.14877648577114,4.2941035174882956,34.33509924949247,49.469730862621425,207.00267189809395,9521.649734900006
552,63146.3412032,1,-1.0217202763048367,102.57355440442656,333.22643955781984,9.787184638992779,32.14877648577114,4.887070408313488,34.50266456870085,50.690257784998096,207.00267189809395,9539.1982661
553,63163.4648177,1,-0.996063372265126,102.57355440442656,333.22643955781984,8.773026502195208,32.14877648577114,4.887070408313488,34.50266456870085,49.469730862621425,208.41049217068712,9556.3218806
554,63181.1575095,1,-1.0228071191506338,102.57329766731152,329.26625077535255,9.788363053297397,32.14528713457471,4.698409068376009,31.71096783709025,49.82217564403,206.8982991001031,9574.014572400003
555,63197.9565963,1,-1.0218527295027977,102.57329766731152,333.4199016547496,9.787075058595475,32.08627026190584,4.976538410141771,32.426033817555656,53.025333439578716,208.29700358129722,9590.813659200001
556,63214.6560445,1,0.9957260408190428,102.57733919512388,329.2868066582125,9.854704925399831,32.09726974188054,4.978056267547656,32.26420039852081,37.183547453288135,208.19926183370765,9607.513107400002
557,63231.7430021,1,-1.0229394353576335,102.57356217220354,329.2868066582125,9.787184638992779,32.08076490730007,4.85646842489496,34.50266456870085,50.39817542527548,208.42492795804432,9624.600064999999
558,63249.9470546,1,-1.0170924092784595,102.57330681071107,342.312446159598,9.854454369148792,32.153981500389605,4.955674813761743,31.71096783709025,39.08317654258654,202.11804023921547,9642.804117500003
559,63268.1692391,1,-1.0228663802651745,102.56649572396009,329.1276890076217,9.787184638992779,32.15611071380505,4.892095948518297,31.78889785332597,49.21280195593418,207.00405467808068,9661.026302000006
560,63285.4656721,1,-1.0210703548171647,102.68325046210674,333.6151173011252,9.854454369148792,32.153981500389605,4.971381385190429,34.10724521759769,37.88562787012144,208.30611961488017,9678.322735000002
561,63303.6032115,1,-1.021584894614433,102.56660204258743,333.4199016547496,9.787075115637245,32.156918412110095,4.982030365907359,32.426033817555656,53.025333439578716,206.95762271854437,9696.4602744
562,63321.0581346,1,-1.0226492728789685,102.37050665189547,330.55319368177175,9.787184581951008,32.08546256360079,4.892095948518297,31.78889785332597,49.21280195593418,208.3434354699169,9713.915197500006
563,63338.0984413,1,0.9840762297997776,102.5735573902483,329.2868066582125,9.853863564130764,32.08076490730007,4.85646842489496,38.77291164413442,53.11897323953309,208.4294890094925,9730.9555042
564,63355.7376335,1,-1.022070052649778,102.57330244926676,333.4199016547496,9.787916419864542,32.08627026190584,4.976406925395238,30.129425845623285,50.30453562532111,208.29244252984904,9748.594696400003
565,63373.3969103,1,-1.022789968552141,102.57733919512388,329.28729129275985,9.788359273426678,32.09726974188054,4.665163477365573,32.26888266223561,50.32943581836362,206.8744603470649,9766.2539732
566,63390.3101033,1,-1.0114712582553185,102.57329766731152,329.2657661408052,9.787188418863497,29.858737031255146,4.698409068376009,31.71096783709025,49.82217564403,208.22310055897327,9783.1671662
567,63407.9679417,1,-1.0181383167629616,102.5735713156031,329.2868066582125,9.787184638992779,32.07566558926161,3.863238256081568,34.47976737456294,39.65917632382518,207.00575317510214,9800.825004600003
568,63425.1512842,1,-1.021927825638629,102.67644851875532,329.2868066582125,9.787184638992779,32.16121003184352,4.887070408313488,34.20806868446721,37.276254181953185,206.94873471658371,9818.008347100003
569,63443.0356033,1,-1.0229990766136385,102.57324661944074,329.25674546169284,9.786525407327272,32.08643113844262,4.976406925395238,32.27012382414634,49.82217564403,208.54816027204959,9835.892666200001
570,63459.8836819,1,-1.019126949945703,102.57739024299468,333.44996285126916,9.855254576668035,32.097108865343756,4.978187752294189,32.42011039193014,28.069043642708962,208.19926183370765,9852.740744800001
571,63477.5572145,1,-1.0152936329695894,102.57329766731152,329.26625077535255,9.788363053297397,32.14528713457471,3.5721094341630217,31.166060903635568,49.82217564403,206.8982991001031,9870.4142774
572,63494.7750591,1,-0.9320561374805025,102.57329766731152,329.26625077535255,7.3954467231396865,32.14528713457471,4.891215222637874,31.71096783709025,49.82217564403,208.30611961488017,9887.632122000003
573,63513.001925,1,-1.0216763551997903,102.57329766731152,329.26250143906145,9.60022290227869,32.153981500389605,4.845067185020621,34.59437327215426,49.82217564403,208.30611961488017,9905.8589879
574,63530.2148598,1,-1.0220581068919914,102.57356217220354,333.48030486968554,9.854253463121482,32.08076490730007,4.987808165269577,31.619289951961857,50.39817542527548,208.42492795804432,9923.0719227
575,63547.9818551,1,-1.0227256534658358,102.56667390205072,329.11885419504546,9.787184638992779,32.15611071380505,4.629216137390517,31.75891138385655,49.31546433351565,207.00405467808068,9940.838918000001
576,63564.2467421,1,0.9958291991834668,102.57716101703326,327.3978263944685,9.919296403518029,32.09726974188054,4.928043288493353,32.29886913170993,59.60140612429717,208.6371033881579,9957.103804999999
577,63581.8807456,1,-1.0187130085850373,100.0538464959296,329.2863941116263,9.787184638992779,32.09726974188054,4.745649686205097,31.03095152951311,37.183547453288135,208.19926183370765,9974.737808500002
578,63599.2241248,1,-1.0106627625801754,102.57329766731152,329.2666633219388,9.138703748156091,32.14528713457471,4.895224621036738,32.222407160949956,49.82217564403,208.55856480419018,9992.081187700001
579,63616.7690148,1,-1.0220700999709997,102.57733919512388,329.2868066582125,9.787184638992779,32.09726974188054,4.978187752294189,32.26420039852081,37.183547453288135,208.19926183370765,10009.626077699999
580,63633.8476965,1,-0.9827081161201313,87.63022647698045,350.76980935074437,9.854454369148792,32.153981500389605,4.976406925395238,38.28766355571611,49.82217564403,208.30611961488017,10026.704759400003
581,63651.2678161,1,-1.0220332089639934,102.67644851875532,329.2868066582125,9.788398902601095,32.14532971605907,4.88709844715378,34.963624378182104,37.276254181953185,208.34493805804163,10044.124879000003
582,63668.3774502,1,-1.0222428860693662,102.57329766731152,329.26625077535255,9.78714878968908,32.1560681323207,5.2267065664587165,31.71096783709025,49.82217564403,206.96523616901578,10061.234513100004
583,63686.1396726,1,-1.0225307277129492,102.57356350965468,329.2868066582125,9.787171583894178,32.08076490730007,4.893358280098348,32.21617331994193,39.65917632382518,208.51543411614435,10078.996735500004
584,63702.4734171,1,-1.0226476897054386,102.57325442538915,329.25674546169284,9.786538462425874,32.08643113844262,4.97088141793616,34.556615700035195,49.82217564403,206.98315897724208,10095.330480000004
585,63720.2208788,1,-1.018610377508691,102.57798916396223,329.2868066582125,9.787184638992779,32.10108800043255,6.020409380923146,32.26888266223561,50.32943581836362,208.21327731094442,10113.077941700001
586,63737.4739491,1,-1.0089548661179697,102.56602393321236,356.57766893753694,9.787184638992779,32.15229245525304,4.62881993655747,31.75891138385655,49.31546433351565,206.9900391907399,10130.331012000002
587,63755.3775996,1,-1.0231510217723232,102.57356217220354,329.2868066582125,9.787184638992779,32.08622889939309,4.868584846086667,30.44931644869189,50.39817542527548,208.42492795804432,10148.2346625
588,63772.43348,1,-1.0220120637715413,102.57330244926676,333.4199016547496,9.787916419864542,32.080806269812825,4.9642905042035315,34.235907737764826,50.30453562532111,209.13114855344523,10165.290542900002
589,63790.0801916,1,-0.9796480343116942,94.9383184437367,329.2868066582125,11.132241662998107,31.18737746219417,4.978187752294189,32.26420039852081,37.183547453288135,208.19926183370765,10182.9372545
590,63807.7904842,1,-1.0226467487089024,102.37050665189547,330.55319368177175,9.787184581951008,32.08546256360079,4.892095948518297,31.78889785332597,49.60889851122326,208.3434354699169,10200.647547100001
591,63825.5305625,1,-1.0061729138490985,92.3278911949646,329.1276890076217,9.787184638992779,32.15611071380505,4.883671255493972,31.78889785332597,49.21280195593418,207.00405467808068,10218.387625399999
592,63843.0188257,1,-1.0227359443729345,102.56667390205072,329.11885419504546,9.787184638992779,32.15611071380505,4.637640830414842,31.75891138385655,49.31546433351565,207.00405467808068,10235.8758886
593,63859.9766806,1,-1.0012650472271691,102.57324661944074,329.25674546169284,8.886705296849659,32.08643113844262,4.976406925395238,32.27012382414634,49.82217564403,208.41078455447297,10252.8337435
594,63877.2322596,1,-1.0228532272475483,102.57356217220354,329.2868066582125,9.786513577982896,32.08076490730007,4.85646842489496,34.50266456870085,44.17896549532965,208.76629513098626,10270.089322500004
595,63894.7181004,1,-1.022173316362626,102.57733919512388,329.2868066582125,9.787184638992779,32.09726974188054,4.754285923183007,32.17666857190151,37.183547453288135,208.19926183370765,10287.575163300004
596,63911.3548792,1,0.9936095160242402,109.08217392810931,329.2868066582125,9.787184638992779,32.09726974188054,4.978187752294189,32.26420039852081,37.183547453288135,208.606933350916,10304.211942100002
597,63927.3579471,1,-1.0220422557288362,102.57310500240511,329.2642517951187,9.787184638992779,32.14688927100399,4.978187752294189,32.26420039852081,37.183547453288135,208.2285859449643,10320.21501
598,63943.4249729,1,-1.020608910737528,102.5775318600303,329.2888056384464,9.788363053297397,31.185857476266495,4.672299886096915,31.71096783709025,49.82217564403,206.8689749569144,10336.282035800003
599,63958.3845624,1,-1.0228257702603702,102.57329766731152,329.26625077535255,9.788363053297397,32.14528713457471,4.886588384058829,31.71096783709025,49.82217564403,206.85258303156786,10351.241625300005
600,63972.1249904,1,-1.0229951202419414,102.57329766731152,329.26625077535255,9.788363053297397,32.14528713457471,4.698409068376009,31.71096783709025,49.82217564403,208.35183554094004,10364.982053300002
601,63985.3892558,1,-1.0231510217723232,102.57356217220354,329.2868066582125,9.787184638992779,32.08622889939309,4.868584846086667,30.44931644869189,50.39817542527548,208.42492795804432,10378.246318700003
