iteration,swarm,particle,feasible,violation,annual_carbon_offset,NPV_over_CAPEX,clearance,sp,p_rated,Nwt,wind_MW_per_km2,solar_MW,surface_tilt,surface_azimuth,b_P,b_E_h
1,0,0,1,0.0,-378827.42493570514,-2.6016664958937255,70.36948543200572,314.4302986195871,14.041450641074658,29.51974323486036,4.812893194050142,139.80199922133153,39.38284901364233,203.5063800469248,193.45929689018527,17.803894677727996
1,0,1,1,0.0,-10843.145911616395,0.9065116454715012,97.0897541890931,284.6231871604647,13.520668416408984,46.65184872316975,1.6393245237809824,44.81198094926192,1.8196557696293147,199.95719073287628,160.06821517097308,35.32043733688549
1,0,2,1,0.0,-35790.08958020501,0.6732508456276378,117.64801764560404,327.8653702746758,11.922190433793977,40.123812932890495,2.064469832820399,138.78657362567907,12.901795866814176,206.68013502297504,113.9326979150129,18.92782983965885
1,0,3,1,0.0,-36902.2280597219,0.6252100481235309,39.101117331508966,323.87739030947466,11.842254983248228,30.579527699089184,1.1691082039271963,134.9980345028991,55.088615045017924,187.01603981248542,189.87465413263234,28.545530767725403
1,0,4,1,0.0,-153930.97435640107,-2.299712693116564,49.54586906311646,269.9251126078946,15.464467938908973,7.7101462233171425,7.0009004390110094,144.00843783508708,18.934430496645682,157.7355778592912,76.7771031663531,17.093587753934415
1,0,5,1,0.0,-13854.800251473032,0.7052586210600005,72.72164474596676,270.17624215397126,19.825607570888394,9.592016483661263,2.8798908048535123,57.422618040449365,58.77974929188586,165.19749615238692,103.93593911413514,12.7993213120577
1,0,6,1,0.0,-18694.18104775523,0.6064581189827881,27.48665420100717,217.66002258628882,14.844943841979102,11.21823281068762,2.7692412551204812,92.6832790123639,73.88939068631416,155.82607654758368,170.8300833497847,7.45954268418267
1,0,7,1,0.0,-9052.705878857481,0.9471856228519087,117.41054115147354,274.9841922636323,19.651416322855056,32.218048388527066,7.653372214584715,36.66192468323452,25.45262663187686,157.21179367279012,73.30523555398608,8.274197882352786
1,0,8,1,0.0,-231934.06698645372,-2.024002362612467,44.97814973333736,266.2820791223472,5.962212445231765,36.16124537165089,6.099413087859176,75.11621345970572,47.09232481200297,155.6364306455065,123.67036920011228,37.45466311274371
1,0,9,1,0.0,-257034.78714338067,-3.650109017117533,45.0425847696456,306.7856607941891,6.976967936065883,37.23472418533545,3.60465483652481,61.14253154120986,52.78616413290749,151.20645277124962,169.20920525912535,4.169037142931694
1,0,10,1,0.0,-34119.03591561842,0.827584298730376,84.55981904758531,243.20127571074636,16.027910331838925,48.29848453028472,3.238778291679622,127.94674685103227,53.28377381446551,184.33511434745242,60.154693875311295,38.29896441461146
1,0,11,1,0.0,-287186.8067994286,-2.03001315430277,59.18379164793901,335.42538759538047,15.492189129762565,18.384662788481016,8.324180377322296,97.40597594398739,79.29928774000454,184.8763723581515,178.7123651338735,28.931137242799572
1,0,12,1,0.0,-30342.256088379774,0.7934141549553921,89.77797078016046,280.21190110827234,19.34125452084836,33.97955896533368,4.814695437023618,133.08684640174715,1.7273878478400173,168.09448900047295,138.8312367486833,14.442793859575985
1,0,13,1,0.0,-169155.75534928605,-2.165827959047735,77.98169718987256,268.6029921513226,7.032110963336754,18.422704668021385,6.129684196311384,130.44836941218944,51.689272396462094,189.19204919142803,137.378588600304,19.531063675623063
1,0,14,1,0.0,-37457.38100873288,0.7228882686451253,108.62012554361694,258.8098992076634,11.537973878984403,45.13655097570525,8.255745901414771,149.66105920186226,9.0204198581071,205.1689568246804,148.56343391884005,39.95849223644319
1,0,15,1,0.0,-41693.47522257184,0.2580618561793479,26.43931351237931,338.90016917891427,7.437394020145622,32.70018039277299,2.1143798456449736,174.16139898477985,72.65870628525096,184.1460443168756,93.29299350067994,6.490011836384969
1,0,16,1,0.0,-39408.89338442815,0.7449179374270996,86.71716504590201,272.56682922849103,15.830833992055219,43.987204666788315,9.779693545025973,175.48656820674387,1.0542675766501775,171.59868386870184,151.39830123633044,10.178668381411859
1,0,17,1,0.0,-70682.58706723474,-1.8550637882876495,67.31402668245423,208.69407813428057,7.999947873446001,5.833480750727629,8.143279330216785,68.06719697026463,31.08165126272124,205.68487760793545,146.7945923462359,5.146201463127083
1,0,18,1,0.0,-238657.4858525138,-2.6131285105200726,28.116357214770403,299.43654423996213,13.658428829062514,15.705176961852889,9.407925981323144,134.37421251420233,48.20695227224625,185.39459858127427,151.42196531301855,15.230019837265667
1,0,19,1,0.0,-352786.777316498,-3.4083881601273514,53.80431684377011,233.57499983601954,7.792895088205043,47.496757549277014,7.655957155443588,113.37799746498641,20.46731651759909,165.26138890622357,30.44524885829761,19.638998520092347
1,1,0,1,0.0,-10817.479019950259,0.741104831261919,44.297547019351285,311.4149582104735,10.666277589387214,13.082165490183566,1.222108555521981,41.43243734875226,61.14534961487106,177.2218106733627,116.58425799957,36.28016654945232
1,1,1,1,0.0,-41269.77476238787,0.5583239990566705,118.93728421363748,234.70351750375585,14.946173046501512,16.84950695317178,1.1858589951915581,158.92437115214403,28.801543574022105,173.00783365031387,125.89708043964903,33.917744388502854
1,1,2,1,0.0,-43777.794473070106,0.591031266699373,79.18800279502636,339.62410487158326,9.103130522234537,40.91210752606537,2.6707234987535697,191.9745816852306,61.87394487490337,162.9304606268135,190.52670628800635,30.310809043725683
1,1,3,1,0.0,-27125.17322162652,0.27059145787082856,37.93358068545284,234.12991637879713,12.773010708959948,6.154822312453921,2.8672306789699844,102.19652968775607,33.6752982300803,177.81452546188865,69.97316713305175,25.124236472494076
1,1,4,1,0.0,-22810.324294010952,0.5259566804682881,105.02411665155546,218.8050969539253,12.760686607311712,10.943064785531899,7.451737130733343,97.33014947723994,50.88791806726581,160.99679017284473,46.0725966818079,21.570026103362366
1,1,5,1,0.0,-383877.1831731483,-2.1623861561061597,49.11740116349512,350.46911124045005,16.479878807104477,38.68986289327463,9.133477657713401,44.181814025143154,49.69732229301659,185.06856413734613,193.1485481385012,14.51731096453176
1,1,6,1,0.0,-291006.31163361465,-3.5794910852716053,36.49116579069915,216.04703076247966,5.246444443872113,46.828819255648575,7.02924891931819,163.4759950439334,25.355709517855416,185.1846099711796,31.5119479017766,21.482593453646423
1,1,7,1,0.0,-44944.60540868347,0.6373030549304993,117.52446537188915,340.2408392506545,10.072384277552684,48.27065695436743,3.0853146382408405,191.38419981066585,84.72399342358487,197.9521552411435,133.4806286360224,35.474366798498096
1,1,8,1,0.0,-90356.54631333165,-1.2194867948926877,42.23223129585764,335.83096885006694,14.268150378762858,5.595658599150477,4.1251016613899765,55.183946361188056,88.36464508364278,178.70221842239928,109.53044578975928,27.02101059035405
1,1,9,1,0.0,-17600.717111190566,0.7510724631654606,50.544306674257925,221.90404346969584,17.331765997913685,13.543156035624108,5.601870842918104,68.13389492570568,8.806003604463065,201.731491045301,195.12550802416345,38.59004769026801
1,1,10,1,0.0,-16558.757300921945,0.32923385081187606,109.72110491432969,323.84757323178223,9.997177280429629,8.649562549459855,4.665170542724266,69.47980416906026,11.923887128218468,153.20563090720952,150.60698555790418,4.4113885105011175
1,1,11,1,0.0,-83735.17589187392,-0.6238269622487999,94.76388233530538,223.51146326406,6.192831238801336,9.032136540737241,7.04843026618523,71.71242567498362,37.84855200120886,183.44212747943502,174.8992112891829,30.17359345760782
1,1,12,1,0.0,-145191.2805964172,-2.505595968341961,39.736069576258615,221.03724788658042,5.8306148063179695,18.57193855164241,3.3590633431571044,107.54389635608155,61.49532019929124,191.73752673833144,71.03339238479,17.677370412404336
1,1,13,1,0.0,-226010.85374020756,-2.9854744376596902,29.926605791059334,326.16728196904296,5.852721146498604,36.36487587762443,8.00825856346993,162.15928551428803,23.348030791081943,172.42878827595368,125.76793433535002,13.821588487280813
1,1,14,1,0.0,-102970.31909661334,-0.8918609838304828,50.79380791396776,231.52868482970234,11.897838256340112,7.007553556435134,8.198162961135562,43.082595987727565,46.695163394837344,168.40860597271177,123.95773078964758,38.539600270003305
1,1,15,1,0.0,-35173.25295226396,0.6510112834627587,81.01272689016042,205.65798972087856,11.456036592620919,27.95075835432126,5.825597452331068,145.83672680265244,24.983648795858947,157.7316339279792,90.68162177847698,38.43060602065416
1,1,16,1,0.0,-319921.1073379853,-2.1990545620459083,30.58439809259292,344.6374327885179,13.157089251159896,25.561013974059463,8.938372692069006,107.96267350065959,65.17508729503889,173.94151930218612,182.7279907221724,28.840900726884186
1,1,17,1,0.0,-15856.32490677423,0.8667393591899039,86.95842596755683,252.43526424913904,16.351679641053337,33.62274749512136,3.160182460417386,57.291599822493595,71.67523270655985,207.54999618211335,102.46498890680772,25.275429951652658
1,1,18,1,0.0,-37633.849607954566,0.7507160893031367,104.349490861291,273.1557525366171,19.278117152491042,30.90880229201926,8.386904086311834,184.50343213016552,73.3971436891712,159.56486780693734,133.20171903110605,18.343633310308377
1,1,19,1,0.0,-47732.733546418815,0.5322118097123513,16.898424722568027,267.8451603023747,8.880261003341115,43.20672387928298,1.2997416389202656,193.0270627167905,31.983196362473667,171.40241342415257,22.93913048306742,10.668363708502621
2,0,0,1,0.0,-370571.69831538666,-2.8353082879705744,67.32827805675687,333.6625541147487,12.359833348003997,35.13054255669677,5.744004291027656,137.620129314131,35.015711234202485,199.01648141881296,199.22831809661974,13.097286559801093
2,0,1,1,0.0,-393298.7774734227,-2.250571936580903,75.0897541890931,286.60455498955093,12.275186348738021,37.65184872316975,3.439324523780982,78.81198094926192,19.819655769629314,192.0221224094585,155.35842276092575,28.12043733688549
2,0,2,1,0.0,-39334.1939010588,0.5238499558389291,95.64801764560404,334.9747405222711,11.556598342548156,31.123812932890495,3.864469832820399,139.4072305655683,30.901795866814176,197.07539360872485,144.9459971368124,16.18965556832071
2,0,3,1,0.0,-38275.06096018727,0.5976762945588587,61.101117331508966,328.5286882321136,12.53288402715161,32.150689348587775,2.9428452099839104,134.60484210486214,46.26402818971144,192.2776627885423,200.0,21.345530767725403
2,0,4,1,0.0,-296936.64870012354,-2.737613725743086,59.03553581166855,301.9251126078946,16.29227332303095,16.710146223317142,5.20090043901101,133.65461717991926,36.93443049664568,169.7355778592912,112.7771031663531,21.61943563710763
2,0,5,1,0.0,-152584.5347015884,-1.9266225494324256,63.28063279863192,295.99392001568174,16.825607570888394,7.50950363052055,4.679890804853512,91.42261804044936,52.85722133910742,177.19749615238692,139.93593911413512,19.008518752977203
2,0,6,1,0.0,-289509.81640727527,-2.3557512830242078,49.48665420100717,218.4724501911415,13.91555613925966,17.09086021586878,3.5664234382152884,126.6832790123639,57.1774184045289,163.33607836017117,199.13574002583113,14.659542684182671
2,0,7,1,0.0,-18347.297453674844,0.8812528052514274,102.12550152141287,306.9841922636323,18.847972879451106,35.66872862136064,7.996643504353348,70.66192468323452,40.512950535736934,169.21179367279012,109.30523555398608,15.474197882352787
2,0,8,1,0.0,-300150.54979821306,-2.2196401847967633,59.747793742886294,269.7464487069212,8.962212445231765,30.07756311747889,4.299413087859176,99.21204707220238,37.953295188110914,167.6364306455065,159.67036920011228,30.25466311274371
2,0,9,1,0.0,-298474.584432508,-3.806350854913301,38.10715072156758,310.9175835547194,8.643364800608405,36.05956434286588,3.7358920937885762,50.273203279262404,51.663356699048165,150.0,156.5292438993071,4.228170291890803
2,0,10,1,0.0,-26032.56716532056,0.8138221167342364,62.55981904758531,247.76360331498094,13.027910331838925,43.876692621405304,2.8307148139105527,106.8902270477056,62.048862161158524,172.33511434745242,96.1546938753113,31.098964414611462
2,0,11,1,0.0,-329336.6706306055,-2.5475585471404814,37.18379164793901,325.71186026507064,12.492189129762565,27.384662788481016,6.524180377322296,88.38920887404208,61.74665658493645,172.8763723581515,185.7804430286568,21.731137242799573
2,0,12,1,0.0,-24694.578428467285,0.8170660594859858,73.29849301123116,271.01531115598135,16.34125452084836,37.8803420872765,3.014695437023618,101.9063644977367,19.727387847840017,156.09448900047295,150.72866060406375,7.242793859575985
2,0,13,1,0.0,-181212.68734264385,-2.4594606541790913,63.2977255847239,300.6029921513226,7.522459861190733,20.884624815411,4.329684196311384,100.83434601703841,54.068644481429004,177.19204919142803,173.378588600304,12.331063675623064
2,0,14,1,0.0,-332045.94853726024,-2.112895195340398,86.62012554361694,274.05990514260924,8.537973878984403,36.13655097570525,8.722507120745961,115.66105920186226,15.091774430012755,193.1689568246804,168.1052375111289,32.75849223644319
2,0,15,1,0.0,-257059.57128708466,-3.4999203135125616,41.05619518593551,306.90016917891427,6.9468621061876625,34.06493048788362,3.5898032723441577,140.16139898477985,54.65870628525096,180.90187356141283,129.29299350067993,7.548435170431322
2,0,16,1,0.0,-35666.46945005539,0.7180901015907303,90.24794679625522,266.3556733125863,12.830833992055219,45.324764649536306,7.979693545025973,147.41841961212484,19.054267576650176,159.59868386870184,176.8322063069676,7.761704141954865
2,0,17,1,0.0,-112451.97034969198,-2.1951297608691314,79.42228860055809,240.69407813428057,6.280185585682993,14.83348075072763,6.343279330216785,48.62308640297847,32.83128805007838,193.68487760793545,147.5892424560076,8.328331077752727
2,0,18,1,0.0,-268401.63252160215,-2.8127515823070057,25.246769569559138,310.93624944635104,10.658428829062514,24.70517696185289,7.607925981323144,100.37421251420233,39.28100115895966,173.39459858127427,154.5037500504414,17.09101973942895
2,0,19,1,0.0,-332334.3028309839,-3.7770505277781776,50.46640017772679,265.5749998360195,8.179534316555955,42.17330630855382,5.855957155443588,93.16790418546591,38.46731651759909,158.72361424957077,28.359839122180517,15.208697683664967
2,1,0,1,0.0,-143944.91922531533,-1.4207007633404887,35.88748076454659,307.4015016405618,13.666277589387214,8.836236387879431,3.022108555521981,75.43243734875226,50.1586034694638,178.67726851432153,152.58425799957,29.08016654945232
2,1,1,1,0.0,-38360.90873610684,0.6404832557097347,104.06103120738133,239.94791318524955,16.764066777288832,19.027900405789374,1.0,139.2834953963674,41.63753013742124,185.00783365031387,129.41353055283093,37.43522821545567
2,1,2,1,0.0,-375548.62647599116,-2.5163773341218265,64.20393398219576,328.55816536159256,12.103130522234537,31.91210752606537,4.47072349875357,200.0,54.45453533553566,174.9304606268135,185.28752804063308,23.110809043725684
2,1,3,1,0.0,-261386.32867175704,-2.531468570503443,45.38377149870367,226.87233932767373,13.953884828275202,15.15482231245392,4.667230678969984,136.19652968775608,30.82576341574798,182.79862379223428,105.97316713305175,21.571234982120593
2,1,4,1,0.0,-33932.24260467954,0.5949553848053583,99.09596437280155,250.8050969539253,15.760686607311712,19.9430647855319,7.052139275286489,131.33014947723996,44.14899442639489,172.99679017284473,82.07259668180791,16.944148242948266
2,1,5,1,0.0,-366748.87270416424,-2.3138658768189315,49.04892992451564,354.10158168975846,15.394418375272135,34.51958301050206,10.0,30.0,48.95696907175203,178.614575359201,190.98430970960212,19.355331214062236
2,1,6,1,0.0,-337617.9923717227,-3.3828431146905382,39.91870859696339,248.04703076247966,8.246444443872113,39.05774569845966,8.829248919318191,129.4759950439334,43.355709517855416,182.48401586805517,67.51194790177661,20.051011943410032
2,1,7,1,0.0,-40704.06792191216,0.6682577144842949,95.52446537188915,341.8369213664501,13.072384277552684,39.27065695436743,4.885314638240841,182.06555429944058,86.31677292525275,191.39719790085647,169.4806286360224,28.274366798498097
2,1,8,1,0.0,-163372.73925707283,-2.0293666529272487,45.31029210439,344.8278956222769,15.42585690827753,10.406471974083239,4.249111198631718,47.76305518657965,88.62574505956034,185.8953615135787,145.53044578975928,19.82101059035405
2,1,9,1,0.0,-11383.90889737966,0.8490595530939072,61.49317080250091,253.90404346969584,17.072030013068826,22.543156035624108,7.401870842918104,39.43269118390751,26.806003604463065,189.731491045301,193.40907384341472,31.39004769026801
2,1,10,1,0.0,-123313.39607926608,-2.0644972283296106,87.72110491432969,338.33240146021944,12.997177280429629,8.925712626292059,5.703049942967433,48.16069584533118,17.89361403208484,152.24041219649132,141.04433160900774,11.611388510501119
2,1,11,1,0.0,-185943.55787412357,-1.7368144779432664,72.76388233530538,246.50146383460876,9.192831238801336,18.03213654073724,7.718085187915116,37.71242567498362,44.35407120908136,186.19792918444588,191.53055892028203,22.97359345760782
2,1,12,1,0.0,-268732.16948994633,-3.052624154061469,59.22674521323201,253.03724788658042,8.83061480631797,27.57193855164241,5.159063343157104,73.54389635608155,56.98414065418344,194.5436754333912,107.03339238479,14.865358577458323
2,1,13,1,0.0,-304716.7113239413,-3.277030726835645,30.42720742697796,344.0614629444974,8.852721146498604,36.48433612420279,8.540694927930417,128.15928551428803,38.08262834771885,175.50105521036798,161.76793433535002,11.25950056895986
2,1,14,1,0.0,-206205.73915423243,-1.7572753880559373,35.88424755598078,263.52868482970234,12.284595103805065,16.007553556435134,9.862094327075885,30.0,57.190887099142415,174.90334489519176,151.86058991681082,31.339600270003306
2,1,15,1,0.0,-28824.518907248374,0.7811470653535229,72.6877917626069,237.65798972087856,14.456036592620919,36.95075835432126,7.625597452331068,111.83672680265244,42.98364879585895,169.7316339279792,126.68162177847698,31.23060602065416
2,1,16,1,0.0,-346942.53899187205,-2.237875164096995,44.556324551013844,351.3734571341721,16.157089251159896,24.94978367608473,10.0,73.96267350065959,60.433319349607004,185.94151930218612,200.0,25.102587969712253
2,1,17,1,0.0,-380728.2830989488,-2.381601697137668,64.95842596755683,284.43526424913904,15.323736345568674,32.565098718157714,4.960182460417386,30.958715593434704,68.52317644072149,195.63659027535584,138.46498890680772,18.07542995165266
2,1,18,1,0.0,-39016.333892741626,0.7626876550049555,82.349490861291,305.1557525366171,19.384893150131777,38.75543565595345,7.407038647664422,159.54383977396697,59.29745855672685,171.56486780693734,169.20171903110605,11.143633310308378
2,1,19,1,0.0,-366969.9947105016,-3.203399748104494,38.89842472256802,299.8451603023747,11.880261003341115,37.05381693126881,3.099741638920266,159.0270627167905,41.284021643184815,181.70167549725923,58.939130483067416,11.347260146898396
3,0,0,1,0.0,-312802.8376822648,-3.0075476244712283,46.53201879052028,318.29082180861764,9.359833348003997,32.322628294248794,3.944004291027656,103.62012931413099,53.015711234202485,192.7833324009254,189.41533001692287,14.173415841426207
3,0,1,1,0.0,-341393.74265019584,-2.754450741416634,53.0897541890931,314.4863004319799,11.072214608554043,31.41461888103092,4.75460897561846,90.12646756725482,37.819655769629314,180.29238769391804,166.0771120950088,20.92043733688549
3,0,2,1,0.0,-301816.16663506476,-3.244091840653709,73.64801764560404,333.42804315731837,9.94639626195447,29.729543215047972,4.850097186019976,105.40723056556831,48.901795866814176,185.07539360872485,180.9459971368124,8.98965556832071
3,0,3,1,0.0,-358844.215013421,-2.897388354986383,55.84361976954338,306.6037038296554,10.665890016020189,36.11657696643331,4.74284520998391,100.60484210486214,46.15886462598402,182.27866303537374,200.0,14.145530767725404
3,0,4,1,0.0,-332232.54739858495,-3.073686725580468,44.98081174165907,325.1514178288236,13.292273323030951,25.710146223317142,3.56278331926134,99.65461717991926,52.01373485592382,162.32465602908903,148.7771031663531,14.419435637107632
3,0,5,1,0.0,-255194.0549513552,-2.7561538664019842,48.690083994674126,319.61443290010993,14.691803233702407,16.50950363052055,5.677555364365475,105.71235855912906,48.72570189269216,165.19749615238692,173.94919977526843,11.808518752977204
3,0,6,1,0.0,-282848.1935734097,-2.4003146693441706,64.00149548579567,250.4724501911415,10.91555613925966,21.902331887607755,4.1411404710464135,140.99199679008785,42.344878363337315,153.51666702378648,182.01275116676766,18.383224287136898
3,0,7,1,0.0,-20350.49916542753,0.8495614971827887,80.12550152141287,329.0457567864096,15.847972879451106,38.88942075560544,7.217178435501589,89.75899835574192,58.512950535736934,157.21179367279012,145.30523555398608,8.274197882352787
3,0,8,1,0.0,-27488.646871790028,0.6618408127330556,56.26579125815451,301.5235103157987,9.64344837462134,34.014832974397464,2.866303212099596,106.13580434709066,41.228145821544715,168.0476088997578,185.67896163660083,23.05466311274371
3,0,9,1,0.0,-311331.4150969698,-3.786700186681898,33.300894926249505,313.78100602776686,9.798177827736371,35.24517857203447,3.8268395130723665,42.740758793732816,50.885251147383656,150.0,147.74203067695305,4.269149564119465
3,0,10,1,0.0,-347489.03473789635,-2.8088119360240116,40.55981904758531,279.76360331498097,10.027910331838925,34.876692621405304,3.67672104644837,72.8902270477056,53.9177372508602,164.08352179555857,132.1546938753113,23.898964414611463
3,0,11,1,0.0,-322001.38153309905,-3.182532016949899,22.372271409664876,307.60931651745614,9.492189129762565,36.384662788481016,4.724180377322297,64.10418175126365,43.74665658493645,160.8763723581515,150.79054111540358,14.531137242799574
3,0,12,1,0.0,-376415.7753383794,-2.627055749407139,73.20957456493856,297.2664881298665,13.34125452084836,38.18749799757601,4.646554485667293,102.70074916932596,37.72738784784002,153.12521965224295,163.41389102172855,6.798540013805526
3,0,13,1,0.0,-16582.49639918139,0.624391709911081,41.2977255847239,332.1885542654405,8.449212236286797,27.011063513226624,2.7143099491681317,66.83434601703841,55.5572006281286,165.19204919142803,183.15751723455514,5.131063675623063
3,0,14,1,0.0,-212121.6720440317,-1.957939828196859,64.62012554361694,306.05990514260924,6.610339779041991,29.817689214468,8.2026000853459,81.66105920186226,33.091774430012755,181.1689568246804,181.1906639869302,25.55849223644319
3,0,15,1,0.0,-280307.72281531885,-3.382369339510949,50.88340366230847,287.74222073439574,7.3359607825621485,35.863931653163334,4.690267261761804,106.16139898477985,39.58499753847612,168.90187356141283,165.22058190202924,7.6356531235337854
3,0,16,1,0.0,-342759.79315967986,-3.2052197445942503,89.06015441363571,275.2725857890782,9.830833992055219,36.324764649536306,8.294856716262622,113.41841961212484,29.764710016285253,159.86976959985375,140.8322063069676,7.393096145471333
3,0,17,1,0.0,-174009.86251620238,-2.7872975831434044,57.42228860055809,272.6940781342806,6.839029300752675,23.83348075072763,4.601645721247735,37.318602534644405,50.83128805007838,181.68487760793545,152.13240035335537,9.137332852270378
3,0,18,1,0.0,-250303.6915757355,-2.9292046409087042,41.41904751522627,318.9034281434341,7.6584288290625135,33.1497942950793,6.332720604493392,66.37421251420233,35.21073298699367,161.39459858127427,158.76047251065555,14.978477209584508
3,0,19,1,0.0,-305997.354814862,-3.841775646425263,49.65760150483782,297.5749998360195,8.293904377746586,38.09180196103931,5.266812842322022,59.167904185465915,55.075864246671856,151.4321595880598,64.35983912218052,9.857530532877238
3,1,0,1,0.0,-149497.7983133812,-1.538069024838593,55.157747851410605,296.2563951190712,15.470682750624025,7.588621066150702,4.285299237401226,100.37101141596415,32.1586034694638,190.67726851432153,179.50831650699882,22.78910057786679
3,1,1,1,0.0,-29293.220812551725,0.7097739789780705,82.06103120738133,271.94791318524955,17.090055316276867,22.71379005066142,2.8,105.28349539636741,23.637530137421237,197.00783365031387,165.41353055283093,32.33407415859755
3,1,2,1,0.0,-380055.1173344893,-2.7118950449288657,69.73680295350067,317.7879274467832,14.423040309518745,27.852081254504306,4.5456949869307195,200.0,36.45453533553566,186.9304606268135,157.75826405009585,18.98501035549813
3,1,3,1,0.0,-349352.06437844556,-2.433077989166259,67.38377149870368,258.8723393276737,13.09726844866799,24.15482231245392,5.8645361702284085,132.42881993681027,19.018426531618715,192.98491985026493,141.97316713305173,27.16147655656006
3,1,4,1,0.0,-26958.619291286173,0.6951732683895815,85.0926275140091,278.91902434292604,12.760686607311712,28.9430647855319,5.633227699621064,99.57578799332589,27.98493609319483,183.36108807980665,118.07259668180791,24.144148242948265
3,1,5,1,0.0,-361331.31804970664,-2.3406200029362783,50.714800093948476,337.9690192180375,13.532420051026177,32.49175617723404,8.2,54.6737445824248,30.956969071752027,190.614575359201,177.15220296394742,26.555331214062235
3,1,6,1,0.0,-364799.46883140394,-2.9899838375998646,44.03429343874372,280.04703076247966,11.246444443872113,36.79831727458606,7.029248919318191,118.0402988037329,25.355709517855416,187.53097937702552,80.86665947143986,23.715852117932123
3,1,7,1,0.0,-45767.086863717006,0.6507166857281462,85.37123062252708,309.8369213664501,14.433019055063387,37.15681823501693,4.27017727627819,177.95889640124918,68.31677292525275,189.35666970274937,143.39138553975195,29.283699288634814
3,1,8,1,0.0,-293314.97734092147,-2.2066681571280187,51.03779242625731,312.8278956222769,14.545655145360136,19.40647197408324,4.318462858650992,71.1317153245287,70.62574505956034,193.53530373972674,181.53044578975928,25.531902498245167
3,1,9,1,0.0,-393416.9514681535,-1.9567781170158065,73.53840796219244,285.9040434696958,14.072030013068826,31.543156035624108,5.601870842918104,73.43269118390751,19.84663948634625,186.53737168655974,191.99769251042807,32.6668497770809
3,1,10,1,0.0,-245994.45129628954,-2.6271051565593004,65.72110491432969,343.1053344420426,14.044940505524425,17.92571262629206,3.9030499429674332,35.69878234905254,23.24667051024196,164.24041219649132,140.14968844621308,18.811388510501118
3,1,11,1,0.0,-330758.4547961894,-2.39032864657585,59.557658683918284,278.5014638346088,12.192831238801336,27.03213654073724,5.918085187915116,30.0,39.719935270216865,190.52586025078597,196.35266156454256,21.55881916890798
3,1,12,1,0.0,-366909.4710837745,-2.646875698414828,81.22674521323201,285.0372478865804,11.83061480631797,34.98941982680101,5.5726947503965425,57.19963709233143,42.65249545095992,193.29759974698885,143.03339238479,20.20012195612962
3,1,13,1,0.0,-370553.63771564915,-2.665559393990502,52.42720742697796,312.0614629444974,11.852721146498604,36.875838628826635,6.769555617390392,94.15928551428803,35.847463745643964,187.50105521036798,178.82517570669978,18.45950056895986
3,1,14,1,0.0,-320684.1779711506,-2.3752751348491463,56.980939865672816,286.2472948575701,12.547752771541624,25.007553556435134,8.062094327075885,64.0,40.77423537924174,186.90334489519176,175.50837791093772,24.139600270003307
3,1,15,1,0.0,-387302.7304621806,-2.370941486049452,77.67595563764601,269.65798972087856,11.666660018672307,37.580923766405235,5.825597452331068,105.68871722693156,24.983648795858947,181.7316339279792,123.04496052975904,30.541060831005066
3,1,16,1,0.0,-372890.7098300181,-2.109356763033358,66.55632455101384,333.25421252319546,16.27291906683249,28.151253119941746,8.2,54.557723736640995,42.433319349607004,195.15364739572468,200.0,26.552715926102106
3,1,17,1,0.0,-358887.3547184908,-2.75763308156249,50.77339339432049,307.34825239717134,12.411376555484367,33.75129805018165,4.207619539878121,35.986300764210384,50.523176440721485,183.63659027535584,174.46498890680772,16.50809591638201
3,1,18,1,0.0,-34557.902072671626,0.7499831504286764,72.79609057601148,287.26266905714067,16.384893150131777,38.243956863212716,5.65432307910499,125.54383977396697,41.29745855672685,183.56486780693734,164.33478837045726,18.343633310308377
3,1,19,1,0.0,-378222.0165886215,-2.7367750310048096,60.89842472256802,305.822254480066,14.403755316800146,33.04805302710832,4.5992674745860995,125.02706271679051,41.6636791315976,193.70167549725923,94.93913048306742,18.547260146898395
4,0,0,1,0.0,-217778.55474608787,-2.8531739746552254,56.54448177417471,294.3882317622351,6.690820145248642,28.176161469779093,3.3759827208737225,128.91945179872013,64.38705006124701,184.67141358609703,173.31035760302805,10.14502507913624
4,0,1,1,0.0,-316656.22423960094,-3.12903370202997,31.0897541890931,293.1821318294877,8.072214608554043,40.41461888103092,4.751436713126869,56.12646756725482,54.66453188900874,168.29238769391804,171.95720666430117,13.720437336885492
4,0,2,1,0.0,-227735.47441103362,-3.4806000564725657,51.64801764560404,319.48454015150173,7.145957203682206,31.74586039445522,4.562638787198614,71.40723056556831,64.88083183798844,173.07539360872485,200.0,4.0
4,0,3,1,0.0,-296745.93731856096,-3.4812608033587638,47.95357408827773,294.54206824383743,7.665890016020189,38.79172581060893,5.940592696428946,66.60484210486214,48.32607892670934,170.63272651514933,179.61481977544173,6.945530767725404
4,0,4,1,0.0,-14040.934427613207,0.8046859520285541,28.17650736253208,340.1624275956364,10.292273323030951,34.71014622331714,2.6129566696052873,65.65461717991926,61.99006675621685,150.32465602908903,175.7032513517057,7.219435637107632
4,0,5,1,0.0,-288977.66542264045,-3.5539122987352156,27.042275909986415,327.08353513729713,11.691803233702407,25.50950363052055,3.8775553643654748,71.71235855912906,48.75263973096495,153.19749615238692,189.8753331889885,4.608518752977203
4,0,6,1,0.0,-341111.32937492745,-2.822795335299482,59.709235517839915,282.4724501911415,10.65909054520813,30.902331887607755,3.608861735755793,106.99199679008785,60.344878363337315,150.0,152.60525109325985,18.077394758544678
4,0,7,1,0.0,-351910.32591543277,-2.9915913058369212,58.12550152141287,317.4497246121416,12.847972879451106,37.476332404758,5.417178435501589,58.017120810935225,60.7282803294129,150.0,177.92900800742876,4.0
4,0,8,1,0.0,-311070.3986311744,-2.9028263536050325,45.157504529364175,296.1617327781163,8.441450715952884,35.28413648360181,4.110607720218134,103.41655905872213,50.98049877928078,163.6327059266538,177.33329159400682,15.854663112743712
4,0,9,1,0.0,-320863.82101871754,-3.6609975694511827,30.74785909807228,313.5159149309236,10.422775973238362,35.77336736049444,3.8807988738749106,42.65392210318062,50.683699321929694,150.0,152.04499750239498,4.253318099316762
4,0,10,1,0.0,-200325.42997747083,-2.485367101195336,21.91561368600638,311.76360331498097,7.027910331838925,29.288678997834648,4.332160968618488,38.890227047705594,48.02579484168835,152.08352179555857,168.1546938753113,16.698964414611464
4,0,11,1,0.0,-326408.4345407582,-2.981983748059674,32.50695106299572,312.0825586808576,10.928705598692554,31.308212894817597,4.176207620808351,64.88882177319658,59.770714416657555,159.0329408986585,161.34035795524832,16.30136571111991
4,0,12,1,0.0,-337283.2210790861,-3.4492604866383245,51.20957456493856,328.8311210802318,10.79837840542712,38.363826904425785,4.404165110228639,85.90490317957793,55.72738784784002,150.11108367102187,162.53236725863889,4.0
4,0,13,1,0.0,-301597.3097115316,-3.8286553225309943,40.416417452749116,302.3126245848608,8.773580134315104,36.011063513226624,3.8379834611241415,33.138653626782386,49.5407378808538,154.82718261583824,155.1810809143122,4.0
4,0,14,1,0.0,-275605.82218829734,-2.642716433007457,54.475566965791,286.46581655197997,7.546058919022992,35.294712406633366,8.522032868487461,78.63599234762356,49.354536006755,169.1689568246804,146.82587210426786,21.995280016858086
4,0,15,1,0.0,-288728.11537665495,-3.6043963357130693,47.16461041289731,307.24435273279465,7.856199099713519,37.119652059210885,5.224634191863512,72.16139898477985,39.986106092215735,156.90187356141283,186.83699017097206,5.1949495100628145
4,0,16,1,0.0,-215012.43959817503,-3.4951841866342344,67.06015441363571,291.2696458926587,6.830833992055219,30.11870990582421,6.494856716262622,79.41841961212484,47.76471001628525,158.32646601490956,126.31941495980182,4.007859010950684
4,0,17,1,0.0,-8056.469203786229,0.8459785134050983,35.42228860055809,301.8003290015972,8.472183733889253,32.83348075072763,2.801645721247735,32.170792555858384,63.29429566955834,169.68487760793545,161.21334045366706,6.383325183361102
4,0,18,1,0.0,-304056.1480367716,-3.545446236891932,44.490561559736655,315.40690107402094,8.434068672315872,38.115550155263584,5.545449019644395,55.31064446129936,52.904658368573934,156.72545899434473,159.44211395038283,7.778477209584508
4,0,19,1,0.0,-305770.4425929557,-3.9738466551541025,49.88325661385356,285.2073575216904,7.709665146130507,40.49952124065216,7.066812842322022,77.6883716520426,59.320805239277426,159.89390975538365,45.51024486334907,7.553887532061779
4,1,0,1,0.0,-240525.60541180227,-2.2572820141088625,72.94714412904548,275.55676303498797,12.470682750624025,16.5886210661507,4.2593099420895015,106.63739428474621,17.86613060757835,199.70227918207306,177.99957140832836,19.4567546020006
4,1,1,1,0.0,-18161.156771078604,0.778184657884913,104.06103120738133,266.506358318906,14.090055316276867,24.46214226522668,2.231157958873601,71.31990020752939,10.995400570689135,187.81936158130554,129.41353055283093,29.622892486775203
4,1,2,1,0.0,-44245.5722528737,0.5706002905328286,75.86309198685179,285.7879274467832,14.89144092151006,26.651971727261035,3.9522452400904546,166.0,18.45453533553566,198.9304606268135,135.93005127613677,26.18501035549813
4,1,3,1,0.0,-381713.3943168488,-2.3850100780782064,70.6244607571789,280.63058931659964,12.605869718678937,33.154822312453916,4.7815814804073025,98.42881993681027,15.826105170058916,186.70506589032044,135.58403599472564,29.94087874218603
4,1,4,1,0.0,-260501.401622556,-2.3254121752946215,85.7632441338034,277.45681481677207,9.995918654801303,23.944906072592023,3.833227699621064,65.57578799332589,44.84041843812551,171.36108807980665,115.67695704092475,30.586391486309473
4,1,5,1,0.0,-335841.0211734984,-2.230239361310907,56.11548214994597,307.80905380400054,10.855145611081737,31.27860658950126,6.3999999999999995,72.51445404778919,12.956969071752027,200.15078596979345,162.10732762034797,33.299850384099045
4,1,6,1,0.0,-323543.33771844977,-2.661784686783564,58.98198909037171,248.04703076247966,8.246444443872113,35.7512699372138,5.2292489193181915,88.86691607514874,7.355709517855416,194.3224162580996,116.86665947143986,27.997858609307034
4,1,7,1,0.0,-40597.63258564793,0.6370095539438692,73.49730976828933,320.0844696749266,11.433019055063387,38.105180585976186,2.47017727627819,143.95889640124918,50.31677292525275,193.09071244793338,139.9971293194923,35.94239327453221
4,1,8,1,0.0,-368314.89493978856,-2.054659441915169,67.63186832218301,280.8278956222769,12.698545146012217,28.40647197408324,4.2425318827112575,90.39810375270527,52.625745059560344,196.92128032508913,188.4641180641124,32.73190249824517
4,1,9,1,0.0,-394953.89867884706,-1.9958006931370293,81.802283820342,307.85828346969583,12.013820013068827,37.71778603562411,4.366944842918104,96.75907118390751,15.072028545829843,184.34598221810813,191.0293861193059,33.54282538478062
4,1,10,1,0.0,-359441.98003246804,-2.3184573888990143,51.97244425744443,311.1053344420426,14.776293379744626,26.92571262629206,3.4712028840235143,31.120921875306877,24.36534902507822,176.24041219649132,176.14968844621308,26.011388510501117
4,1,11,1,0.0,-398326.1058923271,-2.020008329169999,60.83547535929107,308.12582684219177,14.447760314655616,34.69407942642586,4.612306844587835,58.5455118939469,30.65194051974776,193.13707939969146,197.68680647932536,28.75881916890798
4,1,12,1,0.0,-372896.48205374926,-2.292220720603771,74.26364512697171,291.6265992278992,12.604523799970671,32.161485152335075,5.7286862667032,69.59123505246048,24.65249545095992,185.70653491168224,179.03339238479,26.558564649737892
4,1,13,1,0.0,-371681.4092835571,-2.3981213372661885,65.86840010437204,303.84515584188216,11.65008614408211,34.93572910843298,6.073421438855923,90.0509037616395,36.003741323243354,187.77743543863676,179.78804544378343,25.65950056895986
4,1,14,1,0.0,-25416.771069812108,0.7489963765895861,78.98093986567281,301.4251673122634,14.248029329111917,34.007553556435134,6.262094327075885,91.21516344137689,22.774235379241738,194.75594148741146,200.0,20.182203055211765
4,1,15,1,0.0,-333112.71669711376,-2.271750734966777,79.40760929724061,301.65798972087856,10.618373225938381,30.122226515876623,4.474378078082507,92.72101170738247,12.267446358141555,193.7316339279792,159.04496052975904,30.94102411653023
4,1,16,1,0.0,-374729.10865703673,-2.180518732016542,53.08869999132674,314.4821856315623,13.874459483264454,31.82733665685511,7.8625102568884575,68.42340939795426,24.433319349607004,183.62961410236002,188.66575407366872,28.363266007830195
4,1,17,1,0.0,-348937.9109366932,-2.382505831388401,60.37198574709251,304.54556744139984,11.163799271088777,32.51529436074431,4.200726862565682,49.413108250298656,32.523176440721485,178.47472237243315,200.0,23.70809591638201
4,1,18,1,0.0,-403863.1086590367,-2.1467502848230318,67.14281363150589,274.35078078160177,13.384893150131777,36.143308256671425,4.414344099243269,91.54383977396697,23.297458556726852,193.5670299168719,178.9737781716792,25.543633310308376
4,1,19,1,0.0,-24529.133019049204,0.7719727313538146,78.18774790262229,300.264606359722,14.932291236354788,32.615677490602735,5.097952298081052,91.02706271679051,23.663679131597597,184.92757039942188,130.9391304830674,25.747260146898395
5,0,0,1,0.0,-327919.6150379556,-3.327345023502071,76.8131973252764,292.9812221922482,9.690820145248642,33.103876799582444,4.828288687068866,94.91945179872013,56.94779380843521,180.60367921303566,137.31035760302805,10.534540133415279
5,0,1,1,0.0,-366479.88769801165,-2.9520411127968234,24.894405182863586,277.1860597413188,11.072214608554043,42.20314078362566,4.434339467890221,65.37192615036024,57.90460629963197,158.4922812471593,135.95720666430117,9.752123838905613
5,0,2,1,0.0,-314299.1730839131,-3.7567892708143593,35.77160531113206,310.0983720569384,10.145957203682206,34.57844406151838,5.717946102026858,49.50339381150578,59.998397005790515,171.52779421471797,164.0,4.0
5,0,3,1,0.0,-344597.78283109574,-3.1172864886659135,53.197134780263326,299.0473274619914,10.458307538189324,35.74461619429639,5.786795030614374,83.61600702038484,54.55823207411074,158.63272651514933,143.61481977544173,14.145530767725404
5,0,4,1,0.0,-325786.84777132096,-3.23167256845407,31.052804343482556,347.983119388886,9.03580743212734,43.71014622331714,4.412956669605287,59.009197600729436,51.94617878358942,153.91727703451193,139.7032513517057,14.419435637107632
5,0,5,1,0.0,-281949.28373903484,-3.7208540139297495,35.47277149709434,325.0589391627489,8.691803233702407,34.50950363052055,4.696487744892066,45.05209129334125,53.35944928335515,150.0,198.77573468933818,4.0
5,0,6,1,0.0,-333486.1682539758,-3.238910023763692,43.50812988230527,314.4724501911415,9.181618601131225,39.90233188760776,3.9082921320328996,72.99199679008785,64.72761053369864,150.0,116.60525109325985,16.69365218373591
5,0,7,1,0.0,-320098.8457854373,-3.7238104336123277,43.0789032091277,304.36134885335997,9.847972879451106,36.54372439358054,4.171826658205721,37.18385277366385,56.03126119973768,150.0,147.96499091885653,4.0
5,0,8,1,0.0,-285417.3637929319,-3.4439115334008434,38.12434267889056,294.4179038996357,7.60373923673797,37.71683260924164,5.896622965597076,84.07518817025165,61.59288037008387,151.6327059266538,141.33329159400682,8.654663112743712
5,0,9,1,0.0,-344332.7839990257,-3.291395352115285,52.74785909807228,307.0668142711158,10.539487585763618,38.311261503177704,4.106485486791687,61.96919588164509,52.23828594729858,150.62414568499503,116.04499750239498,10.867041638223597
5,0,10,1,0.0,-253347.38245318932,-3.0784461701256354,43.91561368600638,279.76360331498097,8.647249094662891,28.135486575855392,4.517843381949208,63.1965685948273,52.904439759834005,150.582346300845,132.1546938753113,12.144774491688308
5,0,11,1,0.0,-304920.52655030845,-3.1501392549128755,52.31281995518237,322.5951131850221,10.929662167305391,28.57799035191639,5.628523662502635,66.58787561887107,66.19515012714447,170.17573674094547,157.56098113303904,13.05156476140682
5,0,12,1,0.0,-298299.3468344962,-3.861640378167221,45.584663194458955,308.0543284413592,7.92276722518666,38.42385765051318,5.428690829401677,89.32614731431376,55.50465070718473,150.0,126.53236725863889,4.4045777896136675
5,0,13,1,0.0,-322515.4607377798,-3.7849172233575477,46.66241027357353,280.33702768024887,8.329313720591323,42.93153592965254,5.025897134123805,30.0,52.24052130564319,150.0,119.18108091431219,4.0
5,0,14,1,0.0,-357644.9281130379,-2.957499367778183,76.475566965791,284.46399847166276,10.17357098136182,40.782661514400644,8.8385414568534,102.58508318010888,47.34045325155561,164.05418866485618,110.82587210426786,14.795280016858086
5,0,15,1,0.0,-310500.95276379905,-3.5151893389948103,48.349005981852386,311.9457158763945,8.815842915306211,37.990354720436265,5.597358589352095,38.16139898477985,49.68510795405032,150.0,150.83699017097206,8.523808215880926
5,0,16,1,0.0,-317935.46208144637,-3.605179374390879,66.67582530612948,300.0788796030635,8.4463318118636,39.11870990582421,5.539546650738094,71.8720800822999,59.71158114227561,157.30364046193887,104.50174897301446,8.623528784329793
5,0,17,1,0.0,-277578.1300697586,-3.329077642890637,48.78803370509725,294.82965364752766,8.97474149625451,30.115259531713306,3.1638631984065952,61.148426178524865,45.63949657999822,157.68487760793545,147.8513106006343,8.486339500169876
5,0,18,1,0.0,-322606.3332381924,-3.7263666634636494,52.55478790666035,304.9990703791205,8.831206020699295,41.47737146830636,4.96915381444745,52.564599353664754,67.09094326175673,150.0,139.6279097798717,4.065050961489933
5,0,19,1,0.0,-324411.63957496115,-3.7944574553136388,55.19253796661536,264.1594483469763,7.318824858356972,44.1411646489693,8.510477775047697,111.6883716520426,41.320805239277426,165.78083941115977,32.316722317311864,14.753887532061778
5,1,0,1,0.0,-25947.838843956833,0.6702737239233746,85.66150173281594,262.957976718163,11.340108605024623,25.5886210661507,4.729095785696831,100.89111408974713,9.653801543767903,205.45708895501446,197.21542055310425,26.6567546020006
5,1,1,1,0.0,-18811.08098799884,0.7727962646742921,119.80134760815643,236.71784376460937,12.378673996064148,26.046432461550424,3.4590137239221845,74.93342935694045,11.171072810392948,178.64611723140285,129.5257060342583,35.13497811124337
5,1,2,1,0.0,-33807.21290165541,0.695189318741746,73.28998812383152,268.80415170266593,14.868825193850512,29.863448940517447,5.600658931711217,132.0,12.484576549829525,192.9977953711722,156.36479848060316,29.02650843822162
5,1,3,1,0.0,-388060.090314226,-2.335367745194714,55.93992252525224,248.63058931659964,13.710049031801276,29.980740111045286,3.940688993644717,72.83851379561307,21.964489756824904,181.3980105366683,149.3271855001132,25.80646876757374
5,1,4,1,0.0,-13223.049651575613,0.8467361816258925,81.66320199685956,277.5997733658885,12.995918654801303,31.884753202576615,3.6041727138292696,47.91191675767497,50.84016269448359,179.3774341647009,151.67695704092475,37.4679822849019
5,1,5,1,0.0,-373191.03110872273,-2.121937266419094,69.04779476741076,275.80905380400054,12.164786053932119,32.11463233275372,6.5547178450237835,67.99295904746069,22.215390306865963,196.84981572859257,180.95237136915023,31.233268475421134
5,1,6,1,0.0,-273208.6307870818,-2.114862467953144,69.90672626154952,219.02724524074353,6.512787199593172,36.16874531222057,5.339895744162953,70.41408897398365,14.978020038057029,184.97484817932664,152.86665947143985,29.86542711988332
5,1,7,1,0.0,-370114.50262536586,-2.065120779331624,65.48733728784413,311.3251524542117,12.680307963439462,29.480303228850296,3.1039925082606805,109.95889640124918,32.31677292525275,192.4360873989258,175.9971293194923,35.785547379959766
5,1,8,1,0.0,-317914.5816081717,-1.9504399948985645,79.16165509419153,304.9270384951943,12.74383505763466,23.820937112983046,5.176981684655071,72.03330934859646,34.625745059560344,193.4294884051489,193.95515493127735,31.901666230222627
5,1,9,1,0.0,-391847.40487200255,-2.01277023357701,87.41518515724266,322.76980745212785,10.615864639715827,41.91165215568311,3.5281716189063044,112.60256541524151,11.829068391149354,182.85757011121373,190.37170341320632,34.13779616410342
5,1,10,1,0.0,-365368.90618736425,-2.3118701625647384,73.97244425744444,334.5699434214495,11.776293379744626,35.92571262629206,3.9326828871269703,49.9456157413443,12.918089198036682,183.1324812094259,200.0,24.566719372164233
5,1,11,1,0.0,-386723.90348807914,-2.2420049798121098,61.60365348680451,296.9381483539,14.152585991996082,32.12732225607966,4.270372834653166,60.51054033063605,27.113294702315603,193.26681874445836,197.28519174713867,23.446484462429325
5,1,12,1,0.0,-263895.0606192189,-2.354022251422471,56.32017356235607,297.90666223244534,9.614848606039956,25.377749558668757,4.3481594194644435,77.47224485730398,39.42686325090413,193.4777918024647,200.0,20.16276525704448
5,1,13,1,0.0,-351632.2851922807,-2.371383357510802,44.21009200224184,329.9381400586563,11.185465633671981,33.72522058211577,5.106434226002613,83.6659275546406,36.49726464702221,180.6717300702344,176.90808798820626,28.994673378370408
5,1,14,1,0.0,-368814.63439053856,-2.3432479629472707,71.59744541611843,304.8321667226911,13.684243991721655,29.31552055973079,5.700123215243201,75.52259075425836,30.183623312239668,194.3970218773343,200.0,22.876470170069105
5,1,15,1,0.0,-368759.7075704526,-2.2181323339740957,70.07518327251302,323.1108621327462,13.564621648667384,29.76460033228763,4.317110749254856,74.45823629150155,30.267446358141555,196.0785002750362,180.85261604756914,29.64001896525632
5,1,16,1,0.0,-379799.7955415399,-2.2157712361360553,44.30178485782391,338.17126855462436,13.49151231137411,34.90054957736925,6.062510256888458,79.40580311035761,39.05729402022702,183.6717217213142,184.06877017389309,29.256958011864313
5,1,17,1,0.0,-366037.92070672393,-2.4058911011223105,52.995498704784595,310.80535951619373,12.158180910251529,33.97178811218743,4.6368513970482255,50.616746385289666,20.311540244662993,178.62273694579315,200.0,22.889482791673
5,1,18,1,0.0,-383426.3314319498,-2.119497126391397,63.30305535532211,265.5809061842948,11.347265250131777,34.716528187076534,3.5721388443166764,68.45072357396697,11.071691156726853,200.36059144204705,188.91671618727432,30.433940270308376
5,1,19,1,0.0,-389222.6875610201,-2.2763778110767983,58.07528683742301,286.86485696506713,12.30026354395821,34.97158334919408,5.192782959739462,120.33748976399545,11.952328366818662,189.43611938994994,166.9391304830674,29.208960230612455
6,0,0,1,0.0,-350329.16753380466,-3.0336684137284293,79.7310699333207,307.8459231941079,9.78935348406986,42.103876799582444,6.628288687068866,75.83004937161807,49.68431955251845,170.01761106125292,101.31035760302805,17.73454013341528
6,0,1,1,0.0,-383382.50535164593,-2.6457776703771274,46.894405182863586,283.6834665231803,12.782692232869673,38.348293974876114,3.6955767922426146,88.56819944990289,39.90460629963197,170.4922812471593,113.33518436250813,16.952123838905614
6,0,2,1,0.0,-361426.91554040066,-2.9995084557542464,43.46326323257024,287.8588795835054,11.184444548672388,42.6364276992672,6.598445055325406,72.42740782855392,55.86001105134292,168.98993256211867,128.0,7.06172718029041
6,0,3,1,0.0,-353172.51759642747,-3.0358090913940092,54.51753418359413,307.64852590970435,10.046949372349374,38.82030088895791,5.9426023182827805,104.73768761805455,56.680040673545314,170.63272651514933,173.04606970875065,13.444892940787295
6,0,4,1,0.0,-337939.81254908035,-3.201815240663024,53.052804343482556,315.983119388886,10.886079975620062,34.71014622331714,6.212956669605287,74.90763688314343,48.77671036908177,165.91727703451193,103.70325135170569,18.18999843294601
6,0,5,1,0.0,-342611.44746971107,-3.287423474764365,55.14592118181825,314.7218048487036,10.001126471124193,43.50950363052055,6.4964877448920655,67.81794899838707,59.82983241969767,156.24322149128866,162.77573468933818,5.3886624337322475
6,0,6,1,0.0,-284398.0597731273,-3.629997837077947,52.93125218079242,306.82260533739134,6.516522473854732,44.93811332288897,5.316459391943663,57.224137513286266,61.56948881457639,160.22203854014467,80.60525109325985,12.893456371326664
6,0,7,1,0.0,-271882.9983555381,-3.6079353606581526,52.67594762833632,286.9302643580923,7.154679640461495,37.681585760584504,5.971826658205721,71.18385277366386,59.35960596054574,150.0,114.7908300097977,6.797431998891351
6,0,8,1,0.0,-287672.3257814578,-3.470691764366659,43.36010592782411,292.9513629069825,7.570222302584973,38.65862019069638,7.475260346301501,70.8407398142833,53.76406072015966,152.87488407043645,105.33329159400682,11.5449523178822
6,0,9,1,0.0,-356278.98593260406,-3.1335962627826444,63.872680565293095,277.43797721937244,9.9900293079944,41.957979310538164,5.906485486791687,87.08699899781809,54.49416747842158,158.04130890211061,80.04499750239498,13.69531117734222
6,0,10,1,0.0,-342919.20355919685,-3.408411627453954,62.91352152786483,266.1054046556125,9.496827070022388,37.135486575855396,4.988404603354115,97.1965685948273,60.79706068521283,162.582346300845,96.1546938753113,9.053960321911134
6,0,11,1,0.0,-329680.0519438286,-3.3444497343524695,45.049184755378896,326.64965058213,11.077445528026612,33.41055525462035,7.428523662502635,91.08892674498424,56.579781275580785,173.5959637928015,170.14976739935992,8.449420001343398
6,0,12,1,0.0,-353832.98011793,-3.122655746737305,67.58466319445895,276.0543284413592,10.305546339563541,40.23419684280118,7.2286908294016765,89.48719101212698,37.7565772294767,159.8041606471184,90.53236725863889,10.529079253176084
6,0,13,1,0.0,-328146.1678496069,-3.727693006374059,53.25488662753087,267.2439999108459,7.533175751369246,47.344376611228235,6.825897134123805,64.0,55.55308919727712,150.0,83.18108091431219,5.360691389839655
6,0,14,1,0.0,-340989.4344398264,-3.449008721239439,64.99319621980437,283.5865065832053,8.71985412795286,44.31854988036909,7.205819443351128,103.78399099079033,55.72524897398426,155.77894553225448,74.82587210426786,8.488716702809159
6,0,15,1,0.0,-330735.47155402985,-3.4409561564905924,49.15431217614795,281.3090571854979,8.683625148514608,42.32342474172221,7.397358589352095,44.99047109371777,65.27009714449149,150.0,114.83699017097206,10.5727573603687
6,0,16,1,0.0,-360678.67302474624,-2.925800344468174,81.70127466082147,291.76181181056023,10.164588005744317,45.373561271302506,7.339546650738094,91.11663576911508,41.71158114227561,160.79229679814813,104.45445729280318,9.439058796411366
6,0,17,1,0.0,-331968.3006759599,-3.5328859350624033,57.84525237284826,283.89932724282295,8.529941074856131,39.115259531713306,4.515390136122436,95.14842617852486,34.53898495948289,152.55288538015077,111.85131060063429,9.309579702076167
6,0,18,1,0.0,-339505.2028440329,-3.487538731610609,55.51109099672923,287.20322080979173,9.075156525975084,43.04518933555396,4.870078148395863,74.39109854044796,70.49362118599106,152.01503185484086,103.62790977987169,6.175580110242328
6,0,19,1,0.0,-332343.218281988,-3.7276000135265766,50.90046860368403,246.59481964893777,7.638756797407802,43.8851087231507,9.233796857095442,113.53290860522718,36.541512172322676,165.34050810378676,22.032008291004352,15.405321453661923
6,1,0,1,0.0,-290082.4194147402,-1.8576372984529204,66.0685816108743,263.0655381880867,11.815221725715517,21.68152416859171,4.7355724220721775,92.53746415935868,11.897931269912078,193.45708895501446,200.0,30.20088354704582
6,1,1,1,0.0,-28012.077595735907,0.7677386416315642,120.0,264.53006194259075,14.393031253760501,35.046432461550424,4.245032526964337,108.93342935694045,15.424795237063783,182.47984120203859,142.80223105596457,27.93497811124337
6,1,2,1,0.0,-395586.4623900447,-2.300879248997496,60.633423074329194,279.22252132142256,13.18298628158487,34.56199633916744,4.216760820059516,98.0,30.484576549829526,180.9977953711722,192.36479848060316,21.82650843822162
6,1,3,1,0.0,-409232.28497965395,-2.194708674912175,52.85198336186052,233.32245640081334,14.343102768818557,31.736037660087767,4.2471096260464565,106.83851379561307,38.388402110729565,188.92528635145675,184.1728380887722,19.737201588473205
6,1,4,1,0.0,-23179.461037038218,0.7684607317354767,82.52085729803579,273.0263719822557,12.672802717076578,34.4509198334781,4.796987206554029,81.91191675767497,32.84016269448359,190.10939485667734,145.37814145169858,30.2679822849019
6,1,5,1,0.0,-396612.89487413305,-2.0261730113756946,64.29738850307727,307.80905380400054,14.072269177800239,36.94050577781472,8.354717845023783,76.11984789266116,34.47328567810639,185.55745057642542,191.7793873744838,27.92892706696395
6,1,6,1,0.0,-344845.0478399651,-2.7726108163397822,47.90672626154952,233.46432499419257,8.17809106356658,38.28835166035423,6.762845411616105,104.41408897398365,32.978020038057025,181.35311655005947,134.41043655266057,22.665427119883322
6,1,7,1,0.0,-364380.66525362973,-2.0916532760913094,60.72635274127309,279.3251524542117,13.782983794998433,26.086154389114565,3.7840116402170105,75.95889640124918,14.31677292525275,192.5448860611167,200.0,28.585547379959767
6,1,8,1,0.0,-22977.63763516935,0.7190150733361199,83.91399722054116,312.38810416455317,13.826848245223163,25.8048016771694,3.9896286103561973,80.93120018316023,52.625745059560344,191.25789215963678,165.92468359829215,24.701666230222628
6,1,9,1,0.0,-409640.133586152,-1.9888651375139181,71.64856276189906,305.09166954048413,13.526396651593487,40.57255662871161,3.509857335657193,93.57990235750742,9.68218530074678,187.1895827772424,175.5987596168922,28.71813380313383
6,1,10,1,0.0,-355799.23870434565,-2.6504517287462193,77.71522708540019,302.5699434214495,11.215389399938454,33.170123421760856,4.7702208429140756,83.9456157413443,19.910597655506606,171.1324812094259,185.82692238239397,18.533685145212544
6,1,11,1,0.0,-364466.7077800032,-2.502812776262827,66.94944953648805,264.9381483539,11.972652873491121,32.40194703514009,6.070372834653166,38.04037976977751,37.98606081272645,192.82172404287167,183.58026874500476,19.76122954082417
6,1,12,1,0.0,-301352.92369202914,-3.0145895949862234,46.48225301277764,265.90666223244534,10.619544373936465,25.538334146100393,3.832385631178418,94.54770727630732,48.337939923773334,199.06122023277453,164.0,12.962765257044481
6,1,13,1,0.0,-326360.14982171386,-2.7352111319921395,53.58572342397213,306.4916686136208,8.185465633671981,38.87262892792166,6.906434226002613,117.6659275546406,36.77539436726309,181.76336130600768,166.0762448879929,21.79467337837041
6,1,14,1,0.0,-299157.6091351547,-2.245196260402473,54.60104737363828,282.85919756118193,11.476922488836575,24.150286783919775,4.2197933790009365,73.24099055732978,36.65631767271034,184.08702788339332,178.6715699243211,26.099609789889946
6,1,15,1,0.0,-387600.33287929674,-2.3901557828147624,69.3323848637539,291.1108621327462,12.71803152230494,36.656611016459685,5.709383394821896,95.55062833773349,31.78222533754836,189.39246359988823,144.85261604756914,25.534535561244386
6,1,16,1,0.0,-399304.69137093663,-2.0247582624761535,49.619768442962126,306.17126855462436,16.49151231137411,31.021192808096327,7.150225292348386,90.37915099985092,47.86146618206958,195.6717217213142,185.57007745125443,28.342988734992776
6,1,17,1,0.0,-404124.3205281127,-2.1299782973774137,63.831076218522384,278.80535951619373,14.47072726389261,35.80148349438302,4.566261430397126,69.98202415451253,38.31154024466299,190.62273694579315,200.0,20.095070650618602
6,1,18,1,0.0,-417947.4790726285,-1.8550860009601975,61.00009125193773,266.0271909589255,14.347265250131777,36.32572379391662,4.766479574894692,78.14355151300518,20.120209991921982,201.09392492185881,191.21291649121096,31.12632118739634
6,1,19,1,0.0,-385838.22663784167,-2.7088364910904925,52.44785959513041,267.1451847346459,10.984334461200174,37.06073959935998,3.7118024145662165,154.33748976399545,15.16018350750059,182.14367243084286,130.9391304830674,22.008960230612455
7,0,0,1,0.0,-379632.45745355287,-2.5645143782575324,62.274676123920486,297.61719025408934,12.78935348406986,38.75849360843429,5.668609117622943,72.78367861543299,41.649293137119095,176.46590283739317,137.31035760302805,17.74946570251885
7,0,1,1,0.0,-350493.8603026284,-3.07286576760296,68.89440518286358,288.5333902859431,10.803024548425055,34.96165047813722,5.495576792242614,87.28586346206308,21.904606299631972,182.4922812471593,77.79836353979462,24.152123838905613
7,0,2,1,0.0,-375867.0487511239,-2.6270196782098485,50.79812864087772,271.53673517594495,11.577711980284043,45.99984576998841,7.841304224475606,90.81433227631307,58.14966208726576,159.14306544474198,92.0,9.490817426077669
7,0,3,1,0.0,-336032.9845842884,-3.5625577271855557,52.748565538864966,296.470645807893,8.954287837284884,41.44952231840575,5.923675536807576,85.39212970784206,50.14015021427318,174.2584606720808,137.04606970875065,6.4895672717635975
7,0,4,1,0.0,-248731.29342709802,-3.2232274197202555,64.2268735046744,283.983119388886,7.9050325001576995,29.941320244148237,7.879040700497213,88.14508182802027,54.244949814544455,167.77842038817164,67.70325135170569,19.455664501384785
7,0,5,1,0.0,-357886.07126316184,-3.0197938802936872,61.27272118287574,282.7218048487036,9.882374108713666,45.55806230251973,8.055090481833473,86.40507431994968,64.03435087384469,165.66542037402095,126.77573468933818,8.03366132590584
7,0,6,1,0.0,-274946.0147717383,-3.232893309086966,59.503707792325535,274.82260533739134,7.241690299672518,35.93811332288897,6.416150963553195,91.22413751328627,57.50532258421549,160.4176561954428,116.60525109325985,12.12197827169354
7,0,7,1,0.0,-340788.5459841778,-3.2830091080863553,64.03429937084373,302.38879697025584,10.154679640461495,41.35993344121361,7.723382742705921,84.21612740694661,62.465883386079376,150.0,105.85477134506127,6.729791042552759
7,0,8,1,0.0,-304287.6658957669,-3.7731651165676094,54.98160221461952,288.2437850659562,8.258106482387609,37.32549500237619,7.74457305297641,67.35499261056579,55.30481505916752,164.87488407043645,69.33329159400682,9.35131146195323
7,0,9,1,0.0,-344430.2722685489,-3.4232210477879224,67.19554987780067,260.2898222358149,8.818967704065546,44.05118553311986,7.706485486791687,100.73219871303559,57.70056509495756,163.52738528921162,44.04499750239498,6.747380987113505
7,0,10,1,0.0,-332627.2084496248,-3.6433906642970695,46.72058631637732,285.7833468597297,8.565859995386825,43.38852678368917,5.838941421904105,74.68450698984424,63.260884638910014,169.34526353626856,60.154693875311295,11.411894530366766
7,0,11,1,0.0,-320444.92040068004,-3.704351531415401,45.24065918640332,294.64965058213,8.077445528026612,42.41055525462035,8.362995989238232,103.20811598237432,52.51650297123616,162.78818506683888,155.39507067913163,4.626642601358782
7,0,12,1,0.0,-352912.6780338478,-3.0793942730441213,79.20982734300226,282.8462891044334,10.683630275040178,41.36306661892837,7.892789506731769,95.22135681635653,48.06039175194435,163.90010899188832,54.532367258638885,9.006292657192542
7,0,13,1,0.0,-312841.45722728997,-3.874753073425799,54.12594441614495,266.2667433194821,7.03913413800076,44.54032254466958,8.332992451079953,95.22093754014315,60.44710840255407,152.60324896742668,47.18108091431219,6.663457009822366
7,0,14,1,0.0,-334601.7682889819,-3.56392078000896,44.25717450322246,286.7457633497887,9.070229878557491,43.75341252983837,7.9102926736496375,80.5254614051413,62.63240150429953,164.74472136959702,47.63649413727714,10.707880956464392
7,0,15,1,0.0,-320129.95716832276,-3.5494763537903413,50.2894535671622,262.468590361089,7.476696222281069,43.40895659825572,8.188695960785616,78.99047109371777,71.61175101458622,151.84826893227213,85.09014202342624,10.542299341414655
7,0,16,1,0.0,-349600.1327150516,-3.1571394979104404,86.59065729559377,280.7227209151401,9.644987845287337,43.69795506122486,8.282727998807783,98.32250864558618,29.76790860107692,162.46396785598654,68.45445729280318,7.421804496491348
7,0,17,1,0.0,-329728.3975321089,-3.6979964224766335,57.165600339234096,277.03748128156525,7.468630641635209,45.80146390850655,5.922099569707729,92.000424185189,36.44045654797849,150.0,75.85131060063429,9.194743244555275
7,0,18,1,0.0,-324923.9631960748,-3.72674739108286,50.884569000927925,274.54189877054944,7.72641691413429,43.988300925313645,6.670078148395863,89.41027273819445,64.7004308490072,155.40607182844278,67.62790977987169,8.907897129419155
7,0,19,1,0.0,-337815.19227380474,-3.55036147821123,47.92470954141831,273.0624114333516,8.031097464386605,45.956111814576374,7.433796857095442,100.63855646878795,54.541512172322676,157.47156019021944,53.667449339787495,15.753931249135002
7,1,0,1,0.0,-390907.0723332234,-2.267020523695463,59.55465254064951,270.592109711639,14.322220916616446,29.312980928995835,4.019634684915726,95.78530448564769,22.573677106218202,194.22623313434366,194.42327426368846,23.00088354704582
7,1,1,1,0.0,-38534.33202215154,0.7443365752036077,98.0,272.9161924462625,15.200846140743748,40.73574929478933,2.5719238115460996,142.93342935694045,33.42479523706378,179.92096862419962,178.80223105596457,29.13149346745444
7,1,2,1,0.0,-359546.09125909786,-2.8158531982789623,64.76108064320026,306.74609096767387,13.215513722258418,29.084658549351545,3.720182507695236,94.74311669763757,40.40441861499329,180.05933983778746,163.30007541182596,16.35689205036968
7,1,3,1,0.0,-389134.96578360756,-2.529662836777309,41.78255176238041,213.79807618022215,14.519693838235636,24.970363351306542,4.628853017320086,140.83851379561307,38.29674963020588,191.3094670061453,153.14433978220038,17.28244794760119
7,1,4,1,0.0,-301433.0276449912,-2.4448863977047535,72.41841950585008,241.02637198225568,10.089686120646364,25.450919833478103,4.54638603935493,115.91191675767497,39.62294683474991,179.39621432897735,150.79849372778034,23.067982284901902
7,1,5,1,0.0,-389227.63634083566,-2.2495326785426157,42.29738850307727,322.72352151771906,15.558889806057824,34.58867171302357,6.5547178450237835,67.69734381966553,44.5727762099759,185.5185360608087,186.7057770482604,20.72892706696395
7,1,6,1,0.0,-371321.3949823763,-3.155005315966911,29.520349480789864,238.66662409005255,8.892891094605014,41.956854808784655,4.962845411616105,138.41408897398367,42.05511800059426,184.98156932875145,98.41043655266057,17.510451615550487
7,1,7,1,0.0,-391180.17349246336,-2.2275210749481085,46.627759546001556,247.32515245421172,14.559706498755716,29.00009282833656,4.553459553155596,57.42866319131659,14.898334454812927,189.28134785794404,200.0,21.385547379959768
7,1,8,1,0.0,-392912.63054237905,-2.3482305557997636,61.91399722054116,280.38810416455317,15.397665948913309,30.526997307441274,3.5235026268215703,90.67680507792613,57.205195152924674,188.9179478731486,166.63809931431157,18.99450124658227
7,1,9,1,0.0,-408793.34950878605,-1.9656905218092415,73.42732623006977,301.4712162565294,13.782079219269951,39.68447168983744,3.516392310215004,82.57206079488859,10.621477068491256,188.7220463274518,169.4156078071446,29.992520279662763
7,1,10,1,0.0,-409992.06007193506,-2.095095858495164,74.43981289531102,283.7857845850416,12.582273015778965,41.82735573506004,4.839918758398059,117.9456157413443,21.892446838692234,169.45352605407479,173.2483962960015,25.733685145212544
7,1,11,1,0.0,-405178.54444819904,-2.0441025270032354,73.38207474993514,257.62973525904545,12.366443398520556,41.40194703514009,4.555226014475176,30.0,19.98606081272645,189.67366520016682,174.11197121995374,25.871932904249164
7,1,12,1,0.0,-378517.5777704347,-2.648995706242957,68.48225301277765,280.1664410186899,12.31821028086114,34.5383341461004,4.16190767230984,88.58744926525773,30.337939923773334,197.10860842753712,138.8710502597335,20.16276525704448
7,1,13,1,0.0,-356924.02733564016,-2.889926102717041,57.047376736990124,295.3225638638138,8.58320411661347,42.055914353182544,5.238064703028958,132.96510744734388,18.77539436726309,180.93634024073592,160.3406497555347,19.454977997467
7,1,14,1,0.0,-376163.55809459026,-2.3650090617055493,66.09339224626098,295.0124609164799,12.298260950399836,33.150286783919775,4.571904225306111,87.17986811180889,38.98205264823419,183.08262794264192,160.34177744785845,28.51384829088987
7,1,15,1,0.0,-405644.5066070468,-2.1873377041357664,68.83961487593955,280.35170800203235,12.473891031717711,41.70313649016938,3.909383394821896,109.004415442458,13.983918091794841,184.0446065684261,148.44387839392016,25.926070273245106
7,1,16,1,0.0,-379001.687069206,-2.1907674322700648,67.861951040922,304.053861522039,15.462360359146329,29.46152695026533,8.867843935281249,76.5467187545892,29.861466182069577,183.6717217213142,182.66492807482092,25.10760378193657
7,1,17,1,0.0,-395325.61026513943,-2.274976410655896,66.4121017182512,310.80535951619373,12.84442184603868,42.73058558523246,3.965335381768191,65.94960372494437,25.130625802055896,185.6771491829238,174.5339991552684,19.426503444126183
7,1,18,1,0.0,-27933.559883799284,0.7845413982650493,66.07488224682496,267.0890050213942,15.814098573761687,37.34052471208181,5.287514597409945,100.11559217701168,26.762951350923544,190.44152992637316,184.16591378934356,25.113968010376613
7,1,19,1,0.0,-393226.47475428577,-2.492855457140107,55.71657426053911,293.25679666776347,13.984334461200174,38.22127794874647,3.028416359387414,133.47841193194213,23.828335493329764,194.14367243084286,103.23882462610358,14.808960230612456
8,0,0,1,0.0,-380634.37478671473,-2.5448746981332397,40.274676123920486,276.94748522127986,13.458761813768682,39.0468763820979,6.8507470655819365,72.98058712292472,39.59449603130398,164.46590283739317,101.31035760302805,15.809595028243926
8,0,1,1,0.0,-329883.0990568338,-2.938109251662089,67.08097734123527,290.69901407117476,7.803024548425055,41.86991395469467,5.7826002034381245,74.76920757362838,39.90460629963197,194.4922812471593,113.79836353979462,25.156040449682447
8,0,2,1,0.0,-353017.8058918896,-3.1377587853362994,55.501711825853086,261.89503039207705,9.76170152072367,44.7715279351309,8.372659195812503,84.81372223775277,61.129265555781274,153.49208829282958,56.0,8.516055367269063
8,0,3,1,0.0,-289862.8911119133,-3.482204981625552,54.89197483936807,301.49148174646274,8.133817636391303,35.44612140836496,6.141964157368157,73.57445962597497,46.505812755279884,166.60110637218997,143.4405974531092,8.24680063509158
8,0,4,1,0.0,-184551.31613962594,-2.9479259057467107,43.340112250570755,281.4112290664769,5.993459688857264,29.409931435728215,7.3729802061568375,70.87963563170092,59.830244842961086,160.15955043774446,74.06111545942886,18.081217685541976
8,0,5,1,0.0,-338990.67960334214,-3.3831918881790504,62.41320157081452,264.4478885357477,8.66779667313505,42.267822538846964,9.073421652827806,93.01363953021847,66.62969596679817,170.0607569412978,90.77573468933818,9.078073270195619
8,0,6,1,0.0,-290597.8547347729,-3.4484558028081698,52.59193490467283,274.79230163494947,10.048222229450129,26.938113322888967,5.18878829093893,112.33073017844424,56.84035271958191,159.96639472778133,80.60525109325985,10.555419867596754
8,0,7,1,0.0,-360289.6753043193,-2.7158810663871504,43.37819394109239,299.9021732725854,13.079244716976648,42.31952859569068,8.541477934707542,54.78539310200375,57.832909975849105,151.04375691745153,86.50403301028364,5.695308205903919
8,0,8,1,0.0,-295603.1958789703,-3.31374168337327,41.59112119767599,284.40352831548273,8.325519274852706,34.178710839114444,5.94457305297641,101.35499261056579,59.55570668830587,167.99268863514712,105.33329159400682,15.409126192253291
8,0,9,1,0.0,-308429.8463484967,-4.008931551484185,47.85869407600914,292.18885096554965,8.396284343534186,37.76646179809018,6.715338959486576,85.88711403511233,56.06642584601291,164.73524702679433,68.61597825933507,4.22682113344996
8,0,10,1,0.0,-342166.2804235772,-3.242543811945084,29.913259844731503,290.53117540230465,9.752946815472534,40.01437627704746,5.282655864368013,61.95020687887187,47.853923580243226,160.24757177382668,91.83594398724873,18.611894530366765
8,0,11,1,0.0,-242014.7195167224,-3.514251248852213,49.50733915379505,290.95426269051933,6.719081131874897,35.94113285550748,8.586364066835015,72.26850536868909,55.86847995210282,168.15970249262588,158.00720760896556,4.997635763668558
8,0,12,1,0.0,-338103.59096587007,-3.5176119983642864,66.71296673379231,295.73903312013846,10.140346529547474,40.22817181248698,6.092789506731769,99.4478857651099,58.094625438661474,159.69341823929898,20.0,6.152094118873318
8,0,13,1,0.0,-321232.07949725876,-3.8246895185931895,50.28908344428278,283.5165863201005,7.621335391908618,46.44380319286935,9.050405826385068,90.8789419627525,57.51909087952387,163.69925010679333,51.75986174765694,7.165959742462895
8,0,14,1,0.0,-307846.24890297046,-3.8234076026858794,45.09807486119101,285.65426640263587,7.869233549437752,39.830363961724316,7.762530424211522,87.27122232555692,61.598619302498996,164.33357487434714,55.14639415886749,11.866231541790278
8,0,15,1,0.0,-316278.8553369956,-3.7505057828703463,50.66323905254959,287.0290974129847,8.236788488080133,39.84216579954982,7.430235356118549,88.05122561688279,59.526638614712695,154.40018155757954,76.10015926561078,8.593585821640742
8,0,16,1,0.0,-309452.8115254456,-3.7707288963422902,64.59065729559377,285.55743472538853,7.750538245878014,40.87683169493426,8.4522642595795,72.61585034715048,47.76790860107692,159.2459247645362,70.61006925234477,7.894939991584005
8,0,17,1,0.0,-308293.2091846614,-4.021707855976172,48.586855019360804,286.014321467888,6.856240505158563,46.25419731330351,6.515485994902396,89.84805255394585,54.44045654797849,156.02789979694953,40.71266115831217,7.7427272911183795
8,0,18,1,0.0,-304728.3788139307,-3.832091155555981,51.82021817278274,292.5345369588139,7.288172294003523,42.38309644191803,7.8720182500813,96.50376492724286,57.029577493455264,160.6055117134485,64.64195124399896,9.084640409092238
8,0,19,1,0.0,-341372.7468610048,-3.495359728590941,54.1393210050662,254.69371084893942,7.76819879816668,43.886898995420715,6.252600722569244,102.47307994832092,42.61662290997708,158.105446895982,61.416187296412005,17.160496499989726
8,1,0,1,0.0,-419917.1702326352,-1.877178060258926,56.164077424913046,268.918372890879,16.00686624089158,38.312980928995835,3.959150556652677,72.67121317014164,26.85316693490457,198.3767028041838,186.46780327384994,18.305944949452385
8,1,1,1,0.0,-36182.87159380058,0.7202148732426211,81.34064596326257,245.73704226657708,15.089809331139582,31.73574929478933,2.0011950296450456,131.57005181556792,25.15867066731156,191.92096862419962,170.7610903279982,35.54192185955702
8,1,2,1,0.0,-369707.63158421055,-2.6976081193426014,65.76806611392652,274.74609096767387,14.3821763886577,27.885454748397443,4.3400603682505245,76.15717177469718,31.027327314887813,192.05933983778746,145.18117672822387,16.98625588643429
8,1,3,1,0.0,-272099.1331046391,-2.5364286501165108,46.5403456372583,245.79807618022215,14.338411297687518,16.14020506787599,4.99813635156563,118.91306562084954,20.29674963020588,197.6751626190108,117.14433978220038,22.293360394582916
8,1,4,1,0.0,-299882.02520067355,-2.298634895434026,65.73169702594593,250.42596863911473,13.089686120646364,19.83601879778841,4.578751781774779,99.98940311061622,38.35214535234424,191.39621432897735,186.79849372778034,21.043277410843185
8,1,5,1,0.0,-384244.1081304692,-2.3849773817466713,49.82188605157768,299.88846633717554,14.40849579950028,32.1601776644863,5.078571990205945,74.37393639153888,26.5727762099759,197.5185360608087,180.39960340015097,21.523382298945176
8,1,6,1,0.0,-392044.4412780666,-2.6665897452210543,43.983139305703894,239.4759394458286,9.686777056371575,48.23805545641783,6.281390721745531,128.93287354499378,24.055118000594263,196.98156932875145,81.95180597055536,24.710451615550486
8,1,7,1,0.0,-426327.7258687829,-1.7896540303114994,37.67168205775281,230.2956192468759,14.954099568438345,38.00009282833656,5.1577915798626295,47.014785141484914,18.24816718812204,191.40530825564622,200.0,22.46923386557976
8,1,8,1,0.0,-433246.5099539247,-1.7265076938395993,47.375115310869646,248.38810416455317,15.585709700921708,39.52699730744128,3.9786290838801506,84.58813767049183,49.16424159357578,190.87968281422218,179.65109573653146,24.685911506664247
8,1,9,1,0.0,-364828.213494048,-2.182477617974485,73.10860996096153,316.75160981904054,10.89030199645757,36.17785592156619,5.164919468694939,76.05864608640863,14.783367966700794,198.52836468108598,175.07687563252395,32.845801171621915
8,1,10,1,0.0,-418557.42967881256,-1.8609650242884443,63.707188675644595,290.92927329692253,14.21343880284901,36.04312506073325,4.76526098557681,131.15055289263094,20.4507548446113,180.95510104877386,200.0,32.93368514521254
8,1,11,1,0.0,-402296.17084828205,-2.0941698652719456,68.87394344258514,259.1843427568545,12.695850091095805,38.008026180088855,5.414080139325848,64.0,8.352554599908952,201.54102006163944,180.0588994649748,25.921765748063002
8,1,12,1,0.0,-381995.82779856643,-2.3826550606597254,64.07647187717482,256.40379148677755,13.126477026306016,31.770018874448553,5.96190767230984,65.74760815389261,42.35720172196717,197.54570390549745,142.70524085374234,26.11693345411637
8,1,13,1,0.0,-336621.5852282818,-2.735236299030593,35.047376736990124,263.43767339032047,9.393880786879693,33.055914353182544,5.769205800921384,124.99370467354507,16.243391329068714,192.93634024073592,196.3406497555347,17.171848211988667
8,1,14,1,0.0,-363097.4283662824,-2.1680119464388468,58.15362785682466,287.8638108780128,13.445484962305198,27.830254425815973,6.3719042253061104,73.39013807564741,35.887961228395156,193.92214384532096,180.04407097693954,30.436079151189773
8,1,15,1,0.0,-402103.3522743299,-2.069110681521269,64.9922339437802,278.25137235919465,14.309324445062524,34.54914896570012,4.545912303830886,75.004415442458,19.578750028413996,188.38961951690385,155.79041119509523,30.898201625944008
8,1,16,1,0.0,-348527.16465891054,-2.3442423960024654,55.02333011512042,336.053861522039,13.614856003674923,28.339052898464484,7.067843935281249,66.86349995668854,41.070248786731526,190.42988118211457,190.21827441005436,25.53774856793013
8,1,17,1,0.0,-385991.0604269431,-2.355540324857105,57.74885987933331,289.7576769108425,13.159336686584425,37.699833111844036,4.554087636960562,31.949603724944367,32.77870936005754,188.1793102762214,169.76680566577258,20.42976203344215
8,1,18,1,0.0,-395302.68821650045,-2.2639942917938636,66.6170014983804,274.70928836456824,12.814098573761687,36.683963404326114,5.218003511145545,79.99360027581714,25.542267677524862,192.77752345058204,178.4976402524069,23.143204135665993
8,1,19,1,0.0,-377380.38173848967,-2.693592212840867,60.18752722303082,292.5216786353964,14.02605964810438,37.160606280970654,4.828416359387414,110.9789346228545,38.54142367583902,197.7064535781118,67.23882462610358,10.777919194664346
9,0,0,1,0.0,-345974.8301228313,-3.313059308351622,29.20230500594969,271.2409721132671,10.458761813768682,40.457655089452544,7.658317712893631,75.1267225818863,39.19193343403744,152.46590283739317,65.31035760302805,8.609595028243927
9,0,1,1,0.0,-365658.4741922109,-2.871091095421339,57.84464718598086,282.2644660976895,10.803024548425055,38.83784114592664,4.723549319389253,71.25486021225825,56.27456621204426,182.4922812471593,100.54049586524222,22.59918953806405
9,0,2,1,0.0,-299610.5241932383,-3.9677275938157583,55.268726095461474,273.3376289170106,7.265080677776879,40.49489160693309,6.572659195812503,81.61227534516759,60.310786124554355,160.45183283514552,34.88221302997332,6.965268273348179
9,0,3,1,0.0,-305853.9573695107,-3.3854148101702117,50.32835148540761,306.96153249647466,8.053733437232472,38.537973165951186,6.791666448643078,84.20399184139,57.04470060535887,168.5809479654856,107.4405974531092,15.44680063509158
9,0,4,1,0.0,-281314.49765713396,-3.8650635724929994,36.64289002964734,290.05298884772316,8.993459688857264,31.40605443052632,5.572980206156838,63.28479794674912,55.661590980720284,161.8740115056588,43.46660496352645,10.881217685541976
9,0,5,1,0.0,-317165.09270621475,-3.6973679591888478,59.204564070368164,286.69217861119955,7.896844530794153,41.854902569400124,7.6800198343171555,78.54329545474542,63.56681060006445,160.27151003089028,79.83846908242407,9.060087701390007
9,0,6,1,0.0,-342573.7924698965,-3.4217368737345044,49.2170378402728,293.123285775615,11.0995472733537,35.93811332288897,5.310281989512426,103.7831864472723,62.3202722007794,150.17595943774268,44.60525109325985,12.556615110130815
9,0,7,1,0.0,-331630.369915156,-3.493907979966489,36.10913875255027,297.4795571168888,10.079244716976648,41.917382947701725,8.192797995475681,55.23576524704978,55.573649361778514,155.71044331643878,61.275029048490985,7.024344368247979
9,0,8,1,0.0,-295489.1176595056,-3.3851548859326,49.21854750953676,293.33356659478073,7.807923887292518,36.01283941601925,4.884434195888175,119.2834943884497,56.40685370078912,165.11714649929925,95.37019149519331,14.290186728976009
9,0,9,1,0.0,-326235.23200785066,-3.6831489003159863,50.239028144934004,311.436444997361,10.233948644572326,36.046266262693166,5.817603904407855,77.10282599749209,52.807360620961106,158.55204851558221,90.4774965734685,6.897701990152536
9,0,10,1,0.0,-344682.32504758926,-3.0331760366403113,47.269085746881544,286.5142936702675,10.073977732123982,35.02366676513754,3.8065144238284967,73.50818818896246,42.66588173255943,157.36196943976654,127.83594398724873,18.921388380456197
9,0,11,1,0.0,-274973.1406339168,-3.627922433192648,50.01056377372279,321.1968684530431,9.033367521053286,31.416918771074,7.377930246324586,64.49830586614995,58.55836171832539,175.48624930032372,122.00720760896556,7.534986380541373
9,0,12,1,0.0,-337698.9874069712,-3.4910861175430075,62.45071121714667,303.51175342503325,10.956668008435209,37.41455485226961,4.292789506731769,87.236698064797,60.945579763458674,150.0,40.54801920658614,4.0
9,0,13,1,0.0,-329013.93004727963,-3.6640228955201692,49.92124546096488,300.66365367579044,8.485856790004005,47.051370737640035,7.250405826385069,73.01646951174587,53.89747779394902,151.69925010679333,87.75986174765694,4.159262377126522
9,0,14,1,0.0,-321115.46276781405,-3.5796160884607153,67.09807486119101,292.4670980917085,9.116940739508042,35.70961937759111,7.23340497536368,96.37505626147974,44.091675393062154,163.99289725267948,91.14639415886748,9.421543632063008
9,0,15,1,0.0,-309521.526332308,-3.9047108705439815,46.0619418425347,303.5696814738082,9.4182694446636,35.20356118559026,6.077320383339832,54.05122561688279,52.776178756458435,166.40018155757954,72.5227280991583,7.094917668929494
9,0,16,1,0.0,-316544.7401094298,-3.7681627203389216,42.59065729559377,294.36854562716184,8.479785351487246,41.61139923247224,7.7584727302102285,65.23058954537596,62.515101203205845,158.53280568084065,74.01316741134634,8.227338920008041
9,0,17,1,0.0,-256721.96993493068,-3.751320234745686,46.12302625069927,291.30211254792414,6.53630392413588,38.864597658289476,6.416759316703186,92.06434428872328,62.590621691096,158.0555063045752,60.19956397841709,8.941137078740127
9,0,18,1,0.0,-324194.28109649994,-3.825538657852975,54.12996809433316,293.71421004954453,7.737327034349695,47.795754651346364,6.0720182500813005,73.49530802303686,65.13827398476478,157.80105962906345,62.32304824166925,5.104685594085728
9,0,19,1,0.0,-326582.67086433404,-3.7522103532883513,54.79335896361005,222.69371084893942,6.494665682319954,46.03840743604958,6.882680773282314,98.66103793236339,25.451452516123496,161.98806052944371,25.416187296412005,9.960496499989727
9,1,0,1,0.0,-420892.02832418523,-1.8476615951832167,54.29866662637571,268.40450530852627,15.483033953848722,41.501150001269885,3.968424053149885,63.341103829091075,25.3270472837621,197.77733998728903,192.84572522457768,16.185119927752957
9,1,1,1,0.0,-25962.099078912874,0.7285663894464223,93.88652027916281,233.4250866815179,15.372391927538056,22.73574929478933,1.5269973491989053,97.57005181556792,21.07988560568109,180.46239300888126,179.99514810654685,28.341921859557022
9,1,2,1,0.0,-406199.66119133943,-2.1329233844067503,51.75430891777684,261.65345815030497,15.377122114029614,35.36825579477425,4.38639244930837,74.60867542723408,31.76383204645495,192.39358895704328,156.31005228050728,18.292952723048256
9,1,3,1,0.0,-210949.89082141,-2.379507747259582,51.52683005610374,276.11209948874216,15.859717613416997,11.746323401727613,5.237747528502469,84.91306562084954,18.036539444296395,202.78141913871428,116.06110576543858,21.049007619123387
9,1,4,1,0.0,-382509.7264808333,-2.4856134532667213,55.52153236172011,282.4259686391147,15.130439265898204,28.83601879778841,3.693535395212386,77.54031116882942,27.23274523099818,203.39621432897735,167.1049666436241,18.79756177807053
9,1,5,1,0.0,-413598.54785198485,-1.9889117121907247,63.769590037621356,267.88846633717554,15.236667361025907,36.37529053965178,3.7139474987924728,76.82834180270825,14.857349182493902,206.0882136483604,177.90551276731924,21.1327458296809
9,1,6,1,0.0,-344332.2899133678,-2.8154511471480337,45.028281504979695,227.84395156377633,7.321697691690007,43.15615443907178,6.950857756032944,96.79541048240344,12.594923349804546,193.32781377328732,117.95180597055536,24.711903442602853
9,1,7,1,0.0,-414993.9541945109,-1.9253287192877488,42.40920954929944,222.0397329732055,14.712852178876497,33.28753511722597,5.35378372392149,46.499432930727146,18.132393293934022,191.53652857855826,200.0,22.808654159277587
9,1,8,1,0.0,-439304.03142835724,-1.6199805932224085,43.587681010614624,244.80585280190405,15.541706943163566,42.36793680159844,3.9601936509470295,85.86638174967091,45.58356679732618,191.2563179489222,177.36246528673047,24.97364656241302
9,1,9,1,0.0,-372493.2857181244,-2.328390959205037,51.10860996096153,284.75160981904054,10.699462838604116,36.50178943245388,4.930772144627353,77.90759612029088,31.542169697561434,195.49456333155985,184.45937671466245,27.967573088589706
9,1,10,1,0.0,-361914.476442412,-2.285029744860668,51.29471997704336,293.1402170463993,12.600378812733274,28.46061208092458,3.76893396899232,97.15055289263094,22.806858059615585,192.41532396758024,200.0,25.733685145212544
9,1,11,1,0.0,-389866.6482497118,-2.404608713381856,54.49023878014439,254.7507353520415,12.419047995604354,35.774951321119524,5.641420466288945,72.71683845069145,15.154542111700547,198.54217955019948,186.03011758957942,18.721765748063003
9,1,12,1,0.0,-399867.95754290506,-2.1359811126447874,57.864342326909366,231.26562337454322,13.507649923017194,34.010510450582835,7.03664186312441,62.89979525901877,60.35720172196717,193.60873917866928,160.993972280297,24.27777626218021
9,1,13,1,0.0,-392072.25628230255,-2.439916102047252,27.061101307783375,252.08442471843006,12.393880786879693,37.73665791573518,7.569205800921384,90.99370467354507,34.243391329068714,185.0031647371707,160.3406497555347,19.92230703077267
9,1,14,1,0.0,-391095.44035980955,-2.1358980615269325,39.81291172128929,276.59148273658485,16.371521694229845,28.338028380916413,7.311762261080091,67.33096936724088,46.50257496242193,199.18027453434343,190.99427415138175,24.408929883611354
9,1,15,1,0.0,-18638.33798756954,0.8299595827454743,62.85184849541262,246.25137235919465,16.139491166183838,32.18072513306649,5.197418889915795,64.19950484750939,37.57875002841399,192.24059006641914,169.67929391483705,28.287256462016014
9,1,16,1,0.0,-402746.8552667984,-2.131076616468932,39.01631132570681,304.053861522039,14.263381940078471,37.33905289846449,5.267843935281249,85.72839859322315,53.3272902227327,195.36057317313293,187.07543441162161,25.75515670374597
9,1,17,1,0.0,-367597.6573375145,-2.5840791485251797,39.447157432691796,274.4484477882625,13.688162317407661,29.777855773063322,4.059816459367992,30.643568931352263,50.77870936005754,185.73058801007343,171.6791915379106,18.85802280074538
9,1,18,1,0.0,-423913.52149078605,-1.8863284612188562,49.05748327890562,254.36141593591867,14.70418965198355,40.05871514720427,3.9076319189424336,73.4883036099209,32.858604252887986,194.2458296106747,176.3941209166744,22.469058708924763
9,1,19,1,0.0,-404003.3819440768,-2.178007684786378,38.18752722303082,263.2635541634485,14.594643025918371,39.6563224361553,3.028416359387414,79.27151605632523,56.54142367583902,189.5836985363896,103.23882462610358,17.977919194664345
10,0,0,1,0.0,-354262.92069647217,-3.1360953033236405,36.66702053094941,287.5184817267672,10.814872760155449,44.08314630443247,6.7175561162100506,75.38814212663922,52.814440339700504,157.45748161628492,40.81559307685457,12.68130983497569
10,0,1,1,0.0,-377628.36752437026,-2.6514121030886617,60.429710030094526,281.86704762588755,11.491077782267057,46.17861738783343,5.662262286101897,89.34883394805323,38.27456621204426,170.4922812471593,64.54049586524222,15.39918953806405
10,0,2,1,0.0,-342269.40444066154,-3.6019472305032982,48.73417614709569,280.5660937376243,8.036387695392026,49.49489160693309,5.593493176492,95.58148340206309,50.059396462902825,160.91858931649307,45.49506469444417,9.687921025640279
10,0,3,1,0.0,-333437.1233340955,-3.6114083551306573,50.77000519635012,296.4626029068721,8.781332919713813,40.41249709597851,4.991666448643078,100.71870525759049,58.992892837628816,168.63092989763672,71.4405974531092,12.891486992730677
10,0,4,1,0.0,-342028.4077028972,-3.412993723179315,42.107596656025436,303.36391980692275,11.22013881539266,40.406054430526325,6.0021306357114135,72.13562324338133,41.46848996783585,158.99246112625463,27.231342054498437,4.84296856462009
10,0,5,1,0.0,-341434.74500108877,-3.44511416871552,49.709030347432005,298.9864493420783,8.809570879784825,48.92352625629407,6.4294787365341595,78.97551991374074,60.703237440120496,153.5480376729027,71.50816682571036,7.232779032121625
10,0,6,1,0.0,-331232.5290122301,-3.680527537262001,46.7794535492768,301.2318645834507,9.180582874849371,44.93811332288897,6.67399181949501,80.97890742172166,54.92501245710357,151.0043254509464,20.0,6.990440094493192
10,0,7,1,0.0,-359419.62768961355,-3.0309421172480824,40.77719839256734,280.7878478119426,10.361467524700265,48.32082577839421,7.010241991050551,77.62891058681639,54.81662972656053,154.94958204477524,46.34879669056877,8.415987477077717
10,0,8,1,0.0,-284465.83146544243,-3.6900903357965387,50.4318900146881,290.726846891849,6.595504470176277,42.521569040115274,5.153118932032529,85.2834943884497,46.46110781630244,153.11714649929925,110.9674819790804,7.0901867289760085
10,0,9,1,0.0,-319765.32210125355,-3.8037067942122365,55.21755731387065,300.38757406147494,7.528120800570469,45.046266262693166,6.235803714303332,101.76568315621964,52.90345905014088,153.34587152460435,54.4774965734685,11.581237736197709
10,0,10,1,0.0,-365129.88735814637,-3.011250807697673,54.26651968968008,280.08637717665954,9.745710097663077,44.02366676513754,5.6065144238284965,95.616045911933,59.28266081423359,163.6598057715388,142.89572007598983,11.721388380456197
10,0,11,1,0.0,-331561.30508976144,-3.5317067695252073,41.49151308014113,319.70059019898235,9.746330606379772,40.416918771073995,6.188964109733732,84.14671526999464,55.17835009536572,163.48624930032372,86.00720760896556,10.514838428824483
10,0,12,1,0.0,-328561.11192296894,-3.6960437944370734,52.1965577898841,304.6813044274415,9.837110721977504,36.74814837736606,6.092789506731769,102.49941100181981,42.945579763458674,150.0,76.54801920658613,7.510183592511521
10,0,13,1,0.0,-308523.03391845274,-4.096426457483569,47.89606753004785,307.1788496196315,7.276296384986953,47.02161737144959,5.6597076795616,74.312263227024,51.66503763186661,150.0,51.75986174765694,4.0
10,0,14,1,0.0,-352958.4813731712,-3.1660608669363506,81.03398575551992,280.20871937651606,9.235110400872538,44.70961937759111,7.325716411207967,105.65711285847578,43.246104808187866,162.07857942891624,127.14639415886748,6.010886746200015
10,0,15,1,0.0,-345098.5118429874,-3.2012905926749715,48.98963757396997,293.39854048221486,9.815830701313564,44.20356118559026,6.45855268738475,30.0,59.4793959916359,154.40018155757954,100.690252531456,11.25930384667115
10,0,16,1,0.0,-353775.3718973869,-3.2391886876524953,58.150336450875066,287.0316596590029,9.765724653018994,46.41723828212607,5.958472730210229,96.42231017089367,47.59013674182596,157.87764092033152,46.89903416262325,8.043796434070469
10,0,17,1,0.0,-310569.2316280228,-3.801881047866681,51.683233270073394,286.7468458909772,7.168289302826827,42.99509216855287,5.8684659833583215,95.6638304223502,44.590621691096,158.351558428766,76.11959600623979,8.820959819778714
10,0,18,1,0.0,-324246.02774157625,-3.742840768770345,48.94894750816237,289.7311912662432,7.245783730461493,47.3680999895156,4.272018250081301,81.00525598526157,62.26661433602043,153.3034938939886,94.14401838876711,7.747929264387219
10,0,19,1,0.0,-332198.1618241959,-3.7916676925865356,54.40800044533028,254.69371084893942,7.235437377739065,48.08668378609351,8.082803116027804,95.38798063321178,28.17766595477022,163.77528337952168,20.0,15.192728754876095
10,1,0,1,0.0,-425608.13217968534,-1.9120578959657155,56.32232153722066,251.6306880424114,13.857405508879149,40.119702259353055,4.0166496926692785,88.41368846961574,37.67871718378643,191.82490505996995,195.62581878875514,23.385119927752957
10,1,1,1,0.0,-34642.391268164545,0.7327885333836642,71.88652027916281,227.01323564052717,15.448489236090772,31.73574929478933,1.497371865701162,131.57005181556792,29.330006182208038,174.16962188206656,156.40691709413352,24.946016846418424
10,1,2,1,0.0,-416589.08441712003,-2.0426847692975647,48.89575246414864,287.9007497690151,13.545192713909021,42.50150912206093,3.735774331262445,104.66430636605284,39.715667067861325,180.39358895704328,177.8900674631749,24.07191035982299
10,1,3,1,0.0,-336314.7855931254,-2.767210099781035,48.17915106583473,289.7924945696688,15.237114016176694,20.746323401727615,3.8221637392000773,108.01060130116042,36.036539444296395,193.27264677033412,121.77837735065035,22.95098666103027
10,1,4,1,0.0,-419624.70002113096,-1.7923297933190392,47.079567442677636,294.3547673200224,16.937568580831034,37.83601879778841,3.343137434072693,63.08815156948687,45.23274523099818,192.6090786259844,166.94526008438646,25.589765028749568
10,1,5,1,0.0,-22439.193141279342,0.8235747557588261,53.5669230235803,279.6861464786396,15.659397086147973,39.06203294868314,2.9572732368824513,77.90855037164478,32.857349182493905,194.0882136483604,176.7175198557992,24.278571963083433
10,1,6,1,0.0,-391362.0197556665,-2.573823539465799,39.248538933330565,244.0018446060955,10.321697691690007,41.45946457660276,7.251155610824794,130.79541048240344,30.594923349804546,181.32781377328732,153.95180597055537,20.844426209755397
10,1,7,1,0.0,-429085.17226852465,-1.7978565344967978,56.410751189879335,249.415845900206,15.217429162309877,37.002548099054096,3.584895676616436,80.49943293072715,36.13239329393402,191.38406548147276,195.0158747884124,25.295613484693355
10,1,8,1,0.0,-430177.14678880264,-1.7281698444220566,58.6851068655343,276.80585280190405,15.323617663556384,43.722791016043594,3.7610184730715317,91.88129514686857,51.19592537281243,188.19242975892433,168.63600146703402,24.020184622476215
10,1,9,1,0.0,-421497.06506814103,-2.0266092286060116,31.415900933789487,252.75160981904054,13.699462838604116,40.2442871337336,3.6883885971043258,89.56667148953441,49.542169697561434,189.38645114433962,187.3736340877634,22.008006691474513
10,1,10,1,0.0,-400742.9049399107,-2.2390730328939905,67.44741753749835,261.1402170463993,12.967594303664324,37.46061208092458,3.829323485640092,63.15055289263094,30.85044741419518,180.41532396758024,193.8946139162457,18.533685145212544
10,1,11,1,0.0,-414690.47564894625,-1.9980155976215546,36.36578043213578,257.5151777864964,15.419047995604354,38.43719834896975,3.965977958070564,62.88970938527335,33.15454211170055,188.31147519813027,175.62759522243593,16.321305097609976
10,1,12,1,0.0,-416113.829871078,-1.988546139303819,50.724465903327534,227.88277385501945,13.829501864659841,39.99281796793084,6.544676509324772,87.47520018785573,55.70751015096308,188.50645437350897,154.12900820897133,18.804708306172525
10,1,13,1,0.0,-421350.30111639475,-1.8795185852674716,32.5305770288016,242.56127943279273,15.393880786879693,39.17320542985612,6.163910355939054,104.99795777595878,50.449074639746506,174.62384344830505,141.7432164558785,21.958715536344698
10,1,14,1,0.0,-21693.65787886912,0.796636184128895,49.21683040693361,244.59148273658485,18.184457724653157,27.121596489672854,5.511762261080091,74.14485217440021,48.84811721197086,196.4434848306261,175.25129403214353,20.961287727036776
10,1,15,1,0.0,-28044.184451061406,0.8097316601456442,62.770390544797564,229.12943950868464,16.182395150857843,41.18072513306649,4.356144713195144,98.19950484750939,54.61171042957811,194.6136767078388,187.90140991356873,21.087256462016015
10,1,16,1,0.0,-422317.73750285234,-1.872653847435071,36.21023674022357,304.1482633862894,15.072825793979813,42.272026621116495,3.4858972941655,89.01720818102444,40.98697865385946,192.1244351997137,184.23165147414156,25.885213716080717
10,1,17,1,0.0,-412780.7988992405,-2.0397504076838917,35.452599165190485,268.4035815647999,14.60508195860689,38.77785577306332,3.8882465689677357,64.64356893135226,57.06438402105521,187.47142515070882,176.05975711574132,21.689489267452284
10,1,18,1,0.0,-23037.709579133276,0.8488378164745555,55.082915991246324,251.22715823764867,16.699250595487285,43.28306100198976,4.276129087668774,80.14291193138423,39.42930705528443,190.8431238745276,176.04720008276652,25.486840596568033
10,1,19,1,0.0,-30552.10274576567,0.7714221483362855,28.737099600587758,269.62252295522444,14.694144150534713,39.427768198481076,2.870281828070284,113.27151605632523,41.63230672486046,178.77883113612768,124.90122529418306,25.177919194664344
11,0,0,1,0.0,-385257.8031780279,-2.421310961741823,44.37872160896389,290.73200840068836,12.914661060165633,46.500127692224304,5.8970441513972816,83.19254359647867,56.226514392991426,160.74466371593047,76.81559307685457,14.878420873985107
11,0,1,1,0.0,-339270.59573820035,-3.645701689904881,55.63475575882512,284.20510388006187,8.491077782267057,41.43760235872855,3.862262286101897,100.47753351826921,22.895374008043127,177.51707040597594,69.34414075261532,11.082656460399882
11,0,2,1,0.0,-375335.504254704,-2.7065273876758047,44.540694010513974,285.11518517963594,11.036387695392026,50.0,6.873859995947849,95.77510269093987,54.64590319951659,160.09559611925283,71.37622775024309,10.803381207680669
11,0,3,1,0.0,-348524.2993805853,-3.4582496255385693,52.150389672478894,284.2297306103805,9.384527890482628,44.02374499364999,5.18357084742824,97.43044895284584,52.87185737478545,165.82680710870892,54.72997436609979,8.310650974929743
11,0,4,1,0.0,-358178.402386724,-2.9740109809533806,45.88948262372541,302.92268439656925,10.931760427869042,49.406054430526325,6.508253895423525,82.03946030779176,50.716681495098314,155.24088379878663,29.747140004619176,5.012812801125115
11,0,5,1,0.0,-353121.500116971,-3.2445308230498355,52.47769673924584,294.88383472467825,9.300334089163549,48.338019794591744,6.650694018372303,99.10879631783929,52.92199753832719,153.38159567115375,96.18753361421771,7.210956500406869
11,0,6,1,0.0,-324745.42280032014,-3.775144314056425,50.76175762569247,291.6516854200515,8.457144908391152,42.3658247751337,7.27802274409308,96.04220335883267,57.282036487118255,152.76543086213107,38.28950495253433,11.799804778191145
11,0,7,1,0.0,-373881.9458491304,-2.5854408020279416,46.112225710289174,297.0141608736009,12.743311045593845,45.44061657527496,5.892239315096691,72.39056702172104,56.21163730212128,154.693363535488,82.34879669056878,8.091765867579657
11,0,8,1,0.0,-313185.720879484,-3.656319683001544,47.713883586486155,291.14542451934705,7.946790597516368,39.487988216678524,5.77555260113987,91.28130827939856,44.02094510416162,155.87349323951662,87.06495546731713,10.880787194467835
11,0,9,1,0.0,-339321.0199925355,-3.505800689150348,60.469652180617466,268.38757406147494,7.49026822086874,48.92300023081202,6.629335846837033,89.46390217228063,54.14528652486755,155.46790210383426,63.59953962602962,12.556475493127163
11,0,10,1,0.0,-327252.9104950701,-3.724408893415369,58.71970290445137,282.7159522640221,7.00889828759961,50.0,7.406514423828496,104.57052110383476,69.16460823047483,164.99421350757012,106.89572007598983,5.121621770631508
11,0,11,1,0.0,-335006.48040416447,-3.6566409003471776,37.617165588358134,289.0594585337543,7.960401126942654,49.416918771073995,5.779821225623972,98.98516230795232,52.5582340969979,151.48624930032372,50.00720760896556,9.58682670894972
11,0,12,1,0.0,-364468.2178339018,-2.994180121798214,64.08659331717887,294.64573449362007,10.414636105378099,45.74814837736606,5.602981878693705,108.46641225643863,28.42396913919064,150.49791057277312,87.73714179493577,8.956073008421567
11,0,13,1,0.0,-302522.08910125657,-4.143377156848827,46.98710863034872,307.7141248048732,7.089164830431749,47.00598764502382,6.606929024971654,73.7193549965721,51.696026300128516,150.0,47.02953518159568,4.0
11,0,14,1,0.0,-345567.9758474941,-3.370844069065291,59.03398575551992,277.55546501476397,8.41044911966681,50.0,8.665274991262113,107.63811838534386,56.20515037645752,153.26898523283165,91.14639415886748,4.0
11,0,15,1,0.0,-340357.8395596941,-3.380234773188957,50.81947584862658,297.30235162855104,8.537885076479878,50.0,5.721285486963783,39.642518573239826,59.39720039766104,150.0,86.15310776270479,9.870663390051545
11,0,16,1,0.0,-361109.35503561754,-2.918486232451448,80.15033645087507,300.9265865654677,10.418148115921609,48.33505263689648,6.330471560566921,110.00601530000952,37.9642732756412,152.06784572114202,55.77827614187414,6.148370462515146
11,0,17,1,0.0,-340725.20851329254,-3.5836042867698774,54.06087084279231,291.5656383716384,8.850879124687076,45.458938065497115,4.068465983358322,71.72753919885739,31.848400945944682,153.07553642980488,91.20193293491391,4.0
11,0,18,1,0.0,-322052.23887434386,-3.6254217534787947,50.266813872471005,309.3774188854287,8.164313892435198,42.16812386159235,4.907279434586128,84.48486016047754,46.55784403593624,150.0,124.4961404405066,8.164860354972259
11,0,19,1,0.0,-332890.497415184,-3.7715030135907797,45.2133040769887,286.6937108489394,8.139974395302652,47.57746435495,6.44274858742188,105.36562212100317,46.17766595477022,151.77528337952168,20.0,9.077658617138928
11,1,0,1,0.0,-413476.02226170397,-1.9840341070266265,54.32931519496979,258.5072460384984,14.807873806353948,31.119702259353055,3.9941200360173403,110.8261545764237,42.92111171808198,189.78801155586538,193.43138079866895,29.312563830486766
11,1,1,1,0.0,-26600.407443745615,0.8196710339259952,50.89699218095834,243.64058203691488,15.377799436022363,40.73574929478933,2.7381812745591017,97.57005181556792,38.65614164280237,181.0223050162556,120.40691709413352,32.146016846418426
11,1,2,1,0.0,-392538.44950603804,-2.3569171555426482,51.85619599973806,266.4672714183303,12.596128570009633,33.50150912206093,3.329567129566064,102.24617384591842,46.16391040776978,181.06436968288043,172.63785242611462,24.40026012440557
11,1,3,1,0.0,-27667.53100896948,0.7457777193591149,40.14607900409589,257.7924945696688,15.268296230492268,29.746323401727615,2.992783734014544,101.69490150615837,52.84144238218966,184.40487891112167,127.07559468935014,25.85045777042799
11,1,4,1,0.0,-439736.5345691257,-1.624496427504918,45.30471558808151,262.3547673200224,15.268285618818325,44.47581458038147,3.6328306422013728,95.59324549013814,35.97595394906361,190.22975281533354,177.6671973782364,26.833821397509478
11,1,5,1,0.0,-404112.2633555639,-2.1554919174288365,37.76257457786078,300.06802461019845,14.481926910233852,38.334329792152595,4.757273236882451,83.82779321104724,50.857349182493905,189.32061504829727,177.1740077888323,23.202369077209553
11,1,6,1,0.0,-387656.7871858183,-2.6475083051045862,34.69085903520011,240.87666001282773,8.49357193017195,46.75423083954454,5.451155610824794,137.1760063901184,48.594923349804546,181.20341533969915,153.04741673188028,23.377769187192907
11,1,7,1,0.0,-425254.8053568566,-1.8411837034760639,55.00192704007837,265.11999080228696,14.858130963183953,39.56973813482625,3.530654500964509,76.35701229134374,42.2210450519204,190.17200080364276,185.07781584817988,25.067431538191872
11,1,8,1,0.0,-403086.80632519897,-2.137875179269674,56.354063679549014,298.53688960450046,15.34016868624534,34.722791016043594,3.69293911891653,87.26441542035899,53.9875543642368,190.63495341936994,173.18373393837274,22.994496869944285
11,1,9,1,0.0,-435243.9893433587,-1.7353768973277723,39.53960448849694,248.30940824702867,14.06685418395023,43.6844885605998,3.465742427741967,76.06334060732037,31.542169697561434,193.38476306693644,183.52871140821856,27.492912241819482
11,1,10,1,0.0,-426474.54919730214,-1.90732458305801,61.91395647675122,246.03984000370912,12.515364193511923,46.46061208092458,4.707914702049627,94.45829962711228,41.30166648345075,176.54701194864563,175.43508125459078,23.46875301044603
11,1,11,1,0.0,-9467.948387585171,0.9260116706831092,58.36578043213578,257.7284248182852,14.968197089420253,45.50711307297499,2.9839394712915217,32.54987638033242,49.37282006072739,187.0521647811348,179.7552302382103,23.008107469741297
11,1,12,1,0.0,-366669.289816667,-2.8833723766938064,45.94584079280372,246.33861875380586,10.829501864659841,33.2127818155616,4.794630487839168,94.7479410496416,40.43001229736317,192.98822307796883,120.21473730817617,20.946431001006392
11,1,13,1,0.0,-392892.0703860559,-2.5324390849845955,48.656490155566644,269.27532783309306,12.393880786879693,38.51201910075791,4.363910355939054,100.49437470010699,53.67085427944494,186.62384344830505,177.7432164558785,14.758715536344699
11,1,14,1,0.0,-424288.6571366087,-1.80272218779119,54.94937239067171,230.01715356057835,15.184457724653157,36.121596489672854,6.553137814940379,85.7774878036241,45.83341531116488,190.07572009670784,166.13655144235335,26.709632669271443
11,1,15,1,0.0,-422626.4832757824,-2.0054861998778897,51.48746563355316,261.12943950868464,13.182395150857843,44.19103505377179,5.053621521598908,116.21628983043392,54.86472727837888,193.88109536239853,177.96924561763288,21.46744242750161
11,1,16,1,0.0,-414374.058380406,-1.8874880926435815,58.21023674022357,307.98927728416896,15.027958480161924,42.32697592439459,5.2858972941655,66.94260170291425,34.70529349139277,188.43880425238353,181.93100550560268,24.758972931320667
11,1,17,1,0.0,-423635.22524417937,-1.8001069690027247,52.14504706768193,280.8282628691497,14.993095383558519,43.14435283551518,4.077228010757048,62.45999808451364,49.40659053953749,189.32366879278942,178.09148388924584,24.223495597968213
11,1,18,1,0.0,-413871.91918985534,-2.048475739274858,54.86937524830034,255.40126785198225,13.699250595487285,36.6623998662469,4.506084725243704,91.62400255925519,43.04583791669971,189.8330879621501,177.67342024479225,26.32574881211839
11,1,19,1,0.0,-420489.50079661544,-2.1076192938365663,34.032058090474514,245.87560568835917,13.140909742290331,41.535515873579754,4.200743862666611,132.20613059608203,35.82837602228783,187.54491386568407,133.24872282422015,26.011849489769855
12,0,0,1,0.0,-354842.4224059221,-3.1673585867963774,51.67479928142707,312.301267740652,9.914661060165633,48.47472883436557,5.051258380576628,82.57897428962534,52.83163142675755,150.24368125619247,72.58605077556899,9.555515511916768
12,0,1,1,0.0,-323189.36526758556,-3.744199650620564,62.02365816437673,308.6929517882857,8.05768821950855,41.816515571120554,4.202194839988313,81.89722285916793,21.12999291411647,183.503654847601,78.6646527981481,10.476602036745327
12,0,2,1,0.0,-327798.7365712286,-3.6743319844340476,45.64624431545137,280.6912388847239,8.186631276909424,45.92464778343956,7.682189263333878,72.57913210340124,60.50679847587723,150.0,107.37622775024309,4.0
12,0,3,1,0.0,-319923.33088163636,-3.9017130410292635,55.375969163705186,316.2297306103805,9.312325948607615,38.18091776151319,4.730693271938854,73.76075880225466,48.1740396240059,166.38514699287632,90.72997436609978,4.0
12,0,4,1,0.0,-327349.2962259342,-3.7674909281632947,50.24108100894783,308.21043702485815,7.931760427869042,50.0,6.0790924457570465,87.07329974362437,57.54975636868122,150.4892345555568,57.206785787361994,4.563258056277841
12,0,5,1,0.0,-351962.3148756975,-3.2555788153149567,50.7164225121753,289.3478094678014,9.626071526947056,47.07485206163571,6.688813703765843,97.55344088725869,59.742876345691315,154.86244655741731,96.23142389937587,4.595894635049969
12,0,6,1,0.0,-326669.88775502687,-3.691227897424339,47.11651989021441,301.0677490851439,8.963845943724332,42.51040012565711,7.0651582219675575,82.8921258514011,60.73807266143295,152.65391699036772,74.28950495253433,6.344786742772278
12,0,7,1,0.0,-341031.3532963928,-3.4096533302999337,51.92206159856207,322.0414702060593,10.356814523547758,43.73847211532117,5.124951354007992,69.84448616697846,51.120689346242074,150.0,60.80222660657151,6.274484950528404
12,0,8,1,0.0,-316583.38171264273,-3.735348637382579,46.17693635406026,314.0454117529439,8.107932019846274,43.89068235391974,6.142283822353474,71.63290281588743,53.90468904347931,150.19601593942753,66.98261290898625,12.130482170764022
12,0,9,1,0.0,-360596.6391482216,-3.010033827403484,52.80313878931159,280.45547770423855,10.481243094663988,46.82975306919475,5.602165519372063,69.43875441573744,54.721420678215075,158.062125956332,77.1519497285917,5.356475493127163
12,0,10,1,0.0,-336116.87073081237,-3.50349946521087,49.37071493049484,307.20384605853036,8.782671475280482,49.45093643092351,7.819674607893285,77.76642106460241,63.155124418018936,163.81957851839155,77.25014559061962,5.12790708324751
12,0,11,1,0.0,-300322.86200693774,-4.161654992312984,39.41096897265765,274.4323232161915,6.027505671810806,50.0,5.501388717361265,89.80790210360973,49.70244851988925,150.0,27.800874034335408,4.0
12,0,12,1,0.0,-353026.7205958063,-3.23803836201781,55.78273715275614,307.08936347887516,9.695328386620771,47.46463267509614,4.346800066612898,78.27566218334015,37.28134568286194,151.22358463719914,123.73714179493577,4.858126353181598
12,0,13,1,0.0,-305729.7211265905,-4.055837166908921,47.812762313883034,305.00165484069316,7.326084663059676,47.0333837088274,8.0217465776186,72.820086349766,52.904092462731334,151.30021217213962,52.21252067622473,4.0
12,0,14,1,0.0,-316890.2520620626,-3.6895548166836796,49.0809790425074,301.21040221366303,8.476785957535425,41.695135445465155,8.91355955526288,80.24576910762335,56.50676674138158,151.7960290713714,63.82320616506321,11.2
12,0,15,1,0.0,-288513.1597881451,-3.99339693624315,51.371764909905956,300.66972263828416,6.6351873954862475,45.80507958548119,6.459024717405279,40.10381485730669,49.64949195546266,150.0,54.131465207316225,8.496556290548913
12,0,16,1,0.0,-344863.55023910094,-3.2854072538113397,60.83839864076164,314.02035602996534,9.637451554240682,49.53584678315019,6.680261871843016,76.00601530000952,44.013560585176535,150.0,51.0593772445808,4.898128544047943
12,0,17,1,0.0,-13122.239271435412,0.8583713243439927,49.53296641375753,300.6376030729775,7.749209455753493,48.08823787457498,2.970370272211216,57.032260633430255,36.33800609295879,150.0,58.12263501581963,4.0
12,0,18,1,0.0,-316050.3119991698,-3.8995810509601423,51.295399906850584,319.3093645290675,8.011852845132372,46.305195702127016,5.7655459609952695,64.46196154186335,50.96375892598067,150.23106122210675,88.4961404405066,4.0
12,0,19,1,0.0,-335713.46316666243,-3.7151866941178757,42.56508253788454,254.69371084893942,7.670191582724076,46.65445522481422,7.291363966819068,102.88880185821945,31.42415972368569,150.0,24.276789010416067,15.21230934607095
12,1,0,1,0.0,-412338.42490938597,-2.022272164369318,42.96679811869453,263.8123840196554,15.377703228814616,33.04438375568559,3.981768108285127,87.04752872270959,38.41743335459079,191.05294710466438,170.34375738755358,27.645922050272475
12,1,1,1,0.0,-18879.858062808682,0.8254917218746896,44.992877018405196,243.8832309383042,15.082725477426012,31.73574929478933,1.4306166737803405,68.99696380623347,42.44268964570989,177.83573582053725,156.40691709413352,33.95955092627469
12,1,2,1,0.0,-398879.20306647965,-2.3011623963387997,57.329707535756874,234.4672714183303,13.535753904135339,31.56274735763567,3.3576717388183392,79.16446837713794,48.865609254874975,187.79275719702778,173.5967861290531,20.155946357522378
12,1,3,1,0.0,-433107.1112106751,-1.7108524292076914,42.41964585952584,225.7924945696688,15.445798165509052,38.746323401727615,4.617446914988768,80.7898124981502,39.22254593989391,193.60946671934795,158.31160628587145,25.38977868364736
12,1,4,1,0.0,-439792.1985247523,-1.659505960060476,54.981026288702594,249.47470872490376,14.028353369508805,46.83242148397679,3.859563108837636,104.3540287705814,18.80616683007264,202.22975281533354,169.34627637026506,26.959247855041117
12,1,5,1,0.0,-407023.6161488094,-2.122168748306423,40.905852834560456,301.60183291755476,14.61491591285306,36.88542840801137,4.828900349279613,102.55304614899302,32.857349182493905,197.968772120422,181.4297248054578,25.608477182498508
12,1,6,1,0.0,-380981.3114918316,-2.6157699137568855,36.59110229177129,229.8122370526568,7.70648531270406,47.484510866999585,4.036694971809073,105.0514329343375,32.020390448475695,193.20341533969915,152.47002567467294,25.64445064617267
12,1,7,1,0.0,-416305.72144270246,-1.9626295727607974,51.20320960209541,247.47476785359933,14.501376560698313,36.227338551751245,4.682443293492896,65.18215889807078,24.2210450519204,188.87526783642147,188.62006216686777,23.782630170092315
12,1,8,1,0.0,-419644.9536877322,-1.958064780341509,48.96048166818749,266.53688960450046,15.349619127534279,38.74381738847751,3.5522889288457207,93.19162497037908,46.71928125131723,189.44189949073575,169.32236408089867,19.52275016335213
12,1,9,1,0.0,-406560.3784394719,-2.079393634442663,55.23437293972994,271.5781530128685,11.06685418395023,44.20263550179889,5.215133297973776,84.23674847232807,22.32994966109044,193.0315422598295,181.33732145953113,30.906323713407303
12,1,10,1,0.0,-410486.8669802112,-2.0505487062160497,60.23579525209285,278.0398400037091,12.78010891261087,40.823695424955744,5.198601235788481,102.41138872936021,23.301666483450752,181.30550330967478,168.6093465825755,29.62173369448154
12,1,11,1,0.0,-11019.115492007099,0.8861639740059408,78.81263056270693,259.28943380978416,14.30169076855704,36.50711307297499,4.7839394712915215,37.278223691241294,41.43905297732722,190.35096915169416,185.35046853904456,25.92362369660868
12,1,12,1,0.0,-358737.07965612,-2.6214991380877755,50.75567295137808,260.506243478931,10.464874805903174,32.80892612640834,3.1912186531118643,77.09117598283945,31.089665302517467,193.56575475157697,155.92589393208846,23.369645437692157
12,1,13,1,0.0,-352214.3105530365,-3.215292137183997,39.918818642379385,301.27532783309306,9.393880786879693,40.54152538600506,3.427133515635122,99.48768220831181,35.67085427944494,187.62661654233858,182.42961000407377,10.636764713472186
12,1,14,1,0.0,-414207.8004918398,-2.0251633112689458,53.770732328400314,262.0171535605783,12.184457724653157,45.121596489672854,5.344918528789098,75.2459242981563,32.397704953233756,183.80460278347502,169.58355297457533,26.989841332559987
12,1,15,1,0.0,-385467.5785857818,-2.5295830561645705,40.612734914948604,293.12943950868464,11.405770235256703,41.335326337030224,6.289306843332561,101.71815937944291,36.86472727837888,189.68298439640492,141.96924561763288,25.27169447104668
12,1,16,1,0.0,-404374.64894775185,-2.085366817772784,62.596048580496195,284.4793657288133,13.813823736488066,36.178821228510735,5.502216961764532,91.03150762560104,34.07658687243704,188.9778476454332,184.9308764403835,26.995901910463587
12,1,17,1,0.0,-386048.9664453484,-2.3484227219739346,52.902869241239,303.5080501197821,14.484520804383662,34.7374146705628,4.116408886093233,44.67358996793258,38.54020976675146,190.03616401175503,174.27850256582153,19.725865948662012
12,1,18,1,0.0,-416471.06091456587,-1.9985388869752225,58.91879174390402,269.8018278922489,12.835376918266588,43.07722747415299,5.169366069609883,94.10103927257866,25.04583791669971,192.87709140584215,179.46264926520638,26.152994022159167
12,1,19,1,0.0,-392225.9125236711,-2.7493187659372103,38.575015281280116,277.8756056883592,10.868232813310419,40.652813485079626,3.9307644609263197,164.38000642306363,34.40944032853,186.56262840219236,145.99157666475386,18.811849489769855
13,0,0,1,0.0,-300479.736383837,-4.128170886112059,47.14768964189372,318.5800987842144,6.914661060165633,48.361856358738464,5.989663903183338,70.07187610802106,53.417102591041775,153.03596691301723,66.80584404770453,4.0
13,0,1,1,0.0,-356236.2238869931,-2.973784933956313,61.73307234675351,313.3973395324869,11.05768821950855,39.16892693645221,6.002194839988313,67.89806910372273,36.10947397089303,177.9266668260278,114.6646527981481,17.676602036745326
13,0,2,1,0.0,-334613.9850164751,-3.5461110435993244,54.69147282265676,278.9439982275796,8.733324228918258,44.303801779731614,7.619142769983466,74.44009494597428,57.896189203007005,151.23533032336334,112.24961557316989,4.0
13,0,3,1,0.0,-326317.12314569694,-3.636421039960741,56.56640994138423,318.4060382056509,8.700798732670997,41.68498702620397,4.621201084069814,62.84062321584041,45.97593092574448,164.4811026398398,107.36699163518597,9.831288771819555
13,0,4,1,0.0,-317653.0248458014,-3.9807627998759663,46.807562552639645,307.79886642959076,7.488054161282323,50.0,6.016699437225818,74.91495934276269,44.790202852303,153.68821794317634,41.11276039162308,4.0
13,0,5,1,0.0,-343133.27386904595,-3.2997493733316157,58.60047396519195,289.48567394369536,9.500150882555378,44.507796560252515,8.488813703765842,83.87683139273022,60.17851962177653,154.38033375087477,108.26766123343552,5.796069425469817
13,0,6,1,0.0,-316990.17515376775,-3.9851503648658544,47.16817697413346,308.37052731438683,8.891666016663038,39.326713851328556,5.552885987937824,95.50247994287155,52.09428421157632,150.0,38.930250728560225,5.81957420660443
13,0,7,1,0.0,-309379.6949292316,-4.06740369022165,41.07523412260898,290.0414702060593,7.356814523547758,46.12302699583656,6.924951354007992,76.57675884411428,54.65138676515894,150.0,45.323269194345364,4.0
13,0,8,1,0.0,-306526.3381416699,-3.998203192857454,45.66652231931011,322.4066610259672,7.536969438200711,48.26088301790443,7.019919097057469,61.10132745145587,58.5583010594978,150.0,49.742552095481955,6.318954422401235
13,0,9,1,0.0,-318600.52009413106,-3.9628874313957785,45.394071478367245,291.64414352104365,7.886383781555226,45.62795739401062,5.6224144929670885,63.203461318897844,53.227139597153666,152.750405651144,52.33225945042801,4.0
13,0,10,1,0.0,-333590.13345533365,-3.5111396226377933,45.28676068017296,292.9486833484123,8.636808208938099,43.86362864218907,6.019674607893285,61.11388901837214,45.155124418018936,151.81957851839155,97.0706913298462,11.35850588582887
13,0,11,1,0.0,-312337.1080537458,-4.057616613608173,38.599253707338924,267.3842733643567,6.371230714098735,50.0,5.700619892738961,90.15614775287882,50.30787381152508,150.0,31.183501026461087,7.134408807682095
13,0,12,1,0.0,-375747.6835240303,-2.633622496059777,53.100150308720046,275.08936347887516,11.199873758928717,50.0,4.629841869409979,76.47085519293177,43.315212771763754,150.5377211033928,87.73714179493577,4.0
13,0,13,1,0.0,-311167.8097858519,-4.04931846824695,37.73113828177504,288.36875191039314,6.87354571220697,50.0,6.2217465776186005,73.4455394199608,52.33917588535255,151.21210965540863,59.94900948825703,4.0
13,0,14,1,0.0,-274469.08323881525,-3.86653726407672,39.33609467847821,290.0892384560181,6.604973794880624,41.29807501052709,7.1135595552628805,103.33262193562238,46.78205055135152,156.84508512333758,28.368418379530496,17.303955511885164
13,0,15,1,0.0,-300632.13855259155,-4.013761050810536,43.50657936218807,293.2808209620605,7.55880586932379,42.38245115583818,6.68716884703959,46.962929444477986,47.50564246391968,152.42367875955065,49.60278606432381,8.322437728427238
13,0,16,1,0.0,-320215.397364246,-3.969681521298905,57.87318535708725,282.02035602996534,6.637451554240682,49.85526584477099,5.675371312710652,106.42728513878062,50.570185905837185,150.0,49.92395251196305,5.037688608070494
13,0,17,1,0.0,-334073.47152033646,-3.7430803461440307,44.43386474320467,284.28863456126743,8.035668323391466,50.0,4.770370272211216,63.88558325741488,38.504609627603,151.66995720382738,35.95870924622069,4.0
13,0,18,1,0.0,-347665.12505440746,-3.3888526570987856,50.40690772857341,287.3093645290675,8.95336701124101,50.0,5.483225124548306,86.90391566521387,63.218275780917885,151.06977822686312,52.49614044050659,4.0
13,0,19,1,0.0,-348010.76679783943,-3.588597900214856,45.68112825948076,222.69371084893942,7.195692608063952,48.643902674355864,6.34320354210919,96.6033678274546,17.36285483712251,162.0,31.945266991417885,11.954597692837247
13,1,0,1,0.0,-411306.30745124765,-2.0826329205224017,56.938718708005375,268.96649398141153,14.992347043917645,35.95181123368071,3.4781760173883813,89.46753976126261,22.340472007138708,193.61038983452315,172.01557414602132,20.601822303347078
13,1,1,1,0.0,-27772.271175424332,0.7109501001168805,66.9928770184052,244.41756991329245,15.050525937494498,23.576587614672192,1.4338482996859738,102.99696380623347,27.72199298385398,177.83470476218804,192.40691709413352,26.759550926274688
13,1,2,1,0.0,-25264.38721260747,0.7936352194826918,65.71369898740349,264.7010222991071,16.104365468075226,34.93623160063735,4.038578550874821,90.44860462228905,44.48871597082307,184.3603861530431,174.3114361497473,21.35750925508876
13,1,3,1,0.0,-408461.150350991,-2.117764423384849,49.91446699573039,257.7924945696688,15.247816951434839,32.572717426840164,5.0609146674527645,98.28696883429639,24.914924684740782,194.5200878799866,180.49744916336212,22.06265069171341
13,1,4,1,0.0,-420068.5043995766,-2.0089474516697066,61.42879511511208,246.98169217938963,13.890239479631415,40.15464652835048,3.7720542495595897,101.85957709685262,17.161246356754518,210.0,162.0278078330831,19.912818794722877
13,1,5,1,0.0,-411601.94227441004,-2.060373914448651,56.49077443730032,269.60183291755476,14.276237299519641,35.773349645018214,4.987901823328964,110.82959596736457,14.857349182493905,204.61207088605053,179.5448454118349,25.686375577399296
13,1,6,1,0.0,-375830.18819346407,-2.8761238456118146,56.99401280273446,220.5080419986213,7.32502901449778,46.34310750560374,3.7100093652802606,139.0514329343375,14.020390448475695,202.63420869946935,116.47002567467294,22.403926599412898
13,1,7,1,0.0,-428435.1602473318,-1.8119484083363155,49.29166959685448,237.00760484206785,14.213520363632528,39.84000759036927,4.21959851732722,77.2934002105202,10.192306726707313,193.29888099547253,182.26966223346756,25.40942057690577
13,1,8,1,0.0,-442414.5772769753,-1.5797323908000445,60.711031490117016,250.726811639482,14.440005458857076,47.74381738847751,3.4576534622624346,102.89830768634387,31.03513823696984,201.44189949073575,166.2317092759325,25.94075020941062
13,1,9,1,0.0,-398921.9489879126,-2.310808586392828,62.425166586100325,276.8953393214616,10.484370513945464,45.701861766108365,4.928353170011235,93.56918421557484,20.139957714381328,204.66310629137865,176.49977879820221,24.47814944086852
13,1,10,1,0.0,-409746.22166156734,-2.004698426719246,77.75613989783655,286.69876272562533,13.275389529324615,39.75618849933145,5.025243227618984,99.75902045854701,8.924510360051741,182.24404315362972,183.23010435566363,27.150598762086922
13,1,11,1,0.0,-20854.20921299748,0.794173407963086,82.01689313841283,248.05735326150628,12.315272513697254,38.05200378734565,4.9583029702297345,71.2782236912413,31.41850038799049,202.35096915169416,165.03635125031514,24.447773008584267
13,1,12,1,0.0,-375203.3066814561,-2.56708699551752,61.678696130554506,254.65536094526257,13.284936564457775,30.020440895901174,4.991218653111864,66.87148394763874,25.578448158715933,204.56923178041853,126.73779139747273,23.55915998728453
13,1,13,1,0.0,-383706.6541852197,-2.8159869130663004,42.25132628336488,269.27532783309306,10.423771319100936,45.252189365080795,5.227133515635122,104.16406002330656,27.273840916083692,197.85144932179222,152.7353788045687,12.120959150645747
13,1,14,1,0.0,-405882.83709270705,-2.110043757186164,57.857277814447514,294.0171535605783,12.839062963710223,42.554592773675154,5.248261346882421,83.56424194454654,34.145618984708456,187.00860346582002,171.8340592687011,26.52803279365919
13,1,15,1,0.0,-403132.1780062773,-2.2813087917988266,46.06533844217754,261.2126331580882,11.876057827283654,41.6934739844248,4.489306843332561,94.86764471414284,18.86472727837888,201.68298439640492,133.68983447587308,28.691025579328553
13,1,16,1,0.0,-388195.8784253644,-2.2760138640504772,61.00410107505233,252.47936572881332,13.046335017105427,30.213328596193854,4.88801109630243,95.70516108955427,40.897344302115286,195.86781494991305,173.17710830542916,26.635690887360322
13,1,17,1,0.0,-360613.1821912363,-2.739232406017891,55.26614850206066,271.5080501197821,11.779758205297354,32.11652813905782,3.94217281363021,46.01079670655065,20.54020976675146,189.6622315312191,171.55545974941853,17.092090021630973
13,1,18,1,0.0,-422235.01769399864,-1.9092282776749507,65.74534901175947,258.70594684520665,13.010662463578022,44.26232013506716,5.064678737103055,102.00376990039727,7.266656188707742,204.87709140584215,169.86247098586125,25.889132616262838
13,1,19,1,0.0,-413188.976368067,-2.3012227232215365,48.699508004703375,301.27773473011763,12.600409084888202,43.73432932674259,3.644093254154933,174.8759150920811,34.11862158285172,192.67662278039145,166.32590554687914,20.4499810395791
14,0,0,1,0.0,-348910.2960205982,-3.3256602726954534,38.99930977677711,286.5800987842144,9.543558722956947,49.269694351582935,6.445395243252609,85.96053715584648,50.70646885435242,160.49932057511927,30.805844047704525,4.0
14,0,1,1,0.0,-394029.4930891725,-2.3406934757972913,53.43246049928374,281.3973395324869,10.908889080676703,46.60680806290041,5.9258497438416455,80.86525382780285,51.89798578031128,168.80550995040576,150.6646527981481,24.876602036745325
14,0,2,1,0.0,-356774.0295281821,-3.2691223927940354,44.71623267604937,271.3142645708427,9.66073173849969,45.661888449811364,5.819142769983467,108.44009494597428,55.040326372704065,158.34697435221847,76.24961557316989,4.771858963392836
14,0,3,1,0.0,-362068.0735473976,-3.1092706590324144,34.56640994138423,286.4060382056509,8.926423022049566,50.0,5.453135617669276,96.84062321584041,50.04689090473676,160.52369367822982,143.36699163518597,10.468475441949646
14,0,4,1,0.0,-335642.5211173708,-3.7018754541203225,40.24262144710964,275.79886642959076,8.103301634159306,50.0,5.868478011095279,75.82961644636092,43.38344372162451,155.64415128805504,20.0,4.86187200774934
14,0,5,1,0.0,-339285.1307285852,-3.405853942435861,63.416961200172295,282.50277073656343,7.764452211417433,50.0,8.571276967426867,82.2273183483878,52.048668843949415,164.48184187174863,132.23745110762042,6.5637503981956415
14,0,6,1,0.0,-328505.1853698105,-3.903690942301454,48.51658492221438,276.8140678779038,7.72327046864292,44.79542581637818,4.305945800779935,99.56523323420463,50.961963530239046,150.0,20.0,13.01957420660443
14,0,7,1,0.0,-339054.11451371654,-3.560137128296415,37.02509103083978,270.68834292623325,7.695318158309885,49.88478470100177,5.8869860051351655,93.65621670903622,54.97189822209538,150.0,81.08793317679186,8.072315383122648
14,0,8,1,0.0,-270300.90714363847,-4.257488210099854,39.228774331725916,307.29972513971967,5.728487746396596,50.0,5.779181144883284,63.9068541648676,49.86123618599391,150.0,29.380853328904124,4.0
14,0,9,1,0.0,-268837.6101020197,-4.123454013325715,45.31368572840419,278.61618211591673,5.322361936560111,50.0,5.595023482151159,83.99615282875311,48.97869568217445,150.0,20.0,4.0
14,0,10,1,0.0,-347153.2574628543,-3.485563175404687,50.902626325469996,269.04277784467376,8.54768142010833,43.28569349173521,4.219674607893285,95.11388901837213,42.96151165598329,153.4444467579302,73.85438055841809,11.426224063021149
14,0,11,1,0.0,-338367.64525266545,-3.555890979616345,38.2938455961327,297.53603295472357,8.215230658377905,50.0,5.7241698331111435,99.4147524230475,50.79780097069007,150.0,53.20792654439912,11.050988313831976
14,0,12,1,0.0,-358383.5095596913,-2.994479692270595,72.305799826993,282.3954275641012,10.42946402798491,46.173589661755635,5.66062148277407,90.33146315850573,49.48768617513333,150.69018441694035,51.737141794935766,4.259625584964287
14,0,13,1,0.0,-327426.0553639393,-3.855705596941348,47.55161944559735,270.49639427880066,6.9164893019046225,50.0,5.014700200808489,87.81359650183683,51.63412286100805,151.40802153520042,90.720329262839,4.0
14,0,14,1,0.0,-342058.0496384389,-3.586006089083095,48.16165230771064,275.7016235173761,8.091316491963884,47.05087356458712,5.809019056816228,96.62625219734484,42.605934868466996,163.55889784515685,64.3684183795305,10.103955511885164
14,0,15,1,0.0,-329932.94170150155,-3.758661869044251,35.53356060850652,266.29961588970974,8.20537628752524,44.166442301790305,5.24382218326791,65.70495771082719,57.71887436267623,153.71609967343457,63.24346722212954,6.148547457144708
14,0,16,1,0.0,-314382.07145002676,-3.9665104426976887,56.21507650314847,267.1676520413837,6.346486056142516,47.85324024982907,5.954716803856378,113.01783995428097,37.23373003227192,150.3982682310757,47.100183921809105,4.930521776828681
14,0,17,1,0.0,-328847.2500736554,-3.9004071747422464,49.76113203671931,281.25115955279847,7.4690371936590525,48.86560185814592,5.509224391290692,97.88558325741488,45.830200018573606,152.3715153443878,35.31612259955131,4.0
14,0,18,1,0.0,-347125.74902171525,-3.4507402565815264,33.446737434278475,262.9969680786161,8.568618414356692,50.0,5.329797399020171,102.26163045815966,70.52278950661868,150.90094288815897,20.0,4.0
14,0,19,1,0.0,-339235.566855452,-3.798983579759118,51.96858440754229,238.1867418732194,6.71844272897436,49.91100996282253,5.518973595631335,95.0755321907683,27.209785550547497,171.66155327702685,31.387640397622594,10.627368943041162
14,1,0,1,0.0,-426993.28829759266,-1.8647435080352222,65.39439586147245,260.2968468652412,13.814027731161762,43.24244514404991,3.781266846914846,103.59768002028288,9.724953187599645,199.13499747327657,183.822137624212,22.178597402885988
14,1,1,1,0.0,-34044.24747138772,0.7279275937251054,83.33063617050712,239.9614429238391,14.75312845494347,32.57658761467219,3.233848299685974,136.99696380623345,9.72199298385398,187.1501953372317,156.40691709413352,31.086457597138942
14,1,2,1,0.0,-410702.43786244426,-2.128352726225655,61.26200402335125,296.7010222991071,13.104365468075226,43.26612442522499,4.347104654429036,117.52384173001505,26.488715970823073,193.9196283156592,156.89880219547493,25.07148001703952
14,1,3,1,0.0,-403347.630502703,-2.2273207691783012,58.006676118574546,289.7924945696688,14.44774749850187,36.36857610373919,4.533523019296368,123.11356449492675,15.449702517796817,204.72135160921562,144.49744916336212,24.359285108254067
14,1,4,1,0.0,-423982.52453847183,-1.8765319618591725,55.19918853082597,249.75389054279538,14.614631627655905,42.605694746718356,3.6757672736954374,92.12975739006366,18.480243927815586,201.2494552305253,164.5877887572032,16.437922332854114
14,1,5,1,0.0,-433346.8654907412,-1.7163463551038085,59.21999442541463,247.09519448432334,13.963471089257153,44.773349645018214,5.044423794497094,97.55047013362484,9.113441523786875,203.3063599874818,171.49168680561272,26.742866192879376
14,1,6,1,0.0,-399232.7617228383,-2.577433345806071,55.985425676403146,235.3937836026949,10.32502901449778,46.27769627092816,4.824836873414648,157.48899461903125,13.019693237727784,201.54641155881717,80.47002567467294,20.698945637493946
14,1,7,1,0.0,-434446.7809937303,-1.6916538993735355,51.503402581242966,260.5292952558166,14.109660998970774,46.424626121985845,3.9572089724243713,86.57882100144346,5.158866674948278,197.00119314350002,180.21326655473183,26.400363690540743
14,1,8,1,0.0,-30360.397924596633,0.7790131406445469,68.73605090006595,261.71294724276055,14.492954367994141,41.64512664222306,3.4214348479637464,104.91928732411586,49.03513823696984,196.35577694291086,164.90887266236768,28.25348018151911
14,1,9,1,0.0,-422836.4767080435,-1.9340763537004546,53.591203467327205,284.21286330514977,13.484370513945464,48.31829212460411,4.135713294979852,93.96849142461551,36.43764923212262,208.1388744605878,165.2359951144859,21.563703820734585
14,1,10,1,0.0,-404006.92103677074,-2.228209157111889,65.50504421775695,254.69876272562533,12.514425946892938,37.359614904029605,3.5618711500221236,88.55293924716725,26.92451036005174,176.8194412453314,172.62292485285838,22.82654816177758
14,1,11,1,0.0,-398283.0040680019,-2.402435753928316,60.016893138412826,250.28475808643543,13.194059755058088,34.76202175795677,4.709072990347294,101.39885870752255,34.584040513446965,202.35187472208685,155.25656884602182,19.054190515130944
14,1,12,1,0.0,-398499.6978869759,-2.224808159520734,65.26129163538768,246.37199305766393,13.9506002848143,38.79040970306329,5.975260850532178,79.57810681303778,43.57844815871593,198.06220688530334,105.55201157501632,16.35915998728453
14,1,13,1,0.0,-386047.79340543423,-2.605312934802259,37.06217587399719,275.8631471342805,11.980672127543079,37.55166281718254,6.774033193174638,114.06551584287767,29.23340755695865,202.4658921704956,162.9645610987315,19.32095915064575
14,1,14,1,0.0,-428367.8922126571,-1.7952188052583784,63.59642154577309,275.63354033326783,14.736201015207545,44.250028258119585,5.296726734092887,106.63751956289319,41.36157675485946,199.00860346582002,176.64563782229123,22.895820956772877
14,1,15,1,0.0,-424248.7900258584,-1.9314594180383318,43.42283357204766,244.30370443835992,13.332733340690599,44.845436092674646,4.605824866505796,94.71855421265573,27.154955946253903,203.94275352314156,138.17781443607345,25.460444878005028
14,1,16,1,0.0,-419171.94388803403,-1.9742488493389843,56.35418027862184,238.5052451566746,13.410172688457418,39.213328596193854,4.83878855916812,78.02658896506998,33.43967314935679,195.00488141119138,168.49575226268155,25.61623161910669
14,1,17,1,0.0,-370209.5078298792,-2.766751458611213,54.92626104474383,253.47930836488845,11.691237022840454,32.65993380056271,3.599379831698835,61.64474231876412,38.54020976675146,187.0694959109212,167.54700438257126,15.364619729731173
14,1,18,1,0.0,-412034.4585071247,-2.1347656223942413,66.07651975959031,250.69524914420265,13.278593855679333,37.36433946890244,3.264678737103055,95.58470531053436,25.266656188707742,193.5802768157006,166.10298513423845,22.63245230084359
14,1,19,1,0.0,-39509.82183312592,0.7216591358488906,65.98298008097703,303.3558194652334,14.102669174358525,45.25558532306551,2.5499563868016923,140.8759150920811,44.511811010803214,190.5535216729899,130.32590554687914,19.748280415166136
15,0,0,1,0.0,-385893.9507250769,-2.3826745848638504,38.44076870396946,256.76589636086766,12.543558722956947,47.56023950727981,5.492759472825195,95.94858781447776,48.65189118478663,165.08304863478904,49.83835912187668,4.759482778538256
15,0,1,1,0.0,-367923.72119461425,-2.797580987167184,31.432460499283742,252.2949020353925,7.908889080676703,50.0,5.52779629330424,100.34165490455771,60.59770814460747,156.80550995040576,114.6646527981481,26.18192183049026
15,0,2,1,0.0,-362625.4133482014,-3.049275329076517,37.35371042516342,268.1717061746026,10.403609200951138,47.01958983059788,6.029883851107703,94.18950424644862,47.80426241778505,158.01005016405105,40.24961557316989,5.7214210600551825
15,0,3,1,0.0,-339722.1539556089,-3.6054676718300893,28.155588091685956,262.7897146076023,7.493595891101067,50.0,5.988489486914698,108.60462681693599,52.26722863340697,158.0098716990204,107.36699163518597,5.793199963870779
15,0,4,1,0.0,-361079.9282297113,-2.969772979370533,40.78320718645242,274.91946803902573,10.506924715179759,49.13097191290912,5.951618116223975,83.29443243911054,56.683390460289296,150.53057250430402,20.0,4.249833488786276
15,0,5,1,0.0,-275896.3666341038,-3.8105125647360905,50.808530131589855,266.9016878986667,5.34827194656804,50.0,6.771276967426867,85.345634991749,48.96281282275758,167.44496500558242,114.37715048785273,4.0
15,0,6,1,0.0,-323515.7650594469,-3.9222175387694027,42.1214734119635,266.4315339051352,6.765836114153961,49.71762324326696,5.217228475830726,93.79730677486151,57.309729411291855,150.0,54.96780801085699,5.81957420660443
15,0,7,1,0.0,-349067.6451801848,-3.3935282152984847,44.732516744964585,294.0791924267439,9.053378684039508,50.0,4.834924039855995,91.13880771780883,54.507347220412306,154.59649389458937,45.087933176791864,6.424825596227502
15,0,8,1,0.0,-306349.28034291405,-3.8731920463433958,38.66772732283586,299.71778530658366,7.5304081722105405,43.08931010389483,5.48745403572934,68.55784475405032,45.05985710789946,150.0,60.47947545259652,11.2
15,0,9,1,0.0,-325727.44497762085,-3.876728539544122,48.01059594671682,289.7813071617525,7.699764227477688,50.0,5.665287981924164,71.78424834670216,53.99971215208477,150.0,20.0,4.0
15,0,10,1,0.0,-327302.7246696508,-3.920037378916817,42.97062317568015,281.5401387945611,7.52422888910335,48.0674236264893,5.841848124428807,98.04190890770339,47.83247151387232,162.14284560334025,37.854380558418086,5.6358146106702005
15,0,11,1,0.0,-306835.72911206784,-4.032349173128287,39.05649160780454,319.26999757752435,7.161734372177431,50.0,5.762194976041782,65.4147524230475,50.91574265160182,150.0,40.6864565173835,8.80113464962927
15,0,12,1,0.0,-301561.6965755116,-3.8284768599619614,64.29583908524114,302.4767564018705,7.42946402798491,41.0765933403173,6.242274261246747,78.04209659622374,45.008910410064345,151.82200850444286,87.73714179493577,6.573489067366548
15,0,13,1,0.0,-330068.47455928376,-3.759752199646991,44.19714907895739,302.49639427880066,8.518340193415854,46.78077465718316,4.705667573027995,75.58106201753773,50.47571415144035,150.61745106205024,54.720329262839,4.019627034188442
15,0,14,1,0.0,-355901.58536330354,-3.2275178751449816,55.48053023074616,277.04264281070584,9.066074799512672,49.75219571980792,5.120663510331797,68.99155805511165,48.63606085395601,162.4521082618968,87.31749663719008,5.706313589439667
15,0,15,1,0.0,-264924.95630149747,-3.9349136108927145,53.85177422473269,298.29961588970974,6.024869927121154,45.696519123765924,5.8486786169473035,43.37947978589979,64.18551785135983,150.82488556379272,97.00763969030929,4.0
15,0,16,1,0.0,-332373.4268863793,-3.6392440996014304,68.0875135443981,299.1676520413837,8.12321387492998,49.342951951098804,6.341014430285052,79.01783995428097,45.63952639315673,152.8103086113863,37.06761848804476,5.806031272204104
15,0,17,1,0.0,-263702.5855055569,-4.125181754059932,47.55474078977611,310.0329152715808,6.002623302384886,45.652494076705366,5.628730689681968,68.15078360547358,48.970341520849786,151.0269298006477,49.55570600517916,4.0
15,0,18,1,0.0,-288072.8008415689,-4.187935172023898,41.94449065242783,294.9969680786161,5.930927412431465,50.0,5.572634282860053,84.51906325080525,57.528950035619516,150.0,33.887675972782674,4.0
15,0,19,1,0.0,-318338.7544185433,-4.070064371515431,42.11946179725818,270.1867418732194,6.672187978672182,49.49442684981281,6.127687655759387,100.59827358650638,40.50573165060991,159.66155327702685,28.453566081937456,5.288942928197275
15,1,0,1,0.0,-425026.8154180434,-1.9351082158256925,58.99854796762425,246.34909957828256,13.955280022522993,37.11729456000194,3.7085636191244493,103.27716198588594,27.724953187599645,197.3409287788959,197.08128967735388,24.76884141395478
15,1,1,1,0.0,-38853.73066325862,0.7215933127013252,105.33063617050712,232.78388122441007,14.60328812625567,35.948090488981016,3.5695547600957482,142.12594144513085,27.72199298385398,188.15731557592545,141.49204696485737,32.60573716765566
15,1,2,1,0.0,-410604.5318144621,-2.2160815793690034,63.38939434844362,264.7010222991071,11.278591476600104,46.581072368447884,3.488864823812133,110.34558818188218,17.670532011190463,183.92644052698807,149.76334860754693,23.57431036321363
15,1,3,1,0.0,-35056.19626804976,0.6419744622979707,59.386873470543215,293.2116456370056,14.24486832029824,27.81971516565357,2.848857030766975,125.77978148136236,29.16959819667013,192.72135160921562,138.02234924429735,26.23015755991583
15,1,4,1,0.0,-426124.9763301259,-1.8115090368699498,55.61152374688292,268.65849064162774,15.592830039268424,39.74098767531069,3.4949542252390056,83.03163095385263,36.480243927815586,198.98035274450578,171.1076723141198,23.637922332854114
15,1,5,1,0.0,-414709.5755329837,-1.962903958731602,49.744578629988084,279.0951944843233,14.475521792906827,42.39386217344793,4.72122829681111,63.55047013362484,27.113441523786875,192.76239260155904,173.87444008072615,21.196322314527446
15,1,6,1,0.0,-413138.94444373547,-2.079862502336808,50.49104512399523,255.83264194798795,13.32502901449778,46.97408113763342,5.73815611530749,158.09891976569799,31.019693237727786,189.54641155881717,74.23925093997897,20.892702868511932
15,1,7,1,0.0,-438320.5581230368,-1.6127803851066758,49.71177348093129,247.82403004567755,14.627628289525433,46.76952946500843,4.202861984533983,71.70824063037553,23.15886667494828,196.6467655643104,182.3506768209013,23.162678651308354
15,1,8,1,0.0,-23990.06399025159,0.7829059350220416,69.01723513574463,267.4485268897196,15.48679412957458,32.64512664222306,3.4716065570291645,85.45875477124413,55.10514499251515,190.36816863195216,167.51174093688059,21.05348018151911
15,1,9,1,0.0,-23917.190745548047,0.7856610361192168,49.86072704193637,286.30110142701807,13.16350308907057,39.31829212460411,2.7574929892306455,80.68546653887473,39.54826288147412,202.4323248433122,167.88458101938573,28.763703820734584
15,1,10,1,0.0,-24148.483305605376,0.75093139965636,71.26165559685406,271.0029897991944,11.497705929285415,37.926670624633054,2.90122720304095,85.31440521785578,38.671265716345715,187.03355507902586,172.1152757217711,21.978163588828718
15,1,11,1,0.0,-423711.5503534481,-1.9478420768008975,55.747938122818425,266.06380682569716,14.790348816072287,39.56529223340204,4.7246109458598085,117.78905647158255,32.46805410697977,191.99196486021424,191.25656884602182,20.10089951654075
15,1,12,1,0.0,-402086.60238122364,-2.4269608406642043,58.63073162638803,246.10606313966284,11.387741473223217,44.26676337926452,4.514332206857397,105.40914134530514,58.49517538623662,193.74589391829386,141.5520115750163,15.135773865317157
15,1,13,1,0.0,-382860.697757049,-2.4046367195910134,59.06217587399719,307.8631471342805,10.580007809424377,42.75395222248578,8.564523162579718,124.23562233848338,38.00105125136116,190.4658921704956,169.1005584636508,26.520959150645748
15,1,14,1,0.0,-406966.7610691826,-2.066647852336947,63.15605982186803,266.12537304926366,14.905261570391373,35.250028258119585,5.264450872073048,72.63751956289319,41.81270043012221,195.770780510637,174.03360213976075,22.552729446796725
15,1,15,1,0.0,-416709.6475683872,-2.134741893232444,45.70612663309902,273.550904272339,11.622102635577876,48.406268469024354,3.981016887505132,100.75179572366163,45.15495594625391,195.39680100066715,174.17781443607345,23.62000429930412
15,1,16,1,0.0,-418471.00654726446,-1.906658473343653,55.68515660522221,270.5052451566746,13.962297647188864,43.025289248376794,4.93666353679801,69.74931299503591,31.43364478556723,192.17381561161488,168.30637719538927,25.275020534188624
15,1,17,1,0.0,-409303.26791286294,-2.179323155085556,57.50127721660309,240.61994209996732,14.024589869213106,33.17674093187435,3.3310620851716704,95.64474231876412,47.56489048327503,199.0694959109212,164.8771491870886,22.564619729731174
15,1,18,1,0.0,-22991.540387378234,0.796579056368644,62.28674230529402,270.48897210252534,13.275268699964142,39.56880972899618,2.8470430280103978,79.2153311793623,41.15581790613943,193.5769946364172,174.8648323264044,25.609850800061643
15,1,19,1,0.0,-419941.76818810875,-2.0415166557043625,52.044141279819435,271.3558194652334,12.180135449658703,47.406465031138794,3.757983841791454,106.8759150920811,47.83758823120474,190.34869193388263,155.1723374137152,26.672532201507348
16,0,0,1,0.0,-347724.8021334958,-3.3455828247046338,38.60573971452779,288.76589636086766,9.543558722956947,48.60655978659699,4.935009558023065,61.94858781447776,49.05573154071036,153.08304863478904,46.927933699692154,4.8894927903084975
16,0,1,1,0.0,-364911.3899098494,-2.808695674291251,29.908512949754147,284.2949020353925,9.119245313595815,50.0,5.777321174996739,66.34165490455771,59.33321814710106,153.4316315013201,111.67605946262618,22.96847445415346
16,0,2,1,0.0,-335492.02278111,-3.527477787955251,43.869283583455314,277.4116981291224,8.274672772653853,49.04345666092838,7.829883851107703,60.18950424644862,51.35388965018986,150.9559737586346,47.21009355312448,10.602214336007194
16,0,3,1,0.0,-322431.7695192797,-3.908497279077565,31.940661977167256,265.21322166806425,6.6451711974694945,50.0,5.961853596521267,108.51687358263597,50.03326924908389,158.62324371735994,71.36699163518597,5.742811565021212
16,0,4,1,0.0,-341946.15931396256,-3.4548441079516587,40.805036827960215,280.4301472897288,9.093053778910416,48.73691845898814,5.833316528209312,64.84729419413434,59.92247563030652,150.0,26.622188657201818,4.0
16,0,5,1,0.0,-321626.81706623913,-3.8116592963614533,39.39223353618094,298.9016878986667,8.34827194656804,45.25135695275948,6.8463314196569485,77.1195487133648,59.954673763765385,155.44496500558242,81.33966956394102,4.0
16,0,6,1,0.0,-307624.13265069306,-4.066564330454109,39.875549972439906,291.30237244045367,7.606578058502911,43.24474588572655,6.330100662489166,84.13755969269123,60.502160435072646,150.0,38.936405094368475,5.5531448032932875
16,0,7,1,0.0,-353336.06558311824,-3.0373670979883287,43.012173352714065,320.1522809094995,11.44343821785569,47.07135026033939,5.002329646848741,58.07283223655147,55.98815296865688,151.0995318628579,50.11995291210795,4.0
16,0,8,1,0.0,-298059.67207130766,-3.6897453480371913,49.69459840195401,306.15351224387297,7.264372899060501,42.32919204798628,6.190189402388453,73.35925306055758,48.46640888041371,150.0,63.77658387706546,14.762721380617183
16,0,9,1,0.0,-355597.9028290291,-3.043950522307596,49.72401896016287,300.7413704014905,10.381793057217521,50.0,5.670712842688918,53.22408916519943,53.42519260146699,159.43209544836765,56.0,5.737367151235725
16,0,10,1,0.0,-299055.6083072641,-3.9432203223826088,45.34846211628701,313.5401387945611,6.539376213994497,50.0,6.645824237361915,64.04190890770339,65.83247151387232,167.05756819387736,71.4620207443454,8.726412452333982
16,0,11,1,0.0,-272609.4014662965,-4.210423046997007,39.031985066295995,302.06338339185794,5.669807390899808,50.0,5.783359809988358,81.0313546285793,49.48009824301035,150.0,31.437834965624006,4.0
16,0,12,1,0.0,-317002.5907020451,-3.7095386782167314,47.279826460090476,316.70421075184964,7.810722753987044,43.505504503244815,4.442274261246747,85.781805986147,47.168482733679106,151.92750042734195,120.86047432269618,7.621564124916674
16,0,13,1,0.0,-252324.37158775044,-4.2551551942626356,39.997482814706245,328.93753762581775,5.92397816362719,45.841043110521724,5.962266871346195,62.70185423562445,49.36357387545375,150.0,26.624260526181402,4.016522072323316
16,0,14,1,0.0,-343890.70313760435,-3.224533289313277,58.99287030016605,291.9848273918672,9.910132619542757,40.75219571980792,6.920663510331797,64.36744623714492,51.68159021832235,154.24217168663446,109.22412818208302,10.942587327430905
16,0,15,1,0.0,-327997.6049118807,-3.5476142231488526,60.26348703437579,326.6363742286527,9.024869927121154,48.068824877289366,6.332317623403418,31.54277735078337,46.42103736475896,151.05197165323196,62.49192994085172,7.112700114882784
16,0,16,1,0.0,-311740.07654872275,-3.77901340713557,90.0875135443981,321.36070496251375,7.323929142941079,49.93282029778473,6.412878442720935,45.01783995428097,44.75520839654134,153.3456247179921,34.20638260387011,6.066912047565057
16,0,17,1,0.0,-304893.40951110027,-4.067412986589022,45.11122281246036,316.8871711365489,7.320861103117326,46.433308082741746,3.8287306896819686,45.40683916221451,42.752566402987966,150.0,85.55570600517916,4.0
16,0,18,1,0.0,-326399.24501722865,-3.72486293655554,55.70962182340324,326.9969680786161,8.30483178932392,50.0,5.894687565921996,74.46656207065942,53.17709466676483,150.22813841627976,61.70595795809291,4.0
16,0,19,1,0.0,-302953.4093197882,-4.157913995740442,44.40694366521524,302.1867418732194,6.967669814902555,47.85297134213534,7.927687655759387,89.58630417881923,46.45201080952488,150.0,27.848039835518016,4.0
16,1,0,1,0.0,-403244.2994564951,-2.0535381691262806,55.54570205473591,251.4639084281481,14.973324014178363,28.117294560001937,3.645610106546552,94.36760198062215,38.759311993087174,196.21340965206593,200.0,27.080382388627164
16,1,1,1,0.0,-30226.965061197312,0.7839233372052876,105.30574267841916,236.4407526011002,14.692853847086193,38.13048760714234,2.394644229006103,109.06921889651994,41.418888468472744,185.28213795770617,134.22366919836566,31.906006296995084
16,1,2,1,0.0,-380837.29478953354,-2.6518935068807843,65.7534150900209,277.4397527235435,11.07878680900821,37.581072368447884,3.054810255929157,91.30814005754573,35.67053201119046,187.13824643450445,176.60165401599875,16.96366601816988
16,1,3,1,0.0,-417445.87666036986,-2.0363405781868242,50.39322800105563,263.85219778295345,14.601654434464812,36.81971516565357,3.4169827105623387,106.17764112882327,47.16959819667013,198.27956894572543,155.2762869709439,26.24368705288719
16,1,4,1,0.0,-418635.09805679147,-1.9132992433412785,55.863998529340286,268.76114271557185,15.802102301830939,34.645294801267134,3.6084491142729087,87.1766110251721,33.90958194067931,199.95630392688474,167.6845663074545,27.861276924360745
16,1,5,1,0.0,-401903.78583869967,-2.1765581964903356,44.17472819221119,311.0951944843233,14.714541785656067,37.27463724284305,4.526168276745911,85.2452381965855,38.90802151974222,196.33089278650033,177.213894433407,23.582714499416284
16,1,6,1,0.0,-408500.0842374373,-2.3123716101763963,45.90413571233391,223.83264194798795,10.32502901449778,47.88192181949278,6.313552282071132,124.09891976569799,40.775831037032326,179.86848020993844,110.23925093997897,25.828817384247245
16,1,7,1,0.0,-24690.928133322992,0.7948027031236019,62.90480573766498,241.09798374766152,14.882192086553193,37.76952946500843,3.8897828540733785,84.09795836122697,36.047563242759104,198.78866730399082,200.0,20.342700908988967
16,1,8,1,0.0,-397976.22802115884,-2.333776246663467,60.05535142286579,260.25895519614306,15.277916909797847,31.225738190955013,3.5078472721750362,89.70759732440692,54.52943536307376,197.4659167234592,166.19851055996327,16.10296661910545
16,1,9,1,0.0,-381766.1174367223,-2.202404678454197,55.08699400484643,272.3036426820523,10.315666365541675,38.88155074540749,4.557492989230646,71.36072516448051,29.22204016047386,193.1232440724224,187.63266653387728,30.21314839125926
16,1,10,1,0.0,-415904.0253308374,-2.0483254493766965,77.55504818874334,276.76877988750755,12.369456616936585,46.926670624633054,4.70122720304095,100.89523868561423,29.62992362208218,197.84412894566492,177.34093953835475,20.565481099341312
16,1,11,1,0.0,-405532.2039093617,-2.1068146735004922,74.03513852291562,260.82679404673354,12.331189937238655,37.26028388497836,4.384495907439817,83.78905647158255,36.22109556639726,195.50378672518468,200.0,25.387446511446207
16,1,12,1,0.0,-403903.9310735843,-2.4657997226099044,55.55889224232096,252.58249936683052,9.919573411566798,47.65565942604401,4.121224685362176,118.16768561580827,43.68678722746388,198.72312991808502,145.54126039207648,22.335773865317158
16,1,13,1,0.0,-416976.7048064357,-1.9724096551297852,61.324093475255985,307.2579641612324,13.299003901554196,49.84755935529316,6.764523162579718,122.7961552883827,39.745707363937136,189.62790308910135,161.32043192076225,22.529195155214374
16,1,14,1,0.0,-357863.47783026093,-2.38056112693593,58.68406065532348,261.489987868754,13.72474543823828,26.250028258119585,7.0644508720730474,57.86131080843999,30.125398386575434,196.60088214720426,162.02663509833823,25.045507457541547
16,1,15,1,0.0,-400344.2255291018,-2.2483098925838356,58.99999356091075,288.09855887731817,10.782564487093179,43.91275392628168,4.4048580756897975,106.05316677611529,46.064834273472485,183.39680100066715,185.36714917871146,26.735988697397204
16,1,16,1,0.0,-410716.86066439986,-2.0136214705941757,55.12397063707386,293.38347431026796,14.493345901655923,37.68967247248445,4.954906879499508,82.74321110667121,43.76024881843441,197.8428311677282,195.1413436306117,25.597255313921757
16,1,17,1,0.0,-24042.825925430512,0.8258931971029992,63.135500902770325,242.60320333666454,15.097338075773385,42.17674093187435,3.5109227606936733,83.3129781375578,30.361762453691625,198.90936150430034,166.02264587184536,27.33787723473636
16,1,18,1,0.0,-419985.1420284742,-2.0000911404459703,58.32206592914388,270.16298023937196,12.956429924605933,43.52067367337902,4.647043028010398,101.31825242045954,45.35094418827479,196.26328119501068,182.49608861932484,24.719933713847816
16,1,19,1,0.0,-400705.70425358304,-2.371410617401477,49.69625943445944,274.69670647173143,13.78231578063151,38.406465031138794,4.233863414487122,126.32473522754822,38.77745411285823,182.38913460583618,119.17233741371521,19.47253220150735
17,0,0,1,0.0,-306384.8575963498,-4.148913054647672,39.459589904170834,293.6248289433239,6.543558722956947,50.0,5.290292461700454,84.79312548654524,49.505618190879204,150.0,44.28718582598226,4.4640522399684555
17,0,1,1,0.0,-347184.9285537581,-3.166313753508763,37.230550786590484,316.2949020353925,9.66959003886521,47.80040306011259,6.125505510890836,47.22113072717687,42.87750701018824,162.83303845175948,90.01933116142393,15.76847445415346
17,0,2,1,0.0,-353518.6822309488,-3.081671170964559,47.544255395711886,293.1933915994518,10.46973667972295,47.60217534845876,7.882659115008449,69.80702914585869,53.58582386211847,157.99470295440696,51.37139132933635,7.244490213628553
17,0,3,1,0.0,-306322.2650124272,-4.09109884746776,46.014636415348285,297.21322166806425,6.486924054741996,50.0,5.081327805630113,74.51687358263597,48.44674063977951,156.25030783866993,68.97965399306979,4.468488154289428
17,0,4,1,0.0,-323454.7300979514,-3.871593389907948,40.18931277579622,298.5079259985855,7.848777996070827,50.0,5.855837569638545,70.95167291478207,46.689265127331154,150.0,32.960832693696496,4.0
17,0,5,1,0.0,-353279.8846933899,-2.9997632571035924,53.39255593233821,306.97938893902125,10.834148675768889,48.566849330820446,7.545651395558597,64.52433365983626,57.673200863956005,157.42861775452272,45.339669563941015,6.354720531235522
17,0,6,1,0.0,-317824.39957870427,-3.8868466692809642,42.45938710251857,323.30237244045367,9.360073378836038,39.64431993546956,5.737299667025846,97.76760827769976,61.53738707982566,150.0,23.56052205021604,12.544617386544516
17,0,7,1,0.0,-347997.5473411223,-3.2041363713631097,39.10519621614723,299.4289893941867,10.771391961196189,44.717030275402934,6.515346872883821,57.235317470863826,55.97219032218922,153.01802357121892,57.65052596854993,6.841896388165555
17,0,8,1,0.0,-265983.3144523175,-3.9140877819835325,51.864185210695815,312.2201307399287,6.244775672232894,44.323258041021845,6.025573785874223,65.8210681291455,59.44072532703782,150.0,61.36318092951498,7.562721380617183
17,0,9,1,0.0,-351039.7703401847,-3.2559012536015586,44.289576570481344,298.7209593226125,9.625444055626119,49.76506013245295,5.614512330122733,78.18446076225322,52.479139611099015,153.47882410097426,78.52515758240787,4.151601149238138
17,0,10,1,0.0,-297769.2276773304,-3.9709663487280498,45.113067439249434,318.4964182596529,6.792908332314793,48.40418937756076,6.108529546075355,55.96174294385655,55.3004411696947,155.05756819387736,57.65580481084337,10.378133278136344
17,0,11,1,0.0,-243949.69845967114,-4.097356735646857,38.91689536766635,293.33816330352494,5.0,50.0,5.754850242340885,70.0341741168747,48.73507940892484,150.0,36.74277538272092,4.0
17,0,12,1,0.0,-344340.47829145327,-3.4163495762869163,42.675010791662146,300.5366554613268,10.473700092213504,39.58218871991063,5.112806895106528,86.38719631581976,43.69768446481702,151.42143132606665,105.450743473355,6.492524012511368
17,0,13,1,0.0,-300428.0167149441,-4.14901719764331,41.951978694339935,296.93753762581775,7.044363071432624,45.87030012245747,6.3796074023718035,66.62290457239847,50.12475743201084,150.0,50.213566674710876,4.0
17,0,14,1,0.0,-295985.43554629636,-3.3972390256240033,80.99287030016605,316.3087575442558,8.220421840088985,36.41049023115879,7.707199108052423,92.6107337781923,49.61741727980796,150.0,73.22412818208302,16.88766621088812
17,0,15,1,0.0,-335390.8302126001,-3.4842897161025346,45.139730906551726,296.29502040501797,9.581555336590355,45.338025300732625,6.287671030918528,30.0,46.1373069195526,151.41370620804278,51.46402694948755,7.67713328456853
17,0,16,1,0.0,-324211.83392612595,-3.8441965759705448,68.0875135443981,296.929572585845,7.5309165039785055,49.05620554335,5.793332148393331,75.64071381520846,46.63116490630727,152.14216715457215,27.95680609046742,6.246426911765258
17,0,17,1,0.0,-308740.9853209848,-4.087200392085944,40.2108961412892,318.17935170744977,7.257664973511979,49.018547345748836,5.275638687244722,74.65169144055477,41.6217195076948,150.44851191242907,58.65963526987081,4.0
17,0,18,1,0.0,-349297.18504620704,-3.2282254907244035,39.67570526111671,294.9969680786161,9.766830388270181,50.0,5.784399190751674,58.59142320712115,50.89690534199919,150.58195271102483,67.99242137634167,4.0
17,0,19,1,0.0,-328034.311765023,-3.766528157066365,50.12521516369912,271.45236863731236,7.470373385863572,48.9714768448054,7.907329001336555,76.87459175504927,45.5128485791692,157.68264213899033,31.26756296212589,11.2
17,1,0,1,0.0,-26044.693207792207,0.7178733874586133,64.01661039111585,256.75633585875033,15.027200751915462,25.659601459134684,3.5502478381703675,90.47599486162366,31.055845395037014,196.95982595914492,179.17192375202995,24.12255500938088
17,1,1,1,0.0,-39930.00657671737,0.6752877442875745,90.53315428803933,240.83050649741975,14.907245602290441,29.130487607142342,1.6242937046724588,143.06921889651994,31.27074296905159,191.38915704549132,151.86776943099719,31.285614015793964
17,1,2,1,0.0,-381022.0320760289,-2.50351251867724,63.30421365570043,268.95635320074456,14.07878680900821,28.581072368447884,3.9804710228332385,91.77457325025279,47.16986172279866,199.13824643450445,168.42782335847696,20.103059778805672
17,1,3,1,0.0,-435484.21606612013,-1.6705182206961253,43.22043150261355,265.6688288049641,15.43124317760404,45.21235218762213,4.396920573627495,91.15932304264129,45.95142670269495,203.7427239445214,172.22406181657772,23.162273847863872
17,1,4,1,0.0,-399290.853831365,-2.2698661794713964,62.3066354939043,277.2598271590327,14.197089043339005,35.03068520064609,3.5666318920601623,84.8236511908183,21.43061806683304,201.59442936571602,163.0814619553788,20.661276924360745
17,1,5,1,0.0,-426431.3876941426,-1.8533536059856015,56.188772715357814,279.0951944843233,14.608460842983,43.1814859860663,3.664782860807734,100.78597234741888,29.454626719152632,205.75874558979356,166.75201049713567,24.758492970659344
17,1,6,1,0.0,-406856.9656433461,-2.4138472449531556,44.04925486506562,237.3156860252979,10.846993207207273,47.315883768436954,4.5135522820711325,148.04845705202482,24.023575855158924,177.63969414060503,88.21685919465106,23.234545859686648
17,1,7,1,0.0,-426262.6019625197,-1.8899692266865917,51.91052855753013,250.13664814405956,14.364426217321109,38.94355577775269,4.286850549119099,89.37725692614644,34.31028884991739,187.38382612597198,200.0,22.866434985000218
17,1,8,1,0.0,-427258.5318769652,-1.8600608249018957,57.1802086224483,257.5231919837074,15.176771731548508,40.22573819095501,3.480320605852101,107.60160031896241,36.52943536307376,189.818929795915,165.62254679161185,20.426059024551392
17,1,9,1,0.0,-424402.60895900254,-1.9215893766191265,55.51898711619029,271.71143369422117,12.199619463814521,45.398772054821166,4.351288105197633,105.36072516448051,26.25266012109114,195.56094956304122,194.4305967156599,29.166253822764293
17,1,10,1,0.0,-419440.6809221594,-1.8587241248707953,64.79275327367486,305.2729352268128,15.063081983527086,45.795862393645606,5.420105307693971,106.10982464055989,14.406010587580994,203.3414484203909,175.49925252824517,18.89552017605143
17,1,11,1,0.0,-14954.465796123586,0.862946957483135,69.37477355539713,247.33450711435742,13.33518351220508,41.42026571565324,5.992857127578934,49.789056471582555,33.009713931936844,205.360739263438,164.0,21.04071731637292
17,1,12,1,0.0,-399553.5171042641,-2.372392453042313,60.86860690935926,256.44424690342294,12.146410689049524,38.65565942604401,3.6717388056839706,84.16768561580827,44.88053280999097,204.31109035847848,153.38856248976626,21.393757954088564
17,1,13,1,0.0,-383636.33587667526,-2.5729489312160108,50.035089256379656,339.2579641612324,12.120267556838122,46.195364019917484,6.161878865504949,100.08005456033426,26.103329902651804,199.55283684314435,162.48350232883868,15.329195155214375
17,1,14,1,0.0,-405186.2513887817,-2.1337222678345027,57.06529675017072,245.42740272672117,13.385230064553632,35.250028258119585,5.264450872073048,78.64405402986905,23.147367642776445,202.25285091996727,158.3786246871129,27.170817733855397
17,1,15,1,0.0,-398052.92375043134,-2.3992410803447957,41.773619167253784,256.09855887731817,10.715686046712813,43.37191184206222,6.204858075689797,104.25888559114792,36.279220418062415,194.76303463112495,149.36714917871146,25.97433496311053
17,1,16,1,0.0,-387434.77950505674,-2.2269723687425924,57.79441840309639,289.3354771197494,13.799577929287553,31.28299338093424,5.0354736930824275,85.90721977404846,46.841262824639664,193.24643919517942,194.5524003812399,25.805926719501713
17,1,17,1,0.0,-433793.47673716076,-1.6232223420576248,57.48568767745482,264.05058775753304,14.870543136589934,48.55504614641506,3.6637043355023233,73.39162376490272,31.778211309292384,194.77845502162913,168.68682532878327,20.13787723473636
17,1,18,1,0.0,-433683.01271014486,-1.7374770968469302,65.95592441913657,249.33713047432258,13.819988142519565,45.657282467410475,5.255008601152237,96.69638540207676,27.350944188274788,195.22525423788548,183.9322340607926,23.444502417199622
17,1,19,1,0.0,-404246.2129137097,-2.283211356472226,36.804574584783644,284.225352784139,14.955858040313462,40.87208505653482,3.954333188427954,160.32473522754822,28.094935912152287,192.89210834546452,89.50360521354759,12.27253220150735
18,0,0,1,0.0,-331389.79329883284,-3.8999942355238773,39.305571326167204,266.5474255391034,7.323399240432864,49.4275216545047,6.244681946925864,113.91177369967883,49.30927875710877,161.79512801288672,24.576110017269585,4.0
18,0,1,1,0.0,-344223.33601187426,-3.3630425257283636,59.230550786590484,310.9361180703087,9.019818421835808,46.44999258121816,5.634949208972906,81.22113072717687,48.9811903869236,161.12280155633653,88.88891051391546,10.784700959383699
18,0,2,1,0.0,-368389.55859223095,-2.766269740919529,39.1632540342777,311.30896866235656,11.847818894725705,48.88248851383899,6.203467456571914,82.60055603644153,53.27699712252471,161.8807119992041,86.65203213769992,5.602846308921551
18,0,3,1,0.0,-261334.03075295978,-3.6328492373202734,41.584537362560724,315.464329342824,5.529641285715584,50.0,5.6237458190840774,55.08072769830224,49.87019721928942,158.92484872368684,90.1131830471567,11.376935202902713
18,0,4,1,0.0,-318466.80900694686,-3.9599761098671644,39.74781913270675,302.24491958679783,7.581532343056453,50.0,5.859674521888022,79.1023400292161,55.62469497080073,150.0,29.6579166604716,4.0
18,0,5,1,0.0,-333104.6121127356,-3.5430833737166783,71.54005249041792,301.6271520715461,8.098602744101992,50.0,6.966317589296681,71.16174290199048,56.329072329183276,161.6979875905221,44.21283139883327,9.14621339967628
18,0,6,1,0.0,-374251.07228005334,-2.6654208854172685,46.36597048167512,291.30237244045367,11.597916385039678,48.47830043959606,5.201887149044067,74.13130089802524,54.92680003062566,150.0,50.56617551668995,15.837737008273013
18,0,7,1,0.0,-326302.7099134425,-3.819200248365349,45.720040199252665,288.427258005043,8.324178050791957,45.368511172027645,5.912700431355149,69.87292787937118,55.28482201176073,152.94616199571269,35.10556368906836,6.89800244002831
18,0,8,1,0.0,-268104.4827078948,-4.2844513445320365,35.183820481318676,316.45444586027776,6.27879484837148,45.56518821192571,5.854442817733309,68.85911245283292,45.474421787948835,150.0,25.363180929514982,4.0
18,0,9,1,0.0,-336879.4868887311,-3.6259603410287093,39.45296515744807,288.1234326540321,9.060766167681486,45.588087787531585,5.802213926692474,85.74797311771715,51.39592409060856,150.0,42.52515758240787,4.0
18,0,10,1,0.0,-355320.96963681735,-3.161321011973935,54.5274139379688,286.4964182596529,9.586004605923506,46.29552533714381,5.380714933082352,67.43997819605794,54.47564681637299,155.7219256349871,93.65580481084336,9.927905793095933
18,0,11,1,0.0,-331966.0879174702,-3.713310857742864,38.40815976806363,293.3071495682558,8.0,50.0,5.757837552366448,86.74702093056973,49.91062531587332,150.0,48.02038727972853,6.6853675837174755
18,0,12,1,0.0,-368163.1547246691,-2.6493375101932783,64.67501079166215,291.39321829346824,12.336209453840612,45.06528441016106,5.608917743377067,69.7593625441655,40.16433060904379,150.13399202070244,69.450743473355,4.626155125969082
18,0,13,1,0.0,-338449.01703546254,-3.578148615714368,43.20406561201912,286.2292501139721,8.497514622198281,50.0,5.583023233006261,66.33422346390286,50.514713211754184,150.3815766098723,49.623496850219524,4.009283422097446
18,0,14,1,0.0,-241103.821955392,-3.6726921482635184,59.15817658915852,288.2626958134842,5.220421840088985,45.41049023115879,7.7619478876995185,85.41298188530212,48.17044724687845,152.4349192177089,52.23279173832193,9.687666210888121
18,0,15,1,0.0,-335867.5578895913,-3.4428105752475404,33.04130436383724,287.68146366209277,8.907204266059393,46.92371789028375,5.763381845568985,30.0,49.18925501932053,150.4451688552337,84.72670986694098,9.229213667459856
18,0,16,1,0.0,-350551.5782749771,-3.365823005810613,54.00525252773278,290.24767806478945,9.427412960331619,47.727274265686894,5.533860360389647,109.64071381520846,42.44137525897307,150.0,35.593300125062996,4.0
18,0,17,1,0.0,-246018.01196924958,-4.111319510076705,38.584663271763134,289.0962348882481,5.121201050735356,48.07718992414239,5.527868212012004,83.34134386949134,38.270597535627154,152.1848250510407,26.75321276444641,4.0
18,0,18,1,0.0,-311097.9461138575,-4.079254432553676,30.11162367499828,290.1526013008706,7.206287414247537,50.0,5.717511814316169,55.92733321802438,48.296013619318344,150.11181692376033,31.992421376341667,4.0
18,0,19,1,0.0,-320102.69566306175,-3.8471119102807556,39.870061838766134,240.44059429096131,6.233319832157091,49.61017020663188,6.239231181850476,80.13756138297738,42.09545782619715,161.40438835984344,31.04037162834299,14.514553253460493
18,1,0,1,0.0,-411646.4238059024,-2.0927621201769226,66.4703264258251,262.42830223914905,14.329673488171231,34.659601459134684,3.4864401814812593,107.72464553195113,14.753180153971648,198.4045565268991,178.24842059751975,23.233877378048422
18,1,1,1,0.0,-39448.522249890586,0.6839386308392165,85.03472546337183,249.0891818512486,14.722946036894937,29.347134001911506,1.0042219983918903,149.8562722362803,23.500442506330288,179.38915704549132,150.61467156154328,31.321392804232826
18,1,2,1,0.0,-394832.1627138621,-2.2756096930867935,61.51539822574194,287.1652083923236,14.753078908824152,31.7240936130074,3.6653674062744845,95.54946651325378,49.63017410938133,187.13824643450445,156.60596804760954,25.188798726806752
18,1,3,1,0.0,-419680.61633424956,-1.8977411374567745,65.22043150261355,272.25596643572345,14.547527030288244,43.04762897676078,4.591409756904641,91.19319577338229,27.951426702694953,193.0061088979894,152.76150097406062,21.992548934605857
18,1,4,1,0.0,-425521.9599252,-1.8895442627378514,64.25375957286627,252.70396960826943,13.847549866871024,44.03068520064609,3.5271613329169487,89.85766439086316,32.771820871209854,203.03571338918462,164.985152539845,19.487248737350054
18,1,5,1,0.0,-416898.9016924283,-1.9947971714328998,65.07735378840523,268.72207455436364,14.191008686324272,39.339153763075956,3.499878276645967,92.49343020000565,23.222796572642125,205.87662879868702,162.12823443958237,24.360609332443985
18,1,6,1,0.0,-363670.3277439414,-3.36432880385087,45.76979220465637,251.73462293121193,7.846993207207273,47.31123763761331,4.53025317090515,153.81810254646783,15.266842069157898,182.7349607818278,52.216859194651065,23.003173730364853
18,1,7,1,0.0,-421859.351185739,-1.931744726749113,41.68995338627147,254.4732820119961,14.26962345147583,38.82099925427892,3.903022282259805,78.19490279203984,16.31028884991739,199.38382612597198,185.85783068403072,24.74837451799543
18,1,8,1,0.0,-439594.365377249,-1.6127083072251582,57.86308864208558,264.95578551028325,14.479396693835378,49.22573819095501,3.4491188636135175,104.62324961576897,24.212141514984534,200.24606421536058,167.5636118667723,24.00019669661935
18,1,9,1,0.0,-440648.19976220233,-1.6148162455156012,57.27377987470072,277.67442337260434,14.542324608145641,50.0,4.1531129935281115,101.39856767472905,34.29795727307991,201.50954528976956,191.54222915306923,23.6001641176064
18,1,10,1,0.0,-21192.131888180906,0.8172215715092388,73.29695005064744,273.2729352268128,15.131795935019808,36.795862393645606,3.6201053076939713,77.66309040505817,19.500986530493194,193.28832449090268,161.81070997247474,19.7141940809498
18,1,11,1,0.0,-403216.938221202,-2.263794717511229,61.62290673401992,261.1220954039515,12.216351077408543,43.074253321840736,5.785610254320419,83.78905647158255,33.924664103865005,201.45295333214503,165.70784508526194,18.382207062799147
18,1,12,1,0.0,-344357.01612650434,-2.8665960857301096,61.7327964561275,253.0164684913703,11.022516553684945,29.65565942604401,3.999671453989495,58.68122072629637,35.576962802252716,192.31109035847848,117.38856248976626,21.137815627706924
18,1,13,1,0.0,-377156.91887324845,-2.717294483512312,38.712557418387874,307.2579641612324,14.035718710990702,37.195364019917484,7.961878865504949,120.47324358828409,27.72630149524765,193.78671207683686,163.31047195178027,8.656049571087383
18,1,14,1,0.0,-409033.2949194937,-2.1508940000200694,61.07037220259644,252.8773011579635,13.879799127401057,33.710819069717076,3.464450872073048,100.07443888091666,27.841806261035387,198.01525780108287,171.57776394415004,24.6904212818078
18,1,15,1,0.0,-421574.3330984786,-1.9313439334962788,47.73780419054005,261.5759580554296,13.715686046712813,46.13531739634144,4.4048580756897975,100.77599399959607,30.19997330992267,203.63802024925616,122.5117974176892,25.39865872725154
18,1,16,1,0.0,-380107.2286861763,-2.2836522949549267,61.12515126713672,257.3354771197494,13.619403678190261,29.0458530756648,5.253246862407199,65.4145528776726,28.841262824639664,193.07519989724534,171.5052030871964,25.87299093152392
18,1,17,1,0.0,-386434.3720394426,-2.6059333510851603,55.02752626053022,269.16797048119815,11.870543136589934,40.1960197222031,3.640189804085132,65.5558662790215,40.493877425170865,194.15740321537834,168.0107973034582,12.937877234736362
18,1,18,1,0.0,-423202.2154478398,-1.8018283530957675,68.0806402892572,271.419757026316,14.222864400846737,45.21718742273118,5.229923392854121,87.30530038327396,14.82103221810312,194.2534559898436,159.99905135136927,24.537456360774556
18,1,19,1,0.0,-414019.5741565465,-2.2692557178764634,40.29443392809924,252.22535278413898,12.173278750812838,46.45188368640634,3.6403638543034424,126.32473522754822,33.78393918856111,201.9211629676991,125.02385841300988,17.121394715317702
19,0,0,1,0.0,-334264.77547214483,-3.843082060054071,39.068972428740715,248.80042324667724,7.23189288832481,48.86417073513152,6.007429632440591,86.75050241105026,49.32484708974755,169.04333585136214,48.244192638292574,4.23180177144335
19,0,1,1,0.0,-308489.0984445334,-3.6205438402845966,48.14523756789197,286.62252942615714,6.508206490670288,47.02268452142344,5.486096881899998,100.32163277397962,57.883839426178156,156.10205002053348,77.45566607829748,14.294388548288916
19,0,2,1,0.0,-367418.5792273121,-2.9298873631925964,43.6150130643606,299.93529729878924,10.729666913233032,48.808116254435575,5.8434060879272725,94.01007390267259,51.42281162585249,162.1753889160117,95.29632820153881,7.312450524674281
19,0,3,1,0.0,-287125.8180114762,-3.451132381626327,33.29454921991245,294.56566391351765,5.876131959050173,50.0,6.047817248564921,89.08072769830224,50.96369405155736,150.0,114.8583376483152,11.892187627074874
19,0,4,1,0.0,-329139.421782468,-3.817913539806209,38.85698741390036,274.4571457882075,7.741544816949219,49.18147620555863,5.916830733762699,86.15526101528157,59.46415490497161,150.0,24.213175307845802,4.21962628829292
19,0,5,1,0.0,-316680.6968398791,-4.009572548748186,62.46549897078859,293.1033057700886,7.148032375536077,47.68763868930646,5.244458830995154,72.00247656599699,55.960362444564524,153.00216284577684,34.53488724143946,6.022757138126742
19,0,6,1,0.0,-376395.39822867187,-2.573821716178425,38.13841080760004,273.3979452691431,11.62459383594308,50.0,5.00011390421257,55.559622298176535,46.59064160312707,150.0,44.12287621084601,9.965532156369546
19,0,7,1,0.0,-335658.46690254315,-3.6698307423323477,44.632665789799624,292.5008254530337,8.751876844931584,46.849953659478444,5.416207890164689,79.48649243139184,48.51061456261982,151.99982267925574,37.173727535705744,5.032587894914314
19,0,8,1,0.0,-309009.0740643595,-4.083193516843301,40.18029076320049,317.06608454932683,7.995213274787741,44.4429355828053,5.767493103598842,74.05825194522886,37.90666925598479,150.0,20.0,11.2
19,0,9,1,0.0,-351191.38758855284,-3.262411808504723,36.750052583863656,283.94815861659305,10.618810002299469,43.145485230087885,5.807826516605103,81.8012046097374,51.99668297093122,152.81353570424272,62.20006521016445,4.768645144700978
19,0,10,1,0.0,-361900.38898502366,-3.079096712866584,32.5274139379688,290.5417055105457,11.174686248770598,42.070495606016806,5.651492794450816,101.43997819605794,53.99570910306744,163.86663494851945,129.65580481084336,6.2089829861696355
19,0,11,1,0.0,-316369.3635755186,-3.8069172965357527,36.910545204898256,321.49615819127763,8.235873460625891,43.653410837801864,5.858001502471006,97.05017135677062,49.27558495951965,150.0,57.957972271500275,11.578857428591316
19,0,12,1,0.0,-345929.7296481403,-3.3618425087320443,54.88697860950654,309.1684853673335,9.336209453840612,48.72573045405726,5.413319229201375,73.63479348154799,41.10676485141935,151.36837163202924,105.450743473355,4.0
19,0,13,1,0.0,-326143.68488990027,-3.8785039095885248,39.36237151694155,285.88874977248685,7.734815102878344,49.84732497515939,5.308039790546703,69.90566997714578,50.56828945358247,150.40658547302695,25.439589411047315,4.0120526837344785
19,0,14,1,0.0,-322172.0916307649,-3.9652484359663758,37.15817658915852,284.3156227146184,7.57202980027845,46.24650330825442,5.961947887699519,96.9877983211568,43.337113394452366,164.4349192177089,68.3633955389275,4.0
19,0,15,1,0.0,-302536.50763576664,-3.8446803119240243,33.83540434543586,319.68146366209277,7.607586785901834,44.7501953242115,6.234260389057176,64.0,54.901305271958115,151.32285216169572,65.92557640788945,11.708987504659957
19,0,16,1,0.0,-357685.6513619963,-3.0643341273597615,36.7028140936364,322.24767806478945,11.50001249502431,45.85215258849727,6.484992672170083,117.99658444940778,35.45062707964845,150.0,59.48081435526022,5.578272033473382
19,0,17,1,0.0,-243512.9130731919,-3.9962872608405866,41.31040256355822,294.1347084712273,5.454840646003541,44.925678959340274,4.451057785155271,71.93305889388297,31.751970405944434,152.62438927318837,61.40982144241688,4.0
19,0,18,1,0.0,-293791.61418073246,-4.290584058686481,28.885604671332384,322.1526013008706,7.163251413922003,47.71463986251849,5.923144020153227,65.85407276684104,47.169538989909164,150.03631345524167,20.0,4.0
19,0,19,1,0.0,-294371.43540646875,-3.829392814840821,37.69016863885228,222.62508983245667,5.925500375311669,43.9683699284686,4.800732723132348,113.68958996557406,34.593328761916815,161.3882944252346,26.282618482361244,7.314553253460493
19,1,0,1,0.0,-416421.60187526594,-2.014808097736194,56.663004976970214,266.5091122595827,14.013238839310294,36.94628560861995,4.045546019386018,117.07591005109602,8.864721286809838,199.61250056148205,182.99319707665603,25.93208073189284
19,1,1,1,0.0,-38228.14016385225,0.5980623689185145,107.03472546337183,250.6840128723786,14.814314004636422,20.66798860434154,2.80422199839189,145.63676578674097,30.476164620726557,173.17055269131833,156.67103524031342,28.177645491213834
19,1,2,1,0.0,-408182.122986942,-2.148424277306549,62.06276147206606,278.41681238775993,12.713695783555249,40.7240936130074,3.5007277883237884,99.03515575307942,31.63017410938133,179.68452769939447,157.34089644309137,26.77444852564547
19,1,3,1,0.0,-31549.285845437575,0.7323687377003857,64.07293138217824,290.9905379380473,14.805353589179596,34.48584991730879,2.791409756904641,112.3110435661211,27.73289762354915,197.5865947556813,132.29591685057596,27.491825293907716
19,1,4,1,0.0,-431899.59500661335,-1.7228404739839036,49.61478109584438,251.70483100420154,15.729290918836433,41.835384609147106,3.51679986651541,90.56063919500752,30.155742022329957,202.63418426314544,169.7385480329223,18.87216170145626
19,1,5,1,0.0,-407842.183143728,-2.1081031562801353,67.2624785133635,261.73999159035276,14.191909158854125,35.43732813125694,4.124525508972802,83.01271540926254,24.47025343271209,193.87662879868702,168.87981707402088,23.597824102793307
19,1,6,1,0.0,-369680.3863937746,-3.123154505394473,40.95619659714599,249.20820644380308,8.90403200426024,47.599478665334246,6.3302531709051495,119.81810254646783,24.447506603323063,194.7349607818278,45.69378313540505,25.880086209616696
19,1,7,1,0.0,-432649.55345762847,-1.7039504031774433,61.897627217104585,242.58364511821543,14.470482455889977,42.48827356224088,4.13108230978858,79.26055721527477,8.981559852252616,202.83162952894753,175.09441037317134,25.36743610777978
19,1,8,1,0.0,-434599.84629190963,-1.6894578848128308,65.194444124255,270.209190499376,14.172463501857647,50.0,3.451262565869926,101.55689367859506,42.21214151498454,204.57282087268408,167.68168196881575,20.220382962518713
19,1,9,1,0.0,-412836.65359364427,-2.089757969714329,52.418378022108435,274.40535103319036,13.345771748335306,42.52707318708857,3.6503460780210895,79.53681243392916,37.99098646998556,196.2638337079732,165.01040944918344,22.177528198401685
19,1,10,1,0.0,-408721.07554784423,-2.105616155449889,79.6265338629595,272.283243909896,12.131795935019808,45.22027846041223,3.9656603282258285,75.91924053938268,29.98285968706221,181.28832449090268,163.08148126378197,22.044793335214464
19,1,11,1,0.0,-402467.59820688074,-2.306547164508302,58.722859782035506,261.622945744368,13.448558339244206,34.568902571406326,3.9856102543204193,102.49120585335606,34.78697605349604,197.77229041612577,191.98012565324768,19.12672705240948
19,1,12,1,0.0,-375642.924301561,-2.914685829715478,58.69547035045886,249.6169251425904,11.084167332151798,38.18174008712094,3.860742746461127,85.80141387321335,39.569990354786555,188.91097687332547,92.2803778260847,14.348266046219479
19,1,13,1,0.0,-386896.3473842164,-2.4792675107476962,24.30832161836156,275.2579641612324,15.356768640683953,31.34543528521597,8.970826128688651,117.6899799332186,43.30079385601094,188.16210306605282,164.52931504009618,15.856049571087382
19,1,14,1,0.0,-427801.35458383785,-1.8628039582726046,60.62541536869275,260.7377674570103,14.124171937955072,42.710819069717076,5.264450872073048,115.65848132103372,34.95649070109663,197.91153099156054,169.8548377848509,24.818090829772995
19,1,15,1,0.0,-28614.7248704094,0.8296801064878014,49.36826309579284,293.4270724144951,15.688778830870858,49.604711851132876,2.6048580756897977,100.53490733139557,31.725048688707975,194.41476706751973,158.5117974176892,25.23998395552764
19,1,16,1,0.0,-380647.6177018247,-2.3877374305305192,58.65645814159131,289.3354771197494,13.668875282816748,31.28177720509635,4.897043263845124,77.79033922193729,31.882083401892594,199.44353766270822,162.49037542015105,25.531300015587526
19,1,17,1,0.0,-393873.28819376626,-2.4496590777162552,62.03365814183151,237.16797048119815,13.37598201033744,32.96315010024997,3.562916538661901,78.22588012244907,35.62812426980672,190.6956109810364,165.26632936879687,14.495288857259633
19,1,18,1,0.0,-403491.79907878465,-2.163850553022654,59.82257902815021,280.7859345785547,13.782851113891612,36.21718742273118,3.9212931076887707,83.39412179715241,23.77242204372667,202.88608236198064,172.28525447682657,25.303059627064144
19,1,19,1,0.0,-25955.67217257563,0.7334173102648333,62.29443392809924,256.29020775640134,10.750902213170015,38.93331182658681,2.727106599425687,92.32473522754822,43.25668527218458,189.9211629676991,103.25512404444851,20.245717068371803
20,0,0,1,0.0,-336468.50435376546,-3.6572168635371685,37.81245310809172,276.44209460313965,9.233756402613835,43.8180947432503,5.131937616414545,60.654399932998864,47.77921635249885,160.0969237775753,28.656484232697963,4.376268591412891
20,0,1,1,0.0,-354695.9059461996,-2.9802802912764794,43.32628974928026,289.02262700708764,8.865642430643584,46.22097578548693,5.903795406685052,66.32163277397962,50.024267406316675,160.08101260411215,113.45566607829748,21.494388548288917
20,0,2,1,0.0,-323427.33840519446,-3.804949995506237,39.38934993516383,267.93529729878924,7.729666913233032,44.78930358763256,7.643406087927272,83.35482674551764,52.915188958953955,156.85923667451257,82.50385172740874,5.063787966338827
20,0,3,1,0.0,-338351.1468438165,-3.5409745551984684,31.601598593932778,302.687139501963,8.876131959050173,48.5256464015728,5.8355716242550315,98.31571075157487,46.8988772655791,150.0,78.8583376483152,4.6921876270748735
20,0,4,1,0.0,-335537.1171997586,-3.572744602234244,36.344676019362865,306.4571457882075,9.956428637305917,44.1623939479487,5.953036747786079,83.76114767628287,50.13807882274223,150.60909632181898,20.0,4.188848000817995
20,0,5,1,0.0,-323986.2777720187,-3.8614926139254417,53.143581082605294,285.3017106232561,8.454240102466427,41.62157950661634,6.888622686752405,86.6045117900794,48.31030549219854,155.62987740306446,70.53488724143946,4.0
20,0,6,1,0.0,-344002.4238166741,-3.272460113927469,31.532871933545213,305.3979452691431,10.046535937223513,50.0,5.928215334935236,56.995639893764775,40.93635185943024,150.0,25.376309783620048,4.0
20,0,7,1,0.0,-244318.57764609938,-4.04495459301957,35.92403801419179,324.5008254530337,5.751876844931584,45.23332308621945,6.472638393906159,73.24554769880179,47.20014791841332,151.43388930247306,40.30062866659907,7.695408319236758
20,0,8,1,0.0,-311613.1084907855,-3.854605854936115,45.716884440342035,313.1697611447235,7.767940984617751,44.58855931707731,5.876491618095032,71.09189673921018,55.90666925598479,150.0962172812157,56.0,11.658271405609373
20,0,9,1,0.0,-307955.377071635,-4.099062344414974,48.616774780313385,312.61856973258796,7.618810002299469,45.04942354003741,5.700658723712112,69.09574945285613,52.85270118642238,158.30269712920693,48.75386050087416,4.914038773965912
20,0,10,1,0.0,-349651.63618801686,-3.3339732838048204,42.69759009103522,303.1419778974731,10.531268405625376,41.852276683655695,5.867633612219548,94.74993356126222,51.31271732771572,165.85796726933785,93.65580481084336,6.823563032658138
20,0,11,1,0.0,-277213.9815871213,-4.052231240215342,35.16398135638811,319.68876171590847,6.437125941467814,46.24009108754234,5.824094167274377,64.29815820470708,46.21951711838573,150.0,50.58524815857673,9.038230871967485
20,0,12,1,0.0,-342416.19009408203,-3.4431282595761097,53.42977865003313,318.31825089231586,9.400584887385063,41.98349880647612,4.610308725553702,107.63479348154799,39.30956100885827,152.6430781333094,141.450743473355,7.133993266159061
20,0,13,1,0.0,-273870.5611855583,-4.291481776621059,40.620483861605486,317.88874977248685,6.6620845985876675,43.48802805230473,5.591857010800794,70.22999057558278,47.892465089003444,150.23557370134728,20.0,4.009302231293275
20,0,14,1,0.0,-343288.87684505427,-3.2575998245074365,59.15817658915852,316.3156227146184,10.57202980027845,43.30019988901262,7.7619478876995185,71.84741043708691,41.46213996471176,158.34767273419385,104.3633955389275,5.332829387433173
20,0,15,1,0.0,-271850.45135280443,-4.205045177135248,38.36627883698046,333.59302852907405,6.7728715981943015,44.00547912701187,6.362093216168941,59.147434817996924,49.84718072723123,151.58511189511563,47.19264495031432,5.2631801728146534
20,0,16,1,0.0,-351664.7165143603,-3.1836634129805508,58.7028140936364,312.0951691539136,10.220900697598331,47.97421850743693,6.580923085601945,96.89875674959006,39.25574229288641,151.28147765902193,55.38729722267223,4.993787346321389
20,0,17,1,0.0,-262123.71099817654,-4.012383120221144,58.2709526739498,312.73056327747724,6.053976748908671,44.349813731206496,4.551151844759924,60.477333402747355,40.88341924799788,151.28389770787038,71.76607165595703,4.0
20,0,18,1,0.0,-325909.70735331054,-3.703774475488346,42.38303253749878,330.92494581920295,9.053117248999653,47.86086301202994,5.863033268284094,69.166378319737,47.35555081883943,150.35983117132668,44.09515482226508,4.0
20,0,19,1,0.0,-334288.09885045036,-3.721366179232573,33.90261407857425,254.62508983245667,8.163681641863954,44.38527677463925,6.600732723132348,79.68958996557406,35.15013843500614,160.47312971994327,26.10434280461881,14.514553253460493
20,1,0,1,0.0,-408270.56902807235,-2.1116174596696933,54.675432294539895,259.20990921570933,14.441849980928673,31.58702774609496,3.6706305523737557,112.26344699827493,19.671860740290235,198.09224257289006,180.2185468355271,26.836199039206125
20,1,1,1,0.0,-40106.44441422799,0.6820056665082368,94.1337544357741,231.8908598529139,14.865627559082542,29.66798860434154,2.5598657159195626,146.30015214097241,32.81148652235104,185.17055269131833,143.16763684453616,34.34623798107998
20,1,2,1,0.0,-391936.665029041,-2.4185991512577547,65.44176217010109,280.03023545682686,13.702103866918545,33.205399945700066,3.7087665874463847,101.90051192554117,22.869078231818513,191.68452769939447,169.1295715145876,19.574448525645472
20,1,3,1,0.0,-34994.69519115948,0.6244177688643132,44.99390344763585,294.780865823381,14.934305105024272,25.48584991730879,2.5037412504119065,119.08010098566642,40.94522938079569,205.44533095659094,129.02747068823413,26.146582805272445
20,1,4,1,0.0,-421304.0728185307,-1.873112736854815,61.54434302919376,283.70483100420154,15.731768144034161,39.25164753661886,3.746159504397168,93.33165490074502,28.559694851204444,203.29385878474352,166.4384443250074,23.46702783504352
20,1,5,1,0.0,-420546.69378186663,-1.9520549576063488,48.5863893909377,276.9596277024343,14.468412659137206,40.45495602938515,4.522574180263417,96.6701710738831,34.24541507205403,190.09125636531988,187.25559927489402,23.525744400726303
20,1,6,1,0.0,-324538.8773679171,-3.2014428203485523,59.53351878111803,237.64797918305786,5.904032004260239,47.75383416603496,6.853702327028276,151.29890317394876,34.27716172545422,194.31934450007842,75.79329512028846,24.61412887537649
20,1,7,1,0.0,-438106.5957425827,-1.5557917997432058,61.53369328336259,250.78907409813468,14.643508662937577,47.535473022738,4.176308418887499,53.605402694407374,26.35631027232824,190.83162952894753,184.17192730949884,24.203127781420385
20,1,8,1,0.0,-421423.8410496423,-1.9341297606602834,63.451250417780834,264.261292978921,14.087194298124103,41.0,3.479339668613849,88.17720280133719,43.983123228989584,192.57282087268408,166.61364973240313,23.953613807454342
20,1,9,1,0.0,-405144.01090244105,-2.10148136220186,57.659122971788,275.61951207111747,12.244476655641634,42.12564219899236,4.956654785338985,67.77178206621932,30.07253104649791,197.08104733303145,164.91743106529594,29.33604164791904
20,1,10,1,0.0,-413186.3861661093,-2.055760833635527,57.626533862959505,283.7594302295693,12.710271637786661,44.8059687655946,4.291748660653989,86.80135853656284,24.94096382721138,175.9643322790009,178.1575595876946,24.034352185436664
20,1,11,1,0.0,-19841.57107697764,0.8439416391427543,65.69286030798172,254.8470786721795,14.552039289870757,42.276700484595345,3.2659752561990087,68.49120585335606,33.33453108557509,195.10535191470322,165.66084759727815,22.138644707684097
20,1,12,1,0.0,-420124.3964415785,-2.0028677876601844,57.89869244174945,249.58715961887552,13.7800243971347,42.63576295274953,3.883999011905352,108.61341148999259,47.668538236327734,196.03223250514102,128.2803778260847,21.548266046219478
20,1,13,1,0.0,-403648.2441798387,-2.187765377379497,46.30832161836156,291.2262108331958,13.76219436709871,40.34543528521597,7.170826128688652,106.94922142709045,50.56423285013662,191.68248399509696,162.6084189388466,23.05604957108738
20,1,14,1,0.0,-423525.94773974444,-1.8264285396175464,59.388893894556865,257.5225460673973,14.16908775854605,43.20934035565325,5.999348257176325,81.65848132103372,36.434148602910334,201.25849517453076,158.95604203494202,26.34319206109455
20,1,15,1,0.0,-28579.890719389387,0.8323611264264832,55.105739025170855,288.79389806767637,15.64067097614715,50.0,2.682212880091556,102.2536587312848,36.62400384606995,186.0897024546618,162.91541905865407,25.837158214614483
20,1,16,1,0.0,-413719.00434417976,-2.026350767592499,58.67849541685032,286.6087732259931,14.16118256488052,40.28177720509635,4.029847488638021,90.43157041082789,33.61094754353362,203.83057402691557,162.03025788248004,25.938126034142524
20,1,17,1,0.0,-424436.67383784003,-1.9020519718127196,63.38530099658255,254.3290229564997,14.386018490794605,41.96315010024997,3.543039825822695,94.37161903046096,29.506738894564084,202.6956109810364,167.69038382975833,18.811834346397056
20,1,18,1,0.0,-423240.41071233974,-1.929228159152937,62.324698702934015,278.3058509252284,13.352336046290263,45.21718742273118,4.593256785259602,101.91316536587748,32.561644641561244,199.37686412148517,181.06522897410434,24.116907254852286
20,1,19,1,0.0,-393351.23634880007,-2.5751545740223296,58.87021219135103,288.29020775640134,12.10738136654357,42.85183992533237,3.5884169070629044,126.32473522754822,43.24994520634239,186.16349722238485,126.01572556445468,14.508021767052687
21,0,0,1,0.0,-339556.9010933813,-3.4584974677317657,31.177727311638762,308.44209460313965,9.85171677388559,46.86383845534894,4.8065729803912625,65.7879435447822,46.751877553240625,151.76812707184715,37.486259322973304,4.9934457828819205
21,0,1,1,0.0,-370360.16468960344,-2.7027245005232103,41.756165757424,321.02262700708764,11.787332544290424,48.23645943599472,6.19986202802926,60.73511281355941,43.848693622191014,152.66867475630568,77.45566607829748,17.797825974541997
21,0,2,1,0.0,-292690.3382026188,-4.049616530694054,38.36825421842511,294.55178354055766,6.819114875745612,45.309335561589926,7.001745062446436,59.97102657275021,54.29631356416852,153.51292077579652,80.50145352179135,4.436719265064017
21,0,3,1,0.0,-321460.91877882986,-3.8100026563012905,33.18573989722773,321.53967554114547,8.291294745115195,47.144040781120644,5.607826846298102,89.16370064571556,47.550852644866794,151.58896210650363,54.559780588232066,7.855122496355493
21,0,4,1,0.0,-311665.141485612,-4.043030144174422,36.81405481019259,323.36977461967126,8.319801430865507,45.479140337801034,5.955802779311113,79.5165749934796,49.64480464961003,150.14734590830741,20.0,4.006653255817085
21,0,5,1,0.0,-329488.6651339282,-3.526855399262375,31.143581082605294,304.8233623506504,9.016710480645928,44.504331921734114,8.194056611672215,89.69573160320063,50.46474747337511,152.6855318369211,106.53488724143946,6.872322985409257
21,0,6,1,0.0,-297655.11176033487,-4.212935745875269,33.14667228863741,337.3979452691431,7.291728276072592,49.012226607787646,5.344049625981758,66.66482131841092,41.6830605680553,150.0416183039392,20.0,7.355936388106191
21,0,7,1,0.0,-308570.06852097495,-3.9676760714842065,28.803990503145933,330.9284048335874,8.751876844931584,44.57889412579123,6.192001508273609,61.48570834026354,58.60145590400422,153.5407915182831,24.090507411281337,7.445491469528547
21,0,8,1,0.0,-307635.60299881623,-4.00989905109301,28.523842038234523,312.4987984264824,7.915136324158281,46.170766788369924,6.142224689242555,66.59711743394428,60.865963111388126,150.21128715172807,53.886000566700275,4.591005529206606
21,0,9,1,0.0,-281986.86345422606,-4.373333126231979,29.76566584672917,326.9910450030992,6.398811848525069,49.5416411683635,5.58433747392721,61.579411474053025,51.47965229398603,160.13590786284027,23.997738776515327,4.770359543167103
21,0,10,1,0.0,-349660.47502600297,-3.2312684301493264,51.32945198258669,314.5147529532408,8.79972290202877,50.0,5.661109271251076,78.63955327077002,55.65866862028969,153.85796726933785,129.65580481084336,10.490042101796414
21,0,11,1,0.0,-274684.1522412893,-4.227989405755235,34.45274548299872,296.15836807593894,5.67716807199892,50.0,5.787823844202068,88.73152500296847,51.87476142960789,150.02731223883285,22.919493538309304,4.0
21,0,12,1,0.0,-355252.2327739672,-3.1967528737382254,31.42977865003313,306.89469599905146,10.282928248570856,45.08857641114726,6.102732072529551,122.20821423567949,38.052468946613075,150.0,105.450743473355,7.728406596756187
21,0,13,1,0.0,-298798.02324964,-4.199860326631916,41.629217877992076,324.74356752764123,7.27373402598368,46.95517006198086,5.746735962677914,66.51967547423439,50.05179771248786,150.14464382609094,43.23090134386564,4.007707176675963
21,0,14,1,0.0,-338307.6946734595,-3.335262387687709,52.07192265868467,328.55029364101586,11.248392540058447,40.96309067314766,7.860450181764529,81.50336943227741,51.53873427312375,153.03047353300818,68.3633955389275,5.619620475054074
21,0,15,1,0.0,-299292.2087541134,-4.150052546104446,54.97166263924214,308.14543601557614,7.694428661462796,43.32477416770038,6.356659083867524,30.0,55.38595767975045,152.34190006345247,49.121429242615676,4.0
21,0,16,1,0.0,-309356.43814156426,-4.039001584721871,74.23084109756181,311.0914515149085,7.220900697598331,47.46102418634859,6.334425130303673,70.97062651776687,41.48167789696126,151.79943781041555,20.0,4.505915840612269
21,0,17,1,0.0,-334038.89924799185,-3.6589164624870096,45.955623856654036,296.431161912264,9.05397674890867,44.32583475747002,5.037090740705294,71.08651203205633,51.84895086743399,151.72031890686065,76.35811533533317,4.0
21,0,18,1,0.0,-342319.34828120534,-3.438094291444299,47.452738025699055,298.92494581920295,9.804706539348004,45.837389456253106,5.620126639255454,68.92024021999275,50.125318391761965,150.4284974230942,45.489260573116646,4.0
21,0,19,1,0.0,-321691.1216912937,-3.8731192618855763,46.986385919974296,286.62508983245664,7.963685994637764,45.06477037690938,7.832378745964561,82.88569847296677,28.03192044576168,153.8399188659893,27.65685894324821,11.587849029545406
21,1,0,1,0.0,-427204.8307918853,-1.856952536490124,64.01145846204243,261.5379751710271,14.575302822923705,40.58702774609496,3.726052612382856,98.38400161389343,37.671860740290235,196.42310109311975,175.97324552099388,24.06597964866566
21,1,1,1,0.0,-31244.234965862226,0.7510441543516331,116.1337544357741,231.19433312345248,14.798526015371623,31.012340697622456,1.0,112.30015214097241,27.884237762629486,193.19029431219914,134.2643972639066,31.570187306408958
21,1,2,1,0.0,-417028.08687385824,-2.0126164653478185,64.94671117778053,278.7307263238397,14.431079955128412,40.58158327080704,3.761383116922157,103.53359513797764,32.5077347356107,191.52654204058135,170.273828230496,20.43911539551016
21,1,3,1,0.0,-398094.1011554386,-2.3980359610637128,35.587424597273404,270.6748575962061,14.422699160601988,34.48584991730879,3.219457432746181,105.02095637434414,30.65334177905195,193.44533095659094,124.46447758981265,21.336087910065032
21,1,4,1,0.0,-403976.2743346722,-2.1742554869366013,61.89266821753875,274.46534754623787,15.075622768911296,32.93877161951992,3.52065947185942,89.95850775034718,30.776878670421922,201.46293598606505,164.94707618472725,23.082531435342826
21,1,5,1,0.0,-406450.17304032086,-2.1591690281798614,48.80987713885892,306.45046858419363,14.562689868705585,39.57118887377929,4.42589500384193,100.4543320800446,32.39322518197865,202.09125636531988,161.29723475489874,22.686386940117362
21,1,6,1,0.0,-291505.1473649439,-2.8217237355353397,57.458478098458755,239.42292715568908,5.0,47.76243280165011,5.053702327028276,170.49165004700575,33.16032001837315,193.63479387163483,111.79329512028846,24.77905650905124
21,1,7,1,0.0,-423939.23052071896,-1.8242030942454301,59.320634084746885,251.3403386349707,14.593343516713233,38.535473022738,3.8807375476499155,51.09661094316336,24.69412685211882,196.393459605464,200.0,24.49887723412199
21,1,8,1,0.0,-410480.24962586095,-2.0746885530560246,58.776833579751525,269.14290174108595,16.43798492273551,32.0,3.534177297202352,99.31989809281168,42.31445120461129,191.37066025025635,165.69560306562354,21.174875635080923
21,1,9,1,0.0,-445611.56361963955,-1.543456280570834,55.5369397080153,243.61951207111747,13.893259802632539,49.55410445209413,4.469113067283563,101.36435435912614,26.755202491562176,199.3941363175847,171.26821274848126,29.111034475317176
21,1,10,1,0.0,-412977.1142908139,-2.0707390394046516,50.64731981721003,299.734281354383,13.272285246577002,47.02854684835733,4.1293311299041715,101.16230396365187,18.059434192363092,171.27535134555427,174.54347734837634,19.396467376097945
21,1,11,1,0.0,-14296.187053831518,0.8930319595904233,65.16027214847561,257.4794040059758,14.834743749596964,45.35101488426779,5.065975256199009,47.921943325924154,34.276648265217496,200.7226965379249,155.34254295851497,27.59988240187215
21,1,12,1,0.0,-396694.38049032725,-2.4272592752882822,62.02150994300829,252.09516652575059,10.7800243971347,42.52969905678357,4.073002679332199,74.61341148999259,37.140201732399916,203.77548778636745,158.33295561777476,21.16213120587873
21,1,13,1,0.0,-398949.29912167584,-2.3536749984628744,48.34023258255046,306.39623441171574,10.76219436709871,49.34543528521597,5.370826128688652,114.2588044846233,33.62802386619245,181.34927835811226,160.7513637412535,24.984820302462516
21,1,14,1,0.0,-401112.82929429377,-2.1291357176896084,58.881117908167596,254.73662081479813,14.358944304841827,34.20934035565325,5.617580965651463,58.115700021037554,26.723841539736704,200.92080263695607,159.7340811952135,24.867931578399915
21,1,15,1,0.0,-417871.3350654368,-2.079927080012041,42.32812620775865,256.79389806767637,13.047204965202011,41.0,4.453728932885596,103.21647154723713,36.58374148838368,195.5909547009847,164.64193414638618,26.011589150676745
21,1,16,1,0.0,-435987.9503557437,-1.6490551891384715,59.31474027081496,270.1363533749213,14.301122957705825,49.28177720509635,3.8871501693340424,91.6438948187955,28.815965467414024,202.87485650308255,163.4592433763709,25.774534925555887
21,1,17,1,0.0,-406408.94676295394,-2.256954066070993,57.732353056198946,259.3268976490298,12.046453195775456,41.86728577880108,3.4603261800574048,77.03966195010827,38.59829585933882,202.95141465463405,168.69142964019247,20.8187922485161
21,1,18,1,0.0,-430579.7124023593,-1.8252012568207379,64.65847341204733,257.45510451513564,13.252445840188022,47.02138660994033,4.155620786942125,95.111303085103,35.06495588698172,194.46250409463676,175.54225748406742,23.372449418550072
21,1,19,1,0.0,-408728.82640315354,-2.2849582099913768,36.87021219135103,271.6121539441833,13.95521629341165,37.81330470729149,3.5885871111778695,127.30695210654001,27.64517322807226,198.16349722238485,145.09234357992997,20.909556195828888
22,0,0,1,0.0,-308090.63238682516,-4.02165519447272,30.890287574926557,330.5743727363926,7.705094931369842,48.73749428971292,6.358019705009581,90.85570774895088,49.862098021847515,150.0,44.371989494034935,4.629886708394171
22,0,1,1,0.0,-339528.9001642685,-3.328891823748312,46.84232244620595,329.46667663908283,8.787332544290424,48.28369914813951,5.293417278157342,69.53338020238212,49.55858156106834,150.91422381611153,113.45566607829748,12.395597519869165
22,0,2,1,0.0,-339337.06597738946,-3.4338339625601004,42.00673585342305,298.4923817724887,9.819114875745612,43.28185006390582,6.960948177073674,71.73997671867411,52.96243668359851,155.45813065302733,66.79101434717562,8.745226162870516
22,0,3,1,0.0,-305237.4971369668,-4.152760557376477,42.6264090224958,311.19520895075425,7.1495746980019215,46.87974147116533,5.319891227585936,76.68500268796917,51.289380315211815,160.84626521819703,42.954809727015395,5.61886068779871
22,0,4,1,0.0,-338918.29820623645,-3.5215822948799027,40.87788400165351,291.36977461967126,9.776939787791825,44.808728243642804,5.574059049082056,64.98959954546716,48.65168378420958,150.15021368402145,20.0,4.194098274591147
22,0,5,1,0.0,-307539.65313364647,-3.8903476619652255,53.143581082605294,308.5926825137209,7.1564941777203845,45.470303405836404,6.394056611672215,89.7702939291311,68.46474747337511,162.5657451027366,71.24312146960558,8.11875170191641
22,0,6,1,0.0,-337067.0166193711,-3.5247581503446983,38.801188240361576,305.3979452691431,10.291728276072593,42.74877757529005,4.615911706337363,61.20441228474319,54.82858451095727,150.1732502015643,22.497011143298124,7.079216851678908
22,0,7,1,0.0,-354778.09856434056,-3.011502282939229,50.80399050314593,314.3589268423627,11.751876844931584,44.0646631648315,4.911781803201745,62.324804846469064,59.838155503920305,151.21537949758513,60.09050741128134,5.80342563081787
22,0,8,1,0.0,-294939.384854549,-4.1805720298516595,44.18851530926814,312.786033521704,7.129437536951049,44.81695919349837,6.020274716055498,67.70767287444365,56.733533026597186,150.27447360481693,34.88407023392433,6.349342604256448
22,0,9,1,0.0,-326878.5878882917,-3.8075827318698057,50.649504435029414,313.8910330428615,8.268659831235778,49.64566395484043,5.533488257641543,69.0258749383401,50.74508887953138,159.94299976696735,21.009016922980436,5.511861285257493
22,0,10,1,0.0,-320204.8713048956,-3.7111590991794663,37.278239425626936,312.9555649995917,7.495950028683884,50.0,5.3834437167922715,67.0680700436531,61.61292504772642,158.9681651858253,147.14454310896167,5.26757203202585
22,0,11,1,0.0,-331412.79172943666,-3.5929735339137574,35.37985123888809,321.322523323529,8.67716807199892,50.0,5.515812719878757,67.8636935221586,53.62405845529878,162.02731223883285,44.28931866568427,11.1953998860003
22,0,12,1,0.0,-366441.45854745316,-2.92271727935325,20.091469087434078,311.6951043868246,10.903414507084797,48.48886534008769,5.266845043693214,107.64364191548272,38.383957026422465,162.0,130.5641540357831,7.350576617583916
22,0,13,1,0.0,-316853.38840982656,-3.9661662776956628,33.575436622604514,292.74356752764123,7.3988967774733485,50.0,5.759331355718869,62.8718917349688,52.442485960198624,153.77048501354537,49.09547860269366,4.58768723233824
22,0,14,1,0.0,-313054.54030785436,-3.7500755886450836,57.41781670394337,334.5394254518436,8.248392540058447,41.75548136911635,6.214040824926927,86.8142593917718,52.82288617425953,165.03047353300818,86.48986241611836,10.017827558243656
22,0,15,1,0.0,-342652.6714469087,-3.311939467437158,36.643539920454586,279.71139755568,8.578363687926087,50.0,6.198568972224281,30.0,58.38252539911462,156.1861642872678,85.12142924261568,11.2
22,0,16,1,0.0,-322393.11668848386,-3.8442120467403527,75.92412074519785,313.2766628467821,7.468678079881588,49.867503373256945,5.928410093745595,83.99000579631276,44.77152033154856,162.88193340989474,31.475558116086077,5.09111673455809
22,0,17,1,0.0,-342449.84424288565,-3.406578195608848,27.188011151192352,297.9691098309208,10.16525624273217,45.48375110171399,5.519131675769333,71.56820705488383,41.04755645650549,158.37332199853844,40.35811533533317,4.488314663379487
22,0,18,1,0.0,-300944.9260517264,-4.235600864783494,37.94435930314707,292.9075854275145,6.804706539348004,48.77936022993383,5.611106982404086,44.639543274795116,53.13929674619384,162.4284974230942,29.42280273340843,4.490781135542142
22,0,19,1,0.0,-310035.7076969264,-3.984655458871316,55.22498309695871,277.92192303668514,6.027845853151357,50.0,6.032378745964561,114.50961342515329,33.158114146727755,164.6534236226001,23.588199039359477,14.903227196852495
22,1,0,1,0.0,-443674.04695241136,-1.5764173725419124,62.258166873696936,257.4671971266447,14.35681133977624,48.31323293438207,3.6982359995700183,94.39604435260698,29.222046148429,194.68374438742254,197.88959865918088,23.966872415046275
22,1,1,1,0.0,-26197.962412988836,0.6884263865142716,94.1337544357741,257.9505858460209,14.43835431050906,22.012340697622456,2.8,97.53918405027656,27.13669871067388,181.19029431219914,122.82483566037541,26.701317749513176
22,1,2,1,0.0,-424839.11337602645,-1.886519681278219,62.09147726102309,267.32549277870044,13.865012869757711,43.630573675568115,3.707911419947668,93.19996709253078,41.60827940317917,200.96077677963984,159.4808396204635,25.67723392417159
22,1,3,1,0.0,-432571.4702502624,-1.7009130522743363,51.56442188334414,242.77134879691056,14.962059463084053,43.48584991730879,4.447783493656172,97.81076717776665,26.314457920475167,188.85099772077749,145.6776801651196,24.170674625194977
22,1,4,1,0.0,-379399.1495223865,-2.470184691406901,60.473960671757716,249.37526017889525,14.59900423258741,26.31220390402263,3.421825806134659,72.77758094860866,28.797729734685454,201.96403419946492,167.2809944555027,19.537105468556014
22,1,5,1,0.0,-414801.82068461296,-1.9107360918009981,59.64953289589215,308.3771318447871,14.545473539254386,45.82903979273046,4.51616913302221,69.03584678816354,24.013657908349863,205.97141454233667,167.03183825372665,22.114576504206962
22,1,6,1,0.0,-376564.442507032,-3.053907337655611,51.33318909917494,246.65574088566996,8.0,46.946198560376274,3.253702327028276,136.49165004700575,20.961225262332473,191.62786848134058,97.4724767858205,21.13930693084675
22,1,7,1,0.0,-421754.123336002,-1.9469064641541638,52.704681024143575,247.50334730021916,14.429044242282316,36.77301171465968,3.689960324636496,85.09661094316337,27.236077517440975,199.63894985337112,180.55396606893405,24.894530099223708
22,1,8,1,0.0,-426197.15120131924,-1.8757026709407185,59.55070035680932,261.37462192857873,14.958063469543378,41.0,3.5043949965642733,105.52609513168335,43.85463605913991,193.4112752079445,166.47754789586702,20.1861847671156
22,1,9,1,0.0,-420599.90029535803,-2.004468768693369,52.27064228283584,261.8552431100243,10.893259802632539,48.772580076883074,4.411720008668397,90.30057856527694,25.36376267252915,198.65709120310115,194.28996294379695,28.430273611588575
22,1,10,1,0.0,-410096.31204416166,-2.0819828422539484,69.29989300269283,267.734281354383,13.182658856327732,38.02854684835733,4.503397249811775,101.70821026097668,24.512651726587535,183.27535134555427,172.69911626528673,26.596467376097944
22,1,11,1,0.0,-406871.1811493651,-2.0128793281798485,53.81006353864815,241.68179678430374,13.088144094619263,36.35101488426779,6.865975256199008,62.86632294968214,26.202177467010717,200.43089417935826,190.7975572006594,26.721273516053444
22,1,12,1,0.0,-363734.6738673768,-2.742042987203573,63.46193031989696,244.98117669999345,10.84420994327047,33.52969905678357,5.113507666298308,59.63112239854584,42.94399271994814,195.78129975174957,122.33295561777476,22.589070507344278
22,1,13,1,0.0,-390801.59610801394,-2.4498127400435123,41.10128159569404,335.3483288381826,11.975848616091628,44.99053111808936,4.909884873704177,114.3012766870698,22.838567597369796,182.98462123591327,172.97110670892522,20.59427211701204
22,1,14,1,0.0,-405698.62776816543,-2.0264855507408965,57.932837616994405,243.04242851616402,13.207891526800001,36.09169350730936,6.623641585646384,65.04718468349816,25.88801486320708,194.9332638242367,166.9930215260179,29.35534353263167
22,1,15,1,0.0,-388920.77505366656,-2.497344646576558,33.54385003481176,286.3584540197945,10.536873726744469,46.907969866178234,6.253728932885596,101.07178087420172,25.759047789671627,199.8714591415638,133.97759300497222,26.50216551839444
22,1,16,1,0.0,-411920.52706375177,-2.0326298945633208,55.20805984217529,276.8795559827567,12.91035842555208,40.631886854734944,4.6287474820051635,89.00697728432678,25.341101807525494,198.95519460945127,171.33946790197098,30.06357182370323
22,1,17,1,0.0,-410921.38001541223,-2.1157617802867454,51.258790296857434,247.18712699649438,12.402654318361346,43.10559163174142,3.7343209606909915,45.55682382521695,27.116387589412923,192.92603621155146,171.1103043017312,20.76376462862033
22,1,18,1,0.0,-411892.6810779747,-2.0881832570041357,55.125154068741026,254.42269396677548,12.796636447941816,39.7867536951668,5.183502732321079,93.5977378766889,19.233265348024887,189.354910694655,170.2289248445571,25.95133533662648
22,1,19,1,0.0,-409008.9711767704,-2.1575808613663767,43.30131539799258,285.1917722421176,12.682964092456768,46.81330470729149,4.120786719349556,95.07636106276058,37.810567283699335,186.16349722238485,122.05310858686482,26.772551969460533
23,0,0,1,0.0,-327003.93827069574,-3.7161969733557925,40.53147892747154,323.59573004891126,8.881773322659908,48.397911877879935,6.71450070395553,77.68965375223226,52.09415442602119,162.0,36.16085613211717,4.715720788057935
23,0,1,1,0.0,-281775.1811033384,-3.169934578182576,50.6156149107673,322.8837187600344,6.163238434682751,47.18298958626016,5.530603991594282,73.23436904924141,54.47142032654695,162.91422381611153,111.66041919805382,19.20510787619612
23,0,2,1,0.0,-366557.9383078632,-2.721430092633903,37.49356266245158,308.44454396223364,12.819114875745612,44.99562897175738,7.054479055850349,68.13305240023519,51.3675895285554,165.75561568202002,81.70534466670655,6.211220028248825
23,0,3,1,0.0,-275513.34038969775,-4.094465617593906,33.80273239186827,283.25956831989976,5.693083130156751,50.0,5.335132538437626,49.75645822483551,51.93702152892272,164.88340100525085,65.86740506390346,4.742037166944128
23,0,4,1,0.0,-298561.00488631247,-4.238354787398279,35.172468220155054,305.54226355105044,6.776939787791825,50.0,5.909753343974813,58.6203958597722,54.61507946212338,150.33240996500322,23.15399409770487,5.034184399014283
23,0,5,1,0.0,-268649.66227456817,-4.186498207926707,43.60850925875193,300.14122812920715,5.582105367897471,50.0,6.90424212195826,74.72050326434973,57.96745616797224,165.595228578931,35.24312146960558,4.0944393512769945
23,0,6,1,0.0,-336630.15066598146,-3.5195269412035346,30.110694773914858,295.39450131823895,9.11018391466717,48.56301135177096,5.723558949740659,57.96018151200705,49.85958227294603,153.99654243230307,38.49327459472694,7.289498026895526
23,0,7,1,0.0,-353797.1143610145,-3.1697180028684193,39.678301122484086,297.78750221861236,10.98022964498949,44.357229252992745,5.369049010614598,68.60896166760647,53.75299768326967,163.21537949758513,67.64922676182056,5.321345182290564
23,0,8,1,0.0,-301277.2411055617,-4.177705921492007,46.60779998885967,329.45393168028613,7.146952889881263,48.75068653150038,5.841109782728336,64.42765329190696,47.783555432580954,162.27447360481693,23.614227223521127,9.19902077465522
23,0,9,1,0.0,-342701.4048255225,-3.4598967174665822,61.237252111135945,285.2808764302749,8.991921928694815,46.61233887470123,5.600791069246851,72.65560711319934,54.561504071237025,157.70432960714584,52.188308070924094,5.542280162494299
23,0,10,1,0.0,-274657.7821020826,-3.351096592507059,47.907123815905514,296.945721881857,6.169803930060247,44.83452527335293,5.397369879190305,65.77602467594802,62.23728774610261,164.9628338202938,142.33671685629665,10.28364572288218
23,0,11,1,0.0,-333176.4745160452,-3.5369758675000607,38.57396745231541,321.26451326986074,8.35035449007548,50.0,5.5962842909470405,77.85878565319008,51.734605942098895,167.0704189137295,58.636304005408014,14.408198232611664
23,0,12,1,0.0,-294266.87952597963,-4.082929833066533,22.088468540870267,330.99943227622424,8.314449857005417,39.48886534008769,4.840207145251076,73.64364191548272,40.427721139347746,159.388800437218,94.5641540357831,4.052787699928647
23,0,13,1,0.0,-303006.2708596108,-4.174467932595066,29.124611124877944,307.75706978272177,7.016311135688864,50.0,5.684543731333358,63.76638985188469,51.595162145450864,157.1806909096465,33.95516516655616,4.795550890606219
23,0,14,1,0.0,-245026.41334630144,-3.232122746817684,54.18234402309082,308.0756785041217,5.248392540058447,45.80233007982128,6.266280478487379,97.23785727333713,49.37327024225524,166.21656031067047,101.76594519334378,14.20677520737759
23,0,15,1,0.0,-350308.5573451121,-3.0672867749056554,18.208778461480613,300.9861965543646,10.292885032321081,50.0,5.918096206670549,41.46354593989165,56.518847742294014,160.28684001818448,49.121429242615676,14.72368581488939
23,0,16,1,0.0,-349104.15772755654,-3.2058814905591633,64.62307171563259,326.2154382386811,9.866869966697415,50.0,5.8052418234809355,85.92992693890365,41.26132837686182,154.3909278282629,58.15645805300954,5.733740471379032
23,0,17,1,0.0,-331520.0683983299,-3.52299960235588,18.592244787873323,321.7227411796607,9.544449040617653,49.936241104652964,5.836181040998711,64.97294108213633,49.681086869002314,164.37922659106965,20.0,5.124213429531689
23,0,18,1,0.0,-228088.4294817698,-4.238763811341173,25.597789498253942,308.921508001558,5.0,50.0,5.815862245616344,31.729568152458434,52.49354669124513,166.8364809359931,30.26863066339503,4.445399410517788
23,0,19,1,0.0,-339112.30313852686,-3.762059555162172,56.87189002073214,252.87164586153912,7.135915029575319,50.0,6.15536510951617,99.79835804764465,51.158114146727755,167.64506112087165,30.260584183011893,7.703227196852494
23,1,0,1,0.0,-433252.69582512946,-1.7376847185536939,51.73805020890754,263.5261340733804,13.996387093214825,45.76644958652863,4.747191486922603,98.66232219042108,23.660491305550476,196.78694041178358,173.32204491010577,28.410638840235983
23,1,1,1,0.0,-36520.56212951086,0.670845811124255,72.1337544357741,259.4862206045016,13.891147359244341,31.012340697622456,2.698915125129027,131.53918405027656,27.510908225906213,193.19029431219914,146.8958404434201,27.587477016029037
23,1,2,1,0.0,-391063.6921490667,-2.2812258215279275,51.716533533437534,296.3350943438618,13.0477528957036,34.630573675568115,3.870917809839116,92.67517284413628,46.49494001524078,201.5853735886172,155.01808548156035,30.694582492685598
23,1,3,1,0.0,-419237.23176787805,-1.9511548344475644,58.265727865674066,266.74633305824045,14.689392333217587,37.72646671756745,4.44219693361769,96.86166806857426,34.69648977841195,197.65689114270955,171.61016043730012,26.254606886658287
23,1,4,1,0.0,-414622.44446132495,-2.1256514981150962,52.3944049527957,230.21808116013395,14.154571630265965,34.66913476670274,4.141849913157809,98.81711369413837,24.431494510367408,203.92802503259298,169.0918323051675,19.65451220065692
23,1,5,1,0.0,-425254.71761503903,-1.7614760261421403,58.21632029353873,279.8254208677419,14.368204013857106,47.39205849845161,5.248777074865579,66.18643889899083,25.773432189641774,193.97141454233667,176.5539651567113,22.98243357282868
23,1,6,1,0.0,-393195.20019960514,-2.6057321569485397,35.78492304676894,243.22971800439515,11.0,46.88918568297973,5.053702327028276,115.56151747656575,26.181773088537486,199.3331078141723,61.472476785820504,19.413550828778675
23,1,7,1,0.0,-425122.24456148926,-1.8866025716602177,45.26225404935983,240.59793751332364,14.238633553651601,38.51074044761077,5.035543110637027,106.63071123004275,13.905049084859519,192.33744699711943,162.69494270732773,28.139204447068877
23,1,8,1,0.0,-437321.5041113587,-1.7114520460232312,60.3424845058084,249.74278212356927,14.08853449569968,44.71382294138013,3.940392865334204,103.58400721443743,43.77859769054598,198.10720562907093,168.83325755411957,27.386184767115598
23,1,9,1,0.0,-426600.5239317076,-1.8535515226749142,50.95079412271303,272.44756027416884,12.892445463603542,48.24903922083561,5.0947684835185285,91.98247423076631,31.02118957815423,198.11201083608506,172.31880454565473,28.433136295482097
23,1,10,1,0.0,-395100.94737039704,-2.2218312396692834,86.8050295291569,279.4623580542865,11.16608141419628,41.02826082316366,5.075030518361711,84.5680283520511,25.54368859219655,195.27535134555427,183.93716822231315,25.116306112235318
23,1,11,1,0.0,-391002.21779879514,-2.3778883838222677,51.725752342839755,264.40171276067804,13.021245193022924,32.96457855319776,5.065975256199009,96.86632294968214,36.51232461774447,191.57091910100837,182.7019253064349,21.975290467036388
23,1,12,1,0.0,-333139.3640203361,-3.047659864967192,48.956065897073486,249.6885956526111,10.846555427306841,28.01979007940748,5.016322781929042,93.63112239854584,44.24809745890094,190.52233046246954,108.77692978751834,18.538669399349978
23,1,13,1,0.0,-380051.31991969957,-2.7041027597437823,28.440399897833867,303.3483288381826,11.448965574550671,45.19992580435997,6.709884873704177,101.4225735466612,38.838909868217605,188.42788784037057,166.19637248260318,13.39427211701204
23,1,14,1,0.0,-417351.97692838113,-1.9341341532394007,53.97980331601892,239.21118438281297,13.025686380894522,38.98151402496106,7.218082626078985,99.04718468349816,28.05963496144521,192.78346611693334,168.45650539498033,30.41519259911064
23,1,15,1,0.0,-417598.01352745126,-1.9423607527681468,46.40085505022628,289.9773896287206,13.536873726744469,50.0,4.94612154184618,101.09377857046641,24.868202924366845,187.8714591415638,123.95860109682762,25.571394495869505
23,1,16,1,0.0,-404300.3387221536,-2.18010473724555,56.83906773727273,244.8795559827567,12.377733218011532,36.126470335878416,5.051649347623444,92.77975172830654,33.91636681793897,197.49633026793472,163.80743732760757,28.39231029029202
23,1,17,1,0.0,-423610.6784543369,-1.893554328968725,54.21006945725015,244.9678570445937,12.768942220026194,46.96646613293685,4.050587346507698,50.31879947769136,35.42419394951441,190.55909802826426,171.7567003706951,22.107720006555883
23,1,18,1,0.0,-421229.2368350617,-1.8643872254766976,66.13971878928129,271.77344928041725,13.03994456434434,46.65312310552849,5.6310105921609255,77.2919962887177,29.263391413319248,189.80660183577228,178.44357514474126,25.849959805726836
23,1,19,1,0.0,-415294.6240532471,-2.149286127088313,45.06574149654728,253.19177224211762,12.318268341713416,39.6886288266889,3.9691648184053667,126.95948627780473,33.33643755513472,184.98476038437764,157.19472911025173,29.116935563390903
24,0,0,1,0.0,-326287.2222010276,-3.953361557989209,42.14093072331046,291.59573004891126,7.637744019480765,48.91017264062759,4.964177330261342,85.21927423772583,52.42768230191983,169.75132304140735,29.55925595355503,4.8712319306270455
24,0,1,1,0.0,-355444.054705371,-2.909231681417272,45.5748594838726,290.8837187600344,8.491776820749113,47.33209526935769,5.8140453566385055,65.85162504954268,51.139825694286344,174.9135142523564,126.61850930043919,22.586990073070666
24,0,2,1,0.0,-344040.2772785178,-3.3209368025967705,39.84126282098455,318.5769513438477,9.819114875745612,47.32778359304735,7.123709455978003,87.64873255748745,59.6359592352264,162.919149989911,78.3558303167024,8.017607023541562
24,0,3,1,0.0,-295487.5628060914,-4.162606399724043,26.03278414316233,299.1367665243964,6.586738306977232,50.0,5.6313993509671025,44.524953447373676,50.53930848126232,164.4390108567237,43.16447713560167,7.754729689262476
24,0,4,1,0.0,-314064.4160310445,-4.040916835483981,28.428481157770296,305.2660310308122,7.435678032277427,50.0,6.138605624999315,91.31767137330667,57.97525259544109,162.33240996500322,24.318181769427493,5.095349632992891
24,0,5,1,0.0,-324484.9311835899,-3.723295104435453,35.385902000392974,300.78370082499214,8.582105367897471,45.42874978486456,6.5682599358532885,61.64283134859345,49.89155648315813,160.29025471221647,66.69012377812939,7.470459130217558
24,0,6,1,0.0,-340493.9237131455,-3.5571311156496006,27.88196174022118,263.39450131823895,8.310552901523621,50.0,5.3250378672811,55.16853277448902,46.18204660869603,156.00417815934125,33.03446603878728,7.889741670216852
24,0,7,1,0.0,-329734.347494093,-3.7305143940126397,33.11435903374571,292.7827060923839,7.980229644989491,49.60150900133123,5.679374077996806,70.48752889320659,50.990541993145925,166.40069186809941,58.391669611266295,7.3771483724084606
24,0,8,1,0.0,-323469.10385926446,-3.670558448495594,44.45847981905806,314.00365928562314,7.707616567817157,50.0,5.87594285267857,62.50216435980073,52.269586792787216,154.23304920845493,59.61422722352113,13.446893280943964
24,0,9,1,0.0,-370730.3481152861,-2.641194929750173,59.99817323075243,288.1496680295836,11.460683964792484,49.461316796789674,5.630983293326639,59.125016052545,52.48954737636033,160.23205404325668,79.55825952966774,5.344354904946902
24,0,10,1,0.0,-344556.0015087106,-3.3024063651915605,49.1121869216846,325.89010865464473,9.169803930060247,48.261019971774566,5.706771492602271,77.98035101210573,49.233973733862285,161.53748845813516,106.33671685629665,10.31105328023468
24,0,11,1,0.0,-279185.863853191,-4.101459566644756,35.843690349707,302.926402257445,5.861133939337758,50.0,5.683002181447926,69.74423867698987,50.40245184594628,155.0704189137295,47.849022315259504,7.208198232611664
24,0,12,1,0.0,-303931.4923051724,-4.13329607374541,44.08846854087027,298.99943227622424,6.68646755364297,47.93843979402811,4.765622335817734,77.29713171138552,47.58915097039036,150.0,58.564154035783105,4.0
24,0,13,1,0.0,-287749.863068564,-4.273831815853229,45.26679652141566,299.08308287553734,5.99997586855455,50.0,5.621393823120832,64.54454874905097,50.1044577522656,157.73237284641846,20.171273541082257,4.857791011461315
24,0,14,1,0.0,-224890.7911418499,-3.6163636290176657,47.43669821841591,293.3790908295191,5.0,45.83755774744946,7.555254182610942,65.25227372059783,46.36185670126571,155.92916761600227,90.6744897543105,7.006775207377589
24,0,15,1,0.0,-319830.6383739568,-3.735821899389115,14.024036403697568,332.9861965543646,8.908432938523367,49.79053682883552,5.304437277087931,66.09004429405846,49.44694364531309,162.57510473077397,20.0,7.523685814889389
24,0,16,1,0.0,-336560.2990172373,-3.5789566170315528,42.62307171563259,323.4632432739726,9.010287928622141,48.64547924125782,6.46483986703666,101.72624860664084,36.933457738542245,157.48692318166857,62.9420062029078,5.554230168901279
24,0,17,1,0.0,-305455.71409144165,-4.145779667776003,35.50748977693971,330.66046575609425,7.490181493965595,50.0,5.507463169676555,64.25305685886893,45.83241317793708,161.40538132537662,20.0,4.888966120873701
24,0,18,1,0.0,-318007.5868180493,-3.9222853424846598,41.684556670552126,323.1209461994579,8.0,50.0,5.6059967974567035,65.72956815245843,48.583109723229015,154.8364809359931,34.59014525145621,4.0
24,0,19,1,0.0,-331648.39763525495,-3.876379482016787,53.674600639765934,278.38037866738784,7.784700183778244,47.72728359117433,5.44734174375901,82.69604050699763,38.099653510542,166.53099867222812,26.359956668724294,4.0
24,1,0,1,0.0,-423733.3048129256,-1.855504632535746,56.43808817305176,270.9190350267559,13.932173892269889,41.59590947044869,5.220359823973764,101.34148951005129,19.650213786609513,196.14209470370758,179.52696893234062,29.067440365819234
24,1,1,1,0.0,-45171.40465002018,0.7095282827789093,59.83936273771823,235.60018676691567,14.935404649943791,40.012340697622456,2.1548342203280746,162.32616832784734,28.186703131530177,196.3070257806423,151.11305644861176,32.42824203012059
24,1,2,1,0.0,-414443.4054544571,-2.1106206202750006,55.235092449196884,274.1585595943828,12.831286235039562,42.97419503102466,4.108739930061014,105.68788769110313,28.49494001524078,189.5853735886172,168.9448937514357,23.4945824926856
24,1,3,1,0.0,-396010.2666967651,-2.2904183888567355,49.725805403597036,265.6053297276113,14.995771377578212,29.795853937103605,3.793326250844636,97.65962881346209,31.409339533108934,203.19766003426568,138.46635263291,28.04464683865376
24,1,4,1,0.0,-427532.1495433502,-1.8430966344520114,49.535150837749676,262.2180811601339,14.201305888065665,43.66913476670274,4.028584583074806,87.97639613996154,24.707126850245032,201.16199279781264,168.96588125858273,24.616971671655087
24,1,5,1,0.0,-425252.8936351697,-1.8388285996618465,48.52132780800183,268.56775052977883,14.27692447642598,40.86661944959951,5.36307689271174,100.18643889899083,29.209348320549115,197.71889757843843,177.92613943412832,29.853431718754212
24,1,6,1,0.0,-426211.54168220283,-1.7159561067535245,57.11434517377033,226.78824811306393,14.0,46.79236842813826,6.853702327028276,123.98577091401626,28.904053321852306,196.82155733876948,97.4724767858205,23.56354547079348
24,1,7,1,0.0,-411402.90071229055,-2.009268640635047,46.47720608013574,246.1349052439681,14.195703597660092,31.739776234893785,4.266863661371438,110.143968194937,8.731018546727196,189.7969775050165,192.53576270934954,28.313457532971533
24,1,8,1,0.0,-428608.1193877187,-1.8117723919221418,60.281564128610015,253.32567025359188,14.81655396886924,40.88895537454109,4.123452593878311,90.76773968368411,31.5764681819944,199.8373019981401,169.00627889438834,23.862440365926744
24,1,9,1,0.0,-401564.0259437199,-2.1907575673538973,54.07902042437777,276.5783397943063,12.21544446047871,39.24903922083561,4.551452463594403,86.46881624898177,28.295980227109126,195.13368399908578,169.5482421620346,28.57656726560075
24,1,10,1,0.0,-409870.0192415531,-2.090402457716104,68.80765858685551,272.3444773023831,11.576222956358851,47.72854399014214,5.245941210293539,76.95141839129272,26.504147432533678,183.27535134555427,172.98854388746412,23.832579094398863
24,1,11,1,0.0,-395317.2496405506,-2.5083071465725992,60.150102694555606,248.88659907381793,12.158728617197411,35.556617905526444,4.937451190271261,120.3343284365608,33.2233083330824,193.8151886181016,167.4014324950401,17.97364595608596
24,1,12,1,0.0,-400468.1751307211,-2.263406800222631,57.02568628606848,253.5479268221387,13.846555427306841,37.01979007940748,5.017820501741626,86.75123507760364,46.353016349135416,202.52233046246954,109.38018735429795,24.609805956442305
24,1,13,1,0.0,-372166.00466030766,-2.8961867321372305,28.439020256201406,271.3483288381826,10.127955777973106,41.18544261677485,6.547060394745973,127.12657941982366,45.92193581708645,176.71618004013604,159.81739641293467,15.086958812605491
24,1,14,1,0.0,-431440.6323743904,-1.6143026531850855,58.97863094290268,268.5589014277199,15.147066255615556,46.301323762522635,5.418082626078985,66.64049958977336,30.608599860016728,198.22580701004478,164.10002966780812,26.87457795028277
24,1,15,1,0.0,-421597.1368947364,-1.8105525303341776,65.70855067063584,270.1801503560465,15.23464163144246,41.0,5.637484096074917,101.642206575858,27.26933503544273,191.31844613339837,142.24657498358093,27.734688004520613
24,1,16,1,0.0,-414170.3205123599,-2.0622176301724218,58.670947339073585,245.78679374949877,14.013903448685417,35.82533624856011,4.357771463501617,91.99564985979521,27.745349524195596,201.0203619054377,161.32951320466316,25.579743114519207
24,1,17,1,0.0,-407949.5136898837,-2.2361951188801834,58.23325944197449,244.33459249443254,13.18446064645448,37.96646613293685,3.949991441529531,84.31879947769136,38.83760083629406,198.05382561966826,168.89067832503312,17.625065076553955
24,1,18,1,0.0,-427552.9853354191,-1.889281664831092,57.48924037698196,251.63796167536393,13.558088109027958,43.04546099843502,4.893398892767966,103.1212812628797,26.94818144948553,194.85475033641416,182.80474708932613,23.3928126779922
24,1,19,1,0.0,-401013.6325434628,-2.485323810581603,49.3147015711826,278.1353377504202,13.246542990366818,37.28956243258173,4.388440016339494,160.95948627780473,33.37397887786548,196.98476038437764,121.19472911025173,21.916935563390904
25,0,0,1,0.0,-283798.52609577734,-4.1883362775530575,41.561992664041945,318.68874813571387,6.233869534319769,47.387747216392555,5.0826921657785595,89.38822442495056,48.51700828915418,160.9317854672442,48.49291040439549,4.900168028500051
25,0,1,1,0.0,-336277.5859274204,-3.244349512686058,29.69999791325133,299.56024882636956,7.737630984774092,49.35060266612791,5.8575698436095545,76.12067348560149,49.82610781567148,174.12084686772013,98.12872334224583,20.928771296524243
25,0,2,1,0.0,-300585.7073188716,-4.003511198490372,44.11756117864212,323.1651738355111,6.819114875745612,49.46876381500811,6.483915037171315,71.90327812318928,58.41522901180414,157.74953370922012,52.93490241587871,9.730581555219615
25,0,3,1,0.0,-328827.2347504838,-3.5949954968760474,25.969803370295196,316.7559962141724,8.2739730652341,50.0,5.682534283487114,78.52495344737368,50.04199081869036,158.9686416711135,79.16447713560167,9.30059158895461
25,0,4,1,0.0,-357426.58608427946,-3.174755854347235,45.05773034612544,275.2421768197023,9.67202932026904,50.0,6.005781313941067,90.98545102648993,52.93278702752437,167.49932103632844,23.636194268030774,4.0264582426425
25,0,5,1,0.0,-356432.4847077336,-3.1538526165187144,57.385902000392974,284.5347819513041,9.375754449936066,48.325089133407886,6.470063782353044,91.4376624313692,65.47317695892616,162.70307005689364,97.46913099062698,7.0802380824557725
25,0,6,1,0.0,-326169.80299996154,-3.8183801658020724,41.09731595397549,295.39450131823895,7.907674685158824,50.0,5.10110465467773,56.14790304398152,48.86339209066797,151.4751486109423,31.443657672083976,6.958731305438697
25,0,7,1,0.0,-356910.4665754097,-2.966537676501751,30.469869541495548,309.7168487177019,10.98022964498949,50.0,6.03233635821717,62.34251953387362,55.520484024525345,161.9110677256641,47.36066484958147,8.286420927257646
25,0,8,1,0.0,-318638.78403249814,-3.799226801086474,30.881343121636824,309.40147118128044,7.7138992477095805,50.0,5.650003834168526,61.22312523411481,54.22836882982228,152.23065857434642,78.41410324168008,6.6625463724998415
25,0,9,1,0.0,-334312.387611132,-3.576764143886474,50.46529876140673,315.84763639502336,8.933672073700363,50.0,5.621274824830773,53.255959127228024,50.41491636150578,161.54816562312843,43.55825952966774,4.456559451481475
25,0,10,1,0.0,-356061.59761751955,-3.1281224952090154,41.76589864882634,324.1815283214493,10.19409738952751,49.27983514858394,5.792257914417921,97.72805430825781,46.17065693371014,158.53676730465955,70.33671685629665,10.788440564556304
25,0,11,1,0.0,-333124.83778318274,-3.699296554164727,34.30608039812387,290.3221715346594,8.331590829497006,49.94960123653296,5.7677670648508945,84.14586024705407,50.40817073252096,150.0,20.0,5.470049610120608
25,0,12,1,0.0,-353764.6582752173,-3.179480318301697,66.08846854087027,312.6162953497093,9.511672701790925,50.0,5.140594881906601,91.16206565669479,52.15812935728036,157.330026653763,94.5641540357831,5.313852651479305
25,0,13,1,0.0,-276371.5654916585,-4.296169828528439,37.47096922844521,323.1621590900379,5.9826132285490194,50.0,5.550480781987858,63.07369054066546,51.1980509379506,158.4469608304462,40.347704057168485,4.0
25,0,14,1,0.0,-316509.46604191663,-3.6684552710883245,69.43669821841591,285.43116073346334,8.0,41.426477387607875,8.940359525981869,77.97027291704957,47.13965677405412,155.63788483425012,67.72232130983787,9.163464632506193
25,0,15,1,0.0,-270003.87283777265,-4.0360192904401515,29.391022170014413,325.62182416078633,6.06359674790965,49.317411244496185,5.553341203710205,42.640841997314986,50.32267016266505,158.1221819647324,50.989468210576234,10.99596167637419
25,0,16,1,0.0,-305087.85149957787,-4.090337305749894,25.561082412611185,311.80223295518414,7.0029183862522455,48.8275094540867,6.244345431077849,108.85720149230984,51.86308918567729,155.00522541331264,49.55484039385871,5.706262276408701
25,0,17,1,0.0,-334872.83602251695,-3.622108503524157,37.016261803415226,302.877526434287,8.978551680817652,48.301574703309875,5.3450026763233085,71.42268122617284,50.78078432524781,156.79927352506394,34.36096189715916,4.594413863002091
25,0,18,1,0.0,-359086.5614498521,-2.9606325211116573,37.5298442406668,311.282470498018,11.0,50.0,5.541194843324311,73.91283385020816,48.37750456443554,150.0,67.67323332228827,4.335429729100248
25,0,19,1,0.0,-313005.78438918013,-4.043843693520208,36.2041171003863,272.14098873121054,6.72151374845632,48.532497822990415,6.167514641100429,79.67986846725888,30.394977832261265,161.25054841730764,27.24843317982396,11.2
25,1,0,1,0.0,-406115.69578250265,-2.049572019786576,59.32838248467799,273.56026537411304,14.384450013707442,32.59590947044869,4.274234826251327,96.5732339616618,23.62713420505751,197.49604989742193,187.68111382133665,28.664567447677992
25,1,1,1,0.0,-37024.14033748222,0.7563998663953342,67.18705526714888,222.2619898473182,14.589165133092209,39.80813417645521,1.6418348826771485,136.5075072607157,28.180643810926682,184.4951820453723,141.05717270333687,31.863490355660524
25,1,2,1,0.0,-414769.95134395576,-2.0169672621709864,69.23562035178192,280.7245031159045,13.803203809837285,41.34695447261249,4.527956779141007,100.83724446133422,33.95178613955102,182.00433576897842,170.30971071119188,23.417261729300826
25,1,3,1,0.0,-387691.4444031655,-2.4774210366433844,50.4494584472864,265.640596109328,14.383022553836252,30.074057252777667,3.9795727347696643,112.97049452038435,26.66772896818898,192.34268484700263,102.46635263291,30.09197832393863
25,1,4,1,0.0,-401486.5068702939,-2.1303857357669393,60.04253765712913,294.2180811601339,14.426730581300156,34.66913476670274,4.010196405371428,84.1181398250039,29.879264178929233,201.0553889347495,169.12243395249808,27.904731233100087
25,1,5,1,0.0,-415799.7287959131,-2.100544833492943,49.606981191565175,254.02826060759378,13.963770828000781,35.432867359304446,3.9541513560784525,117.81786644508173,24.705468630622256,199.63531482106674,175.43073340595566,24.96056441760738
25,1,6,1,0.0,-430512.8035811809,-1.9735736992878519,39.102394560421885,210.10613464207677,11.0,48.152563827900615,5.053702327028276,135.83645567287462,27.187142545477535,187.35299071451075,131.71420916940042,30.763545470793478
25,1,7,1,0.0,-425473.58878170414,-1.8865912239510143,48.18347926740653,245.90237819068923,14.054317539628729,40.73977623489378,4.140011240526162,76.143968194937,13.126330750669092,189.33164037852495,200.0,21.113457532971534
25,1,8,1,0.0,-437179.87081087026,-1.6238547371225462,54.729898560421354,251.9001317758604,15.610321800182955,42.98580092927982,4.040100325686982,87.66075823543456,49.5764681819944,195.31048601786196,170.48182937830694,24.21265344659192
25,1,9,1,0.0,-425890.180417269,-1.9317696365037105,52.88701572516655,255.13801848738535,12.125377639649106,45.445035149400276,4.357151070023675,94.2483027168401,31.513254772388358,198.83896812889563,184.86645581149818,28.50841422115134
25,1,10,1,0.0,-418241.08184408053,-2.1244604728706467,51.51406015062002,246.52361300036696,11.422632513798147,46.86453202101864,4.1978883028525615,92.15747642704963,25.180790823695318,189.83828265870508,182.43591525624197,20.995705973818577
25,1,11,1,0.0,-424053.91367437027,-2.0408118115624876,63.94391939375595,236.2863907164512,11.821453716135613,44.556617905526444,4.612361983402853,127.34878661329128,24.204580909515116,195.2764278532212,159.26856404687203,24.991988817291066
25,1,12,1,0.0,-409631.3236944215,-2.2178499705374204,59.50942547515523,242.02882016060943,10.846555427306841,46.01979007940748,5.114024881018283,96.92749845449639,59.59997801771448,193.06726563318608,145.38018735429796,25.58184583080971
25,1,13,1,0.0,-392302.0939117306,-2.46303551088009,32.01162774241038,283.6228826694018,11.050604219145097,46.53823733354916,8.179396434686984,109.69092799808966,27.92193581708645,188.71618004013604,169.65131482360735,19.365835599331785
25,1,14,1,0.0,-414319.8962720523,-1.9437974437296583,61.02141529967874,265.83068180607415,14.567601102173878,37.301323762522635,3.6180826260789853,57.237212204677974,28.000568194920085,202.49649782174657,169.51458806187426,27.1678912975736
25,1,15,1,0.0,-429122.25696262205,-1.7797545561084485,43.708550670635844,254.39242522327646,15.236015735113806,39.315573655248365,6.444155537539984,101.89695949507652,35.993250329911824,203.31844613339837,178.24657498358093,27.392038508346438
25,1,16,1,0.0,-428241.01998048316,-1.7608047184585456,57.71990344908709,277.78679374949877,14.622646032230024,44.82533624856011,4.1701403017173995,81.79259439702855,28.913180340039162,200.11064119501052,167.80226987989693,26.63122904841463
25,1,17,1,0.0,-398315.2196866198,-2.3841966525610006,56.404705302725624,243.9796943684904,13.436853582728885,32.84635756252973,4.1893649627503615,99.77793922554947,37.73599046878489,188.7265957690965,169.00935428512827,18.66705670529354
25,1,18,1,0.0,-426593.4028269364,-1.8916521823888357,61.65929618193345,245.55870383932776,13.494619807217969,40.46305377676663,4.2441833768511845,102.74596358112404,24.595564104472775,199.79941343011134,169.5256603685467,28.130170510377095
25,1,19,1,0.0,-410029.7423137891,-2.1690863207963584,54.751742993702834,270.161140454621,13.25367673786763,46.28956243258173,4.042025258520287,126.95948627780473,31.561128052727184,190.2203623753818,112.7398020800706,14.716935563390905
26,0,0,1,0.0,-321073.51486347825,-3.753886688368075,24.565084434127847,338.39444868298995,9.23386953431977,47.115058525625685,5.794747979772016,77.14888997975652,48.15156224430464,160.06127278711512,34.35295891145468,4.814904401127364
26,0,1,1,0.0,-318714.76056126977,-3.7517125547714403,27.825266275107683,320.5829984623775,7.6212965315171495,50.0,5.849330378034361,77.84231593034424,50.665183423735456,166.2189066884297,62.128723342245834,13.728771296524243
26,0,2,1,0.0,-347412.3990080977,-3.245745494011288,30.889475971430677,291.1651738355111,9.819114875745612,50.0,7.191719549487199,69.41326775484913,49.6594142006968,159.6099101508955,29.849683689322568,6.1365461672231305
26,0,3,1,0.0,-338572.633083321,-3.4341874532236707,33.8689102972123,336.89817339977293,9.313101577641339,50.0,5.514535204098541,92.61619820761098,50.51260759922321,159.32707201837826,54.95359830523607,10.112509007662663
26,0,4,1,0.0,-312853.8248412666,-4.022241376138782,30.01403809728361,307.2421768197023,7.949452988590248,48.236186823938105,5.76955383307091,56.985451026489926,52.8905531118892,157.00490263523068,20.0,4.0
26,0,5,1,0.0,-314219.43020095385,-4.015953471712655,63.98668445836638,316.5347819513041,6.9420613897549295,49.59768217800035,5.89904395480816,98.96932695563278,59.46519676665464,164.0225909461631,61.46913099062698,4.0340188978907445
26,0,6,1,0.0,-329299.8768042152,-3.635921761474218,34.3503835236,327.24124180920256,8.84351793104279,50.0,5.128328457871412,63.21795440400146,51.50158074186473,159.16319982059775,36.1520425323647,8.839487632063879
26,0,7,1,0.0,-345177.3805921303,-3.259571486917304,36.56348321127406,320.70358250690623,10.151629537895612,48.14724351037136,5.800479956279979,68.05681968031712,55.71101338442279,150.0,83.04108516784129,5.8428922780401455
26,0,8,1,0.0,-280693.3310856112,-4.288598083995585,26.2155837155477,313.43741219340137,6.166871665891668,50.0,5.706773514986933,61.62220794865948,52.19296536412234,151.89848046036798,42.41410324168008,4.0
26,0,9,1,0.0,-273073.92637775606,-4.299096939595598,31.387463193018185,317.4484276762699,5.933672073700363,50.0,5.625603861178178,56.72876054510828,51.47162615657477,161.1615736637032,32.601552806320626,5.483455638571407
26,0,10,1,0.0,-297607.6306392381,-4.227815870264918,34.71572267559932,292.1815283214493,7.19409738952751,43.39254891451784,5.377496245489913,64.73286086084076,47.46293135141682,160.50027814674092,34.33671685629665,4.0
26,0,11,1,0.0,-341203.52962950594,-3.4783917440606635,33.03679312699841,305.624326305712,9.135477231195951,49.74221195778167,5.528032182321688,80.7945850085179,51.76631421489067,161.69000534554473,42.04359958472288,7.464935762800076
26,0,12,1,0.0,-307406.8877625642,-3.923796665454276,45.28128993659236,319.91386071065625,8.04837121082009,41.0,5.319128644644129,78.40085376931725,42.76108142823469,160.60760158623745,89.41823905001624,6.865764250712905
26,0,13,1,0.0,-317671.462365806,-3.8518667807963256,30.470851057317454,330.18090096977164,8.37214598356074,49.81312860479118,5.5471337899116575,64.44339349509845,51.26431445894315,155.3992710931983,37.68969121601225,4.506485970053097
26,0,14,1,0.0,-342938.63799349405,-3.3052326633698677,60.724687291972515,317.43116073346334,9.604533686311331,45.74885865421967,7.140359525981869,73.80714946460668,49.6128496826688,165.7288440249386,86.98266855969466,9.671239705714399
26,0,15,1,0.0,-336510.09129822726,-3.4373932942613634,22.655622229556293,297.9076493080477,9.06359674790965,49.57014928128286,6.005535811312171,54.70207213921999,56.58275787936707,157.48038415303625,47.03514043115346,10.363183082708918
26,0,16,1,0.0,-265219.3302902335,-4.29981773152061,28.83500841683155,321.0660775756728,5.8542850608751875,48.93559495524025,5.9023472664710805,74.85720149230984,48.19848326059132,158.4158629424128,24.240090183509977,5.269225120883987
26,0,17,1,0.0,-311397.26183387573,-4.00537911119327,22.114805951683792,318.11248661479647,8.528173903036148,44.26748721698115,5.438079170292176,71.15244108795763,43.614331609267886,159.69481849381108,42.31947867220176,4.510645115291116
26,0,18,1,0.0,-317284.51305601525,-3.8686977627500827,28.06939108260778,316.5261105135276,8.0,49.913319022683446,5.509190126554774,60.15930027417103,48.317701429077374,152.30034591795308,55.776977094063426,5.081189269992123
26,0,19,1,0.0,-300827.33195862785,-4.066023574938972,37.12413923928266,304.14098873121054,6.7298156856450495,49.68989451305506,7.967514641100429,77.12793877843497,47.99831754724192,158.52182576632552,24.018979809051693,15.335081018084159
26,1,0,1,0.0,-435215.2177966391,-1.7494238987704915,55.956697316948926,247.26406932279733,14.384512717710475,41.59590947044869,3.5889117746112094,98.37019857211293,25.61961388285402,196.37953598586503,182.34086797326862,26.33521868079618
26,1,1,1,0.0,-35735.17010543823,0.7424866206530004,89.18705526714888,240.3096376361861,14.572563038207257,36.647862632981685,3.0624841031209042,137.43349070505002,28.361877164320884,172.4951820453723,126.94825133041827,33.097308312462125
26,1,2,1,0.0,-441467.9481434369,-1.6092504712031703,57.3414862622381,248.7245031159045,13.807415293472996,50.0,4.058629006320746,97.80476403317309,37.171564846809275,194.00433576897842,167.31363334226643,25.670236021068803
26,1,3,1,0.0,-419654.6530732975,-1.993278465280926,53.163996984535174,254.30175140776385,14.339766144651815,39.07405725277766,4.087873868312038,113.51130468278451,25.619664406607527,190.86813394427725,135.91809495094037,26.790231573780122
26,1,4,1,0.0,-420112.63694992015,-1.9244124998900054,57.43380325703429,262.2180811601339,15.153320250353435,39.160077684360914,3.865554857851007,80.20268216237017,29.29526175284783,202.54758805780438,167.592105999216,20.704731233100087
26,1,5,1,0.0,-426456.208395071,-1.8279488121086405,57.53026136289191,259.5211710422682,14.201575804721745,44.432867359304446,4.766663178731978,83.81786644508173,24.923471465138107,199.74815501687,171.28979936347858,22.172838215194687
26,1,6,1,0.0,-379001.54239859094,-3.001051354942729,43.377491611046615,242.10613464207677,8.0,47.754352852688974,5.549857751185432,163.09511836845292,23.3457954821164,186.68486685900626,95.71420916940042,23.56354547079348
26,1,7,1,0.0,-403096.9569933098,-2.122116136624561,53.52763909279614,245.82547107920584,14.221722751170665,32.3458190976281,4.6021793709513155,63.79613511087601,31.12633075066909,189.27205958071602,179.93334729773,24.61058050652127
26,1,8,1,0.0,-419574.8064507594,-1.9793410935999884,53.04163961686033,256.6641575915153,13.412317188660634,38.51237870598163,3.6981154134552927,102.41215614586658,63.62158455033267,191.79119831619786,171.40429963090577,29.377533997043535
26,1,9,1,0.0,-438638.68687851494,-1.690019292429649,53.45965409699363,257.91465011317274,13.239887136862864,50.0,4.278681786163305,95.45734045644608,33.198273225370336,199.52288143677097,174.95102912163273,28.45772599392995
26,1,10,1,0.0,-398325.39535692125,-2.349802824160905,70.5355445718159,278.52361300036694,11.68830395048197,41.46482241304663,4.337770419343172,93.45186100125126,25.259004285785025,197.80578991979615,186.90453337269304,19.330155634043166
26,1,11,1,0.0,-417800.80438156234,-2.0334301080779014,63.56480014306292,247.0798362340795,13.20293224201135,42.250519766528036,4.713730180456646,93.34878661329128,23.207837427134166,200.51521653732604,162.31448976954968,20.262419247954075
26,1,12,1,0.0,-388926.23043321946,-2.5220554170791036,56.92227367319831,249.8080252507865,11.624243120583815,37.01979007940748,4.764284201157994,78.01696621357175,41.59997801771448,191.84391589405573,169.92468864456993,18.38184583080971
26,1,13,1,0.0,-421619.92573130736,-1.8498775190650791,37.09522387717304,277.07844853449257,14.050604219145097,50.0,7.749990484553557,104.08509312330014,17.257313299446746,192.6970084352804,164.71844575927423,18.493201050245897
26,1,14,1,0.0,-425938.63825478125,-1.8986001340100527,55.41505740223443,245.5316768712288,13.694314870779637,40.120864929076674,3.3840824879348403,91.23721220467797,26.581794211480055,195.9972709586706,166.3186707054564,27.418633395014155
26,1,15,1,0.0,-433065.4073697984,-1.8201896714892443,43.68034818496021,258.13977248944246,13.180519452379242,46.91701356049192,4.644155537539985,101.55223550173244,32.744123480784474,202.47853032233883,177.49463155992905,27.603549310907752
26,1,16,1,0.0,-433073.3832130753,-1.7086784196879494,57.06719817030741,271.94407537904857,14.113155728587019,47.16474325597968,4.5571769219229825,92.84334569168317,30.541300834548203,197.91371007142158,169.75047376878527,28.35615389757783
26,1,17,1,0.0,-415133.36917995097,-2.0283573561342267,53.23548082329503,255.9838785355841,12.874350973924436,41.84635756252973,3.9145980098748066,65.77793922554947,32.06642401870272,186.6565599801587,167.75807222857503,25.86705670529354
26,1,18,1,0.0,-435691.15820648114,-1.6292904486572442,66.46145810270201,251.32742018084724,13.983977617678935,46.06349202922363,4.861630589827862,72.79157543721588,26.379895733839057,193.9827342462419,175.85223669253028,29.48839401478113
26,1,19,1,0.0,-414247.32299743895,-2.093894929877065,42.656726399249465,291.3634773245219,13.299757348284665,50.0,3.3758023620785957,113.5027168721279,32.04786309928549,188.4814453746156,148.7398020800706,13.651037812646482
27,0,0,1,0.0,-356598.41278078646,-2.903391827672743,29.64034761778098,306.39444868298995,11.541995246848956,49.303284522617204,5.937248974305289,56.57212812062994,52.87483499965866,163.88422245433102,20.0,4.743320760540872
27,0,1,1,0.0,-312061.1334346651,-3.4025811056183266,42.449230950028266,335.80973875964696,7.426880972369867,47.605780707705705,5.536339700666863,59.84847509292065,51.6878468033172,158.59826456423386,89.48052699819772,20.392143305006424
27,0,2,1,0.0,-346052.5053022535,-3.364646479944078,47.57120712496896,271.09909446391316,9.103462239871288,48.015160523368266,7.558401706645511,64.78123357782177,45.67761566236092,160.7789426751913,65.84968368932257,4.0
27,0,3,1,0.0,-292740.2250337581,-3.963957354460976,33.77606132977277,327.0602906263901,6.313101577641339,50.0,5.370942668172637,91.51813234697293,51.54508627011577,159.95957687841408,90.95359830523607,6.829259581425636
27,0,4,1,0.0,-271018.9224358965,-4.345994568971378,24.207540138863376,329.76133866235705,6.057232015791305,49.633790596620464,5.702185680304559,74.85974715879613,56.108828095482195,152.8554148572956,20.0,5.001517278237604
27,0,5,1,0.0,-333244.2433975167,-3.646124629886994,42.14562287821137,307.4272875231023,9.180467626894405,46.40895618750063,6.8566573102651205,87.43541608989867,54.954724041282724,161.0179909706495,25.46913099062698,6.722342187425655
27,0,6,1,0.0,-339154.40109169093,-3.4527338742259412,28.888452186858565,300.59128455667036,9.259215155363808,50.0,5.286730864981073,63.555030277035904,52.55357386757361,150.08520887756154,31.841864881832674,5.979665500465909
27,0,7,1,0.0,-322975.5772971663,-3.7781368416135677,47.3450978018532,329.8243701634908,8.478656615785848,48.108394723672276,5.590011669582737,69.71739208994644,54.137067835821,154.41522646363413,47.04108516784129,6.921362206863938
27,0,8,1,0.0,-310836.89928149147,-4.019540925530029,48.2155837155477,321.76794022717223,7.326532276645651,49.72916843714161,5.783960535276165,63.019373307530564,50.2569133137884,162.5621187399309,29.727866405012307,11.2
27,0,9,1,0.0,-335350.4899061443,-3.571498874435177,38.01011819611946,303.8456553983484,8.812866590074249,49.02556255510212,5.624681983505575,64.02790428139754,53.5567153482117,159.97847101326295,68.60155280632063,5.098534964322332
27,0,10,1,0.0,-352879.57785143255,-3.333524397295501,49.846166436203355,284.13796956579336,9.011175785585225,49.0906632829644,5.585612386852564,86.98549278326212,57.537665214829296,165.25008292320265,65.37928357200336,7.737120431771972
27,0,11,1,0.0,-317835.7027090193,-3.8014538770957746,28.346342427550177,337.624326305712,8.697159113364028,49.539551215171876,5.42860356353991,52.326189607742165,52.20885959566542,167.84665844590756,27.99144300051271,7.411354140000313
27,0,12,1,0.0,-319132.4826398817,-3.936195815400523,35.37300245918637,297.56929765741563,9.202009703792921,37.48490914566611,4.800881261671689,83.52698270135602,42.047792675727365,160.92051019053508,67.86317020980023,5.2690138879768895
27,0,13,1,0.0,-337890.3626819085,-3.4986989879247767,44.639424770254564,313.3686456784923,9.244917632924153,49.537422082933254,5.653092165297186,63.90062155759989,50.3392264632535,154.93627066695583,46.73018635816394,4.242169643787817
27,0,14,1,0.0,-319726.28775912744,-3.8464185999416975,53.231774253385616,324.1108351682596,8.210654671004495,44.01715206410816,6.509611447805845,97.77692592525557,51.047878251243944,167.31098427083964,58.860190532178294,9.467553756510164
27,0,15,1,0.0,-344836.07256177365,-3.1605435371048425,21.64088070343052,318.99976778880136,10.6538470392017,50.0,5.704400664307454,53.18201956253999,59.17187876807546,162.78098080786805,41.134740363703905,4.3050146560288605
27,0,16,1,0.0,-337962.2971086503,-3.5794850453950597,50.83500841683155,310.14772960089806,8.854285060875188,49.04620519747454,5.8562159096078,82.83750751644718,35.47876603779156,152.7190688906785,52.86038357792198,4.440494273959246
27,0,17,1,0.0,-283213.20224534423,-4.386993901428621,27.161184479998262,330.7461313184879,6.765411083256024,48.04632433901844,5.711675593809779,59.84746362153743,47.40257989055173,160.172807255913,20.0,4.451683627013646
27,0,18,1,0.0,-240355.00788024755,-4.194909995654814,26.3463038644179,319.97141066956954,5.3000261640475586,49.684504129542084,5.593418645449324,53.80918876832661,51.74562901042131,156.1444419478955,41.18855230826644,4.807676963175403
27,0,19,1,0.0,-318469.44593972986,-3.9237159259587893,52.937275208939575,293.40427240048126,7.029493318519245,48.18732036517987,7.247056032919046,111.12793877843497,50.531899405201315,158.48717395293747,24.843840856504105,16.3030300988229
27,1,0,1,0.0,-439760.5765543896,-1.6455592709647704,55.44472512956737,262.72394632680636,14.158830924737883,48.47648581867598,3.738696841972269,100.23969260753782,25.366225287690764,196.24777750413352,177.43343857416835,25.718004125304454
27,1,1,1,0.0,-33053.58284567333,0.6880389988552204,111.18705526714888,246.79875226367025,14.420672012248492,27.647862632981685,4.82693560859937,122.72881125580699,26.4366369406047,184.4951820453723,120.06948466747545,28.754897879859612
27,1,2,1,0.0,-429870.3816513862,-1.8564179067251516,57.63160325057733,233.95289742737774,13.254865937163817,45.734170153080555,4.3946082525738746,93.94286616924141,39.05558885110639,199.23637430996453,170.0317927748991,18.901516703322077
27,1,3,1,0.0,-421092.2683794894,-1.921937181047556,51.4614053726187,272.4509987860452,14.232023137609316,44.798836916701234,3.85200808415974,92.2781810172938,35.2516498684587,193.59475756661217,144.63481916977176,22.19407142028153
27,1,4,1,0.0,-439643.9144479237,-1.5488548008332585,53.71014239273822,246.2990921463506,15.339491070895859,46.01791715537164,4.339856426536968,85.64723191845594,25.054637236818216,199.80491570797045,169.4855416438494,22.63367609770167
27,1,5,1,0.0,-429069.29487126134,-1.715235396361817,57.02108638038922,267.59962353146267,14.190191772137897,44.83562608731886,5.176052164094444,68.83751226929236,28.507888990610187,198.0214477865802,178.04188745525522,29.372838215194687
27,1,6,1,0.0,-398343.5710120314,-2.5571029021637925,47.360038336602095,229.6696934681987,9.374553124618954,47.49751348119996,6.488278164133512,129.09511836845292,24.43062431363773,189.18372235591153,131.71420916940042,21.23029074834986
27,1,7,1,0.0,-431058.9075684529,-1.8210754646457936,52.52877254601574,246.9072482247361,14.189204920243,41.3458190976281,4.617314744105836,97.79613511087601,21.380341667637964,193.7295428923442,193.06790170014776,23.58594506675013
27,1,8,1,0.0,-414161.7349554143,-2.013909718539532,59.59633459210278,275.51739142541834,14.997430324025817,37.56238993802471,3.88808675890642,94.34414793908029,61.82845522576852,189.71360179263925,170.42587302515082,22.177533997043536
27,1,9,1,0.0,-408709.1400731353,-2.150114757484916,50.780659977543024,248.43571391756385,10.90587195915116,42.165786992346014,4.695227055913858,92.89315639694362,27.061317303767368,194.59115768079008,181.0958428755099,28.657793002734888
27,1,10,1,0.0,-25977.534541877645,0.7536079890979377,84.82122810203808,292.6045178619289,14.065266258555214,35.09645728772613,5.041483447757336,94.77121640980356,25.63841762821793,185.80578991979615,169.8363194879481,18.728551316226973
27,1,11,1,0.0,-422843.30255814345,-1.9896091050142524,48.11362024184768,252.09170010781364,12.815746220239136,41.902677417375195,4.550298320714387,103.65097534164406,29.17232243486071,198.5423940667993,176.102160587934,27.32553637160585
27,1,12,1,0.0,-381159.3148658719,-2.674503569885844,56.30827686989923,254.61832269696794,11.350718071633764,38.52270400277669,5.071990826743339,68.32352916903318,26.79501571969631,194.05776585286443,143.24901526107294,16.62273577806913
27,1,13,1,0.0,-414228.87443096424,-2.0689810425252806,54.4599607181826,286.9429408453151,12.754687492930458,49.54643239790809,5.949990484553557,110.3199317475129,27.69308984933785,182.75782600409204,168.4310639899104,18.31355077009139
27,1,14,1,0.0,-395346.1697742693,-2.25499219373511,53.16204059635554,251.0035487943504,13.475898021180264,31.120864929076674,5.18408248793484,102.05449600862654,26.346491209135195,196.2684246118188,164.6574114899669,27.110398091514746
27,1,15,1,0.0,-408428.3780480794,-2.283218573327516,48.314085886199834,261.3007904785439,10.728838625624968,47.970134848168065,4.0531629908260305,101.28273551702746,26.045763168860432,199.19058891254474,141.49463155992905,26.554353722733957
27,1,16,1,0.0,-411020.5072102674,-2.0805676742282193,56.863829966779285,255.42225223307267,13.355620846835087,38.16474325597968,4.737946603633259,80.33222032418179,26.28959230131779,197.59043799388326,167.51080314224615,25.918762084845177
27,1,17,1,0.0,-420030.6121603995,-1.937300887104074,55.09043737850823,249.95932146488417,11.37420457074699,46.510159441368195,3.7754187070611254,59.43713617226921,29.97367166885293,193.10955014404553,171.00285948257567,32.1921695668594
27,1,18,1,0.0,-434057.4219436668,-1.7291944851541798,53.15955409154065,246.99614918891294,13.008173764379498,48.80476143060121,5.0861888206418175,77.19244653704581,26.955994123057078,194.18893763856985,176.79079953876303,27.197383118565043
27,1,19,1,0.0,-398626.64680588484,-2.459739941795411,35.231811372712784,287.16432065368235,12.10710062218679,41.19127081082656,3.0113727405593274,114.16239965020247,31.309766590856743,187.91367967878568,153.80446159762633,20.85103781264648
28,0,0,1,0.0,-364474.5835192549,-2.9636278652233368,44.95682852552452,274.39444868298995,10.594760285669022,48.3724596434335,5.357582006238803,85.96766504782431,50.17431150908651,165.21905655383623,28.838519914781756,4.743449319113276
28,0,1,1,0.0,-345372.6882170067,-3.127163134964309,53.7182832392147,303.80973875964696,8.186166779616139,47.907055333431586,5.410056260187989,61.04566823657091,52.25997261855382,165.26681828723494,123.4188134589195,18.021204120893806
28,0,2,1,0.0,-347648.88903554826,-3.313887229687407,49.18432541007181,295.0791924257638,9.440003136317952,47.42213634352628,6.194502153186754,63.20666183952755,52.1540906708067,159.2009912047423,73.28953816586963,8.564852499007445
28,0,3,1,0.0,-314365.65861034754,-3.896971460036677,33.629128061133116,295.0602906263901,7.051018796634823,49.56094129340387,5.537564703548852,66.63271960221068,51.24532786378125,160.51740139577439,84.47212627157563,6.799436551854946
28,0,4,1,0.0,-274608.46366382984,-4.235815892088035,42.40582295577062,297.76133866235705,5.718054292350784,49.86428577484338,5.716639903659987,68.03422383381539,52.49936218502853,155.97662817744038,24.35843463338582,4.31790205544503
28,0,5,1,0.0,-296699.4628012112,-4.0748043951126895,20.14562287821137,311.28358644545597,7.506450975077385,46.34924167029794,7.639862544975663,60.74656078482842,54.539328963576445,160.72442643984974,37.98328420651983,8.413718653120483
28,0,6,1,0.0,-356162.13689318293,-3.0703832794594916,38.82669539368889,291.20154641834483,10.30214454450083,50.0,5.431161916638045,58.32723751618941,52.61227026990857,153.79011106185467,35.55677061163957,6.997109950519136
28,0,7,1,0.0,-362402.04969685484,-2.817058344277726,46.7732074288026,297.8243701634908,11.478656615785848,49.12023339388357,5.729675657040692,62.31412893676689,52.050767438231816,163.3253860557313,20.0,7.12599896791661
28,0,8,1,0.0,-320954.8655107271,-3.834857805854988,44.69843552994102,323.03673369466435,8.167068199272007,49.57471097022881,5.850382017246229,61.6786356219433,52.77286636810598,162.95510721417833,20.15031707553711,13.765240928633615
28,0,9,1,0.0,-359846.07005018805,-2.819934574621768,60.01011819611946,319.0046260069935,11.549487436093246,49.113547249421224,5.613513944685959,59.94780111830885,52.424573117573054,159.65464489452415,55.839375093805785,4.771074396286756
28,0,10,1,0.0,-300604.1430612841,-3.8111393661725845,33.336014702902446,316.13796956579336,6.838045686556266,47.43852944747524,5.71890692079321,87.86777589551824,63.996967788261266,160.85586652466154,72.3384022323473,11.629879036437396
28,0,11,1,0.0,-294518.2681914104,-4.246511227295735,27.7115378697217,321.110755516769,6.937023488373946,49.590397251301106,5.505820541226053,55.0557104804118,51.97389813936737,157.03608644351868,30.35103524878624,5.969470541749262
28,0,12,1,0.0,-353716.7922229694,-3.220408059121863,31.971336886164224,294.21188586086987,12.202009703792921,36.59088241869241,4.703076651135684,99.31588518929826,54.687205219045836,154.37738849941607,88.41573343043024,5.743207509742508
28,0,13,1,0.0,-298556.05397547066,-4.184614211750848,36.90352369118436,281.3686456784923,6.244917632924153,49.82271236940428,5.68895750218389,64.65250001350074,50.29171837728248,152.53801552422584,37.63384631649051,4.511225448288909
28,0,14,1,0.0,-250290.8616249526,-4.253653845620896,31.231774253385616,326.592546375666,5.791343559777918,47.114231296047606,8.309611447805846,72.48731647569915,51.256152592411695,165.51780701453177,22.860190532178294,5.039131632103148
28,0,15,1,0.0,-335039.3350694927,-3.2833327283695217,17.881507794276196,337.7305547041707,10.639419832844041,49.6922305556074,5.731707594991374,48.09512634761542,52.97023133340385,160.1552728428061,24.150715725993834,4.0
28,0,16,1,0.0,-347686.84649180924,-3.2638270847970214,72.83500841683156,298.4610178896669,9.31579166315396,48.82741078704459,5.8012719104146875,82.61993906030241,32.05978176233594,150.8056766871994,45.788072958205596,5.3928899291926875
28,0,17,1,0.0,-333422.62244155427,-3.6370489641406314,29.908177360191274,298.7461313184879,8.957568760128533,48.40596413844824,5.663139912280853,68.060476977966,41.00468218680663,160.13009363268296,31.56944466623519,4.4650445429060825
28,0,18,1,0.0,-318069.07775109925,-3.8998515743147304,38.95950456047356,320.70125409274664,8.300026164047559,48.96908086843444,5.637025184460041,53.84243599561698,47.44476916649768,155.7011256544992,28.058264605870725,4.120845617839855
28,0,19,1,0.0,-309601.0987995498,-4.072241292618697,38.88775232509622,295.93014041954086,7.311562376426819,46.65948949512388,7.129985121645933,81.88810768076463,48.586398152768886,161.58288998648445,28.13741938865369,9.103030098822902
28,1,0,1,0.0,-419340.58610280446,-1.9226385397532282,61.34346049301059,273.40202942963094,13.77822290424654,39.47648581867598,4.747653316019164,99.87607411713029,23.46853035607221,197.67760037543158,183.17421941642937,29.124594193155502
28,1,1,1,0.0,-27761.133205686736,0.741781690144301,120.0,238.6173593822401,14.245034537225258,29.23715145210575,3.02693560859937,98.90662408851762,26.162947645293688,196.4951820453723,151.08724323202247,30.681650197855458
28,1,2,1,0.0,-405951.90986348205,-2.207369569343422,58.93070567512697,265.9528974273777,13.180699459017912,37.615344660707706,3.990359245632846,96.62568554646445,34.00417842073337,187.23637430996453,162.53069025874066,24.027490072355167
28,1,3,1,0.0,-428606.2052808763,-1.7372332518793063,48.37649006005183,280.7092330495714,15.211129607821201,44.296376071049565,4.309659225899109,92.17292615934957,41.345796195091125,195.12616773654773,148.58487107990106,29.39407142028153
28,1,4,1,0.0,-414065.84371788515,-2.0864630145171352,54.90183989060729,251.84178305312724,13.832088367167806,37.01791715537164,4.41413963707751,95.56243244459624,24.98444013559243,199.66383447660635,170.70209063491723,23.680673044647698
28,1,5,1,0.0,-436337.9722512243,-1.698146031248141,50.94137339403077,261.35040307796186,14.26759513144594,44.29196749435703,4.8734296142876445,102.83751226929236,28.961265039459352,197.7132142183149,182.48081182784648,29.822676234534274
28,1,6,1,0.0,-397790.5377556311,-2.420206255179619,37.70779594082222,222.84937808436212,8.130889544016963,49.000194316585,6.138723584464198,136.33115992036264,26.39110258374635,188.5887268966798,155.5779339052567,28.430290748349858
28,1,7,1,0.0,-448886.6007805427,-1.4682146396636475,47.938241459466255,243.37380611379814,14.201897401158849,49.558683504739875,4.400190193406253,87.78342977415662,9.44349245203112,196.35446517963356,192.61969275933942,29.067002658051763
28,1,8,1,0.0,-28299.48223061488,0.8034401348398531,61.30945363659164,243.51739142541834,14.844955045078216,44.444669104658274,4.173481946680992,97.9895635732822,43.82845522576852,193.9068916309543,167.68334224831716,18.25337667030548
28,1,9,1,0.0,-400866.54609382467,-2.1321143371758953,52.688385179527536,265.61637631677684,13.789491370754781,33.165786992346014,4.997886470090693,88.43337065512722,23.676933822197974,194.2117486441133,178.92762173022578,27.930389070529692
28,1,10,1,0.0,-21827.420982240965,0.8242356705742666,74.9909497168095,260.6045178619289,13.207813217660886,44.09645728772613,4.776454943921122,82.82897785523934,22.18292410064258,174.4877853823203,175.51822406747584,24.619037919748358
28,1,11,1,0.0,-414093.4481292799,-2.0492543197227713,51.14336134355404,247.45739516408972,12.811568635687701,34.84436629227948,4.886703967214275,131.84674386237043,33.22331819922865,196.6873156329138,177.32791721112162,31.996271045789804
28,1,12,1,0.0,-414220.2277437218,-2.0875074732671557,58.67207528645067,239.44758324963715,12.575032990599444,46.17461480514223,4.721806387177754,102.32352916903318,28.893687525556242,200.70857238710212,108.98334392898282,19.458043325717306
28,1,13,1,0.0,-387378.30912772095,-2.652854058443515,54.62096764190858,271.0664517607823,11.742746708475078,40.54643239790809,6.2999380519767385,121.30541890341969,44.050225091280325,185.68331036393673,167.70515425468383,12.383057604380912
28,1,14,1,0.0,-382783.9902174152,-2.2220434189454203,54.56152540299973,267.7565107306062,14.258480698960735,28.605602589849628,6.360816277639704,84.4644130249421,27.602155083830482,201.13899789849964,170.00682136325662,28.319243299988216
28,1,15,1,0.0,-402994.5369017146,-2.2729589834869106,54.42869510290811,259.17842462851166,11.270369059002055,44.181632740428185,5.782660344611333,101.76954883590824,38.468498149665656,187.19058891254474,132.97146559826987,28.75114472378688
28,1,16,1,0.0,-426053.0830542223,-1.8202801388208885,56.2307735582686,266.52050755189333,13.715564967053325,46.89409905940859,4.806600977319054,78.73264591348546,31.874977971947615,198.87567635377943,163.27218394230798,25.025159763336582
28,1,17,1,0.0,-438394.74521849473,-1.6418496947736934,56.18681700729691,246.48751374911583,13.839081782348247,48.674272822956766,4.4521357639855115,81.48124461768957,38.95132153211895,195.68824957814059,172.72582033029371,24.9921695668594
28,1,18,1,0.0,-422284.8426914209,-1.9672925412280733,61.906981500051856,250.45863112525876,12.526594862941824,45.14514580407253,5.0180280005481785,89.96097623531207,25.599279200087736,196.4432088057367,178.5120713566838,23.213197462842235
28,1,19,1,0.0,-396453.98278484726,-2.5842376609159503,57.231811372712784,263.42462695246894,11.721905209292707,39.5369163129268,4.088060322785298,148.16239965020247,25.108169180470163,190.7693733633493,117.80446159762633,20.80606551293913
29,0,0,1,0.0,-347820.98154260754,-3.5743244349593923,31.945910868869003,253.9041150226083,8.308597418146688,47.55530333432954,5.733797305286793,108.12344480358993,44.19930433936342,161.32222221233013,52.30482137661377,4.674018704500326
29,0,1,1,0.0,-344806.0332971699,-3.412999853631786,46.66822699016614,292.0740624495847,8.57982555862235,47.6543750978568,6.089486573176966,81.75993369148875,46.640270034187964,168.8662852031431,87.4188134589195,10.821204120893807
29,0,2,1,0.0,-338005.8699135576,-3.517826214829238,27.184325410071807,296.7404630337767,9.649065832667624,45.65460993733792,6.364517895317889,84.09238292360521,50.521303660144454,158.7203163228519,37.28953816586963,5.770359543372683
29,0,3,1,0.0,-351202.62471902376,-3.1897203959984655,32.87351412788938,299.6387993960263,9.571006133989119,49.25920271925647,5.756644039606055,63.03293589839276,44.5791519299094,160.36331747809052,86.07200883467368,10.113075209318158
29,0,4,1,0.0,-331128.8373748601,-3.7350519986242094,48.97684405771426,300.3640591359686,8.718054292350784,47.15635671993838,5.763914462065279,70.20050297907136,47.98385251914575,158.01174395142783,24.698543342853966,4.0
29,0,5,1,0.0,-298479.4975232189,-4.009172004616751,42.14562287821137,319.90768509089736,6.8394167897986,47.88936702466228,6.720001728021193,75.83732985598814,56.301597352144285,164.06399397279282,73.98328420651984,7.051036127653182
29,0,6,1,0.0,-312826.73783634126,-3.979045915055747,41.59828906207774,311.15295769724736,7.6027150283102545,48.23721993187996,5.587618190671461,53.42291853641472,47.5198832479237,157.3867974096623,35.264732968088545,10.149145401140604
29,0,7,1,0.0,-349247.60904869373,-3.170975841383894,24.7732074288026,283.8226279588515,10.711147817796277,45.90926600963876,5.954727476184894,57.503601549541216,50.638054658453264,153.3209710345639,20.0,7.9547085800066855
29,0,8,1,0.0,-307141.42579812894,-4.00733503180339,33.59920587936624,327.3347137729415,7.628302641501078,48.999373953904765,5.792112804635442,60.54061521402552,50.71160035959868,156.87146769123046,23.753139003799866,14.35231030490487
29,0,9,1,0.0,-346734.62970920565,-3.1596684602584513,70.76006189427932,315.76667825483224,9.998011520861056,49.52475645200599,5.647661725318767,56.52700172524413,51.84395981148116,160.4743915093877,42.58392588505885,4.6510506458340135
29,0,10,1,0.0,-327903.95519892644,-3.5873126885221613,32.93665239493268,300.98204899192507,9.006678245093543,43.09122653461094,5.678037932414035,57.95957609463435,57.760397475585165,158.27628154591972,79.96240981726429,10.062573783132557
29,0,11,1,0.0,-285183.13963651273,-4.266857129801389,30.234424596079826,292.9565580308702,6.047247795854957,49.07328901278331,5.729388783529702,76.29657653614422,47.83366463697596,159.40164687655576,21.5015222805792,5.7420299700120285
29,0,12,1,0.0,-331353.4974501796,-3.6216142273508107,53.971336886164224,326.21188586086987,9.366038722442651,45.59088241869241,6.108613868672913,73.09400256357203,52.63512806578686,155.71201758491708,52.71743286829036,5.893689905751064
29,0,13,1,0.0,-301088.1715626756,-4.191399591678328,37.09908374981385,313.3686456784923,6.87543148219422,49.73084160916374,5.602696502632702,63.43470069716306,47.3690741555487,155.91395730980082,46.64184405297492,4.272177313145457
29,0,14,1,0.0,-330509.31049163523,-3.4252440903517547,53.231774253385616,323.35809667164705,8.791343559777918,49.807064790622405,9.48034106100214,56.246103992669624,45.06079868597793,157.09941382786215,58.860190532178294,12.239131632103149
29,0,15,1,0.0,-304795.14744962443,-4.071467704591518,24.19460167369072,328.82905141863074,8.079367039875965,47.428229986517515,5.877141701148915,57.019235865718144,46.28761502317951,158.79210977780554,20.71031248641801,6.952421744951103
29,0,16,1,0.0,-332556.9780820735,-3.6947196971977325,62.702541472409784,296.10669122897775,8.428222735680894,47.30327921157031,6.34110100960456,84.62639471319811,50.05978176233594,158.0699729669822,22.291332537102498,5.99227088322892
29,0,17,1,0.0,-347283.2666007078,-3.1965221745108767,25.456701583209245,317.2003600672789,11.018478242775199,47.05368112668169,5.555868637506414,73.01195099689528,45.68773647664052,159.69631661497579,32.60485669179846,4.472732399308701
29,0,18,1,0.0,-356091.38369653455,-3.006890287576167,39.96657819405335,317.7154350273719,11.300026164047559,48.80653148262418,5.668170435048448,86.91056773514096,45.39079859483498,150.0,20.0,4.0
29,0,19,1,0.0,-323860.3209354997,-3.887049919932792,36.0042486581102,263.93014041954086,7.693671247764997,46.97099844512321,6.168009655008633,47.888107680764634,30.586398152768886,164.5567921184131,22.247356282022597,10.430610716934794
29,1,0,1,0.0,-436209.22181295016,-1.7020050673506126,58.49456840204323,259.68779866907494,14.162407235432417,47.705463123862216,4.034136589105527,99.63579671736474,26.05453266166472,195.77020800237034,177.0467033633248,22.445146617785614
29,1,1,1,0.0,-36203.88222386402,0.745543573509529,102.20496603548338,235.9715682581481,13.818787741117676,38.23715145210575,1.2744742155758886,132.90662408851762,29.135446997415826,184.4951820453723,153.72573451360722,33.03383063667611
29,1,2,1,0.0,-387239.1635283786,-2.490743811922694,59.35782227809959,277.1359980250577,13.777974023275936,31.83645686744748,3.7184722960151047,100.32416825116086,25.825114850771058,177.61160357814705,171.6973284815065,18.346922128680784
29,1,3,1,0.0,-418431.21936364804,-1.9534351214984265,51.02854171961414,265.64977362676757,14.962238351880835,35.296376071049565,3.995699106279603,114.18903367331289,23.345796195091125,197.84177999720444,151.43789421018693,32.50411376553255
29,1,4,1,0.0,-391429.44837249257,-2.2068105934955615,56.631181094027134,251.55191679017724,14.339489662009935,28.01791715537164,4.400912939300901,90.6081172646231,28.82276739482586,203.0351925141738,166.95412725736625,28.310100999681275
29,1,5,1,0.0,-429447.7690717152,-1.8082516363907728,47.99132706355288,280.522638961255,14.323193442219125,44.816868703425165,4.6150550721712165,110.0030210159753,25.042938685776203,199.48624335301898,170.2534762860418,27.97406681318206
29,1,6,1,0.0,-401808.61128485797,-2.5092780962844614,42.20397198747994,243.94856082688287,10.112911515208094,47.76660794283559,6.274603605108136,139.76532921767077,27.176650829880654,191.25152709375067,119.57793390525671,22.701130882760488
29,1,7,1,0.0,-440844.0670025066,-1.5620759744584116,44.260976560750805,244.46966643394484,14.247960103813258,44.59344108169509,4.494531480377781,69.45249229950556,4.707467224914074,197.62739159773358,198.85222007984018,31.33208314538699
29,1,8,1,0.0,-441041.3181517438,-1.5633254709660516,44.08186309056065,264.8322354001685,15.00840994109726,48.74563631226261,3.456920542764934,96.22991394776929,25.828455225768522,191.21660245523222,165.87161309853144,25.45337667030548
29,1,9,1,0.0,-417571.3239325009,-1.9483261559610126,50.4327284250934,270.97239281344343,12.956340780119675,42.165786992346014,4.489037615597428,79.58450116189184,15.301271518538314,196.22984819178026,191.3498537030327,28.007524457037242
29,1,10,1,0.0,-429985.2229358654,-1.8172051401587184,52.990949716809496,246.97789768706667,13.059092264028427,44.345296981604925,4.073633320847811,77.77253652374196,8.371994866279177,186.4877853823203,200.0,25.23321608258967
29,1,11,1,0.0,-434523.0160565125,-1.8132888652672865,56.83463425921829,240.710907795312,13.000523160826084,43.84436629227948,4.773711768968199,122.02276407236987,34.73542413044238,191.86105122494334,170.75952551438223,29.877740977859364
29,1,12,1,0.0,-406887.01889103267,-2.158958897594383,56.507441664594765,236.47556963737645,12.661893917986864,37.899259546369244,4.459568944360589,68.32352916903318,32.546211099447085,194.2673665342803,144.98334392898283,26.658043325717305
29,1,13,1,0.0,-360752.87962810596,-2.823188744314222,32.62096764190858,298.1909801198208,8.742746708475078,47.34004188820572,7.278268989421246,106.38952214718094,41.14748732511488,177.82758039681843,162.69359719397409,19.58305760438091
29,1,14,1,0.0,-411449.5630115587,-1.961239224162158,56.38651027464018,264.58660375662174,14.10288310931512,37.605602589849624,6.016090732496565,73.31244560241188,23.411106978801282,195.78161420197895,176.61917243260817,27.99588802357617
29,1,15,1,0.0,-428623.8900422613,-1.7360862199327345,53.97788354445404,269.93814454171945,14.270369059002055,45.26744472905095,4.994274210841281,81.20579977759002,20.468498149665656,194.7721171160465,168.97146559826987,28.760711472760157
29,1,16,1,0.0,-426690.86077738553,-1.7663275473573232,54.31165278854975,292.8516154284486,14.267705057621063,46.0927124355646,4.325419130198674,79.3077362059908,31.253113846930116,199.68110549161906,172.74635085939437,29.47530062941509
29,1,17,1,0.0,-409592.6179294866,-2.2563460804478943,48.81403724863563,248.8614429025548,12.38300273698415,39.674272822956766,3.888212562962052,97.0034849662998,42.67684133170724,184.46792304511433,199.13101338189114,17.7921695668594
29,1,18,1,0.0,-408747.8478583834,-2.0565694629777704,62.33466254074393,261.66289242821557,13.057240541916272,37.99116646156673,5.131620479162919,81.38455936401942,17.058481561349495,193.05152794689607,184.11569535804014,26.481370884345665
29,1,19,1,0.0,-420988.3960044642,-1.9562624259383525,35.943337523026266,259.1619490110598,14.721905209292707,41.12326748475103,4.302443802447442,114.16239965020247,27.0663191044516,190.33155107150543,122.79929404017491,26.71258735234558
30,0,0,1,0.0,-356805.9499348152,-3.0694683057588126,24.468972126743537,285.90411502260827,10.77352738961661,47.16884081747743,5.713264519129999,74.12344480358993,47.63413299416484,159.18836176661344,60.26443552537688,4.5136060833067795
30,0,1,1,0.0,-335317.9129036647,-3.5198094695756277,42.84597756874508,310.2273462718995,8.69832351361213,47.31183834018178,6.436264267745911,76.55190880268688,49.802372275966945,163.0217213525142,86.62702517543931,9.124653008677043
30,0,2,1,0.0,-309422.75696342194,-3.993581630681021,24.02560527850649,319.6108365372569,8.31133202631596,46.27684965006933,8.011207208489097,86.81737270945098,47.97457950475102,159.20968909014627,20.0,5.245592870989305
30,0,3,1,0.0,-343769.2545491317,-3.400432699676824,30.858477745114158,290.8418795735339,9.28528324152929,48.42640967121719,5.6731489863143345,62.904110650892854,46.323321142020944,160.33431613646474,83.84647539438278,5.017873512347998
30,0,4,1,0.0,-329988.8627261147,-3.66212945202722,26.97684405771426,318.7655152540108,9.531379117470049,46.491777414709574,5.876128007027203,82.21012525376773,46.339657673436555,159.43965035314875,20.0,4.0
30,0,5,1,0.0,-346396.8680271257,-3.3210380455210986,38.37744112875416,302.85015788095393,9.8394167897986,45.99367502629597,6.262406528324202,77.74991835339763,60.19398488407485,165.0260394378005,109.98328420651984,5.5774033855333025
30,0,6,1,0.0,-336242.7642842555,-3.519086179829182,30.76696567191921,303.08214056714985,9.461764112365792,47.360620014166926,5.4236248953585,57.874938692714224,44.500501722128426,153.21963874704917,38.81600787698052,6.253978691708722
30,0,7,1,0.0,-314057.46015957795,-3.878668614516092,20.37495205831216,315.4575193712355,8.82728468110023,44.3689390065291,5.946662368465971,61.9662473090534,47.02338142384348,152.07376695970362,56.0,4.5342794184122965
30,0,8,1,0.0,-287713.16688821645,-4.022888676874397,29.02580857119368,317.8050417511022,6.329362847603987,49.99934629695599,5.806632637173065,60.57440975410797,46.59125796273652,156.49233413501867,59.753139003799866,9.61934385841894
30,0,9,1,0.0,-326089.7355105168,-3.869175258593997,48.76006189427932,285.5692539040459,7.921551289362796,48.30990009744554,5.675638645544246,55.671162026958605,46.42451368285956,160.2557977219991,24.110909845050564,5.027873063413711
30,0,10,1,0.0,-352221.9656138404,-3.271321764868782,42.87933620576835,284.9622253293711,9.606824680647094,47.460396532044626,5.633231047521395,69.35344599115838,47.11344527077821,159.9598870541271,115.96240981726429,4.0
30,0,11,1,0.0,-322475.0924499921,-3.814576786750724,32.26943611522984,324.9565580308702,8.589274625384633,48.62546022369236,5.746688775178587,74.70712631526725,48.8217643704848,161.5429028399395,32.53158224675601,5.6713798603831815
30,0,12,1,0.0,-348408.96906062216,-3.200881530714317,68.73320020391644,320.6710496842916,10.445297239948353,45.12369360654147,5.4862999776428465,74.51579861870478,34.63512806578686,156.84818240013215,70.05331373233298,6.947902984820834
30,0,13,1,0.0,-300630.3659059973,-4.118728501191051,33.587846377436605,345.3686456784923,7.762785012109624,48.47407852701448,5.639149895519488,62.95337257772613,46.72745728930773,152.18101315249547,34.197848594134754,4.294135640252056
30,0,14,1,0.0,-348098.3438923757,-3.177373603247608,64.89737488543805,291.35809667164705,8.822371119887649,48.763415033621584,7.68034106100214,63.86037555793977,46.79821826492221,157.43506252262242,94.8601905321783,11.318111707381139
30,0,15,1,0.0,-312421.61309418385,-3.928967345860247,21.3780523156491,311.8043775962813,7.866999085047006,49.76177742860949,5.822767763006175,52.09564444469841,52.28911687334443,158.92691765162465,47.10168334211963,5.568224520485291
30,0,16,1,0.0,-313417.70972120087,-3.998336783284242,40.702541472409784,327.99124161261517,7.790085945221585,48.32845669837162,5.967146155105789,85.26674980486686,45.58999504918558,157.672520412029,45.877820262620446,5.151862622575643
30,0,17,1,0.0,-302698.41888001404,-4.119411139262303,23.759861269278254,334.2877970779233,8.018478242775199,47.45933884551049,5.655911808052055,64.16866617887422,50.54647390717804,159.6287397285494,20.0,4.452623625753664
30,0,18,1,0.0,-323825.9645700653,-3.790162632765579,24.15000932021993,318.59271411276063,8.300026164047559,50.0,5.505307799051844,83.28434335599901,47.80703598123624,160.51432201808808,55.560633324856425,4.530089849810653
30,0,19,1,0.0,-340121.9944927502,-3.6248326776893425,49.45719239204896,250.60651897928912,7.919930534100547,48.508888679970944,5.987766009733532,48.10560050627048,28.036137248586122,162.0511858384969,24.84858658761359,10.449709987059473
30,1,0,1,0.0,-443511.8615025275,-1.566406334897155,47.821370673437286,258.4334515534701,14.46254441012227,47.6113376387822,3.920134392909025,80.5269779786646,23.575033672590074,193.6037561884215,200.0,27.14721530432741
30,1,1,1,0.0,-41944.877114288,0.7418242424863193,90.87215284125553,241.56347845720865,15.340804917317989,41.03845072045334,3.0744742155758886,166.29048090845242,15.980545292276533,175.77813075975783,189.72573451360722,33.321016024805594
30,1,2,1,0.0,-419027.5054310712,-1.9167434981174543,59.98268123500646,284.43600159893435,14.317377742576431,40.83645686744748,4.116636590706454,86.39517575125916,23.144984775025613,189.61160357814705,184.50452249662283,25.546922128680784
30,1,3,1,0.0,-375027.42448360694,-2.1991830159300916,49.188030254575416,262.75821670729374,13.984182831489179,26.296376071049565,3.650244749000231,91.65636617109705,17.4429354714334,193.5756514754952,156.03389525238765,32.54137505183825
30,1,4,1,0.0,-387268.2500269694,-2.2314266092464887,50.16473513114739,256.61931377362896,14.675666834234763,27.088730826236983,4.219398910656204,84.0611239324959,28.639633112730007,201.10045289737317,174.1136362713962,26.967235079235873
30,1,5,1,0.0,-425119.12926578935,-1.7846484262447562,47.29300237198853,293.70595809729986,14.260872995058142,46.14109453257398,4.538265924214244,76.20683509802261,7.042938685776203,198.27998600500248,190.69423988191664,26.32385303270501
30,1,6,1,0.0,-382263.9780586836,-2.7912840965225096,48.98025394023608,251.45893901565,9.30074507659084,47.35055066024444,5.0065852496953,111.08263680374583,9.298383523221549,197.11863737630728,83.57793390525671,25.814590396443876
30,1,7,1,0.0,-437027.33587863494,-1.6390233603977904,46.07590433279759,245.965005226507,14.514840398098388,41.55499734994703,4.594346640594531,74.56139785731122,13.336591852658144,195.3976909516385,199.74222699522468,30.378768849470447
30,1,8,1,0.0,-427251.77364482137,-1.7328944306382619,43.563818290208424,285.5391430546853,14.805661455251334,39.74563631226261,4.12213500487989,92.39475239511881,7.828455225768522,196.67817377472036,200.0,32.653376670305484
30,1,9,1,0.0,-427748.57969657576,-1.8181649565069729,50.03389903867332,277.956680112144,12.424141633120598,50.0,4.229835219397613,84.33266236180685,4.998036623798477,197.0896273973721,192.4384960029243,28.48635388014477
30,1,10,1,0.0,-403390.74741246394,-2.2353412657651592,62.09277217353559,278.9778976870667,11.108476999649923,47.97796984877416,5.068144099575132,87.22491045925383,3.67668893166417,194.40512321931453,197.20886819829425,19.035455055563677
30,1,11,1,0.0,-430692.3526096284,-1.8058322497280412,58.01272574835612,244.89300379660457,13.213478703437929,45.210634014641435,4.512755804715998,88.02276407236987,16.735424130442382,194.03163402988216,176.0146041628441,25.79561667431829
30,1,12,1,0.0,-379170.699135132,-2.4036348866891912,46.11489955669067,252.2174505932551,10.80434484492185,35.87264663689681,4.267050120599936,61.42036360612716,39.56148176877834,191.063873914848,180.98334392898283,24.663866512132472
30,1,13,1,0.0,-415095.39356552693,-2.0076796436737196,41.75912823659375,272.5246387340445,11.661693034874418,50.0,7.54080578327839,89.23012523886325,23.7323722436378,189.82758039681843,178.49787975102947,26.78305760438091
30,1,14,1,0.0,-410122.4794036781,-2.017361626187798,52.262545352154575,253.62464296440132,13.986369025524702,36.78473685001013,4.216090732496565,56.992948286772126,14.202210492459423,193.1436418694344,160.58893453249908,28.01311035694774
30,1,15,1,0.0,-420204.736714829,-1.8739544063868077,38.95536765870856,293.65070607653723,15.246795797926675,40.72969264667139,5.2279916699990805,97.89286302765755,11.305483904551036,192.9221234363179,182.53783186967908,26.174474794978256
30,1,16,1,0.0,-411255.77024023345,-2.041443842208195,58.9023256427805,260.8516154284486,14.007713243792734,37.0927124355646,4.669232987066305,83.75859440670101,13.253113846930116,197.42802732757139,170.65589870919763,25.481846733859864
30,1,17,1,0.0,-396754.49711452983,-2.2517584104148494,48.082676667549165,247.2706338757962,11.508045616522534,37.2859708022473,3.9074130934627718,66.15499982496635,24.676841331707237,180.78183806614345,187.66101763562693,24.9921695668594
30,1,18,1,0.0,-422946.5868495982,-1.8663437928789224,48.454701755460036,260.5264357825939,13.837693306390046,41.53495335634618,4.777676092603661,75.2293353162121,16.4703381712074,192.67332951071793,182.53903019016738,27.63190757359242
30,1,19,1,0.0,-35777.80826348511,0.6977070891662969,40.41136404847122,267.87003590114307,12.84500472800477,40.0112697910879,2.8511812222860637,140.4630300066897,14.620229081475813,182.59940050945193,158.7992940401749,19.52449987882003
