iteration,timestamp,success,NPV_over_CAPEX,clearance,sp,p_rated,Nwt,wind_MW_per_km2,solar_MW,surface_tilt,surface_azimuth,time_sec
0,112559.9380125,1,0.9234290655039773,107.34190172212872,200.53567520869143,16.670888857862682,16.098223226166844,7.769918410730341,56.798838100751034,43.04236302473653,180.03397478564634,0.0
1,112577.0057434,1,0.9692098394188925,31.228336334049615,328.8198479758357,17.050479644169698,42.99270461582742,1.8382113297228906,166.81285725968132,8.440233677634566,188.09513112742195,17.06773090000206
2,112593.2911093,1,0.9193897788749917,114.65103041399374,232.1398911808779,10.405693481121443,45.9280041137154,6.8011462966374525,166.93583671471032,2.557978235282455,186.1048344208398,33.35309679999773
3,112611.194208,1,-0.6399213225920701,74.80724143351847,340.81261477305463,6.752365895533009,19.05262971188985,5.353698521887128,65.68049685493594,62.840136937742294,196.683450565849,51.256195499998285
4,112627.4269854,1,0.635808557091409,46.620326797306795,299.24244119956296,10.661071970392818,10.707562644353725,1.4843992491672964,156.87321603086355,88.28761771107317,208.75536207365562,67.48897289999877
5,112644.0639323,1,0.9088339930754105,83.72388218158673,271.55106637943777,16.94148254504101,26.191841167627114,4.681573871273743,156.90770131074302,43.88975974199518,160.32768622869594,84.12591980000434
6,112661.6086663,1,-0.6468312317558267,23.584484365769697,257.76785992092977,11.772998682719484,16.46435308583271,8.913644759324834,75.54937513487408,43.06850876124196,172.64868669062122,101.67065379999985
7,112677.7483271,1,0.9339294818713402,98.52150821237812,305.4789044416321,18.846175665346095,32.136413953909134,4.584534166568007,164.88463161060082,26.171078833843413,176.96143714993715,117.81031459999213
8,112694.6281421,1,0.9210936875655857,13.31239243668147,217.94266543638238,10.430169923149517,43.40712339832426,2.733684766214302,134.28351433962595,70.4062222839452,179.5016415756133,134.69012959999964
9,112710.6593189,1,0.9450156097958072,21.017052313688986,223.19338045228864,14.09870244394902,33.26033342679673,1.948883208687504,108.66126085144376,56.627764349998216,157.62039703873575,150.72130639999523
10,112727.6727172,1,0.957316875412317,19.18979352501365,345.82373531482835,18.399419559644063,36.221017546301596,2.233648094268452,184.49163622260312,70.06482176149724,166.58442399386993,167.73470469999302
11,112744.9095238,1,0.011144785262921677,17.00371646476519,356.4923076193847,19.09507051488774,43.61354542829301,9.69598505093083,186.76771084328985,7.7079084698991664,188.3143585496179,184.97151129999838
12,112763.169601,1,0.2561732724980284,13.598402301184237,259.27818540568774,19.895601914060897,47.74086258868172,4.09130301301341,154.35837883419825,49.2412980810727,179.67184452983884,203.2315884999989
13,112780.0765215,1,-0.4198198766941247,18.136817206026556,204.87611435136702,7.254506109324103,11.795076637189355,4.494783015326358,67.67128458802543,81.9522344419857,159.79103375552194,220.1385089999967
14,112798.0475678,1,-0.7262091237799788,36.43669256353034,325.8269069255411,7.82219336482564,22.14864651622929,4.577600915758545,123.68000324447253,64.47351754480884,198.31547040173956,238.10955529999046
15,112814.3793085,1,0.8362814719161542,83.32152739440237,226.26057230263476,10.77048123712931,6.7942149285171,2.031330532266266,47.0248669723736,2.8962808503876545,197.184467646559,254.4412960000045
16,112830.266021,1,0.7444161611210529,72.1837237152838,246.9597042712128,15.862224948414259,12.587542125720589,2.0805255519042367,197.15228483249504,82.78207430791042,190.55621221356654,270.3280085000006
17,112846.2247185,1,0.9598593328804043,81.60611426767306,270.9395888232523,17.88904871653166,40.439441196712686,6.3299006157966815,164.3909729600897,89.56018542638736,191.03331118716767,286.28670599999896
18,112863.9664178,1,-0.2232626344318315,20.304677742247208,205.2385894799829,6.756790491892227,6.260603153828139,9.530949324856792,171.51900190936857,12.545940821884301,154.08526472074047,304.0284052999923
19,112881.4846847,1,-0.5764355958221423,101.1164398417375,294.5175655081379,6.9856986916736155,13.182928271095635,4.455137832744767,125.80246506621509,43.239184048535606,158.20639027612958,321.5466721999983
20,112899.5366713,1,0.9066233569744159,95.02481874179381,298.3439523930132,16.95307901090759,27.74054941096989,6.5161738275982,145.17746865062514,57.42529916707113,190.64537615434205,339.59865879999415
21,112919.2786097,1,-0.7674053171237847,38.92534771606418,307.2730830897794,11.492917732119855,30.994220891399017,5.617382924721328,139.2491007188493,13.860564238388935,187.25137599657359,359.3405972000037
22,112936.266102,1,-0.6689748434403578,57.611847619806824,256.06559866578596,13.575025453618771,29.940634425075284,5.601706774716026,196.2923828739604,52.45669466729154,187.3265890803903,376.3280894999916
23,112953.2564746,1,0.672369024969653,32.41855505335473,336.20889800504006,8.88021708540272,14.356733982073028,2.8774897376805937,126.29138663753454,39.88818121439533,180.91274160024304,393.3184620999964
24,112970.5217833,1,-0.8787762243880497,62.6081309069246,294.649892492478,8.237222938272424,28.179587957159956,4.101585569818656,144.978115126553,56.76016904527399,210.0,410.58377080000355
25,112986.8570541,1,0.9370819960016826,90.93248965700806,325.2862069366491,16.662028290321196,28.767222143210322,2.5804338646809226,133.83440795344416,64.20981771045426,172.18204373029192,426.91904159999103
26,113004.4186066,1,-0.7009784087784512,31.791272360997304,242.45575551073236,14.5700314223585,15.505912636213976,7.911634779570452,93.87759783882865,38.39144136389352,191.1892488074016,444.48059409999405
27,113022.1576561,1,-0.6954042752678377,35.873655800369235,360.0,13.734346529549793,18.733779401114973,4.520623147749276,184.7874345935624,18.527268886022632,167.9656917456547,462.219643599994
28,113039.0428576,1,-0.642941698637342,37.01422376670793,329.1644906801705,13.309423086572012,13.572652045558634,5.042092094928109,125.37475548331435,80.80030263800369,193.40799221599377,479.10484509999515
29,113056.4087087,1,-0.7040678215469459,18.813247863662035,262.5378957391069,10.543694138129478,19.657415061239057,4.278184998944468,155.25371163748207,67.4819995996651,177.66707104712933,496.4706961999909
30,113073.7566156,1,-0.4363342998073311,37.50424238284603,360.0,13.699635873874668,41.750042550354266,5.2815617884846375,123.65164015988559,63.460288052982534,186.64546093679036,513.8186030999932
31,113090.6808634,1,-0.8007648226418076,46.61964239535432,310.4063876449613,8.026907708457848,28.426177341211353,4.822896431247122,102.7629358859274,78.80210752737017,193.1107642912304,530.7428509000019
32,113107.546583,1,0.9382294879961061,10.0,242.9361209713056,15.606255972548913,27.877650652685684,2.380446914379487,99.27491780494981,60.37728864580817,180.6269657227942,547.6085705000005
33,113124.6170518,1,-0.4188466232227779,19.919077919837598,265.5920019203966,5.5703619946615,14.002819499705936,3.1586292093011368,94.4056788032146,73.0659899308444,175.36799873469366,564.6790392999974
34,113142.5144598,1,-0.06447315013625116,73.72678714895707,255.64973682477782,5.952906222861385,5.0,5.475254004131365,115.23081565871001,90.0,169.2514515142057,582.5764473000017
35,113160.1675652,1,-0.7220834215777344,108.3296256052848,303.7823781662791,6.857860085681407,18.273551779896053,5.0294639440073725,59.653037338412204,41.97023043807333,188.70755192748624,600.2295526999951
36,113176.9403094,1,0.8848938863514316,82.9676975692528,291.6189055722099,11.877872952314236,25.598457336939397,1.9133065492423382,125.64098073889014,90.0,203.99051956145243,617.0022968999983
37,113194.3054883,1,-0.7402811103548502,36.06254797219374,267.15593285070344,10.443739849873587,22.205368980055788,5.1037346219160185,168.36118855952657,90.0,200.46624859495503,634.3674757999979
38,113212.3533381,1,-0.7702276587949709,28.28816031325575,304.1553079009748,10.595134391902286,26.883728698077974,6.347221880405362,99.72902108941928,39.31212212110445,151.6632399466907,652.415325599999
39,113229.9229902,1,-0.7369193197350076,27.38935653253494,300.5419202832517,7.032406555874856,27.219809597044737,4.963318009613815,137.32501025393543,41.47246563762531,172.6060442036671,669.9849776999908
40,113247.5492577,1,-0.6407705590638368,71.4581313070916,349.9953861333617,13.788060777189418,34.25057471796793,3.572944133559844,193.76418766059166,64.92696292412509,197.88648739763534,687.6112451999943
41,113264.7726549,1,-0.780386257567687,59.21366764126577,295.350429062237,8.323373096974484,22.440617992725656,6.770151897614731,124.17210309445346,59.38285197750815,195.39495920483884,704.8346424000047
42,113282.019438,1,-0.7305330970476334,30.638829408348705,273.67314947299417,11.359850142691831,20.151743786581903,4.782644560047442,195.5622650672143,81.21451839030169,195.14599470671072,722.0814255000005
43,113298.4406663,1,0.6152362312299288,26.790928505110955,323.98965989757755,9.504062321992395,12.849792746318771,1.5336708749262833,160.44298953956553,31.90211805716546,178.70979334152202,738.5026537999947
44,113314.9408832,1,-0.8435858374634219,102.61175950979373,269.8837870716756,5.0,45.70974275359372,3.0216691995741622,200.0,82.22859102235446,210.0,755.002870700002
45,113331.3581104,1,0.9460200392012464,70.92614697205273,325.12248366091546,16.068656077891738,29.721082988328867,2.5965924036878483,127.71542120566777,75.37892033357815,178.74988934709884,771.4200979000016
46,113348.0653645,1,-0.7558709483379508,36.398127906968405,239.94671701991024,13.914684530009035,24.28406465612159,5.614291427146787,150.88568585756596,40.6232286881422,210.0,788.1273519999959
47,113365.6460049,1,-0.501552936928825,13.177058059698993,360.0,9.55290244747329,12.845923274897409,4.145944931361178,175.01975420709866,29.00795624278385,169.24380498785646,805.7079923999991
48,113381.839179,1,0.41477136778525314,72.3197924089527,360.0,10.791981184779942,5.0,6.143858348727546,133.30747137801922,68.59248036233043,201.5923151444261,821.9011664999998
49,113400.4968519,1,-0.7792887553501583,58.900916100450864,301.85930804431763,8.431636717896852,20.30202754760036,5.549849310084992,179.17274328529868,68.16321743251547,207.89352680226608,840.5588393999933
50,113418.5762576,1,-0.819720588402705,63.06529912073246,354.18258946168305,10.996836964683714,35.312928750895985,6.100353555609948,109.5126907798884,58.29230883659025,210.0,858.6382450999954
51,113435.4984877,1,0.7460481836524905,71.6881651095348,283.18034414909425,5.0,20.001231614939208,1.4974518430729011,95.32752336517811,90.0,202.60902907628804,875.5604751999927
52,113451.8062156,1,0.7957030516303022,14.756665381248077,253.1690165649044,10.861512765514123,17.063900285899614,2.995774297529395,105.83146340451184,65.3030783298093,206.37972971130895,891.8682030999917
53,113468.3831046,1,0.5888404975494973,47.05412359445285,327.97769800231663,5.834417170318741,20.47602337908263,2.449260874120596,152.00371195635478,60.13477238146646,191.95820086592008,908.4450920999952
54,113486.6125298,1,-0.1794910285154797,92.52965255495899,218.78570990039609,6.575372319033872,5.0,5.068024881986718,128.45773314839406,89.35462852034273,178.23979119627447,926.6745172999945
55,113504.0616948,1,-0.7229295200615236,102.67437514856658,344.3793554610396,5.345020132864637,29.059991365705415,5.8627144074434145,90.87212810032916,67.67247161730198,195.7726472212128,944.1236822999927
56,113522.2430583,1,-0.8274121665285267,68.67631735241916,317.190155614421,6.11679408312147,34.94462359116363,3.2841040929113245,103.55049658188871,63.99853094568222,210.0,962.3050457999925
57,113539.8713026,1,-0.6188863553334698,36.161355677300975,280.6145347067116,5.3740076023309165,16.8855008538252,4.03640297981025,156.20660558598806,59.093224561181664,209.99651488679996,979.9332901000016
58,113557.7596188,1,-0.620823690533331,55.087858347358505,353.8184587439421,12.15809357268118,39.06688406936909,3.7157091464802736,82.42242868224459,58.93130482255624,155.35768583422765,997.8216063
59,113574.8079954,1,-0.8210679799148374,10.0,298.0999292646826,8.14983975298619,35.12389905734768,4.6290959042183015,146.68559020765485,44.308860623816855,210.0,1014.8699828999961
60,113591.5011693,1,0.8216979432831639,51.06424192571351,341.96194762263787,10.17921354219052,37.18928880510214,2.320020714695854,178.41746496805112,61.347372944575255,210.0,1031.5631567999953
61,113608.4674254,1,-0.7164465031482602,72.951103139707,288.2955452938512,6.5707630115511675,22.098728946910143,6.597306237080548,131.9564555674428,82.81354569676358,210.0,1048.5294128999958
62,113626.5906598,1,-0.6471518551848072,45.60738722661273,287.862066628545,9.490967739571223,14.966108781684726,4.124201765104079,191.7134879375693,90.0,207.04234257981642,1066.6526472999976
63,113642.5168572,1,0.5551689989184798,31.175066093672264,314.37448786227407,8.986262263985488,13.72109758638768,2.6580621609919324,172.2856477407715,28.740629649237295,202.93940556436024,1082.578844699994
64,113658.6018791,1,0.7495391998291776,120.0,261.90194002512766,10.93087729080246,21.216568779104996,3.432297961754873,200.0,85.07336035474572,206.2792599661795,1098.6638665999926
65,113676.1053806,1,-0.7030967531621368,57.466499301125836,322.0933289213513,13.951338304419446,29.934629732222437,3.192306896364517,124.8446293287195,80.42205586837987,204.25629060207845,1116.1673680999957
66,113693.0580173,1,-0.7869693505192208,39.96229206926489,280.578543252663,11.86891793467958,29.868984465814385,3.3262224377761096,180.2516980421619,57.956828346083014,210.0,1133.1200048000028
67,113710.8120141,1,-0.6644093533953856,12.30706440635818,312.24792057954335,6.989802199764976,22.442320706659252,3.9149662599893955,162.36050695943757,41.31985336600625,189.91427380674565,1150.8740015999938
68,113726.840376,1,0.25555288837768514,91.06181547463389,360.0,6.921385763385169,5.0,5.587730194595104,139.51925287246604,56.479723911292545,209.58630239753143,1166.9023634999903
69,113744.9120184,1,-0.8408795301694311,83.02524410937939,318.39468573005564,7.171707938913586,24.686430022357435,5.339627169079871,166.33501044388325,59.897930046181656,210.0,1184.9740059000032
70,113765.1305855,1,-0.8940826629664604,76.95673912504044,338.7294965028187,8.832654855035287,25.878262291450234,4.9740791653899175,134.27981930769803,54.06768771302894,210.0,1205.192572999993
71,113781.7780113,1,0.6594130845657077,85.37753117458355,270.0472820630398,5.0,22.862715680999155,1.0,133.2097990638917,72.0362825075439,210.0,1221.839998800002
72,113798.7807775,1,-0.6504118163547302,33.493906945280756,275.81921167577434,7.130858629027125,16.03923275504267,3.7020424483163574,127.8993000179106,64.50684490976515,210.0,1238.842764999994
73,113816.3462499,1,-0.7522690674281978,73.42129252591955,339.2209355537755,6.23906000001831,24.044254342980114,3.170465217655618,181.14359677045655,51.98365081162805,210.0,1256.408237399999
74,113833.6447947,1,-0.6323440118076711,73.85011031837612,226.50220600939696,7.527366876751646,13.048707107741423,3.9833462898705445,144.38523143016886,81.34127385041093,205.8427858692079,1273.7067821999954
75,113849.9377778,1,0.8068193752623618,65.83463461660628,360.0,7.405035894883892,34.91598388736311,5.882339345838112,145.18862202391568,77.68740230331316,201.0381239819506,1289.9997653000028
76,113867.2508283,1,-0.7807162715292202,55.32921230925962,311.7423538880904,5.0,34.28648560158586,4.727938974350721,118.92869048266581,47.10645142718725,210.0,1307.3128158000036
77,113885.1100544,1,-0.5641535114708709,53.663806592252314,297.3668586169339,5.0,15.45200209868677,3.488003941666945,144.08010793465195,39.86580827425538,210.0,1325.1720418999903
78,113901.6952112,1,0.9246995912320585,70.63986870080693,325.83323653864943,11.853789703551401,38.12699979570684,2.3272562716623986,132.06544185229944,67.90566206326943,186.9799417021107,1341.7571986999974
79,113918.9346605,1,-0.8195574093897033,10.0,296.6768528061932,8.840810921985252,35.11387012194532,4.179270786892996,151.60554241540734,46.94915462973061,210.0,1358.9966480000003
80,113936.8698823,1,-0.8029773797102014,48.269339775650195,335.12344597351756,7.058108415354447,27.88594623909767,3.177465414271216,157.27057064502998,52.618014774549785,210.0,1376.9318697999988
81,113953.8701702,1,-0.7283618194637363,80.88340964100017,290.41378745927744,6.268206736003243,22.635805409770853,4.9915379970133475,137.49476720261885,83.80875337021257,210.0,1393.9321576999937
82,113971.794558,1,-0.7727085643596273,55.639524968032646,341.62628312566454,8.319071698718389,21.834418638478148,4.576859530014242,173.96335328468294,68.19090908836071,210.0,1411.8565454999916
83,113988.8621556,1,-0.7884419179703718,33.705607490615805,332.12202302806406,8.663016559449431,24.382490128331177,4.149185318794594,171.33515958812342,33.59726966045032,210.0,1428.9241430999973
84,114005.8355594,1,0.5836771108735374,120.0,274.58563760122536,12.356718319239715,10.291843615213377,4.361381009831949,200.0,79.6675174144433,204.76973489675404,1445.8975468999997
85,114023.6437875,1,-0.9290779414348549,69.10927403457352,322.1911146388101,10.684633227506092,27.49506171697533,3.703997123479196,124.70807680782633,65.0827345673374,210.0,1463.705774999995
86,114040.0468711,1,0.7989303664139442,48.20384216765731,310.5176268081266,8.797798733474469,32.181718547293286,2.103654433796633,151.99379643751453,64.88868767282376,210.0,1480.108858599997
87,114056.8675086,1,-0.798264479840253,25.70300521795226,290.56936329851544,6.5413214967178615,29.23578399635937,4.413873616960518,148.8481868571223,51.67552331921883,208.78438846873334,1496.9294960999978
88,114074.0948816,1,-0.46452187363250075,99.4571236234169,345.2682867501942,5.054620162931471,10.771547525912556,4.887750354266357,139.68321885029218,49.318130573539364,210.0,1514.1568690999993
89,114091.6597254,1,-0.8650834387300977,90.62915138798178,339.24427300400237,7.062347190105368,27.79283123208668,4.987062378593238,133.52649466962214,53.791070724251526,210.0,1531.721712899991
90,114107.6588593,1,0.5288838031647178,98.30273927576549,360.0,8.504228889991467,5.0,1.0,97.24202658454327,26.329164773160315,193.2772350245922,1547.7208468000026
91,114124.9619806,1,0.6320341959760266,89.20992694800361,324.20002591793997,6.002848033908526,25.185970884119797,2.836600880557991,154.5844352251381,45.36127733440779,210.0,1565.0239680999948
92,114142.2805251,1,-0.6568432900325215,86.95976215277504,343.6324732077554,5.16731225078529,22.084463119568795,5.305836726538234,145.59864373116102,58.40314243436218,210.0,1582.342512599993
93,114159.9902494,1,-0.8685896423565026,87.93362506706785,345.3755313225276,7.3239345256981006,26.664618268977538,4.37518239721057,179.76392284181233,49.250430675273854,210.0,1600.0522368999955
94,114177.1119887,1,-0.8587483436578996,63.911578802306664,306.8935990342235,8.536231636481638,27.289336698285535,4.10340816574047,148.85889531130215,76.08033220676867,210.0,1617.1739761999925
95,114194.8323922,1,-0.8292687432144443,52.98121508993582,351.68550813341665,9.887935655734296,35.77464351952305,5.118166383892243,164.8945849747805,66.2986566463356,205.51770040623697,1634.8943796999956
96,114212.0848223,1,-0.731997855943782,69.13368304190853,321.0325835043995,5.136231512329412,28.391756865846116,5.7351637025336615,141.70104839385286,42.219887138260496,210.0,1652.1468098000041
97,114230.6164218,1,-0.7243297727944883,67.91399299891569,343.89214063053066,6.347526776067444,23.961674477216768,3.9622933864655536,132.16623592110892,34.660199324153815,210.0,1670.6784093000024
98,114247.9977424,1,-0.9403517437295847,82.66844539978942,318.58820647778185,10.06212726475448,28.053987724601576,3.0456157134131487,159.60611872465105,69.42126071748,210.0,1688.0597298999928
99,114265.5506358,1,-0.9291690676451486,76.4772437251411,298.71564144895535,9.217029628989145,26.692967632870314,4.102948941748866,152.25771128932516,51.46347795788514,210.0,1705.612623299996
100,114282.4744599,1,-0.765877785518273,56.94937234177726,319.44157658181734,7.259793482659881,22.811081045907954,3.555273296564983,147.15021963819362,64.4770819129934,210.0,1722.5364473999944
101,114298.5291136,1,0.69924776614606,86.90675193727238,299.24342556988114,6.133942425809963,26.01615809634054,2.500478998156457,148.69748525892976,78.6557295079671,210.0,1738.591101099999
102,114316.366835,1,-0.8857293481589057,73.61353840808059,350.8782211617731,8.664374449565928,28.088428328414473,3.7604452796418952,161.90735198479197,57.173123466384745,210.0,1756.428822499991
103,114333.4986371,1,-0.8818480961784564,54.964233126911616,335.0697148414355,9.617379953054902,31.793978159332667,4.800533226152958,162.7015808886116,53.43076149421881,210.0,1773.5606245999952
104,114350.7153833,1,0.3460049915194679,102.1590150660951,303.38360483037934,11.186877228789385,6.139672438652653,4.139639179306824,195.62705888951655,67.33211159318247,207.5623468562002,1790.7773708000022
105,114367.2940246,1,-0.9136062033020313,82.13194152001878,319.2540637065675,8.771892576167891,26.249424586098634,3.6066763829552553,125.0435821865585,60.282824313658466,210.0,1807.3560121000046
106,114384.2410876,1,0.7581137839484341,57.76084460245929,333.3269511627404,7.2631281916054595,29.853865885500927,2.1782836779929355,140.82396167964038,69.80028786070784,210.0,1824.3030751000042
107,114401.5824795,1,-0.8244641903576567,47.375160039920196,291.11598863398143,6.450782983924753,32.623954863466686,3.405426344155645,147.08712042542388,73.70061849106,210.0,1841.644466999991
108,114419.7023317,1,-0.7716508482490303,102.40435814869295,319.6740642330985,5.448128685571963,25.49422786642269,4.395865639145516,159.39944203455013,52.66422485496629,210.0,1859.764319199996
109,114437.2178556,1,-0.9687442409394529,89.04481543378563,339.9558189905905,9.534042532909783,29.706949117113314,3.5635122748913046,119.32507186403244,51.642812674756435,210.0,1877.2798430999974
110,114453.939292,1,0.504476643726371,94.83597357576795,360.0,8.401339556686887,5.0,1.0,101.62126822129484,26.640350606135787,198.1135229325686,1894.001279499993
111,114471.3694829,1,-0.8723517744421044,89.939625873807,352.9997185636489,7.428659163382752,27.262547066698577,4.0075174126542255,168.33647185273153,51.81547508558278,210.0,1911.431470399999
112,114487.5787693,1,0.7074345519903436,114.77976858317643,360.0,7.014632154061597,30.278225940094483,4.612688409361111,164.71525382011833,62.50463815320069,210.0,1927.6407567999995
113,114505.3215341,1,-0.9678655406723743,95.8376346044754,322.194006799863,8.688083017341071,29.482566738876162,4.601788760977788,172.7239285770732,51.54650620335509,210.0,1945.3835216000007
114,114522.4896698,1,-0.9072470331436874,76.62981728688158,352.3738004433035,9.539250085175718,35.852491914860956,3.615197446230945,161.09063601158928,68.60550873868988,210.0,1962.5516572999913
115,114539.9218813,1,-0.8520694485804073,73.6714242437233,316.90320664318244,11.38607786432518,33.233048683336285,3.937242096612645,173.15083388534543,62.078750985537525,209.89427902886044,1979.9838688000018
116,114556.8634054,1,-0.8003811050627577,88.55722539156119,325.0661311649781,6.259501364677888,25.117172885673693,5.0368521488202305,165.24408286766683,60.36352232880691,210.0,1996.925392899997
117,114574.6900644,1,-0.9165844717696363,75.93718661491334,348.3112924142444,10.753964731524174,32.404602562993034,3.936396387507733,141.88464973587452,43.757367839857906,210.0,2014.7520518999954
118,114591.6061453,1,-0.7180683694098516,71.00335537596744,296.03100698294014,5.0,32.63119613852486,4.024621822112969,200.0,90.0,210.0,2031.6681327999977
119,114608.1993493,1,0.7525551746230986,118.72396983802703,300.6189152093554,9.762762369272014,22.317153222699055,3.6914319235947306,154.6918668337546,70.4147285797579,210.0,2048.261336800002
120,114625.2406146,1,-0.8207622783393593,76.85732655650217,318.5160639542057,8.363928062043577,20.53545992578364,3.7705131713786706,136.45304413250437,63.710791128686296,210.0,2065.302602099997
121,114641.6839945,1,0.7720835457651241,92.08335913785191,342.8214812649827,7.1535067770655845,30.932161800943785,1.3620724090015361,134.23620325213585,55.22977851934993,210.0,2081.745981999993
122,114659.5326774,1,-0.9478501454150071,84.28757880833508,355.880234244131,9.61538799862922,32.142606521991276,3.125891539243583,127.8610700818869,48.75449112989896,210.0,2099.594664899996
123,114676.6606394,1,-0.9118061293920474,78.42505182578556,341.36758599335934,10.114831091136576,35.490424946919845,4.233448002923278,123.8471426648974,63.78478116048712,210.0,2116.722626899995
124,114695.3765357,1,-0.8679458870225399,81.81441104614196,337.8082567883896,10.487977836622473,17.720121243315404,3.9498808837779906,185.2011480335531,51.950871562387256,210.0,2135.4385231999913
125,114713.2705936,1,-0.9072661050850165,95.10397156214671,322.1041440556926,7.811940155980826,26.88453182409748,3.535966797334181,121.72617581010103,51.62848588038878,210.0,2153.332581099996
126,114730.058344,1,0.7635296726505338,72.66941751606879,350.9006434717844,6.975566584626462,28.460190273055936,2.7596261332406407,124.54590683362956,68.60113360712549,210.0,2170.120331500002
127,114746.060806,1,0.8126831280100707,65.01817812877769,330.3135079598771,7.404757758291531,33.97803167695417,2.9006545715872236,140.71547087187852,82.8634916936656,210.0,2186.1227934999915
128,114763.5712846,1,-0.94732053961344,100.59283065990661,325.06479684681074,9.400342472998332,37.67446751703611,3.479750777326151,134.47420948815505,53.883566922624446,210.0,2203.6332720999926
129,114779.6424805,1,0.8647025440428163,68.51193522033708,360.0,5.0,30.176148861593877,5.465229188718441,59.71323338804532,71.12556221643834,196.89024828755214,2219.7044679999963
130,114796.4656788,1,0.7857741361883146,92.05889119934288,354.0522833999988,8.37679299096169,24.01843940219517,1.0,119.50962095488667,50.89801660936731,200.98242587515074,2236.527666299997
131,114813.6741863,1,-0.968025275557137,89.78200268514581,360.0,10.28692036730962,30.269950596970414,4.220798280163118,159.29515177799635,55.31620140901597,210.0,2253.7361738000036
132,114830.2390676,1,0.8633366431081422,120.0,358.9941135907711,10.441993772511651,34.250156265883525,3.731597200618676,135.60889559289748,58.789649653070384,210.0,2270.3010551000043
133,114847.3379458,1,-0.9949598874185545,96.47752130252911,321.6299934901184,9.546827091832235,31.118697992112878,4.577625605755191,164.76671963933026,52.83657080289052,210.0,2287.3999332999956
134,114864.7118448,1,-0.8390634873033782,95.86778488319966,360.0,10.087211203919244,40.146631659128616,3.3325371262892594,160.1458615497316,58.244155759437945,210.0,2304.773832299994
135,114882.3693204,1,-0.9718263432777658,94.28086973855834,305.6099523102672,10.412154585487405,30.29503709271273,3.0765188421672054,148.8325262416044,56.93026167674683,210.0,2322.4313078999985
136,114899.7480796,1,-0.911873711119794,99.31101576922934,329.2078360507938,8.371052725428795,25.286551765214295,3.438771612885769,159.01744543165518,65.7221467360288,210.0,2339.8100670999993
137,114917.5501456,1,-0.7488999184277644,84.64321416156123,346.1481866607432,12.485199349177883,35.36458162497358,3.680486479867988,144.31092595325535,49.12280264815273,210.0,2357.612133100003
138,114934.8948848,1,-0.7094205918497417,76.38640423915565,325.3541298827306,5.0,33.692805161382,4.267125674655058,200.0,90.0,210.0,2374.9568722999975
139,114951.6998085,1,0.811460388960209,120.0,321.4318071590285,9.885678166622895,27.230833814399986,3.458645800754243,145.9742425935666,74.21955607527084,210.0,2391.7617959999916
140,114968.8840062,1,-0.9612246871097336,97.9916688006653,318.99890905820826,9.368706006059776,26.244384570346966,3.9481981022693655,154.68630842719483,60.538336179074086,210.0,2408.945993699992
141,114985.8358352,1,0.8438935078518658,98.38957662988935,350.9516952752561,9.438671342973741,33.75747902768327,2.4260200270678753,133.89861912498588,41.97119652523101,210.0,2425.8978227000043
142,115003.1827871,1,-0.9637340256537977,100.4495456120907,356.81169138921723,10.12509152484693,34.30854717953456,4.059940049848069,132.69446602194319,44.709015828486464,210.0,2443.244774599996
143,115019.6437694,1,0.8816955940264704,104.90062201694639,339.02765955786197,10.296627197712949,36.441775230108966,3.9475904508135335,132.28025993495677,68.79925498108035,210.0,2459.7057569000026
144,115037.387803,1,-0.9593201702933576,83.0777664055874,341.5349857380886,9.36266310172207,31.657351025419604,3.9192560486770174,166.96458640194817,44.361475251938565,210.0,2477.4497905000026
145,115054.6222494,1,-0.9755453874579526,103.17377661145858,323.4267858968508,8.76308213517623,29.53816534146165,3.5252802291475893,134.24519091577102,47.630396255863,210.0,2494.6842368999933
146,115071.3036499,1,-0.9442810818602869,86.30607793747238,336.4699805793741,9.059654040073465,28.095404076858003,3.8529830716787172,137.63078101782924,53.637016276273386,210.0,2511.3656373999984
147,115088.3512068,1,-0.9341709500294748,75.7802475744969,349.58103797908336,9.791927266696181,32.60155190695153,4.2890472016765635,160.08256922388534,63.75282366147427,210.0,2528.4131942999957
148,115104.7119415,1,0.8994154784403587,99.53359425137245,325.4394145674027,11.680956323235117,42.524451657167944,3.282774031046187,150.51975864930333,53.908962263663135,210.0,2544.7739290000027
149,115121.8598075,1,-0.7262984184478974,65.52180830302731,348.7354356301202,5.626693953761657,31.276852836881154,6.508861260320495,113.74373430360593,66.43489543002221,197.2573518955029,2561.921795000002
150,115139.5577298,1,-0.9645061600900336,94.5853989289356,339.9674005780871,8.511791522567476,34.56707452684388,3.4805920298528816,162.8175458735963,65.86711904560875,210.0,2579.6197172999964
151,115157.2234959,1,-0.9261809665405091,96.32368801744872,343.7608604894776,11.241934349714288,32.597706157889135,4.5927124699324615,159.24220900446016,54.81546693023808,210.0,2597.2854834000027
152,115173.7923151,1,0.8883180872908549,112.2840730826006,344.51186057851885,11.697694161222637,35.98911070244749,3.834552146465905,136.52815828652552,52.70235183887459,210.0,2613.854302599997
153,115190.7471359,1,-0.8226764681865376,45.064633775633624,316.239585172263,7.956110770687923,46.162422423763445,5.184902911601197,184.2189706315009,76.13023148060772,210.0,2630.809123400002
154,115207.6799859,1,0.8188942946234136,107.04460367790244,342.421580761604,9.862858913864859,34.358192346087264,4.369349108888307,160.55778671144685,47.195719333446974,210.0,2647.7419733999996
155,115223.7533414,1,0.8172301860409645,106.93337460342815,312.8248606252741,9.614151205394355,29.325602074936455,3.287411524848364,136.7920007859732,52.52779532278492,210.0,2663.815328900004
156,115241.0212357,1,-0.9766254729831753,102.4334520284753,331.29914998369105,9.698668829968287,27.66466459373034,3.4466515439427545,160.66714296543384,61.4782599504193,210.0,2681.0832231999957
157,115257.4220772,1,0.8693033058458013,94.8077592400736,337.93825790687276,12.52897916672846,32.95355439750636,3.9839719533979387,151.0316872424857,55.37770657264795,210.0,2697.4840646999946
158,115275.1144781,1,-0.8499033926401469,79.50817273390474,341.481332979694,6.301365504475977,33.235118832301296,4.530262644140604,194.10113978670802,60.03769030074867,210.0,2715.1764656000014
159,115291.8336289,1,0.8267773157578259,120.0,333.045298342921,9.904733680023933,32.24740944711638,3.7427966058246076,154.40342556991234,68.96943064895825,210.0,2731.8956163999974
160,115308.035183,1,0.7976282063012212,109.31478407010177,320.59820353167845,9.944228661044056,31.68327571218435,4.0919836732695885,167.43429597111543,53.42684736658683,210.0,2748.0971704999974
161,115324.696403,1,0.8392954347629413,100.84119467211185,333.5984022525033,10.762174145819047,33.77582941652492,4.285306233737367,157.8616389455547,39.949266099207854,210.0,2764.758390499992
162,115342.5838638,1,0.844991050067571,105.71026256152025,350.1908657147186,10.058052391675643,34.26051440401857,5.025197673444912,142.845762522303,45.38846786793832,210.0,2782.645851299996
163,115359.7444753,1,0.8414307584220674,111.53479272073986,331.7404770194622,10.247740164634997,34.06607467797582,4.354848475268458,157.7170058492579,71.2962254738737,210.0,2799.8064627999993
164,115376.9275022,1,-0.9601891059603016,97.07388360525513,324.8192931322336,8.805979925612696,39.19179194929957,4.204704139073714,155.20268119667517,44.80592523633664,210.0,2816.9894896999904
165,115392.9193118,1,0.8134837633269126,103.17037685078428,322.8948801525786,9.58452967394794,32.497463219037186,3.75147244800079,152.9944388428306,45.43876014755435,210.0,2832.981299299994
166,115409.3503748,1,0.8203193411278048,101.3768685510409,325.0539317144505,10.623992629842363,30.23893770469021,4.50306264502507,152.1868448185984,44.98341035083398,210.0,2849.4123622999905
167,115426.5767483,1,-0.9658709095018024,92.90380456388803,353.87431372690423,10.87022235576352,30.819766584314717,5.089701917086911,174.5827568011965,50.62857189866293,210.0,2866.638735799992
168,115443.5671638,1,0.9007456295422234,97.23402103780754,322.95315306498287,12.642211331780182,43.78252372027817,4.4083532159149845,167.48344731950698,53.628128087218116,210.0,2883.6291513000033
169,115460.7306522,1,-0.7948017121836678,65.25993384541778,327.6488500233394,6.317898668700748,31.74268396733538,7.014951978963179,147.76055106964293,63.803849968177914,199.32574991679684,2900.7926396999974
170,115478.1233341,1,-0.9557163162732799,97.79337761417852,330.8810115314804,8.987036889224962,37.69144583103181,5.133402577590582,187.77905656886747,69.89660134811956,210.0,2918.1853216000018
171,115494.2176422,1,0.8233809120359218,99.93164566310683,322.0944141669074,10.31011902980498,33.85576704940367,4.797166541985042,162.9675130650339,54.41895542383773,210.0,2934.2796297000023
172,115510.6549373,1,0.8757858988263403,96.51234924726629,321.550291372708,11.681886369450492,36.74715472846995,4.47418416876839,150.6186015613607,49.47811100391907,210.0,2950.716924799999
173,115527.8538334,1,-0.08301884196024069,29.390364857754676,274.3433328934796,14.857514071193842,50.0,4.08569323483384,128.8623566523882,90.0,210.0,2967.9158209000016
174,115543.7720481,1,0.789301197387685,107.43995672261838,319.08584831929596,9.428836450526443,30.90696305975989,5.119197891684908,161.41462508098599,41.950121174135454,210.0,2983.834035599997
175,115560.0996193,1,0.7782332593339533,109.94275297443042,323.12736655940574,9.170911897505334,29.341040913564555,4.518979492275244,155.5054052381094,50.26320809683696,210.0,3000.1616068000003
176,115576.2657879,1,0.7898480509150757,103.60186642479135,323.8388444515829,10.372361221681075,29.06029013166292,4.480880076049222,164.96261940804493,53.543194440548916,210.0,3016.327775400001
177,115593.2862583,1,0.8331354740426827,100.98456915407593,324.4415548327655,11.199908327198717,31.309106334184662,4.381553257115675,157.26972301768114,58.814627417508795,210.0,3033.3482457999926
178,115610.9649597,1,-0.9779518313730031,93.49836808262624,336.4288699946275,8.982093579065666,32.524905099501616,4.688735785724382,180.49347384767702,39.04951539205616,210.0,3051.0269471999927
179,115628.023033,1,0.8186309320702235,117.81399315126191,334.76921424080933,9.625303212722095,34.8027070067159,4.611554985567251,164.17529720384567,63.48406191463474,210.0,3068.0850205000024
180,115644.386338,1,0.7948946033908708,115.22401435893936,334.9465204390236,9.884030419617522,35.064401125883194,4.3239138686922916,186.98777912304604,41.36398742644198,210.0,3084.448325499994
181,115661.3977255,1,0.8162495652501248,97.59635166204609,324.4412343404326,10.775584517310168,32.838038426739686,5.614848918599023,173.02443785744535,38.73925742773484,210.0,3101.459713000004
182,115678.5817103,1,-0.9928919613917281,100.01177457335199,336.1374112328493,8.95014775635865,34.194064425345644,5.293764354998302,171.33987128739884,44.49419357721495,210.0,3118.6436977999983
183,115694.7762701,1,0.7784064166795964,113.80905405088323,330.5992643802415,10.105360015907367,32.178086876059695,4.695036346289123,186.9447211421828,50.93828514981256,210.0,3134.8382576000004
184,115712.3292543,1,-0.9449268189676563,101.78425208913853,317.5278436619361,8.670518159202086,40.8484312699804,4.611078067264966,160.56769923189134,40.048141777724126,210.0,3152.3912417999964
185,115729.2037149,1,-0.9656252813754551,101.32403241018699,327.46958114589705,10.015530146053798,34.13485625689836,4.09644862212626,179.63075626917674,38.24737734966006,210.0,3169.2657023999927
186,115745.9864216,1,0.804155007285568,106.88425358418347,324.2156769566998,10.649983396860689,32.76103043978506,4.900379029579552,184.4237434228479,34.935323850359836,210.0,3186.048409099996
187,115762.0334449,1,0.7749508832922278,102.57340681738336,344.9112149821974,10.315355306850943,30.958133517738926,5.410495442922685,185.55713845978568,39.58892746565708,210.0,3202.0954323999904
188,115778.5404326,1,0.8561735840480759,93.45421478627232,329.7644124673831,12.843213793460674,35.87992711162925,5.271425031934402,181.46456726109972,50.66477415371696,210.0,3218.6024200999964
189,115795.4033053,1,-0.9361638697794936,76.81058247249194,317.2805278925046,8.664845779255185,32.342947877986184,6.316096143011417,166.96568184661513,41.902927882729536,203.04249093577408,3235.4652927999996
190,115814.3499477,1,-0.9498459144318003,96.24622087386001,327.41318231459945,9.245157854270458,37.41904430513045,5.999303743179161,197.8267082115171,43.70090325903342,210.0,3254.411935199998
191,115831.9529387,1,-0.9914570529469593,97.70895755842093,316.87043106768556,8.72925969963876,34.09130926659764,4.866753307518501,172.72139545446407,45.68513295646096,210.0,3272.0149261999904
192,115849.933635,1,-0.9036430388258216,87.37016587695598,316.09613825807713,11.073092000282937,33.21021192809987,4.997456102040265,163.61937784808254,38.740012316579545,210.0,3289.9956224999914
193,115867.2582274,1,-0.23796481678623713,65.22966524230601,299.7292903671103,14.559886830651738,45.86454847870067,3.814866505565096,126.90417201778561,90.0,210.0,3307.320214899999
194,115884.2315794,1,0.7633024219853075,106.26247852887343,317.7976199550434,9.187066406743707,30.009458070433418,5.271005171921634,173.38039389364172,37.46450811982266,210.0,3324.2935669
195,115901.930018,1,-0.9879344643378712,105.1359144139098,330.176814905475,8.887299661738837,31.230544589834935,5.32132905101847,180.81206638746238,39.324336142298826,210.0,3341.9920054999966
196,115918.6939794,1,-0.9789496411499311,97.60173802367964,325.5006556099182,10.081194270917797,32.79103019180085,5.219652654195432,180.48437033001764,38.305336179008385,210.0,3358.755966900004
197,115935.9297342,1,-0.9701541634948309,99.1896875516096,325.76135629135393,8.288080442148697,31.239864302230433,4.704694737742478,182.95042899173444,46.32137822889303,210.0,3375.991721700004
198,115952.7564657,1,-0.7375179666715507,83.85856438377616,301.6700857132214,5.0,34.552107395003226,4.0061903809779835,186.94402893381215,18.203460941872518,182.68858656616615,3392.8184532000014
199,115970.5162719,1,-0.9926263826515215,104.87241048212033,337.0659162828769,9.43377850234177,34.293707327275506,5.160680088617312,184.54403260171446,44.66398070031065,210.0,3410.5782594000048
200,115987.2228435,1,-0.9549268434146125,103.34991721117575,343.11206242523235,9.47273452597209,36.78298609721429,5.1170756913194975,188.9519679515484,36.46726403886474,210.0,3427.284830999997
201,116004.585026,1,-0.9838047001058452,96.32206760731124,321.4598976201538,9.085479746585257,33.23067376269682,6.302189113874307,181.2558014434224,40.944570867322895,210.0,3444.647013499998
202,116020.0141608,1,0.7362445232157871,72.38628239416663,270.1472842785582,5.0,41.416489815015524,1.6199725062517087,166.0817140560303,32.387585808889376,192.66880023398014,3460.076148299995
203,116036.43079,1,0.7850552501727938,107.12796739110387,331.6980106169601,10.00836303587501,32.75852423859738,4.8870879316162945,187.53091180827352,35.538198834481534,210.0,3476.492777499996
204,116053.4913534,1,-0.9358047182742008,103.32046511505199,324.7183129355007,8.690626615861907,41.4547862172359,5.314815736941386,165.02754948485523,39.58730898650517,210.0,3493.553340899991
205,116070.6524142,1,-0.9389468779064271,100.02982745290124,330.11114301870987,10.150542669769543,35.08078939430022,4.9070604792013315,189.25732230122003,34.52461510712757,210.0,3510.7144016999955
206,116087.3547309,1,0.7946720493291227,104.70578303664814,335.08706194560705,9.949580755679744,34.252510910260874,5.185706232272797,189.32925274313146,31.922449349006094,210.0,3527.416718399996
207,116104.3952977,1,-0.9972030149003123,106.24682265956945,336.9200404445548,9.27634631392078,32.7901032311169,5.523677570402174,180.88875002093235,38.121175446215936,210.0,3544.4572851999983
208,116122.0659457,1,-0.936184931685451,92.9253518800236,337.86545541760825,11.55746698997672,30.613466501081128,5.753173449925207,188.60627422336017,45.37471505240265,210.0,3562.1279331999976
209,116138.3134322,1,0.8111748501381367,104.84873202635796,324.62118830844753,10.188283664533353,34.04858713754583,5.034194529132127,181.17672209720297,30.513824261481574,210.0,3578.3754196999944
210,116155.8743059,1,-0.9474317843584914,96.41850422805852,331.56590421417457,9.353817081841683,36.264485551049475,6.401464345756795,200.0,29.8857095822749,210.0,3595.9362933999946
211,116172.4321738,1,-0.9702544868887958,97.63579649843822,321.2205508465232,7.9407808826658215,34.23852492918612,5.246177920564747,177.35156605141123,40.52929784539875,210.0,3612.4941612999974
212,116190.5370346,1,-0.9707694340406107,88.81506693893286,321.0691119901669,10.304453532449326,31.443982570496694,5.5434698974056955,175.65897512709284,36.957804768813034,210.0,3630.5990220999956
213,116206.3164801,1,0.8584097170893809,111.20865986062552,332.3523076631254,10.682701301987866,32.246720667798435,3.8210356563760524,134.64819724449384,59.3456424399436,210.0,3646.3784675999923
214,116224.2167883,1,-0.9920938983238269,99.52259511516127,321.61349353463754,9.025264086789017,32.97608557922754,5.371824848201369,178.1500031362496,40.11128600635485,210.0,3664.2787757999904
215,116242.3347481,1,-0.9743136456905801,99.44713179039914,337.3345164085215,8.779662776809257,32.85865478514927,5.7491627367880005,190.33738989089085,33.604875159553984,210.0,3682.396735599992
216,116259.8879081,1,-0.9581629782229651,95.26689619687939,336.970799853354,9.422509690301432,35.67504757503488,5.638223571189394,188.88314109929235,32.07807754165164,210.0,3699.9498956000025
217,116277.3287576,1,-0.9280312183851959,98.93716107239366,328.70796707475995,7.025421184723231,33.54994875078927,5.419241766641805,191.88896590930642,38.0553316002097,210.0,3717.3907450999977
218,116294.7373682,1,-0.7916936060978561,90.78715914567744,302.98218348017707,5.572727093272438,35.42255574255141,3.8191269076908196,180.36438030281346,16.011411332019346,180.0586031208777,3734.799355700001
219,116312.5544924,1,-0.9772597449290684,95.43084777116488,338.26591558924093,9.240900538457474,33.92500550749255,5.590281155630851,182.6395067814824,34.25270409005309,210.0,3752.616479899996
220,116329.4347027,1,-0.963863686992676,98.8787252969754,343.2845991033636,9.182078640175916,36.49441009245602,5.72727589155685,185.3263095381273,34.827118929232554,210.0,3769.4966902000015
221,116347.4757065,1,-0.9736592589538382,102.45883845414713,326.91601555607065,8.201932472938026,33.35219503226573,6.0943616489812165,185.6659024736004,40.6116198472062,210.0,3787.5376939999987
222,116363.3996378,1,0.7283856868682106,75.88829063645807,238.22209818626317,5.0,37.65679824662109,2.4930916969484036,167.19695022834628,25.76739883767158,191.5124362467161,3803.4616252999986
223,116381.610314,1,-0.9836845906307297,103.11286513861604,337.30285242677246,9.282432672041306,33.082451679575186,5.073107425320342,181.64378053788363,27.285657259238157,210.0,3821.6723015000025
224,116398.606119,1,-0.9471068606062183,104.67217759809311,332.28493534115825,8.930261012367163,39.65970408566997,5.863669749083665,169.25999291056704,38.57984117165113,210.0,3838.668106500001
225,116416.5461662,1,-0.9623480270703506,100.00935027924038,333.3133968762035,10.036003022108146,33.85224534265842,5.78190547641095,191.06437371827366,33.06365161203229,210.0,3856.608153699999
226,116433.7213983,1,-0.9847134725545295,104.09252579717496,342.69808923805,8.978278909991449,34.750411428852765,5.603368216421893,185.38828985038074,34.18774945615803,210.0,3873.783385799994
227,116450.3872963,1,0.6701849959046569,120.0,360.0,5.0,32.34058686953452,8.10048493718422,170.97782315319316,19.621927818562757,204.64316120992814,3890.4492838000006
228,116468.0422483,1,-0.9483474591770867,96.46215798790132,342.07405487845983,8.868854100662308,28.40426567905977,5.935569090956862,191.6430673645881,37.4415067728613,210.0,3908.1042357999977
229,116484.0418727,1,0.8313851907392966,120.0,335.02326887283084,11.02497424946187,34.52838503161012,4.5370647143827485,188.90548514866654,24.367168108143645,210.0,3924.1038602000044
230,116505.9416427,1,-0.9782416415544033,103.92693562479688,333.96290024169093,9.366999324501025,33.95300118436978,6.1070354536837215,192.91835991092893,29.003847516759052,210.0,3946.0036301999935
231,116524.17447,1,-0.9796612610136904,105.74049282838249,335.59803630940183,8.269280028368762,34.22740001988806,5.625879231282241,180.54920963957974,36.61575487825935,210.0,3964.2364574999956
232,116541.924079,1,-0.98212262086734,97.01101933437548,335.6798087395758,9.475722328181066,31.1802833226998,5.8295232516161635,183.1992685841601,36.5615847822329,210.0,3981.9860665000015
233,116557.543784,1,0.7263460964377206,120.0,351.448438289969,7.797011136310562,25.285567241592446,4.953584770366757,142.26198423963393,41.64964370385768,210.0,3997.6057714999915
234,116575.1853065,1,-0.9890073332913498,101.51723793572341,338.38018719464014,9.174708336750285,34.52554580436201,5.4482302388604,181.97985710420954,40.1630142312229,210.0,4015.2472940000007
235,116592.1544414,1,-0.9766499456926055,98.80290329170742,341.0171142156846,9.075476976283195,33.72150485142407,5.84283672431731,187.34590788024735,32.26683409950029,210.0,4032.216428899992
236,116609.9726856,1,-0.9662205532201601,100.36910172200373,343.23808172092447,8.916118485347862,36.72099818072501,5.831853497292539,190.58319745291863,31.55293648330188,210.0,4050.0346731000027
237,116627.1938865,1,-0.9141484807118835,105.09869436578427,336.56220483804304,6.740767014042574,34.67592839147284,5.840711880660443,191.53280984760062,33.51803552508542,210.0,4067.255873999995
238,116644.6152623,1,-0.8566516222237119,102.29158837682215,313.7276525759904,6.089932729235112,33.47073187596293,4.473840346096303,176.8364155383191,23.035689690256625,201.41272991272194,4084.677249799992
239,116661.7518029,1,-0.9709221433491821,93.95591794964615,338.2047658124543,9.149189281991697,32.99535268832512,5.809636374654424,180.51851988449786,30.871203030170875,210.0,4101.813790400003
240,116679.1271717,1,-0.9723309613854659,99.92689788926279,340.8498748949922,9.095474127412741,36.23124704693407,5.915475277556613,180.09199430928004,36.116996645341096,210.0,4119.189159200003
241,116696.7656729,1,-0.9857213815382138,108.24574804251966,333.83531294858636,8.519262676733248,33.319572833361526,5.772321697290996,186.55065172318086,38.155892097519626,210.0,4136.827660399998
242,116714.0039097,1,-0.7808283276354387,106.83265617278725,306.25112986592194,5.0,34.202842506758884,5.439309096114486,178.86978125663413,22.17580775135666,207.24509019817395,4154.065897199995
243,116731.345425,1,-0.9754944673086221,101.42641597667736,340.38214788601533,8.883355556372017,32.969166204093824,5.2695617023387555,178.0004322513055,27.839949651138834,210.0,4171.407412500004
244,116748.417491,1,-0.9944425885314495,106.21402728903755,340.17572445922883,9.196277983344814,33.14529848699998,5.8537109055605825,177.2168483185315,37.91367536724461,210.0,4188.479478499998
245,116766.2807122,1,-0.9846976934876596,100.26482031078419,335.44108853778897,9.607254919396878,32.882603051535085,6.24287239483314,185.16093514213406,36.504442149098146,210.0,4206.3426996999915
246,116782.9126708,1,-0.984105745182482,104.81757708937576,346.7397779257228,8.738614471974714,34.069576288465754,5.82231366753484,182.90710785908914,38.885227075657745,210.0,4222.974658299994
247,116800.3482591,1,0.7807840591426068,120.0,360.0,5.0,21.728464469343834,6.432738489012755,92.19123383056342,6.054744578471627,180.33887680294043,4240.410246600004
248,116817.2886123,1,-0.8934156915996095,99.39174318497562,341.5466250832749,7.627393822353172,27.26626776114445,5.897968783854575,192.91233953458692,33.219318725914114,210.0,4257.350599800004
249,116834.3021417,1,0.8320217551188919,120.0,341.5586692084684,11.484529654822875,33.84822404481652,4.281509892149327,189.27892764759446,26.13166602334159,210.0,4274.364129199996
250,116850.3678648,1,0.7687938301249322,109.93096259092408,338.0718779420755,9.299644683809584,32.597490499132036,5.9342910598948135,186.67583995070564,33.611709172176475,210.0,4290.429852300003
251,116866.8916084,1,0.772432506518215,110.23329759399182,344.0512406156715,9.236279393398489,32.97351130308659,5.763553668450517,182.5275010469478,35.445315704588225,210.0,4306.953595899991
252,116884.4632056,1,-0.9798924158780736,107.01970074673437,344.25172987709664,8.870703767987997,31.345832109040543,5.728963370016823,185.27300127774882,36.413045066187905,210.0,4324.525193099995
253,116901.352581,1,-0.797038272474248,120.0,360.0,6.947846528568656,22.39082830155399,5.89852983376953,149.09974820576574,29.38921444555629,210.0,4341.414568499997
254,116919.1205683,1,-0.9899461130435839,104.72696937745775,346.68698231609574,9.335605540345544,33.73523579950886,5.564177062469048,184.0639132482794,38.81218693879643,210.0,4359.182555799998
255,116935.8406794,1,-0.9828682104406918,101.14357041200202,340.94127330867366,9.365770292806872,34.09622349789384,5.8518369740675125,181.42428982188608,35.390777260740634,210.0,4375.902666900001
256,116953.5824494,1,-0.9882321275524266,105.79084027395824,341.14279831144086,8.829669184056128,34.40795672873557,5.705210242442957,187.95511627874458,37.419154091517896,210.0,4393.644436899995
257,116970.1364096,1,-0.951545745073258,109.38567471849794,341.1690574963358,7.4768685680317235,35.177984479535205,5.915129493165705,182.9371287178402,33.64580939319342,210.0,4410.198397100001
258,116986.771031,1,0.7875325910062991,111.75573078459385,330.1291496102376,9.313926160576125,32.29481124844664,5.417223980927134,178.80523827382592,27.512635504384775,210.0,4426.833018499994
259,117003.7799289,1,-0.982756550320661,98.40115178099924,337.72488199682937,9.194114132939687,32.32376161044957,5.854068233505397,179.4530888326277,35.90705382203188,210.0,4443.841916399993
260,117023.4780063,1,-0.9885263095237938,102.33705075236327,339.01147844652684,9.080021188973996,33.615535323769166,5.971219012881604,175.18502974986416,37.15959271185894,210.0,4463.539993800005
261,117040.5227719,1,0.7813783701330879,110.95546954888783,338.58340025948235,9.300501745052976,33.29690487922922,5.621624582206103,178.51478920910193,36.65858666144622,210.0,4480.584759399993
262,117056.810432,1,0.713562727081191,120.0,347.160820718377,7.548384007556798,31.788145181192025,7.388874119041522,185.07064852617816,33.50683331517272,210.0,4496.872419499996
263,117074.6152422,1,-0.9831539316318009,104.3398171246082,341.9107168615522,8.784724624891235,32.98975137423211,5.816890765204383,175.97031720183685,35.819445320686555,210.0,4514.677229699999
264,117091.0276407,1,0.9558431940942635,120.0,360.0,14.761348055925822,48.55040410654628,6.056654544493074,168.9611281686269,18.222888662812757,210.0,4531.089628200003
265,117108.8683321,1,-0.9850776644116975,101.13215035993568,340.1913029319342,9.17657890255214,32.59459261618768,6.41614224034988,179.19609767506194,39.429839614545784,210.0,4548.930319599996
266,117125.9763237,1,-0.9850078992210201,106.02156871061352,347.35207612594417,8.783766924517057,33.33693157144676,5.966248622245564,180.6206963717209,40.88538182162623,210.0,4566.038311199998
267,117144.8915643,1,-0.7677150231023376,120.0,360.0,6.966910070026724,23.832677426725304,5.382008441952396,84.71174556933553,12.234553795627555,184.7154991162448,4584.95355179999
268,117162.0527755,1,-0.938867278010626,102.40824072150929,340.30104442714986,8.289944627123399,28.489313026271365,5.850543233835377,178.71827347788934,35.33846209453928,210.0,4602.1147629999905
269,117179.2068708,1,0.7958820732336246,115.5870368321585,344.3398227723419,9.932400224452437,33.39539562043173,5.554009219181213,179.55009875958638,36.3747566091948,210.0,4619.268858299998
270,117195.0259634,1,0.7744757863490613,110.08738191493299,340.5560973699804,9.219507216893744,31.9116214155478,5.802627827344983,174.48736009803326,36.48299013538073,210.0,4635.087950899993
271,117211.55451,1,0.7809349592644604,109.61515759059358,344.86696802468964,9.728245291971433,32.351833533975395,5.914415945103015,181.41474303516884,35.803155350015835,210.0,4651.616497499999
272,117227.8919668,1,0.749828607014168,112.28551990776752,345.63450124602684,8.763789518447343,32.49198379472808,5.717614727207428,186.370988824154,36.81570288367614,210.0,4667.953954299999
273,117243.8355439,1,0.6910319289605454,119.86572435227939,360.0,6.956493081338662,25.682268301499917,6.409895435725896,157.6585769236676,27.275935249653728,210.0,4683.897531399998
274,117260.2598393,1,0.7773246110122042,107.56952836366226,346.8951472312093,9.325510121391446,33.035483467544424,5.646096336673912,178.8663982904323,37.32051437116586,210.0,4700.321826799991
275,117277.6588216,1,-0.9914023492956539,104.71132453519508,340.3542259033767,9.359896755513558,34.088102116168145,5.856864587924045,174.6987089190887,38.93757629176632,210.0,4717.720809099992
276,117294.4362317,1,0.768506077780845,108.91054860151979,339.5215760948414,8.93352257934131,33.026439749911354,5.757627415880985,176.75608471503867,40.89281268412404,210.0,4734.4982192000025
277,117310.8058491,1,0.7999049407223084,108.72983508382438,343.7004066780694,9.51561504280295,34.799056681240636,5.943189630085471,174.6924062331512,37.10029486683853,210.0,4750.867836599995
278,117327.7583131,1,0.8079658715295732,116.17189670742096,345.9941816889251,11.014898384863159,31.772768917252158,6.180307287019105,179.60601982554113,35.63408360399761,210.0,4767.820300599997
279,117345.1491814,1,-0.9912284947674073,102.15963730548307,338.40264309506006,9.22046567885545,32.62600736659249,5.878154850473271,178.59731224998674,39.569654583203054,210.0,4785.211168900001
280,117363.0066273,1,-0.993777421774985,107.15023884266091,338.5782045071865,9.126827875386784,32.001667803127276,5.906712396116292,173.03049832167326,37.95787683065755,210.0,4803.068614799995
281,117379.3417776,1,0.7971131793149583,112.26180800885501,342.75739938906577,9.721418931736268,33.15628843311697,5.730813458284503,173.02818814652647,36.6659760924467,210.0,4819.403765099996
282,117395.2552603,1,0.7471658405393974,120.0,360.0,9.125324424831637,30.68378611425166,7.159843022212143,181.93759437513708,40.33627210703027,210.0,4835.317247799991
283,117413.1363795,1,-0.9932893361222487,105.96312405881235,342.6963580670286,9.136009059824111,33.15133284872557,6.1538865714839295,175.18067315079543,41.356694276816484,210.0,4853.1983670000045
284,117428.974492,1,0.6769563070226667,120.0,360.0,10.158664868781417,23.38920676509227,7.738838701475715,200.0,39.61878639637512,210.0,4869.036479499991
285,117446.4921698,1,-0.9858479029428617,104.22996961707614,342.80436255756894,8.95645823224471,32.665120799338716,6.32496913870445,175.37480721708093,40.477081549567515,210.0,4886.554157299994
286,117463.6771663,1,-0.9884462461500078,106.69961516635657,341.14136968853217,8.862434350162202,32.88750999761201,6.026895561374716,178.52515395911075,39.1120898261953,210.0,4903.739153799994
287,117480.2068347,1,0.8099955171687212,120.0,360.0,9.532638456178269,27.158739316776316,5.2303776059208085,136.05707315160362,32.888721131510515,200.5671067671332,4920.2688222
288,117496.983361,1,-0.9877511458207601,107.49696198562808,339.5076139269193,8.855019473723644,31.88243220711127,5.825444430301991,170.2057372034857,37.64527632417412,210.0,4937.0453485000035
289,117514.0309619,1,0.7733187823283871,113.10573704269305,345.4366757029436,8.978538972177628,32.92357444441861,6.302633300663722,172.40278714751545,43.13821279887945,210.0,4954.092949400001
290,117529.9723313,1,0.7794531088736808,109.88477527941384,341.5544827216182,9.172208994304972,32.209023122382845,5.7516346310846895,170.24900949517226,38.31102052656606,210.0,4970.034318799997
291,117545.9822477,1,0.7828327774957871,107.74597437598791,344.0792480581544,9.823343701127179,32.35315991185778,5.968416027764016,180.52411395394495,37.20108944542084,210.0,4986.0442351999955
292,117562.9827877,1,0.7638316892857697,112.084018158005,341.7329144313673,8.881154870526686,33.60936411432332,5.780388018945383,184.70484794814587,37.11016598111243,210.0,5003.044775200004
293,117580.1161514,1,-0.8954410368912901,107.1604956753607,345.1940698532336,7.081557774602983,30.072260247122458,6.365752126512961,163.60839474858386,35.403914606426326,210.0,5020.178138899995
294,117596.9982934,1,0.7787969493746093,108.5315786598284,344.2970175875518,9.25502671656022,32.71213434538123,5.845180194745276,175.55116555897584,36.55703845751633,210.0,5037.060280899997
295,117614.1313656,1,-0.9976206741334555,106.77721447861505,339.971612214167,9.219200845799984,33.349230517002226,5.859596194167893,171.77613633333607,40.85898436129037,210.0,5054.193353099996
296,117630.8234935,1,0.7729650364468537,108.25781686057853,339.06843318981663,9.02644063884234,32.33236109665526,5.795033980142208,171.03715851604062,42.23267225634567,210.0,5070.88548099999
297,117647.0365021,1,0.8257267575087768,106.0411384882847,344.03197891689456,10.622413120138392,34.57110169665482,5.8881979641904145,170.21621326649617,39.649728668990996,210.0,5087.098489600001
298,117663.1869881,1,0.8194119776275031,111.16567515161994,349.3009073532005,11.362588824829368,32.8490351002809,6.409003225864571,177.95163591777552,40.422415742765196,210.0,5103.2489755999995
299,117678.9727146,1,0.7757647575440617,107.19326545030508,339.7913956620333,9.211408739305467,33.23219134008176,5.879471796074303,177.56495625918942,40.78926230106103,210.0,5119.034702099991
300,117694.8686292,1,0.7690104311403159,109.69792979779916,338.9239686192496,9.15369351678433,31.256038385471086,5.867558001235951,171.6800153168408,40.02072211156209,210.0,5134.930616700003
301,117711.6418756,1,0.8028371529541204,112.89553598633756,343.6874649680592,9.850985470831016,33.11752821710838,5.887082225510972,169.55271771280556,38.305952310197874,210.0,5151.703863100003
302,117727.3012303,1,0.7859238689050507,113.53154920523782,356.93590228083906,10.057351678080849,31.23946103857595,6.443533115781347,172.10543262271554,44.2805549620505,210.0,5167.363217799997
303,117744.4181875,1,0.7836688390381907,106.8706007241575,341.3117404411504,9.399614729425434,33.270983528613726,6.071369217670343,173.79699527948645,44.34006439911254,210.0,5184.480175000004
304,117760.7078533,1,0.32058966207297207,120.0,360.0,7.609774880987523,10.231140310541448,8.463192210742791,200.0,51.3919402881577,210.0,5200.7698408
305,117778.1074127,1,-0.9913627491311721,106.52117069151419,342.46285898631083,8.959350620123068,32.82028484021269,6.095088118670719,172.89433838459135,41.422821030055104,210.0,5218.1694002
306,117795.1991826,1,-0.9942359755371182,107.07619046902349,337.13085062446777,8.996012036895007,32.70604877842695,6.01118669290911,170.99368563968224,39.15444926245035,210.0,5235.261170099999
307,117811.6448162,1,0.7806125518199559,120.0,346.1448237062261,10.737803134185993,31.71497752522375,5.329051251373617,192.47191055875396,51.142248988124585,210.0,5251.706803699999
308,117828.3856713,1,0.8040743915107286,110.25995415182179,339.42557945905247,9.315644656372662,34.8657801578995,5.83558710519593,166.34933799945938,41.6095277120066,210.0,5268.447658799996
309,117845.5295492,1,-0.9836301075678093,110.01156903244578,341.5463893044372,8.525758230617347,32.826637121230924,6.622298043930327,168.29356603435986,46.6889294323675,210.0,5285.591536699998
310,117862.1859448,1,0.7867752928939108,109.32933272547487,341.3193792134295,9.183510613216237,33.09556444614439,5.807762693351854,168.75716763618092,39.856303136901005,210.0,5302.247932300001
311,117878.1451294,1,0.7871913172185495,106.01124318027738,339.59838608515395,9.446499607718764,32.809478558989056,5.9538412112065675,171.7741304319312,39.31195540361436,210.0,5318.207116899997
312,117895.286482,1,0.7892511156678021,110.94917775585412,338.9796867039719,9.141263415294297,34.12429027358402,5.8307223520440745,171.2120398179155,40.93331717553304,210.0,5335.348469499993
313,117912.2938701,1,-0.9802569270577893,100.05364749637555,334.51425162807345,8.603429830923695,33.126986452509435,5.973336596561948,172.6185093500266,40.26399587578713,210.0,5352.355857599992
314,117928.782067,1,0.7825059505213167,107.3823601360588,340.0633770427869,9.199955477592319,32.809362917165004,5.9687247146549876,171.14039245487393,38.769028230858936,210.0,5368.84405449999
315,117946.4543111,1,-0.7946091983892383,65.69208844142075,337.67576857927656,6.08975815885106,35.48362788043148,6.637065100431658,200.0,21.2506048174125,210.0,5386.516298599992
316,117962.8097352,1,0.7822019891181615,107.15491925345853,339.58665273035643,9.246594201498313,32.39808228353062,5.849412710615436,168.32482252352366,42.85921325919942,210.0,5402.871722700002
317,117979.4256959,1,0.8237349779685618,104.86578850027291,340.695810976364,10.512725258274243,34.336868315679084,5.8511406037023015,168.1431508619071,41.663904081853005,210.0,5419.487683400002
318,117995.7025008,1,0.8236989408838752,106.66314622082092,342.83051493489387,10.997944722522007,33.73627076081667,6.236149149398629,172.25689788100297,43.36014699947932,210.0,5435.764488300003
319,118012.3703996,1,0.7822064757275999,109.93975080017387,340.69038309880034,9.20708943213884,33.613135390611674,5.864550961880509,174.58812016985829,41.51735486009109,210.0,5452.432387099994
320,118028.4626196,1,0.7749473229398647,111.0769581349079,339.7061955875272,9.173380493094202,31.95806573145083,5.843762181803664,170.93987876735676,41.522763575623095,210.0,5468.5246071
321,118045.3417755,1,0.7981307867235325,111.28955685123904,340.71239107146465,9.609791761118318,33.26441910517707,5.9696757615367515,169.00316204136584,39.77535652186619,210.0,5485.403762999995
322,118061.2987537,1,0.8158362111302891,107.27485928066054,353.2561742967498,10.473721693329102,33.18511049247472,5.60833672763164,166.6958599920147,43.82358928558049,210.0,5501.360741199998
323,118077.3079806,1,0.7873953634314461,107.3331479393515,340.35279308999964,9.414793897563415,33.365679874388256,5.81960231907951,171.93751681237526,44.670094857581844,210.0,5517.3699681
324,118093.54141,1,0.5506539214124762,112.18959210270482,360.0,6.292234324709914,24.988020394979156,8.185240279209138,198.21080208451087,55.17390601219006,210.0,5533.603397500003
325,118110.3465604,1,-0.9953740210930085,107.86031718088212,341.59636365807876,8.993825378848605,32.913494986354756,5.928881319768032,171.35076349653838,41.64150728201028,210.0,5550.408547899991
326,118127.0638316,1,0.7899036646190599,107.18778794713822,335.32611986539246,9.225882604523113,33.06768164112928,5.971156246107092,167.40478248630606,39.746343334061805,210.0,5567.125819099994
327,118142.6979567,1,0.8067864253686531,112.21361389390589,338.45427453418733,11.12076155405571,35.73432740150972,5.786903553954886,200.0,52.781095104872506,210.0,5582.759944199992
328,118159.5444857,1,0.817104294367247,108.38402249379351,339.7786371288104,9.48279916554121,36.466553146780555,5.852205341079665,165.74722609540936,43.76562413199221,210.0,5599.606473199994
329,118176.2467993,1,-0.9932693914536441,108.18814672393398,339.21817607308566,8.801790961476499,32.99812469741051,6.261581840544191,166.92544538744906,48.360719440021995,210.0,5616.3087868
330,118192.7409533,1,0.7903039413096828,107.93488248716903,340.5185598705351,9.20896650397343,33.598573691474634,5.843507901596083,168.6390693090341,40.71330372442533,210.0,5632.8029408
331,118210.0036632,1,-0.9978383958518413,105.26617060572673,337.3800226583099,9.184654813817538,33.188611246017516,5.8782031686652765,166.96024497002563,40.927134233849735,210.0,5650.065650699995
332,118226.2038561,1,0.8026101276079126,109.04194635753706,338.2483355387851,9.301686860879567,34.297906265100615,5.880466298661352,163.95873038264784,43.00125953380361,210.0,5666.265843599991
333,118244.0690798,1,-0.9717706668682184,99.30977720639879,332.442913106143,9.691643963837393,34.93158036096844,5.75372566885397,177.12206488485404,43.22865954909489,210.0,5684.131067299997
334,118261.2226824,1,-0.9981781561608587,106.52152297938844,337.7063289032358,9.178913364706045,33.25132558199267,5.99676758635047,169.28454171739472,41.40910903937328,210.0,5701.284669899993
335,118278.3910044,1,0.9129454237072415,106.70425426422847,355.2272465867505,13.163655087933865,50.0,10.0,194.3446633341647,65.71663817548321,210.0,5718.452991899991
336,118296.0654621,1,-0.9998118740040507,106.1922708961008,339.95876271948526,9.362159421620982,32.87348844551339,5.883540671144952,167.18281725392058,42.20980986768761,210.0,5736.127449599997
337,118313.3135766,1,0.8083533705932597,105.86378458497245,338.7134289683063,9.86586257788375,34.190794315318804,5.835061476714626,168.67821525366327,42.698100890710414,210.0,5753.3755641000025
338,118329.7758929,1,0.8218438690488432,104.25114201841788,337.3759274743558,10.594070880462754,33.946455373815866,5.783471740145999,168.76291033037649,43.027864562314825,210.0,5769.837880399995
339,118346.5177396,1,0.7868109412973783,108.30332168432463,340.7033472451323,9.212313873849745,33.61766389096197,5.8559585713014775,171.09160013606746,41.456724634943114,210.0,5786.579727100005
340,118362.6292712,1,0.7854020135673162,109.41835777270849,340.35021714515244,9.276324179718019,32.86438285203055,5.867525311756955,169.24837909781206,42.46540440067571,210.0,5802.691258699997
341,118378.5668545,1,0.7918195650858453,106.87308699739549,338.84620753491185,9.292784171692064,33.338777401986015,5.942370344215066,167.646002484713,40.93007611125954,210.0,5818.628841999991
342,118396.6022832,1,-0.9877296456501289,103.48329987807074,346.0377993265345,9.662348600564615,34.200296096791675,5.1699905607079915,163.79105059020458,43.12708171814007,210.0,5836.664270699999
343,118412.0550885,1,0.7920400733204704,107.27911278193943,339.735431481296,9.399472420846529,32.94800213140136,5.685602395582944,166.21977554129296,44.59581972555121,210.0,5852.117075999995
344,118430.4508972,1,-0.9426786073028558,105.99807011532405,360.0,7.061663924353609,40.31386068110299,5.789426387287561,196.15652674916385,45.70376326352594,210.0,5870.512884700001
345,118447.4908207,1,-0.9994041230718349,107.2818168112372,341.08423390526826,9.190784170081596,32.947339277975466,5.797988959967718,168.26664650778247,42.15193585490164,210.0,5887.552808199995
346,118463.8203441,1,0.7943098431875196,106.31434303130925,336.9803114060538,9.353767899845105,33.11604344165856,5.8758891140151706,165.3365988838431,42.38739684566556,210.0,5903.882331599991
347,118479.5564046,1,0.810796915904361,102.02411094373778,334.3943620180745,11.046515158900977,36.81345667881273,6.125367179523944,200.0,50.33988880048568,210.0,5919.618392100005
348,118496.0085933,1,0.8151978723103217,107.19923747082349,340.1307481634099,9.47242530621945,36.40461581891422,5.885411922240609,166.50425900486113,44.29758090580568,210.0,5936.070580799991
349,118513.5328372,1,-1.0004624084490796,105.71212453692846,338.5777883356567,9.29094048974212,33.022331641248385,5.787780294777294,166.30135001272606,43.85145822102432,210.0,5953.594824699991
350,118530.9167773,1,-0.9981562645704611,105.59459115774979,340.00235257976703,9.252705182762552,33.24152916751021,5.865044307624865,167.24390150529612,41.77812208136554,210.0,5970.978764799991
351,118548.7551263,1,-0.9982838324207877,105.06178861173306,336.96375866635094,9.077528871599228,33.314585700796336,5.837194938968794,164.43500152819823,42.78225749237666,210.0,5988.817113800003
352,118565.8512462,1,-1.001332264006285,105.74942144188597,338.05900078007323,9.405958835997138,32.97251010041528,5.908481748398971,162.1989427557428,43.87809488806355,210.0,6005.913233700005
353,118582.6756702,1,0.8095060543880929,105.18856149286256,337.4748171824321,10.20789798696804,34.566780826708424,5.653730532852964,175.0324731628855,44.85272880835982,210.0,6022.737657699996
354,118599.9814617,1,-0.9993368209856783,105.82790121124839,336.7387848489237,9.221566805451683,33.148699983867616,5.957850263204091,168.23876243293336,43.55130889116115,210.0,6040.043449199991
355,118617.831588,1,0.9459849373268161,120.0,360.0,13.954904303675583,50.0,9.94199301163144,168.66064027498913,74.75504985353874,210.0,6057.893575499998
356,118634.6305933,1,-0.5766000580297117,73.10692897155096,301.0591723682191,8.451252488479016,11.738929349698699,4.2709071423474345,93.86674663581962,12.132931107264142,210.0,6074.692580799994
357,118651.1859439,1,0.7937231619915829,106.6418188436782,338.5451861678408,9.44418602822308,33.371598577468966,5.851307794048724,168.33424504360505,43.03438051820395,210.0,6091.247931399994
358,118667.3250794,1,0.8108086254323272,103.83595529713307,336.5674806089456,9.969820589020335,33.55012048805322,5.552506362736724,165.63781667464062,42.13887429166492,210.0,6107.3870669000025
359,118684.2175975,1,-0.9993088451737926,106.67217937711696,340.3671802987148,9.301076753678316,33.11146223715052,5.852049289011242,168.2737812420059,41.46478488627156,210.0,6124.279584999997
360,118700.8143712,1,0.7967082977238316,106.81787568214199,338.435045667444,9.37200882111155,33.458272417065274,5.908021744335285,164.91326290483113,44.235629003561385,210.0,6140.876358699999
361,118717.6958415,1,-0.9981709815562456,104.36257325631647,337.10116656732197,9.220863870489369,33.03733694353304,5.924798976627883,162.868970085703,41.99670721795609,210.0,6157.757828999995
362,118735.5678638,1,-0.996306561045438,102.72238633006083,341.86870738232807,9.028828151563948,34.26682181135136,5.0815920543245685,161.11467883359,43.03100461489677,210.0,6175.629851299993
363,118751.150839,1,0.7978059070763173,106.7711991387194,339.0048543453129,9.39358826893681,32.73899414292649,5.613731543403916,161.07726671146105,43.91056693300892,210.0,6191.212826499992
364,118768.832874,1,-0.9210531083805285,102.41983338011295,339.2582703552854,8.706856519579333,42.16743876837231,4.576114649731544,181.59651055187334,40.105566955696325,210.0,6208.894861499997
365,118784.896764,1,0.7940047443187758,105.66606613479377,338.07958123378046,9.470893880497604,32.97699131766487,5.782715611508651,166.34057525661177,43.79636959469541,210.0,6224.958751500002
366,118802.1855574,1,-1.0011402650107433,105.46356296205713,338.42934294143583,9.425954962881065,33.111932485715194,5.830199669783823,162.803261122994,44.8722845825956,210.0,6242.24754489999
367,118819.1751658,1,-0.8609716467018742,96.61000572834769,333.076674368891,10.797819906048867,36.698380977312894,6.172871760460839,187.18751838640463,45.8077761843881,210.0,6259.237153299997
368,118835.8309017,1,-0.9934678050990334,105.3255012980542,339.425120558037,9.438577979641144,34.3483697573884,5.914155733219556,165.00048327268175,44.37363668960133,210.0,6275.892889199997
369,118853.9155184,1,-0.9991464038439762,104.35933059679095,337.845635450922,9.624150568086312,33.007060989469025,5.630478778862447,162.38130984939664,41.39910962929198,210.0,6293.977505899995
370,118871.1761808,1,-0.9991941033133371,104.3791818262595,338.27167462682746,9.395670858139894,32.95422576750252,5.878792043872243,166.23914891074062,44.30591248673086,210.0,6311.2381682999985
371,118889.9884268,1,-1.0006911070417848,105.24373717752746,337.28599580858054,9.266250811274114,33.21677809568178,5.8619281311248645,161.87807398870473,44.29080666259706,210.0,6330.0504143
372,118905.997546,1,0.9941618310825074,65.12638754052945,360.0,9.402272486536452,49.35751603846516,8.48913256731881,105.46999058675505,0.0,210.0,6346.059533499996
373,118922.7391627,1,0.7993569018567886,108.53900403790118,340.2824340778543,9.71358903660686,34.24264157990523,5.77341178095738,172.61868834151056,45.56749193767801,210.0,6362.801150200001
374,118939.8592321,1,-1.0007590172870204,105.39406451068788,336.8283929077512,9.302021134057648,33.00649036544527,5.897045588051415,164.72904387136055,44.79655415718673,210.0,6379.921219600001
375,118956.8605589,1,0.8631320161939113,120.0,352.4661302228132,10.145492248855092,38.27849868691884,9.69545499685966,153.9957057868472,69.67699861856333,210.0,6396.922546400005
376,118974.1941618,1,-0.29265691271653915,61.1826085487169,280.1381437764199,8.837697346471709,5.0,4.805534461776612,105.9206031166252,14.523990345325217,210.0,6414.256149299996
377,118991.384181,1,-1.001187474930109,106.74427114996496,338.2819945976165,9.197736020773622,32.87677892957985,5.878699671543668,162.2049341453219,43.745065073004305,209.99940184459615,6431.446168499999
378,119008.9158898,1,-1.0030581223526205,105.11869395415131,336.966685155025,9.486238370732316,32.79332623976659,5.459833955602063,161.8090989583714,42.62007055923235,210.0,6448.9778773
379,119026.3608943,1,-0.9991872611139566,105.39359373374884,339.7678952904494,9.413718528812396,32.808825650759616,5.889694009489728,165.83321816856446,41.537267093291455,210.0,6466.422881799997
380,119044.4048794,1,-1.0018142305388889,104.31497314115366,336.84155650565947,9.43621123359716,33.18479540249413,5.483678862212419,162.3162132882604,45.07895099082631,210.0,6484.466866899995
381,119061.0130264,1,-1.0008925404344442,103.09639677816193,336.07769499814935,9.346372866710746,32.63893065224915,5.490917392750783,159.7251141567593,42.64625573979173,209.9997635482848,6501.075013900001
382,119078.6181081,1,-0.9986803152685146,104.22804278554621,337.71720429141317,8.904187052254718,33.962115520793276,5.253646043622717,159.7078075649132,42.75731793333992,210.0,6518.680095599993
383,119095.5258707,1,-1.003309195510034,104.84517273354983,337.1321682330563,9.393609859200685,32.625328082696726,5.467688564493437,158.3279552372734,42.86783587199217,210.0,6535.5878582000005
384,119112.9118217,1,-0.9272305460193679,100.76352614664773,327.0332957294702,9.856167775780156,37.136418712349645,4.262924213760361,159.87899672450007,39.29224945128374,210.0,6552.973809200004
385,119131.6012503,1,-1.001331921542212,104.3737072902538,336.1273040132859,9.63456577275826,32.84860038766328,5.465051684099059,164.32417313963464,43.914529845836185,210.0,6571.663237799992
386,119150.1486335,1,-1.0031449751458152,104.97313337420987,338.5633827398082,9.499815234675403,32.80186998856108,5.525968449817499,160.66607826888168,45.77619535398244,210.0,6590.210620999991
387,119167.4830915,1,-0.9817000256586762,97.0966531609951,334.7225597393783,9.900966149051659,33.40460817631364,5.849186207675531,158.4556032877309,41.797983742177294,210.0,6607.545079000003
388,119185.0926218,1,-1.0008206957495227,104.16634198200481,337.4424620032347,9.424383043721935,32.35567338837048,5.7853647595055735,161.57657924308955,43.21565483937992,209.9999240550982,6625.154609299992
389,119200.858999,1,0.8092235121926343,104.12109407588795,336.9982664146105,9.74672821143115,32.88163424566293,5.440949538095074,160.20942583355694,41.176807495384416,210.0,6640.920986500001
390,119218.6288908,1,-1.0006936738191035,103.82750877622975,336.36788028710123,9.498536932628303,32.69167099853111,5.835430193840536,162.89934617854178,44.59275928376867,210.0,6658.690878299996
391,119235.0078351,1,0.802808896063569,105.30380637815198,337.26974711191104,9.530314935033745,32.931672451855974,5.60950800507585,160.421172940149,45.03566436882211,210.0,6675.069822599995
392,119251.7578239,1,-0.6651148399727056,79.73391402843684,360.0,9.465493970884445,50.0,8.712159148256063,116.72262137312833,0.0,210.0,6691.819811399997
393,119268.6957745,1,0.7900820836946588,109.42199942818688,341.15234708084654,9.34386320808601,33.74997912740206,5.6559424307996204,171.14359433460976,43.51047385051863,210.0,6708.757761999994
394,119285.3916237,1,-1.0021495683113169,105.10871016312723,336.97998902050506,9.453214711695068,32.773588283294714,5.757215491641955,162.00494441263785,43.810388830066245,210.0,6725.453611199991
395,119301.7853669,1,0.7324208701734072,120.0,343.9116516088014,7.5180663596406045,29.38184646909515,7.323738192255107,153.33217675169072,50.61992551021261,210.0,6741.847354400001
396,119318.8828603,1,-0.7106560028944552,89.6880295673786,272.8285186380349,9.599693652649991,11.315769408352892,5.505612771851915,161.81338696572806,27.044212699644056,210.0,6758.944847799998
397,119336.6273416,1,-1.002117594385403,105.88312967570192,336.9001263224986,9.198950702633486,32.53029947752036,5.732174716758546,158.53929114708527,43.64396808970115,209.9986307262192,6776.6893291000015
398,119351.9044716,1,0.9371253955121049,76.53010882048359,263.9120297616813,14.489911354216781,48.95328945983982,3.5300424650342284,159.08681875702337,47.92374777894955,194.9246256565523,6791.966459100004
399,119368.9448236,1,-1.0002080970295468,104.44339377800478,338.2979912082558,9.512009417847205,32.63395200632149,5.808089094294086,164.1832731904185,42.56990314947144,210.0,6809.0068111
400,119386.6926363,1,-1.0022891207961862,103.34969293589862,336.0354228383733,9.446553831530357,33.02253238169074,5.2390557040712835,160.05323096395088,44.084600083092774,210.0,6826.754623799992
401,119403.5453088,1,-1.0034468277100284,103.29456622641621,335.8010830187706,9.45762235384473,32.411527526817366,5.2302702641512395,157.01944187396032,43.20112147716426,209.99997470315657,6843.607296300004
402,119420.728263,1,-0.9985230456989298,105.62942132025577,335.04349686976826,8.915819482834799,32.884614341641765,5.539057537445052,158.36330659222352,42.684326838989655,210.0,6860.790250499995
403,119436.3596035,1,0.7272692586883336,120.0,312.4093294273265,6.270610083785612,25.01157394318541,2.789949192045277,137.1875709479089,20.59932144504382,210.0,6876.421590999991
404,119453.410605,1,0.8255821899216355,103.75826507903753,329.8454531361369,10.317652955586556,30.623690383463988,4.718088954281763,146.51023735139364,41.282864560488235,210.0,6893.472592499995
405,119469.9436469,1,-1.0038968369572527,104.08116293486427,335.6252611296374,9.5235800177529,32.74236385681986,5.292465598143951,157.77811683271963,43.33284641190248,210.0,6910.005634400004
406,119487.4088899,1,-1.0043839212416017,104.69508818073675,338.4745703065445,9.53665562396827,32.477813670794696,5.320024923014686,157.52849207734886,43.98648940966612,210.0,6927.470877400003
407,119504.6125387,1,-0.9931022461713015,103.33189166874749,336.31274571006657,9.04866568163654,31.389499062969925,5.631810190714602,142.5388307551962,40.61863625615063,210.0,6944.674526200004
408,119522.0771177,1,-1.0005917938334634,103.74968830645912,336.34450035914097,9.41463648647015,31.502377296958414,5.513431234980773,159.1875514643719,42.55277505045469,209.9998528024334,6962.139105199996
409,119539.244947,1,-1.0030815031439584,104.30124378706452,336.56320182442886,9.630965874721023,32.625830824924954,5.361043885741463,157.2931262750226,41.663935953800554,210.0,6979.306934499997
410,119556.1514069,1,-1.0030764849085057,104.31372398506487,335.7570182764147,9.535711059428376,32.54426365675933,5.649641427957171,159.85423486992522,44.11450423210578,210.0,6996.213394399994
411,119572.7967757,1,0.8078752362251288,105.24180821115613,337.18408211459916,9.667558787403866,32.66826238671044,5.347086861267031,158.091386696762,43.798485143791446,210.0,7012.858763199998
412,119589.4060641,1,-0.6943126100107804,105.57730945102364,360.0,9.436129402217599,50.0,6.200724701476733,129.6361069199488,0.0,210.0,7029.4680515999935
413,119606.1632376,1,0.7943966096499389,108.84931900132231,339.2361772461951,9.184100987705976,33.127945685994305,5.461377682454941,162.7402305549972,41.84255600676157,210.0,7046.225225100003
414,119622.6820785,1,-1.003910326295426,104.83302450709999,337.1996961848615,9.489557539591992,32.522923636760545,5.536915214218337,157.028775812305,43.205215664235304,210.0,7062.744065999999
415,119640.17832,1,-0.9190987942730058,113.0991810861876,336.03936436459276,7.713093779556706,27.298123349045742,5.521252042536183,157.08158955057863,36.84798932980709,210.0,7080.240307500004
416,119656.4103437,1,0.7020504271354923,112.82488883527778,306.54414746937834,9.846820234268675,23.93994998064537,5.865333408937021,189.12965236826477,43.111226722684634,210.0,7096.472331199999
417,119673.692381,1,-1.002327510751189,104.8367478174207,336.2731151040934,9.235360292837822,32.3787839909785,5.49623551434479,156.34039310340108,43.072372779677224,210.0,7113.754368499998
418,119690.1377301,1,0.9231639154951666,75.65786074629722,278.1155966913609,13.791550672753289,43.55592512666564,3.322514681883137,157.48857305563337,48.73555628032628,193.3218923400437,7130.1997176
419,119706.8273961,1,-1.0014494850700772,104.11028060473714,337.0203019065597,9.553254265339994,32.5371585513712,5.67932219917927,162.95557473632542,43.14802924557321,210.0,7146.889383599992
420,119724.3854793,1,-1.0029759807783278,103.46599326250877,336.03271505843594,9.527108272116692,32.86948693267778,5.167460550044575,158.07528917244966,43.48308302207845,210.0,7164.447466800004
421,119741.4693704,1,-1.0041814122888935,103.4586688936053,337.6884431152723,9.563562178561416,32.33925126243109,5.099908787348725,155.76726593278147,43.80018396574735,209.99875725314976,7181.531357899992
422,119758.4348879,1,0.8016621561056879,105.57063336508108,334.9660737343188,9.487504472911894,31.997932281193116,5.504617870153552,156.81610215812088,42.8175376206326,210.0,7198.4968754
423,119774.4920357,1,0.7512774405162452,120.0,321.872734152879,7.209504855228136,27.505226597701594,2.725243717774501,142.44726548259322,28.725501634235734,210.0,7214.554023199991
424,119791.162173,1,0.7995510185862919,105.6365970327283,334.65506424064733,9.964269931512618,27.903909985452383,5.059296518206567,145.36404079188233,42.46488550249733,210.0,7231.224160500002
425,119808.2402015,1,-1.0040823541603727,104.14583750960588,338.1644186273773,9.46872307295642,32.65757454525326,5.214485629054172,154.05406141305312,43.076537374848584,210.0,7248.3021889999945
426,119825.248099,1,-0.8710335269412258,90.92794583349414,360.0,12.632868741327032,17.2667886437159,3.6950880461037157,95.059877594719,81.2361706507836,210.0,7265.3100865000015
427,119842.8979321,1,-0.9865669553943758,107.60296900285726,337.53456781164243,8.680535384372293,31.14340559000551,5.463232913897874,142.6887611958153,40.99706951034048,210.0,7282.959919599991
428,119859.6732129,1,-1.0040194183156983,103.89854571857163,337.2315090507267,9.520879015464534,31.843964575559927,5.237319995367327,156.41465136068297,42.95806905366845,209.99894039588915,7299.735200399999
429,119877.1356627,1,-1.0049788413870586,104.48014096692006,336.8369010738644,9.560557141063002,32.42977622189741,5.311543677203839,155.75016213541946,43.39662658645165,210.0,7317.197650200003
430,119894.0062584,1,-1.0048995387029027,104.93301179716615,336.6059569756127,9.556871202822677,32.45987733672362,5.394633215044199,158.16622122102265,43.753979915323484,210.0,7334.0682458999945
431,119910.6806424,1,0.8083694494629443,104.7747117677858,338.2656048844529,9.684535916980353,32.36126845407517,5.201078011125524,156.5896947924328,43.27841167879644,209.9995332262552,7350.742629899993
432,119927.1031358,1,0.8628522801725502,119.65367609076267,358.46210437655134,9.448306280198475,34.900317101760706,4.240213093983622,138.63706784263934,22.349910540765183,210.0,7367.165123300001
433,119943.627011,1,0.8020321834600194,106.99432511486634,337.87746305523336,9.280532138963427,32.60516312242454,5.2183125575120135,156.1234964004762,42.50408171883333,210.0,7383.688998500002
434,119961.0176144,1,-1.005093773775344,104.6444742082212,337.7788947925844,9.527125815458216,32.37914107565386,5.318420716609726,154.30040768226561,43.457675518408884,210.0,7401.079601899997
435,119978.342987,1,-0.976860991327519,101.51342881172178,333.2551764560938,9.469277231613425,28.36375034422314,4.416101740966858,159.50691108130474,31.878526780579165,210.0,7418.404974499994
436,119994.9775099,1,0.7944013598836832,119.00012126917836,350.78571479762485,9.676019505393548,37.490876914984455,5.783547820736189,192.3943189929832,52.55444625063751,210.0,7435.039497399994
437,120012.0934412,1,-1.0033105396330222,104.21211241211915,336.2865671485525,9.327178646450596,32.324483969216985,5.362806535404627,155.72164469288734,43.04920039240628,210.0,7452.1554287000035
438,120029.7814924,1,-0.7959655410356853,80.97862233124219,315.91290201841264,10.911655261653477,38.03472008518631,4.692308649271879,156.63073529514227,44.785820557699914,193.87284087250842,7469.843479899995
439,120047.1246112,1,-1.0041087925359669,103.9548384344368,337.3917193247931,9.564073708580425,32.42602155823729,5.311232099824467,157.1358994950839,44.05301787290104,210.0,7487.186598699991
440,120065.118377,1,-1.0041968856610626,103.97372235495112,337.2842330512102,9.571276407391867,32.732069770237516,5.172713376821224,153.6504292020175,43.143806710455564,210.0,7505.180364500004
441,120082.7856538,1,-1.005564622012205,104.53208717896175,338.76770958163553,9.618980350886737,32.325234023694854,5.115820987925498,153.61890156671274,43.800179600000504,209.99959078251575,7522.847641300003
442,120101.8437736,1,0.8087045079622671,104.90180470437997,335.02542220179885,9.818498173909743,31.735232968367047,5.305386984428969,155.64158357362803,43.3701397513526,210.0,7541.905761100003
443,120119.0750175,1,0.7932184433755085,120.0,337.8653014965892,8.830223285478505,29.925417716538647,5.086959865923092,147.41242474715548,34.21377495765399,210.0,7559.137004999997
444,120135.5633283,1,0.7735758057545539,106.04218487161978,337.88602975437607,9.57294452908235,27.46984935487766,5.4895181486158995,153.6269614972744,43.31495568696149,210.0,7575.625315800004
445,120152.5221971,1,-1.004480539776661,104.30916990778634,339.4190010264912,9.490957235504101,32.40586652703182,5.238703576214716,152.136303624707,43.214052827979664,210.0,7592.584184599997
446,120168.9153654,1,0.8299693639334209,93.1819412785062,360.0,11.86375865656695,16.73629609706717,2.9323356484780483,109.87162636970467,90.0,210.0,7608.977352899994
447,120186.4207283,1,-0.999486073414762,107.57453876484016,338.4301161885532,8.91304203686006,32.09145878329674,5.275565311078746,143.4390175917057,43.13883761850798,210.0,7626.482715799997
448,120204.3341453,1,-1.0061250115571525,104.71409824889747,338.09639639904304,9.582616927518544,32.05293849374431,5.106851626510266,153.86588328609736,43.59378909261427,209.99904580630482,7644.3961328000005
449,120222.302469,1,-1.0053531497113173,104.59002787239763,337.7891066613049,9.507741919674615,32.27191122811222,5.290350562639529,154.11344142677513,44.36689720548951,210.0,7662.3644564999995
450,120237.7010295,1,0.808694253096541,105.07224918824016,337.6002469090522,9.562594129833279,32.38300781043254,5.242790984270172,154.4881998222345,43.414919367501994,210.0,7677.76301699999
451,120255.1360203,1,-1.0049275575047734,104.44329507652171,338.5409543809253,9.549807461099006,32.208621031255205,5.214192744105491,154.61371721436882,43.13474494615611,210.0,7695.198007799991
452,120271.2227342,1,0.7662202349438227,115.5645710854492,346.6810871278345,9.4964253210958,25.103330834996473,3.5310907994156535,144.65413800485052,47.55172768937897,210.0,7711.284721699994
453,120288.1126448,1,0.8078707325005767,105.85366533248704,337.07330073259885,9.41668007569337,32.20305991453077,5.1601805160979275,152.00864601851924,43.30979275070889,210.0,7728.174632299997
454,120304.5193469,1,0.9187895014781752,115.09364736155106,360.0,16.89093439443778,39.20274513806434,4.2858241138826365,200.0,27.16582700347324,194.8396571414848,7744.581334399991
455,120322.923969,1,-0.9810262037618297,96.91895327186432,332.8162051579169,10.49209722316063,30.668817126357713,3.859990716279718,156.86319401467307,30.465756432580157,210.0,7762.985956499993
456,120338.9472584,1,0.8293093724499176,114.42840053867145,360.0,9.559562826021931,39.95539889748501,5.373892043264575,172.6962622577152,57.44783365473589,210.0,7779.009245900001
457,120356.4284498,1,-1.0047530692297215,104.01609504022943,337.0635942147352,9.573298076148006,32.301324909743705,5.274507790649503,154.90427951401176,43.24612625884349,210.0,7796.490437300003
458,120373.7870973,1,-0.9871763463304059,104.75990748110682,345.3495247154551,8.900843635431883,34.95938980248905,6.057904093089967,154.04184352502676,41.715891515521356,200.74081039836383,7813.849084799993
459,120390.4192317,1,-1.0054585530783677,104.04774541607574,337.79242833520027,9.563568886834709,32.343921763255096,5.113449026490584,153.12098898447303,44.339068996941535,209.9997063228952,7830.481219199995
460,120408.4887487,1,-1.0052963117199298,104.39617294756727,338.58033404698887,9.596356152549953,32.51539342298093,5.129347907934765,151.23921340534184,42.98722696129756,209.9997752523884,7848.550736199992
461,120424.5334278,1,0.810705418505052,105.14882601572117,339.1057756059308,9.635311367416307,32.05770671736349,5.117075892952277,152.4937254078286,43.77057005123422,210.0,7864.595415299991
462,120441.2757691,1,0.8119444284757079,104.52357028644472,335.4262775684426,9.87979258731578,31.765161017520715,5.032408292371458,154.2895401491745,43.83922381756193,210.0,7881.337756599998
463,120457.2028492,1,0.8182271071970877,118.20077063894561,346.80592798168414,10.410878498348563,31.31363093708369,6.390748328661191,155.3225618666944,44.53482144465385,210.0,7897.264836699993
464,120474.3706287,1,-0.9804232760270475,105.50623937365512,339.73714326743647,9.367232404622012,27.739089512830688,5.3497327620899835,158.259434158591,43.99518221117955,210.0,7914.4326161999925
465,120491.8494651,1,-1.0054698912626976,104.4982562421931,339.28806076566843,9.55032574055173,32.02856752459124,5.182487996050365,152.11339830536133,43.6544110746573,210.0,7931.91145259999
466,120508.654873,1,-0.974212710730931,99.98205856834076,360.0,9.408043448366412,31.224661333601794,4.426860837747259,126.40985034163927,71.69133324983949,210.0,7948.716860500004
467,120525.2953507,1,0.8141804973622788,107.20633706525965,338.90572524031046,9.40090790565042,32.59082811698151,5.0354353263056995,148.7818350431741,44.46229933755396,210.0,7965.357338200003
468,120542.0754964,1,-0.6536203413940006,100.78913225521339,349.49277488241233,5.0,24.286823544181715,3.9828844553360696,131.95473240194042,45.81518903373239,190.32662368531464,7982.137483899991
469,120560.0063082,1,-1.0059410841990664,104.75628149436497,338.3844193622436,9.520826115074714,32.06117872210913,5.145744416212548,153.07744705934832,44.13637934198847,210.0,8000.068295699995
470,120576.9915168,1,-1.0064277637369,104.90476286433699,338.5469443646041,9.569629530911916,32.0180772077438,5.102213365818674,151.9107954667863,43.36237370212221,209.99981109883043,8017.053504299998
471,120594.735864,1,-1.0049828062459074,104.37767102767134,338.28419827370885,9.484399092715492,32.10417516016095,5.15186615043575,153.08354908877737,43.140627995141834,210.0,8034.7978514999995
472,120611.3342933,1,0.7484578813359772,112.85452170116244,331.78139572800455,9.564624986121746,23.537884734288646,3.324048922942728,150.5740382633673,58.97479098163626,210.0,8051.396280799992
473,120629.4225382,1,-1.0069202045003334,104.4180788890512,337.5501283166973,9.647723406478113,31.905153502095423,5.076003511612949,150.80866645064688,43.87381735082278,210.0,8069.484525699998
474,120646.0064013,1,0.8816106368181009,117.69803087963311,360.0,14.19235453023679,35.83642984273446,4.083165042446764,197.60557184549353,27.21048668577424,190.2311053812251,8086.068388799991
475,120664.2282806,1,-0.9804844440326684,100.6366086133074,335.97774125580065,10.169072362175584,32.643109193989964,4.016768100863764,153.61017881309863,32.36266778709314,210.0,8104.290268099998
476,120681.1883156,1,0.847136421131415,106.70366293800267,360.0,9.5157106739016,37.691565021934565,5.078100882572642,146.537484181604,48.73380628032571,210.0,8121.250303099994
477,120697.7707958,1,0.8123844948822402,104.55292152344384,338.3868377343128,9.711395597295766,32.24944189424906,5.0794804513050344,153.5332153311205,43.383892072178426,209.99984538027928,8137.832783299993
478,120714.7017428,1,0.7722618634437912,117.8063488792414,357.46085734953914,8.099009617571102,31.578871383362706,6.759482573599885,152.56673461246814,40.36034891175077,205.34903898302844,8154.763730299994
479,120732.2881113,1,-1.0058978582021887,104.1585346631532,338.167748128259,9.57055200397301,32.292493583795235,5.001046395236824,151.4488771134748,44.01871328220686,209.9997471883707,8172.350098800001
480,120750.580057,1,-1.0064010069067741,104.63955250808351,338.9286088669052,9.61865133936973,32.16750614900208,5.088598618561431,149.5636521643088,42.92331718762392,210.0,8190.642044499997
481,120766.797135,1,0.8112575672625706,104.99871224992185,338.3849072091278,9.653527473897128,31.890312410570207,5.116983444935389,151.6188498672792,43.78952990786926,209.99959503591094,8206.859122499998
482,120783.3358034,1,0.8143106398382133,104.23654895220149,336.19605033559117,9.850782875120478,31.920417534546644,4.910197787296486,152.74945308426902,44.10492516223882,210.0,8223.397790899995
483,120799.2645433,1,0.821616343719329,110.29331579790163,351.6411052314402,10.645405732913535,32.23101004206773,6.860225460746921,159.36457957932555,49.86655424915962,210.0,8239.326530799997
484,120817.224411,1,-0.9842270584828343,104.69321278616364,339.34806962554114,9.4148420570897,28.191548536306044,5.261167697580034,160.2580614957728,44.355842843595205,210.0,8257.2863985
485,120834.1758082,1,-1.0068409075142328,104.5386579781358,337.95266355838953,9.672708485575104,31.767949349835256,5.121930282444805,151.51081684167082,44.108430646133044,210.0,8274.237795699999
486,120851.293611,1,-0.9771854847323572,107.43908797199344,357.1817387984149,8.15727945476982,39.311213025024045,5.6307892124409396,152.17972476762085,57.1581233027327,210.0,8291.355598499998
487,120867.9390071,1,0.8175518544814777,105.50176798887145,338.68172714991556,9.810585715890506,32.38451311686366,4.915278760831538,151.7518094046697,44.659415478252846,210.0,8308.000994599992
488,120885.0692271,1,-0.6737952306871876,101.84986734480367,350.2502068142802,5.0,27.462073774609976,4.15738394966938,134.7873608106734,45.29990257512424,180.1694184537898,8325.131214599998
489,120901.9459132,1,0.8094910041087094,104.77524169408521,338.10235030056606,9.640578993069848,31.83762549263312,5.023877277353373,152.43081494441856,43.920432002792126,210.0,8342.007900700002
490,120921.1086034,1,-1.0064590669923017,104.46639765617294,338.66054895356996,9.613180052620542,31.7499235376856,5.009664412605224,150.05612804730924,43.50805510522543,209.99875567250893,8361.170590900001
491,120942.0408647,1,-1.0055240850866203,104.34822925628697,337.90728648274495,9.490699577761788,31.876940228930597,5.100861305732789,151.6163957166008,43.70929939255138,209.99919631436705,8382.102852199998
492,120962.0811225,1,0.7776655869391091,104.65763506074876,324.98229165414875,9.612949804737013,27.52222721598435,4.525301613607519,154.04239223207955,58.00139492152722,210.0,8402.143110000005
493,120983.8935688,1,-0.8513100162596707,80.27642310701017,272.288064342272,5.0,49.57193888316212,6.707299807029473,200.0,26.64958981591634,210.0,8423.955556300003
494,121002.9386107,1,0.8060563081110154,110.69355802688315,360.0,10.954975412384872,31.91970695061948,4.5627388942008995,192.56663886127805,37.14284381133916,189.03064881637215,8443.0005982
495,121023.7797838,1,-0.9974399354074512,104.53448917413061,338.2880857893389,9.6531789332809,33.492995435566236,4.823519389563965,150.73896960541634,36.40706477462622,210.0,8463.841771299994
496,121043.3179542,1,-0.9999478182290418,102.2452642392008,346.4007516547314,9.611546724376302,33.03798883827183,4.914873381711278,133.59647052083744,39.606486294735824,210.0,8483.379941699997
497,121059.5756935,1,0.8137902082533068,104.73448975187344,338.74263027245485,9.734693774804215,32.02849970475694,4.971409672888134,151.7353521979636,43.809801949706205,209.99976550998588,8499.637680999993
498,121075.4429235,1,0.7813250975034254,120.0,360.0,8.980732697463406,29.806221380353943,6.677023957321562,150.73799295679214,42.46984975389739,210.0,8515.504910999996
499,121093.3746653,1,-1.0067116293963119,104.25761911591337,338.2032873489584,9.645954509835462,32.02624030490259,4.9484375171559405,150.08560896975217,43.80204898107991,209.99942120812335,8533.436652799995
500,121109.7233365,1,0.8150948404588673,104.69807588902512,337.77240532882763,9.653172338759067,31.92045394584469,5.061355383530092,149.15643401042695,43.34588903435228,209.99966788297806,8549.785323999997
501,121126.615355,1,0.8116886424095758,104.62208547771266,337.9273058958365,9.661046158565759,31.806930815411825,5.103455400835935,151.0257375562921,43.834812245123565,209.99871316558057,8566.6773425
502,121144.1758074,1,-1.006930242048848,104.12372010731059,337.2936158660279,9.731730499129789,32.00519927904179,4.9063567339690835,150.85195493745934,44.11598458264304,210.0,8584.237794899993
503,121161.6303322,1,-0.973109956753914,100.96479135146237,345.88060020396904,10.4112441238841,32.4555403883054,6.92830746484715,159.02516120139978,51.61709643648753,210.0,8601.6923197
504,121179.0704725,1,-0.9982163549251056,104.04748009825722,337.75920801983756,9.505573096527552,30.139120887488357,5.133080380774975,157.34883104942452,44.49909635600122,210.0,8619.132459999993
505,121195.1747026,1,0.8128105921837608,104.52697856763317,336.9595793436316,9.733328663330289,31.71581154632122,5.062569433069978,150.92066320001723,44.13203106503419,209.9996574297037,8635.236690099991
506,121213.1808114,1,-0.9742250205240122,108.6002075082288,344.7109359250155,7.511851115144596,39.27402721928166,5.738371208547051,165.10840495125674,44.12453033447569,210.0,8653.242798899999
507,121229.437396,1,0.8171425516217986,103.98206853271572,338.2021323840519,9.928973104484477,32.24181746624693,4.9752791255353195,153.16657294785387,44.50336035304228,210.0,8669.499383499991
508,121248.1728619,1,-0.7655975775729543,102.48527582929061,346.2099824045092,5.514571682854563,31.55957709778971,4.33827227492074,140.65935123947406,44.638798588552724,177.96343474700234,8688.234849400003
509,121265.7810083,1,0.8127216607673787,104.43578059934453,337.89784414924605,9.709714361089283,31.771475689351934,4.987507513807904,150.9199390617447,43.79344694550104,210.0,8705.84299579999
510,121283.5188633,1,-1.006654082537701,104.20075577610652,338.3285263467577,9.639026405540344,31.71092722258319,4.960088683052812,149.41727651952374,43.93903156828346,209.9976072722316,8723.580850800005
511,121301.02278,1,-1.006894934419337,104.38217639299339,337.4808503475402,9.619644400699965,31.772500788388545,5.053749741466116,150.10189175144265,44.066493865219336,209.99817488853355,8741.084767499997
512,121318.7225682,1,-0.9934170289383845,99.9212480322615,325.46529966931377,9.672108177568987,33.72436625577109,5.249056940676931,154.20897591657067,45.20614984324434,210.0,8758.784555699996
513,121334.6926321,1,0.7102803654460531,110.70575700133855,360.0,5.847810323959691,43.41637161753904,7.672009557469486,200.0,29.15884389467762,210.0,8774.754619600004
514,121352.1635294,1,-0.956104011248272,103.18578391233976,339.9557263333628,8.704290520257704,29.75810705828224,5.194209883332917,173.8331736721044,42.65143292413554,191.869333363314,8792.225516899998
515,121368.5488705,1,0.8130101779800806,106.6469806937187,338.9735826397717,9.366566025234123,32.60133501688577,5.292336372977781,149.22526893819804,43.505044184482585,210.0,8808.610858
516,121385.7790361,1,-0.9966755585748437,101.63282112476145,337.35472066093223,9.683318806866971,29.992122065902336,4.8873889810532845,140.03476317753803,36.00519392901419,210.0,8825.84102359999
517,121402.5733828,1,0.8142334379244248,104.5253818997097,338.02620845553076,9.712259715569987,31.8899006973935,4.979000580589477,150.35639532226048,44.10665108434006,209.99903161774748,8842.635370299991
518,121418.8608614,1,0.7944601021181018,120.0,349.76694103260866,9.522271621357811,29.54950024347015,5.987971723757517,149.75525433960968,44.88870729839284,210.0,8858.922848899994
519,121436.5091029,1,-1.0072022524140383,104.39441276006765,337.6188917982541,9.68860663810414,31.858912715407392,4.990137062087619,149.91023973135896,43.74362952583385,209.99847096773752,8876.5710904
520,121452.9118755,1,0.8149364331473435,104.65477310364437,337.0726414028699,9.702418257403641,31.756624299549006,4.999243595297185,149.16777376079767,43.96232569560705,209.99819721647484,8892.973862999992
521,121470.7763445,1,-1.0071153989002568,104.23899781355956,337.4215476670622,9.691265064362259,31.76715857717474,5.014186499916676,149.868130450177,43.82731517108552,209.99889000855853,8910.838332
522,121487.7009825,1,-1.0069608622930601,104.32997711879177,338.167202596513,9.63285114645533,31.967166648481044,4.970700214194809,149.50244608062445,43.97006318947784,210.0,8927.762969999996
523,121505.6848462,1,-0.9897150082710263,96.60340961089814,334.728161605762,10.102197011608357,31.983877551185365,6.097764569267717,151.75513891825557,50.357361984881585,210.0,8945.746833700003
524,121523.0580419,1,-1.005950137018802,103.90672896105949,336.81777703559567,9.719860604163722,31.458051259688613,5.030272900407827,154.76599783248318,43.91822702250938,210.0,8963.120029400001
525,121539.0715113,1,0.8147336060189642,104.45540493052047,336.57150964708296,9.736920214826549,31.698836628973492,4.977095148028603,149.62773243136178,43.85804968502763,209.99939816961393,8979.133498800002
526,121556.7989496,1,-0.9707035773809018,105.63599538244378,334.78777585682883,9.24065299220511,37.02038367817791,5.778297796566563,161.71353884431812,36.74126063854739,210.0,8996.860937099991
527,121574.1307738,1,-1.0050386529676452,103.25958947956366,337.5524416608841,9.861370240310531,31.849619602834526,5.022954807315838,152.5134290333051,43.89710959897482,210.0,9014.1927613
528,121592.0798354,1,-0.9085847183763461,104.37484460223187,340.9912890283764,7.060145503680397,33.82617073514305,4.710076620251173,151.46797120583747,43.503210191793805,183.27704264369694,9032.141822899997
529,121608.7419191,1,0.8158711457684387,104.222606100626,337.6859965404873,9.734414201642064,31.799732987438976,4.969707930912209,149.20494745304953,43.69041155992468,209.99861979909087,9048.803906599991
530,121627.0624239,1,-1.0071157877587427,104.24500495621095,337.7169654615957,9.666847642348085,31.708466620878852,4.9386084018626715,149.42200232635142,44.13250184694486,209.99645999571348,9067.1244114
531,121643.5177258,1,0.8150506766875646,104.40419844960718,337.29768440134274,9.719966534905563,31.74822537366814,5.010380584424568,149.26854194325304,44.014320197480586,209.99860706991083,9083.579713300001
532,121661.0054499,1,-0.9639342539252602,101.47761769908132,333.2051592285842,9.710533719996084,35.80612378691441,5.588723181832662,153.38345224186284,38.05419061133987,210.0,9101.067437399994
533,121678.4821277,1,-0.8900721118391587,120.0,360.0,6.8347615465904745,30.959370125863913,6.3953252896927095,184.0888330589401,38.5512022425345,210.0,9118.544115199998
534,121695.7769367,1,-0.9163979396361177,99.08299797979822,327.4589973283331,7.478544425250535,28.952283383911602,5.407148994795931,146.3966826226695,46.34680150881816,205.93268137881785,9135.838924199998
535,121712.4573743,1,0.8054310624713024,106.84877410300894,338.3783767570261,9.339923852141617,31.64246851823144,5.426498443477844,148.95336358269103,47.53041282917608,210.0,9152.51936179999
536,121729.5384217,1,-0.9942843970302037,102.98671276609903,332.3952033923393,9.726523359444462,28.87751579267448,4.945378845009601,153.38334076177532,38.53453272879027,210.0,9169.600409199993
537,121747.5430602,1,-1.0074071846232038,104.33202080624125,337.3618907616951,9.693405458334077,31.794832332050763,4.9845433821983836,149.54094415232356,44.10430389607884,209.99763190247117,9187.605047699995
538,121763.1617048,1,0.8062127183237269,109.81301194712576,344.1020481164828,9.91119762303586,29.899600540284585,4.70887723004176,149.25748246242293,45.27782092449471,210.0,9203.223692300002
539,121779.5811601,1,0.9226423662030211,120.0,320.6675431746687,8.886467977057045,35.886945461679446,1.0,105.05488155782723,1.9697647170030876,210.0,9219.6431476
540,121795.4660606,1,0.8144724431639322,104.48684248842709,336.7261418534387,9.728853931127944,31.669752618604527,4.9605210754861835,149.42985083852273,44.35491922668018,209.99711358170106,9235.528048099994
541,121813.5491718,1,-1.00725953575312,104.04719761016261,337.0999386327976,9.708547405286861,31.746084272449345,4.9433524979504675,148.9844900778047,43.8282440183177,209.9977072861196,9253.611159299995
542,121831.6807307,1,-1.006775522525917,104.44328624756571,338.55544696918724,9.595197637694877,31.809245528494206,5.008626711435271,148.78092538070146,44.01522188878844,210.0,9271.742718199996
543,121851.6144598,1,-1.0028089799699758,99.2466739005296,331.09006339344677,9.724062746364723,31.69815761590347,5.028005087895483,147.75004624575038,43.674222730740446,210.0,9291.676447299993
544,121872.2473195,1,0.8175511853189061,103.89919829239564,336.52674284028825,9.819756345697446,32.24432245450298,4.9630438329610564,151.45560018547155,43.770769972535305,210.0,9312.309307000003
545,121892.1105278,1,0.8160219005001732,104.34619898062704,336.8138392308977,9.733196839190317,31.74898910027343,4.93672200887352,148.84966086312915,43.93632393866446,209.99900594771432,9332.1725153
546,121909.2788755,1,0.8587005320796621,102.99866840927746,331.4006236334381,10.61978848214086,35.397367665417306,5.636740411944162,148.49965024873228,36.758474792365746,210.0,9349.34086299999
547,121930.5555112,1,-1.0055572491402889,102.95924191135929,337.0947208606511,9.74829229156261,31.631631394606117,5.042737770561027,150.67120651307073,43.682433540043675,210.0,9370.617498699998
548,121949.8649275,1,0.8406400644485573,105.3818896258229,336.8266696538408,9.917788001253676,34.31100329700044,5.045080850713409,157.33224933643788,43.16534941228871,188.74363260592872,9389.926915000004
549,121969.9981694,1,0.8170808490173788,104.16046534106292,337.4546924604985,9.73773974575328,31.811541766954875,4.972384318002168,148.44539634661177,43.71036531632657,209.99744480296465,9410.0601569
550,121991.7057447,1,-1.0074895140013094,104.33349451218643,337.22790792714795,9.685383685974418,31.775616217745608,4.962874826458544,149.51098327577483,44.23202123951558,209.9961956811399,9431.767732199994
551,122011.6719183,1,0.816692735516365,104.38302497396033,337.2171739690738,9.771547401538424,31.738613688542998,4.9859079979379395,148.84505593626596,44.04719593996652,209.99852602816026,9451.733905799992
552,122032.2930711,1,-0.9879129052291444,103.46224613936731,341.5301086286337,9.716850826919874,33.947398165069124,5.598841199220212,152.25853840161142,36.17431883554048,210.0,9472.355058599991
553,122052.3670905,1,0.7313442622175932,119.94343094775331,360.0,8.882752346314614,24.4372275607883,5.065371295262957,150.19525489311513,48.52300751117352,210.0,9492.429078000001
554,122072.97694,1,-0.9910705250485761,97.80482825984576,323.0793989622498,8.982456350386054,31.115832663566586,5.114501587184015,131.43793716550027,47.62600979898633,210.0,9513.03892749999
555,122094.5248138,1,-1.0047925230697508,104.82423248951628,337.97713909554653,9.515305870708623,31.26052539840436,5.491977539702638,148.85970318537792,47.11349081216695,210.0,9534.5868013
556,122113.9523561,1,0.7872564241530803,104.20727230988811,331.27892421776255,9.738309775252194,29.074030538678485,4.992805574365445,157.65422413526687,39.97646505084227,210.0,9554.014343599993
557,122135.2456893,1,-0.8231921718374716,59.338276046472664,360.0,13.251049741619061,27.634881001781654,6.087221979728068,200.0,49.29292114597396,210.0,9575.307676800003
558,122154.0745569,1,-1.002285380534409,101.08178173819869,335.06080507484995,10.003245569716805,30.754166987731026,4.015597372343564,149.0716897115251,44.91527071687242,210.0,9594.136544399997
559,122171.0570676,1,0.9210671340213088,120.0,325.509009811963,9.033081333388585,35.09728004368129,1.0,93.84412617058346,9.333234279892999,210.0,9611.119055100004
560,122186.9424335,1,0.8144316931049085,104.28714219616299,336.79283496596116,9.726552235973715,31.716126932906164,4.941187425478496,149.58933130548067,44.53842632624056,209.9950357278076,9627.00442099999
561,122204.9448352,1,-1.007497465110274,104.1062825051135,336.99705481268575,9.701808622029013,31.745465062289128,4.909063632646781,148.8478497229121,44.22381599748438,209.99633432562294,9645.006822700001
562,122222.3020465,1,-1.0071588440581567,104.47613525659742,337.93955836221625,9.634932837791435,31.69988158753771,5.021087912145391,148.86747883068466,44.10364679074826,209.99774064365337,9662.364033999998
563,122239.0480667,1,-1.0046785645852354,102.92578128311476,332.64573900226765,9.492881284520955,31.61526847720298,4.400043850290496,146.77614389576908,40.5147316452193,210.0,9679.110054199991
564,122256.5255126,1,0.8234362283022099,104.20529699607138,336.833981346084,9.830044325524252,32.51040343456509,4.925829030662374,148.49482593538252,43.99458484893693,210.0,9696.587500099995
565,122272.6399527,1,0.8160905518157073,104.27948879463,337.25792376807465,9.730943266792684,31.79276971554701,4.93189581720112,148.86376352034426,44.252240005043355,209.99719434836507,9712.7019402
566,122289.5978326,1,0.8589445036834683,102.63257590741014,331.5723628778192,11.138875525662264,32.49635388489216,5.392895346143042,141.97973462843734,38.03286481268655,210.0,9729.659820100002
567,122306.8195944,1,-1.00697039102365,103.96266783216001,336.91995452492245,9.678118665068737,31.518891495800823,5.004512803858513,148.71662938728775,44.00031729591645,210.0,9746.881581900001
568,122323.7487823,1,0.8552009103904554,105.41664261637766,334.82159586746053,11.477172646811855,34.4110630177876,5.167615013322316,157.09157569033272,43.35772778504026,208.6101904832033,9763.810769799995
569,122339.7444534,1,0.8163435486000941,104.20419854099944,337.2376859866441,9.729843714489446,31.801196319929343,4.967730329529905,148.75641799718613,43.97206380665266,209.99712461056149,9779.806440899993
570,122356.4503244,1,0.8353903282203897,97.40205505670565,360.0,16.390309823237214,27.220941855437744,2.0415327982058926,197.27340954907737,45.76610369368546,210.0,9796.51231189999
571,122373.5959261,1,0.8169071684476689,104.34007003127803,337.1779263266113,9.762619931944766,31.769412181629267,4.951813464971275,148.67689790811517,44.18202724114129,209.99870270620758,9813.657913599993
572,122391.1988592,1,-1.0031669744619998,104.8897870050973,343.7758395996693,9.716976840308456,31.42320348637742,4.978281721637039,149.94753273979754,38.09389488732595,210.0,9831.260846699995
573,122408.2679707,1,0.8176594142585962,112.13827833340392,346.2702448568128,10.121046562698098,27.26917838916346,4.286589793087694,131.31339223648223,50.252617394810855,210.0,9848.329958200004
574,122424.2995283,1,0.8686688145063818,102.51591784347806,321.68033902587104,10.508949462579947,32.648576298220114,4.853548081139302,124.74264810741873,45.64506953625546,210.0,9864.361515800003
575,122442.6872835,1,-1.0056527180875474,103.47498747737372,337.1491681358829,9.745648295421447,31.09904606083295,5.447270991438135,148.89272525962534,46.83206271259997,210.0,9882.749270999993
576,122458.9107359,1,0.7997435176659299,104.95503772848735,336.5563968176659,9.70148462240384,31.130899893818366,5.007169031006939,157.80092854472318,41.66161616742094,210.0,9898.972723400002
577,122478.1314775,1,-0.7746389660357946,57.499559448495816,360.0,13.662625635138394,28.798786896560433,5.747394894500112,200.0,51.97369342356478,210.0,9918.193465000004
578,122495.2464082,1,-0.995187528106959,96.97488179114237,332.1754680866564,9.795330665708473,31.37628399717402,3.8028215720928573,149.16632807352636,44.56449788346331,210.0,9935.30839569999
579,122511.5412522,1,0.8760123401914007,111.1853599187341,331.6557944877053,9.761928739764812,32.10151313533646,2.3711159444087206,114.12471053335929,29.990404493679286,210.0,9951.603239699994
580,122528.5798514,1,-1.0073800105100434,104.02381732481147,337.02467599230613,9.724618150794418,31.752436168442937,4.923667309556328,149.45864547398233,44.523456268491124,209.99518023126745,9968.641838900003
581,122546.0080528,1,-0.9215490616892082,97.77441279462815,278.57006439994706,7.304326123133282,43.185273457917475,5.21381092221509,193.79371576241945,88.39390329048277,210.0,9986.070040299994
582,122562.7667038,1,0.8147688455094745,104.24260829473263,336.9929602395828,9.711244024820052,31.660809076833242,4.945146894827557,148.90478214609863,44.208090953334285,209.99623994643005,10002.828691300005
583,122578.7482037,1,0.8137066220372193,105.91901475769558,334.56040807073987,9.440497009601561,31.613835281509083,4.088630809525722,146.68439052085057,41.37775884225528,210.0,10018.810191199998
584,122595.7164846,1,0.8208628820052736,104.32584733493029,337.0225276315224,9.809323553318606,31.903031225366444,4.89244362089789,147.1903863926254,44.18882368895924,209.99805396648725,10035.778472099992
585,122613.0606471,1,-1.0074523389511751,104.15716882381292,337.4454672198558,9.703048091383934,31.778107119368293,4.910289097305461,148.86540670805613,44.421259091125,209.99660784925993,10053.122634600004
586,122630.2029528,1,0.8421325373571504,102.54352445531046,332.0588497236864,10.9396945598677,30.738754321567797,4.990396001785262,142.98400630891734,41.553361964806975,210.0,10070.264940299996
587,122646.1668554,1,0.815155771950795,104.60267123617734,336.87086232742604,9.648689824002542,31.65798889518186,4.966237879835934,147.67632665219134,44.1815784521225,209.999616503309,10086.228842900004
588,122662.8828781,1,0.8325009056712624,104.52233144638595,333.8740601341242,10.767872120746638,31.886457108618572,5.155747013257139,152.76635058014764,44.17760874426717,210.0,10102.944865600002
589,122680.3369405,1,-1.0075390850278325,104.19082595188036,336.9047848410548,9.704211743819004,31.778516179255032,4.9607881801512175,148.9849649906627,44.1687583623942,209.99705766188626,10120.398927999995
590,122696.4058746,1,0.8683550470034461,99.14173108882804,352.55315401151944,20.0,25.809824384484536,1.3062665118438792,191.4675222942807,45.6337383701973,210.0,10136.467862099991
591,122713.7915245,1,0.8168082313621078,104.21787639788457,337.02582979180966,9.753816426674977,31.76731349429002,4.923756161899762,148.5887784586789,44.27772593815627,209.9986417992141,10153.853512000002
592,122730.1246307,1,0.807057896964892,105.3723722058221,339.0942504609956,9.712085314746165,30.12746596773283,4.635082797984054,147.61913630099002,42.08439578421024,210.0,10170.186618199994
593,122746.9441926,1,0.858023213962573,102.03832955324336,332.1769567619684,10.752058109582402,33.12541761150571,4.44632534603776,138.02143480884595,45.73077599257478,210.0,10187.006180099997
594,122762.9569391,1,0.8741826532473685,105.6327188559423,324.51957445648316,10.587318894909787,32.648210071790075,4.736786571365456,121.67336225291344,44.40566467284119,210.0,10203.018926599994
595,122781.2625714,1,-1.006531423327009,102.98749006316568,336.65510940694844,9.850899461724254,31.493346959078238,4.989517440967088,148.8944900212909,44.649179714172924,210.0,10221.3245589
596,122797.9820196,1,0.8203057470931701,105.07536430519455,339.798540957327,9.681360017829414,32.7351203638687,4.967903895401658,149.7200349261633,42.77136409986534,209.99989895113112,10238.04400709999
597,122815.8955179,1,-0.8505767114947292,67.54157381459883,360.0,11.78351258466349,31.57356621667815,5.472556551866428,172.33989715256996,47.08708326270239,210.0,10255.957505400002
598,122833.4555624,1,-0.9936395390051389,95.85969269902319,334.81726239547356,9.657512457555718,32.01524957394367,3.9639163514189644,149.0444714777439,44.28813085757508,210.0,10273.517549900003
599,122852.6417893,1,-1.0050577978547608,100.8366309172547,337.5528878769783,10.161491645114005,30.151817072648342,4.3221986458348365,136.80870288776484,53.00434966529181,210.0,10292.703776800001
600,122870.133845,1,-1.0072641797801234,103.9598495619509,337.1091512874124,9.717293014330068,31.78393398106295,4.922794379040507,149.12713516910105,44.296571240450874,209.9958229938219,10310.195832500001
601,122887.4771545,1,-0.8210145708091455,100.37374026452942,264.7645173351243,8.164111745781938,45.8367072111889,5.35141546715197,200.0,90.0,210.0,10327.539141999994
602,122904.0415652,1,0.8161060366334048,104.06353469978274,336.3890360240746,9.750005489685591,31.739993812717735,4.910543118495597,148.9543681362082,44.22709964580073,209.99613548598535,10344.103552699991
603,122920.3648985,1,0.8141783390345444,106.92468668516483,336.3201580119936,9.56557664747318,31.68482290334793,4.726596573982837,147.63938963070743,43.612503463410675,210.0,10360.426886000001
604,122936.8125305,1,0.8174331575857929,104.34731785247325,337.03262940888385,9.774870109935431,31.51418032914581,4.881601148185387,147.29194102878913,44.28426018833982,209.99653526092422,10376.874517999997
605,122953.8181035,1,-1.007359021954344,104.09108020601124,337.3428003773369,9.68787647249247,31.769973443217406,4.90293460997438,148.93536678400824,44.39573532853481,209.99672199034092,10393.880090999999
606,122970.3147473,1,0.8203127579218713,102.71088868405536,335.61326674806264,10.341160938125972,30.460232251936773,4.758717106327241,148.3152115979654,45.819068406507185,210.0,10410.376734799996
607,122986.888311,1,0.8168779287331502,104.58147007704659,336.85948219016916,9.669639118522932,31.738974310635438,4.94349566827071,147.13546023257527,44.280164151502504,209.99835560292576,10426.9502985
608,123004.0680991,1,-0.9990556288103535,103.99378928174187,333.3669796490815,9.329963257982474,30.423465385423697,4.978446864793573,147.6919654971054,44.627829218095,210.0,10444.130086599995
609,123021.161078,1,0.8112726177344955,120.0,360.0,7.562958738867339,44.86840150461834,3.4543319784310205,200.0,16.92143882048295,210.0,10461.223065500002
610,123036.913255,1,0.876200642825196,103.02879184140323,340.43204904965893,15.745345071338832,28.37912849164464,3.267615322468301,156.9700446473668,45.5170019718822,210.0,10476.975242500004
611,123054.9628781,1,-1.007596074433395,104.12493642814161,336.8440445621637,9.702661980418448,31.774933915284965,4.91184393247551,148.69765523157238,44.28914429547877,209.9965837140774,10495.024865600004
612,123071.2705863,1,0.80602635057568,104.8218510671517,335.61364835722173,9.70177553329371,29.869326339092346,4.641567925750428,146.4959458868,44.28274216758757,210.0,10511.332573799998
613,123089.4759127,1,-0.9010023147184899,96.91395499554089,326.0524877604163,10.740323928808554,35.388635630401374,5.0154462503420545,143.25595247305992,42.4326166464242,210.0,10529.537900199997
614,123106.378294,1,0.8413031489747499,105.98773897907024,338.4097467993208,10.268672037282437,32.01737036877986,4.877797146395709,139.5904663402582,43.69838004250301,210.0,10546.440281499992
615,123124.1879843,1,-1.0058873112663538,102.93167441821687,336.5666185282714,9.820641477737528,31.747408162407087,4.716238805724235,148.9741473370449,43.10288416178744,210.0,10564.249971800004
616,123141.825524,1,-1.0037669024635762,104.76537490460733,340.8251604087638,9.685977759975165,33.05000322199243,4.943900715820357,144.72249877537374,43.63606201036853,209.99992321112353,10581.887511499997
617,123158.7445041,1,-0.929299379954582,79.12146039923489,356.97150966428325,10.335180378408491,33.16915737435424,5.10405303610445,143.2972500554742,43.747883489836006,210.0,10598.8064916
618,123176.7003189,1,-1.0025566051778934,102.30651855558321,336.83643704928556,9.591095736225853,32.172678122173906,4.077790059321083,148.9678117938724,44.02257994274515,210.0,10616.762306399993
619,123193.6352757,1,-0.9899769908535878,98.07999561783924,340.7648354473467,10.002200634965359,30.230689469337506,5.9317090476907826,156.94372937167634,60.51954676699242,210.0,10633.697263199996
620,123211.6401852,1,-1.0073033613420521,103.99816909951463,337.09393492422714,9.70043933600616,31.793186484959637,4.921174376491601,148.75649985459194,44.16583954323312,209.99766912482107,10651.702172699996
621,123227.3531558,1,0.8202750663294299,105.38289515812684,278.2613280587069,8.723619016149847,37.5027550284238,5.192044529331155,169.50060471028047,72.42089028692737,210.0,10667.415143299993
622,123244.0805087,1,0.8165789810684156,104.00201245951392,336.2036168686248,9.752483315087783,31.789035627613632,4.892509762321838,148.88166285038864,44.297880436818154,209.99574897191317,10684.142496200002
623,123260.3791892,1,0.8157752756256109,105.00465962210924,337.44350530891387,9.684619446208826,31.806590216240455,5.2225210030101215,148.2286427933276,44.97153845615426,209.99911894404738,10700.441176699998
624,123277.2984679,1,0.814626665481462,104.17409601622649,336.9892044980747,9.730597738626566,31.32701986978414,4.882282183245508,147.7056935662693,44.34097690777371,209.99647174893568,10717.36045539999
625,123294.7239694,1,-1.0074995823755921,104.08297795811599,336.937631147296,9.691289097857956,31.77031945055178,4.903166429924365,148.77875211661237,44.372464650344334,209.99696718266125,10734.7859569
626,123312.3924935,1,-1.0063821744407908,103.80198296031585,337.86439927838666,9.679718682674313,31.262028789420906,4.7166285869521944,151.4239847217383,47.25189007869563,210.0,10752.454480999993
627,123330.2176514,1,-1.0080036117102618,104.18503816478429,336.84526694705863,9.70411325714446,31.785594167261472,4.899557355375614,146.93865333093686,44.34131388345618,209.998260071537,10770.2796389
628,123347.4366179,1,-0.9744879872246752,103.81903103782982,335.0127218798773,8.594177026078528,29.74657557044882,4.851397395539006,145.82475880420404,44.645221244428186,210.0,10787.498605400004
629,123364.5747218,1,0.8019135155154066,120.0,360.0,7.428949713277866,42.5717918181474,3.297275934389388,197.07524133336932,16.12980210022376,210.0,10804.6367093
630,123381.0385937,1,0.8646378599836002,105.17350234041407,330.26793198308434,10.959504611198073,31.813629527127517,4.347943527908029,130.1335638002772,44.67087125978647,210.0,10821.100581199993
631,123399.3993335,1,-0.6925189662542341,54.27463870883078,273.5138947468195,15.149349931493319,26.151465967306994,7.417693595009704,200.0,56.22516073623761,209.9229272325326,10839.461320999995
632,123415.467924,1,0.8111984896923979,104.06504277612156,334.41126541973443,9.696605688732335,30.9431239831666,4.897527986597537,147.70461235408862,45.493793031193114,210.0,10855.529911499994
633,123432.4114898,1,0.8561970065179071,100.43432999137202,324.7267216483682,10.355134733959614,35.87965743003507,5.306234955360638,146.7701205403088,41.54494842493538,210.0,10872.473477299995
634,123449.679295,1,-1.0049213440098748,105.77048334969868,344.80195599230944,9.613285262168256,31.4544478999367,4.956542746665476,153.1507970621327,43.756019336651086,210.0,10889.741282499992
635,123466.9936262,1,-1.0058187934854097,103.07143677807525,336.54403202803644,9.794395325153157,31.909115475344397,4.697818584292662,148.79932089338888,42.85719863063211,210.0,10907.055613699995
636,123484.6449922,1,-1.0057198271438512,104.02970673938702,340.52972256134814,9.702946279362777,32.47605929903022,4.90694017932201,144.38318376067386,44.22621607498843,209.99755065662973,10924.7069797
637,123501.6274391,1,-0.9968121365071831,96.98215647693608,340.00146730285735,9.38670139673428,32.96408597910335,4.769501648458307,132.1351650954764,42.00487136816727,210.0,10941.689426600002
638,123518.5672867,1,0.8146735483649514,107.41464021283723,337.95322927291596,9.606761052054487,31.879802953793465,4.296827931160314,148.85288452932565,43.98167388320912,210.0,10958.629274199993
639,123535.6881094,1,-0.9847514400260606,97.19246226742395,341.3964439308951,9.740995014551022,31.796578239588143,6.355991344464729,165.64121765463398,59.98347148395644,210.0,10975.750096899996
640,123553.7657002,1,-1.0077327553277697,104.04033241454704,337.0300906238843,9.694379674953785,31.79528508145666,4.900235044393727,146.86491908253348,44.1578614095851,209.9985978539874,10993.827687700003
641,123569.6276908,1,0.8301219868044253,107.86186952134955,321.45399355149635,9.593418544178794,30.2007239682686,4.851178117309266,133.1562783594358,62.44265588504067,210.0,11009.689678299997
642,123587.7878218,1,-1.0076269359925996,104.0001926366727,336.68240455936,9.739385183193214,31.813480172545855,4.884733186489987,148.61440376628912,44.3503930309381,209.99601641870584,11027.849809299994
643,123604.6722641,1,-1.0065361678341345,103.8658475875059,337.60074518204203,9.763642961432154,31.861547648986388,5.4253807399953775,147.5044335965779,45.555732943991195,209.99858409159316,11044.734251599992
644,123622.8230284,1,-1.0072980571991854,104.08513558154195,336.9252253835902,9.688269645814549,31.285713398149984,4.891459643507489,147.71968546892433,44.37128762133988,209.99824263329683,11062.8850159
645,123640.4235177,1,-1.0077117777289095,104.14042611168122,336.62353136512354,9.698501460724177,31.772527648624397,4.903042891372818,148.63328024966995,44.356379237256505,209.9983853952342,11080.485505199991
646,123657.8208691,1,-1.0052056117959254,104.5156923685145,338.4877413404601,9.340087984870932,32.088657553873105,4.8552168814899295,150.70367529629544,46.95425468875929,210.0,11097.882856600001
647,123673.7800967,1,0.750948003276693,85.56756051157258,270.3339847969581,11.146997377741195,13.1342109443943,7.3092751247799335,104.04090612294193,66.7068683172321,210.0,11113.84208419999
648,123691.3029864,1,-0.9845625640903828,103.75661117463832,336.74569628863725,8.810365426269355,30.401075971284786,4.79304835981857,145.07307217457006,44.60865655066629,210.0,11131.364973899996
649,123713.9416406,1,0.8291569833850408,120.0,360.0,8.862068814892739,37.09007179756898,4.031277191334473,173.8284193322619,18.177100946951928,210.0,11154.003628099992
650,123730.5673849,1,-0.9569016984939691,105.51392962395786,327.89920977307264,7.378567767821676,33.69302743349469,5.177284443296007,127.88792398498711,44.1307282452597,210.0,11170.629372399999
651,123748.4949558,1,-0.7997282548117925,63.69932804148946,258.3124788616641,13.260150845443407,26.377745303296273,8.721927679867044,200.0,59.93762400461451,209.9087036004156,11188.556943299991
652,123765.6856653,1,-1.007948385393904,103.66807184939404,335.14608294747217,9.698861091179358,31.919017366445313,5.0393995355090055,147.67649992224892,46.02182492192645,210.0,11205.747652799997
653,123782.9844071,1,0.8369234084726391,103.40186748967061,334.18449819254624,10.116131897233718,33.70286950920261,5.101255453976424,148.7290019110571,42.09480707676963,210.0,11223.046394599995
654,123800.2233234,1,-0.996457217035794,104.69679683766074,345.43168757096004,9.283703401605766,31.155325977802356,4.949031619704557,155.5113827657088,44.331020607156674,210.0,11240.285310899999
655,123817.9355884,1,-1.0063512966981858,103.27007175592829,336.827060609415,9.74226894423048,31.89758408552985,4.814302886478486,148.2323618906521,43.04955360336715,209.99951758233985,11257.997575899994
656,123835.3314424,1,-1.0076250878790542,103.65367490468861,337.5323487016875,9.71263387400184,31.697713824809256,4.886508187752114,144.80133434730502,44.568617382080454,209.99655948491147,11275.393429899996
657,123851.4634678,1,0.8413393483631082,111.24634533667687,329.2392430073698,9.080238196872443,32.554832080546454,4.637446751117684,126.04791660508258,42.02044288831536,210.0,11291.525455299998
658,123867.5489078,1,0.8141708738971337,110.15210222623966,338.33385496161407,9.626574829932208,31.68360519654702,4.438337109927393,148.64217225206423,44.31224933013889,210.0,11307.610895299993
659,123884.3636171,1,-0.9937691118506955,97.7358758688869,337.3999747552504,9.59231965247829,32.64963122968818,5.357636591399222,166.85182342005993,46.89690263917557,210.0,11324.425604599994
660,123902.1664566,1,-1.0080387939296094,104.08547678923321,336.9452981518841,9.695806628281547,31.790590634960754,4.888585405039814,145.83609922704065,44.27436392378765,209.99923961252,11342.228444099994
661,123917.9270652,1,0.8336989295414658,107.61405266682866,356.0944563800513,10.174672031779915,26.624467681364234,4.6891241682714675,118.20053522474828,53.00513719409778,210.0,11357.989052699995
662,123935.637294,1,-1.0075054565291262,104.01979433375412,337.0185610989006,9.707951820155108,31.818900538566037,4.889407442918559,148.41107653457058,44.37177685077658,209.99774431934,11375.699281499998
663,123952.554008,1,-1.0068617591804214,103.41087454682395,337.33005339293413,9.775696817438364,31.82971950223841,5.219418230104456,146.61235481378836,45.81992629512768,209.99809902413753,11392.615995500004
664,123970.2833974,1,-1.0075978879629082,104.11786734283837,336.8332525588246,9.675695543331557,31.508202843049737,4.89998338453342,147.22070713654603,44.3763856041082,209.99930650037052,11410.345384899992
665,123987.7467774,1,-1.0078069955217743,104.18092187210534,336.60294062542437,9.707328147231886,31.77883102930219,4.901617648750493,148.36300266261765,44.33976232688195,209.99856158454244,11427.808764899994
666,124005.569276,1,-1.005262090760824,104.7686593725874,338.57003385785566,9.279481979651916,32.24471923736994,4.968551981365611,147.07491606949043,45.736784871859584,210.0,11445.631263499992
667,124023.1101727,1,-0.32052338143923287,120.0,315.6795533433145,5.424478965386129,8.453096044587276,6.1385903334814635,69.4166481576645,37.006648076409945,194.60365466494127,11463.172160200003
668,124040.3610964,1,-1.0037813758368266,103.78269411626971,337.7912826530101,9.428104955421956,31.264460017454752,4.8481688185662755,144.74064753373906,44.50363734330022,210.0,11480.423083899994
669,124056.5117254,1,0.8576430628570558,111.06200811978277,342.57657512710114,9.96205958835733,33.56720850374941,5.293386867260358,149.27684942200972,19.4344069439203,210.0,11496.573712900004
670,124073.8207092,1,-0.9007129251884735,105.36401071970349,334.2457142808138,6.366719883830879,34.51906447458384,5.468192086285022,134.92426885109455,43.98044689474249,210.0,11513.882696699991
671,124091.5482404,1,-0.9524254424511285,92.55635472544446,320.2703950426653,9.353596965584355,31.750267389246236,8.72239418066452,200.0,57.32009626137561,209.94498644813294,11531.610227900004
672,124108.595732,1,-1.0064417725836792,103.75684948094559,336.22216345058035,9.703561008397795,32.40500470775119,5.084519809983129,147.55807203599292,45.41020833967714,210.0,11548.657719499999
673,124125.9068372,1,0.8072212447269473,105.5441606499391,339.5824420906879,9.593264650654335,30.96713513918088,4.875606423428007,149.41228753373113,42.81549328097913,210.0,11565.968824700001
674,124143.0970402,1,-1.0022027490634347,103.84532945049595,341.20068161902026,9.41004379877516,31.466750691491058,4.9192299774940444,149.5181131943371,44.64955042169482,210.0,11583.159027699992
675,124160.8546074,1,-1.0069176275379117,103.58901315074806,336.9905404331958,9.683487605258112,31.78580041241042,4.90198920828914,147.39698188919405,43.55897210321284,209.9995095285792,11600.916594900002
676,124178.0597593,1,-1.0081259880403632,103.89816056531227,335.3418743694035,9.716414585281244,31.284727645586344,4.87836111667659,145.63148866182433,44.68388693618538,209.99661910450422,11618.121746799996
677,124194.2091214,1,0.8473357431191303,116.53339513086615,325.7287987689498,9.325007530781763,31.903330043278864,4.576456374446626,122.92076402545695,42.23226197982677,210.0,11634.271108899993
678,124213.4758872,1,0.8138535619172392,108.48457112621742,338.47467320629266,9.64017470999526,31.580609444475886,4.695793484129554,148.3142730554048,44.499582688798796,210.0,11653.537874699992
679,124230.5814072,1,-0.9963969436414419,99.07870408285055,334.7073708248537,9.598491463745871,32.56458078086229,4.639467733515903,156.46465907146705,37.79783176546401,210.0,11670.643394700004
680,124248.4287883,1,-1.008460613262107,104.06476582085352,336.3799868474994,9.715366482972469,31.6574206020276,4.8806620312677085,145.0883938890282,44.68276086057762,209.99807948716753,11688.490775800004
681,124266.4570892,1,-0.9890429084674253,104.41010299668645,360.0,10.04829879896812,28.101071486563594,4.7124374964742834,135.4758440978388,40.44657064951719,210.0,11706.519076700002
682,124285.1829791,1,-1.007481504985953,103.98939545631089,336.9748841957815,9.69350530571834,31.35307904789331,4.882471898381379,146.54358488839208,44.384294963188005,209.99853211605307,11725.244966600003
683,124303.3014901,1,-1.0077328573031106,103.32641724935962,335.5390337601434,9.743043330555697,31.473686335267537,5.0882905483568095,145.34617522247007,45.67817445721214,209.9966167289965,11743.363477599996
684,124321.2264383,1,-1.0080808546193374,104.02694518701281,335.8561870566231,9.687736650732447,31.612999570475633,4.888302818759694,146.79759736371332,44.62495180526338,209.99848640109727,11761.288425799998
685,124338.3224904,1,-1.008326536546544,103.9838985178551,335.44680621197193,9.713396407739614,31.54726084142233,4.892377240930326,146.18904830234393,44.61630152986902,209.99878836453172,11778.384477899992
686,124356.2414742,1,-1.0056721544461042,104.51223644330511,335.47802233988756,9.363438429434185,31.60005138183062,4.949105044505688,143.86175263356694,44.062528514441176,210.0,11796.303461699994
687,124373.0441508,1,-0.49496038675686344,120.0,356.276321929545,5.0,16.097905671571475,5.1992061120347035,118.50879637094154,21.372551436923988,192.52022004384372,11813.10613829999
688,124389.3814586,1,0.8236541611500143,103.90971755331859,336.3415895982798,9.840835491958051,31.75967161361277,4.897503009113307,144.93190809181124,44.474289183573944,210.0,11829.443446099991
689,124406.093872,1,0.8640259638507317,100.48350712463456,328.83052958447826,10.496991146871474,30.607307589234743,5.824301666348685,132.160724376849,23.883579102247552,210.0,11846.155859499995
690,124423.3537275,1,-1.0030508823652382,104.88717732002115,338.5318973118524,9.062685334604222,34.110569302102824,5.3909709864670035,144.47780885171048,44.19264479805246,210.0,11863.415714999996
691,124440.0830433,1,0.7344582771681637,114.72125740307956,360.0,7.543444784643702,34.291718152624625,8.24535348006793,174.24274003402348,45.245464183546694,210.0,11880.145030799991
692,124457.5478984,1,-1.007346749389839,103.91660735787005,336.7569681729197,9.706871842704071,32.155536069380645,4.992930519879015,147.16321831386108,44.852552329128585,209.99965848378534,11897.60988589999
693,124475.2026103,1,-0.9948758218128354,105.25252283255864,341.1839676623012,9.370962280919027,29.77383263490671,4.751827652366771,147.62077840994723,43.41843879722623,210.0,11915.264597799993
694,124492.3246034,1,-1.0086102862769621,103.4047675298194,333.73096794905115,9.681697851577777,31.573311483550242,4.8873741261166215,142.77903441304878,44.828025660891264,210.0,11932.386590900001
695,124510.2442609,1,-1.0078846610478345,104.06486104732889,336.4491973187109,9.663396266376097,31.60662581927818,4.928023958988627,146.57274612272334,44.85531530406573,209.99800132857882,11950.306248399997
696,124526.3093175,1,0.9049285576548198,78.18309712407066,332.0804558400356,13.445849393102499,44.27327836549459,2.6373291464517683,200.0,28.350042217995636,187.94350949319258,11966.371304999993
697,124542.8492314,1,0.8216065062775404,115.56457732568728,330.3112618046931,9.49324112010818,31.445418066304953,4.655003540917139,141.19150322058633,43.317253973831725,210.0,11982.9112189
698,124559.4187999,1,0.8168440640062904,106.53065726252612,338.0387346368467,9.712773068334156,31.369056024728028,4.965016593043811,146.04651262149707,44.710345122558735,210.0,11999.480787399996
699,124576.5931429,1,-1.0024842625955006,102.40719783668469,333.4685910062835,9.619200448300793,31.558305039314806,4.292454901907407,147.17985346457715,37.65872719639121,210.0,12016.655130400002
700,124594.7127744,1,-1.0086905451475598,103.43005953471452,333.6108356987054,9.699077246474648,31.57018502618372,4.8824566136999685,143.37625456853883,45.03162752753349,209.99737031009104,12034.7747619
701,124612.363549,1,-0.9890909146218283,102.57782923870414,360.0,9.947040399813792,31.762286920371523,4.7328031481636055,151.67795718640915,35.55303356447941,210.0,12052.425536499999
702,124630.0275859,1,-1.0079400818188657,103.71143475149174,334.705015254856,9.677131733679692,31.15910440816406,4.879386871528062,144.45977611547596,44.76332661647824,209.99913785277678,12070.089573399993
703,124647.5789289,1,-1.0086379954632536,103.32167949323562,333.6959570958594,9.714436996519325,31.366825957704258,4.873249745789751,142.15382176053336,45.13269153213995,209.99636398589533,12087.640916399992
704,124665.0744361,1,-1.0090290063855933,103.66059514670812,333.48877491870616,9.69329809192681,31.66375249058844,4.881300206416422,143.37895367529157,44.88394107373752,209.99834793418745,12105.136423599994
705,124680.9137447,1,0.8210471438815672,103.78454351487254,333.39513483503436,9.704759553264664,31.441444099142192,4.886710887339567,143.37462015914556,44.82644819040037,209.9993174783455,12120.975732199993
706,124697.999442,1,-1.008743199590002,103.72984734377246,332.28590673803075,9.641971994313165,31.236338245834492,4.890066886001376,141.17753984021286,43.60684831962871,210.0,12138.061429499998
707,124715.7250714,1,-0.8214052499835262,120.0,360.0,7.163123977919562,23.830832155205943,4.521679786260209,147.8014774336426,34.11832799388264,191.65616930141303,12155.787058899994
708,124731.8408462,1,0.8314027908526321,103.48746857223043,333.94932905545954,10.057652391117813,31.852840448458544,4.9240760760504765,142.97811323206022,44.71727415188361,210.0,12171.90283369999
709,124749.8281339,1,-0.9920017130021324,95.28138471750538,322.0543905668467,10.01833124717075,29.384727685547425,5.7505864536175055,126.72597818167468,36.748007665491336,210.0,12189.890121399992
710,124765.9352596,1,0.8448695742112907,104.5939355545957,337.8156012469681,10.899777339278803,32.84938838936088,5.1027038835038745,149.20925685370307,44.78774819089015,210.0,12205.997247099993
711,124783.9283187,1,-0.923025333520457,119.05864148226075,357.67522351877244,6.980887484949761,34.00594906285825,5.028277868405627,129.3876036937878,38.23966478265248,210.0,12223.990306199994
712,124801.0136679,1,-1.0082561226233862,103.57428778284763,334.31831889953355,9.688584483902938,31.97084929975947,4.879021819432581,145.60742338075386,44.52652264507916,209.99953454062543,12241.075655399996
713,124818.8480016,1,-0.9934124018033272,103.833854220355,336.02603802266816,9.2659147445089,29.81438927146188,4.710791019500803,146.5701549691846,44.711956313868804,210.0,12258.909989099993
714,124835.2003999,1,0.8101969492921941,107.4684344554241,360.0,10.576492578635406,36.92565276203834,6.0082510414704275,200.0,68.41419158008478,210.0,12275.262387399998
715,124852.7809876,1,-1.0088361012511589,103.86519963485195,334.59371678855393,9.655624956617444,31.49949765958302,4.936734771688511,142.4815120748083,45.553840048085334,209.99840100618414,12292.842975099993
716,124869.1246194,1,0.8955599498862298,72.74275603154634,330.57346675415334,12.373500816599337,44.10889380373475,1.9870506846475449,200.0,25.54886063227692,184.44067340716379,12309.186606899995
717,124885.1316702,1,0.8090674831966383,103.6518103485868,333.0979992459366,9.72575679239594,31.26488573603581,4.73232360807595,151.44013394335252,45.05544029286819,210.0,12325.193657700001
718,124901.9981585,1,0.8229465867418008,104.3711352106491,337.534185031128,9.74854818883131,31.331396310954354,5.095628891666106,141.89470045567236,44.931523919185175,210.0,12342.060146000003
719,124917.6789247,1,0.8208527971651883,104.78372606711005,332.9009490900558,9.63798144510128,31.01547715515149,4.364618139815032,141.86174938295292,41.057511483583575,210.0,12357.740912199995
720,124935.5357958,1,-1.008874807958678,103.1510502344543,332.0605577374777,9.685496806353058,31.58921612514094,4.88296040027914,142.4368719572728,45.19745035492368,209.9973474583755,12375.597783299992
721,124953.4459704,1,-0.9902695205529378,102.47787257858963,335.43607935655285,9.829484312725121,33.76349360761499,4.747354202345887,153.7670945308019,41.523644111629864,210.0,12393.507957900001
722,124971.8730712,1,-1.0086510746998707,103.52234313926454,332.9125621948446,9.674641402246904,31.29357139331334,4.878087620087599,142.65657485425103,44.99168592255062,209.99936324427944,12411.935058699994
723,124989.5426163,1,-1.0093652310943162,103.52582753726139,332.5924414869388,9.685629353348768,31.578359338159938,4.757054800245043,140.930381656562,44.68297336783318,209.99672212209188,12429.604603799991
724,125006.083241,1,0.7282484172563557,120.0,345.29711846085036,15.494290372084297,17.534119298583672,7.185855726561971,200.0,32.92584910010105,207.72894409656442,12446.145228499998
725,125022.8373816,1,0.8233805254879293,103.63536939735718,332.314412396486,9.694939749272425,31.491338543197177,4.878563568375172,141.82941062475115,44.95510493935308,209.99931928340425,12462.899369099992
726,125039.3940083,1,0.8272932714106417,103.26836068984386,330.85797927627925,9.833608162983491,31.350545851883375,4.8516687844982975,140.6734304788481,44.16882347689872,210.0,12479.455995800003
727,125056.3662196,1,0.7949025989187667,118.5541836802312,357.6463523597084,9.677776287402853,31.436725650221774,4.32746063202885,163.51159326684274,43.16537727935503,206.42232054462053,12496.42820709999
728,125072.3345072,1,0.8339630177445017,103.39106615680068,332.48670912200623,10.15400690635758,31.788949420045796,4.918180912835369,142.22506152756407,44.9156109410524,210.0,12512.396494699991
729,125090.3373621,1,-0.9920114202128324,96.01697250360587,322.67046368985393,9.707959396462336,29.53030800372182,5.637804012105079,135.8251828625563,48.64143566487119,210.0,12530.399349600004
730,125106.397029,1,0.846984071218808,103.79489376040658,333.68273252652983,11.457513289074537,31.472440398569226,4.854247859329939,148.72672404474767,45.17376021302408,210.0,12546.459016499997
731,125124.3614602,1,-0.97929509372334,106.48005180085087,337.9152101902815,8.404078413733474,33.1902774633392,3.168008731303728,110.89538835563377,40.30185507021085,210.0,12564.423447699999
732,125141.7568294,1,-1.0087024747116689,103.46136407985139,332.6453584616405,9.678835908739826,31.845292335729212,4.817138063590198,144.6524752317923,44.57060624315805,209.9987764294132,12581.818816899991
733,125159.6611247,1,-1.0048502935482055,103.02420280435052,331.3360119557057,9.595247530125848,30.562599779143632,4.821842971461569,145.09279861833903,45.49537146391389,210.0,12599.723112199994
734,125176.5297725,1,0.8167352282944011,107.73444862313433,360.0,10.920240195928733,38.09588260645479,5.5337609733885085,200.0,59.11140591166894,210.0,12616.591759999996
735,125193.8387376,1,-1.0092774506141762,103.55955901171231,333.3032887761019,9.658943830875788,31.538466939578733,4.890447746714825,140.2641950431926,45.53510608694216,209.9988079289331,12633.9007251
736,125211.0530959,1,0.8143975507814604,89.45734956064649,329.92563682459667,9.654711630002604,37.91882775964057,2.543879523302551,200.0,29.52117888425736,191.75748587742373,12651.1150834
737,125228.5754197,1,-0.9987878976524298,97.10825665104096,334.6923143331659,9.837982870326082,31.451717473693755,4.825145978689391,151.27235248417585,45.978743121293434,210.0,12668.637407200004
738,125246.664939,1,-1.007979351460481,102.67682627009984,333.5310550264834,9.743949021388138,31.3396006223877,5.146409129078113,140.2119358868033,45.036872208697424,210.0,12686.726926499992
739,125263.0731131,1,0.8216784982048457,105.49118467916497,332.72527457883916,9.697174191154787,30.81179161614576,4.861436637257768,140.12210860584173,44.54917104235264,210.0,12703.135100600004
740,125281.2022479,1,-1.0093656695490123,103.27022788687786,331.3183079810112,9.678100392873716,31.59907643057131,4.848901713625823,141.1562825695573,45.006234754283604,209.99722670862678,12721.264235399998
741,125297.3317101,1,0.8158385278398959,103.09651397561171,321.8080493931638,9.647502943020807,32.72219224064313,4.755353273899358,152.77801508466823,46.20263636156132,210.0,12737.393697599997
742,125314.9389824,1,-1.0094206087426514,103.41951250751364,331.6867358564695,9.680704879543123,31.565256097744506,4.835507472408359,141.19691311032625,44.94850700703252,209.9971271428867,12755.000969899993
743,125331.5694231,1,0.9423513132835962,120.0,360.0,16.332190080660578,50.0,1.0,200.0,20.54160212506883,185.3760250257139,12771.631410599992
744,125347.7915779,1,0.7329011251114675,120.0,350.7730200307184,16.445924278063103,16.747885925763264,8.408308706826263,200.0,31.723912423378817,206.60188162615384,12787.8535654
745,125365.7383317,1,-1.0096161457277217,103.46246891482369,331.96519639938657,9.686189590451237,31.589146594947056,4.869395885352235,140.1377830129886,44.81563448220933,209.9971940411424,12805.800319200003
746,125382.1479223,1,0.8286920626284767,103.24767696487473,330.2158212222971,9.840540231982565,31.542419263649244,4.761492898313744,140.60043787208724,44.64186853829143,209.99694817542155,12822.209909800004
747,125399.2337551,1,0.8487460152652764,110.37747952600604,342.8966768616871,11.060953613378503,35.65991962894053,4.551926342982275,161.04683550990157,48.462334916733575,210.0,12839.295742599992
748,125415.5294496,1,0.8309562959533292,103.40054050108206,331.6868633651012,9.995148300837291,31.686416101933894,4.843865718900931,141.7048890956796,45.012103948962995,210.0,12855.591437099996
749,125433.398038,1,-0.9985244189365499,97.10298662664947,326.09906181420723,9.536164199998645,31.111200643944244,5.3037213602570175,142.25139712169982,52.292336830981775,210.0,12873.460025499997
750,125450.0190232,1,0.8362159405780782,103.2483000779481,331.19071828602284,10.705183094829815,30.74112164516317,4.6993040768352285,143.50655959903403,44.98418826432172,210.0,12890.0810107
751,125467.2451812,1,-0.9915480473422527,98.94602887285896,322.09117861061935,9.410766178630077,32.65219803906632,3.11706505742033,120.220685179659,44.518847958939475,210.0,12907.307168700005
752,125485.3857011,1,-1.0091095295637225,103.41278935468753,331.7089067280887,9.677732686092117,31.650518861485217,4.7783188547155415,142.92041935098152,44.63289180519679,209.99704788891353,12925.44768859999
753,125501.1671904,1,0.8290633863565408,102.69858756890096,328.96644608022353,9.82402798838738,31.58415263106958,4.84040041542406,140.132325669257,45.519888167262756,210.0,12941.229177899993
754,125518.3266391,1,0.7913255359422631,106.2548900355752,360.0,10.519744309279812,35.70437590772201,4.749852811942891,199.9406415026416,53.06060449403068,210.0,12958.388626600004
755,125535.5990136,1,-1.0095624494413031,103.36879503340417,331.96427446599955,9.670149865736013,31.597872475102474,4.844589914498671,139.49759240667356,44.89586481625401,209.99851539595812,12975.661001100001
756,125553.1313275,1,-0.9410332541239199,100.87408195114338,330.0816223553428,8.180098346124122,29.398874342619308,4.131039718172959,195.58137558773697,46.62350837934178,196.24094593601288,12993.193314999997
757,125570.1099808,1,-0.9970203258916475,95.15629243540666,334.8350685769485,9.763609333600314,31.590322769771593,4.823163002842909,143.1814279281991,46.23074897613544,210.0,13010.171968299997
758,125587.7149367,1,-1.0085227373656735,102.17720489719886,330.5259697530492,9.728341676469821,31.51817122250769,4.927669385089874,139.8206972310585,44.83097459970849,209.9993760894416,13027.776924199992
759,125604.2100931,1,0.8225374512434779,104.31784032345249,332.5807438165225,9.719499360739428,30.875447228124223,5.07575859552396,139.68883908848028,46.493602078295815,210.0,13044.2720806
760,125621.6600259,1,-1.0096196997777698,103.38076912012079,331.4691560134698,9.67433224141949,31.60295980776106,4.837810478929472,139.87982262393064,44.7178144679901,209.99733281544468,13061.722013399994
761,125638.2203366,1,0.8161092917249273,103.56834041739415,315.6449682689661,9.585660382476798,31.905483196270744,4.873096910556238,147.9891326782457,48.265791858367365,210.0,13078.2823241
762,125655.5915038,1,-1.0099216939040743,103.3803188942824,331.18756332155164,9.687523613007908,31.732793723696048,4.83179673023907,139.63671925641094,44.91292261689083,209.99603376547816,13095.653491299992
763,125672.4322327,1,0.92826689979866,120.0,360.0,13.379155693411962,50.0,1.0,182.7484895537957,22.992933147498636,188.49964102517075,13112.494220199995
764,125688.8254989,1,0.6936282150975903,118.66009337435213,343.9897594617696,10.67231198530151,22.40543075604988,7.5738314030280485,193.12200599460238,39.53825403121297,209.0742918453083,13128.887486399995
765,125706.4479218,1,-0.5911638429251814,52.81825691307669,293.28528223534283,11.467231940424035,41.209573453579175,6.241473811589647,191.9112021300867,80.01381710538854,188.7260679680026,13146.509909300003
766,125722.856392,1,0.8283964909886654,103.35609437831187,330.16778370567215,9.776620131140234,31.680648646756335,4.797396727032778,140.44240305166653,44.93513400911068,209.99537007024998,13162.918379499999
767,125739.2038063,1,0.8635156977023749,104.74939531033162,324.187774635556,10.762939350414426,37.257846703512776,4.890087261882547,151.03490168589738,48.86457991869076,210.0,13179.265793800005
768,125756.0396235,1,0.8286161107811746,103.42675155132915,331.3889025784386,9.876711529045046,31.546136380587686,4.824074425333389,141.0804345230162,44.89491983706004,210.0,13196.101610999991
769,125773.2350877,1,-1.0054077391894252,101.15202628896678,331.754483025434,9.449897517517421,32.303075652193925,4.757666045801392,145.2950009470764,49.273999545505404,210.0,13213.297075199996
770,125789.9481197,1,0.8320683885313532,103.14743381383305,330.3277253027489,10.197122815346098,30.95959046188684,4.737088788989674,140.5620276673664,44.85749142127915,210.0,13230.010107199996
771,125807.0253986,1,-0.9933688772558252,98.20952065295802,322.1420840960328,10.231807947010655,31.9381288515489,4.379289060462382,142.6889752900225,46.90423023685293,210.0,13247.0873861
772,125824.6479527,1,-1.0093166947629053,103.41663838382517,331.32130552596215,9.684847778099515,31.524980371242467,4.808388768269772,141.85206661661186,44.7240756434977,209.99620320559555,13264.709940200002
773,125840.7140409,1,0.8386347454787075,103.21342012267158,328.31622258221597,9.938737781700993,32.14829129270303,4.860445960613693,137.4093194133169,45.461852165895415,210.0,13280.776028399996
774,125858.4753143,1,-0.9897498150129151,103.53360141057313,358.13453498490753,9.781024593195855,31.7073159181183,4.429931512929641,181.64210213662017,42.927036758228155,210.0,13298.537301799995
775,125875.2348329,1,-1.0097728239756163,103.32457927947675,331.2285393664125,9.690172719541955,31.62881133030625,4.82136184153637,139.28649463078668,44.50766518777984,209.9971762660795,13315.296820399992
776,125892.7877426,1,-0.9306134504645726,109.48589865809996,331.7070769839199,8.16313900734238,26.528524901870664,5.410426724843225,138.1267123962855,54.995799541247784,205.128702680431,13332.849730100002
777,125910.0898349,1,-0.9983552068710281,95.44151297531387,334.17315899834927,9.681840367650809,31.665461195532696,4.854441612140445,138.20473593798653,46.3084994161603,210.0,13350.151822400003
778,125928.0402029,1,-1.0097681300757,103.08464311591034,329.75075443966637,9.71291296270732,31.682969695927778,4.76324375582003,139.81696222448775,44.71019803283637,209.99738886412962,13368.102190399994
779,125945.6843359,1,-1.0095191614603034,103.29128331624372,332.25534653397597,9.71525858682663,31.50834606405424,5.077230768650388,139.6678028583488,46.379521986394124,210.0,13385.746323400002
780,125963.2109824,1,-1.0100079268218976,103.44109957013069,331.3517948554752,9.682142122358309,31.69893510371883,4.829485260005347,138.94492291808191,44.700075215168866,209.99707867736268,13403.272969900005
781,125980.2953571,1,0.8230403763674903,103.70394094803734,327.14333115018525,9.611610323497855,31.338298244461495,4.8996209190324205,140.0831589812899,47.389421199873475,210.0,13420.357344599994
782,125996.4721859,1,0.9685394761071511,84.74189476744294,349.77136818742656,15.175470724752739,50.0,1.0,122.30771119001702,36.30099767347848,195.17679623007808,13436.534173399996
783,126013.2157793,1,0.9104430263771164,112.89339858809063,360.0,11.223254726808484,39.36185764329949,3.446672715190605,132.98761392181027,27.872043500264773,208.41795812749575,13453.27776679999
784,126028.8205639,1,0.7273084981239722,117.88713562552508,340.0873613601067,7.413200275989232,32.45335086315529,6.666384608728869,170.22975868554244,46.749542570645986,210.0,13468.882551399991
785,126046.3624695,1,-0.5975563464203344,59.9647986929192,274.23137055188266,11.172871041944937,42.15161413864986,6.538707656561332,187.4776084620509,67.70306305730492,191.4433466426272,13486.424457000001
786,126064.1980009,1,-1.0099954781390494,103.43733045330143,331.1567770634039,9.678786603051075,31.789296984503224,4.850927436574871,139.71938287203912,45.0958414001923,209.9945001141102,13504.259988399994
787,126080.8217193,1,0.8489815650247964,101.25160404742095,319.1503700027629,9.994023733343578,33.46637003811242,5.048811388102022,136.10201073649947,47.44130136514093,210.0,13520.8837068
788,126097.5059399,1,0.8283036225440689,103.3976266974436,331.12025855228046,9.732165984739813,31.645134971642552,4.819963167109443,139.65740221820192,44.84029449313499,210.0,13537.5679274
789,126114.3719141,1,-1.0084443139698163,105.07282872787499,334.7245428882599,9.414116279415161,32.800633096363136,4.48904143776257,142.65338043294707,44.41460934457618,210.0,13554.433901600001
790,126132.5111926,1,-1.0093772197670547,103.25235603688134,330.4588515950644,9.639168492746718,31.23008275130272,4.851292493692472,138.0492539854796,44.81128158696768,210.0,13572.573180099993
791,126148.6991016,1,0.825731272516671,100.32076234364294,323.1209111666306,10.546197131803417,31.48151709756574,5.135526355499727,152.57817433797496,47.91406754211269,209.99962850805815,13588.761089099993
792,126166.9333432,1,-1.0095083868358377,103.39862901806761,331.071624653609,9.68919881322726,31.487334744957913,4.837230140473505,140.8936552874209,44.80725707790463,209.99577795060506,13606.995330699996
793,126182.7408915,1,0.8369207543908873,103.6414002314351,328.06363081882137,9.804084272391135,32.12470011612025,4.865392199510696,136.67849116461775,45.356583107874236,209.99745121345046,13622.802878999995
794,126200.0430428,1,-0.9840745175347552,101.98017520264098,341.5127574200946,9.357200108164372,29.51846566211559,4.6390588256728815,160.10270352753608,37.374480455539285,210.0,13640.105030299994
795,126217.3563322,1,-1.0099842892840456,103.354886327854,330.78286547452973,9.70090810481361,31.72849363927549,4.817822876286583,139.44861213471577,44.6895636423939,209.99605141978353,13657.418319699995
796,126233.5984688,1,0.8523832641366228,110.77918135496628,332.2840616221506,9.49322503033427,28.49529926186312,5.950219278534991,107.20304054084298,54.20585838898675,210.0,13673.6604563
797,126251.3258411,1,-1.0044289444449508,98.78942522796774,331.4722611836621,9.637732800745486,31.769421053290223,4.8509943187573885,136.04949478537762,45.769268804450945,210.0,13691.387828599996
798,126266.5310714,1,0.828882952783616,103.62797798829507,329.4744646668951,9.701860693294819,31.817883571680998,4.736256428992341,139.73215126609264,44.65389146375214,209.9951928919622,13706.59305889999
799,126285.5462777,1,-1.0090510935555974,102.73558675281161,331.133641417664,9.70569023493833,31.932809901772302,5.077005544689925,139.6469203252935,45.262141742212,210.0,13725.608265200004
800,126301.2935218,1,0.9170491809334081,120.0,296.7022764740859,8.89247448267341,38.64614169576244,1.346794627607756,92.70830834971923,21.977571942430856,205.83594673597523,13741.355509300003
801,126319.0394114,1,-1.009244915454932,103.54248178467537,335.0932505480532,9.668121996473323,31.132631813640316,4.903034479016367,135.72588057220204,46.67909912318835,210.0,13759.101398899991
802,126335.1548303,1,0.9754753536446632,89.38178961311397,357.61577381716734,15.612126460327207,45.72837597701778,1.292738634205774,115.78846353364143,31.728858907805744,189.71577790131494,13775.2168178
803,126352.7084595,1,-0.971251752914077,105.96626841425157,360.0,9.753819147162547,26.840131729517203,5.9424907374732925,108.37099405877889,37.275987097217765,210.0,13792.770447000003
804,126370.4206165,1,-0.8984862425410779,115.54213712157963,334.38676459472464,5.94494219299901,37.54836673901399,5.3089944807624905,154.1063986568712,49.58082637658624,210.0,13810.482604000004
805,126390.3516434,1,-0.9293401596895559,94.82272268824305,296.8813126143691,10.196160052342321,34.61968418972818,5.206943312972252,157.5972649658073,44.36550427841866,200.95969833407645,13830.413630900002
806,126408.2678793,1,-1.0098167221501455,103.48531407081413,331.8080802954329,9.625916019952587,31.795062266751103,4.872392379955653,138.68312975818782,44.79052666131079,209.9947271244517,13848.329866799992
807,126425.9489247,1,-1.0037532416708432,101.22870485862336,328.14634765044576,9.33846417814257,31.24018059852989,4.984277691941969,129.80953541791416,46.19258679678718,210.0,13866.0109122
808,126444.0983245,1,-1.009772507340194,103.42447063120008,331.1773244587675,9.614119445388148,31.7523668248152,4.826647845403011,138.74715653835386,44.77253276950623,210.0,13884.160311999993
809,126460.8652537,1,0.8341996836606268,106.67393187720114,334.6212634288478,9.580269658340633,32.83162686231201,4.52079684188292,139.19772452836398,41.992800311072905,210.0,13900.9272412
810,126478.6734199,1,-1.0074522801456802,103.46119753744517,330.53483716976683,9.34674398279488,31.756890743116497,4.899382296725577,137.5550794979811,44.70954892801532,210.0,13918.735407400003
811,126494.1827994,1,0.8250660338388168,103.69980567995572,326.88377020059545,10.61056227109384,31.43399622624137,5.260466956735147,153.78187316561645,47.41300914056006,209.99707045042598,13934.244786900003
812,126512.2032923,1,-1.0099393310026201,103.40884170629616,331.00099864669016,9.687308442059958,31.58830337045904,4.845499798692752,139.20233849252054,44.7873950143518,209.9962111859149,13952.26527979999
813,126528.2233057,1,0.8323100031848177,103.85121876856539,330.3130917841054,9.618078357243828,32.102806480235614,4.8518788141630385,137.17615427862967,45.02318137576073,209.99593072925393,13968.285293199995
814,126545.7837495,1,-0.9903791032736837,101.79405715735777,329.45236812875385,9.400641602887058,29.732137133487633,4.88692608072846,143.192521578034,34.41748799979096,210.0,13985.845736999996
815,126562.4442858,1,-1.0100686806415076,103.37749341159804,330.58961294963524,9.692469973385107,31.77216355058426,4.826765591025103,139.44984824838775,44.79750954370849,209.9957265958028,14002.506273299994
816,126578.3504328,1,0.8571349248194715,107.80183138354155,332.4020306356167,10.281272098085157,30.40782178662452,5.818176735898632,120.95575027137347,47.339333593807694,210.0,14018.412420299996
817,126594.838973,1,0.8311740725755767,104.58229734274255,329.93977589892353,9.642455980968695,31.817098822160435,4.834416210370181,137.20461432984087,44.721327410756565,210.0,14034.900960500003
818,126610.9079073,1,0.8290578143572072,103.8833976279797,330.880492474239,9.694772087128037,31.83869882503822,4.752572653467552,139.5377451984166,44.62809758906565,209.99536831645506,14050.9698948
819,126628.3273895,1,-1.0086666382281855,102.5624262731535,330.61941205719467,9.688888901266543,32.15973037391941,4.918905180738252,139.34997716006887,44.30498316721565,209.9993378747543,14068.389377
820,126645.3673324,1,-1.0100686806415076,103.37749341159804,330.58961294963524,9.692469973385107,31.77216355058426,4.826765591025103,139.44984824838775,44.79750954370849,209.9957265958028,14085.429319899995
