iteration,timestamp,success,NPV_over_CAPEX,clearance,sp,p_rated,Nwt,wind_MW_per_km2,solar_MW,surface_tilt,surface_azimuth,time_sec
0,98754.8048925,1,-0.9105684356751521,71.62709444972549,323.42465218462166,8.86841472790465,33.924269147889774,3.576163294043215,152.7662619402858,25.96678355199612,186.36196399168102,0.0
1,98770.5836224,1,-0.7277559284090138,114.4335020402568,271.17667019613657,5.538864940892864,25.920223794379044,4.420134297106404,119.37797075482482,21.251106640355587,169.5085757256696,15.77872989999014
2,98785.5081585,1,1.0049058606595915,66.12462304209213,307.9167515753392,18.40357304874483,38.048076135228996,7.865969354497639,90.1437862330726,86.57108441084031,195.24024429911233,30.703265999996802
3,98799.9853746,1,-0.8029413341136583,60.754736751617536,278.4022274960306,12.512615939459822,20.926589219092214,9.097305298809632,126.50986197144154,65.13956584848165,163.30866065946066,45.18048209999688
4,98813.5212747,1,0.9951998455904969,86.95288018772679,345.2704794601751,18.6706675380207,48.08127702002711,5.538239352849859,140.74044782435442,28.06598920959002,180.71349950131696,58.716382200000226
5,98827.4349783,1,1.024945726242955,78.55915953984595,331.26399915392267,18.61480431426981,38.51522259248094,6.876189346910947,68.52480997160973,9.563938438097239,201.2365804310923,72.63008580000314
6,98841.697843,1,0.8622189331024736,33.152683256521115,267.66682374235137,5.4780960519011765,12.734644645657957,1.7461285966411797,34.30860152057318,1.90303827508356,198.80126324413655,86.89295049999782
7,98856.4455793,1,-0.48819739950710855,30.21126901760738,261.69054101640967,19.850023193042016,6.632104740953629,6.537155349923718,49.22953351307308,2.772977186401974,195.9581961952847,101.64068679999036
8,98871.0667331,1,0.8670315289143806,109.22221741850404,337.99132421206843,12.09169268147469,34.737282439565625,1.918441945447284,178.70971702915443,52.64601282995467,180.88816180585061,116.2618405999965
9,98885.1500528,1,0.7527594319761807,115.5704305135877,296.97247024856046,5.270498286873899,11.325622053260041,1.3020062162378228,46.298230417641136,45.74332656320793,206.0478191218084,130.3451602999994
10,98900.9023295,1,-0.364813711626713,35.5721224734591,240.12492189458516,14.362460761321735,36.927423672320735,4.807152304862694,30.82021277911683,36.785377594986684,193.42618037215829,146.09743699998944
11,98916.0278203,1,0.7453463281828159,20.975039543049007,237.04406870034254,12.811045460718463,18.937673189483583,2.9120476779504076,193.7298313209704,39.03604819106985,184.86457836240956,161.22292780000134
12,98932.1899333,1,0.9075060097795464,55.9818027330702,228.99600973202746,17.03982813058079,28.364436054454348,6.494593033927273,197.19858250406418,1.7149594328644113,156.0697125367894,177.38504079999984
13,98947.8252352,1,0.8547953933220561,102.46728558307248,202.5155315542941,11.160115633602604,14.371110201100896,1.6641038212772767,93.39335785798455,6.889339832401824,161.54154767800944,193.02034269999422
14,98964.5238005,1,-0.4277320836574704,53.09590674006725,320.57288091771494,6.825942202005043,8.622982298913342,6.7689243444795855,147.75093293129044,59.32436974595266,193.41109679898778,209.71890799999528
15,98981.6366253,1,-0.3735107116210904,49.3343079504069,327.79553338874877,12.894556172094502,47.96135811325989,9.388484741964145,80.44982371549463,43.99105261035271,175.6592299173557,226.83173279999755
16,98997.5396882,1,0.6270376784113966,111.04382499511686,330.856520623864,10.340858419552562,11.592547158030413,1.6015545590753453,182.23505985610416,58.32738700048225,167.78295117196174,242.734795700002
17,99015.0900559,1,0.8622750706420171,83.78055585449358,270.2153339058525,6.6810539539178615,47.747242477526115,1.8653901514380617,151.61201899802842,80.54069849979881,192.19387258639054,260.28516339999624
18,99031.0808852,1,0.9060096595940055,119.46463413119952,291.75046411624487,11.617748892180824,31.78238788430624,2.623820428071234,112.0179152978325,63.94140717247331,192.32355221268318,276.27599270000064
19,99047.3262979,1,0.8099930005777938,115.81751525576092,319.29804076191016,16.42413312416673,15.124949619013462,4.624514962335025,196.12979098975103,1.0445214671198713,192.6945890069216,292.5214053999953
20,99064.3656166,1,0.8548864036895045,82.21130375296505,236.3222034877124,18.058106192359418,9.230316041583002,2.0396591725718536,102.72958848303689,0.0,179.6102259458984,309.56072409999615
21,99083.3592092,1,-0.5847357390383144,82.19239918615612,289.6671909981226,5.0,24.90417687546698,5.965284331350803,127.46720408250658,1.630006172283494,165.69349064338655,328.5543166999996
22,99102.3724938,1,0.9233231324123506,97.76383760207088,281.15664297596885,13.69803527366518,45.32772735997457,8.721652927351327,164.213048304137,36.01757398297083,197.56371428281517,347.5676012999902
23,99121.2946152,1,-0.42153395582862885,72.05557654039336,337.56869271965337,14.96813168852697,38.80265751777032,6.734691307149026,182.43931429344494,31.14295942707502,164.62492480214303,366.4897226999892
24,99138.1140954,1,-0.34608440516380895,63.19283457800924,322.4205893082723,13.525628817856543,46.70973562654019,5.053189726151707,154.27864594475145,12.918186879530616,196.11123835111832,383.3092028999963
25,99154.1957899,1,0.6881574679709582,50.400875441347615,344.8091393123083,8.04253872510831,23.343622475665295,2.622027336815621,176.86518402790912,26.73041058914634,182.8402561841877,399.39089739999326
26,99170.6185405,1,-0.7023538404857277,62.90221505823821,313.3354778792535,7.599516310652655,24.443485888669397,5.612487438712064,120.04506136615849,0.0,185.61307461723143,415.81364799999574
27,99187.5128766,1,-0.7511223083116692,45.73312639508016,236.98273760066442,13.210952750719528,19.440805014474396,5.463831740873468,122.10051373794293,3.311299102034397,200.63250911397537,432.70798409999406
28,99204.1096033,1,-0.8405057785830253,109.85573467364765,349.16010381721503,7.127351883361653,29.752976225840115,3.053957942093162,130.27011278985105,20.79445701846549,172.85523699687442,449.3047108000028
29,99219.4305059,1,0.7190103687468684,87.55743743910791,292.71383091431,6.276977591604237,22.310635525203146,1.6686042522563178,118.41858613388285,68.48219820909986,206.1844224020783,464.62561339999957
30,99235.7642168,1,0.9574306252049812,63.79255993608036,259.12967413755405,15.675610889732077,29.764912550434715,3.8237509337923736,99.21239401211749,8.690996490446423,182.20941227533132,480.9593242999981
31,99252.6250826,1,-0.761758356021421,23.38691351039867,282.26945155965825,11.395853367410327,25.879676232527252,5.361673462778863,200.0,31.1744927449001,171.10745336552884,497.8201900999993
32,99269.0683818,1,0.9303188184057124,69.57985513286161,249.72680512985724,15.05052469939294,39.83211043978966,2.8285499616988354,175.9713837217766,17.613885803829977,162.1663607776667,514.2634892999922
33,99285.1284834,1,0.8024589072399874,98.86449932762113,283.1570968151502,10.552157812525335,24.24025480303469,1.0,180.77229932033353,26.108984435093525,168.63969250951067,530.3235908999923
34,99302.3747685,1,-0.7541786908130055,59.568567923819934,311.82263884267536,5.0,39.67493617091603,8.382404753893432,103.37078476628008,62.60266781921756,188.2388482496923,547.5698759999941
35,99319.118608,1,-0.6145069106234499,56.08349188631122,304.9282507121262,10.266075020713185,47.23752564754332,8.171547636339884,66.29638541910157,15.391823763075724,190.92832470697866,564.3137155000004
36,99335.1622332,1,0.8795666671682335,95.58709205302864,294.8398908640888,13.532227284226785,31.204271069928446,1.0,200.0,9.337382969731195,172.06542549315816,580.3573406999931
37,99353.9477934,1,0.9038204561362149,93.5098128012522,313.96070489394987,8.62512057289252,47.46293701837017,2.497392305517886,129.66193761192275,48.157479737281406,186.48044582295668,599.1429008999985
38,99371.0822431,1,-0.9133209896534727,104.97705634639291,271.73973625566,6.069150648908322,42.010758123003356,3.4407124706927457,142.5414557295012,53.74204553737967,185.45929952048016,616.277350599994
39,99387.2477495,1,0.9378092043975985,102.18587100526875,335.0420410870297,18.100210822665304,36.2948469126794,5.142011275844849,198.04174889181675,9.329423040458074,201.56062266709142,632.4428570000018
40,99402.7644513,1,0.8515455082163166,92.36158442412457,206.13511856288852,20.0,8.862014634028892,1.7927134575383334,113.97273911141765,0.6841267627227339,180.57024684651313,647.9595587999938
41,99419.7614139,1,-0.6462698682993686,78.00971663802548,299.4208573051454,5.01029739946103,31.9131352913337,6.135205154317309,146.26852767403983,0.0,182.8214478414085,664.9565214000031
42,99434.8903734,1,0.821188805477734,120.0,262.99561509481936,6.048934586106838,47.80085349835473,6.975227291103713,188.75951938433587,10.289032199643572,193.3359997384987,680.0854809000011
43,99450.6383958,1,0.9371936457953265,91.12768764180905,324.28797708487434,13.215229255476178,50.0,2.180770558350615,176.8240688757258,27.060411436476233,179.31327101722047,695.8335032999894
44,99467.4703217,1,-0.8554286958111138,51.808102649684166,262.09998101842933,5.229531492670047,44.427009569737336,4.137277258317164,160.62407111280658,24.73018453313098,201.0668783905886,712.6654292000021
45,99483.6336391,1,0.5948041627292134,87.88075357201731,310.2415696202346,5.0,25.603527776814442,1.0,200.0,41.06892268450733,174.6144171769792,728.8287465999892
46,99499.8074368,1,-0.8765683453822847,89.28047538796825,317.21059156606685,8.042715123676217,34.36371984137193,5.906001963355683,170.2103866262912,0.0,178.33113128195765,745.0025442999904
47,99515.8229179,1,0.852040804142456,103.85206012225169,233.98806016014206,8.689624598640517,44.65137376112427,2.9313199763229782,172.0749668886012,30.160461525721963,202.7881170883563,761.0180254000006
48,99532.9930655,1,-0.6828554765269241,108.1737765704305,319.38962089713107,5.0,29.81050822816784,3.9894576775421893,105.52808180441144,7.199641198926827,174.7949411775267,778.1881730000023
49,99549.8778651,1,-0.8946398089083532,88.7367381646311,270.29291052164086,6.716285912007678,40.93598195119896,3.2053493973697824,181.75126425072457,76.64514475419531,186.3284198715294,795.072972599999
50,99566.0754637,1,0.8538471695003791,116.28812912004764,271.5496490157565,7.948885542674499,37.21259460717518,3.1950081019232206,144.92094061371864,22.824686208543216,179.04707624640076,811.2705712000025
51,99582.4753711,1,-0.8184663497180471,39.78435933469811,306.6881337644467,8.374242530599789,34.02565762581269,6.543266310434889,197.03124762445754,42.86614095800175,170.75570300242327,827.67047859999
52,99598.8732718,1,0.8570719120992201,91.43733971673079,268.71115455181376,7.249841109648082,46.87648694704633,1.399409317373614,158.56741907922148,37.214101771547455,175.3509239253463,844.0683792999916
53,99615.0371348,1,0.7880434560944367,98.04889734094124,323.1722365710855,9.015000313330777,33.805467119143195,1.3786605084168837,196.62499432958688,41.46306769772253,182.24084634251852,860.2322423000005
54,99632.2436916,1,-0.8298647502581571,77.74822661612629,269.82811709154225,5.0,50.0,8.18958502341146,117.4972631828247,56.5280588269749,184.94471625966275,877.4387990999967
55,99649.3765149,1,-0.8158126189562814,66.7092738437999,269.81014241438777,8.641629427341808,43.98432671012284,4.063220997273893,129.7976693008078,18.912150138938923,197.89739050365196,894.5716223999916
56,99665.7030125,1,0.9382425914960408,90.84005688822955,256.947372591875,13.10332416447505,47.04369357267431,1.1822342567609718,177.67896567255062,0.0,179.5493590999337,910.898119999998
57,99682.7029235,1,-0.9150980625749772,106.82531942782781,330.6833982022954,7.566131682301518,47.19128056748652,3.4598825980212538,129.6959741637483,33.6435028234522,183.12700291294507,927.8980309999897
58,99699.7345766,1,-0.7354254406114755,58.80819971501844,217.5744144531229,5.0,50.0,8.13270117752179,200.0,90.0,176.52437073364877,944.9296841000032
59,99716.1333991,1,0.9509113176791172,97.20171218727552,301.2199817007631,16.17678926196881,50.0,4.956255082357254,187.10122648259332,21.69712664487148,191.0494460626676,961.3285065999953
60,99731.9829481,1,0.8665848595648902,102.01392053095492,215.1090922979572,19.3353060986175,15.821538529908274,1.797515664751769,130.43151797765924,32.730301283080394,181.89443684490536,977.1780556000012
61,99750.0116281,1,-0.8465287687574721,94.65473577374208,334.9077805351012,6.103412249274609,43.95356405682632,4.5589069782528995,146.54885314401645,1.2651376692087695,192.3758302241701,995.2067355999898
62,99766.6244119,1,-0.8143958775420935,120.0,284.89067122951695,5.0,48.98077032219689,3.3463263377118473,200.0,9.293251439353504,181.3306002882539,1011.8195194
63,99783.453924,1,0.9108870925832498,104.32761900038358,322.28721597667334,9.31679626056447,50.0,1.0,141.6663673796143,25.50015642859043,189.17424471635866,1028.6490314999974
64,99800.2586757,1,-0.8504570119875102,91.83028281807685,251.67416216597167,5.0,43.637372451065175,3.061396534688325,155.66628577490556,34.58279239554008,188.42396957974867,1045.4537831999914
65,99816.6208757,1,0.7376578653212513,120.0,300.61819195738985,5.0,44.313551653622525,1.963992442798859,191.12543600146572,46.81330323582467,178.48759275391768,1061.8159831999947
66,99832.0940211,1,0.8784630755078547,118.28632402648046,331.0478852904429,7.953003324630593,49.19352124829969,4.5003282452890065,164.3783592249505,24.944970360532974,175.99957193642328,1077.289128599994
67,99848.5051072,1,0.7707709486794402,120.0,260.1600721848304,5.90315261629316,50.0,1.7974669325092267,197.92992099694885,47.19121343068559,202.03588773504768,1093.700214700002
68,99865.2020959,1,-0.795930569523067,107.0219388705965,304.6534504399482,5.0,40.46415542235824,4.2934661702014285,107.11930597973503,15.21174848590605,176.31271161559965,1110.397203399989
69,99882.5330287,1,-0.8543703886868701,100.15898449746925,304.6241078656092,7.556731205887023,50.0,4.117074642161859,179.0489406529756,47.35876153991325,172.68989384893567,1127.7281361999922
70,99898.7031627,1,0.7645857561946917,120.0,314.60285061097017,5.0,41.483753986493355,2.9060677747248502,156.43966653491046,34.268875999862416,178.52599736063377,1143.898270199992
71,99915.5149767,1,-0.8571099987458415,65.98586173235967,338.6682412119435,6.293037770608992,44.19792496331834,4.127070575443001,168.88754711337805,48.552493997992585,181.02168583174753,1160.7100841999927
72,99931.7124172,1,0.8308418782803962,115.98629786910553,312.16404276564145,5.0,50.0,2.287930636357554,126.53115474465008,45.61878141704405,185.5236749983135,1176.9075247
73,99947.4099226,1,0.801081737056564,105.20802341992867,346.55825105782054,7.0720086431675,46.92168265331217,2.444239894924092,186.9542893669982,44.64639522957253,189.78414511119118,1192.6050300999923
74,99965.1847848,1,-0.9010890538036901,103.2166337297066,289.70942674744225,5.341990028088445,50.0,3.9997284767302523,128.5025241547349,48.20512248998153,183.04405882332415,1210.3798922999995
75,99981.3519301,1,0.8386676477369153,111.40135536256882,264.1826773779526,7.667003195381049,43.27659909407498,1.6654731178995172,164.6724604039653,25.841088267752763,201.30944363889802,1226.5470376000012
76,99998.1595702,1,0.9604857085135122,91.1501778436,274.4593226554574,11.340223700738944,50.0,2.865115706822161,124.43095268580038,7.561894721582554,186.08574835038462,1243.354677700001
77,100015.4441332,1,0.9603040857433446,120.0,323.5614818615163,10.944208607116835,43.569504167202666,8.354798707864735,123.98057687789009,5.190665156000854,156.63530395687525,1260.6392406999948
78,100032.7951125,1,-0.7649811507829897,75.31976984273808,250.3437360163697,5.0,50.0,7.511383752160388,175.21784438941555,90.0,174.61361458113612,1277.9902199999924
79,100048.6293952,1,0.9223779310399212,94.95715002083281,303.1447774574708,11.492645062458502,50.0,4.017099911675284,168.68082928312845,31.849082075838034,181.27472129833706,1293.824502699994
80,100064.6619266,1,0.8943760505816314,107.45182635540094,248.21404706902217,14.15120043998625,29.375638896184267,2.8436926673008553,139.23236810678927,50.491248210462466,183.35732360745024,1309.8570341000013
81,100080.6691168,1,0.9044227451551433,109.80369848427078,351.28774809739855,7.723369518445652,50.0,2.7741597355650858,136.6951949959073,16.797060624893163,190.77685042160908,1325.8642242999922
82,100096.6948009,1,0.7975045789713249,120.0,306.6013609065816,5.0,48.95350917866274,1.397614786759199,185.34714294474395,13.832785891982535,174.80056192128842,1341.8899084000004
83,100113.3601087,1,0.8925783526803474,113.41061153032572,323.99693647710535,6.7481362874922715,50.0,1.1477640185060762,116.10619203146612,26.58744013809679,191.0040941449388,1358.555216199995
84,100129.220734,1,0.8074446995025091,119.58420088340546,265.1545093638849,5.0,44.90350633332461,2.6440528485025125,136.93777623791573,39.21579593888756,181.345791610861,1374.4158414999984
85,100145.8615281,1,0.7899689510176785,120.0,301.51566638724285,5.694348832026781,50.0,2.588712724987079,185.8319411106939,47.86748906807662,181.01757006076372,1391.0566355999908
86,100161.9846272,1,0.8764377782550349,120.0,338.3854572249387,7.634363862837591,50.0,2.768152453846572,153.97220485575045,43.43594193227634,177.2944201258603,1407.1797346999956
87,100177.9666194,1,0.7470989249392961,120.0,313.0204270903781,5.0,50.0,1.3779975234285136,184.29201356876203,49.853146766894824,200.2905286925847,1423.161726899998
88,100194.7230177,1,-0.8648412460317249,106.22421486202165,313.7309457586564,5.004756209197603,50.0,4.434422708899999,118.16296165331539,34.72706718034573,183.72861537275077,1439.918125199998
89,100211.42882,1,-0.8252776505506872,110.69563680201428,343.9044034229821,8.020333685989074,50.0,4.139304266345431,165.1718364373654,23.5078952574639,170.4154965596551,1456.623927499997
90,100229.0608523,1,-0.8267704024790247,120.0,342.3606795028615,5.0,48.22665998251141,3.054609132944164,150.95011344147525,40.06771984474807,180.75083028817292,1474.2559597999934
91,100245.1810386,1,0.8592930472877088,91.54531715510865,350.5881120030655,5.51280329866374,50.0,2.4249967911560883,114.41071851651742,49.881689459134925,188.13445335845088,1490.3761460999958
92,100263.2638259,1,-0.8376276205662254,120.0,352.49764123495476,5.0,49.59815994856572,3.2645193534078056,110.35439734890453,44.66835881586711,191.0981417462676,1508.4589333999902
93,100280.2005342,1,-0.9371518657058573,109.53441322313924,345.07109603109643,6.306221303311002,50.0,3.6188755104656254,132.11574376291082,42.13061202906207,193.2265376245911,1525.3956417000009
94,100296.6426874,1,0.8811523768580224,118.29015496225702,314.1673263871545,7.064716071429903,50.0,1.2859121510148297,135.14796848598394,31.9852996583479,182.04589922306903,1541.8377948999987
95,100314.0580826,1,0.8297286663546464,120.0,279.0789672583874,7.086629440308627,43.645008957915984,1.07771401746668,160.0743570131092,32.376820356741945,196.11652780759658,1559.2531900999893
96,100335.3464397,1,-0.8294865256372945,105.41837758828206,287.00078237274306,7.959705534252426,50.0,4.039236373269949,97.84892966563932,25.579107634277054,186.84881452233853,1580.5415472000022
97,100352.6747752,1,-0.6502434711016671,120.0,267.43701681580137,5.0,23.988807777056444,9.62001694555747,96.58004889448225,48.72295680953432,182.58491125335465,1597.8698826999898
98,100369.9011017,1,-0.8165556212024755,111.92395249847846,307.39926758518936,5.0,50.0,4.233171803698607,124.4740409355156,90.0,177.09340054046746,1615.0962091999972
99,100386.8610481,1,-0.849687787937156,103.59370230542874,327.5779549951752,5.054714442939521,50.0,3.423738647982407,137.31001633673412,37.94632473283091,177.14020949889135,1632.056155600003
100,100403.9374347,1,0.8634985570540087,110.48357628163046,267.4853998566153,7.587239552584896,45.20995390820815,3.9006309878361622,142.3931105319679,53.75897220687737,188.08840294401912,1649.1325421999936
101,100419.490394,1,0.9006815021621515,118.08401518906825,359.00988236906846,8.029429980554479,50.0,1.9169883526033642,127.42391364735529,49.6977736418889,190.33665659755025,1664.6855014999892
102,100435.5360068,1,0.8253853383415057,115.91058501158211,325.25302507875637,5.0,49.02186379942512,2.533854895943257,136.28913899215456,39.87703265540834,174.511478376015,1680.731114299997
103,100452.5192549,1,-0.8796508407570592,117.11428170683283,327.4664428834036,5.226339304576101,50.0,3.686035188160608,103.24742774968644,31.3034133459186,194.08162678989484,1697.7143624000018
104,100469.4403015,1,0.8557155872085004,120.0,310.3008147826151,5.616744331484285,49.23834517334763,2.7222123736069888,122.3241874368855,42.028312091064116,182.48941065133474,1714.635408999995
105,100485.8718894,1,0.85632078522316,120.0,318.2956634152688,6.642361578754298,50.0,3.1785705177015404,138.1011743257858,44.7444031642549,194.1888806357318,1731.066996900001
106,100502.3329302,1,0.8569421656857235,120.0,344.2463787372646,6.532390562838968,50.0,2.3707451431227873,144.8971599804106,53.29774707422722,182.82150834585593,1747.5280377000017
107,100518.6308518,1,0.7700937562360162,120.0,343.77794502199373,5.0,50.0,1.5769928761467065,166.95129948101948,44.784179367372516,193.22262966741326,1763.8259592999966
108,100535.4533391,1,-0.9358455493001056,108.2825269653907,342.84761881263887,6.126080178115396,50.0,3.8630435687307294,136.5392379879284,51.44896895381851,196.38727603274214,1780.6484465999965
109,100551.9329037,1,0.9097762619366293,116.47368702518907,360.0,7.052636547940787,50.0,4.1318132356892425,124.68613618497213,14.814711565228855,182.2858328727372,1797.128011199995
110,100569.0946588,1,-0.8290394880424558,114.77398799940006,359.1704596370104,5.0,50.0,3.5149928011005405,133.345070963879,44.03047006505858,182.9128729343239,1814.2897662999894
111,100586.010013,1,0.8749859364283397,119.42855223549273,357.1270150074117,5.149944074880043,50.0,2.4086140973281367,93.23213903609292,47.04593901192111,194.25948814128378,1831.2051205000025
112,100602.9854226,1,-0.8976659703207466,118.2090259715254,360.0,5.66464556834648,49.45584451524918,4.118336801605361,118.48428353067301,42.9327194257033,194.6500818101703,1848.1805300999986
113,100619.4485026,1,0.9194468721645894,74.43832003631898,360.0,9.57700319354924,50.0,1.0,125.39903898102008,56.655771265654025,204.5748460395689,1864.6436101
114,100635.4605586,1,0.8817565256956322,118.56767050656894,337.34637704366094,7.400927412351302,50.0,1.0,137.23096953137974,32.88288538317321,187.5505571169597,1880.6556660999922
115,100650.7422945,1,0.8183661389079794,120.0,305.9155894643418,6.317465269323302,44.50795869968039,2.8991963182344196,148.19026825335493,42.13814622943505,191.33932004021977,1895.937401999996
116,100668.4385196,1,-0.8667035643488638,115.83224847104066,320.5954716060859,5.0,50.0,4.548106871768495,99.29286205908734,42.30762640109704,190.372149445985,1913.633627099989
117,100685.2800147,1,-0.48157984273529225,120.0,301.4839645952592,5.0,13.46582390561849,6.949582394449237,95.48425237007612,69.80298109365899,206.73937056626116,1930.4751221999904
118,100701.5919894,1,0.8709179761117164,120.0,343.1586375695785,5.025739842005323,50.0,2.211928800733124,97.19695376137336,55.912224921216364,189.12515880935612,1946.7870968999923
119,100718.3870676,1,-0.8351815167168413,109.8440524981147,346.4749667097542,5.0,50.0,3.2595559473217577,117.08098664391345,42.244142369120695,180.41876013139336,1963.5821750999894
120,100735.8859891,1,-0.8835033069179515,112.15116227477651,291.8945889073214,5.0,50.0,4.303318030946232,139.2723058508946,52.67433658544918,195.74180415078817,1981.081096599999
121,100751.5160643,1,0.8835274848562845,115.11213955175981,351.82394288124704,6.744651094175643,50.0,2.9891010666285407,122.67389446857051,60.86583100989987,191.3232164220106,1996.7111717999942
122,100768.9987201,1,-0.8619360168798507,111.03266710921434,337.9562376685059,5.099486962440315,49.64241500352594,3.9407273673132486,106.84676084392888,54.6945110313188,189.42297883350554,2014.1938276
123,100785.998411,1,-0.8514400326585908,112.09104383689771,345.65255959170406,5.0,50.0,5.049738788317637,111.70696877953453,40.56160022556772,195.0793751384446,2031.1935184999893
124,100803.7277674,1,-0.9362177761662572,115.39651698010738,335.5977455026192,6.303995092353053,50.0,3.071507453087919,115.1785309739611,43.675560488370834,189.7585732398557,2048.922874900003
125,100820.4385857,1,-0.9342514169868371,114.83737650653833,338.5091174134006,6.977734608656795,50.0,3.5348352194151667,111.66293978587629,42.52034942546882,201.23382346822598,2065.6336931999977
126,100836.5080291,1,0.8414677051746009,112.60142901746661,348.1370675727037,5.8274267871078695,50.0,2.7694064563081717,134.2989547173911,53.76031574960787,190.4952137123285,2081.703136600001
127,100852.7902205,1,0.8053703661439031,118.80848880436366,360.0,5.496082602123213,50.0,2.5768018950408162,153.81508752386762,41.009510434784396,189.33396396000694,2097.985327999995
128,100871.2008761,1,-0.9221786233704472,109.8058198498517,360.0,6.818827543802584,50.0,3.4548594084342708,146.29102902526475,59.03832151218333,200.26466562991706,2116.3959835999995
129,100887.438041,1,0.8933424179776746,115.37483939201432,360.0,6.405774432733054,50.0,3.9401021460150067,105.95119228436052,32.15114721504624,198.81430161563443,2132.6331484999973
130,100904.2774174,1,-0.9005489540397991,107.3755108467088,360.0,5.798246747254868,50.0,3.777624095275808,123.53074464244057,44.60220281933507,190.0439402926395,2149.4725248999894
131,100921.456686,1,-0.8440477019243672,120.0,354.4338764138301,5.0,50.0,3.532331332284107,110.6224701467675,41.326038555935995,197.23417931915887,2166.651793500001
132,100937.7509637,1,0.8559578273550441,111.79911952109975,360.0,6.176190197193925,49.591200186949386,4.494135291808586,126.00779841197182,41.564918778437665,195.21672379968814,2182.9460712
133,100954.3684713,1,0.8563577526348233,86.78906385773254,303.76832954642606,10.956661138144497,31.371131904488127,2.8451491030284806,136.3113621147304,59.21977992367523,210.0,2199.5635787999927
134,100970.2910709,1,0.8642406896619664,112.3350725039238,350.5463590653292,6.907676705732494,50.0,2.8439233611597734,136.06965448625317,41.36619040216044,195.7927448823688,2215.486178399995
135,100988.0997431,1,-0.9032237527359036,113.44407860868866,348.6928419906086,5.891866058607562,44.98732832564275,4.073218924022921,129.36501826185076,47.50383607269764,190.24697226438968,2233.2948505999957
136,101005.100321,1,-0.8525804698393595,116.36897023262773,345.8473085255523,5.0,50.0,4.253421992653127,115.70378119616228,51.440404617184775,193.33113297967517,2250.2954285000014
137,101021.0649695,1,0.5606759078839714,117.43212606366848,360.0,5.0,13.454194883877085,2.423612181792181,102.29743045037074,54.291658894211714,210.0,2266.260076999999
138,101037.4062971,1,0.8964543874354043,120.0,360.0,5.948088575688514,50.0,1.7441447987620213,99.38026382073402,23.436593686942484,198.79366760336163,2282.601404599991
139,101054.5332285,1,-0.8372548435031651,113.19998778941385,356.41012764860784,5.0,50.0,3.376688429304998,119.05621214906353,44.60049066439594,189.92801473700075,2299.728336
140,101071.8761243,1,-0.8771360234126949,114.66399774703251,316.49375856224077,5.0,50.0,3.9478925362841046,129.42408668677865,45.791745731154975,199.36192444767124,2317.0712318000005
141,101089.0017831,1,-0.9101986417054841,113.71968558005453,343.73047238416154,5.708594787089788,50.0,3.5947995009616185,115.17334905749296,50.4833962515309,190.97015199426164,2334.1968905999966
142,101106.3297685,1,-0.8877858641499434,108.85300386317266,343.4347714075778,5.3646544415169775,50.0,4.115550972661296,97.74241586174351,58.83737889235284,197.8474260481852,2351.524875999996
143,101123.0665967,1,-0.8889007605680014,110.09963318567446,351.424987128613,5.512091107261045,50.0,5.418197787205772,119.32526497562215,48.608891596143955,193.3165467747442,2368.261704199991
144,101139.5077077,1,0.9641760108624622,120.0,298.98238152898,14.001427586200538,45.84494960836173,7.34786112236513,119.26360000437536,25.820643935714358,191.51843377863028,2384.7028151999984
145,101156.676692,1,-0.9298646729163371,112.14944559138783,349.00927801761685,7.031593908110876,50.0,3.470191972841936,98.3762949780184,42.27724873374253,201.11873011744999,2401.8717994999897
146,101174.2076327,1,-0.9131438638321288,109.03245047125701,339.4829993322616,5.824594664142072,50.0,3.0616414820367073,126.29690835873768,52.031997246862,194.48426157216505,2419.402740199992
147,101191.5370244,1,-0.9081918738485618,116.45014288530597,357.71378875356237,5.998681935304752,50.0,3.2208309793048406,141.57617927217615,41.5610478741886,187.33056998202184,2436.7321318999893
148,101209.2244472,1,-0.915842710741805,114.97166941884846,353.82944364814324,7.005878916252742,50.0,3.1227743585587397,131.12729630228742,48.08791744791449,195.4587428816949,2454.419554699998
149,101226.0334604,1,-0.9281679843944507,114.78770406574586,359.3201806072349,6.043821712671925,50.0,3.4259034944312994,96.7490336286111,42.102085788443695,207.8139852414801,2471.2285678999906
150,101243.2283995,1,-0.9332372871809717,103.90149229432481,346.602637744846,6.713960761966891,50.0,3.355817914194586,110.68943617296242,44.7899940944843,193.7776005574399,2488.4235069999995
151,101260.2035066,1,-0.9185818735627935,120.0,338.8452251156334,5.75054123746298,50.0,3.7792141944555535,123.05113842220409,40.30631590244652,195.33612420115867,2505.3986140999914
152,101277.1424103,1,-0.9417167297718779,109.20999800316778,343.75613822791416,6.492527921202787,49.80254396895011,3.7164649554199336,128.25533407443567,41.256444147686274,193.0235748724552,2522.3375177999987
153,101293.4163947,1,0.7691030473377518,96.08754414796903,298.7070149730202,10.353550196706237,21.145486679463502,3.9311042049919935,136.1897097118121,60.592290688945745,210.0,2538.6115022000013
154,101310.6720845,1,-0.9413578043871751,111.36768336860221,345.49262969804073,6.195489065606682,50.0,4.034444730213803,120.78254211834792,47.07168700614129,196.05490311338582,2555.8671919999906
155,101328.0003381,1,-0.879334673053533,111.22315383529735,359.2494728546612,5.659036935505339,46.32172754692061,3.9218173565719012,109.27766050506528,49.89169760590668,189.20792040893144,2573.195445599995
156,101344.9697845,1,-0.8407183041695934,116.23568690457907,356.66594404966435,5.0,50.0,3.7284375705840893,124.71751438050849,56.200062620623406,193.52247483157623,2590.1648920000007
157,101361.3700222,1,0.7567862375007565,115.45979027009875,360.0,5.0,32.45254146521869,1.0,115.84475840366538,38.12083935864113,201.64823519077544,2606.5651297000004
158,101377.3012233,1,0.9023530918972115,120.0,356.41235613492177,6.628116742585484,50.0,1.6424995129326487,105.89377836102014,25.591274314817305,195.400001778052,2622.4963308000006
159,101395.5939392,1,-0.89692254361933,116.26921059374908,341.48764109000723,5.4918580141134195,50.0,3.4323297087522007,118.83885472303751,45.79831682196293,195.12505872057474,2640.789046699996
160,101412.7233354,1,-0.8532379490804339,113.02903724176015,353.9150814356797,5.055092308925673,50.0,3.634685012614837,123.53503211068573,38.535346920773335,199.91138008847034,2657.9184429000015
161,101430.1164428,1,-0.8845149929327952,111.91933798882448,339.28010318899544,5.305205969142469,50.0,4.033349194286809,114.3754130711619,40.55228499945632,191.96768976315334,2675.311550300001
162,101447.6185127,1,-0.9399304009856666,107.68199954322836,346.5723971147576,6.263366876944567,50.0,3.8252845533427413,109.41713743310301,60.08270089314746,198.4821258144649,2692.8136202000023
163,101465.4069162,1,-0.9271827878659362,108.72490660085798,350.9989209912712,6.068630255714147,50.0,4.60108822188365,132.24236900910148,48.83409606925359,192.29555599001597,2710.6020236999902
164,101481.5000723,1,0.9596821154154359,120.0,289.0052736741615,12.76210095542603,47.309761253005746,7.562050382181405,122.04302540016806,17.94161140609765,193.47897292571363,2726.6951797999936
165,101499.0722147,1,-0.9263119044606102,109.55173355888192,351.4587999397992,6.954541792911826,50.0,3.5196384581170577,113.92237006459906,41.24329952443047,193.3241971994158,2744.267322200001
166,101516.7499664,1,-0.9339006935429672,107.22770261849571,336.040834235807,6.0894718293703525,50.0,3.354939855843888,122.92702024007811,50.89467585211574,195.41521365450404,2761.945073900002
167,101534.2606737,1,-0.9375771406973213,112.77488208818886,343.40664387088646,6.422846946149063,50.0,3.6330467693466115,132.68797640062124,41.74620098884305,188.52925167236415,2779.4557811999985
168,101552.1128029,1,-0.9172519829822038,113.93141115601013,342.9243968033053,7.019887126155048,50.0,3.1351209606821215,120.1167065708441,38.48553156529944,190.7399933565227,2797.3079103999917
169,101568.9770494,1,-0.9266930694245867,110.92509713022092,357.0767704472532,6.173577910278764,50.0,3.2439668880040164,118.92511607722876,46.81580560142406,198.50340287172946,2814.172156899993
170,101586.5668814,1,-0.9226197179248247,102.16660830993332,338.68170476893346,7.011215612463671,50.0,3.2487858535214427,106.09956782186009,43.48861439058265,195.0985597755153,2831.7619888999907
171,101603.4823081,1,-0.936577838975428,116.8735796028062,330.6314428222834,6.840193425390907,50.0,3.9024657866690386,133.2462815710179,40.156569985273066,192.64725583031097,2848.677415600003
172,101619.6274472,1,0.9427549622333006,116.24757026156132,360.0,10.365106809412534,50.0,2.2081591436681363,125.95638977806615,70.26478904025805,194.02678169179237,2864.8225546999893
173,101635.285509,1,0.7531683930741665,104.09701551658188,315.98119919752344,9.270600104876582,22.08041596614679,4.506625212317653,133.86881754790056,52.192211412281715,207.56231658936625,2880.48061649999
174,101653.1093581,1,-0.9309671290113657,109.7268189042908,341.87565294252397,5.924030562142709,50.0,4.399926913661911,114.61618777337105,44.76680579647577,195.3048481584156,2898.3044655999984
175,101670.309288,1,-0.9089018379573744,108.81268469430807,350.61674075979306,5.763972608130801,50.0,3.762399894059603,106.80454749412664,47.763831743625666,190.33179273815077,2915.5043955
176,101688.2685532,1,-0.9066838067348989,111.06849482795349,353.09915231301096,5.780510794428808,50.0,3.4286354999129545,131.27592847468867,49.051021666428746,193.56492846127892,2933.4636606999993
177,101704.3476895,1,0.8419852517974723,113.10341827624327,360.0,5.366626099204975,50.0,2.3836586852309125,124.52117358703939,30.809191066718594,194.5020825702002,2949.542797000002
178,101720.3360722,1,0.882008135902989,115.9792021059153,351.9598443977261,6.891054510928436,50.0,2.007511703088787,126.5139707972271,30.793652370330797,192.95009391888976,2965.531179700003
179,101737.7379515,1,-0.9468706388724489,111.9547047988579,334.37122236743386,6.499128319748878,50.0,3.468682777606676,120.63252836537643,46.25175742899508,196.79152595229436,2982.9330590000027
180,101754.5626231,1,-0.8854378735098731,111.34381187608199,360.0,5.519005526942214,50.0,3.41312078847653,119.96773591113705,41.791410913706954,198.6690110855913,2999.757730600002
181,101772.2032847,1,-0.9162172287411475,110.94436315673124,333.35886792663445,5.648198777139952,50.0,3.972725631849689,115.22465188895768,40.241786213899665,194.5672221380411,3017.3983921999898
182,101789.3028843,1,-0.9346674687953546,110.17928028304377,341.7465450433929,6.772177963836676,50.0,3.378695216888374,125.64947907585021,56.627983435500106,197.1527506373741,3034.4979918000026
183,101807.1687898,1,-0.9410952220816189,108.73512141065834,346.48538745373105,6.512580603717453,50.0,3.780884113941343,127.8080414140325,48.057448561631695,194.36081642063942,3052.3638972999906
184,101823.4410278,1,0.9171867265783771,120.0,326.9517124055487,9.147192130920587,48.57351084547112,6.593636917944388,122.50821988249844,41.81334507925632,197.2878299762143,3068.6361352999957
185,101841.0813543,1,-0.9361892816184703,108.36673138743963,338.3094599318592,6.69229669476032,50.0,3.5216304809137187,129.06264425105732,44.83599711716466,190.0453189133878,3086.276461799993
186,101857.9247048,1,-0.9465372243627704,108.95313381961404,333.4189681944948,6.339047265187954,50.0,3.5458526037501334,119.96373622201133,49.8290333573309,196.300434463578,3103.119812299992
187,101875.6772856,1,-0.9451574966939943,109.97919310621154,328.99558349570236,6.72409694889293,50.0,3.7280362458002996,125.1673806998886,45.997966894879355,197.1007870018819,3120.8723930999986
188,101891.9482948,1,-0.9253677164422504,111.5320374498905,335.18226522623905,6.994044368292849,50.0,3.31624082179066,114.38562284042042,39.26174834504742,192.42785400636345,3137.1434022999892
189,101909.1773479,1,-0.9327189211735074,108.84529504887932,346.37202190684036,6.53363646659005,50.0,3.2333781777607777,131.87665084554595,48.91116227398333,192.86024871552334,3154.3724553999928
190,101926.1169008,1,-0.9371869800629352,109.01374659622672,331.73360075404156,6.86981414250441,50.0,3.378809870804952,105.56965256755026,43.364792893018645,196.15497638348472,3171.312008299996
191,101943.7017354,1,-0.9033305508559067,114.62687040225035,327.8213383426537,7.371577988202348,50.0,3.832030310752081,129.72399791477554,40.19377723387266,194.83256313218743,3188.896842899994
192,101959.3844625,1,0.9400811274702492,115.88924146211662,356.86657395372214,9.832243982290288,50.0,2.622095114223103,121.14664013462075,69.94883135365343,195.9447351872392,3204.5795700000017
193,101976.2869496,1,-0.9378456309187904,114.01740965532443,332.083003846533,6.12538701045495,45.84153455232741,4.6039116399851725,123.92054772415909,42.707312740252775,195.7953934519403,3221.482057100002
194,101993.9315779,1,-0.9313675160889011,109.07160620847557,338.8377155062932,5.910937070868304,50.0,4.177891880038478,117.20310558669351,44.69383506283908,195.24514969406792,3239.1266853999987
195,102010.7509148,1,-0.9236505113381681,109.5537307127564,340.7802401912567,5.895775526475731,50.0,3.566571257616191,113.28574134600456,46.17957733910029,191.0376463369843,3255.9460222999915
196,102028.5339159,1,-0.9309173334087453,108.58524764237313,346.6169530505722,6.769989554228812,50.0,3.2974237669094526,132.57214450493348,43.97665386828864,196.73421774078787,3273.7290233999956
197,102044.3963829,1,0.8628885452700167,111.69988570184228,360.0,6.28300069045856,50.0,3.7104792287220274,128.93762495184865,32.84494761055812,192.38267808830352,3289.5914903999947
198,102060.7412749,1,0.8661287714368177,113.56418186849288,338.39192183176743,6.775440226552926,50.0,2.6656740878351446,136.06314165156533,35.173797611769785,192.08029043714305,3305.936382400003
199,102077.5157644,1,-0.5859565129402368,55.3879443554419,283.32851552986654,14.517487787722422,31.25828863314357,3.1707077833887545,200.0,36.425476593941255,205.78469389375374,3322.7108718999953
200,102095.7950638,1,-0.936850018146626,111.02328738092223,351.42897627761005,6.621985943980493,50.0,3.3240728582619647,118.1926928973565,46.02148412325821,197.67208753220316,3340.9901713
201,102115.8845767,1,-0.9522256783738856,110.93482732375983,330.71952511236526,6.484849619175366,50.0,3.85580485280466,115.96950325646064,40.61540702381378,197.77914966579814,3361.079684199998
202,102133.8012263,1,-0.9220268569133026,112.21993997643972,331.93315770528085,6.981668041324851,50.0,3.1376115709654604,133.484827247108,48.532223885832586,196.39592020372825,3378.9963337999943
203,102150.668226,1,-0.9355022798260141,111.15640194761622,335.3647772070875,6.755096867055406,50.0,3.191395667157224,125.22429865801263,46.491753264197285,196.52793722441626,3395.8633334999904
204,102168.1739786,1,-0.8503390304036375,120.0,348.61328627049505,5.0,49.45549015357088,4.025986156857496,121.51401881479724,56.62395071966752,199.1442103443727,3413.3690860999923
205,102184.8128935,1,-0.9445588805278096,107.92988947838475,327.7885022839879,6.464220224653403,50.0,3.5096325169936593,129.51051778618069,47.36957710256431,192.70526116338408,3430.0080009999947
206,102202.0689384,1,-0.947896135317547,111.38245091578708,332.9096940279726,6.615263850082052,50.0,3.637365009531166,118.45748166050531,47.500347918480955,197.01714648529492,3447.264045899996
207,102219.1233966,1,-0.9453592907802212,108.74056986903307,324.0647779550727,6.809049650924799,50.0,3.6460439007080954,117.66741646491731,48.5766401614112,201.59069044496982,3464.318504099996
208,102236.4133661,1,-0.9412414651821676,110.3719962047141,330.25864481789176,6.774820889838042,50.0,3.501966461513856,116.9811137863121,39.852494320781005,197.0508141038625,3481.6084735999902
209,102253.5205632,1,-0.9360889243049113,108.08923468543364,330.014240838167,6.717153856860361,50.0,3.381315050353612,131.08069168239655,49.27762272469176,191.8002362540214,3498.715670699996
210,102270.8924731,1,-0.947105110529161,114.12445891704986,329.4814905239844,6.628648227701679,50.0,3.4623485158839387,115.46408119996494,44.758433456452394,197.31446183298198,3516.0875805999967
211,102287.8849068,1,-0.920176200286211,111.09961151947894,331.6942990698543,7.156948143217264,50.0,3.57482282230376,118.73422279800556,41.170135534538716,196.12742168977033,3533.080014299994
212,102303.693805,1,0.8681864370111235,113.76459840654097,350.3058077378204,6.254149564814385,50.0,2.994001465100163,118.26325402000997,50.64629165090396,197.8144156274913,3548.8889124999987
213,102321.1614167,1,-0.8512897352437016,117.41785481160795,342.7124164807933,5.0,50.0,4.605690819680007,116.96550892384586,39.09687988176243,190.24522730086386,3566.3565241999895
214,102338.1052845,1,-0.945784775628685,109.58553928127088,335.3722418952026,6.196295014428156,50.0,3.9756783574809864,118.89281514520144,45.40348588130018,195.2467260161495,3583.30039199999
215,102355.3119834,1,-0.9459612335581569,112.1257110277896,331.11973262790104,6.3077393252672005,50.0,3.4120455010579605,123.66695914986344,45.377447665238485,197.0482018322938,3600.5070908999915
216,102371.9015158,1,-0.9152032458203754,107.88757599586336,335.14545526519794,7.164630741027826,50.0,3.334589219064367,128.0955649878955,42.75605262060134,198.52428866137654,3617.0966232999926
217,102389.4625947,1,-0.9390362347122078,110.99308999292376,342.5449677498299,6.834774558827676,50.0,4.417210296196825,124.90767861220121,46.254104861793785,192.56526531912024,3634.6577021999983
218,102406.4713814,1,-0.9364580247301378,110.89555056412294,327.60553383434643,6.609447352042885,50.0,3.045865227004138,126.49597494068016,42.76315710377072,193.43099948753428,3651.666488899995
219,102423.7801705,1,-0.08395246271105884,26.542684053267052,280.76498606924514,16.030489012910166,45.71363595178522,3.5078672077330437,200.0,33.00512268573176,210.0,3668.975277999998
220,102440.7157288,1,-0.9166047577554963,110.82401860164741,329.5587028430639,7.16533363051118,50.0,3.294178880362284,116.76669620364049,46.43300928375609,197.13327997468878,3685.9108362999978
221,102456.9393299,1,0.7894902568688377,120.0,349.48001912512296,5.0,50.0,2.075615714033509,196.86705081604958,6.760326539585016,210.0,3702.134437399989
222,102473.946266,1,-0.9332795526710175,112.91173471152146,326.05451935187193,6.804412790100869,50.0,3.14628703828942,125.9426336578175,40.63755252070301,196.3139631958425,3719.141373499995
223,102489.7922909,1,0.8800877088445087,112.27031394716408,325.76800479007125,6.670839300446767,50.0,2.896737849686843,116.640489533944,45.12463587867324,198.50864311517174,3734.9873984000005
224,102506.1000879,1,0.8306185048137208,120.0,351.59959289826634,5.0,50.0,2.6027578136267415,118.60017322924084,57.3394814096509,199.1960302829945,3751.295195400002
225,102522.6786243,1,-0.950316390528572,107.76262429632874,324.2199565803635,6.356377169603901,50.0,3.661148222651076,129.6580277713323,46.47213706213828,197.85233404758725,3767.873731799991
226,102540.2352716,1,-0.9472276608759459,112.6941111054719,331.39309030694733,6.709084540975375,50.0,3.773594526767642,116.39285820104202,40.021471268532544,198.0929501059333,3785.4303790999984
227,102556.531407,1,-0.9510586266359587,108.99793258463731,325.36960861516116,6.68063262582607,50.0,3.7407059306072163,113.05102834326253,43.395776727389496,200.55310286628804,3801.7265144999983
228,102574.1714711,1,-0.9518086290653079,109.99306840253212,327.6016845816122,6.476983216000087,50.0,3.648808048419445,118.21758517113315,40.578405077988826,199.60134375091468,3819.366578599991
229,102590.7910969,1,-0.9421377425623308,109.89873517112909,321.51237926496,6.753666579873229,50.0,3.7218859822811785,126.07255288788784,45.99809684057685,191.6258735202395,3835.986204399989
230,102608.6455253,1,-0.9496144762067762,116.86546280618708,329.2445681011154,6.464922335436462,50.0,3.554500368133623,121.24924457755704,42.17525262095058,198.29821397020888,3853.8406327999983
231,102625.8158693,1,-0.9474209409481069,109.11920933470518,332.98823511080394,6.578358001019309,50.0,3.4622725587887704,110.53291026391169,41.341137806826545,198.172103554079,3871.0109767999966
232,102643.8235573,1,-0.8633112753419971,110.25309948410728,328.541212353103,5.0,50.0,3.659705388431432,115.97116222069673,33.194767115251295,198.8306454186167,3889.0186647999944
233,102661.3450216,1,-0.8544092295318433,113.05844969684577,340.93172221544086,5.0,50.0,4.54088103551643,112.36622779008536,38.49505469210922,191.9340117054668,3906.5401291000016
234,102680.1320743,1,-0.9504465498015447,110.14749027439258,330.6475005118019,6.548532613779836,50.0,3.80383417193322,116.93425193702308,43.720628714864745,195.99765319455452,3925.327181799992
235,102697.0817368,1,-0.946684504348109,113.25720050033102,325.65832372244216,6.685609912675436,50.0,3.55175488422243,124.33636301295864,40.29104141291348,200.69754578473095,3942.276844299995
236,102714.4400279,1,-0.9438295672864664,110.08538627370305,325.06962360259985,6.7035574097408,50.0,3.430101665204574,124.65587916272133,40.34000593539179,199.45409115114282,3959.6351353999926
237,102732.471223,1,-0.9444214098773736,110.60231373856288,325.39762481039213,6.867092275572631,50.0,4.310571285267992,120.25942611878591,49.56081255590507,197.71207671123528,3977.6663304999965
238,102749.6958907,1,-0.9513620226356494,109.43985696242807,324.3293455340117,6.5165217181992,50.0,3.574836106552045,113.23485189209293,45.879554095326384,196.1098327507549,3994.8909981999896
239,102766.7896848,1,-0.1265522548231994,45.26593976599848,299.586680951368,14.934048301731398,50.0,3.724323835666307,158.85813859850205,34.17125323360407,210.0,4011.9847922999907
240,102783.7154531,1,-0.9351273433017117,110.78317342971206,317.5834982727003,6.957179721901177,50.0,3.5934822395843558,115.21473477200772,43.53332336402149,196.9840588309513,4028.910560599994
241,102799.9302806,1,0.7921185662314063,102.57661931234622,273.27057659398076,5.0,43.78411008585822,1.0,135.42648853520626,34.94611975967509,204.03938448884838,4045.125388100001
242,102816.4323438,1,-0.9458655893962729,112.30654113869379,326.9267491505089,6.479322254686867,50.0,3.2573171933314824,112.91072239056207,36.28996869425603,197.6938672596035,4061.6274512999953
243,102833.9333981,1,-0.954339742320583,111.68559394624711,322.2404169188833,6.49369940872359,50.0,3.6443261665566142,111.65515017271325,41.56076964256572,199.09533571957675,4079.1285055999906
244,102849.6177124,1,0.8323855302490577,115.04778687222716,348.3763700909415,5.0,50.0,2.6886042230450062,116.8845464631022,55.58911583276702,198.65013716145444,4094.812819899991
245,102866.8887361,1,-0.9539614150469157,110.74812153623972,327.2150037319808,6.350025741423566,50.0,3.7926883914045275,120.83996403049566,44.852856634527335,200.66335700240532,4112.08384359999
246,102883.9182741,1,-0.9504466137201034,112.31845092769706,330.31073306313715,6.601340529446864,50.0,3.9206411031083563,114.96490660522934,36.184685791687066,198.49376000493373,4129.113381599993
247,102901.6458021,1,-0.9528093749127762,110.62660620494368,326.08925735468097,6.593777746630309,50.0,3.8482165142510834,111.46268643770281,39.247306368697174,198.416535405408,4146.840909599996
248,102918.6883112,1,-0.9529362096331887,109.93861559019226,328.84621084808737,6.313942923592686,50.0,3.8839641956248796,118.58647072000048,40.98331668104001,200.47284814452695,4163.883418700003
249,102935.8856359,1,-0.9472427052487982,111.88264485753533,319.9404791256942,6.771366198175032,50.0,3.958036147368458,118.07844914776354,42.31104564500534,196.33169915296617,4181.080743400002
250,102952.4679551,1,-0.9518763263838811,115.74955278046318,329.1489266339118,6.379288788321455,50.0,3.885050415297729,122.70913906597455,39.32768130961868,198.42094076501408,4197.663062599997
251,102969.594941,1,-0.9484866318279052,109.07631995337584,332.81241742593477,6.2452731084376705,50.0,3.624930619157547,109.35404890394186,41.351440783798054,199.2419696827504,4214.790048499999
252,102986.2094999,1,-0.8621450840458881,108.45728820342414,317.7460401640076,5.0,50.0,4.107828925606751,114.71084548556676,23.643058826527618,198.577400217527,4231.4046073999925
253,103003.3094645,1,-0.884168845891136,108.55323467196752,339.3389761292159,5.281697324868432,50.0,3.8549814056100966,110.34142783082372,39.578788713214784,196.9491338413975,4248.504571999991
254,103020.4582921,1,-0.9473284093800723,110.60360028441015,328.09231015574403,6.706498322922935,50.0,3.756382932953297,115.7917161078779,41.46752254336233,196.46249809928597,4265.653399599993
255,103037.3703832,1,-0.94911793522759,112.42891564764946,326.63882142103296,6.711030383437679,50.0,3.775370351702522,116.89774247473183,37.723677471315966,202.2109339969982,4282.565490699999
256,103054.6358964,1,-0.9534825228317959,111.49954395410147,323.39928070240603,6.300870573563492,50.0,3.8060114816035755,115.69451577715887,39.15999557555756,198.46210998686786,4299.831003899992
257,103071.5574456,1,-0.9583923766480595,110.4595429358747,316.766881485917,6.55538996926874,50.0,4.164997262934553,113.9209831152264,47.17468711458358,200.58162672455867,4316.752553099999
258,103089.0071493,1,-0.9577303853560929,109.92378418927512,324.81541332194445,6.447578569481147,50.0,4.067730220584727,106.11879808570805,42.92397951291352,198.3377233684991,4334.202256799996
259,103105.7686531,1,-0.7495866969052088,62.558659270882394,328.4473602520675,8.656364131262476,50.0,3.8536368815942854,110.53530207023411,37.5075328112829,210.0,4350.963760600003
260,103123.3710879,1,-0.950878231524049,110.47832080189666,310.8176017731763,6.754573166252454,50.0,4.3201768113475865,114.07885246043469,42.024327290010426,198.8361269586464,4368.566195399995
261,103139.2456765,1,0.8583648519670041,100.80000595290879,236.3980855474397,5.0,43.74529284940176,1.1116491037713452,88.60364947885408,56.63905089583812,199.65506626935158,4384.440783999991
262,103156.907582,1,-0.954807351932156,111.91183669339588,320.4013470412682,6.345659640127188,50.0,3.5200622018188814,105.98826942875714,38.856899522777056,200.82457361670876,4402.102689499996
263,103173.6819665,1,-0.9604322206461515,110.8250593910052,316.43344348693495,6.435356956980006,50.0,4.4128838936338965,109.87283733768797,43.231817339905604,199.81018659417728,4418.877073999989
264,103190.1254431,1,0.8611776529585772,110.5118510542036,316.22861758384937,5.7971838780327225,50.0,2.9632078540620874,113.90747457973268,49.8822137131729,198.74837920173624,4435.320550599994
265,103207.1587122,1,-0.9586524870849445,112.30502228938671,323.93280609809597,6.45741101152482,50.0,4.0887009595151795,115.08551608368721,44.07515494251065,202.20316747247503,4452.353819700002
266,103223.7613981,1,-0.9542953662810919,111.60403695067485,327.78985360222,6.5133696843240925,50.0,4.029584543625775,113.38983274176466,36.255134210602705,200.63840737164082,4468.956505599999
267,103241.1199657,1,-0.9551528585556007,111.36870469100012,321.9133629045412,6.508048416461538,50.0,3.959682900289234,110.91462715121949,37.9915246402635,197.4001027769378,4486.315073199992
268,103258.0461521,1,-0.956053016819764,110.37203695053161,328.90274311745054,6.368746797280764,50.0,4.071402815520851,115.23598363939095,44.75408496695877,200.97429593833016,4503.241259599992
269,103275.3987366,1,-0.9589175232261578,112.65476706925935,318.20509023743926,6.591586312560961,50.0,4.088414288217319,109.60887849974526,44.98616881096686,203.07040921549728,4520.593844099989
270,103291.8791997,1,-0.9551151097566728,113.28817662903023,329.04267060420494,6.354845149222588,50.0,4.172303890436893,118.05239148919063,45.480062012114594,198.70987490924122,4537.07430719999
271,103309.1738985,1,-0.9520326536692868,110.33034068210011,329.3074631615008,6.193296593530303,50.0,3.9514091967354226,109.73458544830369,43.98476746031568,200.0085521967942,4554.3690059999935
272,103325.8334705,1,-0.9559838719003602,108.58956892288194,311.1897356149686,6.2052774975168195,50.0,4.406730950117623,113.86669764826755,36.55656262872085,200.07576737584372,4571.028577999998
273,103343.3901013,1,-0.9333520304847189,107.79661322043187,316.72986769847097,5.749380012836841,50.0,3.674759983768575,109.78337991890015,45.669366128836614,200.16189107021378,4588.585208799996
274,103360.2535325,1,-0.9505673794827483,110.73733747252676,322.69766127174,6.7382660171897095,50.0,4.07276928692165,114.76727366691837,44.74650268670915,197.495151084551,4605.448640000002
275,103377.5748538,1,-0.9574172979404737,110.38560736425893,324.82595870205836,6.575613463871556,50.0,4.167857764996044,110.902126475193,41.2103762828624,202.54703190288794,4622.7699613
276,103394.9797952,1,-0.9546035510436961,112.07022252322415,315.9804610279395,6.14200292154428,50.0,4.201048407042981,109.66952635127163,39.77905919555854,198.89879001797055,4640.17490269999
277,103411.8657225,1,-0.8710088715738444,99.0861722072149,307.5793713891631,5.0,50.0,3.923953878652609,34.425108214790015,61.843044023401774,210.0,4657.060830000002
278,103429.3832993,1,-0.9615128040553096,110.3742925741291,318.7399305429528,6.468683116075458,50.0,4.390556424353625,103.46713412095365,44.52387579257675,200.72278947849776,4674.578406799992
279,103446.3621736,1,-0.8559906092882158,104.52813232944126,343.0453373607614,5.0,50.0,4.13125920441204,84.81385385926166,42.69666359166519,203.03552873208773,4691.557281100002
280,103463.6843395,1,-0.9582046701186351,110.2877270763472,311.49699171907497,6.594000017058795,50.0,4.750385369712629,109.73188259009825,41.80814573773185,200.51222900507486,4708.879446999999
281,103480.7034198,1,-0.8933068411632243,104.74177172342604,262.60669240044484,5.18402922868566,48.28188699982502,3.6084453646323844,63.510797299599574,58.41956511593572,198.20888128923758,4725.8985273
282,103498.1108024,1,-0.9625746844333167,110.37610565720757,316.26441646336696,6.37832042426463,50.0,4.30481892323031,101.81841290580488,42.42930515734711,202.45131956468757,4743.305909899995
283,103514.8567367,1,-0.9619357158457408,109.91734067189466,314.4279772026087,6.406927876921079,50.0,4.829475248349345,102.53827785059903,44.699384851162584,200.26194541698348,4760.051844200003
284,103532.208079,1,-0.9569910750479511,107.9703395768282,299.2613129050737,6.420688071216997,50.0,3.7669467247984896,112.26910238178712,42.91862918004375,200.67813726232822,4777.4031865
285,103549.103827,1,-0.9611225677467855,111.30616085424143,319.2878710186677,6.526735536544389,50.0,4.353627829126202,104.87605359925364,43.796895599243,202.251090165719,4794.298934499995
286,103567.672303,1,-0.9612098327531098,109.98962153563883,320.3882350958752,6.445189715684883,50.0,4.256399764162017,103.98244618205115,42.37895175902778,201.85437360834953,4812.8674104999955
287,103585.0548604,1,-0.9605247920396942,111.4924145553679,317.61071288682797,6.427852078653671,50.0,4.427856216204718,105.36779040614502,42.822287469882646,198.42990290732837,4830.249967900003
288,103602.2879301,1,-0.9608759202933703,110.61161094868092,322.30053021329195,6.484808528747081,50.0,4.36413801238316,104.66828824984606,46.81556956186151,201.08808927728896,4847.483037600003
289,103619.5061909,1,-0.9640795210997468,112.27380321802266,317.5251657100396,6.381522732239151,50.0,4.24543799306284,102.4627929118593,45.99730543411492,205.95817875040282,4864.701298400003
290,103638.2047037,1,-0.9611047401988225,109.0347785377026,321.87251611413166,6.387652438457102,50.0,4.548122584837634,102.72926785966625,48.51779180880335,200.8664450669168,4883.399811199997
291,103655.3044552,1,-0.9584485660132748,111.05257837822339,322.58484156812534,6.275093541504138,50.0,4.136158358949432,108.67872803572676,45.663817531279484,201.11779899251223,4900.499562700003
292,103673.1408592,1,-0.937872491258589,109.98763173698148,310.3129900655453,7.027254657111053,50.0,4.56530257992757,107.78740331944239,49.14193779963137,200.92007778998155,4918.3359666999895
293,103690.1321188,1,-0.9614401618895049,109.20753088357012,305.6507615217349,6.472416685729065,50.0,4.165328658932641,105.32850891341607,48.43549165198519,202.07475946370752,4935.327226299996
294,103707.1722574,1,-0.9590623220031756,110.62378741084416,315.89981050956135,6.610820103497934,50.0,4.278073083615224,105.40414420961838,46.34888246053769,200.72117490755608,4952.3673648999975
295,103724.0657308,1,-0.9608276841125843,109.25943689044759,323.6343276740759,6.4642937568384315,50.0,4.441839936710423,105.07146077275338,46.28453614436502,201.79680495699768,4969.26083829999
296,103741.0796544,1,-0.9617386853953176,112.0300567975136,312.5551265452772,6.324075557789898,50.0,4.575785107397607,101.70985272399777,41.56638987839651,200.31869472002552,4986.2747619
297,103758.3637177,1,-0.871848737591086,97.38308169319171,305.79329378837497,5.0,50.0,4.1803728791235315,31.772700266680715,54.5239179269333,210.0,5003.558825200002
298,103775.4647682,1,-0.867263108333954,101.2580152221979,360.0,10.282280780755162,38.93821250990783,5.585060034571584,141.85031283171307,60.1080398867618,207.06276289550587,5020.659875700003
299,103792.7711364,1,-0.8565552763354455,120.0,339.55485034982564,5.0,50.0,4.320960601119541,78.00599538056623,46.52884569922289,199.07969566843136,5037.966243899995
300,103810.1622932,1,-0.9638125082379749,112.07476824139704,314.77876071322737,6.39404781133168,50.0,4.615724326449641,101.48626977539871,42.091330263559,204.79412449229517,5055.357400699999
301,103827.6816343,1,-0.9222857319818449,110.36968463284052,287.2176297536192,5.475897455783299,50.0,5.136736172373018,70.44670487222339,52.158037185154704,203.03133455640577,5072.876741799992
302,103844.7417121,1,-0.96498735122694,110.97300322345464,315.24917015291913,6.397776996223499,50.0,4.705700356869607,99.60711023662219,44.910821371874874,206.42408202322707,5089.9368196
303,103862.3743374,1,-0.9649718039307712,110.51990985002854,316.00438810883315,6.366914516024276,50.0,4.596614226502027,98.46712147564796,46.32937824067754,206.15043839922578,5107.5694449
304,103879.1824839,1,-0.9498411014851214,110.50696028001312,294.9169866338842,6.759314678067046,50.0,4.514175930595288,110.24458186867115,39.89421423867106,205.36599698437792,5124.3775914
305,103896.4886161,1,-0.9637657406264661,110.78169099524172,315.92437111993945,6.4535941847312435,50.0,4.459596761397615,98.0366209515023,45.6345371083164,202.64101276311442,5141.683723599999
306,103913.4099653,1,-0.9642492874297032,111.0426229099447,315.901702439363,6.36386150654372,50.0,4.378855728993855,98.3390469776386,47.108801996199034,204.00471817835478,5158.605072799997
307,103930.4737127,1,-0.9629641346924087,111.98136840459861,315.24688758646533,6.356118263678093,50.0,4.565143067437147,100.82592162890394,48.08082198303183,201.37175711039941,5175.668820199993
308,103947.4174242,1,-0.9645867935347775,111.33687178212773,314.658000093881,6.500083121415005,50.0,4.465261439414718,98.46997626221331,47.72754439733826,205.83396542744472,5192.612531699997
309,103964.4121382,1,-0.8696581071311937,120.0,284.8542720403853,5.0,50.0,6.296566689145147,96.06134619713416,65.59140598040644,210.0,5209.607245699997
310,103981.8896245,1,-0.9639251873569482,106.70026230557112,315.5074409139821,6.400065910059556,50.0,4.6440905896835245,94.10109613832523,47.67636448856956,202.98711013753228,5227.084732000003
311,103998.7824506,1,-0.9620678860816538,112.47213209591484,316.8642230913641,6.320603229034874,50.0,4.244736025176469,105.71625478917015,46.708336063262415,203.07499897923913,5243.977558099999
312,104016.1079056,1,-0.9162985966704505,111.00754776633678,314.6134869893808,7.35493935037172,50.0,4.533021253310041,101.67023708702341,54.36065357584651,205.65964472234185,5261.303013099998
313,104032.7738425,1,-0.949471613153506,110.51473890223441,307.61535902433917,6.865907093435252,50.0,4.47661092217767,101.71462481060682,47.723303967504464,203.82253734435142,5277.968949999995
314,104049.7469251,1,-0.9634838030649765,110.71025704632285,312.73859031390566,6.530341389742902,50.0,4.360537011511956,100.0709205102317,47.146016982605715,204.82890371797265,5294.942032599996
315,104066.8018077,1,-0.9635188432569436,109.69309574256806,317.071614876032,6.344479853707876,50.0,4.423589539557472,100.35695489831545,48.87704415721372,203.9518360857532,5311.996915199998
316,104084.6081066,1,-0.9640268954486768,112.18903079004087,315.1311629764566,6.455061641209333,50.0,4.713862288991787,97.44687357631126,46.281899297325566,203.1341495838958,5329.8032141
317,104101.8821967,1,-0.8833780821101135,109.69725641069834,312.12969866648234,5.04846813224846,50.0,4.3835739426339595,65.53762564222308,49.013947698892906,210.0,5347.077304199993
318,104118.7516446,1,0.883635540164818,107.23133249798983,360.0,11.009009957503617,37.6354354578394,6.2207309075640485,144.10139496213412,66.2696243150449,209.5844595775001,5363.94675209999
319,104136.0767725,1,-0.8864392862193213,120.0,331.4202234085718,5.236674982150341,50.0,4.401584906335273,75.08574831373366,48.155905044952,201.76703760771775,5381.27188
320,104153.7270936,1,-0.9641989120760726,112.61405917252785,316.99909162616274,6.28527582540688,50.0,4.612944033357376,96.0287714483439,42.65746471316969,207.75965347334872,5398.922201099995
321,104170.9935262,1,-0.962515504476311,113.70454415290831,324.5877459458983,6.51410642662444,50.0,5.585144538733376,80.70764017831486,44.20786925164893,207.99708547069906,5416.188633700003
322,104187.2586617,1,0.9251591044027911,120.0,246.4643063646883,5.0,42.24395118519033,1.2828368182059808,38.770057250834725,46.9337562697005,210.0,5432.453769200001
323,104204.7078407,1,-0.9661649530777489,111.05107062181418,316.3259910594186,6.360848732232863,50.0,4.559314294188892,96.8935949861742,46.104734195127,209.43071870973378,5449.90294819999
324,104221.1268421,1,-0.9563618353192672,111.97505154636733,298.2757064708959,6.625516691048397,50.0,5.093308447780372,108.22297188974113,40.62776137934226,208.4851418310005,5466.321949599995
325,104238.1482348,1,-0.9644271545824163,110.60626287814645,313.74598520198833,6.381245464750539,50.0,4.6998055832235055,95.63275758278729,46.06768503283848,202.9248602206471,5483.343342299995
326,104255.1678447,1,-0.965513270805854,111.59778871068715,313.12411763264083,6.337675016069725,50.0,4.770291227690624,95.76092493109294,48.78748201151744,207.01784032120906,5500.362952199997
327,104272.5801035,1,-0.9643899943034866,112.1076885628354,313.9506738279246,6.33311667313295,50.0,4.67622848428939,97.34983713854345,47.87495621984158,204.32297730243837,5517.775211
328,104289.5562963,1,-0.9664189566390816,111.61518758624473,310.58171814763926,6.45335270226709,50.0,4.561315146707425,95.35205274809681,47.57696331268269,208.8494026458868,5534.751403799994
329,104306.6914839,1,-0.8720777778999508,120.0,291.34082209401555,5.0,50.0,5.857347883855115,94.43140227144441,64.91681571101016,209.93017232456646,5551.886591399991
330,104323.7681071,1,-0.9657253018431197,107.1867508388861,311.94378224497245,6.406235803476791,50.0,4.737621415333662,92.69952705260961,46.71247157289719,206.6543766848611,5568.963214599993
331,104341.4098442,1,-0.9643269996999011,112.75820010651745,312.99322716059635,6.416978825114585,50.0,4.423989047213271,99.92458317023008,46.02565868548779,204.15864848407665,5586.604951699992
332,104358.1275738,1,-0.9564265880747318,111.56284289279267,317.36464560048483,6.810781601631311,50.0,4.5839446980376275,97.4129865192967,48.97242623763048,208.92206116305871,5603.322681299993
333,104375.5562835,1,-0.9524273979602181,111.2730617989863,314.76004692026714,6.852888904723708,50.0,4.779959682615644,98.92080419940464,45.91950871047876,204.93272342447642,5620.751390999998
334,104392.6816619,1,-0.9656946469516737,110.87947621348573,313.2488166817408,6.481992461719213,50.0,4.591401511000091,97.01130533735726,47.07234938805085,207.87951471356635,5637.876769399998
335,104410.4276471,1,-0.9652990767613077,110.50275550825877,313.38806929096125,6.302130971268829,50.0,4.496849914057988,97.72372226081428,48.328192140456416,207.5119034241322,5655.622754600001
336,104427.5516563,1,-0.9649962583361864,111.1712925714113,316.579497416557,6.494809725250824,50.0,4.78368686633321,96.1106251266255,48.0589623240621,206.72230910392054,5672.746763799994
337,104444.6275185,1,-0.9529613496677144,116.56779996770572,317.5836740080874,5.9698980794850955,50.0,4.649424268409341,98.98345116111255,45.12825639560163,209.09026825801277,5689.822625999994
338,104461.5193856,1,0.9235645409813571,111.15858996990204,359.06741096265785,9.464014992976779,44.77705998806266,6.1532048301976605,114.02263682652553,68.40303257057192,208.76078747077756,5706.714493099993
339,104478.6457632,1,-0.9073864317705941,116.62193272827582,322.72218151846323,5.37367537365015,50.0,4.467227605464636,81.66411740572636,45.918713261994334,206.2690148627245,5723.840870699991
340,104496.2854728,1,-0.9648993027079994,112.10100892385753,316.1410979605218,6.253505729667875,50.0,4.592793810375814,92.60849796308851,44.06285662796522,209.4209745585689,5741.480580299991
341,104512.7619639,1,-0.9429912484962146,115.09194357852955,334.5461395986605,7.041682110587848,50.0,4.818269116861363,90.01888004922021,40.41242015463908,210.0,5757.9570714
342,104529.1196585,1,0.9000557984128139,120.0,228.23894694776476,5.0,38.51162300101285,1.0,47.77535333888255,48.28614978925621,210.0,5774.314765999996
343,104546.5366542,1,-0.9669149896833942,111.39216144672363,315.63407368646745,6.428811455117586,49.99957370073434,4.5391920920451465,94.7390187744524,46.865445053641395,210.0,5791.7317616999935
344,104564.3083905,1,-0.9638973452396431,112.6647286856381,308.6569646757863,6.485655172546467,50.0,5.041595192129614,98.94957272452083,41.49495384367236,210.0,5809.503497999991
345,104581.5316618,1,-0.9662355679639486,111.14939131438364,311.03649759790756,6.3845962053847325,50.0,4.761286698535157,94.07661273264159,46.37580179400456,207.41901160341678,5826.726769300003
346,104599.0517148,1,-0.9661699857051705,111.92143473910355,310.03189350009626,6.358728278830915,50.0,4.918571562621244,94.01736784703427,48.63643148362105,208.7463802442008,5844.246822300003
347,104616.3267992,1,-0.9662158314518624,112.02163868024947,309.9073797263481,6.371077343588098,50.0,4.682962796982364,94.53463350535262,47.72212630233316,207.27664922107255,5861.5219067
348,104632.6298051,1,0.8855637283364749,120.0,349.0087471867836,13.006636543206886,28.70421498400461,5.1422708121389995,126.30320116314208,36.931507384975504,206.09114842139974,5877.824912600001
349,104650.4057906,1,-0.955902435435804,115.80011686896847,301.650883321346,6.055366278384215,50.0,5.231291151675854,93.60838158625987,54.17398310267446,209.59806785184236,5895.60089809999
350,104667.5903194,1,-0.9670633003163941,109.02839938768122,309.9816350610883,6.427016308001233,50.0,4.680344537239737,92.70001080937283,46.70576722827422,209.9563872818805,5912.7854268999945
351,104685.1351235,1,-0.9652899806299287,112.7277951425923,308.9452741057983,6.4892216525317465,50.0,4.604396933991614,93.93460644453405,46.22365542877172,206.55166111430347,5930.330231
352,104702.4133024,1,-0.9641658369103129,111.9032106143776,315.6427518515153,6.216736568626584,50.0,4.609731497550758,93.65558151888472,44.79508582625937,210.0,5947.6084099
353,104720.1186981,1,-0.9606955350772713,111.90006208349928,315.93197674848767,6.688476989872603,50.0,4.777440670215814,96.63233204478107,45.69676520153053,206.91320302043093,5965.3138056000025
354,104736.7886294,1,-0.966789338836892,111.43080861217274,312.8300970638977,6.451487497838811,50.0,4.702957587095463,94.61842569143298,47.50267914020435,210.0,5981.9837369000015
355,104754.2213063,1,-0.9664818667435248,111.39889940784067,309.1289171233414,6.308181328586485,50.0,4.556045351985671,95.4983726766248,47.49679811926148,209.84616594746208,5999.416413799991
356,104771.2094277,1,-0.9662333999796764,110.7932909851306,315.36977381293985,6.500521875425651,50.0,4.681363756256319,94.71555766780692,48.78325498558545,209.6836614668163,6016.404535199996
357,104788.8080154,1,-0.9601938389293891,115.6152810997171,316.2128877841767,6.607148166930433,50.0,4.7844654702795095,114.19304527689408,44.279542495813054,208.36705107397623,6034.0031229000015
358,104804.7936775,1,0.9480087508903723,113.53872765375255,338.7356290962931,8.591197281021637,49.868862867215384,6.084406860798521,88.73558479994595,59.32781048682786,208.3881055674257,6049.988784999994
359,104822.7173962,1,-0.9672355195894486,111.93207342372656,306.53080786577743,6.402733853029026,50.0,4.512278991960233,89.29798616667573,44.97533211614901,210.0,6067.91250369999
360,104839.6221302,1,-0.9674108091922788,111.66163880490464,307.19278695320435,6.38124130523594,50.0,4.569601975029194,89.59379845478784,45.68615975481326,210.0,6084.817237700001
361,104857.0247115,1,-0.9561800577324392,115.39224301764561,323.86563168731846,6.778832134898172,50.0,4.122191818645353,95.02057920450702,41.790855545894836,210.0,6102.219818999991
362,104872.9506322,1,0.893138566182504,120.0,262.0093502835652,5.9990798465352215,39.058932809778135,1.0,66.31137640091671,46.3328419679306,210.0,6118.14573969999
363,104890.3785924,1,-0.9670395144182735,111.58585494943847,314.3816796838144,6.446206603973569,49.998323478382574,4.506439071573836,93.3378728382427,46.8204396979426,210.0,6135.573699899993
364,104907.456555,1,-0.9675433157937567,112.52604129823588,312.7207312449706,6.333726534028125,50.0,4.564722122431909,84.69765812876743,43.99043883908415,210.0,6152.651662499993
365,104924.6593926,1,-0.9672295579305332,112.11624064187112,306.83088262446466,6.4022130793443655,50.0,4.661425126646148,89.69184575854092,46.2320841918831,210.0,6169.854500100002
366,104942.1341545,1,-0.9671092224169863,112.10566824790901,307.171662139359,6.373187287284606,50.0,4.759515501955758,90.795675616056,46.73215057864172,210.0,6187.329261999999
367,104958.9024369,1,-0.9673214287435968,111.89321336563489,306.01842088310866,6.408274150234153,50.0,4.589980111837008,89.23446375798449,47.20961119105062,210.0,6204.097544399992
368,104975.2432428,1,0.8448994417843522,120.0,342.6899321269511,15.322333067185859,20.45318227124844,4.950687966696952,134.25365033050264,37.48217767819079,206.2323565808769,6220.438350299999
369,104992.1626354,1,-0.9597463160812589,109.62018931829135,311.3177557854184,6.7540183221792045,50.0,4.409250952120249,89.23317789061193,48.152091038849925,209.46898925909696,6237.3577429
370,105010.0107661,1,-0.9671755197287857,111.26455716866235,306.9036314661488,6.432090298345411,50.0,4.519700772986752,90.64162934566288,46.64084705092037,210.0,6255.205873599989
371,105026.7005337,1,-0.966773452497664,112.03598076603326,305.46035560464315,6.474408796606315,49.99994601853737,4.652243365243535,87.73232377851352,45.530691858409554,210.0,6271.895641199997
372,105044.5986657,1,-0.9601324726765947,112.09991156080727,309.607616995549,6.075731910220645,50.0,4.550179264046509,89.42745076107097,42.500476560130174,210.0,6289.793773199999
373,105061.8150785,1,-0.9660853887108951,112.26739959561729,315.5050182789603,6.45084937726918,50.0,4.683974924491505,95.07924811620947,45.01745607549219,208.64962856928636,6307.0101859999995
374,105079.3765895,1,-0.9673119599826226,111.82403129257025,311.66796863711977,6.430729628954447,49.99923642665535,4.696532605307523,91.16761353637496,47.24427468155558,210.0,6324.571696999992
375,105096.4829397,1,-0.9670085590536265,112.2197788252268,305.37491646197907,6.338600999868112,50.0,4.58650914686079,90.49623372910916,46.31169966563639,210.0,6341.6780471999955
376,105113.8465811,1,-0.966979793845119,111.14443909562186,310.8836016297833,6.47934900634387,50.0,4.482798175951476,92.51698961549725,48.865762808063195,210.0,6359.041688600002
377,105130.6706644,1,-0.9490403601721734,113.45345506965917,312.2064971006011,6.879349851938018,50.0,4.734964369908206,111.12444524999472,44.29846428172,208.18996343705638,6375.865771899989
378,105149.5735749,1,-0.9659174840088728,113.69673225053289,326.7154290124205,6.410163622118575,50.0,5.005309890065618,75.02843048194066,46.7627825409294,209.38815706028333,6394.7686823999975
379,105165.7042653,1,0.6621911422567681,60.272053807631025,293.5073257160399,5.0,29.529639008578442,1.0,158.57538178675642,73.94672194901823,210.0,6410.899372799991
380,105183.0703241,1,-0.9674851684653317,112.00167958958725,307.7081405264527,6.431754056570392,50.0,4.556109703971926,87.36877916814895,45.414516319186355,210.0,6428.265431599997
381,105200.4485886,1,-0.9617568167515487,113.00935423230791,312.45941010440765,6.583110782512129,50.0,3.8557698127666247,97.44310070666879,43.048999926419945,210.0,6445.6436961
382,105216.522371,1,0.9020021789185432,120.0,284.41135514063035,6.6906206758755875,45.74763567823011,3.5150689305121965,85.57866996193874,43.491004637893234,210.0,6461.717478499995
383,105233.5954748,1,-0.9677885753060235,112.55905804944086,313.522045327602,6.350285024996531,49.99905175081811,4.527259445825319,85.18442735167366,45.23064207437514,210.0,6478.790582299989
384,105249.2976439,1,1.0219666737124427,102.57480776521993,314.87992927076414,11.923343439459977,50.0,2.697474074814842,33.43421024114804,29.638757172039497,210.0,6494.492751400001
385,105266.3241955,1,-0.9681208589030634,112.92047131492619,306.9642611936585,6.375739743343477,50.0,4.539396456568509,82.53013536955442,45.9969753463489,210.0,6511.519302999994
386,105283.4423988,1,-0.967406971202288,112.60467936657712,307.7090335341357,6.379302830928823,50.0,4.63843628940821,86.86667050187566,43.961010394992954,210.0,6528.637506300001
387,105301.4884302,1,-0.9678760880375515,112.27836269424549,306.27241773910606,6.408299693476545,50.0,4.530099572676636,84.30978644189386,46.544412327632195,210.0,6546.683537699995
388,105317.6210133,1,0.8651088719221494,117.75231677517442,338.7237094032246,10.24637755699871,32.169564437586395,4.7130748529540085,124.55121185469608,38.53123138331945,208.45736213301163,6562.816120799995
389,105334.7723711,1,-0.9392816903811665,106.64546409019222,317.7891694878892,7.085227478984044,50.0,3.995106871641314,86.12524174966666,44.4528315466775,209.89224704686043,6579.967478599996
390,105352.246734,1,-0.9679526372040013,113.08334797994361,310.64936013300684,6.351121758108677,50.0,4.456648532081969,83.97754529781677,44.82836318432238,210.0,6597.441841499996
391,105369.4798426,1,-0.9679105314435659,111.69861729964913,307.6687391222668,6.428540910909608,50.0,4.678121415094223,82.78387601088932,44.73942036427257,210.0,6614.674950100001
392,105386.9203853,1,-0.9602586274745275,112.21815266345757,306.71770607812755,6.06598226654052,50.0,4.519442737845842,84.67066007990309,42.56106694679047,210.0,6632.115492800003
393,105403.9481134,1,-0.9663817980291923,112.51929958843905,313.8807851981729,6.268382838617101,50.0,4.544625982602716,85.16595242617768,44.420069675683564,209.7882184073409,6649.14322089999
394,105421.2175221,1,-0.9681132385580422,112.58664554663292,311.9978105632558,6.353799064644499,49.999169923367674,4.594955825614607,82.8465393766989,45.08507523273279,210.0,6666.412629600003
395,105438.5585308,1,-0.9676824643997862,112.94552834632296,309.3331646855357,6.351255616829024,50.0,4.58649501966323,84.99553176528211,44.08894484517337,210.0,6683.753638299997
396,105455.9857245,1,-0.9677856971053606,111.55596934240798,309.42933308632416,6.352131994357518,50.0,4.450671927186008,85.91492638275109,44.580704467663374,210.0,6701.180831999998
397,105473.23716,1,-0.9617761073761617,112.03215929498067,310.067541834896,6.601561809687913,50.0,4.654024859415929,107.01769488044496,44.24391944241894,208.6631767194988,6718.4322675
398,105491.7517164,1,-0.8974615250026363,113.54945069912623,306.39122296805243,5.204576914128734,50.0,4.048357432026522,68.7592213235042,38.95273897804282,210.0,6736.946823899998
399,105507.9699743,1,0.5777153848293787,70.83537378745423,302.37882543714875,5.0,28.160281725128968,1.0,189.24551932370565,62.64567414371121,210.0,6753.165081799991
400,105525.7711531,1,-0.9679260982181492,112.63218091790236,307.3209129992087,6.424839355097288,50.0,4.532682371482444,83.38213677068329,45.35881530204469,210.0,6770.966260599991
401,105543.187556,1,-0.9647329626978431,111.6102343156266,304.52383811087265,6.418986847307554,50.0,3.8060076863954277,88.26527956223423,44.07569403429328,210.0,6788.3826635000005
402,105560.385892,1,-0.9477242110148753,114.3095219557624,298.55069222368047,6.858633640168238,50.0,5.110905236772209,95.03182277843075,43.79209293194146,210.0,6805.580999500002
403,105577.4373981,1,-0.9678096162272706,113.10015776108008,310.6780035434268,6.30284516073411,50.0,4.548523227834049,79.84098629315517,45.10869433110524,210.0,6822.632505599991
404,105594.3977888,1,1.0117212522982015,98.91101563505471,309.74957431863476,10.519733391169387,50.0,1.7766247369573511,32.06237197829945,32.09121239272269,210.0,6839.59289629999
405,105611.0638842,1,0.8032387674842895,96.23628819478827,352.8419638582171,5.0,48.82644355918813,1.0,133.80391475902903,34.73502914873548,210.0,6856.2589917000005
406,105628.3797445,1,-0.9677017706907022,113.10737926409662,307.43036938116893,6.3818175876289205,50.0,4.506166964947418,83.70002135273825,43.426424112737756,210.0,6873.574851999991
407,105646.001397,1,-0.9681959187737859,113.11263713805434,307.0634986487407,6.379902106606767,50.0,4.500249415907074,81.3974490852919,45.825155007088426,210.0,6891.196504499996
408,105662.6519473,1,-0.9143301898819235,115.18556739646814,331.1553849576595,5.686134798285438,45.26211091728131,4.537842596933912,111.36702311157062,44.55397027744446,210.0,6907.84705479999
409,105679.9976065,1,-0.9438360949804223,107.2950199571468,315.37013837210634,7.015523044919343,50.0,3.9559121705249143,84.1231204239953,43.277984254946986,210.0,6925.19271399999
410,105698.5095572,1,-0.9679031693413811,114.07550494070838,312.13348622485057,6.3245597388922015,50.0,4.452862124700018,79.32827015857232,44.13080378566511,210.0,6943.704664699995
411,105718.1977566,1,-0.9684168647697975,112.28758778765918,308.20476559349294,6.394585224511363,50.0,4.6805315594773065,79.85055950672475,45.35745072545228,210.0,6963.392864099995
412,105735.4427451,1,-0.9616118387103206,112.30559972087404,305.13830863818197,6.08377226116427,50.0,4.515816017444865,80.33039189531351,44.62043913805824,210.0,6980.63785259999
413,105753.2521068,1,-0.9660391962356846,112.76177528022866,312.8572436117801,6.221846721177586,50.0,4.465499818341714,79.04602855734342,44.402502140932846,210.0,6998.447214300002
414,105770.6620675,1,-0.9682224770086443,113.0112542536606,310.6176173814797,6.3248792013648165,49.99902687113729,4.507640405659626,78.26621645756983,44.08744343135298,210.0,7015.857174999997
415,105788.3463714,1,-0.968323617940166,113.3379102205518,311.18688867967273,6.381924512163845,50.0,4.5780728240924295,79.67531346149572,43.499422317878405,210.0,7033.5414788999915
416,105804.9388064,1,-0.9673897969718057,112.87649896160471,308.3887176765502,6.2956534598284195,49.99947050561515,4.501634619431665,79.62264080549105,42.422349562063026,210.0,7050.13391389999
417,105822.2254868,1,-0.96544889294191,111.32834546670045,307.68981167704897,6.337051545082319,50.0,4.603322863849762,104.45116257758626,45.44993198166329,210.0,7067.420594299998
418,105839.4643411,1,-0.9288023918287533,112.92163697027927,295.2745192722503,5.562305575084768,50.0,3.7874032047850097,78.08350345005036,37.652141495542025,210.0,7084.659448599996
419,105856.4809649,1,-0.81503351413073,87.22372953808787,311.4841764782282,5.0,37.433607736948524,3.4539517640508937,147.52183498031854,55.93459919695427,210.0,7101.6760723999905
420,105873.8925364,1,-0.9683887724508934,112.71290882250881,307.1642690310017,6.413520497254191,50.0,4.655501561351195,78.6023117167777,45.32659912656068,210.0,7119.0876438999985
421,105891.2788356,1,-0.9667353129765899,111.10184902293585,303.7815872351639,6.314524935754589,50.0,3.9727311009365796,79.48002748586231,44.80015478550786,210.0,7136.473943099991
422,105908.7686046,1,-0.9615580797756118,109.89366185474664,307.35215844733824,6.5130251672489905,50.0,5.657974617028375,94.23139326310046,44.78042480401659,210.0,7153.963712099998
423,105925.5084845,1,-0.9677641067931197,112.81081867770976,307.47174531319064,6.285014798584557,50.0,4.634522223013555,76.91049319838481,45.18356687489093,210.0,7170.703591999991
424,105941.6705815,1,0.9789689876349574,106.06094632051244,306.40249084457804,8.879665130288235,50.0,3.8161959972931947,60.01659348321084,34.09968572131974,210.0,7186.865688999998
425,105957.8245227,1,0.8136415896328182,99.29023941483746,335.73835181393696,5.0,49.24231991276711,1.0,126.68003715905752,39.058493379400794,210.0,7203.019630199997
426,105975.7643098,1,-0.9680146361729773,112.8355695760145,307.8681863992707,6.395612397191345,50.0,4.485003310213815,81.73897486608149,43.39857283228285,210.0,7220.959417299993
427,105993.0989329,1,-0.968350729747881,113.20948559337604,307.6852174407346,6.367226004584532,49.999620520594064,4.632580414587188,79.25038293089564,45.21561345483451,210.0,7238.294040399996
428,106010.7865556,1,-0.8813839901910708,112.81733196849405,314.58165404880685,5.0,50.0,4.45398186120188,91.42473885622613,47.92323247006155,210.0,7255.981663099999
429,106028.0366668,1,-0.9625873609087899,109.45390653198226,309.2255783061925,6.69594000549955,50.0,4.2866143764141516,80.77458482661633,43.9726388699479,210.0,7273.231774300002
430,106045.0384569,1,-0.9684756892427443,113.09369822845832,311.2080548968909,6.335209921182846,50.0,4.577902120519918,76.85125523827257,44.689121455079075,210.0,7290.233564399998
431,106061.8924949,1,-0.8603549858004778,120.0,274.3180508560886,5.0,50.0,4.325962195413599,43.57841478697583,8.913094355431994,210.0,7307.087602400003
432,106079.5315164,1,-0.9684252192411017,112.34739738597588,307.03692049322535,6.323399558005297,50.0,4.533605457992448,77.69290485834514,46.32633870681872,210.0,7324.726623900002
433,106096.8568267,1,-0.9670959340669737,112.52928525588945,309.66096242291985,6.244885116634752,50.0,4.525113695238496,76.44644535909903,44.68188327875087,210.0,7342.05193419999
434,106113.8672828,1,-0.9687082802257807,113.13336889759823,308.42463279726655,6.355528366498539,50.0,4.483451907269428,76.29723266611714,44.68507892330006,210.0,7359.062390299994
435,106131.5760064,1,-0.9687347586616009,113.2134337034287,311.9255384943115,6.4077880881848674,50.0,4.586103463730092,76.8973767358813,44.011697913007154,210.0,7376.771113900002
436,106148.264687,1,-0.968357016687274,113.37515020616732,307.7362172798604,6.356457741079879,49.99938795876533,4.6886380562407455,76.2250279698628,43.73932171675321,210.0,7393.459794499999
437,106165.3864302,1,-0.9648171899814021,111.645373341501,306.70183669617995,6.2438938653493015,50.0,4.608337497934928,99.72222475782293,46.045835313686176,210.0,7410.581537699996
438,106182.3116357,1,-0.9657617224724592,112.49935745382125,301.4338161547696,6.369907533118107,50.0,4.338480143949141,84.52153904040766,39.26737231191952,210.0,7427.506743199992
439,106199.6885409,1,-0.9311925138710931,118.93055469310713,316.2483954791909,5.7244222300650955,50.0,5.874316049040277,95.07016886626491,50.29957710155804,210.0,7444.883648399991
440,106217.531282,1,-0.9688734346477048,113.17581901327623,310.90980409148335,6.405838813680226,50.0,4.659086242370022,75.50172757328411,44.45059502098678,210.0,7462.726389499992
441,106235.3097943,1,-0.9683082440632272,112.8673059321587,306.2637024094636,6.292257426917214,50.0,4.531178661181874,72.69739087213446,45.07058850322472,210.0,7480.504901799999
442,106252.3291569,1,-0.9656748235731338,109.95012154267478,314.7272944328277,6.237815152589574,50.0,4.8953138469225355,77.35336787829031,44.84853750431724,210.0,7497.524264399995
443,106270.584257,1,-0.9687364259806202,112.99373237738926,309.3319370510131,6.346390238756841,50.0,4.678654414295147,75.29703207737438,44.96102529428074,210.0,7515.779364499991
444,106288.6344828,1,-0.9614129799783825,112.11904088221326,304.9537435561278,6.145773254162692,50.0,4.947780617378321,88.42938791835572,40.16546225580768,210.0,7533.829590299996
445,106304.9925,1,0.8909767623708632,106.34018167041472,319.76949354514807,5.290380533303533,49.70426770075129,2.3532609277560117,80.17662604248966,45.334599845625476,210.0,7550.187607499989
446,106322.2153567,1,-0.9684599401224757,113.03820692855567,308.51873285486744,6.409351265886339,50.0,4.477633376558638,78.09431997893805,43.95537452247683,210.0,7567.410464200002
447,106340.5877066,1,-0.9685484212724683,113.26401546261971,309.48217491221277,6.374498016694288,49.9994353123248,4.668978743522326,77.22013930710261,44.167091016456055,210.0,7585.782814099992
448,106357.5656728,1,-0.882134608021045,111.59240509757194,303.43997989148323,5.0,50.0,4.5043049840931255,71.04991292646497,47.699411143507476,210.0,7602.760780299999
449,106374.4831671,1,-0.9684149818197403,113.89299087674448,307.30344125002813,6.366216133226003,50.0,4.473965846458132,77.21194684796474,44.38568922507851,210.0,7619.678274599995
450,106391.2832696,1,-0.9687828023119688,112.61061636219084,310.84705465703297,6.351527957305511,50.0,4.649521783013803,75.52003845892624,44.723873764136606,210.0,7636.478377099993
451,106408.3112161,1,-0.8655305440966037,120.0,287.14283841725586,5.0,50.0,4.279433720388985,30.0,14.518758413756721,210.0,7653.506323599999
452,106425.4385973,1,-0.9687695084009832,113.1936222332392,312.40361384987034,6.481749139484442,50.0,4.567371837299959,76.01869430632658,46.52761981699408,210.0,7670.633704799999
453,106442.4643694,1,-0.9682218909860836,112.8939749351818,308.67751483766966,6.305270150007612,50.0,4.610260071503353,75.33667477534581,44.66823343760311,210.0,7687.659476899993
454,106459.8931668,1,-0.9687826644380084,113.2121175277552,307.24145105029777,6.38716583379358,50.0,4.529277021784136,75.38917691883117,44.88028735561935,210.0,7705.088274299997
455,106475.7728542,1,0.9667048949219452,120.0,281.41335415620256,12.14617985679542,50.0,4.736280123555611,101.16803660106989,25.77862854266517,192.1466336045691,7720.967961699993
456,106493.5083587,1,-0.9687568711027874,113.51392099230473,310.2100285340078,6.435839334520838,49.99947735556468,4.719833087136411,74.45131805074767,44.47654820607494,210.0,7738.703466199993
457,106510.6905292,1,-0.9656587167945634,112.35425296730531,307.8225696878891,6.276135227184864,50.0,4.602235535273592,95.48738757334183,44.344730921063956,210.0,7755.885636699997
458,106528.2704924,1,-0.9558595331576627,112.81679412431544,307.80564964606225,6.823124426809761,50.0,4.734614100237057,83.72296558534816,43.62287720924815,210.0,7773.465599899995
459,106545.1299905,1,0.955495333857535,120.0,315.3043868945303,6.521016475734093,50.0,6.204251756006564,55.01337844389806,46.18615339222067,210.0,7790.325098000001
460,106565.333048,1,-0.6708987762094285,71.94764661618325,292.76919757750335,5.0,28.394655159817997,5.999560764780127,48.9450464944787,19.026000554877122,210.0,7810.5281554999965
461,106582.2560337,1,-0.9682096221130856,114.12688656874843,310.8631381676528,6.335481046906521,50.0,4.9272936158038,71.76904813412042,45.17309370816587,210.0,7827.451141199999
462,106599.9859135,1,-0.9658986380664127,110.40707779230391,317.6821284321338,6.2154212198135195,50.0,4.374161223408667,66.58288842460536,44.52985225730169,210.0,7845.181020999997
463,106617.1671333,1,-0.9689022295420197,113.23783838371037,311.1950649119452,6.420938519940896,49.99986534253277,4.702794973156852,74.59127196241113,44.6438736925096,210.0,7862.362240799994
464,106634.484132,1,-0.8790719205088333,115.68031499931867,305.7351194962071,5.0,50.0,5.463601060819242,94.1115950666015,46.19699852589856,210.0,7879.679239499994
465,106651.5061288,1,-0.9580014350336382,111.33940501439355,310.82098341712083,6.1806680672986944,50.0,3.2041507451300912,51.280098794519404,48.55075377075089,210.0,7896.701236299996
466,106668.7732326,1,-0.9688645169926654,113.2102796554382,310.5324788014398,6.4151647043885704,50.0,4.519804159948398,75.88676093994802,44.36116366241912,210.0,7913.968340099993
467,106686.2920749,1,-0.9688687837160769,113.24676117227874,311.1049069239142,6.391022968028738,49.999769896245006,4.685983085160835,74.66363685100546,43.775757116429425,210.0,7931.4871824
468,106703.4065412,1,-0.9650172400517703,111.95733744014287,299.0849654880024,6.1549572890381725,50.0,4.664755314454908,63.95352619578344,45.766366385534816,210.0,7948.6016487000015
469,106720.8882762,1,-0.9655161496984981,116.17595759919155,308.49280036426757,6.208237715999544,50.0,4.696887057016951,73.6522521417323,44.67195951568953,210.0,7966.0833836999955
470,106737.7440199,1,-0.9689864086682466,112.76764644485417,310.6580933104519,6.39947298286644,49.9997964992258,4.696000266242172,74.77352298780986,44.56502929779555,210.0,7982.939127399994
471,106755.5223956,1,-0.8717494153682452,120.0,302.11983620901566,5.0,50.0,4.561830352814578,41.390181392022825,47.39474731069703,210.0,8000.717503099993
472,106772.3123874,1,-0.9678718964017005,113.64754220037159,314.57306428572593,6.554669643563121,50.0,4.618246797925312,75.0549082888752,45.31220793692711,210.0,8017.507494899997
473,106789.6676601,1,-0.9688638574438125,113.16628927979289,309.6167178444823,6.401542492821911,50.0,4.701375227675943,74.75014798621568,44.61685504187355,210.0,8034.862767600003
474,106806.9659253,1,-0.9689664973939595,113.24979162091172,309.6629407051118,6.4204508863601255,49.99982351063525,4.580257825291638,74.89491253983331,44.788320029329135,210.0,8052.161032799995
475,106823.4268268,1,0.9576982288357054,120.0,274.3567391029835,11.339100545213732,50.0,4.7443565660709766,107.82464438008961,20.57019638827932,194.12349470740187,8068.6219342999975
476,106840.3386141,1,-0.9687797898156972,113.3695677577879,312.0647371106766,6.473953512390369,49.99936491312893,4.7054343195891315,74.30486607005318,44.86967452362059,210.0,8085.53372159999
477,106857.7970815,1,-0.9684995557454829,113.10252428723027,310.45225994922635,6.3664486963293045,50.0,4.607560841954244,77.77069684017548,43.45052834362689,210.0,8102.992188999997
478,106874.826545,1,-0.9612793134257324,113.2916687260333,313.3802559552611,6.7478976302159035,50.0,4.896416161367271,79.60760387490626,46.81172138881791,210.0,8120.0216525
479,106890.6993646,1,0.977838962595996,120.0,311.27469737697675,6.863561333867249,50.0,5.453436058506607,41.982806350757286,43.855553821563305,210.0,8135.894472100001
480,106908.3135121,1,-0.4555586854058429,56.975568477181,292.76511416132973,5.0,17.20984527057022,5.909971452155933,34.714421057924866,12.87232921993752,210.0,8153.50861959999
481,106925.4709618,1,-0.9681930453889885,113.85304355963738,313.20809482814354,6.413840457180969,50.0,5.031724267817366,73.41493570067644,44.90174193163597,210.0,8170.666069300001
482,106943.2875509,1,-0.9684689566746477,111.34573150319423,319.29703723486267,6.350799269711501,50.0,4.180288616589724,64.73237330897103,44.37517031656728,210.0,8188.482658399997
483,106960.4633151,1,-0.9688079087731853,113.34155155350733,311.97983578815064,6.447937788949056,50.0,4.710784169581934,74.36394897094004,44.44740015111588,210.0,8205.658422599998
484,106977.758207,1,-0.8829576133830264,116.22321217859495,307.8994010237513,5.055797305754982,50.0,5.536159527751744,92.7983109881134,48.563731956218675,210.0,8222.953314500002
485,106994.7011933,1,-0.9608127983020278,114.9579861795424,305.747111324912,6.788653638779611,50.0,4.178774995629618,49.44773438520912,49.9100098845247,210.0,8239.8963008
486,107011.9199005,1,-0.9689619320776306,113.02703357190111,311.6797630059921,6.415613207858185,50.0,4.700362420119732,74.61504308681998,44.587698515454235,210.0,8257.115007999993
487,107029.2328371,1,-0.9690263574485609,113.00843735810074,311.70351883150596,6.401278144669658,50.0,4.697634667328267,73.32121972372411,43.869173576896436,210.0,8274.4279446
488,107046.6028641,1,-0.9508375588391751,112.44679968718404,305.983221422342,6.929318065583542,50.0,4.758275849379784,70.55570702619687,43.823112125829574,210.0,8291.797971599997
489,107063.8323439,1,-0.9641277447578863,114.66463255067825,309.4718114484695,6.160483263336307,50.0,4.818970032951839,72.64972862588702,44.76272740832748,210.0,8309.02745139999
490,107081.2880877,1,-0.6953463924481934,120.0,359.1599418328118,5.0,30.27861849119197,5.375693603148564,106.43740316130443,25.972989933020443,192.46443250827696,8326.483195199995
491,107098.3701267,1,-0.8725776478967826,117.48366079338041,314.34571594116983,5.0,50.0,4.794079315662721,76.88680056047917,64.7249732661517,210.0,8343.565234199996
492,107115.6282204,1,-0.9673274450329694,113.43940032775383,312.9204141614426,6.575762911389799,50.0,4.702021665032998,74.31854854593232,44.37141993787709,210.0,8360.823327899998
493,107132.8952365,1,-0.968705484607461,113.24867201119231,311.0521915161867,6.453472016669297,50.0,4.747017100956137,74.44051731014986,44.57275955625054,210.0,8378.090343999997
494,107149.8606811,1,-0.9689309087775929,113.09790779090753,311.0667450467375,6.429578029491499,49.9989454335473,4.685216091180859,74.55254543258525,44.61965814077725,210.0,8395.055788600002
495,107167.1256824,1,0.9227105461367339,120.0,285.3650834706656,6.732835365200293,50.0,4.739426992984745,83.19103571829444,29.13030879533756,210.0,8412.320789899997
496,107184.1033253,1,-0.9690685224681718,112.76704351791496,312.29983790921943,6.437547755131365,49.999526469864875,4.692427523104426,74.27859998089619,44.91353797340556,210.0,8429.298432800002
497,107201.3013309,1,-0.9695898451023206,113.40003160916896,312.09298418682783,6.438580663472503,50.0,4.623825517935352,67.27359382947625,43.30975354713334,210.0,8446.49643839999
498,107218.3365512,1,-0.9686466010643814,113.05296575696572,315.3993462802586,6.388972193706877,50.0,4.921881550266169,74.06021747511645,47.76975429079549,210.0,8463.531658699998
499,107235.0918366,1,0.9871912029954093,115.75181937372227,308.4706105971749,7.000536654140648,50.0,4.342485942701526,36.194621587865385,42.82587188339503,210.0,8480.286944099993
500,107252.0582373,1,-0.7705362702106698,57.256835369932006,298.27519946474,5.064970247325508,36.846275921983356,5.793812735863889,40.45195687212804,29.817222944749354,210.0,8497.253344800003
501,107269.7711588,1,-0.9687502256196724,113.447537249679,313.49153561679975,6.4622954912937995,50.0,4.928111849895439,69.44463829471346,43.90429335253752,210.0,8514.96626629999
502,107286.8029761,1,-0.9686281323920407,113.17154881489287,318.4168375264735,6.462130948316341,50.0,4.101644353507576,65.67497663316445,43.87271105106207,210.0,8531.998083600003
503,107303.9832149,1,-0.968818200678493,113.44012743768198,312.5110217006789,6.454871549856971,50.0,4.67317482304303,73.58967832473553,43.34660477151429,210.0,8549.178322399996
504,107320.9022677,1,-0.9446843919264766,115.7639109409209,309.1834153636349,5.798263640498965,50.0,4.766100711941405,72.5708719219775,44.812805887110606,210.0,8566.097375199999
505,107337.7074792,1,-0.9613273999465541,115.64675753571088,307.73195550027117,6.7790385076523165,50.0,5.081619412958239,50.30280812105954,46.653032270946156,210.0,8582.902586700002
506,107355.3231239,1,-0.9694915116981144,112.95544839065624,312.71915580709765,6.423134414233707,50.0,4.77950883393904,68.33313551323712,44.63118270794752,210.0,8600.518231399998
507,107372.5258862,1,-0.9692487094851862,112.91128727264284,312.14483459750465,6.417864480898679,50.0,4.697835541544931,71.27344798044517,43.92119408481629,210.0,8617.7209937
508,107390.0977495,1,-0.9333387637518736,113.11652238220465,315.179852938348,7.21174647932139,50.0,4.750878675851806,71.10041705467626,42.54793363304115,210.0,8635.292856999993
509,107406.5631144,1,-0.9650970908747205,113.72116417600557,310.4152944963829,6.181732583123098,50.0,4.8589029647179,66.77827955267217,43.4004640254521,210.0,8651.758221900003
510,107424.3607458,1,-0.6699926559644075,120.0,359.2706316419481,5.0,27.37443188805472,5.569111506392398,96.88292595639177,29.01186608733986,197.5089196749992,8669.5558533
511,107441.2057969,1,-0.9083722515707454,114.55831469183165,320.91220627952805,5.464767826968938,50.0,4.917402109503722,91.15973443771819,72.40977950190512,210.0,8686.400904399998
512,107458.8957319,1,-0.9685635569831326,113.29770352168981,312.0093349044081,6.504730333157753,50.0,4.695303070445604,71.59387913152895,43.02223101294669,210.0,8704.0908394
513,107476.1224348,1,-0.9693703759958149,113.34602455966845,312.63028044332845,6.470961708781672,50.0,4.734810246424216,67.28376203814207,43.592485556518504,210.0,8721.317542299992
514,107493.7280737,1,-0.9689680033133106,113.31168091003752,312.75078815397177,6.43691229187242,49.99961270271166,4.683149481179668,73.1104787302971,43.72806163970598,210.0,8738.923181199993
515,107510.7126771,1,-0.877324187066316,120.0,297.91332062757937,5.0,50.0,4.663770040352468,66.22126643934163,47.14445719526325,210.0,8755.9077846
516,107528.2977994,1,-0.9697237741332508,112.7946015603394,312.3172757013912,6.418057544499726,50.0,4.630642860953098,68.03538743073257,44.32022139744314,210.0,8773.492906899992
517,107544.3436701,1,0.9744111484710141,120.0,333.3210204201021,10.03530257414207,47.05122837833905,7.447990872962205,74.42946511985345,66.22773452082829,210.0,8789.538777599999
518,107561.3633528,1,-0.9653922588604114,112.94590634740857,315.778729190625,6.196507323114098,50.0,4.717331320383059,68.87124180299736,44.39541513816339,210.0,8806.558460300002
519,107578.5504317,1,-0.9525394944366421,112.24559125001943,309.5263361346413,6.942375390202367,50.0,3.8763088256588567,41.69887306213151,42.6531354023921,210.0,8823.745539199997
520,107595.6365847,1,-0.9302193463709612,90.27700610636171,314.1267231687835,5.857214242352095,49.28694623608048,5.183866984051212,65.62275170253766,46.53269775137893,210.0,8840.831692199994
521,107613.0029197,1,-0.9696222951469571,112.88032984601995,313.5562940736161,6.473773627679675,50.0,4.617112431870744,66.64808752479385,43.64557624458931,210.0,8858.198027199993
522,107629.6615823,1,-0.9685996859969921,113.82436850250807,317.9223650848317,6.508014691529376,50.0,4.196293654902886,66.76208091358293,43.88222446352577,210.0,8874.856689799999
523,107646.9682824,1,-0.9695176732078284,113.180549043757,312.7766618931279,6.432774578313297,50.0,4.621228061714136,68.26221164012694,43.24778300071281,210.0,8892.1633899
524,107664.734389,1,-0.9699663941357519,113.50818090413192,310.8756022783269,6.375901388207787,50.0,4.2830816332883375,60.7928310495693,42.64321597065721,210.0,8909.9294965
525,107682.5125395,1,-0.9627828309508595,114.54306235482463,311.4970032148512,6.677382471803429,50.0,5.484030813149486,63.688797426119706,43.28814210518147,210.0,8927.707647000003
526,107699.829187,1,-0.9698801148742785,112.86081041238833,312.9848934360735,6.422832490828682,49.99996212766493,4.7532489091371435,64.86096872398306,44.42139561295124,210.0,8945.024294499992
527,107718.018903,1,-0.969571965593237,112.80915864671323,312.40119904966866,6.426931481300855,50.0,4.642356026982994,69.43615370221724,44.15509169826824,210.0,8963.2140105
528,107735.2355814,1,-0.9474082528588608,113.4745274055461,318.3503104965567,7.030094395653784,50.0,4.696841785809312,68.39978624755828,42.02912274583315,210.0,8980.4306889
529,107753.3328751,1,-0.9696795247279664,112.90463410862037,311.3985427012333,6.391281119742183,50.0,4.8404626594866365,63.87859794130395,43.44370084814695,210.0,8998.52798259999
530,107770.1065744,1,-0.8396290065141441,120.0,339.6372987392302,5.0,46.58038689258039,4.784178972558553,74.40144770796496,40.689874482208175,201.1270071795122,9015.30168189999
531,107787.4470212,1,-0.9506009904236215,112.00021615565683,319.3537177582093,5.942112973391589,50.0,4.832909533842173,98.81700150813248,55.3617192896233,210.0,9032.642128699998
532,107804.9289876,1,-0.9692714934254147,112.99101125171072,311.7299858619201,6.441647215205463,49.99985162910214,4.660263976800129,69.53960966433925,42.70435115225372,210.0,9050.124095099993
533,107822.1037846,1,-0.9698222029745863,113.34565807035523,313.4649768415104,6.473332733188026,50.0,4.67827085552005,63.91247105417738,43.75614936830586,210.0,9067.298892099992
534,107839.8696893,1,-0.9694775810975789,113.083612818219,313.4859398071232,6.4405761162069215,50.0,4.635139971429436,68.74636717563482,43.56408373582832,210.0,9085.064796799998
535,107857.079661,1,-0.8727265885426758,118.71126552421853,312.15709301051265,5.0,50.0,4.605982398684492,58.3489694163358,56.28283768580235,210.0,9102.274768499992
536,107874.2222468,1,-0.85743708581939,118.87736967501431,264.5663479414748,5.0,48.859077486583445,6.574706138101684,42.76013053435709,42.09173653461194,210.0,9119.417354299992
537,107890.1129948,1,0.9788002420634947,120.0,341.03146218337747,9.595619265309296,47.49571304899965,7.327734492522157,72.80453995590834,76.84510016117441,210.0,9135.308102299998
538,107907.6008464,1,-0.96590094629009,112.82626666966527,314.3201857756161,6.198294595217424,50.0,4.533902871811794,65.2224162184498,42.53433512826346,210.0,9152.7959539
539,107924.2021835,1,-0.9661431666914719,110.51688578402107,311.3669121463232,6.60316000225349,50.0,3.995117270072191,69.3418637187435,44.22064268342154,210.0,9169.397291000001
540,107940.853947,1,0.930915994190786,120.0,321.7999177599713,6.74828601933034,50.0,4.224940936138579,75.06232701708123,52.425315291896595,210.0,9186.049054499992
541,107957.7401036,1,-0.9695264580137369,113.03700637557162,312.4488927114545,6.41314192160516,50.0,4.118950310278675,62.057078409488774,43.11064198062413,210.0,9202.93521109999
542,107975.0755755,1,-0.9695723315731118,114.15366980548026,317.20813708246294,6.413666119526991,50.0,4.260892000927263,61.926918229972195,43.42667044209666,210.0,9220.270682999995
543,107992.214536,1,-0.9698472387867126,113.29225317847525,312.2398430282215,6.3977074740007565,50.0,4.553451468502279,65.07696634866204,42.73110362997117,210.0,9237.409643499996
544,108009.3074499,1,-0.9321559141677088,93.62232310189322,310.0761524121598,6.256073262019186,50.0,8.016498410015007,86.94938711324684,57.80881668064807,210.0,9254.502557400003
545,108026.7509211,1,-0.9682219692416723,113.33764705057743,313.08836740844083,6.527755954994921,50.0,4.538713146543931,70.55078833707185,40.9772792445075,210.0,9271.946028599996
546,108043.7354058,1,-0.970133058003981,113.02195372275604,311.0579802435441,6.379156294632933,49.99931587193615,4.723166140667217,60.230678321944616,42.76080087943502,210.0,9288.930513300002
547,108061.2011782,1,-0.9702496725499168,113.34987366912131,312.1653542701955,6.424110998459496,49.99982155687836,4.603460035990312,61.41996871509005,43.477468833783874,210.0,9306.3962857
548,108078.2094125,1,-0.969600666546687,113.68689883016947,313.9995953290454,6.388823268289218,50.0,4.497760173989999,65.03652105663905,42.067081315119225,210.0,9323.404519999996
549,108095.9171728,1,-0.9699819485916095,112.548144849046,311.917587522711,6.501513468926106,50.0,4.288850147890441,59.341612158083805,43.27192469342275,210.0,9341.112280299989
550,108112.9110323,1,-0.8713422388866939,120.0,325.42818051776703,5.059947129044446,50.0,3.9606790198691635,54.93606734347371,49.03037025761235,210.0,9358.106139800002
551,108130.86675,1,-0.9664137172224256,111.12616427154454,318.43990520884165,6.498093262858093,50.0,4.498627618333343,82.49993956152474,39.528695237482864,210.0,9376.061857499997
552,108147.7388451,1,-0.9698680197821588,113.05029133304777,311.50602825278764,6.342246785527046,49.99986500199114,4.47959654490145,60.66385446278643,42.470874064410225,210.0,9392.933952599997
553,108165.0396317,1,-0.9701226752550874,113.39664294030246,313.1446131156196,6.446739199566489,50.0,4.528215781254995,61.839157894168025,42.7762905622358,210.0,9410.234739199994
554,108182.1729293,1,-0.9701502037609475,113.30688744252916,313.0541519784724,6.401684522035742,49.999641977037,4.580326788989256,62.54939539836359,43.258990616895225,210.0,9427.368036799991
555,108200.0210434,1,-0.8707647580831395,113.09120504505754,319.9151172025709,5.0,50.0,4.338494377624576,54.32641681591007,59.142066924375754,210.0,9445.2161509
556,108217.2248373,1,-0.8565557326405846,117.07250530285123,260.14401334390766,5.0,48.600517858282515,6.656603987551907,39.524560963736405,41.22798511821257,210.0,9462.4199448
557,108233.5104947,1,0.9549110485663168,120.0,318.54491398526994,7.960099923989857,47.858206832187946,5.446071138441375,70.0321380676498,67.00191535553348,210.0,9478.705602200003
558,108251.0137572,1,-0.9672243861757542,112.86387275895885,311.4285735219308,6.22667357717403,50.0,4.400208609413807,61.793564223929735,41.61983463701475,210.0,9496.208864699991
559,108267.9622543,1,-0.9682889190149372,110.74233500223232,312.31048790700487,6.363496500326347,50.0,4.197547646739302,77.8590456985699,44.00732953510164,210.0,9513.157361799997
560,108284.7095925,1,0.943329864934146,120.0,320.3271773195705,6.971441399009444,50.0,3.736585801863489,68.17911731788381,52.831576733742665,210.0,9529.9047
561,108301.6369747,1,-0.9701071084397773,113.35451253340926,311.69086525143035,6.3824941390453915,50.0,4.250635813609835,59.34559747941243,43.096671213077535,210.0,9546.832082199995
562,108319.1438983,1,-0.9701576407777174,114.02802620522718,312.2000628694986,6.367402661761751,50.0,4.358686375390936,58.814734368079385,43.21732565408777,210.0,9564.339005799993
563,108336.2220668,1,-0.9700409800558484,113.37127135515124,311.9178967277548,6.391719596066517,50.0,4.517577818309466,62.583192637680646,42.617251297022264,210.0,9581.41717429999
564,108353.8283804,1,-0.9437594610443576,99.5918888420697,310.10821892742047,6.230206243952989,50.0,7.10054769742526,79.26134838918071,65.40817686810635,210.0,9599.02348789999
565,108370.7565422,1,-0.9676015268734626,112.68505132946268,313.18501671899156,6.415136935552272,50.0,4.054115973696701,73.96904407225054,40.7024175363173,210.0,9615.9516497
566,108388.7136643,1,-0.9702709828549462,113.20892392094757,310.667564399782,6.381208177469181,49.998955445110795,4.677345790033611,57.705563003483775,41.89659564677503,210.0,9633.908771799994
567,108404.8613977,1,1.0132926289798025,120.0,360.0,7.072409438082473,50.0,2.9124070139820666,30.0,84.70580751248707,193.63482648677876,9650.056505200002
568,108422.6130761,1,-0.9612369230727862,113.76154039425106,309.81522220837047,6.0652291440804404,50.0,4.412047190268053,59.740536986922905,43.275265660394254,210.0,9667.808183599991
569,108439.8187732,1,-0.969819132705239,112.89388828666969,312.2754920749742,6.491221168484802,50.0,4.121178328482509,57.26641297018733,43.34508881185407,210.0,9685.01388069999
570,108457.0165485,1,-0.938639294092653,117.75555260463514,311.8654568383122,5.743058978349624,50.0,4.138070209349588,47.62035635130303,52.36999285506202,210.0,9702.211656
571,108473.8977631,1,-0.9589290819703711,112.46774402925188,312.32508522269006,6.7629801748454925,50.0,4.37476717986003,72.88229539414934,33.72342712451248,210.0,9719.092870599998
572,108491.0553547,1,-0.9703732145265955,113.15587691945325,311.530873467777,6.343062389206565,49.999515916196785,4.435968966939306,56.044360265626736,43.28515780991736,210.0,9736.250462199998
573,108508.8505604,1,-0.9702128638749041,113.4212179934857,312.81572217689944,6.43116236600032,49.99988681494912,4.508095961704298,60.58231136272152,42.41076661640393,210.0,9754.04566789999
574,108525.5781111,1,-0.9704317096350612,113.43258173137875,312.55481743701574,6.398312208546925,49.998860077129294,4.562137984876898,59.11366645219451,43.181144324389365,210.0,9770.773218599992
575,108543.1434331,1,-0.9566479554980001,110.14932845111024,323.0362760292636,6.046091256623517,50.0,4.2889972971973975,56.8621802276179,56.59347397292117,210.0,9788.338540600002
576,108559.8891603,1,-0.8603594447658113,113.49033776147544,302.8238602748513,5.0,48.71371008803479,6.592562657017059,58.097448064664064,41.9656136973328,210.0,9805.08426779999
577,108576.7527036,1,0.9425751164821567,119.19005374445432,305.61493635616284,7.046916787033888,49.43620056224485,3.6437932125550123,67.2756810029166,47.41655184736139,210.0,9821.947811099992
578,108593.6566313,1,-0.9701573996902854,113.14767529820742,309.8626302009269,6.382011352353959,50.0,4.329904289401734,59.6062397762175,42.60496098008913,210.0,9838.85173879999
579,108611.1420258,1,-0.9667829376540059,112.94400767878247,312.71349141898685,6.232838833911854,50.0,4.544831270476848,72.1404144271136,43.7204294742123,210.0,9856.337133299996
580,108627.6042884,1,0.9559224535010271,120.0,315.65240732499836,6.674888936962986,50.0,4.137267276392183,55.39219840834168,51.62074087821999,210.0,9872.799395900001
581,108645.2517744,1,-0.9704879501558079,113.6014024317714,311.3397805956406,6.377161061443759,50.0,4.505645757268598,57.64155325704925,43.16421670022855,210.0,9890.446881900003
582,108662.3332704,1,-0.9702435044625028,113.63306003194973,309.7281665799915,6.347449752227668,50.0,4.450838407483389,57.219930211668114,43.103103715375184,210.0,9907.528377900002
583,108679.634884,1,-0.9703792672206335,113.41785661696484,312.08383738642897,6.393963546590725,49.99938188000863,4.504460856946153,59.646735707963266,43.08485519220634,210.0,9924.829991499995
584,108697.1176247,1,-0.9630297419947672,103.47832815137974,310.90701655754145,6.376057551558685,50.0,4.673219780787941,74.46087898743248,68.54155248156151,210.0,9942.312732199993
585,108714.3027771,1,-0.9678817168882052,112.32706163454142,312.8234495226493,6.336938263170368,50.0,4.034518079085924,68.01271667944057,40.926717233233546,210.0,9959.497884600001
586,108731.7954307,1,-0.9702999950295613,113.44946230838052,310.55520394172385,6.384101556035575,49.99856695545705,4.586229643845204,57.722983995415966,41.63012840827371,210.0,9976.9905382
587,108748.5699027,1,-0.9317056255982986,120.0,360.0,6.889944132333632,50.0,3.383014380315888,30.0,90.0,198.67975720017958,9993.76501019999
588,108765.7583231,1,-0.9674438497120365,113.60642896268837,309.99384985102074,6.212559656414128,50.0,4.501482940171446,56.627833829487116,43.88812063822294,210.0,10010.953430599999
589,108782.287492,1,-0.9702453328340115,113.4786683405379,312.52301688004917,6.426191544587298,50.0,4.203379033861486,57.12729973419589,43.308805633583766,210.0,10027.4825995
590,108799.7311386,1,-0.966986641954502,114.47998658410833,304.9396529850448,6.656206385191602,50.0,4.61621506733432,48.79834374475841,46.95086388702537,210.0,10044.926246099989
591,108816.3149415,1,-0.9665100858134008,113.80898079592097,309.15531783358165,6.557658482868405,50.0,4.462960422908264,60.4421522273755,32.467566850943456,210.0,10061.51004899999
592,108833.9246124,1,-0.9708171363215451,113.26183851525127,312.0989585376285,6.3864585472630875,49.99902134661167,4.415593482119993,55.47283431310051,43.71920132237049,210.0,10079.119719900002
593,108851.0312634,1,-0.9704099528941396,113.44373481726433,312.5125909126686,6.406979147645056,49.999348589504635,4.538305081986327,59.545511473572226,42.866469625816386,210.0,10096.226370899996
594,108868.3398835,1,-0.8391049161220978,120.0,322.64215592349103,5.0,50.0,7.70246399609743,84.0242534722042,25.57772066396125,210.0,10113.534990999993
595,108885.2808876,1,-0.9657790837270264,108.70190709058949,323.6154825767554,6.678888398702338,50.0,4.499333327688008,58.55778133297774,44.85549172991719,210.0,10130.475995100001
596,108902.1811488,1,-0.8611989639788441,111.51606033781204,331.8365722941925,5.0,50.0,5.5570082687191125,69.06773289783882,42.8903165333053,210.0,10147.376256299991
597,108919.8683378,1,-0.962804050496066,115.41799354680558,305.4229837071265,6.401299544365388,50.0,3.484338556677506,61.130070162767694,36.23729900880376,210.0,10165.063445299995
598,108936.7639972,1,-0.9705178813005939,113.30385529988347,310.608331046697,6.472638227732102,50.0,4.493762784624328,57.925387681066255,43.71353400234099,210.0,10181.9591047
599,108954.3592791,1,-0.9689973870649453,114.2101426237704,312.7950490010676,6.294949296720089,50.0,4.7432490617104035,57.34359744940162,43.558582365880774,210.0,10199.554386599993
600,108970.7382719,1,-0.9702373038532893,118.54740233876022,309.7949731709966,6.4186301246049196,50.0,4.587290388179177,48.38426677849151,47.230045775285085,210.0,10215.933379399998
601,108988.3175114,1,-0.9707343186274413,113.648187310174,311.8595435899075,6.376122251961496,49.99967388278803,4.615442822048931,55.085640320899294,43.69053910525385,210.0,10233.5126189
602,109005.3952111,1,-0.970385218574539,113.3446492699714,310.29579223700415,6.340817798257661,50.0,4.46932537843866,54.88596920809875,43.11508647071745,210.0,10250.590318599992
603,109022.3802731,1,-0.9707912046018126,113.40571182298186,312.1834594976373,6.391126163541172,49.99859211740263,4.442496986209348,55.40800337921051,43.50689417385355,210.0,10267.5753806
604,109038.7511837,1,-0.9614483456337766,106.28863598913694,312.19779682960507,6.463941982824681,50.0,3.2783766616352423,61.02597636158894,46.20657889075972,210.0,10283.946291200002
605,109056.2517207,1,-0.9691380595581403,112.95583371271994,312.25286654155656,6.293872716504498,50.0,4.400824288232098,59.43400557083166,42.546631073426035,210.0,10301.446828200002
606,109073.0693366,1,-0.9706990431734189,113.5492263451989,311.3169377529272,6.386770740525917,49.99849365681989,4.465568600412841,55.982831466202484,43.34603475415748,210.0,10318.264444100001
607,109090.2245355,1,-0.9544171877435376,120.0,355.72208734877603,6.628075338726931,50.0,4.540570187192909,41.02244304074409,66.44848391638064,209.48528785158288,10335.419643000001
608,109107.174705,1,-0.9709340992273694,113.51866496280573,310.2389010501904,6.401509123559477,50.0,4.488930489450739,54.510861016359485,44.107460083143586,210.0,10352.369812499994
609,109124.3830862,1,-0.970308842920244,113.61305395466172,312.2798471022037,6.355237421631646,50.0,4.364228066392307,57.0446132648184,43.3876194159103,210.0,10369.5781937
610,109142.2074603,1,-0.9444559792116164,112.48177145371815,306.4168532989462,7.0642105002906845,50.0,4.721440101264126,50.936167872911824,43.034776724339864,210.0,10387.402567799989
611,109158.8765283,1,-0.9705204627152918,114.46697917785204,309.9022841328807,6.366122751663576,49.99997010102236,4.48520639516345,49.02156918407803,39.783163439131826,210.0,10404.071635799992
612,109175.5656501,1,0.9461783214990184,100.56494697833949,310.6501088313423,7.422509424918999,50.0,1.0,81.24016159738981,88.87779464669627,202.50390196810278,10420.760757600001
613,109192.4621888,1,-0.9704680334503577,113.36162096144173,312.18199483221383,6.387468478993537,49.99840319673524,4.554310391267271,58.87110247625302,43.442657683477584,210.0,10437.657296299993
614,109210.496092,1,-0.8449063946481479,120.0,320.40250754811655,5.0,50.0,7.639264832501448,71.96924862195036,32.018609321071985,210.0,10455.691199499997
615,109227.5514796,1,-0.9569355092174345,111.28323246849865,322.5901572950656,6.8925886867086845,50.0,4.5338012095277715,56.89171463614239,38.21429465485579,210.0,10472.746587100002
616,109245.2296485,1,-0.8984791545669014,110.4509813225516,343.7750282539073,5.438008436053571,50.0,4.039446101360827,64.88093828621547,44.01398397723694,210.0,10490.424755999993
617,109262.4186564,1,-0.9567792774811091,111.62076432652593,309.1915967650077,6.040739150048,50.0,3.897147653317031,52.13499636134465,32.78823622293202,210.0,10507.613763899994
618,109279.9695926,1,-0.9707604081144903,113.38769158111882,312.2047989717506,6.46091403235449,50.0,4.524637301322824,56.77981169188225,44.329174221166575,210.0,10525.164700099995
619,109297.880833,1,-0.9709371168773129,114.28113967749499,312.4619832035843,6.39214438799161,50.0,4.788441458970013,47.96321963983755,43.53670701679402,210.0,10543.075940499999
620,109317.8604069,1,-0.9670637719979849,117.39333574158968,307.88761986656795,6.251309890622157,50.0,4.984405588251964,44.48300305620435,41.82037614765545,210.0,10563.055514399995
621,109334.948277,1,-0.9705597442044638,114.0177394561698,312.6578251645108,6.3759086684962565,50.0,4.829521582596937,51.7963599304909,43.94682300131707,210.0,10580.1433845
622,109353.0897896,1,-0.971133801578648,113.27403182682036,312.4850572009135,6.358929061415654,50.0,4.491560787976382,47.78832835632227,43.443841337216114,210.0,10598.284897099991
623,109369.9439061,1,-0.9711538007574105,114.12083826840954,312.41399699482986,6.389562504640575,49.99933862370361,4.521637758124837,50.34683560766868,43.74669641518399,209.99992776855458,10615.139013599997
624,109386.619789,1,-0.9653339933376687,114.90388740370842,312.9684183378379,6.462821764566033,50.0,3.6504215145880092,49.75959052923935,32.779879423139526,210.0,10631.8148965
625,109405.9800354,1,-0.9692695009240396,114.16359515340122,311.96602640100906,6.321281595551809,50.0,4.954521839414152,54.392629470982676,44.02915250353294,210.0,10651.1751429
626,109423.2697778,1,-0.9708329819147669,113.88287082699071,312.00830601038354,6.389582867499083,49.998873493510295,4.653943861948202,54.19197388370223,44.4602783467725,210.0,10668.464885299996
627,109440.8639984,1,-0.9587590844370979,120.0,338.67510548108663,6.2872588129349545,50.0,5.248026570049095,49.129062669245215,42.67727050764925,210.0,10686.0591059
628,109458.0170769,1,-0.9710249398798717,113.88237812021424,312.35256432688357,6.503689613674087,50.0,4.495450864362301,50.27571055710608,43.74074585728483,210.0,10703.212184399992
629,109475.9636663,1,-0.9694988618338706,114.23411528725497,312.1943245686296,6.317229663498543,50.0,4.805548583893463,54.73737152684769,43.48243856475408,209.9999838107778,10721.158773799994
630,109492.8256008,1,-0.9366605362757238,111.63945931606597,310.16254978653325,7.183435778652411,50.0,4.802028102251294,51.6646910706354,41.330670950017016,210.0,10738.020708299999
631,109510.1081189,1,-0.9691806989936274,114.73750274741353,312.8560144556795,6.260935543859685,49.99968829583795,4.712505991603001,42.1320415953827,47.33752390549623,210.0,10755.303226399992
632,109526.377783,1,0.9424139493025594,93.70732824822365,310.80294445999397,7.592011252995654,50.0,1.0,81.5206817579089,79.57704551489867,201.45122189984204,10771.5728905
633,109543.7891057,1,-0.9710822518816176,113.73747420224012,312.0876819924342,6.380933180309192,49.998551526363244,4.721785664747749,48.55282325663451,43.8305422794015,210.0,10788.98421319999
634,109560.2078429,1,-0.8983329923182893,120.0,312.5934000599794,5.308537085609266,50.0,5.354906838573455,57.13021905026301,44.51876272562391,210.0,10805.402950399992
635,109577.8428151,1,-0.9654512512989167,114.22856540112832,321.9503178970141,6.698083903264496,50.0,4.753118807104255,54.10309731834072,38.58585893216326,210.0,10823.037922599993
636,109595.2690569,1,-0.9382654922729721,111.66355469736675,339.75604494388926,5.97963613795599,50.0,3.35176460436102,56.91455574230441,44.52629328228309,210.0,10840.464164399993
637,109612.56744,1,-0.9514562484748703,110.00403020673963,313.14044237333974,5.933534567929195,50.0,4.464048824479121,43.31731966777113,34.33209062054866,210.0,10857.762547499995
638,109630.3035409,1,-0.9712054258920049,113.90274833614156,313.33150834014623,6.442676503705169,50.0,4.7270826746832695,48.79424512797168,43.952873645420425,210.0,10875.498648399996
639,109647.261128,1,-0.4531758078965743,83.77222494736641,360.0,12.108273007030487,50.0,3.4056615556854157,30.0,20.751633164666625,210.0,10892.456235499994
640,109664.9337647,1,-0.9685800117846285,116.48165360565719,311.8323340837183,6.3283941022759995,50.0,5.120793846010301,42.80474709964852,40.08596438571395,210.0,10910.128872200003
641,109681.9663325,1,-0.970621607505446,114.15627589217738,313.4880800171945,6.408954263658001,50.0,4.9268745234605476,49.12238121160564,44.093264289002725,210.0,10927.161439999996
642,109699.3955109,1,-0.971742138010106,113.61819097341888,313.80685649853666,6.440740316256257,50.0,4.532766931396727,44.185096823392115,43.74003732445734,210.0,10944.59061839999
643,109716.1783339,1,-0.9713860773715272,114.35760110797612,313.05760526745314,6.435695523760261,50.0,4.676847209393079,46.73777351745976,43.95893842019657,209.99949029433654,10961.373441399992
644,109733.2912363,1,-0.9690527626144146,118.71568113882547,313.48216757653233,6.451787623921163,50.0,4.162718877694271,42.93288274221797,36.27239957662967,210.0,10978.486343800003
645,109750.2877092,1,-0.9699740471458276,114.81114015829314,312.3012921972816,6.390908758241198,50.0,5.12835448162459,46.576313308754365,44.79252981716052,210.0,10995.482816699994
646,109767.8441844,1,-0.9712607113742271,114.07417585574403,313.169094870188,6.4426717922427414,49.99903365124233,4.771182660024268,48.05000791147536,44.816794456379014,210.0,11013.0392919
647,109784.5245624,1,-0.9580537583595838,120.0,318.9564262070167,6.235149482463908,50.0,5.600993359472799,53.4518256546367,29.83976053865718,210.0,11029.71966989999
648,109802.1664098,1,-0.9711042437436851,114.08466003040795,313.8893982646101,6.524583894542253,50.0,4.607415207255425,46.63371920922194,43.555876793215155,210.0,11047.3615173
649,109819.0310714,1,-0.9701134154725573,114.49455978313433,313.254781215709,6.40947712352486,50.0,4.993408312161114,52.55757672021653,43.970203275835225,209.9996362604452,11064.22617889999
650,109837.7958372,1,-0.9592682207053669,111.84411770333776,313.84239342138545,6.864115710667884,50.0,4.799500913215562,50.36456702653945,40.954000734379235,210.0,11082.990944699995
651,109854.8187997,1,-0.9683067265796219,114.46552035451094,314.8699366088655,6.255084789393142,49.999737626599696,4.849349920938068,44.6991983247479,51.31369348325388,210.0,11100.013907200002
652,109873.5377581,1,-0.9401052266007738,108.87754926606138,312.539285300597,7.125480978898574,50.0,3.967502441753938,49.38434899148963,56.898896819538166,208.84517224584218,11118.732865600003
653,109891.4550319,1,-0.9715013077351102,114.00732306926162,312.2042127489568,6.43246812144114,49.99834740873935,4.817297171831745,42.90920364657714,44.09382440663007,210.0,11136.650139399993
654,109908.9463669,1,-0.9316200890584192,120.0,308.3819292016823,5.684385236136597,50.0,3.81102377667139,41.23369817584465,51.240439571582975,210.0,11154.141474399992
655,109926.5979672,1,-0.9700816046560938,115.77464939269083,313.0490193017502,6.503974781381555,50.0,4.866732136651733,50.0458028615227,42.104985303616445,210.0,11171.793074699992
656,109943.9664601,1,-0.9630351299137934,113.71849982009667,334.3036450369547,6.38895713429716,50.0,3.7486132907303924,47.67600750360323,44.6774352553077,210.0,11189.161567599993
657,109961.3615766,1,-0.9664124246154003,109.95711224697715,315.39907065593763,6.228305858009327,50.0,4.985248587423641,41.45577986738638,41.00198786009538,210.0,11206.556684099996
658,109978.2728676,1,-0.8268401128371882,120.0,338.92082492302075,5.0,50.0,8.173793783034881,80.17865635740742,70.46257904201656,210.0,11223.467975099993
659,109995.5304535,1,-0.5658118742384954,76.76881738558117,349.17846918854707,10.787532904822617,50.0,3.071500074499621,30.0,25.991675942828426,210.0,11240.725561
660,110012.2553545,1,-0.9701965677284212,114.63929893764015,314.6973965828111,6.37189400657254,50.0,4.930709875506784,42.33268944107974,39.9296659654231,210.0,11257.450461999993
661,110030.478329,1,-0.9714771269697999,113.82913164918158,314.1797199185393,6.4338380686377254,50.0,4.687138446683212,45.991561055388715,44.03567304171439,210.0,11275.673436500001
662,110047.8305551,1,-0.7982545509071455,120.0,330.2735369273676,5.0,40.19822261243864,5.431328997815288,78.05754983251508,79.53133281468621,208.45978453626333,11293.02566259999
663,110064.9736107,1,-0.9716426688903215,114.12781279873053,313.8558260100001,6.465987994210154,50.0,4.713092077042038,42.80406990499483,43.97788067813982,209.99918625174269,11310.168718200002
664,110082.084052,1,-0.9709432993079764,118.40783639441233,313.993454059054,6.440596541545314,50.0,4.62733159501647,39.43075222651467,43.6942353502934,210.0,11327.279159500002
665,110099.4875738,1,-0.9719693689778698,114.49941653833748,312.8810639907195,6.470793115147343,50.0,4.642918453927765,40.05746396111127,44.642119782440346,210.0,11344.682681299993
666,110116.5906689,1,-0.9715995099835308,114.0387947394963,314.37519949515746,6.4703918262638815,49.999876554664176,4.795630032375746,42.5991363526783,44.784332836554476,210.0,11361.785776399993
667,110133.5570888,1,-0.9620707825601524,116.21298629097078,307.2474219213342,6.224485649997757,50.0,5.436395756106994,50.71134886806732,32.967067888851645,210.0,11378.752196299989
668,110150.2481278,1,-0.971693301917307,113.88805483385924,314.7071210112511,6.4605864580912975,50.0,4.666074297759625,42.50253896051967,43.6077062112809,210.0,11395.443235300001
669,110167.144674,1,-0.9710786245030438,114.11216113776743,314.1745153971038,6.465840491997747,49.9998238697002,4.653690277029565,50.78354275418182,44.04867819991046,210.0,11412.339781499992
670,110184.7472746,1,-0.9697091229289184,113.43198767262314,315.8634628659821,6.6223564899445755,50.0,4.650696754840092,44.06406611098514,42.48059140966034,210.0,11429.942382099995
671,110201.6449512,1,-0.9700809622664154,113.71838976090245,315.8249128229804,6.326793651527062,49.99969873928044,4.874504542751103,45.853241268895644,49.136351939458315,210.0,11446.840058699992
672,110217.7990546,1,0.9971715888788647,118.66662274075759,314.3284692790697,6.770165618390935,50.0,6.019465636015179,30.0,31.89360667500396,210.0,11462.994162099989
673,110234.7795193,1,-0.972076483755807,113.79914445511913,312.29849974777215,6.468708573636523,49.998606447301285,4.589535293195787,39.97838116927291,44.06017245839806,210.0,11479.974626800002
674,110251.1472198,1,0.9849845941844985,119.5984713723378,310.4957650135636,6.461240403796013,50.0,3.672984551653741,32.510874650577904,53.82894478801829,210.0,11496.342327299993
675,110267.3938647,1,-0.9701950223142419,116.42908961829987,308.73069383020925,6.352474231751755,50.0,4.866204399259306,43.94386527053166,45.46965113983714,210.0,11512.5889722
676,110284.6467338,1,-0.9687900394197275,114.76066632600494,327.5169436758182,6.614775495641545,50.0,4.5396620030169,41.17365524125097,43.92211575772392,210.0,11529.841841299989
677,110301.5712139,1,-0.9710763684446644,113.19197662342802,315.6395199451415,6.466515920891261,50.0,4.983346588600585,42.599906762484764,45.12601282143875,210.0,11546.766321399991
678,110318.4937655,1,-0.8168794644067997,120.0,341.70837009734447,5.0,50.0,9.429208422492326,78.10587212442991,61.1581712575114,210.0,11563.688872999992
679,110336.0263035,1,-0.8996880734749004,101.99582985661635,319.7237331663733,7.645918735026839,50.0,3.927840748410963,30.0,37.347270714499416,210.0,11581.221410999991
680,110352.9604754,1,-0.9717942300867402,113.1349789138896,314.1565453462606,6.484406554505123,50.0,4.507172489744714,41.553633520123,42.160640925376725,210.0,11598.155582899999
681,110370.4647137,1,-0.9721840107261518,113.64955228220376,312.9757152731196,6.469283075355414,49.99900046171794,4.49201472250395,38.94505776025731,44.01594441758519,210.0,11615.659821199995
682,110387.55474,1,-0.8005822593415912,120.0,326.5661314849106,5.0,42.327736980844755,5.453391788693614,72.24368092955922,90.0,207.9292202870372,11632.749847500003
683,110405.4253418,1,-0.9720859818798918,113.9232105429799,313.30183104279706,6.4853198740172076,49.999625709507,4.643492005696567,38.352100897270944,44.02771334153073,209.9997757688432,11650.620449299997
684,110422.237673,1,-0.9717681469353183,114.68318426178486,312.7485551354768,6.443618016876464,50.0,4.868221481594538,37.61347908802692,47.85459841816716,210.0,11667.432780499992
685,110439.663824,1,-0.9719861060700213,113.9598068064694,312.82812609379994,6.513393522713497,49.999240303929675,4.324596391504272,36.449671144465896,44.55500406269407,210.0,11684.858931499999
686,110456.6933247,1,-0.9720895364504266,113.94691531337628,313.13190440261815,6.484293649812576,49.99878488010245,4.64480770230493,38.88057924652787,44.558373605696254,210.0,11701.888432199994
687,110474.4304827,1,-0.9705575906836845,112.05331431631981,301.43283918436055,6.402920863525453,50.0,4.690396174786766,46.55300910143656,43.55383201553332,210.0,11719.625590199998
688,110491.3614382,1,-0.9718710466075856,113.75381544311844,314.50813292211353,6.432879306681856,50.0,4.689512139100419,39.49510694198045,43.663349282968916,210.0,11736.55654569999
689,110509.4381684,1,-0.9714227989144613,113.67409594373578,314.36372756838296,6.497457473191936,49.99869532206722,4.445122506558633,46.78126755230289,44.093543217175295,210.0,11754.633275899992
690,110526.4742618,1,-0.9722027670536757,114.57574672597644,313.8458983560324,6.453805100528684,50.0,4.538542133295645,37.143897789674895,44.867823849207966,210.0,11771.669369299998
691,110543.7559707,1,-0.9711783191409207,113.37140763444104,314.9814862665567,6.384472431784376,49.99896334191529,4.87109811100512,44.17023241069565,47.09239017111988,210.0,11788.9510782
692,110560.1073604,1,0.9977406940075263,120.0,314.54706136788707,6.4598908406380415,50.0,7.099062766268742,30.0,19.326405926668414,210.0,11805.302467899994
693,110575.885967,1,1.0002290095841566,86.81508803637206,238.12502472279104,12.155523316764368,50.0,2.5467949463925454,30.0,60.17028663324554,193.51442016022352,11821.08107449999
694,110592.1097164,1,0.9888195341366878,118.7864136804982,312.04158543172844,6.893732048150333,50.0,4.498231454727123,34.34607529242862,53.96338285295074,210.0,11837.30482389999
695,110608.6081388,1,-0.9707671409174716,114.6528447728021,307.8707731909002,6.324392985289068,49.99888403876528,4.77405788320621,39.7795506244931,47.065853741042595,210.0,11853.803246299998
696,110626.0529192,1,-0.9665322923047804,115.27960145667168,315.0098045162022,6.724155136311863,50.0,5.004371263739889,37.39835288313478,43.5230308374995,210.0,11871.248026699992
697,110642.9120784,1,-0.9700307223022093,115.5447581394013,313.5510704606663,6.599061870656735,50.0,4.878689884811299,41.34969173076769,47.147331276043765,210.0,11888.107185899993
698,110660.4652973,1,-0.8337617372824113,120.0,314.9378359970086,5.0,50.0,9.629388527085514,72.53012310112496,54.661417135180486,210.0,11905.6604048
699,110677.6245133,1,-0.941832436311242,120.0,298.9358110201247,5.8109501031465385,50.0,4.774414231896212,33.600892449875715,50.03903969636183,210.0,11922.8196208
700,110695.1022956,1,-0.9716814600911393,113.55126528322006,313.73674029203346,6.530914229896343,50.0,4.286391316223318,38.00335037676781,44.40619200922096,210.0,11940.29740309999
701,110712.1277603,1,-0.9724187690166912,114.05835212581556,312.744650665671,6.481177102210603,49.99886967552837,4.425150817202589,33.95022143738743,44.017720433870366,210.0,11957.322867800001
702,110729.2409739,1,-0.8270871535740387,120.0,315.06882733289444,5.0,44.604643474463444,4.683666966840498,39.75980462292178,90.0,208.90287116121212,11974.436081399996
703,110746.6130255,1,-0.9722941459781123,114.28801582358909,313.4605395110671,6.4888594904789825,49.99991910279215,4.552104008835969,35.85597713047825,44.80860543001507,210.0,11991.808132999999
704,110763.7902695,1,-0.9721034075711513,112.53699837708797,312.742793894937,6.454333084395836,50.0,4.868719088322336,36.31745245458916,48.54709699442628,210.0,12008.98537699999
705,110781.7862819,1,-0.9718960158920087,113.97240097874284,313.0656244997619,6.530288897667241,49.99924336817962,4.279367190336467,34.55558318243325,44.57390381590011,210.0,12026.981389399996
706,110799.0486655,1,-0.9723612247287918,114.43590504174992,312.52962345034666,6.475005623844214,49.99853841062098,4.5045746010032985,35.26222859612717,44.52155154413845,210.0,12044.243772999995
707,110817.0112362,1,-0.9703380864396615,110.6549679172091,301.8056870157172,6.534261512330549,50.0,4.164814421387978,39.81585568644323,50.01087374281012,210.0,12062.206343700003
708,110833.9131019,1,-0.9721107321154442,114.07771267614842,313.9290818961643,6.425285614955984,50.0,4.557100126943577,37.26788351046102,43.7594800079246,210.0,12079.108209400001
709,110851.878277,1,-0.9722353939427163,114.08852550545853,314.27385187848984,6.484773078753353,49.99836256643479,4.370267602578597,35.442136947826214,44.30638132554534,210.0,12097.073384499992
710,110867.7127907,1,0.9948650861277782,120.0,260.30048960796677,7.672212947138393,50.0,5.6612733326651785,30.0,86.479041099822,210.0,12112.907898199992
711,110885.6836105,1,-0.9718765199104986,114.30375985861335,313.51845595889034,6.483301141489626,49.99886565349083,4.673512100427051,41.181309247115436,45.140409250139456,209.99982986943039,12130.878717999993
712,110902.7724147,1,-0.9492724254539712,119.18964475212908,314.503749040139,6.287992382035346,50.0,7.3751647705740435,30.0,28.193502415746526,210.0,12147.967522199993
713,110918.5844865,1,0.99489039882109,96.32533294760601,244.94492200145856,12.350914965175129,50.0,1.5071257520148182,30.0,56.53123498324227,195.98715024938284,12163.779593999992
714,110935.6245836,1,-0.9670162517496588,116.72580830591244,313.2864148345628,6.704806430369208,50.0,4.957735198836936,35.82275144801527,53.849397161790364,210.0,12180.819691099998
715,110952.182603,1,-0.9721146109770761,113.6702504431872,310.07209151082435,6.385740033743758,49.99915535007672,4.64274752946405,36.3284094038365,46.396654038701406,210.0,12197.37771049999
716,110969.3363926,1,-0.9670531589527888,115.32010297834779,307.14592239586017,6.677067334776065,50.0,5.118569521111724,35.08551668947857,43.70107386949235,210.0,12214.531500099998
717,110986.0018658,1,-0.9712532851139134,115.98050392471886,312.61971756141446,6.553352541374822,50.0,4.546504843431649,40.0004308808937,47.22673131274774,210.0,12231.1969733
718,111003.4053018,1,-0.8489925882155458,120.0,299.36353598953787,5.164976364951701,50.0,9.62330000660161,40.56348122896985,46.745730738315,210.0,12248.600409299994
719,111020.5480688,1,-0.8900340717461463,120.0,299.52314897742383,5.221692084349154,50.0,5.168778085740462,35.716991051698955,55.11718823136626,210.0,12265.743176299991
720,111038.3312051,1,-0.9722163110612752,113.81095072282275,313.41695294377354,6.510872274386099,50.0,4.2905819326622305,33.258815391559565,45.45677954047877,209.9999445637839,12283.526312599992
721,111054.3428539,1,1.0081219397216499,120.0,333.387169899109,10.475093385811572,44.61660893174749,1.5704955223940233,30.0,26.378107146992104,210.0,12299.537961399998
722,111071.9387585,1,-0.9621926743416128,118.23629808538826,307.9681042253129,6.187502502667263,48.29666516942878,4.027491613486696,30.0,50.79172417881892,209.57082794668642,12317.13386599999
723,111088.9966938,1,-0.9723700848457675,114.42210484609933,312.8435515571504,6.4890595341830135,49.999751388980165,4.392719755942632,34.12844224387794,44.53083430397391,210.0,12334.191801299996
724,111106.6617048,1,-0.9726464008176247,112.19039696649324,312.74061958963324,6.471818590453038,50.0,4.559533241747251,33.27578330550065,44.591676351686935,210.0,12351.8568123
725,111123.6945456,1,-0.9723016564091038,114.03887552581475,313.06757697513945,6.50246182389722,49.999147696244066,4.345920018452175,33.357177312365366,44.05024759386539,210.0,12368.889653099992
726,111140.7569367,1,-0.9724809771160673,114.37558312814349,312.280721250573,6.47078268341705,49.99862529982387,4.395084901486374,32.61293328453671,44.302997396076975,210.0,12385.952044199992
727,111158.4777973,1,-0.9697014864973094,110.09315005892334,304.98098831423266,6.571904303186962,50.0,3.9221053720540033,33.457392281877404,47.74036949956231,210.0,12403.672904799998
728,111175.4071265,1,-0.9723576714063504,114.24513851090174,312.94804057864695,6.428928033145448,49.999988121391134,4.460110926320094,33.06016967434442,43.82775202225202,210.0,12420.60223399999
729,111192.8873284,1,-0.9725664763770681,114.3119105838805,313.30965376084896,6.475358657497743,49.998621038029555,4.361745770419185,30.0,44.19253498082058,209.9998779723101,12438.082435899996
730,111209.072559,1,0.9880798262833806,120.0,245.13474285334465,7.172705874239532,50.0,5.593228926941042,30.0,90.0,210.0,12454.267666499989
731,111226.8874557,1,-0.9716134439974836,114.69173139778758,312.57012992899166,6.535692944487285,49.9987068248875,4.345469623119882,36.77437075460469,43.29429202805448,209.9994299721971,12472.08256319999
732,111243.8952078,1,-0.9636750472601842,116.21607571587194,312.8555635280334,6.342320295698573,50.0,6.033490765056061,32.55608233477477,44.53630026505856,210.0,12489.090315299996
733,111260.670591,1,1.0013234333859733,105.40820544158024,311.6790363915923,8.299639977104574,50.0,1.7093712451766718,30.0,42.72054446222968,201.30995644953748,12505.865698499998
734,111277.0991829,1,-0.9704942893339858,114.75111709515525,313.59506530974386,6.394822144695598,50.0,5.148878133158294,36.38000572606299,45.920600234567964,210.0,12522.294290399994
735,111294.8674552,1,-0.9726153176148132,113.45829849370556,313.00677316278626,6.454483849945626,49.99913826100478,4.432090644585712,33.03691069219303,45.44583105291084,210.0,12540.062562699997
736,111311.5307516,1,-0.9691102186048551,114.25068538143549,303.1925331399261,6.585387844271953,50.0,4.999886404566388,33.202753617594055,44.025201892295506,210.0,12556.725859099999
737,111328.4387627,1,-0.9718162998693619,115.84194115130205,312.1320961500194,6.46099479385588,50.0,4.318604085177956,39.050021221520396,46.87326440025248,210.0,12573.633870199992
738,111345.9713923,1,-0.930630718694056,117.71354554879994,292.95450415857914,5.846897214758655,50.0,7.107176222611959,30.0,40.22184176898068,210.0,12591.16649979999
739,111362.7959741,1,-0.8777207239223928,120.0,304.57126415946146,5.095335965228774,50.0,5.076736293404793,35.28913253404316,48.838616699151565,210.0,12607.99108159999
740,111380.2141659,1,-0.9727314997696507,113.17163626636102,312.9915522726137,6.477191666258944,50.0,4.379713144697945,30.659541649378596,45.60188483865553,209.999818646115,12625.4092734
741,111396.2953644,1,1.0105590729809153,120.0,330.2660546394781,9.851701228839818,46.76721410821857,1.7792388829806751,30.0,19.163370182972212,210.0,12641.49047189999
742,111412.7080101,1,0.9975112291771715,114.56503076613687,304.17397113081716,7.000569074478013,50.0,4.165360350076056,30.0,27.02825207850413,210.0,12657.903117599999
743,111429.3411453,1,-0.9725289753948663,113.85846331375004,312.43336364715765,6.484443781730979,49.999983389760985,4.382962138138962,32.53005294237012,44.400811100984,210.0,12674.536252799997
744,111446.9414438,1,-0.8241057312324581,89.04186719038417,336.81159272810646,5.0,50.0,5.5741304516534695,38.41190308833346,47.39878735529638,182.36377906516825,12692.136551299991
745,111463.7614272,1,-0.972513643060548,114.03920318188025,312.7823020136086,6.479533104768674,49.999829759182106,4.4560607294515915,32.63651931594515,43.76899073095446,210.0,12708.956534700003
746,111481.2461526,1,-0.9726249876219102,113.972887826628,312.5628753754726,6.4690098561829235,49.999656742923804,4.477048793678646,31.69154931609974,44.235142720338196,210.0,12726.441260099993
747,111498.4427982,1,-0.9716138929333142,110.24431859565294,307.46869026436025,6.563680367896636,50.0,4.25817613268735,30.0,43.49098953415171,210.0,12743.637905700001
748,111515.5986519,1,-0.9729575872744185,113.12981274926734,312.2656592431267,6.431699440187504,49.999979293359814,4.489912967519912,30.88200541548325,44.08709951722307,210.0,12760.793759399996
749,111533.180134,1,-0.972683921784806,114.23984063968504,312.27168942918934,6.469785121475172,49.99934541386253,4.457028917220793,30.0,44.42025564409445,210.0,12778.37524149999
750,111548.908174,1,0.9875126778238347,120.0,258.28209417184496,6.594784105804038,50.0,5.080867298939207,30.0,90.0,210.0,12794.103281499993
751,111566.5622972,1,-0.9717640162335464,113.68901164317685,312.0907059307382,6.563340294771882,49.9991292060831,4.3386646573164835,31.58459003967414,42.84496167414939,209.99963162150647,12811.757404699994
752,111583.4257918,1,-0.9720592443759856,112.5550920030781,311.8526180043949,6.376702275593256,50.0,4.269070879550673,33.97758384725009,53.538788479888545,210.0,12828.62089929999
753,111600.1849313,1,0.9856158491296508,113.6404419056673,348.54693846850216,5.917270302742652,50.0,1.8341491353176371,30.0,36.23158645311558,206.11440645154084,12845.380038799995
754,111616.9613003,1,-0.9679595657999251,111.31427529823827,313.0694139747537,6.2872506167990565,50.0,5.192234922662386,36.41802130472543,40.574953519545666,210.0,12862.156407799994
755,111635.0813423,1,-0.9725695739040592,112.77818753908532,314.41125477852063,6.504836145526276,49.99973680418263,4.412627940737272,31.437168160125722,44.432205663374326,210.0,12880.276449800003
756,111652.2571115,1,-0.9717608513074648,113.5900721846767,303.4243672748165,6.422445803762863,50.0,4.644847285832108,32.219651482365464,44.25645692979306,210.0,12897.452218999999
757,111670.1705622,1,-0.9718069993575237,115.6797636082696,311.9358678302769,6.413367734494439,50.0,4.2270966619730075,33.132158541982164,45.44728112300899,210.0,12915.365669699997
758,111686.4046546,1,0.9923730320241301,116.24201982519924,296.27419622842666,6.81086250793644,50.0,5.021890325144042,30.0,37.44120792426735,210.0,12931.599762099999
759,111703.8682782,1,-0.9111608423642894,113.28293800177039,311.82453338017945,5.433713561375956,50.0,4.915486040629556,34.03845628991428,42.02548372408724,210.0,12949.063385699992
760,111721.5266577,1,-0.9728090056300726,112.81644774817528,312.1476980031545,6.450972801641686,50.0,4.486250771443107,30.0,44.90531002995301,209.99981636971611,12966.721765199996
761,111737.9264089,1,0.9908789723049611,120.0,321.5409187066096,6.3364375456378825,50.0,2.2877101063480807,30.0,18.32593563781136,210.0,12983.121516400002
762,111755.5340357,1,-0.9463775336509281,111.86477984280532,309.1224010546596,7.042133605258271,50.0,4.440132121156047,30.0,22.175818250849815,210.0,13000.729143199991
763,111772.560675,1,-0.9726761121624112,113.29430991135995,312.1288104622855,6.478349373769245,50.0,4.408071138862659,31.168784705959794,44.25049372060761,210.0,13017.755782499997
764,111790.4689712,1,-0.8273887299974781,89.11381310854989,331.2712319667098,5.0,50.0,5.307016831664721,34.682328873839424,47.206252129160305,169.65229368209285,13035.664078699992
765,111807.7783977,1,-0.9726230560218663,113.83705913836113,312.5681018850216,6.466029695362566,50.0,4.521752288722336,31.633235013196625,43.92957868120531,210.0,13052.973505200003
766,111825.5606242,1,-0.9727064393952356,113.43443946809812,312.4349712427263,6.452566650468787,50.0,4.525821566385587,30.79255786221374,44.19333183112039,210.0,13070.755731700003
767,111842.4002969,1,-0.9722301035219294,111.15279776299813,311.49623458584125,6.5378167593555885,50.0,4.657608574588979,30.0,41.685184949612335,210.0,13087.595404399995
768,111858.9135661,1,1.0044077036775219,120.0,278.80088483999805,12.618226399146877,37.23325396470082,7.546542373399454,30.0,47.433429855878366,199.90611106331426,13104.1086736
769,111876.0807809,1,-0.9727935964154772,113.09180827385399,311.69897279479454,6.466616044078434,50.0,4.529561251621669,30.0,44.34274236857362,210.0,13121.275888399992
770,111892.2058754,1,0.9842815439652495,118.71614237727628,295.16483465171035,6.2743887964509595,50.0,4.2374104611776655,30.0,48.2813550329523,210.0,13137.400982899999
771,111909.5548487,1,-0.9727133887910304,112.95062020664928,311.90471995091673,6.494300477359028,50.0,4.430265181832386,30.0,43.025981149358564,209.99967245449247,13154.749956200001
772,111926.7653329,1,-0.966713911289788,110.92183205807524,311.58137226991994,6.40783133728263,50.0,3.4836464011047923,34.75139538073812,57.518708035783064,210.0,13171.960440399998
773,111943.5761139,1,0.9743777889401902,117.66201246108415,360.0,5.0,50.0,2.2435621369252225,30.0,33.14495920711095,208.9679732934521,13188.771221399991
774,111960.5013812,1,-0.9688442631179341,110.6246748061719,312.6591015242068,6.265620888643637,50.0,4.843832605563551,31.50559020914376,41.11602146592981,210.0,13205.696488699992
775,111978.2487328,1,-0.9726922654041724,112.6208380543992,313.37783836505696,6.488354335689704,50.0,4.403188067756574,30.1175902798623,43.73614939541014,210.0,13223.443840299995
776,111995.5653474,1,-0.971436632617526,112.77402344318764,304.645428305144,6.332943038026202,50.0,4.339536139068786,30.435789773804643,44.23515527866435,210.0,13240.760454899995
777,112013.1175697,1,-0.9720632367059565,114.68405288027544,312.0770967576121,6.397071753862214,50.0,4.291452788297146,30.0,43.53953139321911,210.0,13258.312677199996
778,112030.2893537,1,-0.9479901836858146,115.04692740328773,308.33314477377803,6.965001297530195,50.0,3.5798024429879467,30.0,37.208111676714765,210.0,13275.484461200002
779,112048.0069036,1,-0.967639365585696,109.58413317973115,315.9966323960688,6.237590990232481,50.0,4.49688583871429,30.93834224013679,39.606003974601606,210.0,13293.202011100002
780,112064.7962349,1,-0.9726860490878562,112.87666461560673,311.7056623013034,6.421092000866761,50.0,4.544953095655855,30.0,44.472993187330985,209.9999600044464,13309.991342399997
781,112082.3267322,1,-0.8607193136916124,120.0,314.59016579270144,5.0,50.0,4.129894923216529,30.0,22.773720926685343,210.0,13327.521839699999
782,112099.3508931,1,-0.9581204784593028,110.3802584082235,312.57417723884475,6.904930429494406,50.0,4.616658934878177,30.0,30.99847000484425,210.0,13344.546000599992
783,112116.1933603,1,-0.9727734520458422,112.87008564862336,312.018710593264,6.45568118414556,50.0,4.446203650615347,30.254304078602033,44.12461854461883,210.0,13361.388467800003
784,112133.4747318,1,-0.9195530214114331,99.75742256665086,316.42929015342906,5.611214123204674,50.0,4.75993847431114,31.32432442730908,44.26495608215969,197.94214004754042,13378.669839299997
785,112150.6079657,1,-0.9729618042754082,113.25485523215227,312.23539057020935,6.4411598828568115,50.0,4.557359940291099,30.741484134686957,44.03074883081999,210.0,13395.80307319999
786,112167.7118014,1,-0.9726658564848878,112.93159056965513,312.22437175136656,6.425520563164309,50.0,4.551017457730934,30.380903964396538,44.11145124959772,210.0,13412.906908899997
787,112184.5152489,1,-0.9724324900070537,113.40302968212053,314.21533742262386,6.486566574384999,50.0,4.7185849140201075,30.127183225120476,42.64158680581683,210.0,13429.710356399999
788,112201.1235076,1,1.0345212845030127,120.0,348.9211825136361,14.446089337964318,50.0,4.778463782276289,46.06315988637243,84.60929030303717,210.0,13446.318615099997
789,112218.1051963,1,-0.9727357346657718,112.48798231564612,311.5364357684529,6.435465344446992,50.0,4.558699383199974,30.73025589639026,44.20309968802934,209.9999090175048,13463.300303800002
790,112235.9804078,1,-0.9619222761679117,114.31763141528661,317.65259044228264,6.226283435611245,50.0,4.00031285285419,30.0,21.39981549481703,210.0,13481.175515299998
791,112252.4297077,1,-0.9727709120613908,112.60842759542487,312.0451308359984,6.436169062509312,50.0,4.523237501385326,30.0,43.59132835053486,209.9996402039743,13497.62481519999
792,112270.2152897,1,-0.9706527114769926,111.08491717902538,312.059869031679,6.432552802050114,50.0,3.9266012609728342,35.117263819240804,57.894407442500615,210.0,13515.410397200001
793,112287.5719124,1,-0.90215921865657,119.21463636054764,351.8065496198722,5.624623843641629,50.0,4.551980807588887,30.0,32.55251637844231,210.0,13532.767019899999
794,112304.7254594,1,-0.9725959699699717,111.01961274681781,312.2114772839957,6.409297778040021,50.0,4.426437269083275,30.0,43.31906810732075,210.0,13549.920566899993
795,112322.1295676,1,-0.9727660018371621,112.68689715214884,312.67564668667256,6.444438037131282,50.0,4.444416114607847,30.0,43.47225382991768,210.0,13567.324675099997
796,112338.8971352,1,-0.9716698790154163,112.38615014608145,306.4071561436351,6.3543887895702,50.0,4.18344198089312,30.0,44.20801337943377,210.0,13584.09224269999
797,112356.4530741,1,-0.9723770593325495,113.37136038776794,312.2739579209095,6.402055070716339,50.0,4.398555077760901,30.0,42.76325854002811,210.0,13601.648181600001
798,112372.7323148,1,-0.9577661369002168,114.27057451118418,316.60601601213466,6.713371336852247,50.0,3.2115143300188853,30.0,40.88185269375997,210.0,13617.927422299996
799,112390.3563499,1,-0.9666782359854644,109.66445136626632,316.149804012421,6.75261945229351,50.0,4.261411063123077,30.0,41.625982556895,210.0,13635.551457399997
800,112407.3892767,1,-0.9726138463118309,113.11761845878368,311.76656241446824,6.417591510436153,50.0,4.584926944229697,30.357688197872676,43.956253440872764,210.0,13652.584384200003
801,112424.9319393,1,-0.8903071379295647,117.28526759968162,310.532846220638,5.26885453181374,50.0,5.405516037820366,30.0,34.35470592200876,210.0,13670.1270468
802,112441.9591111,1,-0.9719630814836687,111.37332465879649,314.15012211491313,6.426422474107285,50.0,4.671721673714569,30.0,38.11430566735055,210.0,13687.1542186
803,112459.5870729,1,-0.9727533703123659,112.69490121499561,312.08924673207207,6.437365405394149,50.0,4.477101316592705,30.0,44.04527977657173,210.0,13704.782180399998
804,112476.2900794,1,-0.9703479296013435,115.03442194578597,304.2449981795511,6.3034718549971505,50.0,4.4125133675754755,30.0,42.52119620983809,210.0,13721.485186899998
805,112493.9015816,1,-0.478407201363332,62.95125895699121,292.62388622283754,12.896108768968325,42.162716507081726,5.059415038849561,52.69756860726633,80.39796009366913,188.85086622474734,13739.096689099999
806,112511.1702985,1,-0.9726775766285743,112.7096270515825,312.11365145638126,6.4245682454301445,50.0,4.56932754046307,30.32128512137227,44.0143280545914,210.0,13756.365405999997
807,112529.276045,1,-0.9723696404057923,114.53245881457784,314.64118813560145,6.443369540421319,50.0,4.665019904414745,30.615730489252456,44.3062396386038,210.0,13774.471152500002
808,112546.3717655,1,1.0329364493627178,120.0,360.0,13.599710786281788,50.0,3.169230199101049,46.5085641147986,90.0,210.0,13791.566872999989
809,112563.6194039,1,-0.9726780511371604,112.2708532518288,311.6657572096664,6.420706204463572,50.0,4.5744879975077115,31.13865413509062,44.0381410719745,209.99981908265673,13808.814511399993
810,112581.2362913,1,-0.9601093810352258,111.31159569131955,324.61006149111734,6.271435476426721,50.0,4.359020224052859,30.039647746782506,15.998091589594697,210.0,13826.431398799992
811,112598.1978696,1,-0.9725481795249055,112.91719099824637,312.21686825191273,6.4049119901290075,50.0,4.590953890449761,30.0,43.968130862239185,209.99992530899192,13843.392977099997
812,112615.6543919,1,-0.9727834136386578,112.85752846328529,312.39128899010296,6.446829036225261,50.0,4.552380943193176,31.24136358449816,51.99548006597926,210.0,13860.849499399992
813,112632.8349883,1,-0.9596833067673858,117.15581578606398,337.88605361212797,6.673421727932176,50.0,5.823516821688008,30.0,40.426862526953975,210.0,13878.0300958
814,112650.3143332,1,-0.9724158651293713,113.22140617957827,311.98811191072514,6.518203443271058,50.0,4.290078968920279,30.0,45.03341828938173,210.0,13895.5094407
815,112667.9834345,1,-0.9726048434794934,113.19205253861449,311.9355173339424,6.418871984291135,50.0,4.503596624526187,30.04307328941553,43.55196768886546,210.0,13913.178541999994
816,112685.6005216,1,-0.9720426199758168,112.43864386335738,312.05026944437736,6.3755401241029,50.0,4.135104274329958,30.0,44.13988932311273,210.0,13930.795629100001
817,112702.5977284,1,-0.9725034589911484,112.60509997175683,312.35417440944514,6.409101638921387,50.0,4.541891986004475,30.031166483442902,42.60602735923874,210.0,13947.792835899992
818,112720.2372734,1,-0.9707585538205948,112.88970978265527,319.71320381871175,6.448994492500428,50.0,4.016488826252811,30.0,43.09037819836016,210.0,13965.43238089999
819,112737.8041823,1,-0.9539371636898426,111.39161155057397,312.7687548485207,6.984912454210235,50.0,4.234997010708998,30.0,43.16051027653016,210.0,13982.999289799991
820,112755.6028815,1,-0.9729618042754082,113.25485523215227,312.23539057020935,6.4411598828568115,50.0,4.557359940291099,30.741484134686957,44.03074883081999,210.0,14000.797988999999
